Station_argument: ALL
lambda: 0.9
bUseWeatherPrediction: true
bTransitionLimited: true
cAlgorithm: f
Station: KATL
abc: The current path is /home/guy/retractable-wind
I have found the property file.
The training windspeed filename is /trainingKATL2004-2012in.csv
The testing windspeed filename is /testingKATL2013-2014in.csv
Yes, the station is KATL
Warning: The bAlsoUsePrediction no longer has any effect
iUsedAllItsAllocatedVisibilityMinutesPerMonth: 8760
Visibility Allocation Minutes:8760
HARVESTER_SIZE_SQM is 6362
Reading file
Success: /Wind turbine power curves - wind turbine power output against wind speed in knots.csv found.
Speed (Knots) = Speed(knots) vs power (kW) , Power (kW) =V90
Speed (Knots) = 0 , Power (kW) =0
Speed (Knots) = 1 , Power (kW) =0
Speed (Knots) = 2 , Power (kW) =0
Speed (Knots) = 3 , Power (kW) =0
Speed (Knots) = 4 , Power (kW) =0
Speed (Knots) = 5 , Power (kW) =0
Speed (Knots) = 6 , Power (kW) =0
Speed (Knots) = 7 , Power (kW) =38
Speed (Knots) = 8 , Power (kW) =87
Speed (Knots) = 9 , Power (kW) =141
Speed (Knots) = 10 , Power (kW) =207
Speed (Knots) = 11 , Power (kW) =286
Speed (Knots) = 12 , Power (kW) =382
Speed (Knots) = 13 , Power (kW) =496
Speed (Knots) = 14 , Power (kW) =628
Speed (Knots) = 15 , Power (kW) =781
Speed (Knots) = 16 , Power (kW) =957
Speed (Knots) = 17 , Power (kW) =1153
Speed (Knots) = 18 , Power (kW) =1366
Speed (Knots) = 19 , Power (kW) =1589
Speed (Knots) = 20 , Power (kW) =1814
Speed (Knots) = 21 , Power (kW) =2035
Speed (Knots) = 22 , Power (kW) =2250
Speed (Knots) = 23 , Power (kW) =2452
Speed (Knots) = 24 , Power (kW) =2634
Speed (Knots) = 25 , Power (kW) =2784
Speed (Knots) = 26 , Power (kW) =2888
Speed (Knots) = 27 , Power (kW) =2949
Speed (Knots) = 28 , Power (kW) =2980
Speed (Knots) = 29 , Power (kW) =2993
Speed (Knots) = 30 , Power (kW) =3000
Speed (Knots) = 31 , Power (kW) =3000
Speed (Knots) = 32 , Power (kW) =3000
Speed (Knots) = 33 , Power (kW) =3000
Speed (Knots) = 34 , Power (kW) =3000
Speed (Knots) = 35 , Power (kW) =3000
Speed (Knots) = 36 , Power (kW) =3000
Speed (Knots) = 37 , Power (kW) =3000
Speed (Knots) = 38 , Power (kW) =3000
Speed (Knots) = 39 , Power (kW) =3000
Speed (Knots) = 40 , Power (kW) =3000
Speed (Knots) = 41 , Power (kW) =3000
Speed (Knots) = 42 , Power (kW) =3000
Speed (Knots) = 43 , Power (kW) =3000
Speed (Knots) = 44 , Power (kW) =3000
Speed (Knots) = 45 , Power (kW) =3000
Speed (Knots) = 46 , Power (kW) =3000
Speed (Knots) = 47 , Power (kW) =3000
Speed (Knots) = 48 , Power (kW) =3000
Speed (Knots) = 49 , Power (kW) =0
Speed (Knots) = 50 , Power (kW) =0
Speed (Knots) = 51 , Power (kW) =0
Speed (Knots) = 52 , Power (kW) =0
Speed (Knots) = 53 , Power (kW) =0
Speed (Knots) = 54 , Power (kW) =0
Speed (Knots) = 55 , Power (kW) =0
Speed (Knots) = 56 , Power (kW) =0
Speed (Knots) = 57 , Power (kW) =0
Speed (Knots) = 58 , Power (kW) =0
Speed (Knots) = 59 , Power (kW) =0
Speed (Knots) = 60 , Power (kW) =0
The scale is 1.0
Wind power at 10 knots in kilowatts is 207.0
Wind power in-cut-out test 0.0
Fuzzy
Class name:edu.pitt.cs.people.guy.wind.benchmarks.Fuzzy5
Success: /Noise_Allowed_Time_Definitions_All_Stations.csv found.
The station is the record is KATL
Success: /Noise_Allowed_Time_Definitions_All_Stations.csv found.
The station is the record is KATL
I have found the membership file for NOT WINDY.
Windspeed (knots) [0,1), Membership Value =1.00000000,1.0
Windspeed (knots) [1,2), Membership Value =0.99995286,0.99995285
Windspeed (knots) [2,3), Membership Value =0.99918496,0.99918497
Windspeed (knots) [3,4), Membership Value =0.99526788,0.99526787
Windspeed (knots) [4,5), Membership Value =0.98383125,0.9838312
Windspeed (knots) [5,6), Membership Value =0.95856363,0.9585636
Windspeed (knots) [6,7), Membership Value =0.91443277,0.91443276
Windspeed (knots) [7,8), Membership Value =0.85177112,0.8517711
Windspeed (knots) [8,9), Membership Value =0.77242385,0.77242386
Windspeed (knots) [9,10), Membership Value =0.68323756,0.68323755
Windspeed (knots) [10,11), Membership Value =0.58520864,0.58520865
Windspeed (knots) [11,12), Membership Value =0.48424525,0.48424524
Windspeed (knots) [12,13), Membership Value =0.38309361,0.3830936
Windspeed (knots) [13,14), Membership Value =0.28631783,0.28631783
Windspeed (knots) [14,15), Membership Value =0.19460303,0.19460303
Windspeed (knots) [15,16), Membership Value =0.11077827,0.11077827
Windspeed (knots) [16,17), Membership Value =0.03581045,0.03581045
Windspeed (knots) [17,18), Membership Value =0.00000000,0.0
Windspeed (knots) [18,19), Membership Value =0.00000000,0.0
Windspeed (knots) [19,20), Membership Value =0.00000000,0.0
Windspeed (knots) [20,21), Membership Value =0.00000000,0.0
Windspeed (knots) [21,22), Membership Value =0.00000000,0.0
Windspeed (knots) [22,23), Membership Value =0.00000000,0.0
Windspeed (knots) [23,24), Membership Value =0.00000000,0.0
Windspeed (knots) [24,25), Membership Value =0.00000000,0.0
Windspeed (knots) [25,26), Membership Value =0.00000000,0.0
Windspeed (knots) [26,27), Membership Value =0.00000000,0.0
Windspeed (knots) [27,28), Membership Value =0.00000000,0.0
Windspeed (knots) [28,29), Membership Value =0.00000000,0.0
Windspeed (knots) [29,30), Membership Value =0.00000000,0.0
Windspeed (knots) [30,31), Membership Value =0.00000000,0.0
Windspeed (knots) [31,32), Membership Value =0.00000000,0.0
Windspeed (knots) [32,33), Membership Value =0.00000000,0.0
Windspeed (knots) [33,34), Membership Value =0.00000000,0.0
Windspeed (knots) [34,35), Membership Value =0.00000000,0.0
Windspeed (knots) [35,36), Membership Value =0.00000000,0.0
Windspeed (knots) [36,37), Membership Value =0.00000000,0.0
Windspeed (knots) [37,38), Membership Value =0.00000000,0.0
Windspeed (knots) [38,39), Membership Value =0.00000000,0.0
Windspeed (knots) [39,40), Membership Value =0.00000000,0.0
Windspeed (knots) [40,41), Membership Value =0.00000000,0.0
Windspeed (knots) [41,42), Membership Value =0.00000000,0.0
Windspeed (knots) [42,43), Membership Value =0.00000000,0.0
Windspeed (knots) [43,44), Membership Value =0.00000000,0.0
Windspeed (knots) [44,45), Membership Value =0.00000000,0.0
Windspeed (knots) [45,46), Membership Value =0.00000000,0.0
Windspeed (knots) [46,47), Membership Value =0.00000000,0.0
Windspeed (knots) [47,48), Membership Value =0.00000000,0.0
Windspeed (knots) [48,49), Membership Value =0.00000000,0.0
Windspeed (knots) [49,50), Membership Value =0.00000000,0.0
Windspeed (knots) [50,51), Membership Value =0.00000000,0.0
Windspeed (knots) [51,52), Membership Value =0.00000000,0.0
Windspeed (knots) [52,53), Membership Value =0.00000000,0.0
Windspeed (knots) [53,54), Membership Value =0.00000000,0.0
Windspeed (knots) [54,55), Membership Value =0.00000000,0.0
Windspeed (knots) [55,56), Membership Value =0.00000000,0.0
Windspeed (knots) [56,57), Membership Value =0.00000000,0.0
Windspeed (knots) [57,58), Membership Value =0.00000000,0.0
Windspeed (knots) [58,59), Membership Value =0.00000000,0.0
Windspeed (knots) [59,60), Membership Value =0.00000000,0.0
Windspeed (knots) [60,61), Membership Value =0.00000000,0.0
Windspeed (knots) [61,62), Membership Value =0.00000000,0.0
Windspeed (knots) [62,63), Membership Value =0.00000000,0.0
Windspeed (knots) [63,64), Membership Value =0.00000000,0.0
Windspeed (knots) [64,65), Membership Value =0.00000000,0.0
Windspeed (knots) [65,66), Membership Value =0.00000000,0.0
Windspeed (knots) [66,67), Membership Value =0.00000000,0.0
Windspeed (knots) [67,68), Membership Value =0.00000000,0.0
Windspeed (knots) [68,69), Membership Value =0.00000000,0.0
Windspeed (knots) [69,70), Membership Value =0.00000000,0.0
Windspeed (knots) [70,71), Membership Value =0.00000000,0.0
Windspeed (knots) [71,72), Membership Value =0.00000000,0.0
Windspeed (knots) [72,73), Membership Value =0.00000000,0.0
Windspeed (knots) [73,74), Membership Value =0.00000000,0.0
Windspeed (knots) [74,75), Membership Value =0.00000000,0.0
Windspeed (knots) [75,76), Membership Value =0.00000000,0.0
Windspeed (knots) [76,77), Membership Value =0.00000000,0.0
Windspeed (knots) [77,78), Membership Value =0.00000000,0.0
Windspeed (knots) [78,79), Membership Value =0.00000000,0.0
Windspeed (knots) [79,80), Membership Value =0.00000000,0.0
Windspeed (knots) [80,81), Membership Value =0.00000000,0.0
Windspeed (knots) [81,82), Membership Value =0.00000000,0.0
Windspeed (knots) [82,83), Membership Value =0.00000000,0.0
Windspeed (knots) [83,84), Membership Value =0.00000000,0.0
Windspeed (knots) [84,85), Membership Value =0.00000000,0.0
Windspeed (knots) [85,86), Membership Value =0.00000000,0.0
Windspeed (knots) [86,87), Membership Value =0.00000000,0.0
Windspeed (knots) [87,88), Membership Value =0.00000000,0.0
Windspeed (knots) [88,89), Membership Value =0.00000000,0.0
Windspeed (knots) [89,90), Membership Value =0.00000000,0.0
Windspeed (knots) [90,91), Membership Value =0.00000000,0.0
Windspeed (knots) [91,92), Membership Value =0.00000000,0.0
Windspeed (knots) [92,93), Membership Value =0.00000000,0.0
Windspeed (knots) [93,94), Membership Value =0.00000000,0.0
Windspeed (knots) [94,95), Membership Value =0.00000000,0.0
Windspeed (knots) [95,96), Membership Value =0.00000000,0.0
Windspeed (knots) [96,97), Membership Value =0.00000000,0.0
Windspeed (knots) [97,98), Membership Value =0.00000000,0.0
Windspeed (knots) [98,99), Membership Value =0.00000000,0.0
Windspeed (knots) [99,100), Membership Value =0.00000000,0.0
Windspeed (knots) [100,101), Membership Value =0.00000000,0.0
Windspeed (knots) [101,102), Membership Value =0.00000000,0.0
Windspeed (knots) [102,103), Membership Value =0.00000000,0.0
Windspeed (knots) [103,104), Membership Value =0.00000000,0.0
Windspeed (knots) [104,105), Membership Value =0.00000000,0.0
Windspeed (knots) [105,106), Membership Value =0.00000000,0.0
Windspeed (knots) [106,107), Membership Value =0.00000000,0.0
Windspeed (knots) [107,108), Membership Value =0.00000000,0.0
Windspeed (knots) [108,109), Membership Value =0.00000000,0.0
Windspeed (knots) [109,110), Membership Value =0.00000000,0.0
Windspeed (knots) [110,111), Membership Value =0.00000000,0.0
Windspeed (knots) [111,112), Membership Value =0.00000000,0.0
Windspeed (knots) [112,113), Membership Value =0.00000000,0.0
Windspeed (knots) [113,114), Membership Value =0.00000000,0.0
Windspeed (knots) [114,115), Membership Value =0.00000000,0.0
Windspeed (knots) [115,116), Membership Value =0.00000000,0.0
Windspeed (knots) [116,117), Membership Value =0.00000000,0.0
Windspeed (knots) [117,118), Membership Value =0.00000000,0.0
Windspeed (knots) [118,119), Membership Value =0.00000000,0.0
Windspeed (knots) [119,120), Membership Value =0.00000000,0.0
Windspeed (knots) [120,121), Membership Value =0.00000000,0.0
Windspeed (knots) [121,122), Membership Value =0.00000000,0.0
Windspeed (knots) [122,123), Membership Value =0.00000000,0.0
Windspeed (knots) [123,124), Membership Value =0.00000000,0.0
Windspeed (knots) [124,125), Membership Value =0.00000000,0.0
LowestWindspeedThatIsWindyKnots for station KATL is 7 knots.
Transition limited :true
bUseWeatherPrediction: true
The running average is 1
The membership_value_deployment_threshold is 0.5
Energy harvested: 2577553.014999939
iGeneratingEnergyWhenGridNeedsEnergyMinutes =496156
iGeneratingEnergyWhenGridNeedsEnergyMinutes =496156
iUsingEnergyWhenGridNeedsEnergyMinutes =1909
iGeneratingEnergyWhenGridHasExcessEnergyMinutes = 4550
iUsingEnergyWhenGridHasExcessEnergyMinutes = 43
iIdleWhenGridDoesNotNeedEnergyMinutes = 41487
iIdleWhenGridNeedsEnergyMinutes = 4189003
iEnergyPriceIsZeroMinutes = 240
harvester.getEnergyHarvestedAVAILABLEKilowattHours( ): 1.1081643733333332E7
harvester.getEnergyHarvestedKilowattHours(): 2577553.014999939
The running average is 31
The membership_value_deployment_threshold is 0.5
Energy harvested: 2990511.709444335
iGeneratingEnergyWhenGridNeedsEnergyMinutes =524060
iGeneratingEnergyWhenGridNeedsEnergyMinutes =524060
iUsingEnergyWhenGridNeedsEnergyMinutes =1722
iGeneratingEnergyWhenGridHasExcessEnergyMinutes = 3216
iUsingEnergyWhenGridHasExcessEnergyMinutes = 18
iIdleWhenGridDoesNotNeedEnergyMinutes = 42846
iIdleWhenGridNeedsEnergyMinutes = 4161286
iEnergyPriceIsZeroMinutes = 240
harvester.getEnergyHarvestedAVAILABLEKilowattHours( ): 1.1081643733333332E7
harvester.getEnergyHarvestedKilowattHours(): 2990511.709444335
The running average is 61
The membership_value_deployment_threshold is 0.5
Energy harvested: 3018033.9016665528
iGeneratingEnergyWhenGridNeedsEnergyMinutes =520023
iGeneratingEnergyWhenGridNeedsEnergyMinutes =520023
iUsingEnergyWhenGridNeedsEnergyMinutes =1695
iGeneratingEnergyWhenGridHasExcessEnergyMinutes = 3530
iUsingEnergyWhenGridHasExcessEnergyMinutes = 14
iIdleWhenGridDoesNotNeedEnergyMinutes = 42536
iIdleWhenGridNeedsEnergyMinutes = 4165350
iEnergyPriceIsZeroMinutes = 240
harvester.getEnergyHarvestedAVAILABLEKilowattHours( ): 1.1081643733333332E7
harvester.getEnergyHarvestedKilowattHours(): 3018033.9016665528
The running average is 91
The membership_value_deployment_threshold is 0.5
Energy harvested: 3031353.708055434
iGeneratingEnergyWhenGridNeedsEnergyMinutes =518999
iGeneratingEnergyWhenGridNeedsEnergyMinutes =518999
iUsingEnergyWhenGridNeedsEnergyMinutes =1754
iGeneratingEnergyWhenGridHasExcessEnergyMinutes = 3792
iUsingEnergyWhenGridHasExcessEnergyMinutes = 0
iIdleWhenGridDoesNotNeedEnergyMinutes = 42288
iIdleWhenGridNeedsEnergyMinutes = 4166315
iEnergyPriceIsZeroMinutes = 240
harvester.getEnergyHarvestedAVAILABLEKilowattHours( ): 1.1081643733333332E7
harvester.getEnergyHarvestedKilowattHours(): 3031353.708055434
The running average is 121
The membership_value_deployment_threshold is 0.5
Energy harvested: 3010635.191944333
iGeneratingEnergyWhenGridNeedsEnergyMinutes =511181
iGeneratingEnergyWhenGridNeedsEnergyMinutes =511181
iUsingEnergyWhenGridNeedsEnergyMinutes =1637
iGeneratingEnergyWhenGridHasExcessEnergyMinutes = 3669
iUsingEnergyWhenGridHasExcessEnergyMinutes = 0
iIdleWhenGridDoesNotNeedEnergyMinutes = 42411
iIdleWhenGridNeedsEnergyMinutes = 4174250
iEnergyPriceIsZeroMinutes = 240
harvester.getEnergyHarvestedAVAILABLEKilowattHours( ): 1.1081643733333332E7
harvester.getEnergyHarvestedKilowattHours(): 3010635.191944333
Beginning testing mode:
station,&,deployment_membership_value_threshold_array_for_month_1,&,running_average_size_minutes_for_month_1,&,deployment_membership_value_threshold_array_for_month_2,&,running_average_size_minutes_for_month_2,&,deployment_membership_value_threshold_array_for_month_3,&,running_average_size_minutes_for_month_3,&,deployment_membership_value_threshold_array_for_month_4,&,running_average_size_minutes_for_month_4,&,deployment_membership_value_threshold_array_for_month_5,&,running_average_size_minutes_for_month_5,&,deployment_membership_value_threshold_array_for_month_6,&,running_average_size_minutes_for_month_6,&,deployment_membership_value_threshold_array_for_month_7,&,running_average_size_minutes_for_month_7,&,deployment_membership_value_threshold_array_for_month_8,&,running_average_size_minutes_for_month_8,&,deployment_membership_value_threshold_array_for_month_9,&,running_average_size_minutes_for_month_9,&,deployment_membership_value_threshold_array_for_month_10,&,running_average_size_minutes_for_month_10,&,deployment_membership_value_threshold_array_for_month_11,&,running_average_size_minutes_for_month_11,&,deployment_membership_value_threshold_array_for_month_12,&,running_average_size_minutes_for_month_12,&,dNetNorm,&,dMarketBalancePercentage,&,dMarketNetNorm,
results: KATL,&,0.5,&,1,&,0.5,&,91,&,0.5,&,31,&,0.5,&,1,&,0.5,&,31,&,0.5,&,1,&,0.5,&,31,&,0.5,&,1,&,0.5,&,1,&,0.5,&,61,&,0.5,&,31,&,0.5,&,1,&,0.25369953638655485,&,0.9373850451865623,&,0.2378141513795206
monthly visible minutes:KATL,&,2013,&,8672,&,8672,&,8672,&,8672,&,8672,&,8672,&,8672,&,8672,&,8672,&,8672,&,8672,&,8672,&,
monthly visible minutes:KATL,&,2014,&,8672,&,8672,&,8672,&,8672,&,8672,&,8672,&,8672,&,8672,&,8672,&,8672,&,8672,&,8672,&,
monthly minutes harvester between states:KATL,&,2013,&,38,&,38,&,38,&,38,&,38,&,38,&,38,&,38,&,38,&,38,&,38,&,38,&,
monthly minutes harvester between states:KATL,&,2014,&,38,&,38,&,38,&,38,&,38,&,38,&,38,&,38,&,38,&,38,&,38,&,38,&,
FuzzyVsCrisp: KATL,1,true,true
station,&,deployment_membership_value_threshold_array_for_month_1,&,running_average_size_minutes_for_month_1,&,deployment_membership_value_threshold_array_for_month_2,&,running_average_size_minutes_for_month_2,&,deployment_membership_value_threshold_array_for_month_3,&,running_average_size_minutes_for_month_3,&,deployment_membership_value_threshold_array_for_month_4,&,running_average_size_minutes_for_month_4,&,deployment_membership_value_threshold_array_for_month_5,&,running_average_size_minutes_for_month_5,&,deployment_membership_value_threshold_array_for_month_6,&,running_average_size_minutes_for_month_6,&,deployment_membership_value_threshold_array_for_month_7,&,running_average_size_minutes_for_month_7,&,deployment_membership_value_threshold_array_for_month_8,&,running_average_size_minutes_for_month_8,&,deployment_membership_value_threshold_array_for_month_9,&,running_average_size_minutes_for_month_9,&,deployment_membership_value_threshold_array_for_month_10,&,running_average_size_minutes_for_month_10,&,deployment_membership_value_threshold_array_for_month_11,&,running_average_size_minutes_for_month_11,&,deployment_membership_value_threshold_array_for_month_12,&,running_average_size_minutes_for_month_12,&,dNetNorm,&,dMarketBalancePercentage,&,dMarketNetNorm,
results: KATL,&,0.5,&,1,&,0.5,&,91,&,0.5,&,31,&,0.5,&,1,&,0.5,&,31,&,0.5,&,1,&,0.5,&,31,&,0.5,&,1,&,0.5,&,1,&,0.5,&,61,&,0.5,&,31,&,0.5,&,1,&,0.25369953638655485,&,0.9373850451865623,&,0.2378141513795206
monthly visible minutes:KATL,&,2013,&,8672,&,8672,&,8672,&,8672,&,8672,&,8672,&,8672,&,8672,&,8672,&,8672,&,8672,&,8672,&,
monthly visible minutes:KATL,&,2014,&,8672,&,8672,&,8672,&,8672,&,8672,&,8672,&,8672,&,8672,&,8672,&,8672,&,8672,&,8672,&,
monthly minutes harvester between states:KATL,&,2013,&,38,&,38,&,38,&,38,&,38,&,38,&,38,&,38,&,38,&,38,&,38,&,38,&,
monthly minutes harvester between states:KATL,&,2014,&,38,&,38,&,38,&,38,&,38,&,38,&,38,&,38,&,38,&,38,&,38,&,38,&,
FuzzyVsCrisp: KATL,1,true,true
Station: KBOS
abc: The current path is /home/guy/retractable-wind
I have found the property file.
The training windspeed filename is /trainingKBOS2004-2012in.csv
The testing windspeed filename is /testingKBOS2013-2014in.csv
Yes, the station is KBOS
Warning: The bAlsoUsePrediction no longer has any effect
iUsedAllItsAllocatedVisibilityMinutesPerMonth: 8760
Visibility Allocation Minutes:8760
HARVESTER_SIZE_SQM is 6362
Reading file
Success: /Wind turbine power curves - wind turbine power output against wind speed in knots.csv found.
Speed (Knots) = Speed(knots) vs power (kW) , Power (kW) =V90
Speed (Knots) = 0 , Power (kW) =0
Speed (Knots) = 1 , Power (kW) =0
Speed (Knots) = 2 , Power (kW) =0
Speed (Knots) = 3 , Power (kW) =0
Speed (Knots) = 4 , Power (kW) =0
Speed (Knots) = 5 , Power (kW) =0
Speed (Knots) = 6 , Power (kW) =0
Speed (Knots) = 7 , Power (kW) =38
Speed (Knots) = 8 , Power (kW) =87
Speed (Knots) = 9 , Power (kW) =141
Speed (Knots) = 10 , Power (kW) =207
Speed (Knots) = 11 , Power (kW) =286
Speed (Knots) = 12 , Power (kW) =382
Speed (Knots) = 13 , Power (kW) =496
Speed (Knots) = 14 , Power (kW) =628
Speed (Knots) = 15 , Power (kW) =781
Speed (Knots) = 16 , Power (kW) =957
Speed (Knots) = 17 , Power (kW) =1153
Speed (Knots) = 18 , Power (kW) =1366
Speed (Knots) = 19 , Power (kW) =1589
Speed (Knots) = 20 , Power (kW) =1814
Speed (Knots) = 21 , Power (kW) =2035
Speed (Knots) = 22 , Power (kW) =2250
Speed (Knots) = 23 , Power (kW) =2452
Speed (Knots) = 24 , Power (kW) =2634
Speed (Knots) = 25 , Power (kW) =2784
Speed (Knots) = 26 , Power (kW) =2888
Speed (Knots) = 27 , Power (kW) =2949
Speed (Knots) = 28 , Power (kW) =2980
Speed (Knots) = 29 , Power (kW) =2993
Speed (Knots) = 30 , Power (kW) =3000
Speed (Knots) = 31 , Power (kW) =3000
Speed (Knots) = 32 , Power (kW) =3000
Speed (Knots) = 33 , Power (kW) =3000
Speed (Knots) = 34 , Power (kW) =3000
Speed (Knots) = 35 , Power (kW) =3000
Speed (Knots) = 36 , Power (kW) =3000
Speed (Knots) = 37 , Power (kW) =3000
Speed (Knots) = 38 , Power (kW) =3000
Speed (Knots) = 39 , Power (kW) =3000
Speed (Knots) = 40 , Power (kW) =3000
Speed (Knots) = 41 , Power (kW) =3000
Speed (Knots) = 42 , Power (kW) =3000
Speed (Knots) = 43 , Power (kW) =3000
Speed (Knots) = 44 , Power (kW) =3000
Speed (Knots) = 45 , Power (kW) =3000
Speed (Knots) = 46 , Power (kW) =3000
Speed (Knots) = 47 , Power (kW) =3000
Speed (Knots) = 48 , Power (kW) =3000
Speed (Knots) = 49 , Power (kW) =0
Speed (Knots) = 50 , Power (kW) =0
Speed (Knots) = 51 , Power (kW) =0
Speed (Knots) = 52 , Power (kW) =0
Speed (Knots) = 53 , Power (kW) =0
Speed (Knots) = 54 , Power (kW) =0
Speed (Knots) = 55 , Power (kW) =0
Speed (Knots) = 56 , Power (kW) =0
Speed (Knots) = 57 , Power (kW) =0
Speed (Knots) = 58 , Power (kW) =0
Speed (Knots) = 59 , Power (kW) =0
Speed (Knots) = 60 , Power (kW) =0
The scale is 1.0
Wind power at 10 knots in kilowatts is 207.0
Wind power in-cut-out test 0.0
Fuzzy
Class name:edu.pitt.cs.people.guy.wind.benchmarks.Fuzzy5
Success: /Noise_Allowed_Time_Definitions_All_Stations.csv found.
The station is the record is KBOS
Success: /Noise_Allowed_Time_Definitions_All_Stations.csv found.
The station is the record is KBOS
I have found the membership file for NOT WINDY.
Windspeed (knots) [0,1), Membership Value =1.00000000,1.0
Windspeed (knots) [1,2), Membership Value =0.99999164,0.99999166
Windspeed (knots) [2,3), Membership Value =0.99985340,0.9998534
Windspeed (knots) [3,4), Membership Value =0.99903368,0.9990337
Windspeed (knots) [4,5), Membership Value =0.99619593,0.9961959
Windspeed (knots) [5,6), Membership Value =0.98905971,0.9890597
Windspeed (knots) [6,7), Membership Value =0.97423011,0.9742301
Windspeed (knots) [7,8), Membership Value =0.94819371,0.9481937
Windspeed (knots) [8,9), Membership Value =0.90716984,0.9071698
Windspeed (knots) [9,10), Membership Value =0.85117041,0.8511704
Windspeed (knots) [10,11), Membership Value =0.78185869,0.7818587
Windspeed (knots) [11,12), Membership Value =0.70042207,0.70042205
Windspeed (knots) [12,13), Membership Value =0.61073236,0.6107324
Windspeed (knots) [13,14), Membership Value =0.51685881,0.5168588
Windspeed (knots) [14,15), Membership Value =0.42111941,0.42111942
Windspeed (knots) [15,16), Membership Value =0.32985274,0.32985273
Windspeed (knots) [16,17), Membership Value =0.24340895,0.24340895
Windspeed (knots) [17,18), Membership Value =0.16532034,0.16532034
Windspeed (knots) [18,19), Membership Value =0.09647823,0.09647823
Windspeed (knots) [19,20), Membership Value =0.03608529,0.03608529
Windspeed (knots) [20,21), Membership Value =0.00000000,0.0
Windspeed (knots) [21,22), Membership Value =0.00000000,0.0
Windspeed (knots) [22,23), Membership Value =0.00000000,0.0
Windspeed (knots) [23,24), Membership Value =0.00000000,0.0
Windspeed (knots) [24,25), Membership Value =0.00000000,0.0
Windspeed (knots) [25,26), Membership Value =0.00000000,0.0
Windspeed (knots) [26,27), Membership Value =0.00000000,0.0
Windspeed (knots) [27,28), Membership Value =0.00000000,0.0
Windspeed (knots) [28,29), Membership Value =0.00000000,0.0
Windspeed (knots) [29,30), Membership Value =0.00000000,0.0
Windspeed (knots) [30,31), Membership Value =0.00000000,0.0
Windspeed (knots) [31,32), Membership Value =0.00000000,0.0
Windspeed (knots) [32,33), Membership Value =0.00000000,0.0
Windspeed (knots) [33,34), Membership Value =0.00000000,0.0
Windspeed (knots) [34,35), Membership Value =0.00000000,0.0
Windspeed (knots) [35,36), Membership Value =0.00000000,0.0
Windspeed (knots) [36,37), Membership Value =0.00000000,0.0
Windspeed (knots) [37,38), Membership Value =0.00000000,0.0
Windspeed (knots) [38,39), Membership Value =0.00000000,0.0
Windspeed (knots) [39,40), Membership Value =0.00000000,0.0
Windspeed (knots) [40,41), Membership Value =0.00000000,0.0
Windspeed (knots) [41,42), Membership Value =0.00000000,0.0
Windspeed (knots) [42,43), Membership Value =0.00000000,0.0
Windspeed (knots) [43,44), Membership Value =0.00000000,0.0
Windspeed (knots) [44,45), Membership Value =0.00000000,0.0
Windspeed (knots) [45,46), Membership Value =0.00000000,0.0
Windspeed (knots) [46,47), Membership Value =0.00000000,0.0
Windspeed (knots) [47,48), Membership Value =0.00000000,0.0
Windspeed (knots) [48,49), Membership Value =0.00000000,0.0
Windspeed (knots) [49,50), Membership Value =0.00000000,0.0
Windspeed (knots) [50,51), Membership Value =0.00000000,0.0
Windspeed (knots) [51,52), Membership Value =0.00000000,0.0
Windspeed (knots) [52,53), Membership Value =0.00000000,0.0
Windspeed (knots) [53,54), Membership Value =0.00000000,0.0
Windspeed (knots) [54,55), Membership Value =0.00000000,0.0
Windspeed (knots) [55,56), Membership Value =0.00000000,0.0
Windspeed (knots) [56,57), Membership Value =0.00000000,0.0
Windspeed (knots) [57,58), Membership Value =0.00000000,0.0
Windspeed (knots) [58,59), Membership Value =0.00000000,0.0
Windspeed (knots) [59,60), Membership Value =0.00000000,0.0
Windspeed (knots) [60,61), Membership Value =0.00000000,0.0
Windspeed (knots) [61,62), Membership Value =0.00000000,0.0
Windspeed (knots) [62,63), Membership Value =0.00000000,0.0
Windspeed (knots) [63,64), Membership Value =0.00000000,0.0
Windspeed (knots) [64,65), Membership Value =0.00000000,0.0
Windspeed (knots) [65,66), Membership Value =0.00000000,0.0
Windspeed (knots) [66,67), Membership Value =0.00000000,0.0
Windspeed (knots) [67,68), Membership Value =0.00000000,0.0
Windspeed (knots) [68,69), Membership Value =0.00000000,0.0
Windspeed (knots) [69,70), Membership Value =0.00000000,0.0
Windspeed (knots) [70,71), Membership Value =0.00000000,0.0
Windspeed (knots) [71,72), Membership Value =0.00000000,0.0
Windspeed (knots) [72,73), Membership Value =0.00000000,0.0
Windspeed (knots) [73,74), Membership Value =0.00000000,0.0
Windspeed (knots) [74,75), Membership Value =0.00000000,0.0
Windspeed (knots) [75,76), Membership Value =0.00000000,0.0
Windspeed (knots) [76,77), Membership Value =0.00000000,0.0
Windspeed (knots) [77,78), Membership Value =0.00000000,0.0
Windspeed (knots) [78,79), Membership Value =0.00000000,0.0
Windspeed (knots) [79,80), Membership Value =0.00000000,0.0
Windspeed (knots) [80,81), Membership Value =0.00000000,0.0
Windspeed (knots) [81,82), Membership Value =0.00000000,0.0
Windspeed (knots) [82,83), Membership Value =0.00000000,0.0
Windspeed (knots) [83,84), Membership Value =0.00000000,0.0
Windspeed (knots) [84,85), Membership Value =0.00000000,0.0
Windspeed (knots) [85,86), Membership Value =0.00000000,0.0
Windspeed (knots) [86,87), Membership Value =0.00000000,0.0
Windspeed (knots) [87,88), Membership Value =0.00000000,0.0
Windspeed (knots) [88,89), Membership Value =0.00000000,0.0
Windspeed (knots) [89,90), Membership Value =0.00000000,0.0
Windspeed (knots) [90,91), Membership Value =0.00000000,0.0
Windspeed (knots) [91,92), Membership Value =0.00000000,0.0
Windspeed (knots) [92,93), Membership Value =0.00000000,0.0
Windspeed (knots) [93,94), Membership Value =0.00000000,0.0
Windspeed (knots) [94,95), Membership Value =0.00000000,0.0
Windspeed (knots) [95,96), Membership Value =0.00000000,0.0
Windspeed (knots) [96,97), Membership Value =0.00000000,0.0
Windspeed (knots) [97,98), Membership Value =0.00000000,0.0
Windspeed (knots) [98,99), Membership Value =0.00000000,0.0
Windspeed (knots) [99,100), Membership Value =0.00000000,0.0
Windspeed (knots) [100,101), Membership Value =0.00000000,0.0
Windspeed (knots) [101,102), Membership Value =0.00000000,0.0
Windspeed (knots) [102,103), Membership Value =0.00000000,0.0
Windspeed (knots) [103,104), Membership Value =0.00000000,0.0
Windspeed (knots) [104,105), Membership Value =0.00000000,0.0
Windspeed (knots) [105,106), Membership Value =0.00000000,0.0
Windspeed (knots) [106,107), Membership Value =0.00000000,0.0
Windspeed (knots) [107,108), Membership Value =0.00000000,0.0
Windspeed (knots) [108,109), Membership Value =0.00000000,0.0
Windspeed (knots) [109,110), Membership Value =0.00000000,0.0
Windspeed (knots) [110,111), Membership Value =0.00000000,0.0
Windspeed (knots) [111,112), Membership Value =0.00000000,0.0
Windspeed (knots) [112,113), Membership Value =0.00000000,0.0
Windspeed (knots) [113,114), Membership Value =0.00000000,0.0
Windspeed (knots) [114,115), Membership Value =0.00000000,0.0
Windspeed (knots) [115,116), Membership Value =0.00000000,0.0
Windspeed (knots) [116,117), Membership Value =0.00000000,0.0
Windspeed (knots) [117,118), Membership Value =0.00000000,0.0
Windspeed (knots) [118,119), Membership Value =0.00000000,0.0
Windspeed (knots) [119,120), Membership Value =0.00000000,0.0
Windspeed (knots) [120,121), Membership Value =0.00000000,0.0
Windspeed (knots) [121,122), Membership Value =0.00000000,0.0
Windspeed (knots) [122,123), Membership Value =0.00000000,0.0
Windspeed (knots) [123,124), Membership Value =0.00000000,0.0
Windspeed (knots) [124,125), Membership Value =0.00000000,0.0
LowestWindspeedThatIsWindyKnots for station KBOS is 9 knots.
Transition limited :true
bUseWeatherPrediction: true
The running average is 1
The membership_value_deployment_threshold is 0.5
Energy harvested: 5153515.209999947
iGeneratingEnergyWhenGridNeedsEnergyMinutes =691541
iGeneratingEnergyWhenGridNeedsEnergyMinutes =691541
iUsingEnergyWhenGridNeedsEnergyMinutes =1419
iGeneratingEnergyWhenGridHasExcessEnergyMinutes = 6619
iUsingEnergyWhenGridHasExcessEnergyMinutes = 26
iIdleWhenGridDoesNotNeedEnergyMinutes = 39435
iIdleWhenGridNeedsEnergyMinutes = 3995439
iEnergyPriceIsZeroMinutes = 240
harvester.getEnergyHarvestedAVAILABLEKilowattHours( ): 2.462576615E7
harvester.getEnergyHarvestedKilowattHours(): 5153515.209999947
The running average is 31
The membership_value_deployment_threshold is 0.5
Energy harvested: 6030310.053333307
iGeneratingEnergyWhenGridNeedsEnergyMinutes =706914
iGeneratingEnergyWhenGridNeedsEnergyMinutes =706914
iUsingEnergyWhenGridNeedsEnergyMinutes =843
iGeneratingEnergyWhenGridHasExcessEnergyMinutes = 6647
iUsingEnergyWhenGridHasExcessEnergyMinutes = 0
iIdleWhenGridDoesNotNeedEnergyMinutes = 39433
iIdleWhenGridNeedsEnergyMinutes = 3980642
iEnergyPriceIsZeroMinutes = 240
harvester.getEnergyHarvestedAVAILABLEKilowattHours( ): 2.462576615E7
harvester.getEnergyHarvestedKilowattHours(): 6030310.053333307
The running average is 61
The membership_value_deployment_threshold is 0.5
Energy harvested: 6190405.349444431
iGeneratingEnergyWhenGridNeedsEnergyMinutes =712104
iGeneratingEnergyWhenGridNeedsEnergyMinutes =712104
iUsingEnergyWhenGridNeedsEnergyMinutes =802
iGeneratingEnergyWhenGridHasExcessEnergyMinutes = 6817
iUsingEnergyWhenGridHasExcessEnergyMinutes = 0
iIdleWhenGridDoesNotNeedEnergyMinutes = 39263
iIdleWhenGridNeedsEnergyMinutes = 3975493
iEnergyPriceIsZeroMinutes = 240
harvester.getEnergyHarvestedAVAILABLEKilowattHours( ): 2.462576615E7
harvester.getEnergyHarvestedKilowattHours(): 6190405.349444431
The running average is 91
The membership_value_deployment_threshold is 0.5
Energy harvested: 6087851.396388885
iGeneratingEnergyWhenGridNeedsEnergyMinutes =705745
iGeneratingEnergyWhenGridNeedsEnergyMinutes =705745
iUsingEnergyWhenGridNeedsEnergyMinutes =751
iGeneratingEnergyWhenGridHasExcessEnergyMinutes = 6817
iUsingEnergyWhenGridHasExcessEnergyMinutes = 0
iIdleWhenGridDoesNotNeedEnergyMinutes = 39263
iIdleWhenGridNeedsEnergyMinutes = 3981903
iEnergyPriceIsZeroMinutes = 240
harvester.getEnergyHarvestedAVAILABLEKilowattHours( ): 2.462576615E7
harvester.getEnergyHarvestedKilowattHours(): 6087851.396388885
The running average is 121
The membership_value_deployment_threshold is 0.5
Energy harvested: 6016649.548888873
iGeneratingEnergyWhenGridNeedsEnergyMinutes =704258
iGeneratingEnergyWhenGridNeedsEnergyMinutes =704258
iUsingEnergyWhenGridNeedsEnergyMinutes =808
iGeneratingEnergyWhenGridHasExcessEnergyMinutes = 6891
iUsingEnergyWhenGridHasExcessEnergyMinutes = 0
iIdleWhenGridDoesNotNeedEnergyMinutes = 39189
iIdleWhenGridNeedsEnergyMinutes = 3983333
iEnergyPriceIsZeroMinutes = 240
harvester.getEnergyHarvestedAVAILABLEKilowattHours( ): 2.462576615E7
harvester.getEnergyHarvestedKilowattHours(): 6016649.548888873
Beginning testing mode:
station,&,deployment_membership_value_threshold_array_for_month_1,&,running_average_size_minutes_for_month_1,&,deployment_membership_value_threshold_array_for_month_2,&,running_average_size_minutes_for_month_2,&,deployment_membership_value_threshold_array_for_month_3,&,running_average_size_minutes_for_month_3,&,deployment_membership_value_threshold_array_for_month_4,&,running_average_size_minutes_for_month_4,&,deployment_membership_value_threshold_array_for_month_5,&,running_average_size_minutes_for_month_5,&,deployment_membership_value_threshold_array_for_month_6,&,running_average_size_minutes_for_month_6,&,deployment_membership_value_threshold_array_for_month_7,&,running_average_size_minutes_for_month_7,&,deployment_membership_value_threshold_array_for_month_8,&,running_average_size_minutes_for_month_8,&,deployment_membership_value_threshold_array_for_month_9,&,running_average_size_minutes_for_month_9,&,deployment_membership_value_threshold_array_for_month_10,&,running_average_size_minutes_for_month_10,&,deployment_membership_value_threshold_array_for_month_11,&,running_average_size_minutes_for_month_11,&,deployment_membership_value_threshold_array_for_month_12,&,running_average_size_minutes_for_month_12,&,dNetNorm,&,dMarketBalancePercentage,&,dMarketNetNorm,
results: KBOS,&,0.5,&,91,&,0.5,&,1,&,0.5,&,1,&,0.5,&,1,&,0.5,&,31,&,0.5,&,31,&,0.5,&,1,&,0.5,&,31,&,0.5,&,31,&,0.5,&,1,&,0.5,&,31,&,0.5,&,61,&,0.21466354610720276,&,0.9133285292413773,&,0.19605834084783008
monthly visible minutes:KBOS,&,2013,&,8672,&,8672,&,8672,&,8672,&,8672,&,8672,&,8672,&,8672,&,8672,&,8672,&,8672,&,8672,&,
monthly visible minutes:KBOS,&,2014,&,8672,&,8672,&,8672,&,8672,&,8672,&,8672,&,8672,&,8672,&,8672,&,8672,&,8672,&,8672,&,
monthly minutes harvester between states:KBOS,&,2013,&,38,&,38,&,38,&,38,&,38,&,38,&,38,&,38,&,38,&,38,&,38,&,38,&,
monthly minutes harvester between states:KBOS,&,2014,&,38,&,38,&,38,&,38,&,38,&,38,&,38,&,38,&,38,&,38,&,38,&,38,&,
FuzzyVsCrisp: KBOS,1,true,true
station,&,deployment_membership_value_threshold_array_for_month_1,&,running_average_size_minutes_for_month_1,&,deployment_membership_value_threshold_array_for_month_2,&,running_average_size_minutes_for_month_2,&,deployment_membership_value_threshold_array_for_month_3,&,running_average_size_minutes_for_month_3,&,deployment_membership_value_threshold_array_for_month_4,&,running_average_size_minutes_for_month_4,&,deployment_membership_value_threshold_array_for_month_5,&,running_average_size_minutes_for_month_5,&,deployment_membership_value_threshold_array_for_month_6,&,running_average_size_minutes_for_month_6,&,deployment_membership_value_threshold_array_for_month_7,&,running_average_size_minutes_for_month_7,&,deployment_membership_value_threshold_array_for_month_8,&,running_average_size_minutes_for_month_8,&,deployment_membership_value_threshold_array_for_month_9,&,running_average_size_minutes_for_month_9,&,deployment_membership_value_threshold_array_for_month_10,&,running_average_size_minutes_for_month_10,&,deployment_membership_value_threshold_array_for_month_11,&,running_average_size_minutes_for_month_11,&,deployment_membership_value_threshold_array_for_month_12,&,running_average_size_minutes_for_month_12,&,dNetNorm,&,dMarketBalancePercentage,&,dMarketNetNorm,
results: KBOS,&,0.5,&,91,&,0.5,&,1,&,0.5,&,1,&,0.5,&,1,&,0.5,&,31,&,0.5,&,31,&,0.5,&,1,&,0.5,&,31,&,0.5,&,31,&,0.5,&,1,&,0.5,&,31,&,0.5,&,61,&,0.21466354610720276,&,0.9133285292413773,&,0.19605834084783008
monthly visible minutes:KBOS,&,2013,&,8672,&,8672,&,8672,&,8672,&,8672,&,8672,&,8672,&,8672,&,8672,&,8672,&,8672,&,8672,&,
monthly visible minutes:KBOS,&,2014,&,8672,&,8672,&,8672,&,8672,&,8672,&,8672,&,8672,&,8672,&,8672,&,8672,&,8672,&,8672,&,
monthly minutes harvester between states:KBOS,&,2013,&,38,&,38,&,38,&,38,&,38,&,38,&,38,&,38,&,38,&,38,&,38,&,38,&,
monthly minutes harvester between states:KBOS,&,2014,&,38,&,38,&,38,&,38,&,38,&,38,&,38,&,38,&,38,&,38,&,38,&,38,&,
FuzzyVsCrisp: KBOS,1,true,true
Station: KBWI
abc: The current path is /home/guy/retractable-wind
I have found the property file.
The training windspeed filename is /trainingKBWI2004-2012in.csv
The testing windspeed filename is /testingKBWI2013-2014in.csv
Yes, the station is KBWI
Warning: The bAlsoUsePrediction no longer has any effect
iUsedAllItsAllocatedVisibilityMinutesPerMonth: 8760
Visibility Allocation Minutes:8760
HARVESTER_SIZE_SQM is 6362
Reading file
Success: /Wind turbine power curves - wind turbine power output against wind speed in knots.csv found.
Speed (Knots) = Speed(knots) vs power (kW) , Power (kW) =V90
Speed (Knots) = 0 , Power (kW) =0
Speed (Knots) = 1 , Power (kW) =0
Speed (Knots) = 2 , Power (kW) =0
Speed (Knots) = 3 , Power (kW) =0
Speed (Knots) = 4 , Power (kW) =0
Speed (Knots) = 5 , Power (kW) =0
Speed (Knots) = 6 , Power (kW) =0
Speed (Knots) = 7 , Power (kW) =38
Speed (Knots) = 8 , Power (kW) =87
Speed (Knots) = 9 , Power (kW) =141
Speed (Knots) = 10 , Power (kW) =207
Speed (Knots) = 11 , Power (kW) =286
Speed (Knots) = 12 , Power (kW) =382
Speed (Knots) = 13 , Power (kW) =496
Speed (Knots) = 14 , Power (kW) =628
Speed (Knots) = 15 , Power (kW) =781
Speed (Knots) = 16 , Power (kW) =957
Speed (Knots) = 17 , Power (kW) =1153
Speed (Knots) = 18 , Power (kW) =1366
Speed (Knots) = 19 , Power (kW) =1589
Speed (Knots) = 20 , Power (kW) =1814
Speed (Knots) = 21 , Power (kW) =2035
Speed (Knots) = 22 , Power (kW) =2250
Speed (Knots) = 23 , Power (kW) =2452
Speed (Knots) = 24 , Power (kW) =2634
Speed (Knots) = 25 , Power (kW) =2784
Speed (Knots) = 26 , Power (kW) =2888
Speed (Knots) = 27 , Power (kW) =2949
Speed (Knots) = 28 , Power (kW) =2980
Speed (Knots) = 29 , Power (kW) =2993
Speed (Knots) = 30 , Power (kW) =3000
Speed (Knots) = 31 , Power (kW) =3000
Speed (Knots) = 32 , Power (kW) =3000
Speed (Knots) = 33 , Power (kW) =3000
Speed (Knots) = 34 , Power (kW) =3000
Speed (Knots) = 35 , Power (kW) =3000
Speed (Knots) = 36 , Power (kW) =3000
Speed (Knots) = 37 , Power (kW) =3000
Speed (Knots) = 38 , Power (kW) =3000
Speed (Knots) = 39 , Power (kW) =3000
Speed (Knots) = 40 , Power (kW) =3000
Speed (Knots) = 41 , Power (kW) =3000
Speed (Knots) = 42 , Power (kW) =3000
Speed (Knots) = 43 , Power (kW) =3000
Speed (Knots) = 44 , Power (kW) =3000
Speed (Knots) = 45 , Power (kW) =3000
Speed (Knots) = 46 , Power (kW) =3000
Speed (Knots) = 47 , Power (kW) =3000
Speed (Knots) = 48 , Power (kW) =3000
Speed (Knots) = 49 , Power (kW) =0
Speed (Knots) = 50 , Power (kW) =0
Speed (Knots) = 51 , Power (kW) =0
Speed (Knots) = 52 , Power (kW) =0
Speed (Knots) = 53 , Power (kW) =0
Speed (Knots) = 54 , Power (kW) =0
Speed (Knots) = 55 , Power (kW) =0
Speed (Knots) = 56 , Power (kW) =0
Speed (Knots) = 57 , Power (kW) =0
Speed (Knots) = 58 , Power (kW) =0
Speed (Knots) = 59 , Power (kW) =0
Speed (Knots) = 60 , Power (kW) =0
The scale is 1.0
Wind power at 10 knots in kilowatts is 207.0
Wind power in-cut-out test 0.0
Fuzzy
Class name:edu.pitt.cs.people.guy.wind.benchmarks.Fuzzy5
Success: /Noise_Allowed_Time_Definitions_All_Stations.csv found.
The station is the record is KBWI
Success: /Noise_Allowed_Time_Definitions_All_Stations.csv found.
The station is the record is KBWI
I have found the membership file for NOT WINDY.
Windspeed (knots) [0,1), Membership Value =1.0000000,1.0
Windspeed (knots) [1,2), Membership Value =0.9998161,0.9998161
Windspeed (knots) [2,3), Membership Value =0.9978543,0.9978543
Windspeed (knots) [3,4), Membership Value =0.9910165,0.9910165
Windspeed (knots) [4,5), Membership Value =0.9758631,0.9758631
Windspeed (knots) [5,6), Membership Value =0.9478741,0.9478741
Windspeed (knots) [6,7), Membership Value =0.9047102,0.9047102
Windspeed (knots) [7,8), Membership Value =0.8444605,0.8444605
Windspeed (knots) [8,9), Membership Value =0.7707480,0.770748
Windspeed (knots) [9,10), Membership Value =0.6887862,0.6887862
Windspeed (knots) [10,11), Membership Value =0.6022681,0.6022681
Windspeed (knots) [11,12), Membership Value =0.5149279,0.5149279
Windspeed (knots) [12,13), Membership Value =0.4278791,0.4278791
Windspeed (knots) [13,14), Membership Value =0.3435245,0.3435245
Windspeed (knots) [14,15), Membership Value =0.2628425,0.2628425
Windspeed (knots) [15,16), Membership Value =0.1871031,0.1871031
Windspeed (knots) [16,17), Membership Value =0.1167085,0.1167085
Windspeed (knots) [17,18), Membership Value =0.0533077,0.0533077
Windspeed (knots) [18,19), Membership Value =0.0000000,0.0
Windspeed (knots) [19,20), Membership Value =0.0000000,0.0
Windspeed (knots) [20,21), Membership Value =0.0000000,0.0
Windspeed (knots) [21,22), Membership Value =0.0000000,0.0
Windspeed (knots) [22,23), Membership Value =0.0000000,0.0
Windspeed (knots) [23,24), Membership Value =0.0000000,0.0
Windspeed (knots) [24,25), Membership Value =0.0000000,0.0
Windspeed (knots) [25,26), Membership Value =0.0000000,0.0
Windspeed (knots) [26,27), Membership Value =0.0000000,0.0
Windspeed (knots) [27,28), Membership Value =0.0000000,0.0
Windspeed (knots) [28,29), Membership Value =0.0000000,0.0
Windspeed (knots) [29,30), Membership Value =0.0000000,0.0
Windspeed (knots) [30,31), Membership Value =0.0000000,0.0
Windspeed (knots) [31,32), Membership Value =0.0000000,0.0
Windspeed (knots) [32,33), Membership Value =0.0000000,0.0
Windspeed (knots) [33,34), Membership Value =0.0000000,0.0
Windspeed (knots) [34,35), Membership Value =0.0000000,0.0
Windspeed (knots) [35,36), Membership Value =0.0000000,0.0
Windspeed (knots) [36,37), Membership Value =0.0000000,0.0
Windspeed (knots) [37,38), Membership Value =0.0000000,0.0
Windspeed (knots) [38,39), Membership Value =0.0000000,0.0
Windspeed (knots) [39,40), Membership Value =0.0000000,0.0
Windspeed (knots) [40,41), Membership Value =0.0000000,0.0
Windspeed (knots) [41,42), Membership Value =0.0000000,0.0
Windspeed (knots) [42,43), Membership Value =0.0000000,0.0
Windspeed (knots) [43,44), Membership Value =0.0000000,0.0
Windspeed (knots) [44,45), Membership Value =0.0000000,0.0
Windspeed (knots) [45,46), Membership Value =0.0000000,0.0
Windspeed (knots) [46,47), Membership Value =0.0000000,0.0
Windspeed (knots) [47,48), Membership Value =0.0000000,0.0
Windspeed (knots) [48,49), Membership Value =0.0000000,0.0
Windspeed (knots) [49,50), Membership Value =0.0000000,0.0
Windspeed (knots) [50,51), Membership Value =0.0000000,0.0
Windspeed (knots) [51,52), Membership Value =0.0000000,0.0
Windspeed (knots) [52,53), Membership Value =0.0000000,0.0
Windspeed (knots) [53,54), Membership Value =0.0000000,0.0
Windspeed (knots) [54,55), Membership Value =0.0000000,0.0
Windspeed (knots) [55,56), Membership Value =0.0000000,0.0
Windspeed (knots) [56,57), Membership Value =0.0000000,0.0
Windspeed (knots) [57,58), Membership Value =0.0000000,0.0
Windspeed (knots) [58,59), Membership Value =0.0000000,0.0
Windspeed (knots) [59,60), Membership Value =0.0000000,0.0
Windspeed (knots) [60,61), Membership Value =0.0000000,0.0
Windspeed (knots) [61,62), Membership Value =0.0000000,0.0
Windspeed (knots) [62,63), Membership Value =0.0000000,0.0
Windspeed (knots) [63,64), Membership Value =0.0000000,0.0
Windspeed (knots) [64,65), Membership Value =0.0000000,0.0
Windspeed (knots) [65,66), Membership Value =0.0000000,0.0
Windspeed (knots) [66,67), Membership Value =0.0000000,0.0
Windspeed (knots) [67,68), Membership Value =0.0000000,0.0
Windspeed (knots) [68,69), Membership Value =0.0000000,0.0
Windspeed (knots) [69,70), Membership Value =0.0000000,0.0
Windspeed (knots) [70,71), Membership Value =0.0000000,0.0
Windspeed (knots) [71,72), Membership Value =0.0000000,0.0
Windspeed (knots) [72,73), Membership Value =0.0000000,0.0
Windspeed (knots) [73,74), Membership Value =0.0000000,0.0
Windspeed (knots) [74,75), Membership Value =0.0000000,0.0
Windspeed (knots) [75,76), Membership Value =0.0000000,0.0
Windspeed (knots) [76,77), Membership Value =0.0000000,0.0
Windspeed (knots) [77,78), Membership Value =0.0000000,0.0
Windspeed (knots) [78,79), Membership Value =0.0000000,0.0
Windspeed (knots) [79,80), Membership Value =0.0000000,0.0
Windspeed (knots) [80,81), Membership Value =0.0000000,0.0
Windspeed (knots) [81,82), Membership Value =0.0000000,0.0
Windspeed (knots) [82,83), Membership Value =0.0000000,0.0
Windspeed (knots) [83,84), Membership Value =0.0000000,0.0
Windspeed (knots) [84,85), Membership Value =0.0000000,0.0
Windspeed (knots) [85,86), Membership Value =0.0000000,0.0
Windspeed (knots) [86,87), Membership Value =0.0000000,0.0
Windspeed (knots) [87,88), Membership Value =0.0000000,0.0
Windspeed (knots) [88,89), Membership Value =0.0000000,0.0
Windspeed (knots) [89,90), Membership Value =0.0000000,0.0
Windspeed (knots) [90,91), Membership Value =0.0000000,0.0
Windspeed (knots) [91,92), Membership Value =0.0000000,0.0
Windspeed (knots) [92,93), Membership Value =0.0000000,0.0
Windspeed (knots) [93,94), Membership Value =0.0000000,0.0
Windspeed (knots) [94,95), Membership Value =0.0000000,0.0
Windspeed (knots) [95,96), Membership Value =0.0000000,0.0
Windspeed (knots) [96,97), Membership Value =0.0000000,0.0
Windspeed (knots) [97,98), Membership Value =0.0000000,0.0
Windspeed (knots) [98,99), Membership Value =0.0000000,0.0
Windspeed (knots) [99,100), Membership Value =0.0000000,0.0
Windspeed (knots) [100,101), Membership Value =0.0000000,0.0
Windspeed (knots) [101,102), Membership Value =0.0000000,0.0
Windspeed (knots) [102,103), Membership Value =0.0000000,0.0
Windspeed (knots) [103,104), Membership Value =0.0000000,0.0
Windspeed (knots) [104,105), Membership Value =0.0000000,0.0
Windspeed (knots) [105,106), Membership Value =0.0000000,0.0
Windspeed (knots) [106,107), Membership Value =0.0000000,0.0
Windspeed (knots) [107,108), Membership Value =0.0000000,0.0
Windspeed (knots) [108,109), Membership Value =0.0000000,0.0
Windspeed (knots) [109,110), Membership Value =0.0000000,0.0
Windspeed (knots) [110,111), Membership Value =0.0000000,0.0
Windspeed (knots) [111,112), Membership Value =0.0000000,0.0
Windspeed (knots) [112,113), Membership Value =0.0000000,0.0
Windspeed (knots) [113,114), Membership Value =0.0000000,0.0
Windspeed (knots) [114,115), Membership Value =0.0000000,0.0
Windspeed (knots) [115,116), Membership Value =0.0000000,0.0
Windspeed (knots) [116,117), Membership Value =0.0000000,0.0
Windspeed (knots) [117,118), Membership Value =0.0000000,0.0
Windspeed (knots) [118,119), Membership Value =0.0000000,0.0
Windspeed (knots) [119,120), Membership Value =0.0000000,0.0
Windspeed (knots) [120,121), Membership Value =0.0000000,0.0
Windspeed (knots) [121,122), Membership Value =0.0000000,0.0
Windspeed (knots) [122,123), Membership Value =0.0000000,0.0
Windspeed (knots) [123,124), Membership Value =0.0000000,0.0
Windspeed (knots) [124,125), Membership Value =0.0000000,0.0
LowestWindspeedThatIsWindyKnots for station KBWI is 7 knots.
Transition limited :true
bUseWeatherPrediction: true
The running average is 1
The membership_value_deployment_threshold is 0.5
Energy harvested: 2206705.048888914
iGeneratingEnergyWhenGridNeedsEnergyMinutes =374325
iGeneratingEnergyWhenGridNeedsEnergyMinutes =374325
iUsingEnergyWhenGridNeedsEnergyMinutes =1826
iGeneratingEnergyWhenGridHasExcessEnergyMinutes = 3600
iUsingEnergyWhenGridHasExcessEnergyMinutes = 14
iIdleWhenGridDoesNotNeedEnergyMinutes = 42466
iIdleWhenGridNeedsEnergyMinutes = 4311029
iEnergyPriceIsZeroMinutes = 240
harvester.getEnergyHarvestedAVAILABLEKilowattHours( ): 8529008.366666667
harvester.getEnergyHarvestedKilowattHours(): 2206705.048888914
The running average is 31
The membership_value_deployment_threshold is 0.5
Energy harvested: 2621734.780277717
iGeneratingEnergyWhenGridNeedsEnergyMinutes =397388
iGeneratingEnergyWhenGridNeedsEnergyMinutes =397388
iUsingEnergyWhenGridNeedsEnergyMinutes =1559
iGeneratingEnergyWhenGridHasExcessEnergyMinutes = 4508
iUsingEnergyWhenGridHasExcessEnergyMinutes = 19
iIdleWhenGridDoesNotNeedEnergyMinutes = 41553
iIdleWhenGridNeedsEnergyMinutes = 4288233
iEnergyPriceIsZeroMinutes = 240
harvester.getEnergyHarvestedAVAILABLEKilowattHours( ): 8529008.366666667
harvester.getEnergyHarvestedKilowattHours(): 2621734.780277717
The running average is 61
The membership_value_deployment_threshold is 0.5
Energy harvested: 2633273.5291666025
iGeneratingEnergyWhenGridNeedsEnergyMinutes =391324
iGeneratingEnergyWhenGridNeedsEnergyMinutes =391324
iUsingEnergyWhenGridNeedsEnergyMinutes =1550
iGeneratingEnergyWhenGridHasExcessEnergyMinutes = 4940
iUsingEnergyWhenGridHasExcessEnergyMinutes = 35
iIdleWhenGridDoesNotNeedEnergyMinutes = 41105
iIdleWhenGridNeedsEnergyMinutes = 4294306
iEnergyPriceIsZeroMinutes = 240
harvester.getEnergyHarvestedAVAILABLEKilowattHours( ): 8529008.366666667
harvester.getEnergyHarvestedKilowattHours(): 2633273.5291666025
The running average is 91
The membership_value_deployment_threshold is 0.5
Energy harvested: 2613790.088888829
iGeneratingEnergyWhenGridNeedsEnergyMinutes =388103
iGeneratingEnergyWhenGridNeedsEnergyMinutes =388103
iUsingEnergyWhenGridNeedsEnergyMinutes =1592
iGeneratingEnergyWhenGridHasExcessEnergyMinutes = 4625
iUsingEnergyWhenGridHasExcessEnergyMinutes = 19
iIdleWhenGridDoesNotNeedEnergyMinutes = 41436
iIdleWhenGridNeedsEnergyMinutes = 4297485
iEnergyPriceIsZeroMinutes = 240
harvester.getEnergyHarvestedAVAILABLEKilowattHours( ): 8529008.366666667
harvester.getEnergyHarvestedKilowattHours(): 2613790.088888829
The running average is 121
The membership_value_deployment_threshold is 0.5
Energy harvested: 2592701.541388847
iGeneratingEnergyWhenGridNeedsEnergyMinutes =385730
iGeneratingEnergyWhenGridNeedsEnergyMinutes =385730
iUsingEnergyWhenGridNeedsEnergyMinutes =1584
iGeneratingEnergyWhenGridHasExcessEnergyMinutes = 4607
iUsingEnergyWhenGridHasExcessEnergyMinutes = 19
iIdleWhenGridDoesNotNeedEnergyMinutes = 41454
iIdleWhenGridNeedsEnergyMinutes = 4299866
iEnergyPriceIsZeroMinutes = 240
harvester.getEnergyHarvestedAVAILABLEKilowattHours( ): 8529008.366666667
harvester.getEnergyHarvestedKilowattHours(): 2592701.541388847
Beginning testing mode:
station,&,deployment_membership_value_threshold_array_for_month_1,&,running_average_size_minutes_for_month_1,&,deployment_membership_value_threshold_array_for_month_2,&,running_average_size_minutes_for_month_2,&,deployment_membership_value_threshold_array_for_month_3,&,running_average_size_minutes_for_month_3,&,deployment_membership_value_threshold_array_for_month_4,&,running_average_size_minutes_for_month_4,&,deployment_membership_value_threshold_array_for_month_5,&,running_average_size_minutes_for_month_5,&,deployment_membership_value_threshold_array_for_month_6,&,running_average_size_minutes_for_month_6,&,deployment_membership_value_threshold_array_for_month_7,&,running_average_size_minutes_for_month_7,&,deployment_membership_value_threshold_array_for_month_8,&,running_average_size_minutes_for_month_8,&,deployment_membership_value_threshold_array_for_month_9,&,running_average_size_minutes_for_month_9,&,deployment_membership_value_threshold_array_for_month_10,&,running_average_size_minutes_for_month_10,&,deployment_membership_value_threshold_array_for_month_11,&,running_average_size_minutes_for_month_11,&,deployment_membership_value_threshold_array_for_month_12,&,running_average_size_minutes_for_month_12,&,dNetNorm,&,dMarketBalancePercentage,&,dMarketNetNorm,
results: KBWI,&,0.5,&,1,&,0.5,&,121,&,0.5,&,121,&,0.5,&,1,&,0.5,&,121,&,0.5,&,1,&,0.5,&,1,&,0.5,&,61,&,0.5,&,1,&,0.5,&,61,&,0.5,&,31,&,0.5,&,31,&,0.30910895663459176,&,0.9593345214031982,&,0.29653889297448804
monthly visible minutes:KBWI,&,2013,&,8672,&,8672,&,8672,&,8672,&,8672,&,8672,&,8672,&,8672,&,8672,&,8672,&,8672,&,8672,&,
monthly visible minutes:KBWI,&,2014,&,8672,&,8672,&,8672,&,8672,&,8672,&,8672,&,8672,&,8672,&,8672,&,8672,&,8672,&,8672,&,
monthly minutes harvester between states:KBWI,&,2013,&,38,&,38,&,38,&,38,&,38,&,38,&,38,&,38,&,38,&,38,&,38,&,38,&,
monthly minutes harvester between states:KBWI,&,2014,&,38,&,38,&,38,&,38,&,38,&,38,&,38,&,38,&,38,&,38,&,38,&,38,&,
FuzzyVsCrisp: KBWI,1,true,true
station,&,deployment_membership_value_threshold_array_for_month_1,&,running_average_size_minutes_for_month_1,&,deployment_membership_value_threshold_array_for_month_2,&,running_average_size_minutes_for_month_2,&,deployment_membership_value_threshold_array_for_month_3,&,running_average_size_minutes_for_month_3,&,deployment_membership_value_threshold_array_for_month_4,&,running_average_size_minutes_for_month_4,&,deployment_membership_value_threshold_array_for_month_5,&,running_average_size_minutes_for_month_5,&,deployment_membership_value_threshold_array_for_month_6,&,running_average_size_minutes_for_month_6,&,deployment_membership_value_threshold_array_for_month_7,&,running_average_size_minutes_for_month_7,&,deployment_membership_value_threshold_array_for_month_8,&,running_average_size_minutes_for_month_8,&,deployment_membership_value_threshold_array_for_month_9,&,running_average_size_minutes_for_month_9,&,deployment_membership_value_threshold_array_for_month_10,&,running_average_size_minutes_for_month_10,&,deployment_membership_value_threshold_array_for_month_11,&,running_average_size_minutes_for_month_11,&,deployment_membership_value_threshold_array_for_month_12,&,running_average_size_minutes_for_month_12,&,dNetNorm,&,dMarketBalancePercentage,&,dMarketNetNorm,
results: KBWI,&,0.5,&,1,&,0.5,&,121,&,0.5,&,121,&,0.5,&,1,&,0.5,&,121,&,0.5,&,1,&,0.5,&,1,&,0.5,&,61,&,0.5,&,1,&,0.5,&,61,&,0.5,&,31,&,0.5,&,31,&,0.30910895663459176,&,0.9593345214031982,&,0.29653889297448804
monthly visible minutes:KBWI,&,2013,&,8672,&,8672,&,8672,&,8672,&,8672,&,8672,&,8672,&,8672,&,8672,&,8672,&,8672,&,8672,&,
monthly visible minutes:KBWI,&,2014,&,8672,&,8672,&,8672,&,8672,&,8672,&,8672,&,8672,&,8672,&,8672,&,8672,&,8672,&,8672,&,
monthly minutes harvester between states:KBWI,&,2013,&,38,&,38,&,38,&,38,&,38,&,38,&,38,&,38,&,38,&,38,&,38,&,38,&,
monthly minutes harvester between states:KBWI,&,2014,&,38,&,38,&,38,&,38,&,38,&,38,&,38,&,38,&,38,&,38,&,38,&,38,&,
FuzzyVsCrisp: KBWI,1,true,true
Station: KCLE
abc: The current path is /home/guy/retractable-wind
I have found the property file.
The training windspeed filename is /trainingKCLE2004-2012in.csv
The testing windspeed filename is /testingKCLE2013-2014in.csv
Yes, the station is KCLE
Warning: The bAlsoUsePrediction no longer has any effect
iUsedAllItsAllocatedVisibilityMinutesPerMonth: 8760
Visibility Allocation Minutes:8760
HARVESTER_SIZE_SQM is 6362
Reading file
Success: /Wind turbine power curves - wind turbine power output against wind speed in knots.csv found.
Speed (Knots) = Speed(knots) vs power (kW) , Power (kW) =V90
Speed (Knots) = 0 , Power (kW) =0
Speed (Knots) = 1 , Power (kW) =0
Speed (Knots) = 2 , Power (kW) =0
Speed (Knots) = 3 , Power (kW) =0
Speed (Knots) = 4 , Power (kW) =0
Speed (Knots) = 5 , Power (kW) =0
Speed (Knots) = 6 , Power (kW) =0
Speed (Knots) = 7 , Power (kW) =38
Speed (Knots) = 8 , Power (kW) =87
Speed (Knots) = 9 , Power (kW) =141
Speed (Knots) = 10 , Power (kW) =207
Speed (Knots) = 11 , Power (kW) =286
Speed (Knots) = 12 , Power (kW) =382
Speed (Knots) = 13 , Power (kW) =496
Speed (Knots) = 14 , Power (kW) =628
Speed (Knots) = 15 , Power (kW) =781
Speed (Knots) = 16 , Power (kW) =957
Speed (Knots) = 17 , Power (kW) =1153
Speed (Knots) = 18 , Power (kW) =1366
Speed (Knots) = 19 , Power (kW) =1589
Speed (Knots) = 20 , Power (kW) =1814
Speed (Knots) = 21 , Power (kW) =2035
Speed (Knots) = 22 , Power (kW) =2250
Speed (Knots) = 23 , Power (kW) =2452
Speed (Knots) = 24 , Power (kW) =2634
Speed (Knots) = 25 , Power (kW) =2784
Speed (Knots) = 26 , Power (kW) =2888
Speed (Knots) = 27 , Power (kW) =2949
Speed (Knots) = 28 , Power (kW) =2980
Speed (Knots) = 29 , Power (kW) =2993
Speed (Knots) = 30 , Power (kW) =3000
Speed (Knots) = 31 , Power (kW) =3000
Speed (Knots) = 32 , Power (kW) =3000
Speed (Knots) = 33 , Power (kW) =3000
Speed (Knots) = 34 , Power (kW) =3000
Speed (Knots) = 35 , Power (kW) =3000
Speed (Knots) = 36 , Power (kW) =3000
Speed (Knots) = 37 , Power (kW) =3000
Speed (Knots) = 38 , Power (kW) =3000
Speed (Knots) = 39 , Power (kW) =3000
Speed (Knots) = 40 , Power (kW) =3000
Speed (Knots) = 41 , Power (kW) =3000
Speed (Knots) = 42 , Power (kW) =3000
Speed (Knots) = 43 , Power (kW) =3000
Speed (Knots) = 44 , Power (kW) =3000
Speed (Knots) = 45 , Power (kW) =3000
Speed (Knots) = 46 , Power (kW) =3000
Speed (Knots) = 47 , Power (kW) =3000
Speed (Knots) = 48 , Power (kW) =3000
Speed (Knots) = 49 , Power (kW) =0
Speed (Knots) = 50 , Power (kW) =0
Speed (Knots) = 51 , Power (kW) =0
Speed (Knots) = 52 , Power (kW) =0
Speed (Knots) = 53 , Power (kW) =0
Speed (Knots) = 54 , Power (kW) =0
Speed (Knots) = 55 , Power (kW) =0
Speed (Knots) = 56 , Power (kW) =0
Speed (Knots) = 57 , Power (kW) =0
Speed (Knots) = 58 , Power (kW) =0
Speed (Knots) = 59 , Power (kW) =0
Speed (Knots) = 60 , Power (kW) =0
The scale is 1.0
Wind power at 10 knots in kilowatts is 207.0
Wind power in-cut-out test 0.0
Fuzzy
Class name:edu.pitt.cs.people.guy.wind.benchmarks.Fuzzy5
Success: /Noise_Allowed_Time_Definitions_All_Stations.csv found.
The station is the record is KCLE
Success: /Noise_Allowed_Time_Definitions_All_Stations.csv found.
The station is the record is KCLE
I have found the membership file for NOT WINDY.
Windspeed (knots) [0,1), Membership Value =1.00000000,1.0
Windspeed (knots) [1,2), Membership Value =0.99997281,0.9999728
Windspeed (knots) [2,3), Membership Value =0.99957778,0.99957776
Windspeed (knots) [3,4), Membership Value =0.99766724,0.99766725
Windspeed (knots) [4,5), Membership Value =0.99198170,0.9919817
Windspeed (knots) [5,6), Membership Value =0.97895477,0.9789548
Windspeed (knots) [6,7), Membership Value =0.95560852,0.95560855
Windspeed (knots) [7,8), Membership Value =0.91908582,0.9190858
Windspeed (knots) [8,9), Membership Value =0.86803746,0.86803746
Windspeed (knots) [9,10), Membership Value =0.80333819,0.80333817
Windspeed (knots) [10,11), Membership Value =0.72374540,0.7237454
Windspeed (knots) [11,12), Membership Value =0.63479937,0.63479936
Windspeed (knots) [12,13), Membership Value =0.53806325,0.5380632
Windspeed (knots) [13,14), Membership Value =0.44012453,0.44012454
Windspeed (knots) [14,15), Membership Value =0.34663829,0.3466383
Windspeed (knots) [15,16), Membership Value =0.25707557,0.25707558
Windspeed (knots) [16,17), Membership Value =0.17381749,0.17381749
Windspeed (knots) [17,18), Membership Value =0.09744113,0.09744113
Windspeed (knots) [18,19), Membership Value =0.03045835,0.03045835
Windspeed (knots) [19,20), Membership Value =0.00000000,0.0
Windspeed (knots) [20,21), Membership Value =0.00000000,0.0
Windspeed (knots) [21,22), Membership Value =0.00000000,0.0
Windspeed (knots) [22,23), Membership Value =0.00000000,0.0
Windspeed (knots) [23,24), Membership Value =0.00000000,0.0
Windspeed (knots) [24,25), Membership Value =0.00000000,0.0
Windspeed (knots) [25,26), Membership Value =0.00000000,0.0
Windspeed (knots) [26,27), Membership Value =0.00000000,0.0
Windspeed (knots) [27,28), Membership Value =0.00000000,0.0
Windspeed (knots) [28,29), Membership Value =0.00000000,0.0
Windspeed (knots) [29,30), Membership Value =0.00000000,0.0
Windspeed (knots) [30,31), Membership Value =0.00000000,0.0
Windspeed (knots) [31,32), Membership Value =0.00000000,0.0
Windspeed (knots) [32,33), Membership Value =0.00000000,0.0
Windspeed (knots) [33,34), Membership Value =0.00000000,0.0
Windspeed (knots) [34,35), Membership Value =0.00000000,0.0
Windspeed (knots) [35,36), Membership Value =0.00000000,0.0
Windspeed (knots) [36,37), Membership Value =0.00000000,0.0
Windspeed (knots) [37,38), Membership Value =0.00000000,0.0
Windspeed (knots) [38,39), Membership Value =0.00000000,0.0
Windspeed (knots) [39,40), Membership Value =0.00000000,0.0
Windspeed (knots) [40,41), Membership Value =0.00000000,0.0
Windspeed (knots) [41,42), Membership Value =0.00000000,0.0
Windspeed (knots) [42,43), Membership Value =0.00000000,0.0
Windspeed (knots) [43,44), Membership Value =0.00000000,0.0
Windspeed (knots) [44,45), Membership Value =0.00000000,0.0
Windspeed (knots) [45,46), Membership Value =0.00000000,0.0
Windspeed (knots) [46,47), Membership Value =0.00000000,0.0
Windspeed (knots) [47,48), Membership Value =0.00000000,0.0
Windspeed (knots) [48,49), Membership Value =0.00000000,0.0
Windspeed (knots) [49,50), Membership Value =0.00000000,0.0
Windspeed (knots) [50,51), Membership Value =0.00000000,0.0
Windspeed (knots) [51,52), Membership Value =0.00000000,0.0
Windspeed (knots) [52,53), Membership Value =0.00000000,0.0
Windspeed (knots) [53,54), Membership Value =0.00000000,0.0
Windspeed (knots) [54,55), Membership Value =0.00000000,0.0
Windspeed (knots) [55,56), Membership Value =0.00000000,0.0
Windspeed (knots) [56,57), Membership Value =0.00000000,0.0
Windspeed (knots) [57,58), Membership Value =0.00000000,0.0
Windspeed (knots) [58,59), Membership Value =0.00000000,0.0
Windspeed (knots) [59,60), Membership Value =0.00000000,0.0
Windspeed (knots) [60,61), Membership Value =0.00000000,0.0
Windspeed (knots) [61,62), Membership Value =0.00000000,0.0
Windspeed (knots) [62,63), Membership Value =0.00000000,0.0
Windspeed (knots) [63,64), Membership Value =0.00000000,0.0
Windspeed (knots) [64,65), Membership Value =0.00000000,0.0
Windspeed (knots) [65,66), Membership Value =0.00000000,0.0
Windspeed (knots) [66,67), Membership Value =0.00000000,0.0
Windspeed (knots) [67,68), Membership Value =0.00000000,0.0
Windspeed (knots) [68,69), Membership Value =0.00000000,0.0
Windspeed (knots) [69,70), Membership Value =0.00000000,0.0
Windspeed (knots) [70,71), Membership Value =0.00000000,0.0
Windspeed (knots) [71,72), Membership Value =0.00000000,0.0
Windspeed (knots) [72,73), Membership Value =0.00000000,0.0
Windspeed (knots) [73,74), Membership Value =0.00000000,0.0
Windspeed (knots) [74,75), Membership Value =0.00000000,0.0
Windspeed (knots) [75,76), Membership Value =0.00000000,0.0
Windspeed (knots) [76,77), Membership Value =0.00000000,0.0
Windspeed (knots) [77,78), Membership Value =0.00000000,0.0
Windspeed (knots) [78,79), Membership Value =0.00000000,0.0
Windspeed (knots) [79,80), Membership Value =0.00000000,0.0
Windspeed (knots) [80,81), Membership Value =0.00000000,0.0
Windspeed (knots) [81,82), Membership Value =0.00000000,0.0
Windspeed (knots) [82,83), Membership Value =0.00000000,0.0
Windspeed (knots) [83,84), Membership Value =0.00000000,0.0
Windspeed (knots) [84,85), Membership Value =0.00000000,0.0
Windspeed (knots) [85,86), Membership Value =0.00000000,0.0
Windspeed (knots) [86,87), Membership Value =0.00000000,0.0
Windspeed (knots) [87,88), Membership Value =0.00000000,0.0
Windspeed (knots) [88,89), Membership Value =0.00000000,0.0
Windspeed (knots) [89,90), Membership Value =0.00000000,0.0
Windspeed (knots) [90,91), Membership Value =0.00000000,0.0
Windspeed (knots) [91,92), Membership Value =0.00000000,0.0
Windspeed (knots) [92,93), Membership Value =0.00000000,0.0
Windspeed (knots) [93,94), Membership Value =0.00000000,0.0
Windspeed (knots) [94,95), Membership Value =0.00000000,0.0
Windspeed (knots) [95,96), Membership Value =0.00000000,0.0
Windspeed (knots) [96,97), Membership Value =0.00000000,0.0
Windspeed (knots) [97,98), Membership Value =0.00000000,0.0
Windspeed (knots) [98,99), Membership Value =0.00000000,0.0
Windspeed (knots) [99,100), Membership Value =0.00000000,0.0
Windspeed (knots) [100,101), Membership Value =0.00000000,0.0
Windspeed (knots) [101,102), Membership Value =0.00000000,0.0
Windspeed (knots) [102,103), Membership Value =0.00000000,0.0
Windspeed (knots) [103,104), Membership Value =0.00000000,0.0
Windspeed (knots) [104,105), Membership Value =0.00000000,0.0
Windspeed (knots) [105,106), Membership Value =0.00000000,0.0
Windspeed (knots) [106,107), Membership Value =0.00000000,0.0
Windspeed (knots) [107,108), Membership Value =0.00000000,0.0
Windspeed (knots) [108,109), Membership Value =0.00000000,0.0
Windspeed (knots) [109,110), Membership Value =0.00000000,0.0
Windspeed (knots) [110,111), Membership Value =0.00000000,0.0
Windspeed (knots) [111,112), Membership Value =0.00000000,0.0
Windspeed (knots) [112,113), Membership Value =0.00000000,0.0
Windspeed (knots) [113,114), Membership Value =0.00000000,0.0
Windspeed (knots) [114,115), Membership Value =0.00000000,0.0
Windspeed (knots) [115,116), Membership Value =0.00000000,0.0
Windspeed (knots) [116,117), Membership Value =0.00000000,0.0
Windspeed (knots) [117,118), Membership Value =0.00000000,0.0
Windspeed (knots) [118,119), Membership Value =0.00000000,0.0
Windspeed (knots) [119,120), Membership Value =0.00000000,0.0
Windspeed (knots) [120,121), Membership Value =0.00000000,0.0
Windspeed (knots) [121,122), Membership Value =0.00000000,0.0
Windspeed (knots) [122,123), Membership Value =0.00000000,0.0
Windspeed (knots) [123,124), Membership Value =0.00000000,0.0
Windspeed (knots) [124,125), Membership Value =0.00000000,0.0
LowestWindspeedThatIsWindyKnots for station KCLE is 8 knots.
Transition limited :true
bUseWeatherPrediction: true
The running average is 1
The membership_value_deployment_threshold is 0.5
Energy harvested: 3978723.900833137
iGeneratingEnergyWhenGridNeedsEnergyMinutes =581524
iGeneratingEnergyWhenGridNeedsEnergyMinutes =581524
iUsingEnergyWhenGridNeedsEnergyMinutes =1742
iGeneratingEnergyWhenGridHasExcessEnergyMinutes = 7742
iUsingEnergyWhenGridHasExcessEnergyMinutes = 24
iIdleWhenGridDoesNotNeedEnergyMinutes = 38314
iIdleWhenGridNeedsEnergyMinutes = 4103940
iEnergyPriceIsZeroMinutes = 240
harvester.getEnergyHarvestedAVAILABLEKilowattHours( ): 1.77525112E7
harvester.getEnergyHarvestedKilowattHours(): 3978723.900833137
The running average is 31
The membership_value_deployment_threshold is 0.5
Energy harvested: 4509134.5916664805
iGeneratingEnergyWhenGridNeedsEnergyMinutes =599147
iGeneratingEnergyWhenGridNeedsEnergyMinutes =599147
iUsingEnergyWhenGridNeedsEnergyMinutes =1345
iGeneratingEnergyWhenGridHasExcessEnergyMinutes = 6283
iUsingEnergyWhenGridHasExcessEnergyMinutes = 0
iIdleWhenGridDoesNotNeedEnergyMinutes = 39797
iIdleWhenGridNeedsEnergyMinutes = 4086714
iEnergyPriceIsZeroMinutes = 240
harvester.getEnergyHarvestedAVAILABLEKilowattHours( ): 1.77525112E7
harvester.getEnergyHarvestedKilowattHours(): 4509134.5916664805
The running average is 61
The membership_value_deployment_threshold is 0.5
Energy harvested: 4667357.579444303
iGeneratingEnergyWhenGridNeedsEnergyMinutes =606754
iGeneratingEnergyWhenGridNeedsEnergyMinutes =606754
iUsingEnergyWhenGridNeedsEnergyMinutes =1265
iGeneratingEnergyWhenGridHasExcessEnergyMinutes = 5603
iUsingEnergyWhenGridHasExcessEnergyMinutes = 9
iIdleWhenGridDoesNotNeedEnergyMinutes = 40468
iIdleWhenGridNeedsEnergyMinutes = 4079187
iEnergyPriceIsZeroMinutes = 240
harvester.getEnergyHarvestedAVAILABLEKilowattHours( ): 1.77525112E7
harvester.getEnergyHarvestedKilowattHours(): 4667357.579444303
The running average is 91
The membership_value_deployment_threshold is 0.5
Energy harvested: 4721952.20499989
iGeneratingEnergyWhenGridNeedsEnergyMinutes =605142
iGeneratingEnergyWhenGridNeedsEnergyMinutes =605142
iUsingEnergyWhenGridNeedsEnergyMinutes =1177
iGeneratingEnergyWhenGridHasExcessEnergyMinutes = 5523
iUsingEnergyWhenGridHasExcessEnergyMinutes = 12
iIdleWhenGridDoesNotNeedEnergyMinutes = 40545
iIdleWhenGridNeedsEnergyMinutes = 4080887
iEnergyPriceIsZeroMinutes = 240
harvester.getEnergyHarvestedAVAILABLEKilowattHours( ): 1.77525112E7
harvester.getEnergyHarvestedKilowattHours(): 4721952.20499989
The running average is 121
The membership_value_deployment_threshold is 0.5
Energy harvested: 4651322.749166546
iGeneratingEnergyWhenGridNeedsEnergyMinutes =596975
iGeneratingEnergyWhenGridNeedsEnergyMinutes =596975
iUsingEnergyWhenGridNeedsEnergyMinutes =1136
iGeneratingEnergyWhenGridHasExcessEnergyMinutes = 5630
iUsingEnergyWhenGridHasExcessEnergyMinutes = 20
iIdleWhenGridDoesNotNeedEnergyMinutes = 40430
iIdleWhenGridNeedsEnergyMinutes = 4089095
iEnergyPriceIsZeroMinutes = 240
harvester.getEnergyHarvestedAVAILABLEKilowattHours( ): 1.77525112E7
harvester.getEnergyHarvestedKilowattHours(): 4651322.749166546
Beginning testing mode:
station,&,deployment_membership_value_threshold_array_for_month_1,&,running_average_size_minutes_for_month_1,&,deployment_membership_value_threshold_array_for_month_2,&,running_average_size_minutes_for_month_2,&,deployment_membership_value_threshold_array_for_month_3,&,running_average_size_minutes_for_month_3,&,deployment_membership_value_threshold_array_for_month_4,&,running_average_size_minutes_for_month_4,&,deployment_membership_value_threshold_array_for_month_5,&,running_average_size_minutes_for_month_5,&,deployment_membership_value_threshold_array_for_month_6,&,running_average_size_minutes_for_month_6,&,deployment_membership_value_threshold_array_for_month_7,&,running_average_size_minutes_for_month_7,&,deployment_membership_value_threshold_array_for_month_8,&,running_average_size_minutes_for_month_8,&,deployment_membership_value_threshold_array_for_month_9,&,running_average_size_minutes_for_month_9,&,deployment_membership_value_threshold_array_for_month_10,&,running_average_size_minutes_for_month_10,&,deployment_membership_value_threshold_array_for_month_11,&,running_average_size_minutes_for_month_11,&,deployment_membership_value_threshold_array_for_month_12,&,running_average_size_minutes_for_month_12,&,dNetNorm,&,dMarketBalancePercentage,&,dMarketNetNorm,
results: KCLE,&,0.5,&,1,&,0.5,&,31,&,0.5,&,1,&,0.5,&,91,&,0.5,&,121,&,0.5,&,1,&,0.5,&,1,&,0.5,&,121,&,0.5,&,91,&,0.5,&,31,&,0.5,&,61,&,0.5,&,1,&,0.21400153597804653,&,0.886270424025931,&,0.18966323203346383
monthly visible minutes:KCLE,&,2013,&,8672,&,8672,&,8672,&,8672,&,8672,&,8672,&,8672,&,8672,&,8672,&,8672,&,8672,&,8672,&,
monthly visible minutes:KCLE,&,2014,&,8672,&,8672,&,8672,&,8672,&,8672,&,8672,&,8672,&,8672,&,8672,&,8672,&,8672,&,8672,&,
monthly minutes harvester between states:KCLE,&,2013,&,38,&,38,&,38,&,38,&,38,&,38,&,38,&,38,&,38,&,38,&,38,&,38,&,
monthly minutes harvester between states:KCLE,&,2014,&,38,&,38,&,38,&,38,&,38,&,38,&,38,&,38,&,38,&,38,&,38,&,38,&,
FuzzyVsCrisp: KCLE,1,true,true
station,&,deployment_membership_value_threshold_array_for_month_1,&,running_average_size_minutes_for_month_1,&,deployment_membership_value_threshold_array_for_month_2,&,running_average_size_minutes_for_month_2,&,deployment_membership_value_threshold_array_for_month_3,&,running_average_size_minutes_for_month_3,&,deployment_membership_value_threshold_array_for_month_4,&,running_average_size_minutes_for_month_4,&,deployment_membership_value_threshold_array_for_month_5,&,running_average_size_minutes_for_month_5,&,deployment_membership_value_threshold_array_for_month_6,&,running_average_size_minutes_for_month_6,&,deployment_membership_value_threshold_array_for_month_7,&,running_average_size_minutes_for_month_7,&,deployment_membership_value_threshold_array_for_month_8,&,running_average_size_minutes_for_month_8,&,deployment_membership_value_threshold_array_for_month_9,&,running_average_size_minutes_for_month_9,&,deployment_membership_value_threshold_array_for_month_10,&,running_average_size_minutes_for_month_10,&,deployment_membership_value_threshold_array_for_month_11,&,running_average_size_minutes_for_month_11,&,deployment_membership_value_threshold_array_for_month_12,&,running_average_size_minutes_for_month_12,&,dNetNorm,&,dMarketBalancePercentage,&,dMarketNetNorm,
results: KCLE,&,0.5,&,1,&,0.5,&,61,&,0.5,&,1,&,0.5,&,91,&,0.5,&,121,&,0.5,&,31,&,0.5,&,1,&,0.5,&,121,&,0.5,&,31,&,0.5,&,31,&,0.5,&,61,&,0.5,&,61,&,0.2153468673176294,&,0.8969170307808724,&,0.19314827282249064
monthly visible minutes:KCLE,&,2013,&,8672,&,8672,&,8672,&,8672,&,8672,&,8672,&,8672,&,8672,&,8672,&,8672,&,8672,&,8672,&,
monthly visible minutes:KCLE,&,2014,&,8672,&,8672,&,8672,&,8672,&,8672,&,8672,&,8672,&,8672,&,8672,&,8672,&,8672,&,8672,&,
monthly minutes harvester between states:KCLE,&,2013,&,38,&,38,&,38,&,38,&,38,&,38,&,38,&,38,&,38,&,38,&,38,&,38,&,
monthly minutes harvester between states:KCLE,&,2014,&,38,&,38,&,38,&,38,&,38,&,38,&,38,&,38,&,38,&,38,&,38,&,38,&,
FuzzyVsCrisp: KCLE,1,true,true
Station: KCLT
abc: The current path is /home/guy/retractable-wind
I have found the property file.
The training windspeed filename is /trainingKCLT2004-2012in.csv
The testing windspeed filename is /testingKCLT2013-2014in.csv
Yes, the station is KCLT
Warning: The bAlsoUsePrediction no longer has any effect
iUsedAllItsAllocatedVisibilityMinutesPerMonth: 8760
Visibility Allocation Minutes:8760
HARVESTER_SIZE_SQM is 6362
Reading file
Success: /Wind turbine power curves - wind turbine power output against wind speed in knots.csv found.
Speed (Knots) = Speed(knots) vs power (kW) , Power (kW) =V90
Speed (Knots) = 0 , Power (kW) =0
Speed (Knots) = 1 , Power (kW) =0
Speed (Knots) = 2 , Power (kW) =0
Speed (Knots) = 3 , Power (kW) =0
Speed (Knots) = 4 , Power (kW) =0
Speed (Knots) = 5 , Power (kW) =0
Speed (Knots) = 6 , Power (kW) =0
Speed (Knots) = 7 , Power (kW) =38
Speed (Knots) = 8 , Power (kW) =87
Speed (Knots) = 9 , Power (kW) =141
Speed (Knots) = 10 , Power (kW) =207
Speed (Knots) = 11 , Power (kW) =286
Speed (Knots) = 12 , Power (kW) =382
Speed (Knots) = 13 , Power (kW) =496
Speed (Knots) = 14 , Power (kW) =628
Speed (Knots) = 15 , Power (kW) =781
Speed (Knots) = 16 , Power (kW) =957
Speed (Knots) = 17 , Power (kW) =1153
Speed (Knots) = 18 , Power (kW) =1366
Speed (Knots) = 19 , Power (kW) =1589
Speed (Knots) = 20 , Power (kW) =1814
Speed (Knots) = 21 , Power (kW) =2035
Speed (Knots) = 22 , Power (kW) =2250
Speed (Knots) = 23 , Power (kW) =2452
Speed (Knots) = 24 , Power (kW) =2634
Speed (Knots) = 25 , Power (kW) =2784
Speed (Knots) = 26 , Power (kW) =2888
Speed (Knots) = 27 , Power (kW) =2949
Speed (Knots) = 28 , Power (kW) =2980
Speed (Knots) = 29 , Power (kW) =2993
Speed (Knots) = 30 , Power (kW) =3000
Speed (Knots) = 31 , Power (kW) =3000
Speed (Knots) = 32 , Power (kW) =3000
Speed (Knots) = 33 , Power (kW) =3000
Speed (Knots) = 34 , Power (kW) =3000
Speed (Knots) = 35 , Power (kW) =3000
Speed (Knots) = 36 , Power (kW) =3000
Speed (Knots) = 37 , Power (kW) =3000
Speed (Knots) = 38 , Power (kW) =3000
Speed (Knots) = 39 , Power (kW) =3000
Speed (Knots) = 40 , Power (kW) =3000
Speed (Knots) = 41 , Power (kW) =3000
Speed (Knots) = 42 , Power (kW) =3000
Speed (Knots) = 43 , Power (kW) =3000
Speed (Knots) = 44 , Power (kW) =3000
Speed (Knots) = 45 , Power (kW) =3000
Speed (Knots) = 46 , Power (kW) =3000
Speed (Knots) = 47 , Power (kW) =3000
Speed (Knots) = 48 , Power (kW) =3000
Speed (Knots) = 49 , Power (kW) =0
Speed (Knots) = 50 , Power (kW) =0
Speed (Knots) = 51 , Power (kW) =0
Speed (Knots) = 52 , Power (kW) =0
Speed (Knots) = 53 , Power (kW) =0
Speed (Knots) = 54 , Power (kW) =0
Speed (Knots) = 55 , Power (kW) =0
Speed (Knots) = 56 , Power (kW) =0
Speed (Knots) = 57 , Power (kW) =0
Speed (Knots) = 58 , Power (kW) =0
Speed (Knots) = 59 , Power (kW) =0
Speed (Knots) = 60 , Power (kW) =0
The scale is 1.0
Wind power at 10 knots in kilowatts is 207.0
Wind power in-cut-out test 0.0
Fuzzy
Class name:edu.pitt.cs.people.guy.wind.benchmarks.Fuzzy5
Success: /Noise_Allowed_Time_Definitions_All_Stations.csv found.
The station is the record is KCLT
Success: /Noise_Allowed_Time_Definitions_All_Stations.csv found.
The station is the record is KCLT
I have found the membership file for NOT WINDY.
Windspeed (knots) [0,1), Membership Value =1.000000000,1.0
Windspeed (knots) [1,2), Membership Value =0.999808973,0.99980897
Windspeed (knots) [2,3), Membership Value =0.996959454,0.99695945
Windspeed (knots) [3,4), Membership Value =0.984354107,0.9843541
Windspeed (knots) [4,5), Membership Value =0.953079203,0.9530792
Windspeed (knots) [5,6), Membership Value =0.896573364,0.89657336
Windspeed (knots) [6,7), Membership Value =0.816209435,0.81620944
Windspeed (knots) [7,8), Membership Value =0.716200374,0.71620035
Windspeed (knots) [8,9), Membership Value =0.601639809,0.6016398
Windspeed (knots) [9,10), Membership Value =0.483225306,0.48322532
Windspeed (knots) [10,11), Membership Value =0.366662968,0.36666298
Windspeed (knots) [11,12), Membership Value =0.258615751,0.25861576
Windspeed (knots) [12,13), Membership Value =0.160827277,0.16082728
Windspeed (knots) [13,14), Membership Value =0.078586080,0.07858608
Windspeed (knots) [14,15), Membership Value =0.009183443,0.009183443
Windspeed (knots) [15,16), Membership Value =0.000000000,0.0
Windspeed (knots) [16,17), Membership Value =0.000000000,0.0
Windspeed (knots) [17,18), Membership Value =0.000000000,0.0
Windspeed (knots) [18,19), Membership Value =0.000000000,0.0
Windspeed (knots) [19,20), Membership Value =0.000000000,0.0
Windspeed (knots) [20,21), Membership Value =0.000000000,0.0
Windspeed (knots) [21,22), Membership Value =0.000000000,0.0
Windspeed (knots) [22,23), Membership Value =0.000000000,0.0
Windspeed (knots) [23,24), Membership Value =0.000000000,0.0
Windspeed (knots) [24,25), Membership Value =0.000000000,0.0
Windspeed (knots) [25,26), Membership Value =0.000000000,0.0
Windspeed (knots) [26,27), Membership Value =0.000000000,0.0
Windspeed (knots) [27,28), Membership Value =0.000000000,0.0
Windspeed (knots) [28,29), Membership Value =0.000000000,0.0
Windspeed (knots) [29,30), Membership Value =0.000000000,0.0
Windspeed (knots) [30,31), Membership Value =0.000000000,0.0
Windspeed (knots) [31,32), Membership Value =0.000000000,0.0
Windspeed (knots) [32,33), Membership Value =0.000000000,0.0
Windspeed (knots) [33,34), Membership Value =0.000000000,0.0
Windspeed (knots) [34,35), Membership Value =0.000000000,0.0
Windspeed (knots) [35,36), Membership Value =0.000000000,0.0
Windspeed (knots) [36,37), Membership Value =0.000000000,0.0
Windspeed (knots) [37,38), Membership Value =0.000000000,0.0
Windspeed (knots) [38,39), Membership Value =0.000000000,0.0
Windspeed (knots) [39,40), Membership Value =0.000000000,0.0
Windspeed (knots) [40,41), Membership Value =0.000000000,0.0
Windspeed (knots) [41,42), Membership Value =0.000000000,0.0
Windspeed (knots) [42,43), Membership Value =0.000000000,0.0
Windspeed (knots) [43,44), Membership Value =0.000000000,0.0
Windspeed (knots) [44,45), Membership Value =0.000000000,0.0
Windspeed (knots) [45,46), Membership Value =0.000000000,0.0
Windspeed (knots) [46,47), Membership Value =0.000000000,0.0
Windspeed (knots) [47,48), Membership Value =0.000000000,0.0
Windspeed (knots) [48,49), Membership Value =0.000000000,0.0
Windspeed (knots) [49,50), Membership Value =0.000000000,0.0
Windspeed (knots) [50,51), Membership Value =0.000000000,0.0
Windspeed (knots) [51,52), Membership Value =0.000000000,0.0
Windspeed (knots) [52,53), Membership Value =0.000000000,0.0
Windspeed (knots) [53,54), Membership Value =0.000000000,0.0
Windspeed (knots) [54,55), Membership Value =0.000000000,0.0
Windspeed (knots) [55,56), Membership Value =0.000000000,0.0
Windspeed (knots) [56,57), Membership Value =0.000000000,0.0
Windspeed (knots) [57,58), Membership Value =0.000000000,0.0
Windspeed (knots) [58,59), Membership Value =0.000000000,0.0
Windspeed (knots) [59,60), Membership Value =0.000000000,0.0
Windspeed (knots) [60,61), Membership Value =0.000000000,0.0
Windspeed (knots) [61,62), Membership Value =0.000000000,0.0
Windspeed (knots) [62,63), Membership Value =0.000000000,0.0
Windspeed (knots) [63,64), Membership Value =0.000000000,0.0
Windspeed (knots) [64,65), Membership Value =0.000000000,0.0
Windspeed (knots) [65,66), Membership Value =0.000000000,0.0
Windspeed (knots) [66,67), Membership Value =0.000000000,0.0
Windspeed (knots) [67,68), Membership Value =0.000000000,0.0
Windspeed (knots) [68,69), Membership Value =0.000000000,0.0
Windspeed (knots) [69,70), Membership Value =0.000000000,0.0
Windspeed (knots) [70,71), Membership Value =0.000000000,0.0
Windspeed (knots) [71,72), Membership Value =0.000000000,0.0
Windspeed (knots) [72,73), Membership Value =0.000000000,0.0
Windspeed (knots) [73,74), Membership Value =0.000000000,0.0
Windspeed (knots) [74,75), Membership Value =0.000000000,0.0
Windspeed (knots) [75,76), Membership Value =0.000000000,0.0
Windspeed (knots) [76,77), Membership Value =0.000000000,0.0
Windspeed (knots) [77,78), Membership Value =0.000000000,0.0
Windspeed (knots) [78,79), Membership Value =0.000000000,0.0
Windspeed (knots) [79,80), Membership Value =0.000000000,0.0
Windspeed (knots) [80,81), Membership Value =0.000000000,0.0
Windspeed (knots) [81,82), Membership Value =0.000000000,0.0
Windspeed (knots) [82,83), Membership Value =0.000000000,0.0
Windspeed (knots) [83,84), Membership Value =0.000000000,0.0
Windspeed (knots) [84,85), Membership Value =0.000000000,0.0
Windspeed (knots) [85,86), Membership Value =0.000000000,0.0
Windspeed (knots) [86,87), Membership Value =0.000000000,0.0
Windspeed (knots) [87,88), Membership Value =0.000000000,0.0
Windspeed (knots) [88,89), Membership Value =0.000000000,0.0
Windspeed (knots) [89,90), Membership Value =0.000000000,0.0
Windspeed (knots) [90,91), Membership Value =0.000000000,0.0
Windspeed (knots) [91,92), Membership Value =0.000000000,0.0
Windspeed (knots) [92,93), Membership Value =0.000000000,0.0
Windspeed (knots) [93,94), Membership Value =0.000000000,0.0
Windspeed (knots) [94,95), Membership Value =0.000000000,0.0
Windspeed (knots) [95,96), Membership Value =0.000000000,0.0
Windspeed (knots) [96,97), Membership Value =0.000000000,0.0
Windspeed (knots) [97,98), Membership Value =0.000000000,0.0
Windspeed (knots) [98,99), Membership Value =0.000000000,0.0
Windspeed (knots) [99,100), Membership Value =0.000000000,0.0
Windspeed (knots) [100,101), Membership Value =0.000000000,0.0
Windspeed (knots) [101,102), Membership Value =0.000000000,0.0
Windspeed (knots) [102,103), Membership Value =0.000000000,0.0
Windspeed (knots) [103,104), Membership Value =0.000000000,0.0
Windspeed (knots) [104,105), Membership Value =0.000000000,0.0
Windspeed (knots) [105,106), Membership Value =0.000000000,0.0
Windspeed (knots) [106,107), Membership Value =0.000000000,0.0
Windspeed (knots) [107,108), Membership Value =0.000000000,0.0
Windspeed (knots) [108,109), Membership Value =0.000000000,0.0
Windspeed (knots) [109,110), Membership Value =0.000000000,0.0
Windspeed (knots) [110,111), Membership Value =0.000000000,0.0
Windspeed (knots) [111,112), Membership Value =0.000000000,0.0
Windspeed (knots) [112,113), Membership Value =0.000000000,0.0
Windspeed (knots) [113,114), Membership Value =0.000000000,0.0
Windspeed (knots) [114,115), Membership Value =0.000000000,0.0
Windspeed (knots) [115,116), Membership Value =0.000000000,0.0
Windspeed (knots) [116,117), Membership Value =0.000000000,0.0
Windspeed (knots) [117,118), Membership Value =0.000000000,0.0
Windspeed (knots) [118,119), Membership Value =0.000000000,0.0
Windspeed (knots) [119,120), Membership Value =0.000000000,0.0
Windspeed (knots) [120,121), Membership Value =0.000000000,0.0
Windspeed (knots) [121,122), Membership Value =0.000000000,0.0
Windspeed (knots) [122,123), Membership Value =0.000000000,0.0
Windspeed (knots) [123,124), Membership Value =0.000000000,0.0
Windspeed (knots) [124,125), Membership Value =0.000000000,0.0
LowestWindspeedThatIsWindyKnots for station KCLT is 5 knots.
Transition limited :true
bUseWeatherPrediction: true
The running average is 1
The membership_value_deployment_threshold is 0.5
Energy harvested: 1084070.4777777975
iGeneratingEnergyWhenGridNeedsEnergyMinutes =308928
iGeneratingEnergyWhenGridNeedsEnergyMinutes =308928
iUsingEnergyWhenGridNeedsEnergyMinutes =2017
iGeneratingEnergyWhenGridHasExcessEnergyMinutes = 3497
iUsingEnergyWhenGridHasExcessEnergyMinutes = 19
iIdleWhenGridDoesNotNeedEnergyMinutes = 42564
iIdleWhenGridNeedsEnergyMinutes = 4376278
iEnergyPriceIsZeroMinutes = 240
harvester.getEnergyHarvestedAVAILABLEKilowattHours( ): 4898122.183333334
harvester.getEnergyHarvestedKilowattHours(): 1084070.4777777975
The running average is 31
The membership_value_deployment_threshold is 0.5
Energy harvested: 1208410.7438889109
iGeneratingEnergyWhenGridNeedsEnergyMinutes =330961
iGeneratingEnergyWhenGridNeedsEnergyMinutes =330961
iUsingEnergyWhenGridNeedsEnergyMinutes =1953
iGeneratingEnergyWhenGridHasExcessEnergyMinutes = 3485
iUsingEnergyWhenGridHasExcessEnergyMinutes = 19
iIdleWhenGridDoesNotNeedEnergyMinutes = 42576
iIdleWhenGridNeedsEnergyMinutes = 4354309
iEnergyPriceIsZeroMinutes = 240
harvester.getEnergyHarvestedAVAILABLEKilowattHours( ): 4898122.183333334
harvester.getEnergyHarvestedKilowattHours(): 1208410.7438889109
The running average is 61
The membership_value_deployment_threshold is 0.5
Energy harvested: 1207628.1077777995
iGeneratingEnergyWhenGridNeedsEnergyMinutes =326320
iGeneratingEnergyWhenGridNeedsEnergyMinutes =326320
iUsingEnergyWhenGridNeedsEnergyMinutes =1986
iGeneratingEnergyWhenGridHasExcessEnergyMinutes = 3434
iUsingEnergyWhenGridHasExcessEnergyMinutes = 0
iIdleWhenGridDoesNotNeedEnergyMinutes = 42646
iIdleWhenGridNeedsEnergyMinutes = 4358917
iEnergyPriceIsZeroMinutes = 240
harvester.getEnergyHarvestedAVAILABLEKilowattHours( ): 4898122.183333334
harvester.getEnergyHarvestedKilowattHours(): 1207628.1077777995
The running average is 91
The membership_value_deployment_threshold is 0.5
Energy harvested: 1254946.4472222433
iGeneratingEnergyWhenGridNeedsEnergyMinutes =328789
iGeneratingEnergyWhenGridNeedsEnergyMinutes =328789
iUsingEnergyWhenGridNeedsEnergyMinutes =1901
iGeneratingEnergyWhenGridHasExcessEnergyMinutes = 3464
iUsingEnergyWhenGridHasExcessEnergyMinutes = 0
iIdleWhenGridDoesNotNeedEnergyMinutes = 42616
iIdleWhenGridNeedsEnergyMinutes = 4356533
iEnergyPriceIsZeroMinutes = 240
harvester.getEnergyHarvestedAVAILABLEKilowattHours( ): 4898122.183333334
harvester.getEnergyHarvestedKilowattHours(): 1254946.4472222433
The running average is 121
The membership_value_deployment_threshold is 0.5
Energy harvested: 1353959.8344444665
iGeneratingEnergyWhenGridNeedsEnergyMinutes =331635
iGeneratingEnergyWhenGridNeedsEnergyMinutes =331635
iUsingEnergyWhenGridNeedsEnergyMinutes =1894
iGeneratingEnergyWhenGridHasExcessEnergyMinutes = 3304
iUsingEnergyWhenGridHasExcessEnergyMinutes = 0
iIdleWhenGridDoesNotNeedEnergyMinutes = 42776
iIdleWhenGridNeedsEnergyMinutes = 4353694
iEnergyPriceIsZeroMinutes = 240
harvester.getEnergyHarvestedAVAILABLEKilowattHours( ): 4898122.183333334
harvester.getEnergyHarvestedKilowattHours(): 1353959.8344444665
Beginning testing mode:
station,&,deployment_membership_value_threshold_array_for_month_1,&,running_average_size_minutes_for_month_1,&,deployment_membership_value_threshold_array_for_month_2,&,running_average_size_minutes_for_month_2,&,deployment_membership_value_threshold_array_for_month_3,&,running_average_size_minutes_for_month_3,&,deployment_membership_value_threshold_array_for_month_4,&,running_average_size_minutes_for_month_4,&,deployment_membership_value_threshold_array_for_month_5,&,running_average_size_minutes_for_month_5,&,deployment_membership_value_threshold_array_for_month_6,&,running_average_size_minutes_for_month_6,&,deployment_membership_value_threshold_array_for_month_7,&,running_average_size_minutes_for_month_7,&,deployment_membership_value_threshold_array_for_month_8,&,running_average_size_minutes_for_month_8,&,deployment_membership_value_threshold_array_for_month_9,&,running_average_size_minutes_for_month_9,&,deployment_membership_value_threshold_array_for_month_10,&,running_average_size_minutes_for_month_10,&,deployment_membership_value_threshold_array_for_month_11,&,running_average_size_minutes_for_month_11,&,deployment_membership_value_threshold_array_for_month_12,&,running_average_size_minutes_for_month_12,&,dNetNorm,&,dMarketBalancePercentage,&,dMarketNetNorm,
results: KCLT,&,0.5,&,121,&,0.5,&,31,&,0.5,&,31,&,0.5,&,1,&,0.5,&,31,&,0.5,&,31,&,0.5,&,1,&,0.5,&,1,&,0.5,&,91,&,0.5,&,1,&,0.5,&,121,&,0.5,&,1,&,0.30160301143106055,&,0.9351079203766725,&,0.2820313647986408
monthly visible minutes:KCLT,&,2013,&,8672,&,8672,&,8672,&,8672,&,8672,&,8672,&,8672,&,8672,&,8672,&,8672,&,8672,&,8672,&,
monthly visible minutes:KCLT,&,2014,&,8672,&,8672,&,8672,&,8672,&,8672,&,8672,&,8672,&,8672,&,8672,&,8672,&,8672,&,8672,&,
monthly minutes harvester between states:KCLT,&,2013,&,38,&,38,&,38,&,38,&,38,&,38,&,38,&,38,&,38,&,38,&,38,&,38,&,
monthly minutes harvester between states:KCLT,&,2014,&,38,&,38,&,38,&,38,&,38,&,38,&,38,&,38,&,38,&,38,&,38,&,38,&,
FuzzyVsCrisp: KCLT,1,true,true
station,&,deployment_membership_value_threshold_array_for_month_1,&,running_average_size_minutes_for_month_1,&,deployment_membership_value_threshold_array_for_month_2,&,running_average_size_minutes_for_month_2,&,deployment_membership_value_threshold_array_for_month_3,&,running_average_size_minutes_for_month_3,&,deployment_membership_value_threshold_array_for_month_4,&,running_average_size_minutes_for_month_4,&,deployment_membership_value_threshold_array_for_month_5,&,running_average_size_minutes_for_month_5,&,deployment_membership_value_threshold_array_for_month_6,&,running_average_size_minutes_for_month_6,&,deployment_membership_value_threshold_array_for_month_7,&,running_average_size_minutes_for_month_7,&,deployment_membership_value_threshold_array_for_month_8,&,running_average_size_minutes_for_month_8,&,deployment_membership_value_threshold_array_for_month_9,&,running_average_size_minutes_for_month_9,&,deployment_membership_value_threshold_array_for_month_10,&,running_average_size_minutes_for_month_10,&,deployment_membership_value_threshold_array_for_month_11,&,running_average_size_minutes_for_month_11,&,deployment_membership_value_threshold_array_for_month_12,&,running_average_size_minutes_for_month_12,&,dNetNorm,&,dMarketBalancePercentage,&,dMarketNetNorm,
results: KCLT,&,0.5,&,121,&,0.5,&,31,&,0.5,&,31,&,0.5,&,1,&,0.5,&,31,&,0.5,&,31,&,0.5,&,1,&,0.5,&,1,&,0.5,&,91,&,0.5,&,1,&,0.5,&,121,&,0.5,&,1,&,0.30160301143106055,&,0.9351079203766725,&,0.2820313647986408
monthly visible minutes:KCLT,&,2013,&,8672,&,8672,&,8672,&,8672,&,8672,&,8672,&,8672,&,8672,&,8672,&,8672,&,8672,&,8672,&,
monthly visible minutes:KCLT,&,2014,&,8672,&,8672,&,8672,&,8672,&,8672,&,8672,&,8672,&,8672,&,8672,&,8672,&,8672,&,8672,&,
monthly minutes harvester between states:KCLT,&,2013,&,38,&,38,&,38,&,38,&,38,&,38,&,38,&,38,&,38,&,38,&,38,&,38,&,
monthly minutes harvester between states:KCLT,&,2014,&,38,&,38,&,38,&,38,&,38,&,38,&,38,&,38,&,38,&,38,&,38,&,38,&,
FuzzyVsCrisp: KCLT,1,true,true
Station: KCVG
abc: The current path is /home/guy/retractable-wind
I have found the property file.
The training windspeed filename is /trainingKCVG2004-2012in.csv
The testing windspeed filename is /testingKCVG2013-2014in.csv
Yes, the station is KCVG
Warning: The bAlsoUsePrediction no longer has any effect
iUsedAllItsAllocatedVisibilityMinutesPerMonth: 8760
Visibility Allocation Minutes:8760
HARVESTER_SIZE_SQM is 6362
Reading file
Success: /Wind turbine power curves - wind turbine power output against wind speed in knots.csv found.
Speed (Knots) = Speed(knots) vs power (kW) , Power (kW) =V90
Speed (Knots) = 0 , Power (kW) =0
Speed (Knots) = 1 , Power (kW) =0
Speed (Knots) = 2 , Power (kW) =0
Speed (Knots) = 3 , Power (kW) =0
Speed (Knots) = 4 , Power (kW) =0
Speed (Knots) = 5 , Power (kW) =0
Speed (Knots) = 6 , Power (kW) =0
Speed (Knots) = 7 , Power (kW) =38
Speed (Knots) = 8 , Power (kW) =87
Speed (Knots) = 9 , Power (kW) =141
Speed (Knots) = 10 , Power (kW) =207
Speed (Knots) = 11 , Power (kW) =286
Speed (Knots) = 12 , Power (kW) =382
Speed (Knots) = 13 , Power (kW) =496
Speed (Knots) = 14 , Power (kW) =628
Speed (Knots) = 15 , Power (kW) =781
Speed (Knots) = 16 , Power (kW) =957
Speed (Knots) = 17 , Power (kW) =1153
Speed (Knots) = 18 , Power (kW) =1366
Speed (Knots) = 19 , Power (kW) =1589
Speed (Knots) = 20 , Power (kW) =1814
Speed (Knots) = 21 , Power (kW) =2035
Speed (Knots) = 22 , Power (kW) =2250
Speed (Knots) = 23 , Power (kW) =2452
Speed (Knots) = 24 , Power (kW) =2634
Speed (Knots) = 25 , Power (kW) =2784
Speed (Knots) = 26 , Power (kW) =2888
Speed (Knots) = 27 , Power (kW) =2949
Speed (Knots) = 28 , Power (kW) =2980
Speed (Knots) = 29 , Power (kW) =2993
Speed (Knots) = 30 , Power (kW) =3000
Speed (Knots) = 31 , Power (kW) =3000
Speed (Knots) = 32 , Power (kW) =3000
Speed (Knots) = 33 , Power (kW) =3000
Speed (Knots) = 34 , Power (kW) =3000
Speed (Knots) = 35 , Power (kW) =3000
Speed (Knots) = 36 , Power (kW) =3000
Speed (Knots) = 37 , Power (kW) =3000
Speed (Knots) = 38 , Power (kW) =3000
Speed (Knots) = 39 , Power (kW) =3000
Speed (Knots) = 40 , Power (kW) =3000
Speed (Knots) = 41 , Power (kW) =3000
Speed (Knots) = 42 , Power (kW) =3000
Speed (Knots) = 43 , Power (kW) =3000
Speed (Knots) = 44 , Power (kW) =3000
Speed (Knots) = 45 , Power (kW) =3000
Speed (Knots) = 46 , Power (kW) =3000
Speed (Knots) = 47 , Power (kW) =3000
Speed (Knots) = 48 , Power (kW) =3000
Speed (Knots) = 49 , Power (kW) =0
Speed (Knots) = 50 , Power (kW) =0
Speed (Knots) = 51 , Power (kW) =0
Speed (Knots) = 52 , Power (kW) =0
Speed (Knots) = 53 , Power (kW) =0
Speed (Knots) = 54 , Power (kW) =0
Speed (Knots) = 55 , Power (kW) =0
Speed (Knots) = 56 , Power (kW) =0
Speed (Knots) = 57 , Power (kW) =0
Speed (Knots) = 58 , Power (kW) =0
Speed (Knots) = 59 , Power (kW) =0
Speed (Knots) = 60 , Power (kW) =0
The scale is 1.0
Wind power at 10 knots in kilowatts is 207.0
Wind power in-cut-out test 0.0
Fuzzy
Class name:edu.pitt.cs.people.guy.wind.benchmarks.Fuzzy5
Success: /Noise_Allowed_Time_Definitions_All_Stations.csv found.
The station is the record is KCVG
Success: /Noise_Allowed_Time_Definitions_All_Stations.csv found.
The station is the record is KCVG
I have found the membership file for NOT WINDY.
Windspeed (knots) [0,1), Membership Value =1.00000000,1.0
Windspeed (knots) [1,2), Membership Value =0.99993104,0.99993104
Windspeed (knots) [2,3), Membership Value =0.99910231,0.9991023
Windspeed (knots) [3,4), Membership Value =0.99547484,0.9954748
Windspeed (knots) [4,5), Membership Value =0.98504723,0.9850472
Windspeed (knots) [5,6), Membership Value =0.96273147,0.9627315
Windspeed (knots) [6,7), Membership Value =0.92411764,0.9241176
Windspeed (knots) [7,8), Membership Value =0.86470912,0.86470914
Windspeed (knots) [8,9), Membership Value =0.79230455,0.7923046
Windspeed (knots) [9,10), Membership Value =0.70498803,0.704988
Windspeed (knots) [10,11), Membership Value =0.60762089,0.6076209
Windspeed (knots) [11,12), Membership Value =0.50467934,0.5046793
Windspeed (knots) [12,13), Membership Value =0.40151416,0.40151417
Windspeed (knots) [13,14), Membership Value =0.30164158,0.30164158
Windspeed (knots) [14,15), Membership Value =0.21096897,0.21096897
Windspeed (knots) [15,16), Membership Value =0.12823072,0.12823072
Windspeed (knots) [16,17), Membership Value =0.05359591,0.05359591
Windspeed (knots) [17,18), Membership Value =0.00000000,0.0
Windspeed (knots) [18,19), Membership Value =0.00000000,0.0
Windspeed (knots) [19,20), Membership Value =0.00000000,0.0
Windspeed (knots) [20,21), Membership Value =0.00000000,0.0
Windspeed (knots) [21,22), Membership Value =0.00000000,0.0
Windspeed (knots) [22,23), Membership Value =0.00000000,0.0
Windspeed (knots) [23,24), Membership Value =0.00000000,0.0
Windspeed (knots) [24,25), Membership Value =0.00000000,0.0
Windspeed (knots) [25,26), Membership Value =0.00000000,0.0
Windspeed (knots) [26,27), Membership Value =0.00000000,0.0
Windspeed (knots) [27,28), Membership Value =0.00000000,0.0
Windspeed (knots) [28,29), Membership Value =0.00000000,0.0
Windspeed (knots) [29,30), Membership Value =0.00000000,0.0
Windspeed (knots) [30,31), Membership Value =0.00000000,0.0
Windspeed (knots) [31,32), Membership Value =0.00000000,0.0
Windspeed (knots) [32,33), Membership Value =0.00000000,0.0
Windspeed (knots) [33,34), Membership Value =0.00000000,0.0
Windspeed (knots) [34,35), Membership Value =0.00000000,0.0
Windspeed (knots) [35,36), Membership Value =0.00000000,0.0
Windspeed (knots) [36,37), Membership Value =0.00000000,0.0
Windspeed (knots) [37,38), Membership Value =0.00000000,0.0
Windspeed (knots) [38,39), Membership Value =0.00000000,0.0
Windspeed (knots) [39,40), Membership Value =0.00000000,0.0
Windspeed (knots) [40,41), Membership Value =0.00000000,0.0
Windspeed (knots) [41,42), Membership Value =0.00000000,0.0
Windspeed (knots) [42,43), Membership Value =0.00000000,0.0
Windspeed (knots) [43,44), Membership Value =0.00000000,0.0
Windspeed (knots) [44,45), Membership Value =0.00000000,0.0
Windspeed (knots) [45,46), Membership Value =0.00000000,0.0
Windspeed (knots) [46,47), Membership Value =0.00000000,0.0
Windspeed (knots) [47,48), Membership Value =0.00000000,0.0
Windspeed (knots) [48,49), Membership Value =0.00000000,0.0
Windspeed (knots) [49,50), Membership Value =0.00000000,0.0
Windspeed (knots) [50,51), Membership Value =0.00000000,0.0
Windspeed (knots) [51,52), Membership Value =0.00000000,0.0
Windspeed (knots) [52,53), Membership Value =0.00000000,0.0
Windspeed (knots) [53,54), Membership Value =0.00000000,0.0
Windspeed (knots) [54,55), Membership Value =0.00000000,0.0
Windspeed (knots) [55,56), Membership Value =0.00000000,0.0
Windspeed (knots) [56,57), Membership Value =0.00000000,0.0
Windspeed (knots) [57,58), Membership Value =0.00000000,0.0
Windspeed (knots) [58,59), Membership Value =0.00000000,0.0
Windspeed (knots) [59,60), Membership Value =0.00000000,0.0
Windspeed (knots) [60,61), Membership Value =0.00000000,0.0
Windspeed (knots) [61,62), Membership Value =0.00000000,0.0
Windspeed (knots) [62,63), Membership Value =0.00000000,0.0
Windspeed (knots) [63,64), Membership Value =0.00000000,0.0
Windspeed (knots) [64,65), Membership Value =0.00000000,0.0
Windspeed (knots) [65,66), Membership Value =0.00000000,0.0
Windspeed (knots) [66,67), Membership Value =0.00000000,0.0
Windspeed (knots) [67,68), Membership Value =0.00000000,0.0
Windspeed (knots) [68,69), Membership Value =0.00000000,0.0
Windspeed (knots) [69,70), Membership Value =0.00000000,0.0
Windspeed (knots) [70,71), Membership Value =0.00000000,0.0
Windspeed (knots) [71,72), Membership Value =0.00000000,0.0
Windspeed (knots) [72,73), Membership Value =0.00000000,0.0
Windspeed (knots) [73,74), Membership Value =0.00000000,0.0
Windspeed (knots) [74,75), Membership Value =0.00000000,0.0
Windspeed (knots) [75,76), Membership Value =0.00000000,0.0
Windspeed (knots) [76,77), Membership Value =0.00000000,0.0
Windspeed (knots) [77,78), Membership Value =0.00000000,0.0
Windspeed (knots) [78,79), Membership Value =0.00000000,0.0
Windspeed (knots) [79,80), Membership Value =0.00000000,0.0
Windspeed (knots) [80,81), Membership Value =0.00000000,0.0
Windspeed (knots) [81,82), Membership Value =0.00000000,0.0
Windspeed (knots) [82,83), Membership Value =0.00000000,0.0
Windspeed (knots) [83,84), Membership Value =0.00000000,0.0
Windspeed (knots) [84,85), Membership Value =0.00000000,0.0
Windspeed (knots) [85,86), Membership Value =0.00000000,0.0
Windspeed (knots) [86,87), Membership Value =0.00000000,0.0
Windspeed (knots) [87,88), Membership Value =0.00000000,0.0
Windspeed (knots) [88,89), Membership Value =0.00000000,0.0
Windspeed (knots) [89,90), Membership Value =0.00000000,0.0
Windspeed (knots) [90,91), Membership Value =0.00000000,0.0
Windspeed (knots) [91,92), Membership Value =0.00000000,0.0
Windspeed (knots) [92,93), Membership Value =0.00000000,0.0
Windspeed (knots) [93,94), Membership Value =0.00000000,0.0
Windspeed (knots) [94,95), Membership Value =0.00000000,0.0
Windspeed (knots) [95,96), Membership Value =0.00000000,0.0
Windspeed (knots) [96,97), Membership Value =0.00000000,0.0
Windspeed (knots) [97,98), Membership Value =0.00000000,0.0
Windspeed (knots) [98,99), Membership Value =0.00000000,0.0
Windspeed (knots) [99,100), Membership Value =0.00000000,0.0
Windspeed (knots) [100,101), Membership Value =0.00000000,0.0
Windspeed (knots) [101,102), Membership Value =0.00000000,0.0
Windspeed (knots) [102,103), Membership Value =0.00000000,0.0
Windspeed (knots) [103,104), Membership Value =0.00000000,0.0
Windspeed (knots) [104,105), Membership Value =0.00000000,0.0
Windspeed (knots) [105,106), Membership Value =0.00000000,0.0
Windspeed (knots) [106,107), Membership Value =0.00000000,0.0
Windspeed (knots) [107,108), Membership Value =0.00000000,0.0
Windspeed (knots) [108,109), Membership Value =0.00000000,0.0
Windspeed (knots) [109,110), Membership Value =0.00000000,0.0
Windspeed (knots) [110,111), Membership Value =0.00000000,0.0
Windspeed (knots) [111,112), Membership Value =0.00000000,0.0
Windspeed (knots) [112,113), Membership Value =0.00000000,0.0
Windspeed (knots) [113,114), Membership Value =0.00000000,0.0
Windspeed (knots) [114,115), Membership Value =0.00000000,0.0
Windspeed (knots) [115,116), Membership Value =0.00000000,0.0
Windspeed (knots) [116,117), Membership Value =0.00000000,0.0
Windspeed (knots) [117,118), Membership Value =0.00000000,0.0
Windspeed (knots) [118,119), Membership Value =0.00000000,0.0
Windspeed (knots) [119,120), Membership Value =0.00000000,0.0
Windspeed (knots) [120,121), Membership Value =0.00000000,0.0
Windspeed (knots) [121,122), Membership Value =0.00000000,0.0
Windspeed (knots) [122,123), Membership Value =0.00000000,0.0
Windspeed (knots) [123,124), Membership Value =0.00000000,0.0
Windspeed (knots) [124,125), Membership Value =0.00000000,0.0
LowestWindspeedThatIsWindyKnots for station KCVG is 7 knots.
Transition limited :true
bUseWeatherPrediction: true
The running average is 1
The membership_value_deployment_threshold is 0.5
Energy harvested: 2597918.9444443863
iGeneratingEnergyWhenGridNeedsEnergyMinutes =491574
iGeneratingEnergyWhenGridNeedsEnergyMinutes =491574
iUsingEnergyWhenGridNeedsEnergyMinutes =1872
iGeneratingEnergyWhenGridHasExcessEnergyMinutes = 5275
iUsingEnergyWhenGridHasExcessEnergyMinutes = 30
iIdleWhenGridDoesNotNeedEnergyMinutes = 40775
iIdleWhenGridNeedsEnergyMinutes = 4193774
iEnergyPriceIsZeroMinutes = 240
harvester.getEnergyHarvestedAVAILABLEKilowattHours( ): 1.1543897016666668E7
harvester.getEnergyHarvestedKilowattHours(): 2597918.9444443863
The running average is 31
The membership_value_deployment_threshold is 0.5
Energy harvested: 3145897.527499909
iGeneratingEnergyWhenGridNeedsEnergyMinutes =513911
iGeneratingEnergyWhenGridNeedsEnergyMinutes =513911
iUsingEnergyWhenGridNeedsEnergyMinutes =1605
iGeneratingEnergyWhenGridHasExcessEnergyMinutes = 5533
iUsingEnergyWhenGridHasExcessEnergyMinutes = 18
iIdleWhenGridDoesNotNeedEnergyMinutes = 40529
iIdleWhenGridNeedsEnergyMinutes = 4171704
iEnergyPriceIsZeroMinutes = 240
harvester.getEnergyHarvestedAVAILABLEKilowattHours( ): 1.1543897016666668E7
harvester.getEnergyHarvestedKilowattHours(): 3145897.527499909
The running average is 61
The membership_value_deployment_threshold is 0.5
Energy harvested: 3174129.7791665657
iGeneratingEnergyWhenGridNeedsEnergyMinutes =505708
iGeneratingEnergyWhenGridNeedsEnergyMinutes =505708
iUsingEnergyWhenGridNeedsEnergyMinutes =1603
iGeneratingEnergyWhenGridHasExcessEnergyMinutes = 5540
iUsingEnergyWhenGridHasExcessEnergyMinutes = 19
iIdleWhenGridDoesNotNeedEnergyMinutes = 40521
iIdleWhenGridNeedsEnergyMinutes = 4179909
iEnergyPriceIsZeroMinutes = 240
harvester.getEnergyHarvestedAVAILABLEKilowattHours( ): 1.1543897016666668E7
harvester.getEnergyHarvestedKilowattHours(): 3174129.7791665657
The running average is 91
The membership_value_deployment_threshold is 0.5
Energy harvested: 3134796.691388784
iGeneratingEnergyWhenGridNeedsEnergyMinutes =497644
iGeneratingEnergyWhenGridNeedsEnergyMinutes =497644
iUsingEnergyWhenGridNeedsEnergyMinutes =1588
iGeneratingEnergyWhenGridHasExcessEnergyMinutes = 3820
iUsingEnergyWhenGridHasExcessEnergyMinutes = 0
iIdleWhenGridDoesNotNeedEnergyMinutes = 42260
iIdleWhenGridNeedsEnergyMinutes = 4187988
iEnergyPriceIsZeroMinutes = 240
harvester.getEnergyHarvestedAVAILABLEKilowattHours( ): 1.1543897016666668E7
harvester.getEnergyHarvestedKilowattHours(): 3134796.691388784
The running average is 121
The membership_value_deployment_threshold is 0.5
Energy harvested: 3216984.2249999037
iGeneratingEnergyWhenGridNeedsEnergyMinutes =503482
iGeneratingEnergyWhenGridNeedsEnergyMinutes =503482
iUsingEnergyWhenGridNeedsEnergyMinutes =1534
iGeneratingEnergyWhenGridHasExcessEnergyMinutes = 3953
iUsingEnergyWhenGridHasExcessEnergyMinutes = 0
iIdleWhenGridDoesNotNeedEnergyMinutes = 42127
iIdleWhenGridNeedsEnergyMinutes = 4182204
iEnergyPriceIsZeroMinutes = 240
harvester.getEnergyHarvestedAVAILABLEKilowattHours( ): 1.1543897016666668E7
harvester.getEnergyHarvestedKilowattHours(): 3216984.2249999037
Beginning testing mode:
station,&,deployment_membership_value_threshold_array_for_month_1,&,running_average_size_minutes_for_month_1,&,deployment_membership_value_threshold_array_for_month_2,&,running_average_size_minutes_for_month_2,&,deployment_membership_value_threshold_array_for_month_3,&,running_average_size_minutes_for_month_3,&,deployment_membership_value_threshold_array_for_month_4,&,running_average_size_minutes_for_month_4,&,deployment_membership_value_threshold_array_for_month_5,&,running_average_size_minutes_for_month_5,&,deployment_membership_value_threshold_array_for_month_6,&,running_average_size_minutes_for_month_6,&,deployment_membership_value_threshold_array_for_month_7,&,running_average_size_minutes_for_month_7,&,deployment_membership_value_threshold_array_for_month_8,&,running_average_size_minutes_for_month_8,&,deployment_membership_value_threshold_array_for_month_9,&,running_average_size_minutes_for_month_9,&,deployment_membership_value_threshold_array_for_month_10,&,running_average_size_minutes_for_month_10,&,deployment_membership_value_threshold_array_for_month_11,&,running_average_size_minutes_for_month_11,&,deployment_membership_value_threshold_array_for_month_12,&,running_average_size_minutes_for_month_12,&,dNetNorm,&,dMarketBalancePercentage,&,dMarketNetNorm,
results: KCVG,&,0.5,&,1,&,0.5,&,61,&,0.5,&,121,&,0.5,&,1,&,0.5,&,1,&,0.5,&,1,&,0.5,&,31,&,0.5,&,31,&,0.5,&,1,&,0.5,&,31,&,0.5,&,61,&,0.5,&,121,&,0.23283382085667495,&,0.8787282192837353,&,0.20459764879041423
monthly visible minutes:KCVG,&,2013,&,8672,&,8672,&,8672,&,8672,&,8672,&,8672,&,8672,&,8672,&,8672,&,8672,&,8672,&,8672,&,
monthly visible minutes:KCVG,&,2014,&,8672,&,8672,&,8672,&,8672,&,8672,&,8672,&,8672,&,8672,&,8672,&,8672,&,8672,&,8672,&,
monthly minutes harvester between states:KCVG,&,2013,&,38,&,38,&,38,&,38,&,38,&,38,&,38,&,38,&,38,&,38,&,38,&,38,&,
monthly minutes harvester between states:KCVG,&,2014,&,38,&,38,&,38,&,38,&,38,&,38,&,38,&,38,&,38,&,38,&,38,&,38,&,
FuzzyVsCrisp: KCVG,1,true,true
station,&,deployment_membership_value_threshold_array_for_month_1,&,running_average_size_minutes_for_month_1,&,deployment_membership_value_threshold_array_for_month_2,&,running_average_size_minutes_for_month_2,&,deployment_membership_value_threshold_array_for_month_3,&,running_average_size_minutes_for_month_3,&,deployment_membership_value_threshold_array_for_month_4,&,running_average_size_minutes_for_month_4,&,deployment_membership_value_threshold_array_for_month_5,&,running_average_size_minutes_for_month_5,&,deployment_membership_value_threshold_array_for_month_6,&,running_average_size_minutes_for_month_6,&,deployment_membership_value_threshold_array_for_month_7,&,running_average_size_minutes_for_month_7,&,deployment_membership_value_threshold_array_for_month_8,&,running_average_size_minutes_for_month_8,&,deployment_membership_value_threshold_array_for_month_9,&,running_average_size_minutes_for_month_9,&,deployment_membership_value_threshold_array_for_month_10,&,running_average_size_minutes_for_month_10,&,deployment_membership_value_threshold_array_for_month_11,&,running_average_size_minutes_for_month_11,&,deployment_membership_value_threshold_array_for_month_12,&,running_average_size_minutes_for_month_12,&,dNetNorm,&,dMarketBalancePercentage,&,dMarketNetNorm,
results: KCVG,&,0.5,&,1,&,0.5,&,61,&,0.5,&,121,&,0.5,&,1,&,0.5,&,1,&,0.5,&,1,&,0.5,&,31,&,0.5,&,31,&,0.5,&,1,&,0.5,&,31,&,0.5,&,61,&,0.5,&,121,&,0.23283382085667495,&,0.8787282192837353,&,0.20459764879041423
monthly visible minutes:KCVG,&,2013,&,8672,&,8672,&,8672,&,8672,&,8672,&,8672,&,8672,&,8672,&,8672,&,8672,&,8672,&,8672,&,
monthly visible minutes:KCVG,&,2014,&,8672,&,8672,&,8672,&,8672,&,8672,&,8672,&,8672,&,8672,&,8672,&,8672,&,8672,&,8672,&,
monthly minutes harvester between states:KCVG,&,2013,&,38,&,38,&,38,&,38,&,38,&,38,&,38,&,38,&,38,&,38,&,38,&,38,&,
monthly minutes harvester between states:KCVG,&,2014,&,38,&,38,&,38,&,38,&,38,&,38,&,38,&,38,&,38,&,38,&,38,&,38,&,
FuzzyVsCrisp: KCVG,1,true,true
Station: KDCA
abc: The current path is /home/guy/retractable-wind
I have found the property file.
The training windspeed filename is /trainingKDCA2004-2012in.csv
The testing windspeed filename is /testingKDCA2013-2014in.csv
Yes, the station is KDCA
Warning: The bAlsoUsePrediction no longer has any effect
iUsedAllItsAllocatedVisibilityMinutesPerMonth: 8760
Visibility Allocation Minutes:8760
HARVESTER_SIZE_SQM is 6362
Reading file
Success: /Wind turbine power curves - wind turbine power output against wind speed in knots.csv found.
Speed (Knots) = Speed(knots) vs power (kW) , Power (kW) =V90
Speed (Knots) = 0 , Power (kW) =0
Speed (Knots) = 1 , Power (kW) =0
Speed (Knots) = 2 , Power (kW) =0
Speed (Knots) = 3 , Power (kW) =0
Speed (Knots) = 4 , Power (kW) =0
Speed (Knots) = 5 , Power (kW) =0
Speed (Knots) = 6 , Power (kW) =0
Speed (Knots) = 7 , Power (kW) =38
Speed (Knots) = 8 , Power (kW) =87
Speed (Knots) = 9 , Power (kW) =141
Speed (Knots) = 10 , Power (kW) =207
Speed (Knots) = 11 , Power (kW) =286
Speed (Knots) = 12 , Power (kW) =382
Speed (Knots) = 13 , Power (kW) =496
Speed (Knots) = 14 , Power (kW) =628
Speed (Knots) = 15 , Power (kW) =781
Speed (Knots) = 16 , Power (kW) =957
Speed (Knots) = 17 , Power (kW) =1153
Speed (Knots) = 18 , Power (kW) =1366
Speed (Knots) = 19 , Power (kW) =1589
Speed (Knots) = 20 , Power (kW) =1814
Speed (Knots) = 21 , Power (kW) =2035
Speed (Knots) = 22 , Power (kW) =2250
Speed (Knots) = 23 , Power (kW) =2452
Speed (Knots) = 24 , Power (kW) =2634
Speed (Knots) = 25 , Power (kW) =2784
Speed (Knots) = 26 , Power (kW) =2888
Speed (Knots) = 27 , Power (kW) =2949
Speed (Knots) = 28 , Power (kW) =2980
Speed (Knots) = 29 , Power (kW) =2993
Speed (Knots) = 30 , Power (kW) =3000
Speed (Knots) = 31 , Power (kW) =3000
Speed (Knots) = 32 , Power (kW) =3000
Speed (Knots) = 33 , Power (kW) =3000
Speed (Knots) = 34 , Power (kW) =3000
Speed (Knots) = 35 , Power (kW) =3000
Speed (Knots) = 36 , Power (kW) =3000
Speed (Knots) = 37 , Power (kW) =3000
Speed (Knots) = 38 , Power (kW) =3000
Speed (Knots) = 39 , Power (kW) =3000
Speed (Knots) = 40 , Power (kW) =3000
Speed (Knots) = 41 , Power (kW) =3000
Speed (Knots) = 42 , Power (kW) =3000
Speed (Knots) = 43 , Power (kW) =3000
Speed (Knots) = 44 , Power (kW) =3000
Speed (Knots) = 45 , Power (kW) =3000
Speed (Knots) = 46 , Power (kW) =3000
Speed (Knots) = 47 , Power (kW) =3000
Speed (Knots) = 48 , Power (kW) =3000
Speed (Knots) = 49 , Power (kW) =0
Speed (Knots) = 50 , Power (kW) =0
Speed (Knots) = 51 , Power (kW) =0
Speed (Knots) = 52 , Power (kW) =0
Speed (Knots) = 53 , Power (kW) =0
Speed (Knots) = 54 , Power (kW) =0
Speed (Knots) = 55 , Power (kW) =0
Speed (Knots) = 56 , Power (kW) =0
Speed (Knots) = 57 , Power (kW) =0
Speed (Knots) = 58 , Power (kW) =0
Speed (Knots) = 59 , Power (kW) =0
Speed (Knots) = 60 , Power (kW) =0
The scale is 1.0
Wind power at 10 knots in kilowatts is 207.0
Wind power in-cut-out test 0.0
Fuzzy
Class name:edu.pitt.cs.people.guy.wind.benchmarks.Fuzzy5
Success: /Noise_Allowed_Time_Definitions_All_Stations.csv found.
The station is the record is KDCA
Success: /Noise_Allowed_Time_Definitions_All_Stations.csv found.
The station is the record is KDCA
I have found the membership file for NOT WINDY.
Windspeed (knots) [0,1), Membership Value =1.00000000,1.0
Windspeed (knots) [1,2), Membership Value =0.99995870,0.9999587
Windspeed (knots) [2,3), Membership Value =0.99931406,0.99931407
Windspeed (knots) [3,4), Membership Value =0.99597394,0.99597394
Windspeed (knots) [4,5), Membership Value =0.98645224,0.9864522
Windspeed (knots) [5,6), Membership Value =0.96729674,0.9672967
Windspeed (knots) [6,7), Membership Value =0.93346797,0.933468
Windspeed (knots) [7,8), Membership Value =0.88326361,0.8832636
Windspeed (knots) [8,9), Membership Value =0.81258633,0.8125863
Windspeed (knots) [9,10), Membership Value =0.72894185,0.72894186
Windspeed (knots) [10,11), Membership Value =0.63205387,0.63205385
Windspeed (knots) [11,12), Membership Value =0.53365487,0.53365487
Windspeed (knots) [12,13), Membership Value =0.42929035,0.42929035
Windspeed (knots) [13,14), Membership Value =0.33305771,0.3330577
Windspeed (knots) [14,15), Membership Value =0.24499256,0.24499255
Windspeed (knots) [15,16), Membership Value =0.16346385,0.16346385
Windspeed (knots) [16,17), Membership Value =0.09114446,0.09114446
Windspeed (knots) [17,18), Membership Value =0.02753661,0.02753661
Windspeed (knots) [18,19), Membership Value =0.00000000,0.0
Windspeed (knots) [19,20), Membership Value =0.00000000,0.0
Windspeed (knots) [20,21), Membership Value =0.00000000,0.0
Windspeed (knots) [21,22), Membership Value =0.00000000,0.0
Windspeed (knots) [22,23), Membership Value =0.00000000,0.0
Windspeed (knots) [23,24), Membership Value =0.00000000,0.0
Windspeed (knots) [24,25), Membership Value =0.00000000,0.0
Windspeed (knots) [25,26), Membership Value =0.00000000,0.0
Windspeed (knots) [26,27), Membership Value =0.00000000,0.0
Windspeed (knots) [27,28), Membership Value =0.00000000,0.0
Windspeed (knots) [28,29), Membership Value =0.00000000,0.0
Windspeed (knots) [29,30), Membership Value =0.00000000,0.0
Windspeed (knots) [30,31), Membership Value =0.00000000,0.0
Windspeed (knots) [31,32), Membership Value =0.00000000,0.0
Windspeed (knots) [32,33), Membership Value =0.00000000,0.0
Windspeed (knots) [33,34), Membership Value =0.00000000,0.0
Windspeed (knots) [34,35), Membership Value =0.00000000,0.0
Windspeed (knots) [35,36), Membership Value =0.00000000,0.0
Windspeed (knots) [36,37), Membership Value =0.00000000,0.0
Windspeed (knots) [37,38), Membership Value =0.00000000,0.0
Windspeed (knots) [38,39), Membership Value =0.00000000,0.0
Windspeed (knots) [39,40), Membership Value =0.00000000,0.0
Windspeed (knots) [40,41), Membership Value =0.00000000,0.0
Windspeed (knots) [41,42), Membership Value =0.00000000,0.0
Windspeed (knots) [42,43), Membership Value =0.00000000,0.0
Windspeed (knots) [43,44), Membership Value =0.00000000,0.0
Windspeed (knots) [44,45), Membership Value =0.00000000,0.0
Windspeed (knots) [45,46), Membership Value =0.00000000,0.0
Windspeed (knots) [46,47), Membership Value =0.00000000,0.0
Windspeed (knots) [47,48), Membership Value =0.00000000,0.0
Windspeed (knots) [48,49), Membership Value =0.00000000,0.0
Windspeed (knots) [49,50), Membership Value =0.00000000,0.0
Windspeed (knots) [50,51), Membership Value =0.00000000,0.0
Windspeed (knots) [51,52), Membership Value =0.00000000,0.0
Windspeed (knots) [52,53), Membership Value =0.00000000,0.0
Windspeed (knots) [53,54), Membership Value =0.00000000,0.0
Windspeed (knots) [54,55), Membership Value =0.00000000,0.0
Windspeed (knots) [55,56), Membership Value =0.00000000,0.0
Windspeed (knots) [56,57), Membership Value =0.00000000,0.0
Windspeed (knots) [57,58), Membership Value =0.00000000,0.0
Windspeed (knots) [58,59), Membership Value =0.00000000,0.0
Windspeed (knots) [59,60), Membership Value =0.00000000,0.0
Windspeed (knots) [60,61), Membership Value =0.00000000,0.0
Windspeed (knots) [61,62), Membership Value =0.00000000,0.0
Windspeed (knots) [62,63), Membership Value =0.00000000,0.0
Windspeed (knots) [63,64), Membership Value =0.00000000,0.0
Windspeed (knots) [64,65), Membership Value =0.00000000,0.0
Windspeed (knots) [65,66), Membership Value =0.00000000,0.0
Windspeed (knots) [66,67), Membership Value =0.00000000,0.0
Windspeed (knots) [67,68), Membership Value =0.00000000,0.0
Windspeed (knots) [68,69), Membership Value =0.00000000,0.0
Windspeed (knots) [69,70), Membership Value =0.00000000,0.0
Windspeed (knots) [70,71), Membership Value =0.00000000,0.0
Windspeed (knots) [71,72), Membership Value =0.00000000,0.0
Windspeed (knots) [72,73), Membership Value =0.00000000,0.0
Windspeed (knots) [73,74), Membership Value =0.00000000,0.0
Windspeed (knots) [74,75), Membership Value =0.00000000,0.0
Windspeed (knots) [75,76), Membership Value =0.00000000,0.0
Windspeed (knots) [76,77), Membership Value =0.00000000,0.0
Windspeed (knots) [77,78), Membership Value =0.00000000,0.0
Windspeed (knots) [78,79), Membership Value =0.00000000,0.0
Windspeed (knots) [79,80), Membership Value =0.00000000,0.0
Windspeed (knots) [80,81), Membership Value =0.00000000,0.0
Windspeed (knots) [81,82), Membership Value =0.00000000,0.0
Windspeed (knots) [82,83), Membership Value =0.00000000,0.0
Windspeed (knots) [83,84), Membership Value =0.00000000,0.0
Windspeed (knots) [84,85), Membership Value =0.00000000,0.0
Windspeed (knots) [85,86), Membership Value =0.00000000,0.0
Windspeed (knots) [86,87), Membership Value =0.00000000,0.0
Windspeed (knots) [87,88), Membership Value =0.00000000,0.0
Windspeed (knots) [88,89), Membership Value =0.00000000,0.0
Windspeed (knots) [89,90), Membership Value =0.00000000,0.0
Windspeed (knots) [90,91), Membership Value =0.00000000,0.0
Windspeed (knots) [91,92), Membership Value =0.00000000,0.0
Windspeed (knots) [92,93), Membership Value =0.00000000,0.0
Windspeed (knots) [93,94), Membership Value =0.00000000,0.0
Windspeed (knots) [94,95), Membership Value =0.00000000,0.0
Windspeed (knots) [95,96), Membership Value =0.00000000,0.0
Windspeed (knots) [96,97), Membership Value =0.00000000,0.0
Windspeed (knots) [97,98), Membership Value =0.00000000,0.0
Windspeed (knots) [98,99), Membership Value =0.00000000,0.0
Windspeed (knots) [99,100), Membership Value =0.00000000,0.0
Windspeed (knots) [100,101), Membership Value =0.00000000,0.0
Windspeed (knots) [101,102), Membership Value =0.00000000,0.0
Windspeed (knots) [102,103), Membership Value =0.00000000,0.0
Windspeed (knots) [103,104), Membership Value =0.00000000,0.0
Windspeed (knots) [104,105), Membership Value =0.00000000,0.0
Windspeed (knots) [105,106), Membership Value =0.00000000,0.0
Windspeed (knots) [106,107), Membership Value =0.00000000,0.0
Windspeed (knots) [107,108), Membership Value =0.00000000,0.0
Windspeed (knots) [108,109), Membership Value =0.00000000,0.0
Windspeed (knots) [109,110), Membership Value =0.00000000,0.0
Windspeed (knots) [110,111), Membership Value =0.00000000,0.0
Windspeed (knots) [111,112), Membership Value =0.00000000,0.0
Windspeed (knots) [112,113), Membership Value =0.00000000,0.0
Windspeed (knots) [113,114), Membership Value =0.00000000,0.0
Windspeed (knots) [114,115), Membership Value =0.00000000,0.0
Windspeed (knots) [115,116), Membership Value =0.00000000,0.0
Windspeed (knots) [116,117), Membership Value =0.00000000,0.0
Windspeed (knots) [117,118), Membership Value =0.00000000,0.0
Windspeed (knots) [118,119), Membership Value =0.00000000,0.0
Windspeed (knots) [119,120), Membership Value =0.00000000,0.0
Windspeed (knots) [120,121), Membership Value =0.00000000,0.0
Windspeed (knots) [121,122), Membership Value =0.00000000,0.0
Windspeed (knots) [122,123), Membership Value =0.00000000,0.0
Windspeed (knots) [123,124), Membership Value =0.00000000,0.0
Windspeed (knots) [124,125), Membership Value =0.00000000,0.0
LowestWindspeedThatIsWindyKnots for station KDCA is 7 knots.
Transition limited :true
bUseWeatherPrediction: true
The running average is 1
The membership_value_deployment_threshold is 0.5
Energy harvested: 3004036.817222114
iGeneratingEnergyWhenGridNeedsEnergyMinutes =519973
iGeneratingEnergyWhenGridNeedsEnergyMinutes =519973
iUsingEnergyWhenGridNeedsEnergyMinutes =1794
iGeneratingEnergyWhenGridHasExcessEnergyMinutes = 5062
iUsingEnergyWhenGridHasExcessEnergyMinutes = 34
iIdleWhenGridDoesNotNeedEnergyMinutes = 40984
iIdleWhenGridNeedsEnergyMinutes = 4166632
iEnergyPriceIsZeroMinutes = 240
harvester.getEnergyHarvestedAVAILABLEKilowattHours( ): 1.29294752E7
harvester.getEnergyHarvestedKilowattHours(): 3004036.817222114
The running average is 31
The membership_value_deployment_threshold is 0.5
Energy harvested: 3505764.3724998613
iGeneratingEnergyWhenGridNeedsEnergyMinutes =553425
iGeneratingEnergyWhenGridNeedsEnergyMinutes =553425
iUsingEnergyWhenGridNeedsEnergyMinutes =1643
iGeneratingEnergyWhenGridHasExcessEnergyMinutes = 3956
iUsingEnergyWhenGridHasExcessEnergyMinutes = 0
iIdleWhenGridDoesNotNeedEnergyMinutes = 42124
iIdleWhenGridNeedsEnergyMinutes = 4133331
iEnergyPriceIsZeroMinutes = 240
harvester.getEnergyHarvestedAVAILABLEKilowattHours( ): 1.29294752E7
harvester.getEnergyHarvestedKilowattHours(): 3505764.3724998613
The running average is 61
The membership_value_deployment_threshold is 0.5
Energy harvested: 3601953.257777636
iGeneratingEnergyWhenGridNeedsEnergyMinutes =549444
iGeneratingEnergyWhenGridNeedsEnergyMinutes =549444
iUsingEnergyWhenGridNeedsEnergyMinutes =1517
iGeneratingEnergyWhenGridHasExcessEnergyMinutes = 4083
iUsingEnergyWhenGridHasExcessEnergyMinutes = 0
iIdleWhenGridDoesNotNeedEnergyMinutes = 41997
iIdleWhenGridNeedsEnergyMinutes = 4137438
iEnergyPriceIsZeroMinutes = 240
harvester.getEnergyHarvestedAVAILABLEKilowattHours( ): 1.29294752E7
harvester.getEnergyHarvestedKilowattHours(): 3601953.257777636
The running average is 91
The membership_value_deployment_threshold is 0.5
Energy harvested: 3565120.010833201
iGeneratingEnergyWhenGridNeedsEnergyMinutes =545169
iGeneratingEnergyWhenGridNeedsEnergyMinutes =545169
iUsingEnergyWhenGridNeedsEnergyMinutes =1514
iGeneratingEnergyWhenGridHasExcessEnergyMinutes = 4074
iUsingEnergyWhenGridHasExcessEnergyMinutes = 0
iIdleWhenGridDoesNotNeedEnergyMinutes = 42006
iIdleWhenGridNeedsEnergyMinutes = 4141716
iEnergyPriceIsZeroMinutes = 240
harvester.getEnergyHarvestedAVAILABLEKilowattHours( ): 1.29294752E7
harvester.getEnergyHarvestedKilowattHours(): 3565120.010833201
The running average is 121
The membership_value_deployment_threshold is 0.5
Energy harvested: 3559385.937777661
iGeneratingEnergyWhenGridNeedsEnergyMinutes =540040
iGeneratingEnergyWhenGridNeedsEnergyMinutes =540040
iUsingEnergyWhenGridNeedsEnergyMinutes =1476
iGeneratingEnergyWhenGridHasExcessEnergyMinutes = 4189
iUsingEnergyWhenGridHasExcessEnergyMinutes = 0
iIdleWhenGridDoesNotNeedEnergyMinutes = 41891
iIdleWhenGridNeedsEnergyMinutes = 4146883
iEnergyPriceIsZeroMinutes = 240
harvester.getEnergyHarvestedAVAILABLEKilowattHours( ): 1.29294752E7
harvester.getEnergyHarvestedKilowattHours(): 3559385.937777661
Beginning testing mode:
station,&,deployment_membership_value_threshold_array_for_month_1,&,running_average_size_minutes_for_month_1,&,deployment_membership_value_threshold_array_for_month_2,&,running_average_size_minutes_for_month_2,&,deployment_membership_value_threshold_array_for_month_3,&,running_average_size_minutes_for_month_3,&,deployment_membership_value_threshold_array_for_month_4,&,running_average_size_minutes_for_month_4,&,deployment_membership_value_threshold_array_for_month_5,&,running_average_size_minutes_for_month_5,&,deployment_membership_value_threshold_array_for_month_6,&,running_average_size_minutes_for_month_6,&,deployment_membership_value_threshold_array_for_month_7,&,running_average_size_minutes_for_month_7,&,deployment_membership_value_threshold_array_for_month_8,&,running_average_size_minutes_for_month_8,&,deployment_membership_value_threshold_array_for_month_9,&,running_average_size_minutes_for_month_9,&,deployment_membership_value_threshold_array_for_month_10,&,running_average_size_minutes_for_month_10,&,deployment_membership_value_threshold_array_for_month_11,&,running_average_size_minutes_for_month_11,&,deployment_membership_value_threshold_array_for_month_12,&,running_average_size_minutes_for_month_12,&,dNetNorm,&,dMarketBalancePercentage,&,dMarketNetNorm,
results: KDCA,&,0.5,&,61,&,0.5,&,121,&,0.5,&,121,&,0.5,&,121,&,0.5,&,1,&,0.5,&,61,&,0.5,&,1,&,0.5,&,121,&,0.5,&,1,&,0.5,&,1,&,0.5,&,31,&,0.5,&,1,&,0.2644424015091278,&,0.9058452701360163,&,0.23954389863045275
monthly visible minutes:KDCA,&,2013,&,8672,&,8672,&,8672,&,8672,&,8672,&,8672,&,8672,&,8672,&,8672,&,8672,&,8672,&,8672,&,
monthly visible minutes:KDCA,&,2014,&,8672,&,8672,&,8672,&,8672,&,8672,&,8672,&,8672,&,8672,&,8672,&,8672,&,8672,&,8672,&,
monthly minutes harvester between states:KDCA,&,2013,&,38,&,38,&,38,&,38,&,38,&,38,&,38,&,38,&,38,&,38,&,38,&,38,&,
monthly minutes harvester between states:KDCA,&,2014,&,38,&,38,&,38,&,38,&,38,&,38,&,38,&,38,&,38,&,38,&,38,&,38,&,
FuzzyVsCrisp: KDCA,1,true,true
station,&,deployment_membership_value_threshold_array_for_month_1,&,running_average_size_minutes_for_month_1,&,deployment_membership_value_threshold_array_for_month_2,&,running_average_size_minutes_for_month_2,&,deployment_membership_value_threshold_array_for_month_3,&,running_average_size_minutes_for_month_3,&,deployment_membership_value_threshold_array_for_month_4,&,running_average_size_minutes_for_month_4,&,deployment_membership_value_threshold_array_for_month_5,&,running_average_size_minutes_for_month_5,&,deployment_membership_value_threshold_array_for_month_6,&,running_average_size_minutes_for_month_6,&,deployment_membership_value_threshold_array_for_month_7,&,running_average_size_minutes_for_month_7,&,deployment_membership_value_threshold_array_for_month_8,&,running_average_size_minutes_for_month_8,&,deployment_membership_value_threshold_array_for_month_9,&,running_average_size_minutes_for_month_9,&,deployment_membership_value_threshold_array_for_month_10,&,running_average_size_minutes_for_month_10,&,deployment_membership_value_threshold_array_for_month_11,&,running_average_size_minutes_for_month_11,&,deployment_membership_value_threshold_array_for_month_12,&,running_average_size_minutes_for_month_12,&,dNetNorm,&,dMarketBalancePercentage,&,dMarketNetNorm,
results: KDCA,&,0.5,&,61,&,0.5,&,121,&,0.5,&,121,&,0.5,&,121,&,0.5,&,1,&,0.5,&,61,&,0.5,&,1,&,0.5,&,121,&,0.5,&,1,&,0.5,&,1,&,0.5,&,31,&,0.5,&,1,&,0.2644424015091278,&,0.9058452701360163,&,0.23954389863045275
monthly visible minutes:KDCA,&,2013,&,8672,&,8672,&,8672,&,8672,&,8672,&,8672,&,8672,&,8672,&,8672,&,8672,&,8672,&,8672,&,
monthly visible minutes:KDCA,&,2014,&,8672,&,8672,&,8672,&,8672,&,8672,&,8672,&,8672,&,8672,&,8672,&,8672,&,8672,&,8672,&,
monthly minutes harvester between states:KDCA,&,2013,&,38,&,38,&,38,&,38,&,38,&,38,&,38,&,38,&,38,&,38,&,38,&,38,&,
monthly minutes harvester between states:KDCA,&,2014,&,38,&,38,&,38,&,38,&,38,&,38,&,38,&,38,&,38,&,38,&,38,&,38,&,
FuzzyVsCrisp: KDCA,1,true,true
Station: KDEN
abc: The current path is /home/guy/retractable-wind
I have found the property file.
The training windspeed filename is /trainingKDEN2004-2012in.csv
The testing windspeed filename is /testingKDEN2013-2014in.csv
Yes, the station is KDEN
Warning: The bAlsoUsePrediction no longer has any effect
iUsedAllItsAllocatedVisibilityMinutesPerMonth: 8760
Visibility Allocation Minutes:8760
HARVESTER_SIZE_SQM is 6362
Reading file
Success: /Wind turbine power curves - wind turbine power output against wind speed in knots.csv found.
Speed (Knots) = Speed(knots) vs power (kW) , Power (kW) =V90
Speed (Knots) = 0 , Power (kW) =0
Speed (Knots) = 1 , Power (kW) =0
Speed (Knots) = 2 , Power (kW) =0
Speed (Knots) = 3 , Power (kW) =0
Speed (Knots) = 4 , Power (kW) =0
Speed (Knots) = 5 , Power (kW) =0
Speed (Knots) = 6 , Power (kW) =0
Speed (Knots) = 7 , Power (kW) =38
Speed (Knots) = 8 , Power (kW) =87
Speed (Knots) = 9 , Power (kW) =141
Speed (Knots) = 10 , Power (kW) =207
Speed (Knots) = 11 , Power (kW) =286
Speed (Knots) = 12 , Power (kW) =382
Speed (Knots) = 13 , Power (kW) =496
Speed (Knots) = 14 , Power (kW) =628
Speed (Knots) = 15 , Power (kW) =781
Speed (Knots) = 16 , Power (kW) =957
Speed (Knots) = 17 , Power (kW) =1153
Speed (Knots) = 18 , Power (kW) =1366
Speed (Knots) = 19 , Power (kW) =1589
Speed (Knots) = 20 , Power (kW) =1814
Speed (Knots) = 21 , Power (kW) =2035
Speed (Knots) = 22 , Power (kW) =2250
Speed (Knots) = 23 , Power (kW) =2452
Speed (Knots) = 24 , Power (kW) =2634
Speed (Knots) = 25 , Power (kW) =2784
Speed (Knots) = 26 , Power (kW) =2888
Speed (Knots) = 27 , Power (kW) =2949
Speed (Knots) = 28 , Power (kW) =2980
Speed (Knots) = 29 , Power (kW) =2993
Speed (Knots) = 30 , Power (kW) =3000
Speed (Knots) = 31 , Power (kW) =3000
Speed (Knots) = 32 , Power (kW) =3000
Speed (Knots) = 33 , Power (kW) =3000
Speed (Knots) = 34 , Power (kW) =3000
Speed (Knots) = 35 , Power (kW) =3000
Speed (Knots) = 36 , Power (kW) =3000
Speed (Knots) = 37 , Power (kW) =3000
Speed (Knots) = 38 , Power (kW) =3000
Speed (Knots) = 39 , Power (kW) =3000
Speed (Knots) = 40 , Power (kW) =3000
Speed (Knots) = 41 , Power (kW) =3000
Speed (Knots) = 42 , Power (kW) =3000
Speed (Knots) = 43 , Power (kW) =3000
Speed (Knots) = 44 , Power (kW) =3000
Speed (Knots) = 45 , Power (kW) =3000
Speed (Knots) = 46 , Power (kW) =3000
Speed (Knots) = 47 , Power (kW) =3000
Speed (Knots) = 48 , Power (kW) =3000
Speed (Knots) = 49 , Power (kW) =0
Speed (Knots) = 50 , Power (kW) =0
Speed (Knots) = 51 , Power (kW) =0
Speed (Knots) = 52 , Power (kW) =0
Speed (Knots) = 53 , Power (kW) =0
Speed (Knots) = 54 , Power (kW) =0
Speed (Knots) = 55 , Power (kW) =0
Speed (Knots) = 56 , Power (kW) =0
Speed (Knots) = 57 , Power (kW) =0
Speed (Knots) = 58 , Power (kW) =0
Speed (Knots) = 59 , Power (kW) =0
Speed (Knots) = 60 , Power (kW) =0
The scale is 1.0
Wind power at 10 knots in kilowatts is 207.0
Wind power in-cut-out test 0.0
Fuzzy
Class name:edu.pitt.cs.people.guy.wind.benchmarks.Fuzzy5
Success: /Noise_Allowed_Time_Definitions_All_Stations.csv found.
The station is the record is KDEN
Success: /Noise_Allowed_Time_Definitions_All_Stations.csv found.
The station is the record is KDEN
I have found the membership file for NOT WINDY.
Windspeed (knots) [0,1), Membership Value =1.00000000,1.0
Windspeed (knots) [1,2), Membership Value =0.99998644,0.99998647
Windspeed (knots) [2,3), Membership Value =0.99976402,0.999764
Windspeed (knots) [3,4), Membership Value =0.99851785,0.9985179
Windspeed (knots) [4,5), Membership Value =0.99443778,0.99443775
Windspeed (knots) [5,6), Membership Value =0.98434553,0.98434556
Windspeed (knots) [6,7), Membership Value =0.96433251,0.9643325
Windspeed (knots) [7,8), Membership Value =0.93059785,0.93059784
Windspeed (knots) [8,9), Membership Value =0.88093671,0.8809367
Windspeed (knots) [9,10), Membership Value =0.81678561,0.81678563
Windspeed (knots) [10,11), Membership Value =0.74226802,0.742268
Windspeed (knots) [11,12), Membership Value =0.66316561,0.6631656
Windspeed (knots) [12,13), Membership Value =0.58504879,0.5850488
Windspeed (knots) [13,14), Membership Value =0.50700179,0.5070018
Windspeed (knots) [14,15), Membership Value =0.43250789,0.4325079
Windspeed (knots) [15,16), Membership Value =0.36365001,0.36365002
Windspeed (knots) [16,17), Membership Value =0.29941826,0.29941827
Windspeed (knots) [17,18), Membership Value =0.23939567,0.23939566
Windspeed (knots) [18,19), Membership Value =0.18171279,0.18171279
Windspeed (knots) [19,20), Membership Value =0.12777695,0.12777695
Windspeed (knots) [20,21), Membership Value =0.07727012,0.07727012
Windspeed (knots) [21,22), Membership Value =0.03241841,0.03241841
Windspeed (knots) [22,23), Membership Value =0.00000000,0.0
Windspeed (knots) [23,24), Membership Value =0.00000000,0.0
Windspeed (knots) [24,25), Membership Value =0.00000000,0.0
Windspeed (knots) [25,26), Membership Value =0.00000000,0.0
Windspeed (knots) [26,27), Membership Value =0.00000000,0.0
Windspeed (knots) [27,28), Membership Value =0.00000000,0.0
Windspeed (knots) [28,29), Membership Value =0.00000000,0.0
Windspeed (knots) [29,30), Membership Value =0.00000000,0.0
Windspeed (knots) [30,31), Membership Value =0.00000000,0.0
Windspeed (knots) [31,32), Membership Value =0.00000000,0.0
Windspeed (knots) [32,33), Membership Value =0.00000000,0.0
Windspeed (knots) [33,34), Membership Value =0.00000000,0.0
Windspeed (knots) [34,35), Membership Value =0.00000000,0.0
Windspeed (knots) [35,36), Membership Value =0.00000000,0.0
Windspeed (knots) [36,37), Membership Value =0.00000000,0.0
Windspeed (knots) [37,38), Membership Value =0.00000000,0.0
Windspeed (knots) [38,39), Membership Value =0.00000000,0.0
Windspeed (knots) [39,40), Membership Value =0.00000000,0.0
Windspeed (knots) [40,41), Membership Value =0.00000000,0.0
Windspeed (knots) [41,42), Membership Value =0.00000000,0.0
Windspeed (knots) [42,43), Membership Value =0.00000000,0.0
Windspeed (knots) [43,44), Membership Value =0.00000000,0.0
Windspeed (knots) [44,45), Membership Value =0.00000000,0.0
Windspeed (knots) [45,46), Membership Value =0.00000000,0.0
Windspeed (knots) [46,47), Membership Value =0.00000000,0.0
Windspeed (knots) [47,48), Membership Value =0.00000000,0.0
Windspeed (knots) [48,49), Membership Value =0.00000000,0.0
Windspeed (knots) [49,50), Membership Value =0.00000000,0.0
Windspeed (knots) [50,51), Membership Value =0.00000000,0.0
Windspeed (knots) [51,52), Membership Value =0.00000000,0.0
Windspeed (knots) [52,53), Membership Value =0.00000000,0.0
Windspeed (knots) [53,54), Membership Value =0.00000000,0.0
Windspeed (knots) [54,55), Membership Value =0.00000000,0.0
Windspeed (knots) [55,56), Membership Value =0.00000000,0.0
Windspeed (knots) [56,57), Membership Value =0.00000000,0.0
Windspeed (knots) [57,58), Membership Value =0.00000000,0.0
Windspeed (knots) [58,59), Membership Value =0.00000000,0.0
Windspeed (knots) [59,60), Membership Value =0.00000000,0.0
Windspeed (knots) [60,61), Membership Value =0.00000000,0.0
Windspeed (knots) [61,62), Membership Value =0.00000000,0.0
Windspeed (knots) [62,63), Membership Value =0.00000000,0.0
Windspeed (knots) [63,64), Membership Value =0.00000000,0.0
Windspeed (knots) [64,65), Membership Value =0.00000000,0.0
Windspeed (knots) [65,66), Membership Value =0.00000000,0.0
Windspeed (knots) [66,67), Membership Value =0.00000000,0.0
Windspeed (knots) [67,68), Membership Value =0.00000000,0.0
Windspeed (knots) [68,69), Membership Value =0.00000000,0.0
Windspeed (knots) [69,70), Membership Value =0.00000000,0.0
Windspeed (knots) [70,71), Membership Value =0.00000000,0.0
Windspeed (knots) [71,72), Membership Value =0.00000000,0.0
Windspeed (knots) [72,73), Membership Value =0.00000000,0.0
Windspeed (knots) [73,74), Membership Value =0.00000000,0.0
Windspeed (knots) [74,75), Membership Value =0.00000000,0.0
Windspeed (knots) [75,76), Membership Value =0.00000000,0.0
Windspeed (knots) [76,77), Membership Value =0.00000000,0.0
Windspeed (knots) [77,78), Membership Value =0.00000000,0.0
Windspeed (knots) [78,79), Membership Value =0.00000000,0.0
Windspeed (knots) [79,80), Membership Value =0.00000000,0.0
Windspeed (knots) [80,81), Membership Value =0.00000000,0.0
Windspeed (knots) [81,82), Membership Value =0.00000000,0.0
Windspeed (knots) [82,83), Membership Value =0.00000000,0.0
Windspeed (knots) [83,84), Membership Value =0.00000000,0.0
Windspeed (knots) [84,85), Membership Value =0.00000000,0.0
Windspeed (knots) [85,86), Membership Value =0.00000000,0.0
Windspeed (knots) [86,87), Membership Value =0.00000000,0.0
Windspeed (knots) [87,88), Membership Value =0.00000000,0.0
Windspeed (knots) [88,89), Membership Value =0.00000000,0.0
Windspeed (knots) [89,90), Membership Value =0.00000000,0.0
Windspeed (knots) [90,91), Membership Value =0.00000000,0.0
Windspeed (knots) [91,92), Membership Value =0.00000000,0.0
Windspeed (knots) [92,93), Membership Value =0.00000000,0.0
Windspeed (knots) [93,94), Membership Value =0.00000000,0.0
Windspeed (knots) [94,95), Membership Value =0.00000000,0.0
Windspeed (knots) [95,96), Membership Value =0.00000000,0.0
Windspeed (knots) [96,97), Membership Value =0.00000000,0.0
Windspeed (knots) [97,98), Membership Value =0.00000000,0.0
Windspeed (knots) [98,99), Membership Value =0.00000000,0.0
Windspeed (knots) [99,100), Membership Value =0.00000000,0.0
Windspeed (knots) [100,101), Membership Value =0.00000000,0.0
Windspeed (knots) [101,102), Membership Value =0.00000000,0.0
Windspeed (knots) [102,103), Membership Value =0.00000000,0.0
Windspeed (knots) [103,104), Membership Value =0.00000000,0.0
Windspeed (knots) [104,105), Membership Value =0.00000000,0.0
Windspeed (knots) [105,106), Membership Value =0.00000000,0.0
Windspeed (knots) [106,107), Membership Value =0.00000000,0.0
Windspeed (knots) [107,108), Membership Value =0.00000000,0.0
Windspeed (knots) [108,109), Membership Value =0.00000000,0.0
Windspeed (knots) [109,110), Membership Value =0.00000000,0.0
Windspeed (knots) [110,111), Membership Value =0.00000000,0.0
Windspeed (knots) [111,112), Membership Value =0.00000000,0.0
Windspeed (knots) [112,113), Membership Value =0.00000000,0.0
Windspeed (knots) [113,114), Membership Value =0.00000000,0.0
Windspeed (knots) [114,115), Membership Value =0.00000000,0.0
Windspeed (knots) [115,116), Membership Value =0.00000000,0.0
Windspeed (knots) [116,117), Membership Value =0.00000000,0.0
Windspeed (knots) [117,118), Membership Value =0.00000000,0.0
Windspeed (knots) [118,119), Membership Value =0.00000000,0.0
Windspeed (knots) [119,120), Membership Value =0.00000000,0.0
Windspeed (knots) [120,121), Membership Value =0.00000000,0.0
Windspeed (knots) [121,122), Membership Value =0.00000000,0.0
Windspeed (knots) [122,123), Membership Value =0.00000000,0.0
Windspeed (knots) [123,124), Membership Value =0.00000000,0.0
Windspeed (knots) [124,125), Membership Value =0.00000000,0.0
LowestWindspeedThatIsWindyKnots for station KDEN is 8 knots.
Transition limited :true
bUseWeatherPrediction: true
The running average is 1
The membership_value_deployment_threshold is 0.5
Energy harvested: 4586932.976944321
iGeneratingEnergyWhenGridNeedsEnergyMinutes =620837
iGeneratingEnergyWhenGridNeedsEnergyMinutes =620837
iUsingEnergyWhenGridNeedsEnergyMinutes =1325
iGeneratingEnergyWhenGridHasExcessEnergyMinutes = 9046
iUsingEnergyWhenGridHasExcessEnergyMinutes = 0
iIdleWhenGridDoesNotNeedEnergyMinutes = 37034
iIdleWhenGridNeedsEnergyMinutes = 4066237
iEnergyPriceIsZeroMinutes = 240
harvester.getEnergyHarvestedAVAILABLEKilowattHours( ): 2.052796085E7
harvester.getEnergyHarvestedKilowattHours(): 4586932.976944321
The running average is 31
The membership_value_deployment_threshold is 0.5
Energy harvested: 5033322.128333271
iGeneratingEnergyWhenGridNeedsEnergyMinutes =632777
iGeneratingEnergyWhenGridNeedsEnergyMinutes =632777
iUsingEnergyWhenGridNeedsEnergyMinutes =815
iGeneratingEnergyWhenGridHasExcessEnergyMinutes = 7504
iUsingEnergyWhenGridHasExcessEnergyMinutes = 0
iIdleWhenGridDoesNotNeedEnergyMinutes = 38576
iIdleWhenGridNeedsEnergyMinutes = 4054807
iEnergyPriceIsZeroMinutes = 240
harvester.getEnergyHarvestedAVAILABLEKilowattHours( ): 2.052796085E7
harvester.getEnergyHarvestedKilowattHours(): 5033322.128333271
The running average is 61
The membership_value_deployment_threshold is 0.5
Energy harvested: 5142576.317777742
iGeneratingEnergyWhenGridNeedsEnergyMinutes =640001
iGeneratingEnergyWhenGridNeedsEnergyMinutes =640001
iUsingEnergyWhenGridNeedsEnergyMinutes =858
iGeneratingEnergyWhenGridHasExcessEnergyMinutes = 7566
iUsingEnergyWhenGridHasExcessEnergyMinutes = 0
iIdleWhenGridDoesNotNeedEnergyMinutes = 38514
iIdleWhenGridNeedsEnergyMinutes = 4047540
iEnergyPriceIsZeroMinutes = 240
harvester.getEnergyHarvestedAVAILABLEKilowattHours( ): 2.052796085E7
harvester.getEnergyHarvestedKilowattHours(): 5142576.317777742
The running average is 91
The membership_value_deployment_threshold is 0.5
Energy harvested: 5101174.7141666
iGeneratingEnergyWhenGridNeedsEnergyMinutes =638278
iGeneratingEnergyWhenGridNeedsEnergyMinutes =638278
iUsingEnergyWhenGridNeedsEnergyMinutes =805
iGeneratingEnergyWhenGridHasExcessEnergyMinutes = 6988
iUsingEnergyWhenGridHasExcessEnergyMinutes = 0
iIdleWhenGridDoesNotNeedEnergyMinutes = 39092
iIdleWhenGridNeedsEnergyMinutes = 4049316
iEnergyPriceIsZeroMinutes = 240
harvester.getEnergyHarvestedAVAILABLEKilowattHours( ): 2.052796085E7
harvester.getEnergyHarvestedKilowattHours(): 5101174.7141666
The running average is 121
The membership_value_deployment_threshold is 0.5
Energy harvested: 5069695.358888821
iGeneratingEnergyWhenGridNeedsEnergyMinutes =643310
iGeneratingEnergyWhenGridNeedsEnergyMinutes =643310
iUsingEnergyWhenGridNeedsEnergyMinutes =941
iGeneratingEnergyWhenGridHasExcessEnergyMinutes = 6929
iUsingEnergyWhenGridHasExcessEnergyMinutes = 0
iIdleWhenGridDoesNotNeedEnergyMinutes = 39151
iIdleWhenGridNeedsEnergyMinutes = 4044148
iEnergyPriceIsZeroMinutes = 240
harvester.getEnergyHarvestedAVAILABLEKilowattHours( ): 2.052796085E7
harvester.getEnergyHarvestedKilowattHours(): 5069695.358888821
Beginning testing mode:
station,&,deployment_membership_value_threshold_array_for_month_1,&,running_average_size_minutes_for_month_1,&,deployment_membership_value_threshold_array_for_month_2,&,running_average_size_minutes_for_month_2,&,deployment_membership_value_threshold_array_for_month_3,&,running_average_size_minutes_for_month_3,&,deployment_membership_value_threshold_array_for_month_4,&,running_average_size_minutes_for_month_4,&,deployment_membership_value_threshold_array_for_month_5,&,running_average_size_minutes_for_month_5,&,deployment_membership_value_threshold_array_for_month_6,&,running_average_size_minutes_for_month_6,&,deployment_membership_value_threshold_array_for_month_7,&,running_average_size_minutes_for_month_7,&,deployment_membership_value_threshold_array_for_month_8,&,running_average_size_minutes_for_month_8,&,deployment_membership_value_threshold_array_for_month_9,&,running_average_size_minutes_for_month_9,&,deployment_membership_value_threshold_array_for_month_10,&,running_average_size_minutes_for_month_10,&,deployment_membership_value_threshold_array_for_month_11,&,running_average_size_minutes_for_month_11,&,deployment_membership_value_threshold_array_for_month_12,&,running_average_size_minutes_for_month_12,&,dNetNorm,&,dMarketBalancePercentage,&,dMarketNetNorm,
results: KDEN,&,0.5,&,1,&,0.5,&,61,&,0.5,&,121,&,0.5,&,61,&,0.5,&,31,&,0.5,&,31,&,0.5,&,1,&,0.5,&,1,&,0.5,&,121,&,0.5,&,1,&,0.5,&,1,&,0.5,&,61,&,0.20830592193520028,&,0.8993961228068783,&,0.1873495385462314
monthly visible minutes:KDEN,&,2013,&,8672,&,8672,&,8672,&,8672,&,8672,&,8672,&,8672,&,8672,&,8672,&,8672,&,8672,&,8672,&,
monthly visible minutes:KDEN,&,2014,&,8672,&,8672,&,8672,&,8672,&,8672,&,8672,&,8672,&,8672,&,8672,&,8672,&,8672,&,8672,&,
monthly minutes harvester between states:KDEN,&,2013,&,38,&,38,&,38,&,38,&,38,&,38,&,38,&,38,&,38,&,38,&,38,&,38,&,
monthly minutes harvester between states:KDEN,&,2014,&,38,&,38,&,38,&,38,&,38,&,38,&,38,&,38,&,38,&,38,&,38,&,38,&,
FuzzyVsCrisp: KDEN,1,true,true
station,&,deployment_membership_value_threshold_array_for_month_1,&,running_average_size_minutes_for_month_1,&,deployment_membership_value_threshold_array_for_month_2,&,running_average_size_minutes_for_month_2,&,deployment_membership_value_threshold_array_for_month_3,&,running_average_size_minutes_for_month_3,&,deployment_membership_value_threshold_array_for_month_4,&,running_average_size_minutes_for_month_4,&,deployment_membership_value_threshold_array_for_month_5,&,running_average_size_minutes_for_month_5,&,deployment_membership_value_threshold_array_for_month_6,&,running_average_size_minutes_for_month_6,&,deployment_membership_value_threshold_array_for_month_7,&,running_average_size_minutes_for_month_7,&,deployment_membership_value_threshold_array_for_month_8,&,running_average_size_minutes_for_month_8,&,deployment_membership_value_threshold_array_for_month_9,&,running_average_size_minutes_for_month_9,&,deployment_membership_value_threshold_array_for_month_10,&,running_average_size_minutes_for_month_10,&,deployment_membership_value_threshold_array_for_month_11,&,running_average_size_minutes_for_month_11,&,deployment_membership_value_threshold_array_for_month_12,&,running_average_size_minutes_for_month_12,&,dNetNorm,&,dMarketBalancePercentage,&,dMarketNetNorm,
results: KDEN,&,0.5,&,1,&,0.5,&,61,&,0.5,&,121,&,0.5,&,61,&,0.5,&,31,&,0.5,&,31,&,0.5,&,1,&,0.5,&,1,&,0.5,&,121,&,0.5,&,1,&,0.5,&,1,&,0.5,&,61,&,0.20830592193520028,&,0.8993961228068783,&,0.1873495385462314
monthly visible minutes:KDEN,&,2013,&,8672,&,8672,&,8672,&,8672,&,8672,&,8672,&,8672,&,8672,&,8672,&,8672,&,8672,&,8672,&,
monthly visible minutes:KDEN,&,2014,&,8672,&,8672,&,8672,&,8672,&,8672,&,8672,&,8672,&,8672,&,8672,&,8672,&,8672,&,8672,&,
monthly minutes harvester between states:KDEN,&,2013,&,38,&,38,&,38,&,38,&,38,&,38,&,38,&,38,&,38,&,38,&,38,&,38,&,
monthly minutes harvester between states:KDEN,&,2014,&,38,&,38,&,38,&,38,&,38,&,38,&,38,&,38,&,38,&,38,&,38,&,38,&,
FuzzyVsCrisp: KDEN,1,true,true
Station: KDFW
abc: The current path is /home/guy/retractable-wind
I have found the property file.
The training windspeed filename is /trainingKDFW2004-2012in.csv
The testing windspeed filename is /testingKDFW2013-2014in.csv
Yes, the station is KDFW
Warning: The bAlsoUsePrediction no longer has any effect
iUsedAllItsAllocatedVisibilityMinutesPerMonth: 8760
Visibility Allocation Minutes:8760
HARVESTER_SIZE_SQM is 6362
Reading file
Success: /Wind turbine power curves - wind turbine power output against wind speed in knots.csv found.
Speed (Knots) = Speed(knots) vs power (kW) , Power (kW) =V90
Speed (Knots) = 0 , Power (kW) =0
Speed (Knots) = 1 , Power (kW) =0
Speed (Knots) = 2 , Power (kW) =0
Speed (Knots) = 3 , Power (kW) =0
Speed (Knots) = 4 , Power (kW) =0
Speed (Knots) = 5 , Power (kW) =0
Speed (Knots) = 6 , Power (kW) =0
Speed (Knots) = 7 , Power (kW) =38
Speed (Knots) = 8 , Power (kW) =87
Speed (Knots) = 9 , Power (kW) =141
Speed (Knots) = 10 , Power (kW) =207
Speed (Knots) = 11 , Power (kW) =286
Speed (Knots) = 12 , Power (kW) =382
Speed (Knots) = 13 , Power (kW) =496
Speed (Knots) = 14 , Power (kW) =628
Speed (Knots) = 15 , Power (kW) =781
Speed (Knots) = 16 , Power (kW) =957
Speed (Knots) = 17 , Power (kW) =1153
Speed (Knots) = 18 , Power (kW) =1366
Speed (Knots) = 19 , Power (kW) =1589
Speed (Knots) = 20 , Power (kW) =1814
Speed (Knots) = 21 , Power (kW) =2035
Speed (Knots) = 22 , Power (kW) =2250
Speed (Knots) = 23 , Power (kW) =2452
Speed (Knots) = 24 , Power (kW) =2634
Speed (Knots) = 25 , Power (kW) =2784
Speed (Knots) = 26 , Power (kW) =2888
Speed (Knots) = 27 , Power (kW) =2949
Speed (Knots) = 28 , Power (kW) =2980
Speed (Knots) = 29 , Power (kW) =2993
Speed (Knots) = 30 , Power (kW) =3000
Speed (Knots) = 31 , Power (kW) =3000
Speed (Knots) = 32 , Power (kW) =3000
Speed (Knots) = 33 , Power (kW) =3000
Speed (Knots) = 34 , Power (kW) =3000
Speed (Knots) = 35 , Power (kW) =3000
Speed (Knots) = 36 , Power (kW) =3000
Speed (Knots) = 37 , Power (kW) =3000
Speed (Knots) = 38 , Power (kW) =3000
Speed (Knots) = 39 , Power (kW) =3000
Speed (Knots) = 40 , Power (kW) =3000
Speed (Knots) = 41 , Power (kW) =3000
Speed (Knots) = 42 , Power (kW) =3000
Speed (Knots) = 43 , Power (kW) =3000
Speed (Knots) = 44 , Power (kW) =3000
Speed (Knots) = 45 , Power (kW) =3000
Speed (Knots) = 46 , Power (kW) =3000
Speed (Knots) = 47 , Power (kW) =3000
Speed (Knots) = 48 , Power (kW) =3000
Speed (Knots) = 49 , Power (kW) =0
Speed (Knots) = 50 , Power (kW) =0
Speed (Knots) = 51 , Power (kW) =0
Speed (Knots) = 52 , Power (kW) =0
Speed (Knots) = 53 , Power (kW) =0
Speed (Knots) = 54 , Power (kW) =0
Speed (Knots) = 55 , Power (kW) =0
Speed (Knots) = 56 , Power (kW) =0
Speed (Knots) = 57 , Power (kW) =0
Speed (Knots) = 58 , Power (kW) =0
Speed (Knots) = 59 , Power (kW) =0
Speed (Knots) = 60 , Power (kW) =0
The scale is 1.0
Wind power at 10 knots in kilowatts is 207.0
Wind power in-cut-out test 0.0
Fuzzy
Class name:edu.pitt.cs.people.guy.wind.benchmarks.Fuzzy5
Success: /Noise_Allowed_Time_Definitions_All_Stations.csv found.
The station is the record is KDFW
Success: /Noise_Allowed_Time_Definitions_All_Stations.csv found.
The station is the record is KDFW
I have found the membership file for NOT WINDY.
Windspeed (knots) [0,1), Membership Value =1.00000000,1.0
Windspeed (knots) [1,2), Membership Value =0.99998544,0.99998546
Windspeed (knots) [2,3), Membership Value =0.99976756,0.99976754
Windspeed (knots) [3,4), Membership Value =0.99867559,0.9986756
Windspeed (knots) [4,5), Membership Value =0.99529308,0.9952931
Windspeed (knots) [5,6), Membership Value =0.98756887,0.98756886
Windspeed (knots) [6,7), Membership Value =0.97221374,0.97221375
Windspeed (knots) [7,8), Membership Value =0.94777919,0.9477792
Windspeed (knots) [8,9), Membership Value =0.91291315,0.91291314
Windspeed (knots) [9,10), Membership Value =0.86600723,0.8660072
Windspeed (knots) [10,11), Membership Value =0.80840906,0.80840904
Windspeed (knots) [11,12), Membership Value =0.74102662,0.74102664
Windspeed (knots) [12,13), Membership Value =0.66476726,0.66476727
Windspeed (knots) [13,14), Membership Value =0.58088890,0.5808889
Windspeed (knots) [14,15), Membership Value =0.49271539,0.4927154
Windspeed (knots) [15,16), Membership Value =0.40051450,0.4005145
Windspeed (knots) [16,17), Membership Value =0.30825269,0.3082527
Windspeed (knots) [17,18), Membership Value =0.22172945,0.22172946
Windspeed (knots) [18,19), Membership Value =0.12917369,0.1291737
Windspeed (knots) [19,20), Membership Value =0.05659841,0.05659841
Windspeed (knots) [20,21), Membership Value =0.00000000,0.0
Windspeed (knots) [21,22), Membership Value =0.00000000,0.0
Windspeed (knots) [22,23), Membership Value =0.00000000,0.0
Windspeed (knots) [23,24), Membership Value =0.00000000,0.0
Windspeed (knots) [24,25), Membership Value =0.00000000,0.0
Windspeed (knots) [25,26), Membership Value =0.00000000,0.0
Windspeed (knots) [26,27), Membership Value =0.00000000,0.0
Windspeed (knots) [27,28), Membership Value =0.00000000,0.0
Windspeed (knots) [28,29), Membership Value =0.00000000,0.0
Windspeed (knots) [29,30), Membership Value =0.00000000,0.0
Windspeed (knots) [30,31), Membership Value =0.00000000,0.0
Windspeed (knots) [31,32), Membership Value =0.00000000,0.0
Windspeed (knots) [32,33), Membership Value =0.00000000,0.0
Windspeed (knots) [33,34), Membership Value =0.00000000,0.0
Windspeed (knots) [34,35), Membership Value =0.00000000,0.0
Windspeed (knots) [35,36), Membership Value =0.00000000,0.0
Windspeed (knots) [36,37), Membership Value =0.00000000,0.0
Windspeed (knots) [37,38), Membership Value =0.00000000,0.0
Windspeed (knots) [38,39), Membership Value =0.00000000,0.0
Windspeed (knots) [39,40), Membership Value =0.00000000,0.0
Windspeed (knots) [40,41), Membership Value =0.00000000,0.0
Windspeed (knots) [41,42), Membership Value =0.00000000,0.0
Windspeed (knots) [42,43), Membership Value =0.00000000,0.0
Windspeed (knots) [43,44), Membership Value =0.00000000,0.0
Windspeed (knots) [44,45), Membership Value =0.00000000,0.0
Windspeed (knots) [45,46), Membership Value =0.00000000,0.0
Windspeed (knots) [46,47), Membership Value =0.00000000,0.0
Windspeed (knots) [47,48), Membership Value =0.00000000,0.0
Windspeed (knots) [48,49), Membership Value =0.00000000,0.0
Windspeed (knots) [49,50), Membership Value =0.00000000,0.0
Windspeed (knots) [50,51), Membership Value =0.00000000,0.0
Windspeed (knots) [51,52), Membership Value =0.00000000,0.0
Windspeed (knots) [52,53), Membership Value =0.00000000,0.0
Windspeed (knots) [53,54), Membership Value =0.00000000,0.0
Windspeed (knots) [54,55), Membership Value =0.00000000,0.0
Windspeed (knots) [55,56), Membership Value =0.00000000,0.0
Windspeed (knots) [56,57), Membership Value =0.00000000,0.0
Windspeed (knots) [57,58), Membership Value =0.00000000,0.0
Windspeed (knots) [58,59), Membership Value =0.00000000,0.0
Windspeed (knots) [59,60), Membership Value =0.00000000,0.0
Windspeed (knots) [60,61), Membership Value =0.00000000,0.0
Windspeed (knots) [61,62), Membership Value =0.00000000,0.0
Windspeed (knots) [62,63), Membership Value =0.00000000,0.0
Windspeed (knots) [63,64), Membership Value =0.00000000,0.0
Windspeed (knots) [64,65), Membership Value =0.00000000,0.0
Windspeed (knots) [65,66), Membership Value =0.00000000,0.0
Windspeed (knots) [66,67), Membership Value =0.00000000,0.0
Windspeed (knots) [67,68), Membership Value =0.00000000,0.0
Windspeed (knots) [68,69), Membership Value =0.00000000,0.0
Windspeed (knots) [69,70), Membership Value =0.00000000,0.0
Windspeed (knots) [70,71), Membership Value =0.00000000,0.0
Windspeed (knots) [71,72), Membership Value =0.00000000,0.0
Windspeed (knots) [72,73), Membership Value =0.00000000,0.0
Windspeed (knots) [73,74), Membership Value =0.00000000,0.0
Windspeed (knots) [74,75), Membership Value =0.00000000,0.0
Windspeed (knots) [75,76), Membership Value =0.00000000,0.0
Windspeed (knots) [76,77), Membership Value =0.00000000,0.0
Windspeed (knots) [77,78), Membership Value =0.00000000,0.0
Windspeed (knots) [78,79), Membership Value =0.00000000,0.0
Windspeed (knots) [79,80), Membership Value =0.00000000,0.0
Windspeed (knots) [80,81), Membership Value =0.00000000,0.0
Windspeed (knots) [81,82), Membership Value =0.00000000,0.0
Windspeed (knots) [82,83), Membership Value =0.00000000,0.0
Windspeed (knots) [83,84), Membership Value =0.00000000,0.0
Windspeed (knots) [84,85), Membership Value =0.00000000,0.0
Windspeed (knots) [85,86), Membership Value =0.00000000,0.0
Windspeed (knots) [86,87), Membership Value =0.00000000,0.0
Windspeed (knots) [87,88), Membership Value =0.00000000,0.0
Windspeed (knots) [88,89), Membership Value =0.00000000,0.0
Windspeed (knots) [89,90), Membership Value =0.00000000,0.0
Windspeed (knots) [90,91), Membership Value =0.00000000,0.0
Windspeed (knots) [91,92), Membership Value =0.00000000,0.0
Windspeed (knots) [92,93), Membership Value =0.00000000,0.0
Windspeed (knots) [93,94), Membership Value =0.00000000,0.0
Windspeed (knots) [94,95), Membership Value =0.00000000,0.0
Windspeed (knots) [95,96), Membership Value =0.00000000,0.0
Windspeed (knots) [96,97), Membership Value =0.00000000,0.0
Windspeed (knots) [97,98), Membership Value =0.00000000,0.0
Windspeed (knots) [98,99), Membership Value =0.00000000,0.0
Windspeed (knots) [99,100), Membership Value =0.00000000,0.0
Windspeed (knots) [100,101), Membership Value =0.00000000,0.0
Windspeed (knots) [101,102), Membership Value =0.00000000,0.0
Windspeed (knots) [102,103), Membership Value =0.00000000,0.0
Windspeed (knots) [103,104), Membership Value =0.00000000,0.0
Windspeed (knots) [104,105), Membership Value =0.00000000,0.0
Windspeed (knots) [105,106), Membership Value =0.00000000,0.0
Windspeed (knots) [106,107), Membership Value =0.00000000,0.0
Windspeed (knots) [107,108), Membership Value =0.00000000,0.0
Windspeed (knots) [108,109), Membership Value =0.00000000,0.0
Windspeed (knots) [109,110), Membership Value =0.00000000,0.0
Windspeed (knots) [110,111), Membership Value =0.00000000,0.0
Windspeed (knots) [111,112), Membership Value =0.00000000,0.0
Windspeed (knots) [112,113), Membership Value =0.00000000,0.0
Windspeed (knots) [113,114), Membership Value =0.00000000,0.0
Windspeed (knots) [114,115), Membership Value =0.00000000,0.0
Windspeed (knots) [115,116), Membership Value =0.00000000,0.0
Windspeed (knots) [116,117), Membership Value =0.00000000,0.0
Windspeed (knots) [117,118), Membership Value =0.00000000,0.0
Windspeed (knots) [118,119), Membership Value =0.00000000,0.0
Windspeed (knots) [119,120), Membership Value =0.00000000,0.0
Windspeed (knots) [120,121), Membership Value =0.00000000,0.0
Windspeed (knots) [121,122), Membership Value =0.00000000,0.0
Windspeed (knots) [122,123), Membership Value =0.00000000,0.0
Windspeed (knots) [123,124), Membership Value =0.00000000,0.0
Windspeed (knots) [124,125), Membership Value =0.00000000,0.0
LowestWindspeedThatIsWindyKnots for station KDFW is 9 knots.
Transition limited :true
bUseWeatherPrediction: true
The running average is 1
The membership_value_deployment_threshold is 0.5
Energy harvested: 5622263.927777755
iGeneratingEnergyWhenGridNeedsEnergyMinutes =642701
iGeneratingEnergyWhenGridNeedsEnergyMinutes =642701
iUsingEnergyWhenGridNeedsEnergyMinutes =1300
iGeneratingEnergyWhenGridHasExcessEnergyMinutes = 8245
iUsingEnergyWhenGridHasExcessEnergyMinutes = 28
iIdleWhenGridDoesNotNeedEnergyMinutes = 37807
iIdleWhenGridNeedsEnergyMinutes = 4043269
iEnergyPriceIsZeroMinutes = 240
harvester.getEnergyHarvestedAVAILABLEKilowattHours( ): 2.5167150666666668E7
harvester.getEnergyHarvestedKilowattHours(): 5622263.927777755
The running average is 31
The membership_value_deployment_threshold is 0.5
Energy harvested: 6786607.410277824
iGeneratingEnergyWhenGridNeedsEnergyMinutes =671751
iGeneratingEnergyWhenGridNeedsEnergyMinutes =671751
iUsingEnergyWhenGridNeedsEnergyMinutes =872
iGeneratingEnergyWhenGridHasExcessEnergyMinutes = 7622
iUsingEnergyWhenGridHasExcessEnergyMinutes = 7
iIdleWhenGridDoesNotNeedEnergyMinutes = 38451
iIdleWhenGridNeedsEnergyMinutes = 4014647
iEnergyPriceIsZeroMinutes = 240
harvester.getEnergyHarvestedAVAILABLEKilowattHours( ): 2.5167150666666668E7
harvester.getEnergyHarvestedKilowattHours(): 6786607.410277824
The running average is 61
The membership_value_deployment_threshold is 0.5
Energy harvested: 6921237.487222261
iGeneratingEnergyWhenGridNeedsEnergyMinutes =675582
iGeneratingEnergyWhenGridNeedsEnergyMinutes =675582
iUsingEnergyWhenGridNeedsEnergyMinutes =796
iGeneratingEnergyWhenGridHasExcessEnergyMinutes = 6783
iUsingEnergyWhenGridHasExcessEnergyMinutes = 0
iIdleWhenGridDoesNotNeedEnergyMinutes = 39297
iIdleWhenGridNeedsEnergyMinutes = 4010892
iEnergyPriceIsZeroMinutes = 240
harvester.getEnergyHarvestedAVAILABLEKilowattHours( ): 2.5167150666666668E7
harvester.getEnergyHarvestedKilowattHours(): 6921237.487222261
The running average is 91
The membership_value_deployment_threshold is 0.5
Energy harvested: 7025916.260555617
iGeneratingEnergyWhenGridNeedsEnergyMinutes =682798
iGeneratingEnergyWhenGridNeedsEnergyMinutes =682798
iUsingEnergyWhenGridNeedsEnergyMinutes =802
iGeneratingEnergyWhenGridHasExcessEnergyMinutes = 6613
iUsingEnergyWhenGridHasExcessEnergyMinutes = 19
iIdleWhenGridDoesNotNeedEnergyMinutes = 39448
iIdleWhenGridNeedsEnergyMinutes = 4003670
iEnergyPriceIsZeroMinutes = 240
harvester.getEnergyHarvestedAVAILABLEKilowattHours( ): 2.5167150666666668E7
harvester.getEnergyHarvestedKilowattHours(): 7025916.260555617
The running average is 121
The membership_value_deployment_threshold is 0.5
Energy harvested: 7137407.27333339
iGeneratingEnergyWhenGridNeedsEnergyMinutes =686999
iGeneratingEnergyWhenGridNeedsEnergyMinutes =686999
iUsingEnergyWhenGridNeedsEnergyMinutes =763
iGeneratingEnergyWhenGridHasExcessEnergyMinutes = 6938
iUsingEnergyWhenGridHasExcessEnergyMinutes = 19
iIdleWhenGridDoesNotNeedEnergyMinutes = 39123
iIdleWhenGridNeedsEnergyMinutes = 3999508
iEnergyPriceIsZeroMinutes = 240
harvester.getEnergyHarvestedAVAILABLEKilowattHours( ): 2.5167150666666668E7
harvester.getEnergyHarvestedKilowattHours(): 7137407.27333339
Beginning testing mode:
station,&,deployment_membership_value_threshold_array_for_month_1,&,running_average_size_minutes_for_month_1,&,deployment_membership_value_threshold_array_for_month_2,&,running_average_size_minutes_for_month_2,&,deployment_membership_value_threshold_array_for_month_3,&,running_average_size_minutes_for_month_3,&,deployment_membership_value_threshold_array_for_month_4,&,running_average_size_minutes_for_month_4,&,deployment_membership_value_threshold_array_for_month_5,&,running_average_size_minutes_for_month_5,&,deployment_membership_value_threshold_array_for_month_6,&,running_average_size_minutes_for_month_6,&,deployment_membership_value_threshold_array_for_month_7,&,running_average_size_minutes_for_month_7,&,deployment_membership_value_threshold_array_for_month_8,&,running_average_size_minutes_for_month_8,&,deployment_membership_value_threshold_array_for_month_9,&,running_average_size_minutes_for_month_9,&,deployment_membership_value_threshold_array_for_month_10,&,running_average_size_minutes_for_month_10,&,deployment_membership_value_threshold_array_for_month_11,&,running_average_size_minutes_for_month_11,&,deployment_membership_value_threshold_array_for_month_12,&,running_average_size_minutes_for_month_12,&,dNetNorm,&,dMarketBalancePercentage,&,dMarketNetNorm,
results: KDFW,&,0.5,&,31,&,0.5,&,61,&,0.5,&,121,&,0.5,&,61,&,0.5,&,91,&,0.5,&,121,&,0.5,&,31,&,0.5,&,31,&,0.5,&,1,&,0.5,&,121,&,0.5,&,31,&,0.5,&,1,&,0.23992287622629224,&,0.9175751360206712,&,0.22014726578781077
monthly visible minutes:KDFW,&,2013,&,8672,&,8672,&,8672,&,8672,&,8672,&,8672,&,8672,&,8672,&,8672,&,8672,&,8672,&,8672,&,
monthly visible minutes:KDFW,&,2014,&,8672,&,8672,&,8672,&,8672,&,8672,&,8672,&,8672,&,8672,&,8672,&,8672,&,8672,&,8672,&,
monthly minutes harvester between states:KDFW,&,2013,&,38,&,38,&,38,&,38,&,38,&,38,&,38,&,38,&,38,&,38,&,38,&,38,&,
monthly minutes harvester between states:KDFW,&,2014,&,38,&,38,&,38,&,38,&,38,&,38,&,38,&,38,&,38,&,38,&,38,&,38,&,
FuzzyVsCrisp: KDFW,1,true,true
station,&,deployment_membership_value_threshold_array_for_month_1,&,running_average_size_minutes_for_month_1,&,deployment_membership_value_threshold_array_for_month_2,&,running_average_size_minutes_for_month_2,&,deployment_membership_value_threshold_array_for_month_3,&,running_average_size_minutes_for_month_3,&,deployment_membership_value_threshold_array_for_month_4,&,running_average_size_minutes_for_month_4,&,deployment_membership_value_threshold_array_for_month_5,&,running_average_size_minutes_for_month_5,&,deployment_membership_value_threshold_array_for_month_6,&,running_average_size_minutes_for_month_6,&,deployment_membership_value_threshold_array_for_month_7,&,running_average_size_minutes_for_month_7,&,deployment_membership_value_threshold_array_for_month_8,&,running_average_size_minutes_for_month_8,&,deployment_membership_value_threshold_array_for_month_9,&,running_average_size_minutes_for_month_9,&,deployment_membership_value_threshold_array_for_month_10,&,running_average_size_minutes_for_month_10,&,deployment_membership_value_threshold_array_for_month_11,&,running_average_size_minutes_for_month_11,&,deployment_membership_value_threshold_array_for_month_12,&,running_average_size_minutes_for_month_12,&,dNetNorm,&,dMarketBalancePercentage,&,dMarketNetNorm,
results: KDFW,&,0.5,&,31,&,0.5,&,61,&,0.5,&,121,&,0.5,&,91,&,0.5,&,91,&,0.5,&,121,&,0.5,&,31,&,0.5,&,31,&,0.5,&,1,&,0.5,&,121,&,0.5,&,31,&,0.5,&,1,&,0.23988740071896672,&,0.9175202802605464,&,0.22010155513864035
monthly visible minutes:KDFW,&,2013,&,8672,&,8672,&,8672,&,8672,&,8672,&,8672,&,8672,&,8672,&,8672,&,8672,&,8672,&,8672,&,
monthly visible minutes:KDFW,&,2014,&,8672,&,8672,&,8672,&,8672,&,8672,&,8672,&,8672,&,8672,&,8672,&,8672,&,8672,&,8672,&,
monthly minutes harvester between states:KDFW,&,2013,&,38,&,38,&,38,&,38,&,38,&,38,&,38,&,38,&,38,&,38,&,38,&,38,&,
monthly minutes harvester between states:KDFW,&,2014,&,38,&,38,&,38,&,38,&,38,&,38,&,38,&,38,&,38,&,38,&,38,&,38,&,
FuzzyVsCrisp: KDFW,1,true,true
Station: KDTW
abc: The current path is /home/guy/retractable-wind
I have found the property file.
The training windspeed filename is /trainingKDTW2004-2012in.csv
The testing windspeed filename is /testingKDTW2013-2014in.csv
Yes, the station is KDTW
Warning: The bAlsoUsePrediction no longer has any effect
iUsedAllItsAllocatedVisibilityMinutesPerMonth: 8760
Visibility Allocation Minutes:8760
HARVESTER_SIZE_SQM is 6362
Reading file
Success: /Wind turbine power curves - wind turbine power output against wind speed in knots.csv found.
Speed (Knots) = Speed(knots) vs power (kW) , Power (kW) =V90
Speed (Knots) = 0 , Power (kW) =0
Speed (Knots) = 1 , Power (kW) =0
Speed (Knots) = 2 , Power (kW) =0
Speed (Knots) = 3 , Power (kW) =0
Speed (Knots) = 4 , Power (kW) =0
Speed (Knots) = 5 , Power (kW) =0
Speed (Knots) = 6 , Power (kW) =0
Speed (Knots) = 7 , Power (kW) =38
Speed (Knots) = 8 , Power (kW) =87
Speed (Knots) = 9 , Power (kW) =141
Speed (Knots) = 10 , Power (kW) =207
Speed (Knots) = 11 , Power (kW) =286
Speed (Knots) = 12 , Power (kW) =382
Speed (Knots) = 13 , Power (kW) =496
Speed (Knots) = 14 , Power (kW) =628
Speed (Knots) = 15 , Power (kW) =781
Speed (Knots) = 16 , Power (kW) =957
Speed (Knots) = 17 , Power (kW) =1153
Speed (Knots) = 18 , Power (kW) =1366
Speed (Knots) = 19 , Power (kW) =1589
Speed (Knots) = 20 , Power (kW) =1814
Speed (Knots) = 21 , Power (kW) =2035
Speed (Knots) = 22 , Power (kW) =2250
Speed (Knots) = 23 , Power (kW) =2452
Speed (Knots) = 24 , Power (kW) =2634
Speed (Knots) = 25 , Power (kW) =2784
Speed (Knots) = 26 , Power (kW) =2888
Speed (Knots) = 27 , Power (kW) =2949
Speed (Knots) = 28 , Power (kW) =2980
Speed (Knots) = 29 , Power (kW) =2993
Speed (Knots) = 30 , Power (kW) =3000
Speed (Knots) = 31 , Power (kW) =3000
Speed (Knots) = 32 , Power (kW) =3000
Speed (Knots) = 33 , Power (kW) =3000
Speed (Knots) = 34 , Power (kW) =3000
Speed (Knots) = 35 , Power (kW) =3000
Speed (Knots) = 36 , Power (kW) =3000
Speed (Knots) = 37 , Power (kW) =3000
Speed (Knots) = 38 , Power (kW) =3000
Speed (Knots) = 39 , Power (kW) =3000
Speed (Knots) = 40 , Power (kW) =3000
Speed (Knots) = 41 , Power (kW) =3000
Speed (Knots) = 42 , Power (kW) =3000
Speed (Knots) = 43 , Power (kW) =3000
Speed (Knots) = 44 , Power (kW) =3000
Speed (Knots) = 45 , Power (kW) =3000
Speed (Knots) = 46 , Power (kW) =3000
Speed (Knots) = 47 , Power (kW) =3000
Speed (Knots) = 48 , Power (kW) =3000
Speed (Knots) = 49 , Power (kW) =0
Speed (Knots) = 50 , Power (kW) =0
Speed (Knots) = 51 , Power (kW) =0
Speed (Knots) = 52 , Power (kW) =0
Speed (Knots) = 53 , Power (kW) =0
Speed (Knots) = 54 , Power (kW) =0
Speed (Knots) = 55 , Power (kW) =0
Speed (Knots) = 56 , Power (kW) =0
Speed (Knots) = 57 , Power (kW) =0
Speed (Knots) = 58 , Power (kW) =0
Speed (Knots) = 59 , Power (kW) =0
Speed (Knots) = 60 , Power (kW) =0
The scale is 1.0
Wind power at 10 knots in kilowatts is 207.0
Wind power in-cut-out test 0.0
Fuzzy
Class name:edu.pitt.cs.people.guy.wind.benchmarks.Fuzzy5
Success: /Noise_Allowed_Time_Definitions_All_Stations.csv found.
The station is the record is KDTW
Success: /Noise_Allowed_Time_Definitions_All_Stations.csv found.
The station is the record is KDTW
I have found the membership file for NOT WINDY.
Windspeed (knots) [0,1), Membership Value =1.00000000,1.0
Windspeed (knots) [1,2), Membership Value =0.99995578,0.9999558
Windspeed (knots) [2,3), Membership Value =0.99934990,0.9993499
Windspeed (knots) [3,4), Membership Value =0.99649259,0.99649256
Windspeed (knots) [4,5), Membership Value =0.98852857,0.98852855
Windspeed (knots) [5,6), Membership Value =0.97172833,0.9717283
Windspeed (knots) [6,7), Membership Value =0.94325019,0.9432502
Windspeed (knots) [7,8), Membership Value =0.90218840,0.9021884
Windspeed (knots) [8,9), Membership Value =0.84490642,0.84490645
Windspeed (knots) [9,10), Membership Value =0.77526065,0.7752606
Windspeed (knots) [10,11), Membership Value =0.69778752,0.6977875
Windspeed (knots) [11,12), Membership Value =0.61243102,0.61243105
Windspeed (knots) [12,13), Membership Value =0.52156740,0.5215674
Windspeed (knots) [13,14), Membership Value =0.43012402,0.430124
Windspeed (knots) [14,15), Membership Value =0.34026869,0.3402687
Windspeed (knots) [15,16), Membership Value =0.25529087,0.25529087
Windspeed (knots) [16,17), Membership Value =0.17604379,0.1760438
Windspeed (knots) [17,18), Membership Value =0.10520752,0.10520752
Windspeed (knots) [18,19), Membership Value =0.04344817,0.04344817
Windspeed (knots) [19,20), Membership Value =0.00000000,0.0
Windspeed (knots) [20,21), Membership Value =0.00000000,0.0
Windspeed (knots) [21,22), Membership Value =0.00000000,0.0
Windspeed (knots) [22,23), Membership Value =0.00000000,0.0
Windspeed (knots) [23,24), Membership Value =0.00000000,0.0
Windspeed (knots) [24,25), Membership Value =0.00000000,0.0
Windspeed (knots) [25,26), Membership Value =0.00000000,0.0
Windspeed (knots) [26,27), Membership Value =0.00000000,0.0
Windspeed (knots) [27,28), Membership Value =0.00000000,0.0
Windspeed (knots) [28,29), Membership Value =0.00000000,0.0
Windspeed (knots) [29,30), Membership Value =0.00000000,0.0
Windspeed (knots) [30,31), Membership Value =0.00000000,0.0
Windspeed (knots) [31,32), Membership Value =0.00000000,0.0
Windspeed (knots) [32,33), Membership Value =0.00000000,0.0
Windspeed (knots) [33,34), Membership Value =0.00000000,0.0
Windspeed (knots) [34,35), Membership Value =0.00000000,0.0
Windspeed (knots) [35,36), Membership Value =0.00000000,0.0
Windspeed (knots) [36,37), Membership Value =0.00000000,0.0
Windspeed (knots) [37,38), Membership Value =0.00000000,0.0
Windspeed (knots) [38,39), Membership Value =0.00000000,0.0
Windspeed (knots) [39,40), Membership Value =0.00000000,0.0
Windspeed (knots) [40,41), Membership Value =0.00000000,0.0
Windspeed (knots) [41,42), Membership Value =0.00000000,0.0
Windspeed (knots) [42,43), Membership Value =0.00000000,0.0
Windspeed (knots) [43,44), Membership Value =0.00000000,0.0
Windspeed (knots) [44,45), Membership Value =0.00000000,0.0
Windspeed (knots) [45,46), Membership Value =0.00000000,0.0
Windspeed (knots) [46,47), Membership Value =0.00000000,0.0
Windspeed (knots) [47,48), Membership Value =0.00000000,0.0
Windspeed (knots) [48,49), Membership Value =0.00000000,0.0
Windspeed (knots) [49,50), Membership Value =0.00000000,0.0
Windspeed (knots) [50,51), Membership Value =0.00000000,0.0
Windspeed (knots) [51,52), Membership Value =0.00000000,0.0
Windspeed (knots) [52,53), Membership Value =0.00000000,0.0
Windspeed (knots) [53,54), Membership Value =0.00000000,0.0
Windspeed (knots) [54,55), Membership Value =0.00000000,0.0
Windspeed (knots) [55,56), Membership Value =0.00000000,0.0
Windspeed (knots) [56,57), Membership Value =0.00000000,0.0
Windspeed (knots) [57,58), Membership Value =0.00000000,0.0
Windspeed (knots) [58,59), Membership Value =0.00000000,0.0
Windspeed (knots) [59,60), Membership Value =0.00000000,0.0
Windspeed (knots) [60,61), Membership Value =0.00000000,0.0
Windspeed (knots) [61,62), Membership Value =0.00000000,0.0
Windspeed (knots) [62,63), Membership Value =0.00000000,0.0
Windspeed (knots) [63,64), Membership Value =0.00000000,0.0
Windspeed (knots) [64,65), Membership Value =0.00000000,0.0
Windspeed (knots) [65,66), Membership Value =0.00000000,0.0
Windspeed (knots) [66,67), Membership Value =0.00000000,0.0
Windspeed (knots) [67,68), Membership Value =0.00000000,0.0
Windspeed (knots) [68,69), Membership Value =0.00000000,0.0
Windspeed (knots) [69,70), Membership Value =0.00000000,0.0
Windspeed (knots) [70,71), Membership Value =0.00000000,0.0
Windspeed (knots) [71,72), Membership Value =0.00000000,0.0
Windspeed (knots) [72,73), Membership Value =0.00000000,0.0
Windspeed (knots) [73,74), Membership Value =0.00000000,0.0
Windspeed (knots) [74,75), Membership Value =0.00000000,0.0
Windspeed (knots) [75,76), Membership Value =0.00000000,0.0
Windspeed (knots) [76,77), Membership Value =0.00000000,0.0
Windspeed (knots) [77,78), Membership Value =0.00000000,0.0
Windspeed (knots) [78,79), Membership Value =0.00000000,0.0
Windspeed (knots) [79,80), Membership Value =0.00000000,0.0
Windspeed (knots) [80,81), Membership Value =0.00000000,0.0
Windspeed (knots) [81,82), Membership Value =0.00000000,0.0
Windspeed (knots) [82,83), Membership Value =0.00000000,0.0
Windspeed (knots) [83,84), Membership Value =0.00000000,0.0
Windspeed (knots) [84,85), Membership Value =0.00000000,0.0
Windspeed (knots) [85,86), Membership Value =0.00000000,0.0
Windspeed (knots) [86,87), Membership Value =0.00000000,0.0
Windspeed (knots) [87,88), Membership Value =0.00000000,0.0
Windspeed (knots) [88,89), Membership Value =0.00000000,0.0
Windspeed (knots) [89,90), Membership Value =0.00000000,0.0
Windspeed (knots) [90,91), Membership Value =0.00000000,0.0
Windspeed (knots) [91,92), Membership Value =0.00000000,0.0
Windspeed (knots) [92,93), Membership Value =0.00000000,0.0
Windspeed (knots) [93,94), Membership Value =0.00000000,0.0
Windspeed (knots) [94,95), Membership Value =0.00000000,0.0
Windspeed (knots) [95,96), Membership Value =0.00000000,0.0
Windspeed (knots) [96,97), Membership Value =0.00000000,0.0
Windspeed (knots) [97,98), Membership Value =0.00000000,0.0
Windspeed (knots) [98,99), Membership Value =0.00000000,0.0
Windspeed (knots) [99,100), Membership Value =0.00000000,0.0
Windspeed (knots) [100,101), Membership Value =0.00000000,0.0
Windspeed (knots) [101,102), Membership Value =0.00000000,0.0
Windspeed (knots) [102,103), Membership Value =0.00000000,0.0
Windspeed (knots) [103,104), Membership Value =0.00000000,0.0
Windspeed (knots) [104,105), Membership Value =0.00000000,0.0
Windspeed (knots) [105,106), Membership Value =0.00000000,0.0
Windspeed (knots) [106,107), Membership Value =0.00000000,0.0
Windspeed (knots) [107,108), Membership Value =0.00000000,0.0
Windspeed (knots) [108,109), Membership Value =0.00000000,0.0
Windspeed (knots) [109,110), Membership Value =0.00000000,0.0
Windspeed (knots) [110,111), Membership Value =0.00000000,0.0
Windspeed (knots) [111,112), Membership Value =0.00000000,0.0
Windspeed (knots) [112,113), Membership Value =0.00000000,0.0
Windspeed (knots) [113,114), Membership Value =0.00000000,0.0
Windspeed (knots) [114,115), Membership Value =0.00000000,0.0
Windspeed (knots) [115,116), Membership Value =0.00000000,0.0
Windspeed (knots) [116,117), Membership Value =0.00000000,0.0
Windspeed (knots) [117,118), Membership Value =0.00000000,0.0
Windspeed (knots) [118,119), Membership Value =0.00000000,0.0
Windspeed (knots) [119,120), Membership Value =0.00000000,0.0
Windspeed (knots) [120,121), Membership Value =0.00000000,0.0
Windspeed (knots) [121,122), Membership Value =0.00000000,0.0
Windspeed (knots) [122,123), Membership Value =0.00000000,0.0
Windspeed (knots) [123,124), Membership Value =0.00000000,0.0
Windspeed (knots) [124,125), Membership Value =0.00000000,0.0
LowestWindspeedThatIsWindyKnots for station KDTW is 8 knots.
Transition limited :true
bUseWeatherPrediction: true
The running average is 1
The membership_value_deployment_threshold is 0.5
Energy harvested: 3332937.1622220827
iGeneratingEnergyWhenGridNeedsEnergyMinutes =528138
iGeneratingEnergyWhenGridNeedsEnergyMinutes =528138
iUsingEnergyWhenGridNeedsEnergyMinutes =1641
iGeneratingEnergyWhenGridHasExcessEnergyMinutes = 5350
iUsingEnergyWhenGridHasExcessEnergyMinutes = 33
iIdleWhenGridDoesNotNeedEnergyMinutes = 40697
iIdleWhenGridNeedsEnergyMinutes = 4157431
iEnergyPriceIsZeroMinutes = 240
harvester.getEnergyHarvestedAVAILABLEKilowattHours( ): 1.493492915E7
harvester.getEnergyHarvestedKilowattHours(): 3332937.1622220827
The running average is 31
The membership_value_deployment_threshold is 0.5
Energy harvested: 4024256.286110982
iGeneratingEnergyWhenGridNeedsEnergyMinutes =544865
iGeneratingEnergyWhenGridNeedsEnergyMinutes =544865
iUsingEnergyWhenGridNeedsEnergyMinutes =1315
iGeneratingEnergyWhenGridHasExcessEnergyMinutes = 6418
iUsingEnergyWhenGridHasExcessEnergyMinutes = 0
iIdleWhenGridDoesNotNeedEnergyMinutes = 39662
iIdleWhenGridNeedsEnergyMinutes = 4141030
iEnergyPriceIsZeroMinutes = 240
harvester.getEnergyHarvestedAVAILABLEKilowattHours( ): 1.493492915E7
harvester.getEnergyHarvestedKilowattHours(): 4024256.286110982
The running average is 61
The membership_value_deployment_threshold is 0.5
Energy harvested: 4110996.0783331734
iGeneratingEnergyWhenGridNeedsEnergyMinutes =541609
iGeneratingEnergyWhenGridNeedsEnergyMinutes =541609
iUsingEnergyWhenGridNeedsEnergyMinutes =1277
iGeneratingEnergyWhenGridHasExcessEnergyMinutes = 7050
iUsingEnergyWhenGridHasExcessEnergyMinutes = 8
iIdleWhenGridDoesNotNeedEnergyMinutes = 39022
iIdleWhenGridNeedsEnergyMinutes = 4144324
iEnergyPriceIsZeroMinutes = 240
harvester.getEnergyHarvestedAVAILABLEKilowattHours( ): 1.493492915E7
harvester.getEnergyHarvestedKilowattHours(): 4110996.0783331734
The running average is 91
The membership_value_deployment_threshold is 0.5
Energy harvested: 4254618.026110973
iGeneratingEnergyWhenGridNeedsEnergyMinutes =546020
iGeneratingEnergyWhenGridNeedsEnergyMinutes =546020
iUsingEnergyWhenGridNeedsEnergyMinutes =1183
iGeneratingEnergyWhenGridHasExcessEnergyMinutes = 7186
iUsingEnergyWhenGridHasExcessEnergyMinutes = 3
iIdleWhenGridDoesNotNeedEnergyMinutes = 38891
iIdleWhenGridNeedsEnergyMinutes = 4140007
iEnergyPriceIsZeroMinutes = 240
harvester.getEnergyHarvestedAVAILABLEKilowattHours( ): 1.493492915E7
harvester.getEnergyHarvestedKilowattHours(): 4254618.026110973
The running average is 121
The membership_value_deployment_threshold is 0.5
Energy harvested: 4229285.990277632
iGeneratingEnergyWhenGridNeedsEnergyMinutes =543333
iGeneratingEnergyWhenGridNeedsEnergyMinutes =543333
iUsingEnergyWhenGridNeedsEnergyMinutes =1122
iGeneratingEnergyWhenGridHasExcessEnergyMinutes = 6900
iUsingEnergyWhenGridHasExcessEnergyMinutes = 14
iIdleWhenGridDoesNotNeedEnergyMinutes = 39166
iIdleWhenGridNeedsEnergyMinutes = 4142755
iEnergyPriceIsZeroMinutes = 240
harvester.getEnergyHarvestedAVAILABLEKilowattHours( ): 1.493492915E7
harvester.getEnergyHarvestedKilowattHours(): 4229285.990277632
Beginning testing mode:
station,&,deployment_membership_value_threshold_array_for_month_1,&,running_average_size_minutes_for_month_1,&,deployment_membership_value_threshold_array_for_month_2,&,running_average_size_minutes_for_month_2,&,deployment_membership_value_threshold_array_for_month_3,&,running_average_size_minutes_for_month_3,&,deployment_membership_value_threshold_array_for_month_4,&,running_average_size_minutes_for_month_4,&,deployment_membership_value_threshold_array_for_month_5,&,running_average_size_minutes_for_month_5,&,deployment_membership_value_threshold_array_for_month_6,&,running_average_size_minutes_for_month_6,&,deployment_membership_value_threshold_array_for_month_7,&,running_average_size_minutes_for_month_7,&,deployment_membership_value_threshold_array_for_month_8,&,running_average_size_minutes_for_month_8,&,deployment_membership_value_threshold_array_for_month_9,&,running_average_size_minutes_for_month_9,&,deployment_membership_value_threshold_array_for_month_10,&,running_average_size_minutes_for_month_10,&,deployment_membership_value_threshold_array_for_month_11,&,running_average_size_minutes_for_month_11,&,deployment_membership_value_threshold_array_for_month_12,&,running_average_size_minutes_for_month_12,&,dNetNorm,&,dMarketBalancePercentage,&,dMarketNetNorm,
results: KDTW,&,0.5,&,91,&,0.5,&,61,&,0.5,&,31,&,0.5,&,1,&,0.5,&,91,&,0.5,&,1,&,0.5,&,31,&,0.5,&,121,&,0.5,&,31,&,0.5,&,61,&,0.5,&,31,&,0.5,&,31,&,0.2742262603270354,&,0.8847481398504594,&,0.2426211737224924
monthly visible minutes:KDTW,&,2013,&,8672,&,8672,&,8672,&,8672,&,8672,&,8672,&,8672,&,8672,&,8672,&,8672,&,8672,&,8672,&,
monthly visible minutes:KDTW,&,2014,&,8672,&,8672,&,8672,&,8672,&,8672,&,8672,&,8672,&,8672,&,8672,&,8672,&,8672,&,8672,&,
monthly minutes harvester between states:KDTW,&,2013,&,38,&,38,&,38,&,38,&,38,&,38,&,38,&,38,&,38,&,38,&,38,&,38,&,
monthly minutes harvester between states:KDTW,&,2014,&,38,&,38,&,38,&,38,&,38,&,38,&,38,&,38,&,38,&,38,&,38,&,38,&,
FuzzyVsCrisp: KDTW,1,true,true
station,&,deployment_membership_value_threshold_array_for_month_1,&,running_average_size_minutes_for_month_1,&,deployment_membership_value_threshold_array_for_month_2,&,running_average_size_minutes_for_month_2,&,deployment_membership_value_threshold_array_for_month_3,&,running_average_size_minutes_for_month_3,&,deployment_membership_value_threshold_array_for_month_4,&,running_average_size_minutes_for_month_4,&,deployment_membership_value_threshold_array_for_month_5,&,running_average_size_minutes_for_month_5,&,deployment_membership_value_threshold_array_for_month_6,&,running_average_size_minutes_for_month_6,&,deployment_membership_value_threshold_array_for_month_7,&,running_average_size_minutes_for_month_7,&,deployment_membership_value_threshold_array_for_month_8,&,running_average_size_minutes_for_month_8,&,deployment_membership_value_threshold_array_for_month_9,&,running_average_size_minutes_for_month_9,&,deployment_membership_value_threshold_array_for_month_10,&,running_average_size_minutes_for_month_10,&,deployment_membership_value_threshold_array_for_month_11,&,running_average_size_minutes_for_month_11,&,deployment_membership_value_threshold_array_for_month_12,&,running_average_size_minutes_for_month_12,&,dNetNorm,&,dMarketBalancePercentage,&,dMarketNetNorm,
results: KDTW,&,0.5,&,91,&,0.5,&,61,&,0.5,&,31,&,0.5,&,31,&,0.5,&,91,&,0.5,&,1,&,0.5,&,31,&,0.5,&,121,&,0.5,&,31,&,0.5,&,61,&,0.5,&,31,&,0.5,&,31,&,0.2588956649164046,&,0.8873038775306491,&,0.22971912735620142
monthly visible minutes:KDTW,&,2013,&,8672,&,8672,&,8672,&,8672,&,8672,&,8672,&,8672,&,8672,&,8672,&,8672,&,8672,&,8672,&,
monthly visible minutes:KDTW,&,2014,&,8672,&,8672,&,8672,&,8672,&,8672,&,8672,&,8672,&,8672,&,8672,&,8672,&,8672,&,8672,&,
monthly minutes harvester between states:KDTW,&,2013,&,38,&,38,&,38,&,38,&,38,&,38,&,38,&,38,&,38,&,38,&,38,&,38,&,
monthly minutes harvester between states:KDTW,&,2014,&,38,&,38,&,38,&,38,&,38,&,38,&,38,&,38,&,38,&,38,&,38,&,38,&,
FuzzyVsCrisp: KDTW,1,true,true
Station: KEUG
abc: The current path is /home/guy/retractable-wind
I have found the property file.
The training windspeed filename is /trainingKEUG2004-2012in.csv
The testing windspeed filename is /testingKEUG2013-2014in.csv
Yes, the station is KEUG
Warning: The bAlsoUsePrediction no longer has any effect
iUsedAllItsAllocatedVisibilityMinutesPerMonth: 8760
Visibility Allocation Minutes:8760
HARVESTER_SIZE_SQM is 6362
Reading file
Success: /Wind turbine power curves - wind turbine power output against wind speed in knots.csv found.
Speed (Knots) = Speed(knots) vs power (kW) , Power (kW) =V90
Speed (Knots) = 0 , Power (kW) =0
Speed (Knots) = 1 , Power (kW) =0
Speed (Knots) = 2 , Power (kW) =0
Speed (Knots) = 3 , Power (kW) =0
Speed (Knots) = 4 , Power (kW) =0
Speed (Knots) = 5 , Power (kW) =0
Speed (Knots) = 6 , Power (kW) =0
Speed (Knots) = 7 , Power (kW) =38
Speed (Knots) = 8 , Power (kW) =87
Speed (Knots) = 9 , Power (kW) =141
Speed (Knots) = 10 , Power (kW) =207
Speed (Knots) = 11 , Power (kW) =286
Speed (Knots) = 12 , Power (kW) =382
Speed (Knots) = 13 , Power (kW) =496
Speed (Knots) = 14 , Power (kW) =628
Speed (Knots) = 15 , Power (kW) =781
Speed (Knots) = 16 , Power (kW) =957
Speed (Knots) = 17 , Power (kW) =1153
Speed (Knots) = 18 , Power (kW) =1366
Speed (Knots) = 19 , Power (kW) =1589
Speed (Knots) = 20 , Power (kW) =1814
Speed (Knots) = 21 , Power (kW) =2035
Speed (Knots) = 22 , Power (kW) =2250
Speed (Knots) = 23 , Power (kW) =2452
Speed (Knots) = 24 , Power (kW) =2634
Speed (Knots) = 25 , Power (kW) =2784
Speed (Knots) = 26 , Power (kW) =2888
Speed (Knots) = 27 , Power (kW) =2949
Speed (Knots) = 28 , Power (kW) =2980
Speed (Knots) = 29 , Power (kW) =2993
Speed (Knots) = 30 , Power (kW) =3000
Speed (Knots) = 31 , Power (kW) =3000
Speed (Knots) = 32 , Power (kW) =3000
Speed (Knots) = 33 , Power (kW) =3000
Speed (Knots) = 34 , Power (kW) =3000
Speed (Knots) = 35 , Power (kW) =3000
Speed (Knots) = 36 , Power (kW) =3000
Speed (Knots) = 37 , Power (kW) =3000
Speed (Knots) = 38 , Power (kW) =3000
Speed (Knots) = 39 , Power (kW) =3000
Speed (Knots) = 40 , Power (kW) =3000
Speed (Knots) = 41 , Power (kW) =3000
Speed (Knots) = 42 , Power (kW) =3000
Speed (Knots) = 43 , Power (kW) =3000
Speed (Knots) = 44 , Power (kW) =3000
Speed (Knots) = 45 , Power (kW) =3000
Speed (Knots) = 46 , Power (kW) =3000
Speed (Knots) = 47 , Power (kW) =3000
Speed (Knots) = 48 , Power (kW) =3000
Speed (Knots) = 49 , Power (kW) =0
Speed (Knots) = 50 , Power (kW) =0
Speed (Knots) = 51 , Power (kW) =0
Speed (Knots) = 52 , Power (kW) =0
Speed (Knots) = 53 , Power (kW) =0
Speed (Knots) = 54 , Power (kW) =0
Speed (Knots) = 55 , Power (kW) =0
Speed (Knots) = 56 , Power (kW) =0
Speed (Knots) = 57 , Power (kW) =0
Speed (Knots) = 58 , Power (kW) =0
Speed (Knots) = 59 , Power (kW) =0
Speed (Knots) = 60 , Power (kW) =0
The scale is 1.0
Wind power at 10 knots in kilowatts is 207.0
Wind power in-cut-out test 0.0
Fuzzy
Class name:edu.pitt.cs.people.guy.wind.benchmarks.Fuzzy5
Success: /Noise_Allowed_Time_Definitions_All_Stations.csv found.
The station is the record is KEUG
Success: /Noise_Allowed_Time_Definitions_All_Stations.csv found.
The station is the record is KEUG
I have found the membership file for NOT WINDY.
Windspeed (knots) [0,1), Membership Value =1.00000000,1.0
Windspeed (knots) [1,2), Membership Value =0.99982703,0.999827
Windspeed (knots) [2,3), Membership Value =0.99783840,0.9978384
Windspeed (knots) [3,4), Membership Value =0.99012511,0.9901251
Windspeed (knots) [4,5), Membership Value =0.97115019,0.9711502
Windspeed (knots) [5,6), Membership Value =0.93424135,0.93424135
Windspeed (knots) [6,7), Membership Value =0.87862914,0.87862915
Windspeed (knots) [7,8), Membership Value =0.80433593,0.80433595
Windspeed (knots) [8,9), Membership Value =0.71481927,0.71481925
Windspeed (knots) [9,10), Membership Value =0.61418090,0.6141809
Windspeed (knots) [10,11), Membership Value =0.50332803,0.503328
Windspeed (knots) [11,12), Membership Value =0.38900127,0.38900128
Windspeed (knots) [12,13), Membership Value =0.27898620,0.2789862
Windspeed (knots) [13,14), Membership Value =0.17851534,0.17851534
Windspeed (knots) [14,15), Membership Value =0.08885353,0.08885353
Windspeed (knots) [15,16), Membership Value =0.01449242,0.01449242
Windspeed (knots) [16,17), Membership Value =0.00000000,0.0
Windspeed (knots) [17,18), Membership Value =0.00000000,0.0
Windspeed (knots) [18,19), Membership Value =0.00000000,0.0
Windspeed (knots) [19,20), Membership Value =0.00000000,0.0
Windspeed (knots) [20,21), Membership Value =0.00000000,0.0
Windspeed (knots) [21,22), Membership Value =0.00000000,0.0
Windspeed (knots) [22,23), Membership Value =0.00000000,0.0
Windspeed (knots) [23,24), Membership Value =0.00000000,0.0
Windspeed (knots) [24,25), Membership Value =0.00000000,0.0
Windspeed (knots) [25,26), Membership Value =0.00000000,0.0
Windspeed (knots) [26,27), Membership Value =0.00000000,0.0
Windspeed (knots) [27,28), Membership Value =0.00000000,0.0
Windspeed (knots) [28,29), Membership Value =0.00000000,0.0
Windspeed (knots) [29,30), Membership Value =0.00000000,0.0
Windspeed (knots) [30,31), Membership Value =0.00000000,0.0
Windspeed (knots) [31,32), Membership Value =0.00000000,0.0
Windspeed (knots) [32,33), Membership Value =0.00000000,0.0
Windspeed (knots) [33,34), Membership Value =0.00000000,0.0
Windspeed (knots) [34,35), Membership Value =0.00000000,0.0
Windspeed (knots) [35,36), Membership Value =0.00000000,0.0
Windspeed (knots) [36,37), Membership Value =0.00000000,0.0
Windspeed (knots) [37,38), Membership Value =0.00000000,0.0
Windspeed (knots) [38,39), Membership Value =0.00000000,0.0
Windspeed (knots) [39,40), Membership Value =0.00000000,0.0
Windspeed (knots) [40,41), Membership Value =0.00000000,0.0
Windspeed (knots) [41,42), Membership Value =0.00000000,0.0
Windspeed (knots) [42,43), Membership Value =0.00000000,0.0
Windspeed (knots) [43,44), Membership Value =0.00000000,0.0
Windspeed (knots) [44,45), Membership Value =0.00000000,0.0
Windspeed (knots) [45,46), Membership Value =0.00000000,0.0
Windspeed (knots) [46,47), Membership Value =0.00000000,0.0
Windspeed (knots) [47,48), Membership Value =0.00000000,0.0
Windspeed (knots) [48,49), Membership Value =0.00000000,0.0
Windspeed (knots) [49,50), Membership Value =0.00000000,0.0
Windspeed (knots) [50,51), Membership Value =0.00000000,0.0
Windspeed (knots) [51,52), Membership Value =0.00000000,0.0
Windspeed (knots) [52,53), Membership Value =0.00000000,0.0
Windspeed (knots) [53,54), Membership Value =0.00000000,0.0
Windspeed (knots) [54,55), Membership Value =0.00000000,0.0
Windspeed (knots) [55,56), Membership Value =0.00000000,0.0
Windspeed (knots) [56,57), Membership Value =0.00000000,0.0
Windspeed (knots) [57,58), Membership Value =0.00000000,0.0
Windspeed (knots) [58,59), Membership Value =0.00000000,0.0
Windspeed (knots) [59,60), Membership Value =0.00000000,0.0
Windspeed (knots) [60,61), Membership Value =0.00000000,0.0
Windspeed (knots) [61,62), Membership Value =0.00000000,0.0
Windspeed (knots) [62,63), Membership Value =0.00000000,0.0
Windspeed (knots) [63,64), Membership Value =0.00000000,0.0
Windspeed (knots) [64,65), Membership Value =0.00000000,0.0
Windspeed (knots) [65,66), Membership Value =0.00000000,0.0
Windspeed (knots) [66,67), Membership Value =0.00000000,0.0
Windspeed (knots) [67,68), Membership Value =0.00000000,0.0
Windspeed (knots) [68,69), Membership Value =0.00000000,0.0
Windspeed (knots) [69,70), Membership Value =0.00000000,0.0
Windspeed (knots) [70,71), Membership Value =0.00000000,0.0
Windspeed (knots) [71,72), Membership Value =0.00000000,0.0
Windspeed (knots) [72,73), Membership Value =0.00000000,0.0
Windspeed (knots) [73,74), Membership Value =0.00000000,0.0
Windspeed (knots) [74,75), Membership Value =0.00000000,0.0
Windspeed (knots) [75,76), Membership Value =0.00000000,0.0
Windspeed (knots) [76,77), Membership Value =0.00000000,0.0
Windspeed (knots) [77,78), Membership Value =0.00000000,0.0
Windspeed (knots) [78,79), Membership Value =0.00000000,0.0
Windspeed (knots) [79,80), Membership Value =0.00000000,0.0
Windspeed (knots) [80,81), Membership Value =0.00000000,0.0
Windspeed (knots) [81,82), Membership Value =0.00000000,0.0
Windspeed (knots) [82,83), Membership Value =0.00000000,0.0
Windspeed (knots) [83,84), Membership Value =0.00000000,0.0
Windspeed (knots) [84,85), Membership Value =0.00000000,0.0
Windspeed (knots) [85,86), Membership Value =0.00000000,0.0
Windspeed (knots) [86,87), Membership Value =0.00000000,0.0
Windspeed (knots) [87,88), Membership Value =0.00000000,0.0
Windspeed (knots) [88,89), Membership Value =0.00000000,0.0
Windspeed (knots) [89,90), Membership Value =0.00000000,0.0
Windspeed (knots) [90,91), Membership Value =0.00000000,0.0
Windspeed (knots) [91,92), Membership Value =0.00000000,0.0
Windspeed (knots) [92,93), Membership Value =0.00000000,0.0
Windspeed (knots) [93,94), Membership Value =0.00000000,0.0
Windspeed (knots) [94,95), Membership Value =0.00000000,0.0
Windspeed (knots) [95,96), Membership Value =0.00000000,0.0
Windspeed (knots) [96,97), Membership Value =0.00000000,0.0
Windspeed (knots) [97,98), Membership Value =0.00000000,0.0
Windspeed (knots) [98,99), Membership Value =0.00000000,0.0
Windspeed (knots) [99,100), Membership Value =0.00000000,0.0
Windspeed (knots) [100,101), Membership Value =0.00000000,0.0
Windspeed (knots) [101,102), Membership Value =0.00000000,0.0
Windspeed (knots) [102,103), Membership Value =0.00000000,0.0
Windspeed (knots) [103,104), Membership Value =0.00000000,0.0
Windspeed (knots) [104,105), Membership Value =0.00000000,0.0
Windspeed (knots) [105,106), Membership Value =0.00000000,0.0
Windspeed (knots) [106,107), Membership Value =0.00000000,0.0
Windspeed (knots) [107,108), Membership Value =0.00000000,0.0
Windspeed (knots) [108,109), Membership Value =0.00000000,0.0
Windspeed (knots) [109,110), Membership Value =0.00000000,0.0
Windspeed (knots) [110,111), Membership Value =0.00000000,0.0
Windspeed (knots) [111,112), Membership Value =0.00000000,0.0
Windspeed (knots) [112,113), Membership Value =0.00000000,0.0
Windspeed (knots) [113,114), Membership Value =0.00000000,0.0
Windspeed (knots) [114,115), Membership Value =0.00000000,0.0
Windspeed (knots) [115,116), Membership Value =0.00000000,0.0
Windspeed (knots) [116,117), Membership Value =0.00000000,0.0
Windspeed (knots) [117,118), Membership Value =0.00000000,0.0
Windspeed (knots) [118,119), Membership Value =0.00000000,0.0
Windspeed (knots) [119,120), Membership Value =0.00000000,0.0
Windspeed (knots) [120,121), Membership Value =0.00000000,0.0
Windspeed (knots) [121,122), Membership Value =0.00000000,0.0
Windspeed (knots) [122,123), Membership Value =0.00000000,0.0
Windspeed (knots) [123,124), Membership Value =0.00000000,0.0
Windspeed (knots) [124,125), Membership Value =0.00000000,0.0
LowestWindspeedThatIsWindyKnots for station KEUG is 6 knots.
Transition limited :true
bUseWeatherPrediction: true
The running average is 1
The membership_value_deployment_threshold is 0.5
Energy harvested: 1768158.1691666904
iGeneratingEnergyWhenGridNeedsEnergyMinutes =386236
iGeneratingEnergyWhenGridNeedsEnergyMinutes =386236
iUsingEnergyWhenGridNeedsEnergyMinutes =1938
iGeneratingEnergyWhenGridHasExcessEnergyMinutes = 2777
iUsingEnergyWhenGridHasExcessEnergyMinutes = 0
iIdleWhenGridDoesNotNeedEnergyMinutes = 43303
iIdleWhenGridNeedsEnergyMinutes = 4300222
iEnergyPriceIsZeroMinutes = 240
harvester.getEnergyHarvestedAVAILABLEKilowattHours( ): 7234854.416666667
harvester.getEnergyHarvestedKilowattHours(): 1768158.1691666904
The running average is 31
The membership_value_deployment_threshold is 0.5
Energy harvested: 2100399.399722247
iGeneratingEnergyWhenGridNeedsEnergyMinutes =437522
iGeneratingEnergyWhenGridNeedsEnergyMinutes =437522
iUsingEnergyWhenGridNeedsEnergyMinutes =1775
iGeneratingEnergyWhenGridHasExcessEnergyMinutes = 2659
iUsingEnergyWhenGridHasExcessEnergyMinutes = 0
iIdleWhenGridDoesNotNeedEnergyMinutes = 43421
iIdleWhenGridNeedsEnergyMinutes = 4249099
iEnergyPriceIsZeroMinutes = 240
harvester.getEnergyHarvestedAVAILABLEKilowattHours( ): 7234854.416666667
harvester.getEnergyHarvestedKilowattHours(): 2100399.399722247
The running average is 61
The membership_value_deployment_threshold is 0.5
Energy harvested: 2114950.029166688
iGeneratingEnergyWhenGridNeedsEnergyMinutes =430771
iGeneratingEnergyWhenGridNeedsEnergyMinutes =430771
iUsingEnergyWhenGridNeedsEnergyMinutes =1663
iGeneratingEnergyWhenGridHasExcessEnergyMinutes = 3017
iUsingEnergyWhenGridHasExcessEnergyMinutes = 17
iIdleWhenGridDoesNotNeedEnergyMinutes = 43046
iIdleWhenGridNeedsEnergyMinutes = 4255962
iEnergyPriceIsZeroMinutes = 240
harvester.getEnergyHarvestedAVAILABLEKilowattHours( ): 7234854.416666667
harvester.getEnergyHarvestedKilowattHours(): 2114950.029166688
The running average is 91
The membership_value_deployment_threshold is 0.5
Energy harvested: 2135542.3277777997
iGeneratingEnergyWhenGridNeedsEnergyMinutes =428553
iGeneratingEnergyWhenGridNeedsEnergyMinutes =428553
iUsingEnergyWhenGridNeedsEnergyMinutes =1656
iGeneratingEnergyWhenGridHasExcessEnergyMinutes = 3078
iUsingEnergyWhenGridHasExcessEnergyMinutes = 23
iIdleWhenGridDoesNotNeedEnergyMinutes = 42979
iIdleWhenGridNeedsEnergyMinutes = 4258187
iEnergyPriceIsZeroMinutes = 240
harvester.getEnergyHarvestedAVAILABLEKilowattHours( ): 7234854.416666667
harvester.getEnergyHarvestedKilowattHours(): 2135542.3277777997
The running average is 121
The membership_value_deployment_threshold is 0.5
Energy harvested: 2186222.1636111327
iGeneratingEnergyWhenGridNeedsEnergyMinutes =434846
iGeneratingEnergyWhenGridNeedsEnergyMinutes =434846
iUsingEnergyWhenGridNeedsEnergyMinutes =1699
iGeneratingEnergyWhenGridHasExcessEnergyMinutes = 3475
iUsingEnergyWhenGridHasExcessEnergyMinutes = 36
iIdleWhenGridDoesNotNeedEnergyMinutes = 42569
iIdleWhenGridNeedsEnergyMinutes = 4251851
iEnergyPriceIsZeroMinutes = 240
harvester.getEnergyHarvestedAVAILABLEKilowattHours( ): 7234854.416666667
harvester.getEnergyHarvestedKilowattHours(): 2186222.1636111327
Beginning testing mode:
station,&,deployment_membership_value_threshold_array_for_month_1,&,running_average_size_minutes_for_month_1,&,deployment_membership_value_threshold_array_for_month_2,&,running_average_size_minutes_for_month_2,&,deployment_membership_value_threshold_array_for_month_3,&,running_average_size_minutes_for_month_3,&,deployment_membership_value_threshold_array_for_month_4,&,running_average_size_minutes_for_month_4,&,deployment_membership_value_threshold_array_for_month_5,&,running_average_size_minutes_for_month_5,&,deployment_membership_value_threshold_array_for_month_6,&,running_average_size_minutes_for_month_6,&,deployment_membership_value_threshold_array_for_month_7,&,running_average_size_minutes_for_month_7,&,deployment_membership_value_threshold_array_for_month_8,&,running_average_size_minutes_for_month_8,&,deployment_membership_value_threshold_array_for_month_9,&,running_average_size_minutes_for_month_9,&,deployment_membership_value_threshold_array_for_month_10,&,running_average_size_minutes_for_month_10,&,deployment_membership_value_threshold_array_for_month_11,&,running_average_size_minutes_for_month_11,&,deployment_membership_value_threshold_array_for_month_12,&,running_average_size_minutes_for_month_12,&,dNetNorm,&,dMarketBalancePercentage,&,dMarketNetNorm,
results: KEUG,&,0.5,&,1,&,0.5,&,121,&,0.5,&,61,&,0.5,&,1,&,0.5,&,1,&,0.5,&,1,&,0.5,&,121,&,0.5,&,1,&,0.5,&,61,&,0.5,&,1,&,0.5,&,61,&,0.5,&,1,&,0.265327291988245,&,0.9434739693324764,&,0.2503293933443865
monthly visible minutes:KEUG,&,2013,&,8672,&,8672,&,8672,&,8672,&,8672,&,8672,&,8672,&,8672,&,8672,&,8672,&,8672,&,8672,&,
monthly visible minutes:KEUG,&,2014,&,8672,&,8672,&,8672,&,8672,&,8672,&,8672,&,8672,&,8672,&,8672,&,8672,&,8672,&,8672,&,
monthly minutes harvester between states:KEUG,&,2013,&,38,&,38,&,38,&,38,&,38,&,38,&,38,&,38,&,38,&,38,&,38,&,38,&,
monthly minutes harvester between states:KEUG,&,2014,&,38,&,38,&,38,&,38,&,38,&,38,&,38,&,38,&,38,&,38,&,38,&,38,&,
FuzzyVsCrisp: KEUG,1,true,true
station,&,deployment_membership_value_threshold_array_for_month_1,&,running_average_size_minutes_for_month_1,&,deployment_membership_value_threshold_array_for_month_2,&,running_average_size_minutes_for_month_2,&,deployment_membership_value_threshold_array_for_month_3,&,running_average_size_minutes_for_month_3,&,deployment_membership_value_threshold_array_for_month_4,&,running_average_size_minutes_for_month_4,&,deployment_membership_value_threshold_array_for_month_5,&,running_average_size_minutes_for_month_5,&,deployment_membership_value_threshold_array_for_month_6,&,running_average_size_minutes_for_month_6,&,deployment_membership_value_threshold_array_for_month_7,&,running_average_size_minutes_for_month_7,&,deployment_membership_value_threshold_array_for_month_8,&,running_average_size_minutes_for_month_8,&,deployment_membership_value_threshold_array_for_month_9,&,running_average_size_minutes_for_month_9,&,deployment_membership_value_threshold_array_for_month_10,&,running_average_size_minutes_for_month_10,&,deployment_membership_value_threshold_array_for_month_11,&,running_average_size_minutes_for_month_11,&,deployment_membership_value_threshold_array_for_month_12,&,running_average_size_minutes_for_month_12,&,dNetNorm,&,dMarketBalancePercentage,&,dMarketNetNorm,
results: KEUG,&,0.5,&,1,&,0.5,&,121,&,0.5,&,61,&,0.5,&,1,&,0.5,&,1,&,0.5,&,1,&,0.5,&,121,&,0.5,&,1,&,0.5,&,61,&,0.5,&,1,&,0.5,&,61,&,0.5,&,1,&,0.265327291988245,&,0.9434739693324764,&,0.2503293933443865
monthly visible minutes:KEUG,&,2013,&,8672,&,8672,&,8672,&,8672,&,8672,&,8672,&,8672,&,8672,&,8672,&,8672,&,8672,&,8672,&,
monthly visible minutes:KEUG,&,2014,&,8672,&,8672,&,8672,&,8672,&,8672,&,8672,&,8672,&,8672,&,8672,&,8672,&,8672,&,8672,&,
monthly minutes harvester between states:KEUG,&,2013,&,38,&,38,&,38,&,38,&,38,&,38,&,38,&,38,&,38,&,38,&,38,&,38,&,
monthly minutes harvester between states:KEUG,&,2014,&,38,&,38,&,38,&,38,&,38,&,38,&,38,&,38,&,38,&,38,&,38,&,38,&,
FuzzyVsCrisp: KEUG,1,true,true
Station: KIAH
abc: The current path is /home/guy/retractable-wind
I have found the property file.
The training windspeed filename is /trainingKIAH2004-2012in.csv
The testing windspeed filename is /testingKIAH2013-2014in.csv
Yes, the station is KIAH
Warning: The bAlsoUsePrediction no longer has any effect
iUsedAllItsAllocatedVisibilityMinutesPerMonth: 8760
Visibility Allocation Minutes:8760
HARVESTER_SIZE_SQM is 6362
Reading file
Success: /Wind turbine power curves - wind turbine power output against wind speed in knots.csv found.
Speed (Knots) = Speed(knots) vs power (kW) , Power (kW) =V90
Speed (Knots) = 0 , Power (kW) =0
Speed (Knots) = 1 , Power (kW) =0
Speed (Knots) = 2 , Power (kW) =0
Speed (Knots) = 3 , Power (kW) =0
Speed (Knots) = 4 , Power (kW) =0
Speed (Knots) = 5 , Power (kW) =0
Speed (Knots) = 6 , Power (kW) =0
Speed (Knots) = 7 , Power (kW) =38
Speed (Knots) = 8 , Power (kW) =87
Speed (Knots) = 9 , Power (kW) =141
Speed (Knots) = 10 , Power (kW) =207
Speed (Knots) = 11 , Power (kW) =286
Speed (Knots) = 12 , Power (kW) =382
Speed (Knots) = 13 , Power (kW) =496
Speed (Knots) = 14 , Power (kW) =628
Speed (Knots) = 15 , Power (kW) =781
Speed (Knots) = 16 , Power (kW) =957
Speed (Knots) = 17 , Power (kW) =1153
Speed (Knots) = 18 , Power (kW) =1366
Speed (Knots) = 19 , Power (kW) =1589
Speed (Knots) = 20 , Power (kW) =1814
Speed (Knots) = 21 , Power (kW) =2035
Speed (Knots) = 22 , Power (kW) =2250
Speed (Knots) = 23 , Power (kW) =2452
Speed (Knots) = 24 , Power (kW) =2634
Speed (Knots) = 25 , Power (kW) =2784
Speed (Knots) = 26 , Power (kW) =2888
Speed (Knots) = 27 , Power (kW) =2949
Speed (Knots) = 28 , Power (kW) =2980
Speed (Knots) = 29 , Power (kW) =2993
Speed (Knots) = 30 , Power (kW) =3000
Speed (Knots) = 31 , Power (kW) =3000
Speed (Knots) = 32 , Power (kW) =3000
Speed (Knots) = 33 , Power (kW) =3000
Speed (Knots) = 34 , Power (kW) =3000
Speed (Knots) = 35 , Power (kW) =3000
Speed (Knots) = 36 , Power (kW) =3000
Speed (Knots) = 37 , Power (kW) =3000
Speed (Knots) = 38 , Power (kW) =3000
Speed (Knots) = 39 , Power (kW) =3000
Speed (Knots) = 40 , Power (kW) =3000
Speed (Knots) = 41 , Power (kW) =3000
Speed (Knots) = 42 , Power (kW) =3000
Speed (Knots) = 43 , Power (kW) =3000
Speed (Knots) = 44 , Power (kW) =3000
Speed (Knots) = 45 , Power (kW) =3000
Speed (Knots) = 46 , Power (kW) =3000
Speed (Knots) = 47 , Power (kW) =3000
Speed (Knots) = 48 , Power (kW) =3000
Speed (Knots) = 49 , Power (kW) =0
Speed (Knots) = 50 , Power (kW) =0
Speed (Knots) = 51 , Power (kW) =0
Speed (Knots) = 52 , Power (kW) =0
Speed (Knots) = 53 , Power (kW) =0
Speed (Knots) = 54 , Power (kW) =0
Speed (Knots) = 55 , Power (kW) =0
Speed (Knots) = 56 , Power (kW) =0
Speed (Knots) = 57 , Power (kW) =0
Speed (Knots) = 58 , Power (kW) =0
Speed (Knots) = 59 , Power (kW) =0
Speed (Knots) = 60 , Power (kW) =0
The scale is 1.0
Wind power at 10 knots in kilowatts is 207.0
Wind power in-cut-out test 0.0
Fuzzy
Class name:edu.pitt.cs.people.guy.wind.benchmarks.Fuzzy5
Success: /Noise_Allowed_Time_Definitions_All_Stations.csv found.
The station is the record is KIAH
Success: /Noise_Allowed_Time_Definitions_All_Stations.csv found.
The station is the record is KIAH
I have found the membership file for NOT WINDY.
Windspeed (knots) [0,1), Membership Value =1.0000000,1.0
Windspeed (knots) [1,2), Membership Value =0.9999109,0.9999109
Windspeed (knots) [2,3), Membership Value =0.9988756,0.9988756
Windspeed (knots) [3,4), Membership Value =0.9945454,0.9945454
Windspeed (knots) [4,5), Membership Value =0.9829569,0.9829569
Windspeed (knots) [5,6), Membership Value =0.9618849,0.9618849
Windspeed (knots) [6,7), Membership Value =0.9273118,0.9273118
Windspeed (knots) [7,8), Membership Value =0.8764096,0.8764096
Windspeed (knots) [8,9), Membership Value =0.8096443,0.8096443
Windspeed (knots) [9,10), Membership Value =0.7237917,0.7237917
Windspeed (knots) [10,11), Membership Value =0.6274935,0.6274935
Windspeed (knots) [11,12), Membership Value =0.5243565,0.5243565
Windspeed (knots) [12,13), Membership Value =0.4135571,0.4135571
Windspeed (knots) [13,14), Membership Value =0.3044805,0.3044805
Windspeed (knots) [14,15), Membership Value =0.2053706,0.2053706
Windspeed (knots) [15,16), Membership Value =0.1178871,0.1178871
Windspeed (knots) [16,17), Membership Value =0.0430639,0.0430639
Windspeed (knots) [17,18), Membership Value =0.0000000,0.0
Windspeed (knots) [18,19), Membership Value =0.0000000,0.0
Windspeed (knots) [19,20), Membership Value =0.0000000,0.0
Windspeed (knots) [20,21), Membership Value =0.0000000,0.0
Windspeed (knots) [21,22), Membership Value =0.0000000,0.0
Windspeed (knots) [22,23), Membership Value =0.0000000,0.0
Windspeed (knots) [23,24), Membership Value =0.0000000,0.0
Windspeed (knots) [24,25), Membership Value =0.0000000,0.0
Windspeed (knots) [25,26), Membership Value =0.0000000,0.0
Windspeed (knots) [26,27), Membership Value =0.0000000,0.0
Windspeed (knots) [27,28), Membership Value =0.0000000,0.0
Windspeed (knots) [28,29), Membership Value =0.0000000,0.0
Windspeed (knots) [29,30), Membership Value =0.0000000,0.0
Windspeed (knots) [30,31), Membership Value =0.0000000,0.0
Windspeed (knots) [31,32), Membership Value =0.0000000,0.0
Windspeed (knots) [32,33), Membership Value =0.0000000,0.0
Windspeed (knots) [33,34), Membership Value =0.0000000,0.0
Windspeed (knots) [34,35), Membership Value =0.0000000,0.0
Windspeed (knots) [35,36), Membership Value =0.0000000,0.0
Windspeed (knots) [36,37), Membership Value =0.0000000,0.0
Windspeed (knots) [37,38), Membership Value =0.0000000,0.0
Windspeed (knots) [38,39), Membership Value =0.0000000,0.0
Windspeed (knots) [39,40), Membership Value =0.0000000,0.0
Windspeed (knots) [40,41), Membership Value =0.0000000,0.0
Windspeed (knots) [41,42), Membership Value =0.0000000,0.0
Windspeed (knots) [42,43), Membership Value =0.0000000,0.0
Windspeed (knots) [43,44), Membership Value =0.0000000,0.0
Windspeed (knots) [44,45), Membership Value =0.0000000,0.0
Windspeed (knots) [45,46), Membership Value =0.0000000,0.0
Windspeed (knots) [46,47), Membership Value =0.0000000,0.0
Windspeed (knots) [47,48), Membership Value =0.0000000,0.0
Windspeed (knots) [48,49), Membership Value =0.0000000,0.0
Windspeed (knots) [49,50), Membership Value =0.0000000,0.0
Windspeed (knots) [50,51), Membership Value =0.0000000,0.0
Windspeed (knots) [51,52), Membership Value =0.0000000,0.0
Windspeed (knots) [52,53), Membership Value =0.0000000,0.0
Windspeed (knots) [53,54), Membership Value =0.0000000,0.0
Windspeed (knots) [54,55), Membership Value =0.0000000,0.0
Windspeed (knots) [55,56), Membership Value =0.0000000,0.0
Windspeed (knots) [56,57), Membership Value =0.0000000,0.0
Windspeed (knots) [57,58), Membership Value =0.0000000,0.0
Windspeed (knots) [58,59), Membership Value =0.0000000,0.0
Windspeed (knots) [59,60), Membership Value =0.0000000,0.0
Windspeed (knots) [60,61), Membership Value =0.0000000,0.0
Windspeed (knots) [61,62), Membership Value =0.0000000,0.0
Windspeed (knots) [62,63), Membership Value =0.0000000,0.0
Windspeed (knots) [63,64), Membership Value =0.0000000,0.0
Windspeed (knots) [64,65), Membership Value =0.0000000,0.0
Windspeed (knots) [65,66), Membership Value =0.0000000,0.0
Windspeed (knots) [66,67), Membership Value =0.0000000,0.0
Windspeed (knots) [67,68), Membership Value =0.0000000,0.0
Windspeed (knots) [68,69), Membership Value =0.0000000,0.0
Windspeed (knots) [69,70), Membership Value =0.0000000,0.0
Windspeed (knots) [70,71), Membership Value =0.0000000,0.0
Windspeed (knots) [71,72), Membership Value =0.0000000,0.0
Windspeed (knots) [72,73), Membership Value =0.0000000,0.0
Windspeed (knots) [73,74), Membership Value =0.0000000,0.0
Windspeed (knots) [74,75), Membership Value =0.0000000,0.0
Windspeed (knots) [75,76), Membership Value =0.0000000,0.0
Windspeed (knots) [76,77), Membership Value =0.0000000,0.0
Windspeed (knots) [77,78), Membership Value =0.0000000,0.0
Windspeed (knots) [78,79), Membership Value =0.0000000,0.0
Windspeed (knots) [79,80), Membership Value =0.0000000,0.0
Windspeed (knots) [80,81), Membership Value =0.0000000,0.0
Windspeed (knots) [81,82), Membership Value =0.0000000,0.0
Windspeed (knots) [82,83), Membership Value =0.0000000,0.0
Windspeed (knots) [83,84), Membership Value =0.0000000,0.0
Windspeed (knots) [84,85), Membership Value =0.0000000,0.0
Windspeed (knots) [85,86), Membership Value =0.0000000,0.0
Windspeed (knots) [86,87), Membership Value =0.0000000,0.0
Windspeed (knots) [87,88), Membership Value =0.0000000,0.0
Windspeed (knots) [88,89), Membership Value =0.0000000,0.0
Windspeed (knots) [89,90), Membership Value =0.0000000,0.0
Windspeed (knots) [90,91), Membership Value =0.0000000,0.0
Windspeed (knots) [91,92), Membership Value =0.0000000,0.0
Windspeed (knots) [92,93), Membership Value =0.0000000,0.0
Windspeed (knots) [93,94), Membership Value =0.0000000,0.0
Windspeed (knots) [94,95), Membership Value =0.0000000,0.0
Windspeed (knots) [95,96), Membership Value =0.0000000,0.0
Windspeed (knots) [96,97), Membership Value =0.0000000,0.0
Windspeed (knots) [97,98), Membership Value =0.0000000,0.0
Windspeed (knots) [98,99), Membership Value =0.0000000,0.0
Windspeed (knots) [99,100), Membership Value =0.0000000,0.0
Windspeed (knots) [100,101), Membership Value =0.0000000,0.0
Windspeed (knots) [101,102), Membership Value =0.0000000,0.0
Windspeed (knots) [102,103), Membership Value =0.0000000,0.0
Windspeed (knots) [103,104), Membership Value =0.0000000,0.0
Windspeed (knots) [104,105), Membership Value =0.0000000,0.0
Windspeed (knots) [105,106), Membership Value =0.0000000,0.0
Windspeed (knots) [106,107), Membership Value =0.0000000,0.0
Windspeed (knots) [107,108), Membership Value =0.0000000,0.0
Windspeed (knots) [108,109), Membership Value =0.0000000,0.0
Windspeed (knots) [109,110), Membership Value =0.0000000,0.0
Windspeed (knots) [110,111), Membership Value =0.0000000,0.0
Windspeed (knots) [111,112), Membership Value =0.0000000,0.0
Windspeed (knots) [112,113), Membership Value =0.0000000,0.0
Windspeed (knots) [113,114), Membership Value =0.0000000,0.0
Windspeed (knots) [114,115), Membership Value =0.0000000,0.0
Windspeed (knots) [115,116), Membership Value =0.0000000,0.0
Windspeed (knots) [116,117), Membership Value =0.0000000,0.0
Windspeed (knots) [117,118), Membership Value =0.0000000,0.0
Windspeed (knots) [118,119), Membership Value =0.0000000,0.0
Windspeed (knots) [119,120), Membership Value =0.0000000,0.0
Windspeed (knots) [120,121), Membership Value =0.0000000,0.0
Windspeed (knots) [121,122), Membership Value =0.0000000,0.0
Windspeed (knots) [122,123), Membership Value =0.0000000,0.0
Windspeed (knots) [123,124), Membership Value =0.0000000,0.0
Windspeed (knots) [124,125), Membership Value =0.0000000,0.0
LowestWindspeedThatIsWindyKnots for station KIAH is 7 knots.
Transition limited :true
bUseWeatherPrediction: true
The running average is 1
The membership_value_deployment_threshold is 0.5
Energy harvested: 2330185.895833319
iGeneratingEnergyWhenGridNeedsEnergyMinutes =446080
iGeneratingEnergyWhenGridNeedsEnergyMinutes =446080
iUsingEnergyWhenGridNeedsEnergyMinutes =1914
iGeneratingEnergyWhenGridHasExcessEnergyMinutes = 5012
iUsingEnergyWhenGridHasExcessEnergyMinutes = 38
iIdleWhenGridDoesNotNeedEnergyMinutes = 41030
iIdleWhenGridNeedsEnergyMinutes = 4240405
iEnergyPriceIsZeroMinutes = 240
harvester.getEnergyHarvestedAVAILABLEKilowattHours( ): 1.0827120133333333E7
harvester.getEnergyHarvestedKilowattHours(): 2330185.895833319
The running average is 31
The membership_value_deployment_threshold is 0.5
Energy harvested: 3005494.02805548
iGeneratingEnergyWhenGridNeedsEnergyMinutes =505286
iGeneratingEnergyWhenGridNeedsEnergyMinutes =505286
iUsingEnergyWhenGridNeedsEnergyMinutes =1672
iGeneratingEnergyWhenGridHasExcessEnergyMinutes = 4449
iUsingEnergyWhenGridHasExcessEnergyMinutes = 0
iIdleWhenGridDoesNotNeedEnergyMinutes = 41631
iIdleWhenGridNeedsEnergyMinutes = 4181441
iEnergyPriceIsZeroMinutes = 240
harvester.getEnergyHarvestedAVAILABLEKilowattHours( ): 1.0827120133333333E7
harvester.getEnergyHarvestedKilowattHours(): 3005494.02805548
The running average is 61
The membership_value_deployment_threshold is 0.5
Energy harvested: 3054699.361944352
iGeneratingEnergyWhenGridNeedsEnergyMinutes =508591
iGeneratingEnergyWhenGridNeedsEnergyMinutes =508591
iUsingEnergyWhenGridNeedsEnergyMinutes =1629
iGeneratingEnergyWhenGridHasExcessEnergyMinutes = 4322
iUsingEnergyWhenGridHasExcessEnergyMinutes = 0
iIdleWhenGridDoesNotNeedEnergyMinutes = 41758
iIdleWhenGridNeedsEnergyMinutes = 4178179
iEnergyPriceIsZeroMinutes = 240
harvester.getEnergyHarvestedAVAILABLEKilowattHours( ): 1.0827120133333333E7
harvester.getEnergyHarvestedKilowattHours(): 3054699.361944352
The running average is 91
The membership_value_deployment_threshold is 0.5
Energy harvested: 3049830.573611024
iGeneratingEnergyWhenGridNeedsEnergyMinutes =504334
iGeneratingEnergyWhenGridNeedsEnergyMinutes =504334
iUsingEnergyWhenGridNeedsEnergyMinutes =1595
iGeneratingEnergyWhenGridHasExcessEnergyMinutes = 4987
iUsingEnergyWhenGridHasExcessEnergyMinutes = 0
iIdleWhenGridDoesNotNeedEnergyMinutes = 41093
iIdleWhenGridNeedsEnergyMinutes = 4182470
iEnergyPriceIsZeroMinutes = 240
harvester.getEnergyHarvestedAVAILABLEKilowattHours( ): 1.0827120133333333E7
harvester.getEnergyHarvestedKilowattHours(): 3049830.573611024
The running average is 121
The membership_value_deployment_threshold is 0.5
Energy harvested: 3181983.5377776865
iGeneratingEnergyWhenGridNeedsEnergyMinutes =507273
iGeneratingEnergyWhenGridNeedsEnergyMinutes =507273
iUsingEnergyWhenGridNeedsEnergyMinutes =1608
iGeneratingEnergyWhenGridHasExcessEnergyMinutes = 4923
iUsingEnergyWhenGridHasExcessEnergyMinutes = 0
iIdleWhenGridDoesNotNeedEnergyMinutes = 41157
iIdleWhenGridNeedsEnergyMinutes = 4179518
iEnergyPriceIsZeroMinutes = 240
harvester.getEnergyHarvestedAVAILABLEKilowattHours( ): 1.0827120133333333E7
harvester.getEnergyHarvestedKilowattHours(): 3181983.5377776865
Beginning testing mode:
station,&,deployment_membership_value_threshold_array_for_month_1,&,running_average_size_minutes_for_month_1,&,deployment_membership_value_threshold_array_for_month_2,&,running_average_size_minutes_for_month_2,&,deployment_membership_value_threshold_array_for_month_3,&,running_average_size_minutes_for_month_3,&,deployment_membership_value_threshold_array_for_month_4,&,running_average_size_minutes_for_month_4,&,deployment_membership_value_threshold_array_for_month_5,&,running_average_size_minutes_for_month_5,&,deployment_membership_value_threshold_array_for_month_6,&,running_average_size_minutes_for_month_6,&,deployment_membership_value_threshold_array_for_month_7,&,running_average_size_minutes_for_month_7,&,deployment_membership_value_threshold_array_for_month_8,&,running_average_size_minutes_for_month_8,&,deployment_membership_value_threshold_array_for_month_9,&,running_average_size_minutes_for_month_9,&,deployment_membership_value_threshold_array_for_month_10,&,running_average_size_minutes_for_month_10,&,deployment_membership_value_threshold_array_for_month_11,&,running_average_size_minutes_for_month_11,&,deployment_membership_value_threshold_array_for_month_12,&,running_average_size_minutes_for_month_12,&,dNetNorm,&,dMarketBalancePercentage,&,dMarketNetNorm,
results: KIAH,&,0.5,&,61,&,0.5,&,31,&,0.5,&,91,&,0.5,&,1,&,0.5,&,31,&,0.5,&,121,&,0.5,&,61,&,0.5,&,91,&,0.5,&,121,&,0.5,&,31,&,0.5,&,31,&,0.5,&,1,&,0.24864809205743582,&,0.9746171978306281,&,0.24233670672695015
monthly visible minutes:KIAH,&,2013,&,8672,&,8672,&,8672,&,8672,&,8672,&,8672,&,8672,&,8672,&,8672,&,8672,&,8672,&,8672,&,
monthly visible minutes:KIAH,&,2014,&,8672,&,8672,&,8672,&,8672,&,8672,&,8672,&,8672,&,8672,&,8672,&,8672,&,8672,&,8672,&,
monthly minutes harvester between states:KIAH,&,2013,&,38,&,38,&,38,&,38,&,38,&,38,&,38,&,38,&,38,&,38,&,38,&,38,&,
monthly minutes harvester between states:KIAH,&,2014,&,38,&,38,&,38,&,38,&,38,&,38,&,38,&,38,&,38,&,38,&,38,&,38,&,
FuzzyVsCrisp: KIAH,1,true,true
station,&,deployment_membership_value_threshold_array_for_month_1,&,running_average_size_minutes_for_month_1,&,deployment_membership_value_threshold_array_for_month_2,&,running_average_size_minutes_for_month_2,&,deployment_membership_value_threshold_array_for_month_3,&,running_average_size_minutes_for_month_3,&,deployment_membership_value_threshold_array_for_month_4,&,running_average_size_minutes_for_month_4,&,deployment_membership_value_threshold_array_for_month_5,&,running_average_size_minutes_for_month_5,&,deployment_membership_value_threshold_array_for_month_6,&,running_average_size_minutes_for_month_6,&,deployment_membership_value_threshold_array_for_month_7,&,running_average_size_minutes_for_month_7,&,deployment_membership_value_threshold_array_for_month_8,&,running_average_size_minutes_for_month_8,&,deployment_membership_value_threshold_array_for_month_9,&,running_average_size_minutes_for_month_9,&,deployment_membership_value_threshold_array_for_month_10,&,running_average_size_minutes_for_month_10,&,deployment_membership_value_threshold_array_for_month_11,&,running_average_size_minutes_for_month_11,&,deployment_membership_value_threshold_array_for_month_12,&,running_average_size_minutes_for_month_12,&,dNetNorm,&,dMarketBalancePercentage,&,dMarketNetNorm,
results: KIAH,&,0.5,&,61,&,0.5,&,31,&,0.5,&,91,&,0.5,&,1,&,0.5,&,31,&,0.5,&,121,&,0.5,&,61,&,0.5,&,91,&,0.5,&,121,&,0.5,&,31,&,0.5,&,31,&,0.5,&,1,&,0.24864809205743582,&,0.9746171978306281,&,0.24233670672695015
monthly visible minutes:KIAH,&,2013,&,8672,&,8672,&,8672,&,8672,&,8672,&,8672,&,8672,&,8672,&,8672,&,8672,&,8672,&,8672,&,
monthly visible minutes:KIAH,&,2014,&,8672,&,8672,&,8672,&,8672,&,8672,&,8672,&,8672,&,8672,&,8672,&,8672,&,8672,&,8672,&,
monthly minutes harvester between states:KIAH,&,2013,&,38,&,38,&,38,&,38,&,38,&,38,&,38,&,38,&,38,&,38,&,38,&,38,&,
monthly minutes harvester between states:KIAH,&,2014,&,38,&,38,&,38,&,38,&,38,&,38,&,38,&,38,&,38,&,38,&,38,&,38,&,
FuzzyVsCrisp: KIAH,1,true,true
Station: KLAS
abc: The current path is /home/guy/retractable-wind
I have found the property file.
The training windspeed filename is /trainingKLAS2004-2012in.csv
The testing windspeed filename is /testingKLAS2013-2014in.csv
Yes, the station is KLAS
Warning: The bAlsoUsePrediction no longer has any effect
iUsedAllItsAllocatedVisibilityMinutesPerMonth: 8760
Visibility Allocation Minutes:8760
HARVESTER_SIZE_SQM is 6362
Reading file
Success: /Wind turbine power curves - wind turbine power output against wind speed in knots.csv found.
Speed (Knots) = Speed(knots) vs power (kW) , Power (kW) =V90
Speed (Knots) = 0 , Power (kW) =0
Speed (Knots) = 1 , Power (kW) =0
Speed (Knots) = 2 , Power (kW) =0
Speed (Knots) = 3 , Power (kW) =0
Speed (Knots) = 4 , Power (kW) =0
Speed (Knots) = 5 , Power (kW) =0
Speed (Knots) = 6 , Power (kW) =0
Speed (Knots) = 7 , Power (kW) =38
Speed (Knots) = 8 , Power (kW) =87
Speed (Knots) = 9 , Power (kW) =141
Speed (Knots) = 10 , Power (kW) =207
Speed (Knots) = 11 , Power (kW) =286
Speed (Knots) = 12 , Power (kW) =382
Speed (Knots) = 13 , Power (kW) =496
Speed (Knots) = 14 , Power (kW) =628
Speed (Knots) = 15 , Power (kW) =781
Speed (Knots) = 16 , Power (kW) =957
Speed (Knots) = 17 , Power (kW) =1153
Speed (Knots) = 18 , Power (kW) =1366
Speed (Knots) = 19 , Power (kW) =1589
Speed (Knots) = 20 , Power (kW) =1814
Speed (Knots) = 21 , Power (kW) =2035
Speed (Knots) = 22 , Power (kW) =2250
Speed (Knots) = 23 , Power (kW) =2452
Speed (Knots) = 24 , Power (kW) =2634
Speed (Knots) = 25 , Power (kW) =2784
Speed (Knots) = 26 , Power (kW) =2888
Speed (Knots) = 27 , Power (kW) =2949
Speed (Knots) = 28 , Power (kW) =2980
Speed (Knots) = 29 , Power (kW) =2993
Speed (Knots) = 30 , Power (kW) =3000
Speed (Knots) = 31 , Power (kW) =3000
Speed (Knots) = 32 , Power (kW) =3000
Speed (Knots) = 33 , Power (kW) =3000
Speed (Knots) = 34 , Power (kW) =3000
Speed (Knots) = 35 , Power (kW) =3000
Speed (Knots) = 36 , Power (kW) =3000
Speed (Knots) = 37 , Power (kW) =3000
Speed (Knots) = 38 , Power (kW) =3000
Speed (Knots) = 39 , Power (kW) =3000
Speed (Knots) = 40 , Power (kW) =3000
Speed (Knots) = 41 , Power (kW) =3000
Speed (Knots) = 42 , Power (kW) =3000
Speed (Knots) = 43 , Power (kW) =3000
Speed (Knots) = 44 , Power (kW) =3000
Speed (Knots) = 45 , Power (kW) =3000
Speed (Knots) = 46 , Power (kW) =3000
Speed (Knots) = 47 , Power (kW) =3000
Speed (Knots) = 48 , Power (kW) =3000
Speed (Knots) = 49 , Power (kW) =0
Speed (Knots) = 50 , Power (kW) =0
Speed (Knots) = 51 , Power (kW) =0
Speed (Knots) = 52 , Power (kW) =0
Speed (Knots) = 53 , Power (kW) =0
Speed (Knots) = 54 , Power (kW) =0
Speed (Knots) = 55 , Power (kW) =0
Speed (Knots) = 56 , Power (kW) =0
Speed (Knots) = 57 , Power (kW) =0
Speed (Knots) = 58 , Power (kW) =0
Speed (Knots) = 59 , Power (kW) =0
Speed (Knots) = 60 , Power (kW) =0
The scale is 1.0
Wind power at 10 knots in kilowatts is 207.0
Wind power in-cut-out test 0.0
Fuzzy
Class name:edu.pitt.cs.people.guy.wind.benchmarks.Fuzzy5
Success: /Noise_Allowed_Time_Definitions_All_Stations.csv found.
The station is the record is KLAS
Success: /Noise_Allowed_Time_Definitions_All_Stations.csv found.
The station is the record is KLAS
I have found the membership file for NOT WINDY.
Windspeed (knots) [0,1), Membership Value =1.00000000,1.0
Windspeed (knots) [1,2), Membership Value =0.99993672,0.9999367
Windspeed (knots) [2,3), Membership Value =0.99891630,0.9989163
Windspeed (knots) [3,4), Membership Value =0.99447028,0.9944703
Windspeed (knots) [4,5), Membership Value =0.98365956,0.98365957
Windspeed (knots) [5,6), Membership Value =0.96444872,0.9644487
Windspeed (knots) [6,7), Membership Value =0.93727001,0.93727
Windspeed (knots) [7,8), Membership Value =0.90187574,0.90187573
Windspeed (knots) [8,9), Membership Value =0.85869003,0.85869
Windspeed (knots) [9,10), Membership Value =0.80683539,0.8068354
Windspeed (knots) [10,11), Membership Value =0.74522766,0.74522763
Windspeed (knots) [11,12), Membership Value =0.67345918,0.6734592
Windspeed (knots) [12,13), Membership Value =0.59550578,0.5955058
Windspeed (knots) [13,14), Membership Value =0.50924593,0.50924593
Windspeed (knots) [14,15), Membership Value =0.41684177,0.41684178
Windspeed (knots) [15,16), Membership Value =0.32060465,0.32060465
Windspeed (knots) [16,17), Membership Value =0.22534673,0.22534673
Windspeed (knots) [17,18), Membership Value =0.13578596,0.13578597
Windspeed (knots) [18,19), Membership Value =0.05736302,0.05736302
Windspeed (knots) [19,20), Membership Value =0.00000000,0.0
Windspeed (knots) [20,21), Membership Value =0.00000000,0.0
Windspeed (knots) [21,22), Membership Value =0.00000000,0.0
Windspeed (knots) [22,23), Membership Value =0.00000000,0.0
Windspeed (knots) [23,24), Membership Value =0.00000000,0.0
Windspeed (knots) [24,25), Membership Value =0.00000000,0.0
Windspeed (knots) [25,26), Membership Value =0.00000000,0.0
Windspeed (knots) [26,27), Membership Value =0.00000000,0.0
Windspeed (knots) [27,28), Membership Value =0.00000000,0.0
Windspeed (knots) [28,29), Membership Value =0.00000000,0.0
Windspeed (knots) [29,30), Membership Value =0.00000000,0.0
Windspeed (knots) [30,31), Membership Value =0.00000000,0.0
Windspeed (knots) [31,32), Membership Value =0.00000000,0.0
Windspeed (knots) [32,33), Membership Value =0.00000000,0.0
Windspeed (knots) [33,34), Membership Value =0.00000000,0.0
Windspeed (knots) [34,35), Membership Value =0.00000000,0.0
Windspeed (knots) [35,36), Membership Value =0.00000000,0.0
Windspeed (knots) [36,37), Membership Value =0.00000000,0.0
Windspeed (knots) [37,38), Membership Value =0.00000000,0.0
Windspeed (knots) [38,39), Membership Value =0.00000000,0.0
Windspeed (knots) [39,40), Membership Value =0.00000000,0.0
Windspeed (knots) [40,41), Membership Value =0.00000000,0.0
Windspeed (knots) [41,42), Membership Value =0.00000000,0.0
Windspeed (knots) [42,43), Membership Value =0.00000000,0.0
Windspeed (knots) [43,44), Membership Value =0.00000000,0.0
Windspeed (knots) [44,45), Membership Value =0.00000000,0.0
Windspeed (knots) [45,46), Membership Value =0.00000000,0.0
Windspeed (knots) [46,47), Membership Value =0.00000000,0.0
Windspeed (knots) [47,48), Membership Value =0.00000000,0.0
Windspeed (knots) [48,49), Membership Value =0.00000000,0.0
Windspeed (knots) [49,50), Membership Value =0.00000000,0.0
Windspeed (knots) [50,51), Membership Value =0.00000000,0.0
Windspeed (knots) [51,52), Membership Value =0.00000000,0.0
Windspeed (knots) [52,53), Membership Value =0.00000000,0.0
Windspeed (knots) [53,54), Membership Value =0.00000000,0.0
Windspeed (knots) [54,55), Membership Value =0.00000000,0.0
Windspeed (knots) [55,56), Membership Value =0.00000000,0.0
Windspeed (knots) [56,57), Membership Value =0.00000000,0.0
Windspeed (knots) [57,58), Membership Value =0.00000000,0.0
Windspeed (knots) [58,59), Membership Value =0.00000000,0.0
Windspeed (knots) [59,60), Membership Value =0.00000000,0.0
Windspeed (knots) [60,61), Membership Value =0.00000000,0.0
Windspeed (knots) [61,62), Membership Value =0.00000000,0.0
Windspeed (knots) [62,63), Membership Value =0.00000000,0.0
Windspeed (knots) [63,64), Membership Value =0.00000000,0.0
Windspeed (knots) [64,65), Membership Value =0.00000000,0.0
Windspeed (knots) [65,66), Membership Value =0.00000000,0.0
Windspeed (knots) [66,67), Membership Value =0.00000000,0.0
Windspeed (knots) [67,68), Membership Value =0.00000000,0.0
Windspeed (knots) [68,69), Membership Value =0.00000000,0.0
Windspeed (knots) [69,70), Membership Value =0.00000000,0.0
Windspeed (knots) [70,71), Membership Value =0.00000000,0.0
Windspeed (knots) [71,72), Membership Value =0.00000000,0.0
Windspeed (knots) [72,73), Membership Value =0.00000000,0.0
Windspeed (knots) [73,74), Membership Value =0.00000000,0.0
Windspeed (knots) [74,75), Membership Value =0.00000000,0.0
Windspeed (knots) [75,76), Membership Value =0.00000000,0.0
Windspeed (knots) [76,77), Membership Value =0.00000000,0.0
Windspeed (knots) [77,78), Membership Value =0.00000000,0.0
Windspeed (knots) [78,79), Membership Value =0.00000000,0.0
Windspeed (knots) [79,80), Membership Value =0.00000000,0.0
Windspeed (knots) [80,81), Membership Value =0.00000000,0.0
Windspeed (knots) [81,82), Membership Value =0.00000000,0.0
Windspeed (knots) [82,83), Membership Value =0.00000000,0.0
Windspeed (knots) [83,84), Membership Value =0.00000000,0.0
Windspeed (knots) [84,85), Membership Value =0.00000000,0.0
Windspeed (knots) [85,86), Membership Value =0.00000000,0.0
Windspeed (knots) [86,87), Membership Value =0.00000000,0.0
Windspeed (knots) [87,88), Membership Value =0.00000000,0.0
Windspeed (knots) [88,89), Membership Value =0.00000000,0.0
Windspeed (knots) [89,90), Membership Value =0.00000000,0.0
Windspeed (knots) [90,91), Membership Value =0.00000000,0.0
Windspeed (knots) [91,92), Membership Value =0.00000000,0.0
Windspeed (knots) [92,93), Membership Value =0.00000000,0.0
Windspeed (knots) [93,94), Membership Value =0.00000000,0.0
Windspeed (knots) [94,95), Membership Value =0.00000000,0.0
Windspeed (knots) [95,96), Membership Value =0.00000000,0.0
Windspeed (knots) [96,97), Membership Value =0.00000000,0.0
Windspeed (knots) [97,98), Membership Value =0.00000000,0.0
Windspeed (knots) [98,99), Membership Value =0.00000000,0.0
Windspeed (knots) [99,100), Membership Value =0.00000000,0.0
Windspeed (knots) [100,101), Membership Value =0.00000000,0.0
Windspeed (knots) [101,102), Membership Value =0.00000000,0.0
Windspeed (knots) [102,103), Membership Value =0.00000000,0.0
Windspeed (knots) [103,104), Membership Value =0.00000000,0.0
Windspeed (knots) [104,105), Membership Value =0.00000000,0.0
Windspeed (knots) [105,106), Membership Value =0.00000000,0.0
Windspeed (knots) [106,107), Membership Value =0.00000000,0.0
Windspeed (knots) [107,108), Membership Value =0.00000000,0.0
Windspeed (knots) [108,109), Membership Value =0.00000000,0.0
Windspeed (knots) [109,110), Membership Value =0.00000000,0.0
Windspeed (knots) [110,111), Membership Value =0.00000000,0.0
Windspeed (knots) [111,112), Membership Value =0.00000000,0.0
Windspeed (knots) [112,113), Membership Value =0.00000000,0.0
Windspeed (knots) [113,114), Membership Value =0.00000000,0.0
Windspeed (knots) [114,115), Membership Value =0.00000000,0.0
Windspeed (knots) [115,116), Membership Value =0.00000000,0.0
Windspeed (knots) [116,117), Membership Value =0.00000000,0.0
Windspeed (knots) [117,118), Membership Value =0.00000000,0.0
Windspeed (knots) [118,119), Membership Value =0.00000000,0.0
Windspeed (knots) [119,120), Membership Value =0.00000000,0.0
Windspeed (knots) [120,121), Membership Value =0.00000000,0.0
Windspeed (knots) [121,122), Membership Value =0.00000000,0.0
Windspeed (knots) [122,123), Membership Value =0.00000000,0.0
Windspeed (knots) [123,124), Membership Value =0.00000000,0.0
Windspeed (knots) [124,125), Membership Value =0.00000000,0.0
LowestWindspeedThatIsWindyKnots for station KLAS is 8 knots.
Transition limited :true
bUseWeatherPrediction: true
The running average is 1
The membership_value_deployment_threshold is 0.5
Energy harvested: 3831759.81777766
iGeneratingEnergyWhenGridNeedsEnergyMinutes =484398
iGeneratingEnergyWhenGridNeedsEnergyMinutes =484398
iUsingEnergyWhenGridNeedsEnergyMinutes =1420
iGeneratingEnergyWhenGridHasExcessEnergyMinutes = 5402
iUsingEnergyWhenGridHasExcessEnergyMinutes = 3
iIdleWhenGridDoesNotNeedEnergyMinutes = 40675
iIdleWhenGridNeedsEnergyMinutes = 4201547
iEnergyPriceIsZeroMinutes = 240
harvester.getEnergyHarvestedAVAILABLEKilowattHours( ): 1.410018065E7
harvester.getEnergyHarvestedKilowattHours(): 3831759.81777766
The running average is 31
The membership_value_deployment_threshold is 0.5
Energy harvested: 3955501.574166595
iGeneratingEnergyWhenGridNeedsEnergyMinutes =469950
iGeneratingEnergyWhenGridNeedsEnergyMinutes =469950
iUsingEnergyWhenGridNeedsEnergyMinutes =1048
iGeneratingEnergyWhenGridHasExcessEnergyMinutes = 4818
iUsingEnergyWhenGridHasExcessEnergyMinutes = 17
iIdleWhenGridDoesNotNeedEnergyMinutes = 41245
iIdleWhenGridNeedsEnergyMinutes = 4216367
iEnergyPriceIsZeroMinutes = 240
harvester.getEnergyHarvestedAVAILABLEKilowattHours( ): 1.410018065E7
harvester.getEnergyHarvestedKilowattHours(): 3955501.574166595
The running average is 61
The membership_value_deployment_threshold is 0.5
Energy harvested: 4060947.529166589
iGeneratingEnergyWhenGridNeedsEnergyMinutes =465345
iGeneratingEnergyWhenGridNeedsEnergyMinutes =465345
iUsingEnergyWhenGridNeedsEnergyMinutes =1090
iGeneratingEnergyWhenGridHasExcessEnergyMinutes = 4478
iUsingEnergyWhenGridHasExcessEnergyMinutes = 20
iIdleWhenGridDoesNotNeedEnergyMinutes = 41582
iIdleWhenGridNeedsEnergyMinutes = 4220930
iEnergyPriceIsZeroMinutes = 240
harvester.getEnergyHarvestedAVAILABLEKilowattHours( ): 1.410018065E7
harvester.getEnergyHarvestedKilowattHours(): 4060947.529166589
The running average is 91
The membership_value_deployment_threshold is 0.5
Energy harvested: 3887133.741666596
iGeneratingEnergyWhenGridNeedsEnergyMinutes =455404
iGeneratingEnergyWhenGridNeedsEnergyMinutes =455404
iUsingEnergyWhenGridNeedsEnergyMinutes =1178
iGeneratingEnergyWhenGridHasExcessEnergyMinutes = 4305
iUsingEnergyWhenGridHasExcessEnergyMinutes = 7
iIdleWhenGridDoesNotNeedEnergyMinutes = 41768
iIdleWhenGridNeedsEnergyMinutes = 4230783
iEnergyPriceIsZeroMinutes = 240
harvester.getEnergyHarvestedAVAILABLEKilowattHours( ): 1.410018065E7
harvester.getEnergyHarvestedKilowattHours(): 3887133.741666596
The running average is 121
The membership_value_deployment_threshold is 0.5
Energy harvested: 3873379.033055469
iGeneratingEnergyWhenGridNeedsEnergyMinutes =449478
iGeneratingEnergyWhenGridNeedsEnergyMinutes =449478
iUsingEnergyWhenGridNeedsEnergyMinutes =1272
iGeneratingEnergyWhenGridHasExcessEnergyMinutes = 4398
iUsingEnergyWhenGridHasExcessEnergyMinutes = 0
iIdleWhenGridDoesNotNeedEnergyMinutes = 41682
iIdleWhenGridNeedsEnergyMinutes = 4236615
iEnergyPriceIsZeroMinutes = 240
harvester.getEnergyHarvestedAVAILABLEKilowattHours( ): 1.410018065E7
harvester.getEnergyHarvestedKilowattHours(): 3873379.033055469
Beginning testing mode:
station,&,deployment_membership_value_threshold_array_for_month_1,&,running_average_size_minutes_for_month_1,&,deployment_membership_value_threshold_array_for_month_2,&,running_average_size_minutes_for_month_2,&,deployment_membership_value_threshold_array_for_month_3,&,running_average_size_minutes_for_month_3,&,deployment_membership_value_threshold_array_for_month_4,&,running_average_size_minutes_for_month_4,&,deployment_membership_value_threshold_array_for_month_5,&,running_average_size_minutes_for_month_5,&,deployment_membership_value_threshold_array_for_month_6,&,running_average_size_minutes_for_month_6,&,deployment_membership_value_threshold_array_for_month_7,&,running_average_size_minutes_for_month_7,&,deployment_membership_value_threshold_array_for_month_8,&,running_average_size_minutes_for_month_8,&,deployment_membership_value_threshold_array_for_month_9,&,running_average_size_minutes_for_month_9,&,deployment_membership_value_threshold_array_for_month_10,&,running_average_size_minutes_for_month_10,&,deployment_membership_value_threshold_array_for_month_11,&,running_average_size_minutes_for_month_11,&,deployment_membership_value_threshold_array_for_month_12,&,running_average_size_minutes_for_month_12,&,dNetNorm,&,dMarketBalancePercentage,&,dMarketNetNorm,
results: KLAS,&,0.5,&,1,&,0.5,&,31,&,0.5,&,1,&,0.5,&,61,&,0.5,&,61,&,0.5,&,61,&,0.5,&,1,&,0.5,&,31,&,0.5,&,1,&,0.5,&,31,&,0.5,&,1,&,0.5,&,1,&,0.2676894264223064,&,0.9222117159710027,&,0.24686632528820868
monthly visible minutes:KLAS,&,2013,&,8672,&,8672,&,8672,&,8672,&,8672,&,8672,&,8672,&,8672,&,8672,&,8672,&,8672,&,8672,&,
monthly visible minutes:KLAS,&,2014,&,8672,&,8672,&,8672,&,8672,&,8672,&,8672,&,8672,&,8672,&,8672,&,8672,&,8672,&,8672,&,
monthly minutes harvester between states:KLAS,&,2013,&,38,&,38,&,38,&,38,&,38,&,38,&,38,&,38,&,38,&,38,&,38,&,38,&,
monthly minutes harvester between states:KLAS,&,2014,&,38,&,38,&,38,&,38,&,38,&,38,&,38,&,38,&,38,&,38,&,38,&,38,&,
FuzzyVsCrisp: KLAS,1,true,true
station,&,deployment_membership_value_threshold_array_for_month_1,&,running_average_size_minutes_for_month_1,&,deployment_membership_value_threshold_array_for_month_2,&,running_average_size_minutes_for_month_2,&,deployment_membership_value_threshold_array_for_month_3,&,running_average_size_minutes_for_month_3,&,deployment_membership_value_threshold_array_for_month_4,&,running_average_size_minutes_for_month_4,&,deployment_membership_value_threshold_array_for_month_5,&,running_average_size_minutes_for_month_5,&,deployment_membership_value_threshold_array_for_month_6,&,running_average_size_minutes_for_month_6,&,deployment_membership_value_threshold_array_for_month_7,&,running_average_size_minutes_for_month_7,&,deployment_membership_value_threshold_array_for_month_8,&,running_average_size_minutes_for_month_8,&,deployment_membership_value_threshold_array_for_month_9,&,running_average_size_minutes_for_month_9,&,deployment_membership_value_threshold_array_for_month_10,&,running_average_size_minutes_for_month_10,&,deployment_membership_value_threshold_array_for_month_11,&,running_average_size_minutes_for_month_11,&,deployment_membership_value_threshold_array_for_month_12,&,running_average_size_minutes_for_month_12,&,dNetNorm,&,dMarketBalancePercentage,&,dMarketNetNorm,
results: KLAS,&,0.5,&,1,&,0.5,&,31,&,0.5,&,1,&,0.5,&,31,&,0.5,&,61,&,0.5,&,61,&,0.5,&,1,&,0.5,&,31,&,0.5,&,1,&,0.5,&,31,&,0.5,&,1,&,0.5,&,1,&,0.26762051714219853,&,0.9222027106128147,&,0.2468003663241387
monthly visible minutes:KLAS,&,2013,&,8672,&,8672,&,8672,&,8672,&,8672,&,8672,&,8672,&,8672,&,8672,&,8672,&,8672,&,8672,&,
monthly visible minutes:KLAS,&,2014,&,8672,&,8672,&,8672,&,8672,&,8672,&,8672,&,8672,&,8672,&,8672,&,8672,&,8672,&,8672,&,
monthly minutes harvester between states:KLAS,&,2013,&,38,&,38,&,38,&,38,&,38,&,38,&,38,&,38,&,38,&,38,&,38,&,38,&,
monthly minutes harvester between states:KLAS,&,2014,&,38,&,38,&,38,&,38,&,38,&,38,&,38,&,38,&,38,&,38,&,38,&,38,&,
FuzzyVsCrisp: KLAS,1,true,true
Station: KLAX
abc: The current path is /home/guy/retractable-wind
I have found the property file.
The training windspeed filename is /trainingKLAX2004-2012in.csv
The testing windspeed filename is /testingKLAX2013-2014in.csv
Yes, the station is KLAX
Warning: The bAlsoUsePrediction no longer has any effect
iUsedAllItsAllocatedVisibilityMinutesPerMonth: 8760
Visibility Allocation Minutes:8760
HARVESTER_SIZE_SQM is 6362
Reading file
Success: /Wind turbine power curves - wind turbine power output against wind speed in knots.csv found.
Speed (Knots) = Speed(knots) vs power (kW) , Power (kW) =V90
Speed (Knots) = 0 , Power (kW) =0
Speed (Knots) = 1 , Power (kW) =0
Speed (Knots) = 2 , Power (kW) =0
Speed (Knots) = 3 , Power (kW) =0
Speed (Knots) = 4 , Power (kW) =0
Speed (Knots) = 5 , Power (kW) =0
Speed (Knots) = 6 , Power (kW) =0
Speed (Knots) = 7 , Power (kW) =38
Speed (Knots) = 8 , Power (kW) =87
Speed (Knots) = 9 , Power (kW) =141
Speed (Knots) = 10 , Power (kW) =207
Speed (Knots) = 11 , Power (kW) =286
Speed (Knots) = 12 , Power (kW) =382
Speed (Knots) = 13 , Power (kW) =496
Speed (Knots) = 14 , Power (kW) =628
Speed (Knots) = 15 , Power (kW) =781
Speed (Knots) = 16 , Power (kW) =957
Speed (Knots) = 17 , Power (kW) =1153
Speed (Knots) = 18 , Power (kW) =1366
Speed (Knots) = 19 , Power (kW) =1589
Speed (Knots) = 20 , Power (kW) =1814
Speed (Knots) = 21 , Power (kW) =2035
Speed (Knots) = 22 , Power (kW) =2250
Speed (Knots) = 23 , Power (kW) =2452
Speed (Knots) = 24 , Power (kW) =2634
Speed (Knots) = 25 , Power (kW) =2784
Speed (Knots) = 26 , Power (kW) =2888
Speed (Knots) = 27 , Power (kW) =2949
Speed (Knots) = 28 , Power (kW) =2980
Speed (Knots) = 29 , Power (kW) =2993
Speed (Knots) = 30 , Power (kW) =3000
Speed (Knots) = 31 , Power (kW) =3000
Speed (Knots) = 32 , Power (kW) =3000
Speed (Knots) = 33 , Power (kW) =3000
Speed (Knots) = 34 , Power (kW) =3000
Speed (Knots) = 35 , Power (kW) =3000
Speed (Knots) = 36 , Power (kW) =3000
Speed (Knots) = 37 , Power (kW) =3000
Speed (Knots) = 38 , Power (kW) =3000
Speed (Knots) = 39 , Power (kW) =3000
Speed (Knots) = 40 , Power (kW) =3000
Speed (Knots) = 41 , Power (kW) =3000
Speed (Knots) = 42 , Power (kW) =3000
Speed (Knots) = 43 , Power (kW) =3000
Speed (Knots) = 44 , Power (kW) =3000
Speed (Knots) = 45 , Power (kW) =3000
Speed (Knots) = 46 , Power (kW) =3000
Speed (Knots) = 47 , Power (kW) =3000
Speed (Knots) = 48 , Power (kW) =3000
Speed (Knots) = 49 , Power (kW) =0
Speed (Knots) = 50 , Power (kW) =0
Speed (Knots) = 51 , Power (kW) =0
Speed (Knots) = 52 , Power (kW) =0
Speed (Knots) = 53 , Power (kW) =0
Speed (Knots) = 54 , Power (kW) =0
Speed (Knots) = 55 , Power (kW) =0
Speed (Knots) = 56 , Power (kW) =0
Speed (Knots) = 57 , Power (kW) =0
Speed (Knots) = 58 , Power (kW) =0
Speed (Knots) = 59 , Power (kW) =0
Speed (Knots) = 60 , Power (kW) =0
The scale is 1.0
Wind power at 10 knots in kilowatts is 207.0
Wind power in-cut-out test 0.0
Fuzzy
Class name:edu.pitt.cs.people.guy.wind.benchmarks.Fuzzy5
Success: /Noise_Allowed_Time_Definitions_All_Stations.csv found.
The station is the record is KLAX
Success: /Noise_Allowed_Time_Definitions_All_Stations.csv found.
The station is the record is KLAX
I have found the membership file for NOT WINDY.
Windspeed (knots) [0,1), Membership Value =1.00000000,1.0
Windspeed (knots) [1,2), Membership Value =0.99989871,0.99989873
Windspeed (knots) [2,3), Membership Value =0.99837459,0.9983746
Windspeed (knots) [3,4), Membership Value =0.99140114,0.99140114
Windspeed (knots) [4,5), Membership Value =0.97521952,0.97521955
Windspeed (knots) [5,6), Membership Value =0.94833654,0.94833654
Windspeed (knots) [6,7), Membership Value =0.91015038,0.9101504
Windspeed (knots) [7,8), Membership Value =0.85735640,0.8573564
Windspeed (knots) [8,9), Membership Value =0.78517047,0.7851705
Windspeed (knots) [9,10), Membership Value =0.68245432,0.68245435
Windspeed (knots) [10,11), Membership Value =0.55940406,0.5594041
Windspeed (knots) [11,12), Membership Value =0.42146572,0.42146572
Windspeed (knots) [12,13), Membership Value =0.29265055,0.29265055
Windspeed (knots) [13,14), Membership Value =0.18273665,0.18273665
Windspeed (knots) [14,15), Membership Value =0.09731320,0.0973132
Windspeed (knots) [15,16), Membership Value =0.03512187,0.03512187
Windspeed (knots) [16,17), Membership Value =0.00000000,0.0
Windspeed (knots) [17,18), Membership Value =0.00000000,0.0
Windspeed (knots) [18,19), Membership Value =0.00000000,0.0
Windspeed (knots) [19,20), Membership Value =0.00000000,0.0
Windspeed (knots) [20,21), Membership Value =0.00000000,0.0
Windspeed (knots) [21,22), Membership Value =0.00000000,0.0
Windspeed (knots) [22,23), Membership Value =0.00000000,0.0
Windspeed (knots) [23,24), Membership Value =0.00000000,0.0
Windspeed (knots) [24,25), Membership Value =0.00000000,0.0
Windspeed (knots) [25,26), Membership Value =0.00000000,0.0
Windspeed (knots) [26,27), Membership Value =0.00000000,0.0
Windspeed (knots) [27,28), Membership Value =0.00000000,0.0
Windspeed (knots) [28,29), Membership Value =0.00000000,0.0
Windspeed (knots) [29,30), Membership Value =0.00000000,0.0
Windspeed (knots) [30,31), Membership Value =0.00000000,0.0
Windspeed (knots) [31,32), Membership Value =0.00000000,0.0
Windspeed (knots) [32,33), Membership Value =0.00000000,0.0
Windspeed (knots) [33,34), Membership Value =0.00000000,0.0
Windspeed (knots) [34,35), Membership Value =0.00000000,0.0
Windspeed (knots) [35,36), Membership Value =0.00000000,0.0
Windspeed (knots) [36,37), Membership Value =0.00000000,0.0
Windspeed (knots) [37,38), Membership Value =0.00000000,0.0
Windspeed (knots) [38,39), Membership Value =0.00000000,0.0
Windspeed (knots) [39,40), Membership Value =0.00000000,0.0
Windspeed (knots) [40,41), Membership Value =0.00000000,0.0
Windspeed (knots) [41,42), Membership Value =0.00000000,0.0
Windspeed (knots) [42,43), Membership Value =0.00000000,0.0
Windspeed (knots) [43,44), Membership Value =0.00000000,0.0
Windspeed (knots) [44,45), Membership Value =0.00000000,0.0
Windspeed (knots) [45,46), Membership Value =0.00000000,0.0
Windspeed (knots) [46,47), Membership Value =0.00000000,0.0
Windspeed (knots) [47,48), Membership Value =0.00000000,0.0
Windspeed (knots) [48,49), Membership Value =0.00000000,0.0
Windspeed (knots) [49,50), Membership Value =0.00000000,0.0
Windspeed (knots) [50,51), Membership Value =0.00000000,0.0
Windspeed (knots) [51,52), Membership Value =0.00000000,0.0
Windspeed (knots) [52,53), Membership Value =0.00000000,0.0
Windspeed (knots) [53,54), Membership Value =0.00000000,0.0
Windspeed (knots) [54,55), Membership Value =0.00000000,0.0
Windspeed (knots) [55,56), Membership Value =0.00000000,0.0
Windspeed (knots) [56,57), Membership Value =0.00000000,0.0
Windspeed (knots) [57,58), Membership Value =0.00000000,0.0
Windspeed (knots) [58,59), Membership Value =0.00000000,0.0
Windspeed (knots) [59,60), Membership Value =0.00000000,0.0
Windspeed (knots) [60,61), Membership Value =0.00000000,0.0
Windspeed (knots) [61,62), Membership Value =0.00000000,0.0
Windspeed (knots) [62,63), Membership Value =0.00000000,0.0
Windspeed (knots) [63,64), Membership Value =0.00000000,0.0
Windspeed (knots) [64,65), Membership Value =0.00000000,0.0
Windspeed (knots) [65,66), Membership Value =0.00000000,0.0
Windspeed (knots) [66,67), Membership Value =0.00000000,0.0
Windspeed (knots) [67,68), Membership Value =0.00000000,0.0
Windspeed (knots) [68,69), Membership Value =0.00000000,0.0
Windspeed (knots) [69,70), Membership Value =0.00000000,0.0
Windspeed (knots) [70,71), Membership Value =0.00000000,0.0
Windspeed (knots) [71,72), Membership Value =0.00000000,0.0
Windspeed (knots) [72,73), Membership Value =0.00000000,0.0
Windspeed (knots) [73,74), Membership Value =0.00000000,0.0
Windspeed (knots) [74,75), Membership Value =0.00000000,0.0
Windspeed (knots) [75,76), Membership Value =0.00000000,0.0
Windspeed (knots) [76,77), Membership Value =0.00000000,0.0
Windspeed (knots) [77,78), Membership Value =0.00000000,0.0
Windspeed (knots) [78,79), Membership Value =0.00000000,0.0
Windspeed (knots) [79,80), Membership Value =0.00000000,0.0
Windspeed (knots) [80,81), Membership Value =0.00000000,0.0
Windspeed (knots) [81,82), Membership Value =0.00000000,0.0
Windspeed (knots) [82,83), Membership Value =0.00000000,0.0
Windspeed (knots) [83,84), Membership Value =0.00000000,0.0
Windspeed (knots) [84,85), Membership Value =0.00000000,0.0
Windspeed (knots) [85,86), Membership Value =0.00000000,0.0
Windspeed (knots) [86,87), Membership Value =0.00000000,0.0
Windspeed (knots) [87,88), Membership Value =0.00000000,0.0
Windspeed (knots) [88,89), Membership Value =0.00000000,0.0
Windspeed (knots) [89,90), Membership Value =0.00000000,0.0
Windspeed (knots) [90,91), Membership Value =0.00000000,0.0
Windspeed (knots) [91,92), Membership Value =0.00000000,0.0
Windspeed (knots) [92,93), Membership Value =0.00000000,0.0
Windspeed (knots) [93,94), Membership Value =0.00000000,0.0
Windspeed (knots) [94,95), Membership Value =0.00000000,0.0
Windspeed (knots) [95,96), Membership Value =0.00000000,0.0
Windspeed (knots) [96,97), Membership Value =0.00000000,0.0
Windspeed (knots) [97,98), Membership Value =0.00000000,0.0
Windspeed (knots) [98,99), Membership Value =0.00000000,0.0
Windspeed (knots) [99,100), Membership Value =0.00000000,0.0
Windspeed (knots) [100,101), Membership Value =0.00000000,0.0
Windspeed (knots) [101,102), Membership Value =0.00000000,0.0
Windspeed (knots) [102,103), Membership Value =0.00000000,0.0
Windspeed (knots) [103,104), Membership Value =0.00000000,0.0
Windspeed (knots) [104,105), Membership Value =0.00000000,0.0
Windspeed (knots) [105,106), Membership Value =0.00000000,0.0
Windspeed (knots) [106,107), Membership Value =0.00000000,0.0
Windspeed (knots) [107,108), Membership Value =0.00000000,0.0
Windspeed (knots) [108,109), Membership Value =0.00000000,0.0
Windspeed (knots) [109,110), Membership Value =0.00000000,0.0
Windspeed (knots) [110,111), Membership Value =0.00000000,0.0
Windspeed (knots) [111,112), Membership Value =0.00000000,0.0
Windspeed (knots) [112,113), Membership Value =0.00000000,0.0
Windspeed (knots) [113,114), Membership Value =0.00000000,0.0
Windspeed (knots) [114,115), Membership Value =0.00000000,0.0
Windspeed (knots) [115,116), Membership Value =0.00000000,0.0
Windspeed (knots) [116,117), Membership Value =0.00000000,0.0
Windspeed (knots) [117,118), Membership Value =0.00000000,0.0
Windspeed (knots) [118,119), Membership Value =0.00000000,0.0
Windspeed (knots) [119,120), Membership Value =0.00000000,0.0
Windspeed (knots) [120,121), Membership Value =0.00000000,0.0
Windspeed (knots) [121,122), Membership Value =0.00000000,0.0
Windspeed (knots) [122,123), Membership Value =0.00000000,0.0
Windspeed (knots) [123,124), Membership Value =0.00000000,0.0
Windspeed (knots) [124,125), Membership Value =0.00000000,0.0
LowestWindspeedThatIsWindyKnots for station KLAX is 7 knots.
Transition limited :true
bUseWeatherPrediction: true
The running average is 1
The membership_value_deployment_threshold is 0.5
Energy harvested: 1788705.3244444726
iGeneratingEnergyWhenGridNeedsEnergyMinutes =390099
iGeneratingEnergyWhenGridNeedsEnergyMinutes =390099
iUsingEnergyWhenGridNeedsEnergyMinutes =2013
iGeneratingEnergyWhenGridHasExcessEnergyMinutes = 2846
iUsingEnergyWhenGridHasExcessEnergyMinutes = 13
iIdleWhenGridDoesNotNeedEnergyMinutes = 43221
iIdleWhenGridNeedsEnergyMinutes = 4295244
iEnergyPriceIsZeroMinutes = 240
harvester.getEnergyHarvestedAVAILABLEKilowattHours( ): 9040475.866666667
harvester.getEnergyHarvestedKilowattHours(): 1788705.3244444726
The running average is 31
The membership_value_deployment_threshold is 0.5
Energy harvested: 2112604.1033333587
iGeneratingEnergyWhenGridNeedsEnergyMinutes =404719
iGeneratingEnergyWhenGridNeedsEnergyMinutes =404719
iUsingEnergyWhenGridNeedsEnergyMinutes =1827
iGeneratingEnergyWhenGridHasExcessEnergyMinutes = 2979
iUsingEnergyWhenGridHasExcessEnergyMinutes = 0
iIdleWhenGridDoesNotNeedEnergyMinutes = 43101
iIdleWhenGridNeedsEnergyMinutes = 4280810
iEnergyPriceIsZeroMinutes = 240
harvester.getEnergyHarvestedAVAILABLEKilowattHours( ): 9040475.866666667
harvester.getEnergyHarvestedKilowattHours(): 2112604.1033333587
The running average is 61
The membership_value_deployment_threshold is 0.5
Energy harvested: 2180167.9836111357
iGeneratingEnergyWhenGridNeedsEnergyMinutes =406409
iGeneratingEnergyWhenGridNeedsEnergyMinutes =406409
iUsingEnergyWhenGridNeedsEnergyMinutes =1775
iGeneratingEnergyWhenGridHasExcessEnergyMinutes = 2979
iUsingEnergyWhenGridHasExcessEnergyMinutes = 0
iIdleWhenGridDoesNotNeedEnergyMinutes = 43101
iIdleWhenGridNeedsEnergyMinutes = 4279172
iEnergyPriceIsZeroMinutes = 240
harvester.getEnergyHarvestedAVAILABLEKilowattHours( ): 9040475.866666667
harvester.getEnergyHarvestedKilowattHours(): 2180167.9836111357
The running average is 91
The membership_value_deployment_threshold is 0.5
Energy harvested: 2195478.8969444684
iGeneratingEnergyWhenGridNeedsEnergyMinutes =405000
iGeneratingEnergyWhenGridNeedsEnergyMinutes =405000
iUsingEnergyWhenGridNeedsEnergyMinutes =1729
iGeneratingEnergyWhenGridHasExcessEnergyMinutes = 2964
iUsingEnergyWhenGridHasExcessEnergyMinutes = 0
iIdleWhenGridDoesNotNeedEnergyMinutes = 43116
iIdleWhenGridNeedsEnergyMinutes = 4280627
iEnergyPriceIsZeroMinutes = 240
harvester.getEnergyHarvestedAVAILABLEKilowattHours( ): 9040475.866666667
harvester.getEnergyHarvestedKilowattHours(): 2195478.8969444684
The running average is 121
The membership_value_deployment_threshold is 0.5
Energy harvested: 2213472.912500022
iGeneratingEnergyWhenGridNeedsEnergyMinutes =405328
iGeneratingEnergyWhenGridNeedsEnergyMinutes =405328
iUsingEnergyWhenGridNeedsEnergyMinutes =1624
iGeneratingEnergyWhenGridHasExcessEnergyMinutes = 3439
iUsingEnergyWhenGridHasExcessEnergyMinutes = 0
iIdleWhenGridDoesNotNeedEnergyMinutes = 42641
iIdleWhenGridNeedsEnergyMinutes = 4280404
iEnergyPriceIsZeroMinutes = 240
harvester.getEnergyHarvestedAVAILABLEKilowattHours( ): 9040475.866666667
harvester.getEnergyHarvestedKilowattHours(): 2213472.912500022
Beginning testing mode:
station,&,deployment_membership_value_threshold_array_for_month_1,&,running_average_size_minutes_for_month_1,&,deployment_membership_value_threshold_array_for_month_2,&,running_average_size_minutes_for_month_2,&,deployment_membership_value_threshold_array_for_month_3,&,running_average_size_minutes_for_month_3,&,deployment_membership_value_threshold_array_for_month_4,&,running_average_size_minutes_for_month_4,&,deployment_membership_value_threshold_array_for_month_5,&,running_average_size_minutes_for_month_5,&,deployment_membership_value_threshold_array_for_month_6,&,running_average_size_minutes_for_month_6,&,deployment_membership_value_threshold_array_for_month_7,&,running_average_size_minutes_for_month_7,&,deployment_membership_value_threshold_array_for_month_8,&,running_average_size_minutes_for_month_8,&,deployment_membership_value_threshold_array_for_month_9,&,running_average_size_minutes_for_month_9,&,deployment_membership_value_threshold_array_for_month_10,&,running_average_size_minutes_for_month_10,&,deployment_membership_value_threshold_array_for_month_11,&,running_average_size_minutes_for_month_11,&,deployment_membership_value_threshold_array_for_month_12,&,running_average_size_minutes_for_month_12,&,dNetNorm,&,dMarketBalancePercentage,&,dMarketNetNorm,
results: KLAX,&,0.5,&,1,&,0.5,&,31,&,0.5,&,31,&,0.5,&,91,&,0.5,&,121,&,0.5,&,1,&,0.5,&,1,&,0.5,&,1,&,0.5,&,121,&,0.5,&,1,&,0.5,&,61,&,0.5,&,31,&,0.21445757367676124,&,0.9678400961974993,&,0.2075606387375989
monthly visible minutes:KLAX,&,2013,&,8672,&,8672,&,8672,&,8672,&,8672,&,8672,&,8672,&,8672,&,8672,&,8672,&,8672,&,8672,&,
monthly visible minutes:KLAX,&,2014,&,8672,&,8672,&,8672,&,8672,&,8672,&,8672,&,8672,&,8672,&,8672,&,8672,&,8672,&,8672,&,
monthly minutes harvester between states:KLAX,&,2013,&,38,&,38,&,38,&,38,&,38,&,38,&,38,&,38,&,38,&,38,&,38,&,38,&,
monthly minutes harvester between states:KLAX,&,2014,&,38,&,38,&,38,&,38,&,38,&,38,&,38,&,38,&,38,&,38,&,38,&,38,&,
FuzzyVsCrisp: KLAX,1,true,true
station,&,deployment_membership_value_threshold_array_for_month_1,&,running_average_size_minutes_for_month_1,&,deployment_membership_value_threshold_array_for_month_2,&,running_average_size_minutes_for_month_2,&,deployment_membership_value_threshold_array_for_month_3,&,running_average_size_minutes_for_month_3,&,deployment_membership_value_threshold_array_for_month_4,&,running_average_size_minutes_for_month_4,&,deployment_membership_value_threshold_array_for_month_5,&,running_average_size_minutes_for_month_5,&,deployment_membership_value_threshold_array_for_month_6,&,running_average_size_minutes_for_month_6,&,deployment_membership_value_threshold_array_for_month_7,&,running_average_size_minutes_for_month_7,&,deployment_membership_value_threshold_array_for_month_8,&,running_average_size_minutes_for_month_8,&,deployment_membership_value_threshold_array_for_month_9,&,running_average_size_minutes_for_month_9,&,deployment_membership_value_threshold_array_for_month_10,&,running_average_size_minutes_for_month_10,&,deployment_membership_value_threshold_array_for_month_11,&,running_average_size_minutes_for_month_11,&,deployment_membership_value_threshold_array_for_month_12,&,running_average_size_minutes_for_month_12,&,dNetNorm,&,dMarketBalancePercentage,&,dMarketNetNorm,
results: KLAX,&,0.5,&,1,&,0.5,&,31,&,0.5,&,61,&,0.5,&,91,&,0.5,&,121,&,0.5,&,1,&,0.5,&,1,&,0.5,&,1,&,0.5,&,121,&,0.5,&,1,&,0.5,&,61,&,0.5,&,31,&,0.21669556845370924,&,0.9679709649037052,&,0.20975501848649383
monthly visible minutes:KLAX,&,2013,&,8672,&,8672,&,8672,&,8672,&,8672,&,8672,&,8672,&,8672,&,8672,&,8672,&,8672,&,8672,&,
monthly visible minutes:KLAX,&,2014,&,8672,&,8672,&,8672,&,8672,&,8672,&,8672,&,8672,&,8672,&,8672,&,8672,&,8672,&,8672,&,
monthly minutes harvester between states:KLAX,&,2013,&,38,&,38,&,38,&,38,&,38,&,38,&,38,&,38,&,38,&,38,&,38,&,38,&,
monthly minutes harvester between states:KLAX,&,2014,&,38,&,38,&,38,&,38,&,38,&,38,&,38,&,38,&,38,&,38,&,38,&,38,&,
FuzzyVsCrisp: KLAX,1,true,true
Station: KLGA
abc: The current path is /home/guy/retractable-wind
I have found the property file.
The training windspeed filename is /trainingKLGA2004-2012in.csv
The testing windspeed filename is /testingKLGA2013-2014in.csv
Yes, the station is KLGA
Warning: The bAlsoUsePrediction no longer has any effect
iUsedAllItsAllocatedVisibilityMinutesPerMonth: 8760
Visibility Allocation Minutes:8760
HARVESTER_SIZE_SQM is 6362
Reading file
Success: /Wind turbine power curves - wind turbine power output against wind speed in knots.csv found.
Speed (Knots) = Speed(knots) vs power (kW) , Power (kW) =V90
Speed (Knots) = 0 , Power (kW) =0
Speed (Knots) = 1 , Power (kW) =0
Speed (Knots) = 2 , Power (kW) =0
Speed (Knots) = 3 , Power (kW) =0
Speed (Knots) = 4 , Power (kW) =0
Speed (Knots) = 5 , Power (kW) =0
Speed (Knots) = 6 , Power (kW) =0
Speed (Knots) = 7 , Power (kW) =38
Speed (Knots) = 8 , Power (kW) =87
Speed (Knots) = 9 , Power (kW) =141
Speed (Knots) = 10 , Power (kW) =207
Speed (Knots) = 11 , Power (kW) =286
Speed (Knots) = 12 , Power (kW) =382
Speed (Knots) = 13 , Power (kW) =496
Speed (Knots) = 14 , Power (kW) =628
Speed (Knots) = 15 , Power (kW) =781
Speed (Knots) = 16 , Power (kW) =957
Speed (Knots) = 17 , Power (kW) =1153
Speed (Knots) = 18 , Power (kW) =1366
Speed (Knots) = 19 , Power (kW) =1589
Speed (Knots) = 20 , Power (kW) =1814
Speed (Knots) = 21 , Power (kW) =2035
Speed (Knots) = 22 , Power (kW) =2250
Speed (Knots) = 23 , Power (kW) =2452
Speed (Knots) = 24 , Power (kW) =2634
Speed (Knots) = 25 , Power (kW) =2784
Speed (Knots) = 26 , Power (kW) =2888
Speed (Knots) = 27 , Power (kW) =2949
Speed (Knots) = 28 , Power (kW) =2980
Speed (Knots) = 29 , Power (kW) =2993
Speed (Knots) = 30 , Power (kW) =3000
Speed (Knots) = 31 , Power (kW) =3000
Speed (Knots) = 32 , Power (kW) =3000
Speed (Knots) = 33 , Power (kW) =3000
Speed (Knots) = 34 , Power (kW) =3000
Speed (Knots) = 35 , Power (kW) =3000
Speed (Knots) = 36 , Power (kW) =3000
Speed (Knots) = 37 , Power (kW) =3000
Speed (Knots) = 38 , Power (kW) =3000
Speed (Knots) = 39 , Power (kW) =3000
Speed (Knots) = 40 , Power (kW) =3000
Speed (Knots) = 41 , Power (kW) =3000
Speed (Knots) = 42 , Power (kW) =3000
Speed (Knots) = 43 , Power (kW) =3000
Speed (Knots) = 44 , Power (kW) =3000
Speed (Knots) = 45 , Power (kW) =3000
Speed (Knots) = 46 , Power (kW) =3000
Speed (Knots) = 47 , Power (kW) =3000
Speed (Knots) = 48 , Power (kW) =3000
Speed (Knots) = 49 , Power (kW) =0
Speed (Knots) = 50 , Power (kW) =0
Speed (Knots) = 51 , Power (kW) =0
Speed (Knots) = 52 , Power (kW) =0
Speed (Knots) = 53 , Power (kW) =0
Speed (Knots) = 54 , Power (kW) =0
Speed (Knots) = 55 , Power (kW) =0
Speed (Knots) = 56 , Power (kW) =0
Speed (Knots) = 57 , Power (kW) =0
Speed (Knots) = 58 , Power (kW) =0
Speed (Knots) = 59 , Power (kW) =0
Speed (Knots) = 60 , Power (kW) =0
The scale is 1.0
Wind power at 10 knots in kilowatts is 207.0
Wind power in-cut-out test 0.0
Fuzzy
Class name:edu.pitt.cs.people.guy.wind.benchmarks.Fuzzy5
Success: /Noise_Allowed_Time_Definitions_All_Stations.csv found.
The station is the record is KLGA
Success: /Noise_Allowed_Time_Definitions_All_Stations.csv found.
The station is the record is KLGA
I have found the membership file for NOT WINDY.
Windspeed (knots) [0,1), Membership Value =1.00000000,1.0
Windspeed (knots) [1,2), Membership Value =0.99999030,0.9999903
Windspeed (knots) [2,3), Membership Value =0.99983586,0.99983585
Windspeed (knots) [3,4), Membership Value =0.99896311,0.9989631
Windspeed (knots) [4,5), Membership Value =0.99585529,0.9958553
Windspeed (knots) [5,6), Membership Value =0.98809748,0.9880975
Windspeed (knots) [6,7), Membership Value =0.97214940,0.9721494
Windspeed (knots) [7,8), Membership Value =0.94498727,0.9449873
Windspeed (knots) [8,9), Membership Value =0.90291974,0.90291977
Windspeed (knots) [9,10), Membership Value =0.84773545,0.84773546
Windspeed (knots) [10,11), Membership Value =0.78144970,0.7814497
Windspeed (knots) [11,12), Membership Value =0.70288628,0.7028863
Windspeed (knots) [12,13), Membership Value =0.61769336,0.61769336
Windspeed (knots) [13,14), Membership Value =0.52980379,0.5298038
Windspeed (knots) [14,15), Membership Value =0.44055494,0.44055495
Windspeed (knots) [15,16), Membership Value =0.35444121,0.3544412
Windspeed (knots) [16,17), Membership Value =0.27128060,0.2712806
Windspeed (knots) [17,18), Membership Value =0.19481438,0.19481438
Windspeed (knots) [18,19), Membership Value =0.11987781,0.11987781
Windspeed (knots) [19,20), Membership Value =0.05612127,0.05612127
Windspeed (knots) [20,21), Membership Value =0.00000000,0.0
Windspeed (knots) [21,22), Membership Value =0.00000000,0.0
Windspeed (knots) [22,23), Membership Value =0.00000000,0.0
Windspeed (knots) [23,24), Membership Value =0.00000000,0.0
Windspeed (knots) [24,25), Membership Value =0.00000000,0.0
Windspeed (knots) [25,26), Membership Value =0.00000000,0.0
Windspeed (knots) [26,27), Membership Value =0.00000000,0.0
Windspeed (knots) [27,28), Membership Value =0.00000000,0.0
Windspeed (knots) [28,29), Membership Value =0.00000000,0.0
Windspeed (knots) [29,30), Membership Value =0.00000000,0.0
Windspeed (knots) [30,31), Membership Value =0.00000000,0.0
Windspeed (knots) [31,32), Membership Value =0.00000000,0.0
Windspeed (knots) [32,33), Membership Value =0.00000000,0.0
Windspeed (knots) [33,34), Membership Value =0.00000000,0.0
Windspeed (knots) [34,35), Membership Value =0.00000000,0.0
Windspeed (knots) [35,36), Membership Value =0.00000000,0.0
Windspeed (knots) [36,37), Membership Value =0.00000000,0.0
Windspeed (knots) [37,38), Membership Value =0.00000000,0.0
Windspeed (knots) [38,39), Membership Value =0.00000000,0.0
Windspeed (knots) [39,40), Membership Value =0.00000000,0.0
Windspeed (knots) [40,41), Membership Value =0.00000000,0.0
Windspeed (knots) [41,42), Membership Value =0.00000000,0.0
Windspeed (knots) [42,43), Membership Value =0.00000000,0.0
Windspeed (knots) [43,44), Membership Value =0.00000000,0.0
Windspeed (knots) [44,45), Membership Value =0.00000000,0.0
Windspeed (knots) [45,46), Membership Value =0.00000000,0.0
Windspeed (knots) [46,47), Membership Value =0.00000000,0.0
Windspeed (knots) [47,48), Membership Value =0.00000000,0.0
Windspeed (knots) [48,49), Membership Value =0.00000000,0.0
Windspeed (knots) [49,50), Membership Value =0.00000000,0.0
Windspeed (knots) [50,51), Membership Value =0.00000000,0.0
Windspeed (knots) [51,52), Membership Value =0.00000000,0.0
Windspeed (knots) [52,53), Membership Value =0.00000000,0.0
Windspeed (knots) [53,54), Membership Value =0.00000000,0.0
Windspeed (knots) [54,55), Membership Value =0.00000000,0.0
Windspeed (knots) [55,56), Membership Value =0.00000000,0.0
Windspeed (knots) [56,57), Membership Value =0.00000000,0.0
Windspeed (knots) [57,58), Membership Value =0.00000000,0.0
Windspeed (knots) [58,59), Membership Value =0.00000000,0.0
Windspeed (knots) [59,60), Membership Value =0.00000000,0.0
Windspeed (knots) [60,61), Membership Value =0.00000000,0.0
Windspeed (knots) [61,62), Membership Value =0.00000000,0.0
Windspeed (knots) [62,63), Membership Value =0.00000000,0.0
Windspeed (knots) [63,64), Membership Value =0.00000000,0.0
Windspeed (knots) [64,65), Membership Value =0.00000000,0.0
Windspeed (knots) [65,66), Membership Value =0.00000000,0.0
Windspeed (knots) [66,67), Membership Value =0.00000000,0.0
Windspeed (knots) [67,68), Membership Value =0.00000000,0.0
Windspeed (knots) [68,69), Membership Value =0.00000000,0.0
Windspeed (knots) [69,70), Membership Value =0.00000000,0.0
Windspeed (knots) [70,71), Membership Value =0.00000000,0.0
Windspeed (knots) [71,72), Membership Value =0.00000000,0.0
Windspeed (knots) [72,73), Membership Value =0.00000000,0.0
Windspeed (knots) [73,74), Membership Value =0.00000000,0.0
Windspeed (knots) [74,75), Membership Value =0.00000000,0.0
Windspeed (knots) [75,76), Membership Value =0.00000000,0.0
Windspeed (knots) [76,77), Membership Value =0.00000000,0.0
Windspeed (knots) [77,78), Membership Value =0.00000000,0.0
Windspeed (knots) [78,79), Membership Value =0.00000000,0.0
Windspeed (knots) [79,80), Membership Value =0.00000000,0.0
Windspeed (knots) [80,81), Membership Value =0.00000000,0.0
Windspeed (knots) [81,82), Membership Value =0.00000000,0.0
Windspeed (knots) [82,83), Membership Value =0.00000000,0.0
Windspeed (knots) [83,84), Membership Value =0.00000000,0.0
Windspeed (knots) [84,85), Membership Value =0.00000000,0.0
Windspeed (knots) [85,86), Membership Value =0.00000000,0.0
Windspeed (knots) [86,87), Membership Value =0.00000000,0.0
Windspeed (knots) [87,88), Membership Value =0.00000000,0.0
Windspeed (knots) [88,89), Membership Value =0.00000000,0.0
Windspeed (knots) [89,90), Membership Value =0.00000000,0.0
Windspeed (knots) [90,91), Membership Value =0.00000000,0.0
Windspeed (knots) [91,92), Membership Value =0.00000000,0.0
Windspeed (knots) [92,93), Membership Value =0.00000000,0.0
Windspeed (knots) [93,94), Membership Value =0.00000000,0.0
Windspeed (knots) [94,95), Membership Value =0.00000000,0.0
Windspeed (knots) [95,96), Membership Value =0.00000000,0.0
Windspeed (knots) [96,97), Membership Value =0.00000000,0.0
Windspeed (knots) [97,98), Membership Value =0.00000000,0.0
Windspeed (knots) [98,99), Membership Value =0.00000000,0.0
Windspeed (knots) [99,100), Membership Value =0.00000000,0.0
Windspeed (knots) [100,101), Membership Value =0.00000000,0.0
Windspeed (knots) [101,102), Membership Value =0.00000000,0.0
Windspeed (knots) [102,103), Membership Value =0.00000000,0.0
Windspeed (knots) [103,104), Membership Value =0.00000000,0.0
Windspeed (knots) [104,105), Membership Value =0.00000000,0.0
Windspeed (knots) [105,106), Membership Value =0.00000000,0.0
Windspeed (knots) [106,107), Membership Value =0.00000000,0.0
Windspeed (knots) [107,108), Membership Value =0.00000000,0.0
Windspeed (knots) [108,109), Membership Value =0.00000000,0.0
Windspeed (knots) [109,110), Membership Value =0.00000000,0.0
Windspeed (knots) [110,111), Membership Value =0.00000000,0.0
Windspeed (knots) [111,112), Membership Value =0.00000000,0.0
Windspeed (knots) [112,113), Membership Value =0.00000000,0.0
Windspeed (knots) [113,114), Membership Value =0.00000000,0.0
Windspeed (knots) [114,115), Membership Value =0.00000000,0.0
Windspeed (knots) [115,116), Membership Value =0.00000000,0.0
Windspeed (knots) [116,117), Membership Value =0.00000000,0.0
Windspeed (knots) [117,118), Membership Value =0.00000000,0.0
Windspeed (knots) [118,119), Membership Value =0.00000000,0.0
Windspeed (knots) [119,120), Membership Value =0.00000000,0.0
Windspeed (knots) [120,121), Membership Value =0.00000000,0.0
Windspeed (knots) [121,122), Membership Value =0.00000000,0.0
Windspeed (knots) [122,123), Membership Value =0.00000000,0.0
Windspeed (knots) [123,124), Membership Value =0.00000000,0.0
Windspeed (knots) [124,125), Membership Value =0.00000000,0.0
LowestWindspeedThatIsWindyKnots for station KLGA is 9 knots.
Transition limited :true
bUseWeatherPrediction: true
The running average is 1
The membership_value_deployment_threshold is 0.5
Energy harvested: 5277029.540277732
iGeneratingEnergyWhenGridNeedsEnergyMinutes =669782
iGeneratingEnergyWhenGridNeedsEnergyMinutes =669782
iUsingEnergyWhenGridNeedsEnergyMinutes =1482
iGeneratingEnergyWhenGridHasExcessEnergyMinutes = 6386
iUsingEnergyWhenGridHasExcessEnergyMinutes = 34
iIdleWhenGridDoesNotNeedEnergyMinutes = 39660
iIdleWhenGridNeedsEnergyMinutes = 4017114
iEnergyPriceIsZeroMinutes = 240
harvester.getEnergyHarvestedAVAILABLEKilowattHours( ): 2.4147111533333335E7
harvester.getEnergyHarvestedKilowattHours(): 5277029.540277732
The running average is 31
The membership_value_deployment_threshold is 0.5
Energy harvested: 6346453.14333332
iGeneratingEnergyWhenGridNeedsEnergyMinutes =700508
iGeneratingEnergyWhenGridNeedsEnergyMinutes =700508
iUsingEnergyWhenGridNeedsEnergyMinutes =1026
iGeneratingEnergyWhenGridHasExcessEnergyMinutes = 6370
iUsingEnergyWhenGridHasExcessEnergyMinutes = 15
iIdleWhenGridDoesNotNeedEnergyMinutes = 39695
iIdleWhenGridNeedsEnergyMinutes = 3986844
iEnergyPriceIsZeroMinutes = 240
harvester.getEnergyHarvestedAVAILABLEKilowattHours( ): 2.4147111533333335E7
harvester.getEnergyHarvestedKilowattHours(): 6346453.14333332
The running average is 61
The membership_value_deployment_threshold is 0.5
Energy harvested: 6311800.90777776
iGeneratingEnergyWhenGridNeedsEnergyMinutes =693225
iGeneratingEnergyWhenGridNeedsEnergyMinutes =693225
iUsingEnergyWhenGridNeedsEnergyMinutes =1059
iGeneratingEnergyWhenGridHasExcessEnergyMinutes = 6460
iUsingEnergyWhenGridHasExcessEnergyMinutes = 0
iIdleWhenGridDoesNotNeedEnergyMinutes = 39620
iIdleWhenGridNeedsEnergyMinutes = 3994094
iEnergyPriceIsZeroMinutes = 240
harvester.getEnergyHarvestedAVAILABLEKilowattHours( ): 2.4147111533333335E7
harvester.getEnergyHarvestedKilowattHours(): 6311800.90777776
The running average is 91
The membership_value_deployment_threshold is 0.5
Energy harvested: 6324543.351666675
iGeneratingEnergyWhenGridNeedsEnergyMinutes =697636
iGeneratingEnergyWhenGridNeedsEnergyMinutes =697636
iUsingEnergyWhenGridNeedsEnergyMinutes =1030
iGeneratingEnergyWhenGridHasExcessEnergyMinutes = 6271
iUsingEnergyWhenGridHasExcessEnergyMinutes = 0
iIdleWhenGridDoesNotNeedEnergyMinutes = 39809
iIdleWhenGridNeedsEnergyMinutes = 3989712
iEnergyPriceIsZeroMinutes = 240
harvester.getEnergyHarvestedAVAILABLEKilowattHours( ): 2.4147111533333335E7
harvester.getEnergyHarvestedKilowattHours(): 6324543.351666675
The running average is 121
The membership_value_deployment_threshold is 0.5
Energy harvested: 6379937.824444445
iGeneratingEnergyWhenGridNeedsEnergyMinutes =692365
iGeneratingEnergyWhenGridNeedsEnergyMinutes =692365
iUsingEnergyWhenGridNeedsEnergyMinutes =952
iGeneratingEnergyWhenGridHasExcessEnergyMinutes = 6935
iUsingEnergyWhenGridHasExcessEnergyMinutes = 0
iIdleWhenGridDoesNotNeedEnergyMinutes = 39145
iIdleWhenGridNeedsEnergyMinutes = 3995061
iEnergyPriceIsZeroMinutes = 240
harvester.getEnergyHarvestedAVAILABLEKilowattHours( ): 2.4147111533333335E7
harvester.getEnergyHarvestedKilowattHours(): 6379937.824444445
Beginning testing mode:
station,&,deployment_membership_value_threshold_array_for_month_1,&,running_average_size_minutes_for_month_1,&,deployment_membership_value_threshold_array_for_month_2,&,running_average_size_minutes_for_month_2,&,deployment_membership_value_threshold_array_for_month_3,&,running_average_size_minutes_for_month_3,&,deployment_membership_value_threshold_array_for_month_4,&,running_average_size_minutes_for_month_4,&,deployment_membership_value_threshold_array_for_month_5,&,running_average_size_minutes_for_month_5,&,deployment_membership_value_threshold_array_for_month_6,&,running_average_size_minutes_for_month_6,&,deployment_membership_value_threshold_array_for_month_7,&,running_average_size_minutes_for_month_7,&,deployment_membership_value_threshold_array_for_month_8,&,running_average_size_minutes_for_month_8,&,deployment_membership_value_threshold_array_for_month_9,&,running_average_size_minutes_for_month_9,&,deployment_membership_value_threshold_array_for_month_10,&,running_average_size_minutes_for_month_10,&,deployment_membership_value_threshold_array_for_month_11,&,running_average_size_minutes_for_month_11,&,deployment_membership_value_threshold_array_for_month_12,&,running_average_size_minutes_for_month_12,&,dNetNorm,&,dMarketBalancePercentage,&,dMarketNetNorm,
results: KLGA,&,0.5,&,1,&,0.5,&,121,&,0.5,&,31,&,0.5,&,1,&,0.5,&,121,&,0.5,&,31,&,0.5,&,1,&,0.5,&,121,&,0.5,&,1,&,0.5,&,121,&,0.5,&,31,&,0.5,&,31,&,0.2634313392799056,&,0.9541724417120665,&,0.2513589242241873
monthly visible minutes:KLGA,&,2013,&,8672,&,8672,&,8672,&,8672,&,8672,&,8672,&,8672,&,8672,&,8672,&,8672,&,8672,&,8672,&,
monthly visible minutes:KLGA,&,2014,&,8672,&,8672,&,8672,&,8672,&,8672,&,8672,&,8672,&,8672,&,8672,&,8672,&,8672,&,8672,&,
monthly minutes harvester between states:KLGA,&,2013,&,38,&,38,&,38,&,38,&,38,&,38,&,38,&,38,&,38,&,38,&,38,&,38,&,
monthly minutes harvester between states:KLGA,&,2014,&,38,&,38,&,38,&,38,&,38,&,38,&,38,&,38,&,38,&,38,&,38,&,38,&,
FuzzyVsCrisp: KLGA,1,true,true
station,&,deployment_membership_value_threshold_array_for_month_1,&,running_average_size_minutes_for_month_1,&,deployment_membership_value_threshold_array_for_month_2,&,running_average_size_minutes_for_month_2,&,deployment_membership_value_threshold_array_for_month_3,&,running_average_size_minutes_for_month_3,&,deployment_membership_value_threshold_array_for_month_4,&,running_average_size_minutes_for_month_4,&,deployment_membership_value_threshold_array_for_month_5,&,running_average_size_minutes_for_month_5,&,deployment_membership_value_threshold_array_for_month_6,&,running_average_size_minutes_for_month_6,&,deployment_membership_value_threshold_array_for_month_7,&,running_average_size_minutes_for_month_7,&,deployment_membership_value_threshold_array_for_month_8,&,running_average_size_minutes_for_month_8,&,deployment_membership_value_threshold_array_for_month_9,&,running_average_size_minutes_for_month_9,&,deployment_membership_value_threshold_array_for_month_10,&,running_average_size_minutes_for_month_10,&,deployment_membership_value_threshold_array_for_month_11,&,running_average_size_minutes_for_month_11,&,deployment_membership_value_threshold_array_for_month_12,&,running_average_size_minutes_for_month_12,&,dNetNorm,&,dMarketBalancePercentage,&,dMarketNetNorm,
results: KLGA,&,0.5,&,1,&,0.5,&,121,&,0.5,&,31,&,0.5,&,1,&,0.5,&,121,&,0.5,&,31,&,0.5,&,1,&,0.5,&,121,&,0.5,&,1,&,0.5,&,121,&,0.5,&,31,&,0.5,&,121,&,0.27608944578528094,&,0.9555011462134263,&,0.26380378190526554
monthly visible minutes:KLGA,&,2013,&,8672,&,8672,&,8672,&,8672,&,8672,&,8672,&,8672,&,8672,&,8672,&,8672,&,8672,&,8672,&,
monthly visible minutes:KLGA,&,2014,&,8672,&,8672,&,8672,&,8672,&,8672,&,8672,&,8672,&,8672,&,8672,&,8672,&,8672,&,8672,&,
monthly minutes harvester between states:KLGA,&,2013,&,38,&,38,&,38,&,38,&,38,&,38,&,38,&,38,&,38,&,38,&,38,&,38,&,
monthly minutes harvester between states:KLGA,&,2014,&,38,&,38,&,38,&,38,&,38,&,38,&,38,&,38,&,38,&,38,&,38,&,38,&,
FuzzyVsCrisp: KLGA,1,true,true
Station: KMCI
abc: The current path is /home/guy/retractable-wind
I have found the property file.
The training windspeed filename is /trainingKMCI2004-2012in.csv
The testing windspeed filename is /testingKMCI2013-2014in.csv
Yes, the station is KMCI
Warning: The bAlsoUsePrediction no longer has any effect
iUsedAllItsAllocatedVisibilityMinutesPerMonth: 8760
Visibility Allocation Minutes:8760
HARVESTER_SIZE_SQM is 6362
Reading file
Success: /Wind turbine power curves - wind turbine power output against wind speed in knots.csv found.
Speed (Knots) = Speed(knots) vs power (kW) , Power (kW) =V90
Speed (Knots) = 0 , Power (kW) =0
Speed (Knots) = 1 , Power (kW) =0
Speed (Knots) = 2 , Power (kW) =0
Speed (Knots) = 3 , Power (kW) =0
Speed (Knots) = 4 , Power (kW) =0
Speed (Knots) = 5 , Power (kW) =0
Speed (Knots) = 6 , Power (kW) =0
Speed (Knots) = 7 , Power (kW) =38
Speed (Knots) = 8 , Power (kW) =87
Speed (Knots) = 9 , Power (kW) =141
Speed (Knots) = 10 , Power (kW) =207
Speed (Knots) = 11 , Power (kW) =286
Speed (Knots) = 12 , Power (kW) =382
Speed (Knots) = 13 , Power (kW) =496
Speed (Knots) = 14 , Power (kW) =628
Speed (Knots) = 15 , Power (kW) =781
Speed (Knots) = 16 , Power (kW) =957
Speed (Knots) = 17 , Power (kW) =1153
Speed (Knots) = 18 , Power (kW) =1366
Speed (Knots) = 19 , Power (kW) =1589
Speed (Knots) = 20 , Power (kW) =1814
Speed (Knots) = 21 , Power (kW) =2035
Speed (Knots) = 22 , Power (kW) =2250
Speed (Knots) = 23 , Power (kW) =2452
Speed (Knots) = 24 , Power (kW) =2634
Speed (Knots) = 25 , Power (kW) =2784
Speed (Knots) = 26 , Power (kW) =2888
Speed (Knots) = 27 , Power (kW) =2949
Speed (Knots) = 28 , Power (kW) =2980
Speed (Knots) = 29 , Power (kW) =2993
Speed (Knots) = 30 , Power (kW) =3000
Speed (Knots) = 31 , Power (kW) =3000
Speed (Knots) = 32 , Power (kW) =3000
Speed (Knots) = 33 , Power (kW) =3000
Speed (Knots) = 34 , Power (kW) =3000
Speed (Knots) = 35 , Power (kW) =3000
Speed (Knots) = 36 , Power (kW) =3000
Speed (Knots) = 37 , Power (kW) =3000
Speed (Knots) = 38 , Power (kW) =3000
Speed (Knots) = 39 , Power (kW) =3000
Speed (Knots) = 40 , Power (kW) =3000
Speed (Knots) = 41 , Power (kW) =3000
Speed (Knots) = 42 , Power (kW) =3000
Speed (Knots) = 43 , Power (kW) =3000
Speed (Knots) = 44 , Power (kW) =3000
Speed (Knots) = 45 , Power (kW) =3000
Speed (Knots) = 46 , Power (kW) =3000
Speed (Knots) = 47 , Power (kW) =3000
Speed (Knots) = 48 , Power (kW) =3000
Speed (Knots) = 49 , Power (kW) =0
Speed (Knots) = 50 , Power (kW) =0
Speed (Knots) = 51 , Power (kW) =0
Speed (Knots) = 52 , Power (kW) =0
Speed (Knots) = 53 , Power (kW) =0
Speed (Knots) = 54 , Power (kW) =0
Speed (Knots) = 55 , Power (kW) =0
Speed (Knots) = 56 , Power (kW) =0
Speed (Knots) = 57 , Power (kW) =0
Speed (Knots) = 58 , Power (kW) =0
Speed (Knots) = 59 , Power (kW) =0
Speed (Knots) = 60 , Power (kW) =0
The scale is 1.0
Wind power at 10 knots in kilowatts is 207.0
Wind power in-cut-out test 0.0
Fuzzy
Class name:edu.pitt.cs.people.guy.wind.benchmarks.Fuzzy5
Success: /Noise_Allowed_Time_Definitions_All_Stations.csv found.
The station is the record is KMCI
Success: /Noise_Allowed_Time_Definitions_All_Stations.csv found.
The station is the record is KMCI
I have found the membership file for NOT WINDY.
Windspeed (knots) [0,1), Membership Value =1.00000000,1.0
Windspeed (knots) [1,2), Membership Value =0.99998869,0.9999887
Windspeed (knots) [2,3), Membership Value =0.99979958,0.9997996
Windspeed (knots) [3,4), Membership Value =0.99865857,0.9986586
Windspeed (knots) [4,5), Membership Value =0.99456780,0.9945678
Windspeed (knots) [5,6), Membership Value =0.98358930,0.9835893
Windspeed (knots) [6,7), Membership Value =0.96225896,0.96225893
Windspeed (knots) [7,8), Membership Value =0.92858650,0.9285865
Windspeed (knots) [8,9), Membership Value =0.88286373,0.8828637
Windspeed (knots) [9,10), Membership Value =0.82564946,0.82564944
Windspeed (knots) [10,11), Membership Value =0.75649507,0.75649506
Windspeed (knots) [11,12), Membership Value =0.67417317,0.6741732
Windspeed (knots) [12,13), Membership Value =0.58863346,0.5886335
Windspeed (knots) [13,14), Membership Value =0.49694818,0.49694818
Windspeed (knots) [14,15), Membership Value =0.40225520,0.4022552
Windspeed (knots) [15,16), Membership Value =0.30951428,0.30951428
Windspeed (knots) [16,17), Membership Value =0.22003528,0.22003528
Windspeed (knots) [17,18), Membership Value =0.13671631,0.1367163
Windspeed (knots) [18,19), Membership Value =0.06034575,0.06034575
Windspeed (knots) [19,20), Membership Value =0.00000000,0.0
Windspeed (knots) [20,21), Membership Value =0.00000000,0.0
Windspeed (knots) [21,22), Membership Value =0.00000000,0.0
Windspeed (knots) [22,23), Membership Value =0.00000000,0.0
Windspeed (knots) [23,24), Membership Value =0.00000000,0.0
Windspeed (knots) [24,25), Membership Value =0.00000000,0.0
Windspeed (knots) [25,26), Membership Value =0.00000000,0.0
Windspeed (knots) [26,27), Membership Value =0.00000000,0.0
Windspeed (knots) [27,28), Membership Value =0.00000000,0.0
Windspeed (knots) [28,29), Membership Value =0.00000000,0.0
Windspeed (knots) [29,30), Membership Value =0.00000000,0.0
Windspeed (knots) [30,31), Membership Value =0.00000000,0.0
Windspeed (knots) [31,32), Membership Value =0.00000000,0.0
Windspeed (knots) [32,33), Membership Value =0.00000000,0.0
Windspeed (knots) [33,34), Membership Value =0.00000000,0.0
Windspeed (knots) [34,35), Membership Value =0.00000000,0.0
Windspeed (knots) [35,36), Membership Value =0.00000000,0.0
Windspeed (knots) [36,37), Membership Value =0.00000000,0.0
Windspeed (knots) [37,38), Membership Value =0.00000000,0.0
Windspeed (knots) [38,39), Membership Value =0.00000000,0.0
Windspeed (knots) [39,40), Membership Value =0.00000000,0.0
Windspeed (knots) [40,41), Membership Value =0.00000000,0.0
Windspeed (knots) [41,42), Membership Value =0.00000000,0.0
Windspeed (knots) [42,43), Membership Value =0.00000000,0.0
Windspeed (knots) [43,44), Membership Value =0.00000000,0.0
Windspeed (knots) [44,45), Membership Value =0.00000000,0.0
Windspeed (knots) [45,46), Membership Value =0.00000000,0.0
Windspeed (knots) [46,47), Membership Value =0.00000000,0.0
Windspeed (knots) [47,48), Membership Value =0.00000000,0.0
Windspeed (knots) [48,49), Membership Value =0.00000000,0.0
Windspeed (knots) [49,50), Membership Value =0.00000000,0.0
Windspeed (knots) [50,51), Membership Value =0.00000000,0.0
Windspeed (knots) [51,52), Membership Value =0.00000000,0.0
Windspeed (knots) [52,53), Membership Value =0.00000000,0.0
Windspeed (knots) [53,54), Membership Value =0.00000000,0.0
Windspeed (knots) [54,55), Membership Value =0.00000000,0.0
Windspeed (knots) [55,56), Membership Value =0.00000000,0.0
Windspeed (knots) [56,57), Membership Value =0.00000000,0.0
Windspeed (knots) [57,58), Membership Value =0.00000000,0.0
Windspeed (knots) [58,59), Membership Value =0.00000000,0.0
Windspeed (knots) [59,60), Membership Value =0.00000000,0.0
Windspeed (knots) [60,61), Membership Value =0.00000000,0.0
Windspeed (knots) [61,62), Membership Value =0.00000000,0.0
Windspeed (knots) [62,63), Membership Value =0.00000000,0.0
Windspeed (knots) [63,64), Membership Value =0.00000000,0.0
Windspeed (knots) [64,65), Membership Value =0.00000000,0.0
Windspeed (knots) [65,66), Membership Value =0.00000000,0.0
Windspeed (knots) [66,67), Membership Value =0.00000000,0.0
Windspeed (knots) [67,68), Membership Value =0.00000000,0.0
Windspeed (knots) [68,69), Membership Value =0.00000000,0.0
Windspeed (knots) [69,70), Membership Value =0.00000000,0.0
Windspeed (knots) [70,71), Membership Value =0.00000000,0.0
Windspeed (knots) [71,72), Membership Value =0.00000000,0.0
Windspeed (knots) [72,73), Membership Value =0.00000000,0.0
Windspeed (knots) [73,74), Membership Value =0.00000000,0.0
Windspeed (knots) [74,75), Membership Value =0.00000000,0.0
Windspeed (knots) [75,76), Membership Value =0.00000000,0.0
Windspeed (knots) [76,77), Membership Value =0.00000000,0.0
Windspeed (knots) [77,78), Membership Value =0.00000000,0.0
Windspeed (knots) [78,79), Membership Value =0.00000000,0.0
Windspeed (knots) [79,80), Membership Value =0.00000000,0.0
Windspeed (knots) [80,81), Membership Value =0.00000000,0.0
Windspeed (knots) [81,82), Membership Value =0.00000000,0.0
Windspeed (knots) [82,83), Membership Value =0.00000000,0.0
Windspeed (knots) [83,84), Membership Value =0.00000000,0.0
Windspeed (knots) [84,85), Membership Value =0.00000000,0.0
Windspeed (knots) [85,86), Membership Value =0.00000000,0.0
Windspeed (knots) [86,87), Membership Value =0.00000000,0.0
Windspeed (knots) [87,88), Membership Value =0.00000000,0.0
Windspeed (knots) [88,89), Membership Value =0.00000000,0.0
Windspeed (knots) [89,90), Membership Value =0.00000000,0.0
Windspeed (knots) [90,91), Membership Value =0.00000000,0.0
Windspeed (knots) [91,92), Membership Value =0.00000000,0.0
Windspeed (knots) [92,93), Membership Value =0.00000000,0.0
Windspeed (knots) [93,94), Membership Value =0.00000000,0.0
Windspeed (knots) [94,95), Membership Value =0.00000000,0.0
Windspeed (knots) [95,96), Membership Value =0.00000000,0.0
Windspeed (knots) [96,97), Membership Value =0.00000000,0.0
Windspeed (knots) [97,98), Membership Value =0.00000000,0.0
Windspeed (knots) [98,99), Membership Value =0.00000000,0.0
Windspeed (knots) [99,100), Membership Value =0.00000000,0.0
Windspeed (knots) [100,101), Membership Value =0.00000000,0.0
Windspeed (knots) [101,102), Membership Value =0.00000000,0.0
Windspeed (knots) [102,103), Membership Value =0.00000000,0.0
Windspeed (knots) [103,104), Membership Value =0.00000000,0.0
Windspeed (knots) [104,105), Membership Value =0.00000000,0.0
Windspeed (knots) [105,106), Membership Value =0.00000000,0.0
Windspeed (knots) [106,107), Membership Value =0.00000000,0.0
Windspeed (knots) [107,108), Membership Value =0.00000000,0.0
Windspeed (knots) [108,109), Membership Value =0.00000000,0.0
Windspeed (knots) [109,110), Membership Value =0.00000000,0.0
Windspeed (knots) [110,111), Membership Value =0.00000000,0.0
Windspeed (knots) [111,112), Membership Value =0.00000000,0.0
Windspeed (knots) [112,113), Membership Value =0.00000000,0.0
Windspeed (knots) [113,114), Membership Value =0.00000000,0.0
Windspeed (knots) [114,115), Membership Value =0.00000000,0.0
Windspeed (knots) [115,116), Membership Value =0.00000000,0.0
Windspeed (knots) [116,117), Membership Value =0.00000000,0.0
Windspeed (knots) [117,118), Membership Value =0.00000000,0.0
Windspeed (knots) [118,119), Membership Value =0.00000000,0.0
Windspeed (knots) [119,120), Membership Value =0.00000000,0.0
Windspeed (knots) [120,121), Membership Value =0.00000000,0.0
Windspeed (knots) [121,122), Membership Value =0.00000000,0.0
Windspeed (knots) [122,123), Membership Value =0.00000000,0.0
Windspeed (knots) [123,124), Membership Value =0.00000000,0.0
Windspeed (knots) [124,125), Membership Value =0.00000000,0.0
LowestWindspeedThatIsWindyKnots for station KMCI is 8 knots.
Transition limited :true
bUseWeatherPrediction: true
The running average is 1
The membership_value_deployment_threshold is 0.5
Energy harvested: 4721250.08166652
iGeneratingEnergyWhenGridNeedsEnergyMinutes =634213
iGeneratingEnergyWhenGridNeedsEnergyMinutes =634213
iUsingEnergyWhenGridNeedsEnergyMinutes =1681
iGeneratingEnergyWhenGridHasExcessEnergyMinutes = 7735
iUsingEnergyWhenGridHasExcessEnergyMinutes = 37
iIdleWhenGridDoesNotNeedEnergyMinutes = 38308
iIdleWhenGridNeedsEnergyMinutes = 4052505
iEnergyPriceIsZeroMinutes = 240
harvester.getEnergyHarvestedAVAILABLEKilowattHours( ): 2.116693805E7
harvester.getEnergyHarvestedKilowattHours(): 4721250.08166652
The running average is 31
The membership_value_deployment_threshold is 0.5
Energy harvested: 5466422.806944386
iGeneratingEnergyWhenGridNeedsEnergyMinutes =661661
iGeneratingEnergyWhenGridNeedsEnergyMinutes =661661
iUsingEnergyWhenGridNeedsEnergyMinutes =1346
iGeneratingEnergyWhenGridHasExcessEnergyMinutes = 7388
iUsingEnergyWhenGridHasExcessEnergyMinutes = 0
iIdleWhenGridDoesNotNeedEnergyMinutes = 38692
iIdleWhenGridNeedsEnergyMinutes = 4025392
iEnergyPriceIsZeroMinutes = 240
harvester.getEnergyHarvestedAVAILABLEKilowattHours( ): 2.116693805E7
harvester.getEnergyHarvestedKilowattHours(): 5466422.806944386
The running average is 61
The membership_value_deployment_threshold is 0.5
Energy harvested: 5675742.690277739
iGeneratingEnergyWhenGridNeedsEnergyMinutes =671783
iGeneratingEnergyWhenGridNeedsEnergyMinutes =671783
iUsingEnergyWhenGridNeedsEnergyMinutes =1276
iGeneratingEnergyWhenGridHasExcessEnergyMinutes = 7255
iUsingEnergyWhenGridHasExcessEnergyMinutes = 15
iIdleWhenGridDoesNotNeedEnergyMinutes = 38810
iIdleWhenGridNeedsEnergyMinutes = 4015340
iEnergyPriceIsZeroMinutes = 240
harvester.getEnergyHarvestedAVAILABLEKilowattHours( ): 2.116693805E7
harvester.getEnergyHarvestedKilowattHours(): 5675742.690277739
The running average is 91
The membership_value_deployment_threshold is 0.5
Energy harvested: 5707896.133888858
iGeneratingEnergyWhenGridNeedsEnergyMinutes =668093
iGeneratingEnergyWhenGridNeedsEnergyMinutes =668093
iUsingEnergyWhenGridNeedsEnergyMinutes =1183
iGeneratingEnergyWhenGridHasExcessEnergyMinutes = 7050
iUsingEnergyWhenGridHasExcessEnergyMinutes = 15
iIdleWhenGridDoesNotNeedEnergyMinutes = 39015
iIdleWhenGridNeedsEnergyMinutes = 4019123
iEnergyPriceIsZeroMinutes = 240
harvester.getEnergyHarvestedAVAILABLEKilowattHours( ): 2.116693805E7
harvester.getEnergyHarvestedKilowattHours(): 5707896.133888858
The running average is 121
The membership_value_deployment_threshold is 0.5
Energy harvested: 5750347.810277766
iGeneratingEnergyWhenGridNeedsEnergyMinutes =669020
iGeneratingEnergyWhenGridNeedsEnergyMinutes =669020
iUsingEnergyWhenGridNeedsEnergyMinutes =1165
iGeneratingEnergyWhenGridHasExcessEnergyMinutes = 7301
iUsingEnergyWhenGridHasExcessEnergyMinutes = 0
iIdleWhenGridDoesNotNeedEnergyMinutes = 38779
iIdleWhenGridNeedsEnergyMinutes = 4018214
iEnergyPriceIsZeroMinutes = 240
harvester.getEnergyHarvestedAVAILABLEKilowattHours( ): 2.116693805E7
harvester.getEnergyHarvestedKilowattHours(): 5750347.810277766
Beginning testing mode:
station,&,deployment_membership_value_threshold_array_for_month_1,&,running_average_size_minutes_for_month_1,&,deployment_membership_value_threshold_array_for_month_2,&,running_average_size_minutes_for_month_2,&,deployment_membership_value_threshold_array_for_month_3,&,running_average_size_minutes_for_month_3,&,deployment_membership_value_threshold_array_for_month_4,&,running_average_size_minutes_for_month_4,&,deployment_membership_value_threshold_array_for_month_5,&,running_average_size_minutes_for_month_5,&,deployment_membership_value_threshold_array_for_month_6,&,running_average_size_minutes_for_month_6,&,deployment_membership_value_threshold_array_for_month_7,&,running_average_size_minutes_for_month_7,&,deployment_membership_value_threshold_array_for_month_8,&,running_average_size_minutes_for_month_8,&,deployment_membership_value_threshold_array_for_month_9,&,running_average_size_minutes_for_month_9,&,deployment_membership_value_threshold_array_for_month_10,&,running_average_size_minutes_for_month_10,&,deployment_membership_value_threshold_array_for_month_11,&,running_average_size_minutes_for_month_11,&,deployment_membership_value_threshold_array_for_month_12,&,running_average_size_minutes_for_month_12,&,dNetNorm,&,dMarketBalancePercentage,&,dMarketNetNorm,
results: KMCI,&,0.5,&,31,&,0.5,&,91,&,0.5,&,121,&,0.5,&,1,&,0.5,&,31,&,0.5,&,31,&,0.5,&,61,&,0.5,&,31,&,0.5,&,31,&,0.5,&,1,&,0.5,&,61,&,0.5,&,31,&,0.22394301636913452,&,0.9269051985159282,&,0.2075739460438884
monthly visible minutes:KMCI,&,2013,&,8672,&,8672,&,8672,&,8672,&,8672,&,8672,&,8672,&,8672,&,8672,&,8672,&,8672,&,8672,&,
monthly visible minutes:KMCI,&,2014,&,8672,&,8672,&,8672,&,8672,&,8672,&,8672,&,8672,&,8672,&,8672,&,8672,&,8672,&,8672,&,
monthly minutes harvester between states:KMCI,&,2013,&,38,&,38,&,38,&,38,&,38,&,38,&,38,&,38,&,38,&,38,&,38,&,38,&,
monthly minutes harvester between states:KMCI,&,2014,&,38,&,38,&,38,&,38,&,38,&,38,&,38,&,38,&,38,&,38,&,38,&,38,&,
FuzzyVsCrisp: KMCI,1,true,true
station,&,deployment_membership_value_threshold_array_for_month_1,&,running_average_size_minutes_for_month_1,&,deployment_membership_value_threshold_array_for_month_2,&,running_average_size_minutes_for_month_2,&,deployment_membership_value_threshold_array_for_month_3,&,running_average_size_minutes_for_month_3,&,deployment_membership_value_threshold_array_for_month_4,&,running_average_size_minutes_for_month_4,&,deployment_membership_value_threshold_array_for_month_5,&,running_average_size_minutes_for_month_5,&,deployment_membership_value_threshold_array_for_month_6,&,running_average_size_minutes_for_month_6,&,deployment_membership_value_threshold_array_for_month_7,&,running_average_size_minutes_for_month_7,&,deployment_membership_value_threshold_array_for_month_8,&,running_average_size_minutes_for_month_8,&,deployment_membership_value_threshold_array_for_month_9,&,running_average_size_minutes_for_month_9,&,deployment_membership_value_threshold_array_for_month_10,&,running_average_size_minutes_for_month_10,&,deployment_membership_value_threshold_array_for_month_11,&,running_average_size_minutes_for_month_11,&,deployment_membership_value_threshold_array_for_month_12,&,running_average_size_minutes_for_month_12,&,dNetNorm,&,dMarketBalancePercentage,&,dMarketNetNorm,
results: KMCI,&,0.5,&,31,&,0.5,&,91,&,0.5,&,121,&,0.5,&,31,&,0.5,&,31,&,0.5,&,31,&,0.5,&,61,&,0.5,&,31,&,0.5,&,31,&,0.5,&,1,&,0.5,&,121,&,0.5,&,31,&,0.22776285973794522,&,0.9269996878812814,&,0.2111360998880233
monthly visible minutes:KMCI,&,2013,&,8672,&,8672,&,8672,&,8672,&,8672,&,8672,&,8672,&,8672,&,8672,&,8672,&,8672,&,8672,&,
monthly visible minutes:KMCI,&,2014,&,8672,&,8672,&,8672,&,8672,&,8672,&,8672,&,8672,&,8672,&,8672,&,8672,&,8672,&,8672,&,
monthly minutes harvester between states:KMCI,&,2013,&,38,&,38,&,38,&,38,&,38,&,38,&,38,&,38,&,38,&,38,&,38,&,38,&,
monthly minutes harvester between states:KMCI,&,2014,&,38,&,38,&,38,&,38,&,38,&,38,&,38,&,38,&,38,&,38,&,38,&,38,&,
FuzzyVsCrisp: KMCI,1,true,true
Station: KMCO
abc: The current path is /home/guy/retractable-wind
I have found the property file.
The training windspeed filename is /trainingKMCO2004-2012in.csv
The testing windspeed filename is /testingKMCO2013-2014in.csv
Yes, the station is KMCO
Warning: The bAlsoUsePrediction no longer has any effect
iUsedAllItsAllocatedVisibilityMinutesPerMonth: 8760
Visibility Allocation Minutes:8760
HARVESTER_SIZE_SQM is 6362
Reading file
Success: /Wind turbine power curves - wind turbine power output against wind speed in knots.csv found.
Speed (Knots) = Speed(knots) vs power (kW) , Power (kW) =V90
Speed (Knots) = 0 , Power (kW) =0
Speed (Knots) = 1 , Power (kW) =0
Speed (Knots) = 2 , Power (kW) =0
Speed (Knots) = 3 , Power (kW) =0
Speed (Knots) = 4 , Power (kW) =0
Speed (Knots) = 5 , Power (kW) =0
Speed (Knots) = 6 , Power (kW) =0
Speed (Knots) = 7 , Power (kW) =38
Speed (Knots) = 8 , Power (kW) =87
Speed (Knots) = 9 , Power (kW) =141
Speed (Knots) = 10 , Power (kW) =207
Speed (Knots) = 11 , Power (kW) =286
Speed (Knots) = 12 , Power (kW) =382
Speed (Knots) = 13 , Power (kW) =496
Speed (Knots) = 14 , Power (kW) =628
Speed (Knots) = 15 , Power (kW) =781
Speed (Knots) = 16 , Power (kW) =957
Speed (Knots) = 17 , Power (kW) =1153
Speed (Knots) = 18 , Power (kW) =1366
Speed (Knots) = 19 , Power (kW) =1589
Speed (Knots) = 20 , Power (kW) =1814
Speed (Knots) = 21 , Power (kW) =2035
Speed (Knots) = 22 , Power (kW) =2250
Speed (Knots) = 23 , Power (kW) =2452
Speed (Knots) = 24 , Power (kW) =2634
Speed (Knots) = 25 , Power (kW) =2784
Speed (Knots) = 26 , Power (kW) =2888
Speed (Knots) = 27 , Power (kW) =2949
Speed (Knots) = 28 , Power (kW) =2980
Speed (Knots) = 29 , Power (kW) =2993
Speed (Knots) = 30 , Power (kW) =3000
Speed (Knots) = 31 , Power (kW) =3000
Speed (Knots) = 32 , Power (kW) =3000
Speed (Knots) = 33 , Power (kW) =3000
Speed (Knots) = 34 , Power (kW) =3000
Speed (Knots) = 35 , Power (kW) =3000
Speed (Knots) = 36 , Power (kW) =3000
Speed (Knots) = 37 , Power (kW) =3000
Speed (Knots) = 38 , Power (kW) =3000
Speed (Knots) = 39 , Power (kW) =3000
Speed (Knots) = 40 , Power (kW) =3000
Speed (Knots) = 41 , Power (kW) =3000
Speed (Knots) = 42 , Power (kW) =3000
Speed (Knots) = 43 , Power (kW) =3000
Speed (Knots) = 44 , Power (kW) =3000
Speed (Knots) = 45 , Power (kW) =3000
Speed (Knots) = 46 , Power (kW) =3000
Speed (Knots) = 47 , Power (kW) =3000
Speed (Knots) = 48 , Power (kW) =3000
Speed (Knots) = 49 , Power (kW) =0
Speed (Knots) = 50 , Power (kW) =0
Speed (Knots) = 51 , Power (kW) =0
Speed (Knots) = 52 , Power (kW) =0
Speed (Knots) = 53 , Power (kW) =0
Speed (Knots) = 54 , Power (kW) =0
Speed (Knots) = 55 , Power (kW) =0
Speed (Knots) = 56 , Power (kW) =0
Speed (Knots) = 57 , Power (kW) =0
Speed (Knots) = 58 , Power (kW) =0
Speed (Knots) = 59 , Power (kW) =0
Speed (Knots) = 60 , Power (kW) =0
The scale is 1.0
Wind power at 10 knots in kilowatts is 207.0
Wind power in-cut-out test 0.0
Fuzzy
Class name:edu.pitt.cs.people.guy.wind.benchmarks.Fuzzy5
Success: /Noise_Allowed_Time_Definitions_All_Stations.csv found.
The station is the record is KMCO
Success: /Noise_Allowed_Time_Definitions_All_Stations.csv found.
The station is the record is KMCO
I have found the membership file for NOT WINDY.
Windspeed (knots) [0,1), Membership Value =1.00000000,1.0
Windspeed (knots) [1,2), Membership Value =0.99991557,0.99991554
Windspeed (knots) [2,3), Membership Value =0.99877776,0.99877775
Windspeed (knots) [3,4), Membership Value =0.99366158,0.9936616
Windspeed (knots) [4,5), Membership Value =0.98013438,0.98013437
Windspeed (knots) [5,6), Membership Value =0.95466408,0.95466405
Windspeed (knots) [6,7), Membership Value =0.91365205,0.91365206
Windspeed (knots) [7,8), Membership Value =0.85799935,0.8579993
Windspeed (knots) [8,9), Membership Value =0.78919330,0.7891933
Windspeed (knots) [9,10), Membership Value =0.70626895,0.70626897
Windspeed (knots) [10,11), Membership Value =0.61206291,0.61206293
Windspeed (knots) [11,12), Membership Value =0.50791684,0.50791687
Windspeed (knots) [12,13), Membership Value =0.39947380,0.3994738
Windspeed (knots) [13,14), Membership Value =0.29446937,0.29446936
Windspeed (knots) [14,15), Membership Value =0.19709812,0.19709812
Windspeed (knots) [15,16), Membership Value =0.11167400,0.111674
Windspeed (knots) [16,17), Membership Value =0.03908221,0.03908221
Windspeed (knots) [17,18), Membership Value =0.00000000,0.0
Windspeed (knots) [18,19), Membership Value =0.00000000,0.0
Windspeed (knots) [19,20), Membership Value =0.00000000,0.0
Windspeed (knots) [20,21), Membership Value =0.00000000,0.0
Windspeed (knots) [21,22), Membership Value =0.00000000,0.0
Windspeed (knots) [22,23), Membership Value =0.00000000,0.0
Windspeed (knots) [23,24), Membership Value =0.00000000,0.0
Windspeed (knots) [24,25), Membership Value =0.00000000,0.0
Windspeed (knots) [25,26), Membership Value =0.00000000,0.0
Windspeed (knots) [26,27), Membership Value =0.00000000,0.0
Windspeed (knots) [27,28), Membership Value =0.00000000,0.0
Windspeed (knots) [28,29), Membership Value =0.00000000,0.0
Windspeed (knots) [29,30), Membership Value =0.00000000,0.0
Windspeed (knots) [30,31), Membership Value =0.00000000,0.0
Windspeed (knots) [31,32), Membership Value =0.00000000,0.0
Windspeed (knots) [32,33), Membership Value =0.00000000,0.0
Windspeed (knots) [33,34), Membership Value =0.00000000,0.0
Windspeed (knots) [34,35), Membership Value =0.00000000,0.0
Windspeed (knots) [35,36), Membership Value =0.00000000,0.0
Windspeed (knots) [36,37), Membership Value =0.00000000,0.0
Windspeed (knots) [37,38), Membership Value =0.00000000,0.0
Windspeed (knots) [38,39), Membership Value =0.00000000,0.0
Windspeed (knots) [39,40), Membership Value =0.00000000,0.0
Windspeed (knots) [40,41), Membership Value =0.00000000,0.0
Windspeed (knots) [41,42), Membership Value =0.00000000,0.0
Windspeed (knots) [42,43), Membership Value =0.00000000,0.0
Windspeed (knots) [43,44), Membership Value =0.00000000,0.0
Windspeed (knots) [44,45), Membership Value =0.00000000,0.0
Windspeed (knots) [45,46), Membership Value =0.00000000,0.0
Windspeed (knots) [46,47), Membership Value =0.00000000,0.0
Windspeed (knots) [47,48), Membership Value =0.00000000,0.0
Windspeed (knots) [48,49), Membership Value =0.00000000,0.0
Windspeed (knots) [49,50), Membership Value =0.00000000,0.0
Windspeed (knots) [50,51), Membership Value =0.00000000,0.0
Windspeed (knots) [51,52), Membership Value =0.00000000,0.0
Windspeed (knots) [52,53), Membership Value =0.00000000,0.0
Windspeed (knots) [53,54), Membership Value =0.00000000,0.0
Windspeed (knots) [54,55), Membership Value =0.00000000,0.0
Windspeed (knots) [55,56), Membership Value =0.00000000,0.0
Windspeed (knots) [56,57), Membership Value =0.00000000,0.0
Windspeed (knots) [57,58), Membership Value =0.00000000,0.0
Windspeed (knots) [58,59), Membership Value =0.00000000,0.0
Windspeed (knots) [59,60), Membership Value =0.00000000,0.0
Windspeed (knots) [60,61), Membership Value =0.00000000,0.0
Windspeed (knots) [61,62), Membership Value =0.00000000,0.0
Windspeed (knots) [62,63), Membership Value =0.00000000,0.0
Windspeed (knots) [63,64), Membership Value =0.00000000,0.0
Windspeed (knots) [64,65), Membership Value =0.00000000,0.0
Windspeed (knots) [65,66), Membership Value =0.00000000,0.0
Windspeed (knots) [66,67), Membership Value =0.00000000,0.0
Windspeed (knots) [67,68), Membership Value =0.00000000,0.0
Windspeed (knots) [68,69), Membership Value =0.00000000,0.0
Windspeed (knots) [69,70), Membership Value =0.00000000,0.0
Windspeed (knots) [70,71), Membership Value =0.00000000,0.0
Windspeed (knots) [71,72), Membership Value =0.00000000,0.0
Windspeed (knots) [72,73), Membership Value =0.00000000,0.0
Windspeed (knots) [73,74), Membership Value =0.00000000,0.0
Windspeed (knots) [74,75), Membership Value =0.00000000,0.0
Windspeed (knots) [75,76), Membership Value =0.00000000,0.0
Windspeed (knots) [76,77), Membership Value =0.00000000,0.0
Windspeed (knots) [77,78), Membership Value =0.00000000,0.0
Windspeed (knots) [78,79), Membership Value =0.00000000,0.0
Windspeed (knots) [79,80), Membership Value =0.00000000,0.0
Windspeed (knots) [80,81), Membership Value =0.00000000,0.0
Windspeed (knots) [81,82), Membership Value =0.00000000,0.0
Windspeed (knots) [82,83), Membership Value =0.00000000,0.0
Windspeed (knots) [83,84), Membership Value =0.00000000,0.0
Windspeed (knots) [84,85), Membership Value =0.00000000,0.0
Windspeed (knots) [85,86), Membership Value =0.00000000,0.0
Windspeed (knots) [86,87), Membership Value =0.00000000,0.0
Windspeed (knots) [87,88), Membership Value =0.00000000,0.0
Windspeed (knots) [88,89), Membership Value =0.00000000,0.0
Windspeed (knots) [89,90), Membership Value =0.00000000,0.0
Windspeed (knots) [90,91), Membership Value =0.00000000,0.0
Windspeed (knots) [91,92), Membership Value =0.00000000,0.0
Windspeed (knots) [92,93), Membership Value =0.00000000,0.0
Windspeed (knots) [93,94), Membership Value =0.00000000,0.0
Windspeed (knots) [94,95), Membership Value =0.00000000,0.0
Windspeed (knots) [95,96), Membership Value =0.00000000,0.0
Windspeed (knots) [96,97), Membership Value =0.00000000,0.0
Windspeed (knots) [97,98), Membership Value =0.00000000,0.0
Windspeed (knots) [98,99), Membership Value =0.00000000,0.0
Windspeed (knots) [99,100), Membership Value =0.00000000,0.0
Windspeed (knots) [100,101), Membership Value =0.00000000,0.0
Windspeed (knots) [101,102), Membership Value =0.00000000,0.0
Windspeed (knots) [102,103), Membership Value =0.00000000,0.0
Windspeed (knots) [103,104), Membership Value =0.00000000,0.0
Windspeed (knots) [104,105), Membership Value =0.00000000,0.0
Windspeed (knots) [105,106), Membership Value =0.00000000,0.0
Windspeed (knots) [106,107), Membership Value =0.00000000,0.0
Windspeed (knots) [107,108), Membership Value =0.00000000,0.0
Windspeed (knots) [108,109), Membership Value =0.00000000,0.0
Windspeed (knots) [109,110), Membership Value =0.00000000,0.0
Windspeed (knots) [110,111), Membership Value =0.00000000,0.0
Windspeed (knots) [111,112), Membership Value =0.00000000,0.0
Windspeed (knots) [112,113), Membership Value =0.00000000,0.0
Windspeed (knots) [113,114), Membership Value =0.00000000,0.0
Windspeed (knots) [114,115), Membership Value =0.00000000,0.0
Windspeed (knots) [115,116), Membership Value =0.00000000,0.0
Windspeed (knots) [116,117), Membership Value =0.00000000,0.0
Windspeed (knots) [117,118), Membership Value =0.00000000,0.0
Windspeed (knots) [118,119), Membership Value =0.00000000,0.0
Windspeed (knots) [119,120), Membership Value =0.00000000,0.0
Windspeed (knots) [120,121), Membership Value =0.00000000,0.0
Windspeed (knots) [121,122), Membership Value =0.00000000,0.0
Windspeed (knots) [122,123), Membership Value =0.00000000,0.0
Windspeed (knots) [123,124), Membership Value =0.00000000,0.0
Windspeed (knots) [124,125), Membership Value =0.00000000,0.0
LowestWindspeedThatIsWindyKnots for station KMCO is 7 knots.
Transition limited :true
bUseWeatherPrediction: true
The running average is 1
The membership_value_deployment_threshold is 0.5
Energy harvested: 2295143.870833336
iGeneratingEnergyWhenGridNeedsEnergyMinutes =436970
iGeneratingEnergyWhenGridNeedsEnergyMinutes =436970
iUsingEnergyWhenGridNeedsEnergyMinutes =1759
iGeneratingEnergyWhenGridHasExcessEnergyMinutes = 3067
iUsingEnergyWhenGridHasExcessEnergyMinutes = 0
iIdleWhenGridDoesNotNeedEnergyMinutes = 43013
iIdleWhenGridNeedsEnergyMinutes = 4249670
iEnergyPriceIsZeroMinutes = 240
harvester.getEnergyHarvestedAVAILABLEKilowattHours( ): 1.0062656633333333E7
harvester.getEnergyHarvestedKilowattHours(): 2295143.870833336
The running average is 31
The membership_value_deployment_threshold is 0.5
Energy harvested: 2784586.229722139
iGeneratingEnergyWhenGridNeedsEnergyMinutes =480425
iGeneratingEnergyWhenGridNeedsEnergyMinutes =480425
iUsingEnergyWhenGridNeedsEnergyMinutes =1611
iGeneratingEnergyWhenGridHasExcessEnergyMinutes = 3297
iUsingEnergyWhenGridHasExcessEnergyMinutes = 0
iIdleWhenGridDoesNotNeedEnergyMinutes = 42783
iIdleWhenGridNeedsEnergyMinutes = 4206363
iEnergyPriceIsZeroMinutes = 240
harvester.getEnergyHarvestedAVAILABLEKilowattHours( ): 1.0062656633333333E7
harvester.getEnergyHarvestedKilowattHours(): 2784586.229722139
The running average is 61
The membership_value_deployment_threshold is 0.5
Energy harvested: 2869352.785833253
iGeneratingEnergyWhenGridNeedsEnergyMinutes =483591
iGeneratingEnergyWhenGridNeedsEnergyMinutes =483591
iUsingEnergyWhenGridNeedsEnergyMinutes =1535
iGeneratingEnergyWhenGridHasExcessEnergyMinutes = 3322
iUsingEnergyWhenGridHasExcessEnergyMinutes = 0
iIdleWhenGridDoesNotNeedEnergyMinutes = 42758
iIdleWhenGridNeedsEnergyMinutes = 4203273
iEnergyPriceIsZeroMinutes = 240
harvester.getEnergyHarvestedAVAILABLEKilowattHours( ): 1.0062656633333333E7
harvester.getEnergyHarvestedKilowattHours(): 2869352.785833253
The running average is 91
The membership_value_deployment_threshold is 0.5
Energy harvested: 2927360.575277693
iGeneratingEnergyWhenGridNeedsEnergyMinutes =481784
iGeneratingEnergyWhenGridNeedsEnergyMinutes =481784
iUsingEnergyWhenGridNeedsEnergyMinutes =1453
iGeneratingEnergyWhenGridHasExcessEnergyMinutes = 2634
iUsingEnergyWhenGridHasExcessEnergyMinutes = 7
iIdleWhenGridDoesNotNeedEnergyMinutes = 43439
iIdleWhenGridNeedsEnergyMinutes = 4205162
iEnergyPriceIsZeroMinutes = 240
harvester.getEnergyHarvestedAVAILABLEKilowattHours( ): 1.0062656633333333E7
harvester.getEnergyHarvestedKilowattHours(): 2927360.575277693
The running average is 121
The membership_value_deployment_threshold is 0.5
Energy harvested: 2960825.2355554732
iGeneratingEnergyWhenGridNeedsEnergyMinutes =475567
iGeneratingEnergyWhenGridNeedsEnergyMinutes =475567
iUsingEnergyWhenGridNeedsEnergyMinutes =1474
iGeneratingEnergyWhenGridHasExcessEnergyMinutes = 3144
iUsingEnergyWhenGridHasExcessEnergyMinutes = 10
iIdleWhenGridDoesNotNeedEnergyMinutes = 42926
iIdleWhenGridNeedsEnergyMinutes = 4211358
iEnergyPriceIsZeroMinutes = 240
harvester.getEnergyHarvestedAVAILABLEKilowattHours( ): 1.0062656633333333E7
harvester.getEnergyHarvestedKilowattHours(): 2960825.2355554732
Beginning testing mode:
station,&,deployment_membership_value_threshold_array_for_month_1,&,running_average_size_minutes_for_month_1,&,deployment_membership_value_threshold_array_for_month_2,&,running_average_size_minutes_for_month_2,&,deployment_membership_value_threshold_array_for_month_3,&,running_average_size_minutes_for_month_3,&,deployment_membership_value_threshold_array_for_month_4,&,running_average_size_minutes_for_month_4,&,deployment_membership_value_threshold_array_for_month_5,&,running_average_size_minutes_for_month_5,&,deployment_membership_value_threshold_array_for_month_6,&,running_average_size_minutes_for_month_6,&,deployment_membership_value_threshold_array_for_month_7,&,running_average_size_minutes_for_month_7,&,deployment_membership_value_threshold_array_for_month_8,&,running_average_size_minutes_for_month_8,&,deployment_membership_value_threshold_array_for_month_9,&,running_average_size_minutes_for_month_9,&,deployment_membership_value_threshold_array_for_month_10,&,running_average_size_minutes_for_month_10,&,deployment_membership_value_threshold_array_for_month_11,&,running_average_size_minutes_for_month_11,&,deployment_membership_value_threshold_array_for_month_12,&,running_average_size_minutes_for_month_12,&,dNetNorm,&,dMarketBalancePercentage,&,dMarketNetNorm,
results: KMCO,&,0.5,&,1,&,0.5,&,31,&,0.5,&,91,&,0.5,&,31,&,0.5,&,31,&,0.5,&,1,&,0.5,&,1,&,0.5,&,91,&,0.5,&,121,&,0.5,&,121,&,0.5,&,31,&,0.5,&,1,&,0.2738452986678977,&,0.9586176383836398,&,0.2625129334914826
monthly visible minutes:KMCO,&,2013,&,8672,&,8672,&,8672,&,8672,&,8672,&,8672,&,8672,&,8672,&,8672,&,8672,&,8672,&,8672,&,
monthly visible minutes:KMCO,&,2014,&,8672,&,8672,&,8672,&,8672,&,8672,&,8672,&,8672,&,8672,&,8672,&,8672,&,8672,&,8672,&,
monthly minutes harvester between states:KMCO,&,2013,&,38,&,38,&,38,&,38,&,38,&,38,&,38,&,38,&,38,&,38,&,38,&,38,&,
monthly minutes harvester between states:KMCO,&,2014,&,38,&,38,&,38,&,38,&,38,&,38,&,38,&,38,&,38,&,38,&,38,&,38,&,
FuzzyVsCrisp: KMCO,1,true,true
station,&,deployment_membership_value_threshold_array_for_month_1,&,running_average_size_minutes_for_month_1,&,deployment_membership_value_threshold_array_for_month_2,&,running_average_size_minutes_for_month_2,&,deployment_membership_value_threshold_array_for_month_3,&,running_average_size_minutes_for_month_3,&,deployment_membership_value_threshold_array_for_month_4,&,running_average_size_minutes_for_month_4,&,deployment_membership_value_threshold_array_for_month_5,&,running_average_size_minutes_for_month_5,&,deployment_membership_value_threshold_array_for_month_6,&,running_average_size_minutes_for_month_6,&,deployment_membership_value_threshold_array_for_month_7,&,running_average_size_minutes_for_month_7,&,deployment_membership_value_threshold_array_for_month_8,&,running_average_size_minutes_for_month_8,&,deployment_membership_value_threshold_array_for_month_9,&,running_average_size_minutes_for_month_9,&,deployment_membership_value_threshold_array_for_month_10,&,running_average_size_minutes_for_month_10,&,deployment_membership_value_threshold_array_for_month_11,&,running_average_size_minutes_for_month_11,&,deployment_membership_value_threshold_array_for_month_12,&,running_average_size_minutes_for_month_12,&,dNetNorm,&,dMarketBalancePercentage,&,dMarketNetNorm,
results: KMCO,&,0.5,&,1,&,0.5,&,31,&,0.5,&,91,&,0.5,&,31,&,0.5,&,31,&,0.5,&,1,&,0.5,&,1,&,0.5,&,91,&,0.5,&,121,&,0.5,&,121,&,0.5,&,31,&,0.5,&,1,&,0.2738452986678977,&,0.9586176383836398,&,0.2625129334914826
monthly visible minutes:KMCO,&,2013,&,8672,&,8672,&,8672,&,8672,&,8672,&,8672,&,8672,&,8672,&,8672,&,8672,&,8672,&,8672,&,
monthly visible minutes:KMCO,&,2014,&,8672,&,8672,&,8672,&,8672,&,8672,&,8672,&,8672,&,8672,&,8672,&,8672,&,8672,&,8672,&,
monthly minutes harvester between states:KMCO,&,2013,&,38,&,38,&,38,&,38,&,38,&,38,&,38,&,38,&,38,&,38,&,38,&,38,&,
monthly minutes harvester between states:KMCO,&,2014,&,38,&,38,&,38,&,38,&,38,&,38,&,38,&,38,&,38,&,38,&,38,&,38,&,
FuzzyVsCrisp: KMCO,1,true,true
Station: KMSP
abc: The current path is /home/guy/retractable-wind
I have found the property file.
The training windspeed filename is /trainingKMSP2004-2012in.csv
The testing windspeed filename is /testingKMSP2013-2014in.csv
Yes, the station is KMSP
Warning: The bAlsoUsePrediction no longer has any effect
iUsedAllItsAllocatedVisibilityMinutesPerMonth: 8760
Visibility Allocation Minutes:8760
HARVESTER_SIZE_SQM is 6362
Reading file
Success: /Wind turbine power curves - wind turbine power output against wind speed in knots.csv found.
Speed (Knots) = Speed(knots) vs power (kW) , Power (kW) =V90
Speed (Knots) = 0 , Power (kW) =0
Speed (Knots) = 1 , Power (kW) =0
Speed (Knots) = 2 , Power (kW) =0
Speed (Knots) = 3 , Power (kW) =0
Speed (Knots) = 4 , Power (kW) =0
Speed (Knots) = 5 , Power (kW) =0
Speed (Knots) = 6 , Power (kW) =0
Speed (Knots) = 7 , Power (kW) =38
Speed (Knots) = 8 , Power (kW) =87
Speed (Knots) = 9 , Power (kW) =141
Speed (Knots) = 10 , Power (kW) =207
Speed (Knots) = 11 , Power (kW) =286
Speed (Knots) = 12 , Power (kW) =382
Speed (Knots) = 13 , Power (kW) =496
Speed (Knots) = 14 , Power (kW) =628
Speed (Knots) = 15 , Power (kW) =781
Speed (Knots) = 16 , Power (kW) =957
Speed (Knots) = 17 , Power (kW) =1153
Speed (Knots) = 18 , Power (kW) =1366
Speed (Knots) = 19 , Power (kW) =1589
Speed (Knots) = 20 , Power (kW) =1814
Speed (Knots) = 21 , Power (kW) =2035
Speed (Knots) = 22 , Power (kW) =2250
Speed (Knots) = 23 , Power (kW) =2452
Speed (Knots) = 24 , Power (kW) =2634
Speed (Knots) = 25 , Power (kW) =2784
Speed (Knots) = 26 , Power (kW) =2888
Speed (Knots) = 27 , Power (kW) =2949
Speed (Knots) = 28 , Power (kW) =2980
Speed (Knots) = 29 , Power (kW) =2993
Speed (Knots) = 30 , Power (kW) =3000
Speed (Knots) = 31 , Power (kW) =3000
Speed (Knots) = 32 , Power (kW) =3000
Speed (Knots) = 33 , Power (kW) =3000
Speed (Knots) = 34 , Power (kW) =3000
Speed (Knots) = 35 , Power (kW) =3000
Speed (Knots) = 36 , Power (kW) =3000
Speed (Knots) = 37 , Power (kW) =3000
Speed (Knots) = 38 , Power (kW) =3000
Speed (Knots) = 39 , Power (kW) =3000
Speed (Knots) = 40 , Power (kW) =3000
Speed (Knots) = 41 , Power (kW) =3000
Speed (Knots) = 42 , Power (kW) =3000
Speed (Knots) = 43 , Power (kW) =3000
Speed (Knots) = 44 , Power (kW) =3000
Speed (Knots) = 45 , Power (kW) =3000
Speed (Knots) = 46 , Power (kW) =3000
Speed (Knots) = 47 , Power (kW) =3000
Speed (Knots) = 48 , Power (kW) =3000
Speed (Knots) = 49 , Power (kW) =0
Speed (Knots) = 50 , Power (kW) =0
Speed (Knots) = 51 , Power (kW) =0
Speed (Knots) = 52 , Power (kW) =0
Speed (Knots) = 53 , Power (kW) =0
Speed (Knots) = 54 , Power (kW) =0
Speed (Knots) = 55 , Power (kW) =0
Speed (Knots) = 56 , Power (kW) =0
Speed (Knots) = 57 , Power (kW) =0
Speed (Knots) = 58 , Power (kW) =0
Speed (Knots) = 59 , Power (kW) =0
Speed (Knots) = 60 , Power (kW) =0
The scale is 1.0
Wind power at 10 knots in kilowatts is 207.0
Wind power in-cut-out test 0.0
Fuzzy
Class name:edu.pitt.cs.people.guy.wind.benchmarks.Fuzzy5
Success: /Noise_Allowed_Time_Definitions_All_Stations.csv found.
The station is the record is KMSP
Success: /Noise_Allowed_Time_Definitions_All_Stations.csv found.
The station is the record is KMSP
I have found the membership file for NOT WINDY.
Windspeed (knots) [0,1), Membership Value =1.00000000,1.0
Windspeed (knots) [1,2), Membership Value =0.99996261,0.9999626
Windspeed (knots) [2,3), Membership Value =0.99943432,0.9994343
Windspeed (knots) [3,4), Membership Value =0.99690141,0.9969014
Windspeed (knots) [4,5), Membership Value =0.98964388,0.9896439
Windspeed (knots) [5,6), Membership Value =0.97415422,0.97415423
Windspeed (knots) [6,7), Membership Value =0.94700907,0.9470091
Windspeed (knots) [7,8), Membership Value =0.90469875,0.9046987
Windspeed (knots) [8,9), Membership Value =0.84617782,0.8461778
Windspeed (knots) [9,10), Membership Value =0.77179805,0.7717981
Windspeed (knots) [10,11), Membership Value =0.68340598,0.683406
Windspeed (knots) [11,12), Membership Value =0.58175701,0.581757
Windspeed (knots) [12,13), Membership Value =0.47518733,0.47518733
Windspeed (knots) [13,14), Membership Value =0.37199182,0.3719918
Windspeed (knots) [14,15), Membership Value =0.27014333,0.27014333
Windspeed (knots) [15,16), Membership Value =0.17485441,0.17485441
Windspeed (knots) [16,17), Membership Value =0.08835086,0.08835086
Windspeed (knots) [17,18), Membership Value =0.01405258,0.01405258
Windspeed (knots) [18,19), Membership Value =0.00000000,0.0
Windspeed (knots) [19,20), Membership Value =0.00000000,0.0
Windspeed (knots) [20,21), Membership Value =0.00000000,0.0
Windspeed (knots) [21,22), Membership Value =0.00000000,0.0
Windspeed (knots) [22,23), Membership Value =0.00000000,0.0
Windspeed (knots) [23,24), Membership Value =0.00000000,0.0
Windspeed (knots) [24,25), Membership Value =0.00000000,0.0
Windspeed (knots) [25,26), Membership Value =0.00000000,0.0
Windspeed (knots) [26,27), Membership Value =0.00000000,0.0
Windspeed (knots) [27,28), Membership Value =0.00000000,0.0
Windspeed (knots) [28,29), Membership Value =0.00000000,0.0
Windspeed (knots) [29,30), Membership Value =0.00000000,0.0
Windspeed (knots) [30,31), Membership Value =0.00000000,0.0
Windspeed (knots) [31,32), Membership Value =0.00000000,0.0
Windspeed (knots) [32,33), Membership Value =0.00000000,0.0
Windspeed (knots) [33,34), Membership Value =0.00000000,0.0
Windspeed (knots) [34,35), Membership Value =0.00000000,0.0
Windspeed (knots) [35,36), Membership Value =0.00000000,0.0
Windspeed (knots) [36,37), Membership Value =0.00000000,0.0
Windspeed (knots) [37,38), Membership Value =0.00000000,0.0
Windspeed (knots) [38,39), Membership Value =0.00000000,0.0
Windspeed (knots) [39,40), Membership Value =0.00000000,0.0
Windspeed (knots) [40,41), Membership Value =0.00000000,0.0
Windspeed (knots) [41,42), Membership Value =0.00000000,0.0
Windspeed (knots) [42,43), Membership Value =0.00000000,0.0
Windspeed (knots) [43,44), Membership Value =0.00000000,0.0
Windspeed (knots) [44,45), Membership Value =0.00000000,0.0
Windspeed (knots) [45,46), Membership Value =0.00000000,0.0
Windspeed (knots) [46,47), Membership Value =0.00000000,0.0
Windspeed (knots) [47,48), Membership Value =0.00000000,0.0
Windspeed (knots) [48,49), Membership Value =0.00000000,0.0
Windspeed (knots) [49,50), Membership Value =0.00000000,0.0
Windspeed (knots) [50,51), Membership Value =0.00000000,0.0
Windspeed (knots) [51,52), Membership Value =0.00000000,0.0
Windspeed (knots) [52,53), Membership Value =0.00000000,0.0
Windspeed (knots) [53,54), Membership Value =0.00000000,0.0
Windspeed (knots) [54,55), Membership Value =0.00000000,0.0
Windspeed (knots) [55,56), Membership Value =0.00000000,0.0
Windspeed (knots) [56,57), Membership Value =0.00000000,0.0
Windspeed (knots) [57,58), Membership Value =0.00000000,0.0
Windspeed (knots) [58,59), Membership Value =0.00000000,0.0
Windspeed (knots) [59,60), Membership Value =0.00000000,0.0
Windspeed (knots) [60,61), Membership Value =0.00000000,0.0
Windspeed (knots) [61,62), Membership Value =0.00000000,0.0
Windspeed (knots) [62,63), Membership Value =0.00000000,0.0
Windspeed (knots) [63,64), Membership Value =0.00000000,0.0
Windspeed (knots) [64,65), Membership Value =0.00000000,0.0
Windspeed (knots) [65,66), Membership Value =0.00000000,0.0
Windspeed (knots) [66,67), Membership Value =0.00000000,0.0
Windspeed (knots) [67,68), Membership Value =0.00000000,0.0
Windspeed (knots) [68,69), Membership Value =0.00000000,0.0
Windspeed (knots) [69,70), Membership Value =0.00000000,0.0
Windspeed (knots) [70,71), Membership Value =0.00000000,0.0
Windspeed (knots) [71,72), Membership Value =0.00000000,0.0
Windspeed (knots) [72,73), Membership Value =0.00000000,0.0
Windspeed (knots) [73,74), Membership Value =0.00000000,0.0
Windspeed (knots) [74,75), Membership Value =0.00000000,0.0
Windspeed (knots) [75,76), Membership Value =0.00000000,0.0
Windspeed (knots) [76,77), Membership Value =0.00000000,0.0
Windspeed (knots) [77,78), Membership Value =0.00000000,0.0
Windspeed (knots) [78,79), Membership Value =0.00000000,0.0
Windspeed (knots) [79,80), Membership Value =0.00000000,0.0
Windspeed (knots) [80,81), Membership Value =0.00000000,0.0
Windspeed (knots) [81,82), Membership Value =0.00000000,0.0
Windspeed (knots) [82,83), Membership Value =0.00000000,0.0
Windspeed (knots) [83,84), Membership Value =0.00000000,0.0
Windspeed (knots) [84,85), Membership Value =0.00000000,0.0
Windspeed (knots) [85,86), Membership Value =0.00000000,0.0
Windspeed (knots) [86,87), Membership Value =0.00000000,0.0
Windspeed (knots) [87,88), Membership Value =0.00000000,0.0
Windspeed (knots) [88,89), Membership Value =0.00000000,0.0
Windspeed (knots) [89,90), Membership Value =0.00000000,0.0
Windspeed (knots) [90,91), Membership Value =0.00000000,0.0
Windspeed (knots) [91,92), Membership Value =0.00000000,0.0
Windspeed (knots) [92,93), Membership Value =0.00000000,0.0
Windspeed (knots) [93,94), Membership Value =0.00000000,0.0
Windspeed (knots) [94,95), Membership Value =0.00000000,0.0
Windspeed (knots) [95,96), Membership Value =0.00000000,0.0
Windspeed (knots) [96,97), Membership Value =0.00000000,0.0
Windspeed (knots) [97,98), Membership Value =0.00000000,0.0
Windspeed (knots) [98,99), Membership Value =0.00000000,0.0
Windspeed (knots) [99,100), Membership Value =0.00000000,0.0
Windspeed (knots) [100,101), Membership Value =0.00000000,0.0
Windspeed (knots) [101,102), Membership Value =0.00000000,0.0
Windspeed (knots) [102,103), Membership Value =0.00000000,0.0
Windspeed (knots) [103,104), Membership Value =0.00000000,0.0
Windspeed (knots) [104,105), Membership Value =0.00000000,0.0
Windspeed (knots) [105,106), Membership Value =0.00000000,0.0
Windspeed (knots) [106,107), Membership Value =0.00000000,0.0
Windspeed (knots) [107,108), Membership Value =0.00000000,0.0
Windspeed (knots) [108,109), Membership Value =0.00000000,0.0
Windspeed (knots) [109,110), Membership Value =0.00000000,0.0
Windspeed (knots) [110,111), Membership Value =0.00000000,0.0
Windspeed (knots) [111,112), Membership Value =0.00000000,0.0
Windspeed (knots) [112,113), Membership Value =0.00000000,0.0
Windspeed (knots) [113,114), Membership Value =0.00000000,0.0
Windspeed (knots) [114,115), Membership Value =0.00000000,0.0
Windspeed (knots) [115,116), Membership Value =0.00000000,0.0
Windspeed (knots) [116,117), Membership Value =0.00000000,0.0
Windspeed (knots) [117,118), Membership Value =0.00000000,0.0
Windspeed (knots) [118,119), Membership Value =0.00000000,0.0
Windspeed (knots) [119,120), Membership Value =0.00000000,0.0
Windspeed (knots) [120,121), Membership Value =0.00000000,0.0
Windspeed (knots) [121,122), Membership Value =0.00000000,0.0
Windspeed (knots) [122,123), Membership Value =0.00000000,0.0
Windspeed (knots) [123,124), Membership Value =0.00000000,0.0
Windspeed (knots) [124,125), Membership Value =0.00000000,0.0
LowestWindspeedThatIsWindyKnots for station KMSP is 8 knots.
Transition limited :true
bUseWeatherPrediction: true
The running average is 1
The membership_value_deployment_threshold is 0.5
Energy harvested: 3260700.8755554426
iGeneratingEnergyWhenGridNeedsEnergyMinutes =556673
iGeneratingEnergyWhenGridNeedsEnergyMinutes =556673
iUsingEnergyWhenGridNeedsEnergyMinutes =1848
iGeneratingEnergyWhenGridHasExcessEnergyMinutes = 7589
iUsingEnergyWhenGridHasExcessEnergyMinutes = 5
iIdleWhenGridDoesNotNeedEnergyMinutes = 38486
iIdleWhenGridNeedsEnergyMinutes = 4128705
iEnergyPriceIsZeroMinutes = 240
harvester.getEnergyHarvestedAVAILABLEKilowattHours( ): 1.5343929966666667E7
harvester.getEnergyHarvestedKilowattHours(): 3260700.8755554426
The running average is 31
The membership_value_deployment_threshold is 0.5
Energy harvested: 3927650.668888735
iGeneratingEnergyWhenGridNeedsEnergyMinutes =579302
iGeneratingEnergyWhenGridNeedsEnergyMinutes =579302
iUsingEnergyWhenGridNeedsEnergyMinutes =1514
iGeneratingEnergyWhenGridHasExcessEnergyMinutes = 8281
iUsingEnergyWhenGridHasExcessEnergyMinutes = 21
iIdleWhenGridDoesNotNeedEnergyMinutes = 37778
iIdleWhenGridNeedsEnergyMinutes = 4106410
iEnergyPriceIsZeroMinutes = 240
harvester.getEnergyHarvestedAVAILABLEKilowattHours( ): 1.5343929966666667E7
harvester.getEnergyHarvestedKilowattHours(): 3927650.668888735
The running average is 61
The membership_value_deployment_threshold is 0.5
Energy harvested: 4007466.80777763
iGeneratingEnergyWhenGridNeedsEnergyMinutes =579821
iGeneratingEnergyWhenGridNeedsEnergyMinutes =579821
iUsingEnergyWhenGridNeedsEnergyMinutes =1439
iGeneratingEnergyWhenGridHasExcessEnergyMinutes = 8309
iUsingEnergyWhenGridHasExcessEnergyMinutes = 23
iIdleWhenGridDoesNotNeedEnergyMinutes = 37748
iIdleWhenGridNeedsEnergyMinutes = 4105966
iEnergyPriceIsZeroMinutes = 240
harvester.getEnergyHarvestedAVAILABLEKilowattHours( ): 1.5343929966666667E7
harvester.getEnergyHarvestedKilowattHours(): 4007466.80777763
The running average is 91
The membership_value_deployment_threshold is 0.5
Energy harvested: 3968321.8872220945
iGeneratingEnergyWhenGridNeedsEnergyMinutes =574039
iGeneratingEnergyWhenGridNeedsEnergyMinutes =574039
iUsingEnergyWhenGridNeedsEnergyMinutes =1415
iGeneratingEnergyWhenGridHasExcessEnergyMinutes = 8117
iUsingEnergyWhenGridHasExcessEnergyMinutes = 5
iIdleWhenGridDoesNotNeedEnergyMinutes = 37958
iIdleWhenGridNeedsEnergyMinutes = 4111772
iEnergyPriceIsZeroMinutes = 240
harvester.getEnergyHarvestedAVAILABLEKilowattHours( ): 1.5343929966666667E7
harvester.getEnergyHarvestedKilowattHours(): 3968321.8872220945
The running average is 121
The membership_value_deployment_threshold is 0.5
Energy harvested: 4051789.070555429
iGeneratingEnergyWhenGridNeedsEnergyMinutes =572223
iGeneratingEnergyWhenGridNeedsEnergyMinutes =572223
iUsingEnergyWhenGridNeedsEnergyMinutes =1299
iGeneratingEnergyWhenGridHasExcessEnergyMinutes = 8155
iUsingEnergyWhenGridHasExcessEnergyMinutes = 5
iIdleWhenGridDoesNotNeedEnergyMinutes = 37920
iIdleWhenGridNeedsEnergyMinutes = 4113704
iEnergyPriceIsZeroMinutes = 240
harvester.getEnergyHarvestedAVAILABLEKilowattHours( ): 1.5343929966666667E7
harvester.getEnergyHarvestedKilowattHours(): 4051789.070555429
Beginning testing mode:
station,&,deployment_membership_value_threshold_array_for_month_1,&,running_average_size_minutes_for_month_1,&,deployment_membership_value_threshold_array_for_month_2,&,running_average_size_minutes_for_month_2,&,deployment_membership_value_threshold_array_for_month_3,&,running_average_size_minutes_for_month_3,&,deployment_membership_value_threshold_array_for_month_4,&,running_average_size_minutes_for_month_4,&,deployment_membership_value_threshold_array_for_month_5,&,running_average_size_minutes_for_month_5,&,deployment_membership_value_threshold_array_for_month_6,&,running_average_size_minutes_for_month_6,&,deployment_membership_value_threshold_array_for_month_7,&,running_average_size_minutes_for_month_7,&,deployment_membership_value_threshold_array_for_month_8,&,running_average_size_minutes_for_month_8,&,deployment_membership_value_threshold_array_for_month_9,&,running_average_size_minutes_for_month_9,&,deployment_membership_value_threshold_array_for_month_10,&,running_average_size_minutes_for_month_10,&,deployment_membership_value_threshold_array_for_month_11,&,running_average_size_minutes_for_month_11,&,deployment_membership_value_threshold_array_for_month_12,&,running_average_size_minutes_for_month_12,&,dNetNorm,&,dMarketBalancePercentage,&,dMarketNetNorm,
results: KMSP,&,0.5,&,1,&,0.5,&,31,&,0.5,&,31,&,0.5,&,121,&,0.5,&,1,&,0.5,&,31,&,0.5,&,31,&,0.5,&,31,&,0.5,&,1,&,0.5,&,61,&,0.5,&,121,&,0.5,&,31,&,0.2028519287876653,&,0.8994151251360174,&,0.18244809291464048
monthly visible minutes:KMSP,&,2013,&,8672,&,8672,&,8672,&,8672,&,8672,&,8672,&,8672,&,8672,&,8672,&,8672,&,8672,&,8672,&,
monthly visible minutes:KMSP,&,2014,&,8672,&,8672,&,8672,&,8672,&,8672,&,8672,&,8672,&,8672,&,8672,&,8672,&,8672,&,8672,&,
monthly minutes harvester between states:KMSP,&,2013,&,38,&,38,&,38,&,38,&,38,&,38,&,38,&,38,&,38,&,38,&,38,&,38,&,
monthly minutes harvester between states:KMSP,&,2014,&,38,&,38,&,38,&,38,&,38,&,38,&,38,&,38,&,38,&,38,&,38,&,38,&,
FuzzyVsCrisp: KMSP,1,true,true
station,&,deployment_membership_value_threshold_array_for_month_1,&,running_average_size_minutes_for_month_1,&,deployment_membership_value_threshold_array_for_month_2,&,running_average_size_minutes_for_month_2,&,deployment_membership_value_threshold_array_for_month_3,&,running_average_size_minutes_for_month_3,&,deployment_membership_value_threshold_array_for_month_4,&,running_average_size_minutes_for_month_4,&,deployment_membership_value_threshold_array_for_month_5,&,running_average_size_minutes_for_month_5,&,deployment_membership_value_threshold_array_for_month_6,&,running_average_size_minutes_for_month_6,&,deployment_membership_value_threshold_array_for_month_7,&,running_average_size_minutes_for_month_7,&,deployment_membership_value_threshold_array_for_month_8,&,running_average_size_minutes_for_month_8,&,deployment_membership_value_threshold_array_for_month_9,&,running_average_size_minutes_for_month_9,&,deployment_membership_value_threshold_array_for_month_10,&,running_average_size_minutes_for_month_10,&,deployment_membership_value_threshold_array_for_month_11,&,running_average_size_minutes_for_month_11,&,deployment_membership_value_threshold_array_for_month_12,&,running_average_size_minutes_for_month_12,&,dNetNorm,&,dMarketBalancePercentage,&,dMarketNetNorm,
results: KMSP,&,0.5,&,1,&,0.5,&,31,&,0.5,&,31,&,0.5,&,121,&,0.5,&,1,&,0.5,&,31,&,0.5,&,31,&,0.5,&,31,&,0.5,&,1,&,0.5,&,61,&,0.5,&,121,&,0.5,&,31,&,0.2028519287876653,&,0.8994151251360174,&,0.18244809291464048
monthly visible minutes:KMSP,&,2013,&,8672,&,8672,&,8672,&,8672,&,8672,&,8672,&,8672,&,8672,&,8672,&,8672,&,8672,&,8672,&,
monthly visible minutes:KMSP,&,2014,&,8672,&,8672,&,8672,&,8672,&,8672,&,8672,&,8672,&,8672,&,8672,&,8672,&,8672,&,8672,&,
monthly minutes harvester between states:KMSP,&,2013,&,38,&,38,&,38,&,38,&,38,&,38,&,38,&,38,&,38,&,38,&,38,&,38,&,
monthly minutes harvester between states:KMSP,&,2014,&,38,&,38,&,38,&,38,&,38,&,38,&,38,&,38,&,38,&,38,&,38,&,38,&,
FuzzyVsCrisp: KMSP,1,true,true
Station: KORD
abc: The current path is /home/guy/retractable-wind
I have found the property file.
The training windspeed filename is /trainingKORD2004-2012in.csv
The testing windspeed filename is /testingKORD2013-2014in.csv
Yes, the station is KORD
Warning: The bAlsoUsePrediction no longer has any effect
iUsedAllItsAllocatedVisibilityMinutesPerMonth: 8760
Visibility Allocation Minutes:8760
HARVESTER_SIZE_SQM is 6362
Reading file
Success: /Wind turbine power curves - wind turbine power output against wind speed in knots.csv found.
Speed (Knots) = Speed(knots) vs power (kW) , Power (kW) =V90
Speed (Knots) = 0 , Power (kW) =0
Speed (Knots) = 1 , Power (kW) =0
Speed (Knots) = 2 , Power (kW) =0
Speed (Knots) = 3 , Power (kW) =0
Speed (Knots) = 4 , Power (kW) =0
Speed (Knots) = 5 , Power (kW) =0
Speed (Knots) = 6 , Power (kW) =0
Speed (Knots) = 7 , Power (kW) =38
Speed (Knots) = 8 , Power (kW) =87
Speed (Knots) = 9 , Power (kW) =141
Speed (Knots) = 10 , Power (kW) =207
Speed (Knots) = 11 , Power (kW) =286
Speed (Knots) = 12 , Power (kW) =382
Speed (Knots) = 13 , Power (kW) =496
Speed (Knots) = 14 , Power (kW) =628
Speed (Knots) = 15 , Power (kW) =781
Speed (Knots) = 16 , Power (kW) =957
Speed (Knots) = 17 , Power (kW) =1153
Speed (Knots) = 18 , Power (kW) =1366
Speed (Knots) = 19 , Power (kW) =1589
Speed (Knots) = 20 , Power (kW) =1814
Speed (Knots) = 21 , Power (kW) =2035
Speed (Knots) = 22 , Power (kW) =2250
Speed (Knots) = 23 , Power (kW) =2452
Speed (Knots) = 24 , Power (kW) =2634
Speed (Knots) = 25 , Power (kW) =2784
Speed (Knots) = 26 , Power (kW) =2888
Speed (Knots) = 27 , Power (kW) =2949
Speed (Knots) = 28 , Power (kW) =2980
Speed (Knots) = 29 , Power (kW) =2993
Speed (Knots) = 30 , Power (kW) =3000
Speed (Knots) = 31 , Power (kW) =3000
Speed (Knots) = 32 , Power (kW) =3000
Speed (Knots) = 33 , Power (kW) =3000
Speed (Knots) = 34 , Power (kW) =3000
Speed (Knots) = 35 , Power (kW) =3000
Speed (Knots) = 36 , Power (kW) =3000
Speed (Knots) = 37 , Power (kW) =3000
Speed (Knots) = 38 , Power (kW) =3000
Speed (Knots) = 39 , Power (kW) =3000
Speed (Knots) = 40 , Power (kW) =3000
Speed (Knots) = 41 , Power (kW) =3000
Speed (Knots) = 42 , Power (kW) =3000
Speed (Knots) = 43 , Power (kW) =3000
Speed (Knots) = 44 , Power (kW) =3000
Speed (Knots) = 45 , Power (kW) =3000
Speed (Knots) = 46 , Power (kW) =3000
Speed (Knots) = 47 , Power (kW) =3000
Speed (Knots) = 48 , Power (kW) =3000
Speed (Knots) = 49 , Power (kW) =0
Speed (Knots) = 50 , Power (kW) =0
Speed (Knots) = 51 , Power (kW) =0
Speed (Knots) = 52 , Power (kW) =0
Speed (Knots) = 53 , Power (kW) =0
Speed (Knots) = 54 , Power (kW) =0
Speed (Knots) = 55 , Power (kW) =0
Speed (Knots) = 56 , Power (kW) =0
Speed (Knots) = 57 , Power (kW) =0
Speed (Knots) = 58 , Power (kW) =0
Speed (Knots) = 59 , Power (kW) =0
Speed (Knots) = 60 , Power (kW) =0
The scale is 1.0
Wind power at 10 knots in kilowatts is 207.0
Wind power in-cut-out test 0.0
Fuzzy
Class name:edu.pitt.cs.people.guy.wind.benchmarks.Fuzzy5
Success: /Noise_Allowed_Time_Definitions_All_Stations.csv found.
The station is the record is KORD
Success: /Noise_Allowed_Time_Definitions_All_Stations.csv found.
The station is the record is KORD
I have found the membership file for NOT WINDY.
Windspeed (knots) [0,1), Membership Value =1.00000000,1.0
Windspeed (knots) [1,2), Membership Value =0.99997533,0.9999753
Windspeed (knots) [2,3), Membership Value =0.99960506,0.99960506
Windspeed (knots) [3,4), Membership Value =0.99771125,0.99771124
Windspeed (knots) [4,5), Membership Value =0.99179612,0.99179614
Windspeed (knots) [5,6), Membership Value =0.97771872,0.9777187
Windspeed (knots) [6,7), Membership Value =0.95321127,0.95321125
Windspeed (knots) [7,8), Membership Value =0.91504208,0.9150421
Windspeed (knots) [8,9), Membership Value =0.86135187,0.86135185
Windspeed (knots) [9,10), Membership Value =0.79135992,0.7913599
Windspeed (knots) [10,11), Membership Value =0.70759926,0.7075993
Windspeed (knots) [11,12), Membership Value =0.61289660,0.6128966
Windspeed (knots) [12,13), Membership Value =0.51111605,0.511116
Windspeed (knots) [13,14), Membership Value =0.41162103,0.41162103
Windspeed (knots) [14,15), Membership Value =0.31438982,0.31438982
Windspeed (knots) [15,16), Membership Value =0.22247083,0.22247083
Windspeed (knots) [16,17), Membership Value =0.13821041,0.13821042
Windspeed (knots) [17,18), Membership Value =0.06188268,0.06188268
Windspeed (knots) [18,19), Membership Value =0.00000000,0.0
Windspeed (knots) [19,20), Membership Value =0.00000000,0.0
Windspeed (knots) [20,21), Membership Value =0.00000000,0.0
Windspeed (knots) [21,22), Membership Value =0.00000000,0.0
Windspeed (knots) [22,23), Membership Value =0.00000000,0.0
Windspeed (knots) [23,24), Membership Value =0.00000000,0.0
Windspeed (knots) [24,25), Membership Value =0.00000000,0.0
Windspeed (knots) [25,26), Membership Value =0.00000000,0.0
Windspeed (knots) [26,27), Membership Value =0.00000000,0.0
Windspeed (knots) [27,28), Membership Value =0.00000000,0.0
Windspeed (knots) [28,29), Membership Value =0.00000000,0.0
Windspeed (knots) [29,30), Membership Value =0.00000000,0.0
Windspeed (knots) [30,31), Membership Value =0.00000000,0.0
Windspeed (knots) [31,32), Membership Value =0.00000000,0.0
Windspeed (knots) [32,33), Membership Value =0.00000000,0.0
Windspeed (knots) [33,34), Membership Value =0.00000000,0.0
Windspeed (knots) [34,35), Membership Value =0.00000000,0.0
Windspeed (knots) [35,36), Membership Value =0.00000000,0.0
Windspeed (knots) [36,37), Membership Value =0.00000000,0.0
Windspeed (knots) [37,38), Membership Value =0.00000000,0.0
Windspeed (knots) [38,39), Membership Value =0.00000000,0.0
Windspeed (knots) [39,40), Membership Value =0.00000000,0.0
Windspeed (knots) [40,41), Membership Value =0.00000000,0.0
Windspeed (knots) [41,42), Membership Value =0.00000000,0.0
Windspeed (knots) [42,43), Membership Value =0.00000000,0.0
Windspeed (knots) [43,44), Membership Value =0.00000000,0.0
Windspeed (knots) [44,45), Membership Value =0.00000000,0.0
Windspeed (knots) [45,46), Membership Value =0.00000000,0.0
Windspeed (knots) [46,47), Membership Value =0.00000000,0.0
Windspeed (knots) [47,48), Membership Value =0.00000000,0.0
Windspeed (knots) [48,49), Membership Value =0.00000000,0.0
Windspeed (knots) [49,50), Membership Value =0.00000000,0.0
Windspeed (knots) [50,51), Membership Value =0.00000000,0.0
Windspeed (knots) [51,52), Membership Value =0.00000000,0.0
Windspeed (knots) [52,53), Membership Value =0.00000000,0.0
Windspeed (knots) [53,54), Membership Value =0.00000000,0.0
Windspeed (knots) [54,55), Membership Value =0.00000000,0.0
Windspeed (knots) [55,56), Membership Value =0.00000000,0.0
Windspeed (knots) [56,57), Membership Value =0.00000000,0.0
Windspeed (knots) [57,58), Membership Value =0.00000000,0.0
Windspeed (knots) [58,59), Membership Value =0.00000000,0.0
Windspeed (knots) [59,60), Membership Value =0.00000000,0.0
Windspeed (knots) [60,61), Membership Value =0.00000000,0.0
Windspeed (knots) [61,62), Membership Value =0.00000000,0.0
Windspeed (knots) [62,63), Membership Value =0.00000000,0.0
Windspeed (knots) [63,64), Membership Value =0.00000000,0.0
Windspeed (knots) [64,65), Membership Value =0.00000000,0.0
Windspeed (knots) [65,66), Membership Value =0.00000000,0.0
Windspeed (knots) [66,67), Membership Value =0.00000000,0.0
Windspeed (knots) [67,68), Membership Value =0.00000000,0.0
Windspeed (knots) [68,69), Membership Value =0.00000000,0.0
Windspeed (knots) [69,70), Membership Value =0.00000000,0.0
Windspeed (knots) [70,71), Membership Value =0.00000000,0.0
Windspeed (knots) [71,72), Membership Value =0.00000000,0.0
Windspeed (knots) [72,73), Membership Value =0.00000000,0.0
Windspeed (knots) [73,74), Membership Value =0.00000000,0.0
Windspeed (knots) [74,75), Membership Value =0.00000000,0.0
Windspeed (knots) [75,76), Membership Value =0.00000000,0.0
Windspeed (knots) [76,77), Membership Value =0.00000000,0.0
Windspeed (knots) [77,78), Membership Value =0.00000000,0.0
Windspeed (knots) [78,79), Membership Value =0.00000000,0.0
Windspeed (knots) [79,80), Membership Value =0.00000000,0.0
Windspeed (knots) [80,81), Membership Value =0.00000000,0.0
Windspeed (knots) [81,82), Membership Value =0.00000000,0.0
Windspeed (knots) [82,83), Membership Value =0.00000000,0.0
Windspeed (knots) [83,84), Membership Value =0.00000000,0.0
Windspeed (knots) [84,85), Membership Value =0.00000000,0.0
Windspeed (knots) [85,86), Membership Value =0.00000000,0.0
Windspeed (knots) [86,87), Membership Value =0.00000000,0.0
Windspeed (knots) [87,88), Membership Value =0.00000000,0.0
Windspeed (knots) [88,89), Membership Value =0.00000000,0.0
Windspeed (knots) [89,90), Membership Value =0.00000000,0.0
Windspeed (knots) [90,91), Membership Value =0.00000000,0.0
Windspeed (knots) [91,92), Membership Value =0.00000000,0.0
Windspeed (knots) [92,93), Membership Value =0.00000000,0.0
Windspeed (knots) [93,94), Membership Value =0.00000000,0.0
Windspeed (knots) [94,95), Membership Value =0.00000000,0.0
Windspeed (knots) [95,96), Membership Value =0.00000000,0.0
Windspeed (knots) [96,97), Membership Value =0.00000000,0.0
Windspeed (knots) [97,98), Membership Value =0.00000000,0.0
Windspeed (knots) [98,99), Membership Value =0.00000000,0.0
Windspeed (knots) [99,100), Membership Value =0.00000000,0.0
Windspeed (knots) [100,101), Membership Value =0.00000000,0.0
Windspeed (knots) [101,102), Membership Value =0.00000000,0.0
Windspeed (knots) [102,103), Membership Value =0.00000000,0.0
Windspeed (knots) [103,104), Membership Value =0.00000000,0.0
Windspeed (knots) [104,105), Membership Value =0.00000000,0.0
Windspeed (knots) [105,106), Membership Value =0.00000000,0.0
Windspeed (knots) [106,107), Membership Value =0.00000000,0.0
Windspeed (knots) [107,108), Membership Value =0.00000000,0.0
Windspeed (knots) [108,109), Membership Value =0.00000000,0.0
Windspeed (knots) [109,110), Membership Value =0.00000000,0.0
Windspeed (knots) [110,111), Membership Value =0.00000000,0.0
Windspeed (knots) [111,112), Membership Value =0.00000000,0.0
Windspeed (knots) [112,113), Membership Value =0.00000000,0.0
Windspeed (knots) [113,114), Membership Value =0.00000000,0.0
Windspeed (knots) [114,115), Membership Value =0.00000000,0.0
Windspeed (knots) [115,116), Membership Value =0.00000000,0.0
Windspeed (knots) [116,117), Membership Value =0.00000000,0.0
Windspeed (knots) [117,118), Membership Value =0.00000000,0.0
Windspeed (knots) [118,119), Membership Value =0.00000000,0.0
Windspeed (knots) [119,120), Membership Value =0.00000000,0.0
Windspeed (knots) [120,121), Membership Value =0.00000000,0.0
Windspeed (knots) [121,122), Membership Value =0.00000000,0.0
Windspeed (knots) [122,123), Membership Value =0.00000000,0.0
Windspeed (knots) [123,124), Membership Value =0.00000000,0.0
Windspeed (knots) [124,125), Membership Value =0.00000000,0.0
LowestWindspeedThatIsWindyKnots for station KORD is 8 knots.
Transition limited :true
bUseWeatherPrediction: true
The running average is 1
The membership_value_deployment_threshold is 0.5
Energy harvested: 3788053.463888715
iGeneratingEnergyWhenGridNeedsEnergyMinutes =584903
iGeneratingEnergyWhenGridNeedsEnergyMinutes =584903
iUsingEnergyWhenGridNeedsEnergyMinutes =1728
iGeneratingEnergyWhenGridHasExcessEnergyMinutes = 6206
iUsingEnergyWhenGridHasExcessEnergyMinutes = 57
iIdleWhenGridDoesNotNeedEnergyMinutes = 39817
iIdleWhenGridNeedsEnergyMinutes = 4101733
iEnergyPriceIsZeroMinutes = 240
harvester.getEnergyHarvestedAVAILABLEKilowattHours( ): 1.7193785366666667E7
harvester.getEnergyHarvestedKilowattHours(): 3788053.463888715
The running average is 31
The membership_value_deployment_threshold is 0.5
Energy harvested: 4328561.325555416
iGeneratingEnergyWhenGridNeedsEnergyMinutes =599515
iGeneratingEnergyWhenGridNeedsEnergyMinutes =599515
iUsingEnergyWhenGridNeedsEnergyMinutes =1399
iGeneratingEnergyWhenGridHasExcessEnergyMinutes = 4867
iUsingEnergyWhenGridHasExcessEnergyMinutes = 0
iIdleWhenGridDoesNotNeedEnergyMinutes = 41213
iIdleWhenGridNeedsEnergyMinutes = 4087450
iEnergyPriceIsZeroMinutes = 240
harvester.getEnergyHarvestedAVAILABLEKilowattHours( ): 1.7193785366666667E7
harvester.getEnergyHarvestedKilowattHours(): 4328561.325555416
The running average is 61
The membership_value_deployment_threshold is 0.5
Energy harvested: 4440134.3758331975
iGeneratingEnergyWhenGridNeedsEnergyMinutes =593959
iGeneratingEnergyWhenGridNeedsEnergyMinutes =593959
iUsingEnergyWhenGridNeedsEnergyMinutes =1227
iGeneratingEnergyWhenGridHasExcessEnergyMinutes = 5523
iUsingEnergyWhenGridHasExcessEnergyMinutes = 11
iIdleWhenGridDoesNotNeedEnergyMinutes = 40546
iIdleWhenGridNeedsEnergyMinutes = 4093178
iEnergyPriceIsZeroMinutes = 240
harvester.getEnergyHarvestedAVAILABLEKilowattHours( ): 1.7193785366666667E7
harvester.getEnergyHarvestedKilowattHours(): 4440134.3758331975
The running average is 91
The membership_value_deployment_threshold is 0.5
Energy harvested: 4425574.4847221
iGeneratingEnergyWhenGridNeedsEnergyMinutes =596601
iGeneratingEnergyWhenGridNeedsEnergyMinutes =596601
iUsingEnergyWhenGridNeedsEnergyMinutes =1264
iGeneratingEnergyWhenGridHasExcessEnergyMinutes = 5414
iUsingEnergyWhenGridHasExcessEnergyMinutes = 0
iIdleWhenGridDoesNotNeedEnergyMinutes = 40666
iIdleWhenGridNeedsEnergyMinutes = 4090499
iEnergyPriceIsZeroMinutes = 240
harvester.getEnergyHarvestedAVAILABLEKilowattHours( ): 1.7193785366666667E7
harvester.getEnergyHarvestedKilowattHours(): 4425574.4847221
The running average is 121
The membership_value_deployment_threshold is 0.5
Energy harvested: 4468126.869999882
iGeneratingEnergyWhenGridNeedsEnergyMinutes =595190
iGeneratingEnergyWhenGridNeedsEnergyMinutes =595190
iUsingEnergyWhenGridNeedsEnergyMinutes =1257
iGeneratingEnergyWhenGridHasExcessEnergyMinutes = 5654
iUsingEnergyWhenGridHasExcessEnergyMinutes = 0
iIdleWhenGridDoesNotNeedEnergyMinutes = 40426
iIdleWhenGridNeedsEnergyMinutes = 4091917
iEnergyPriceIsZeroMinutes = 240
harvester.getEnergyHarvestedAVAILABLEKilowattHours( ): 1.7193785366666667E7
harvester.getEnergyHarvestedKilowattHours(): 4468126.869999882
Beginning testing mode:
station,&,deployment_membership_value_threshold_array_for_month_1,&,running_average_size_minutes_for_month_1,&,deployment_membership_value_threshold_array_for_month_2,&,running_average_size_minutes_for_month_2,&,deployment_membership_value_threshold_array_for_month_3,&,running_average_size_minutes_for_month_3,&,deployment_membership_value_threshold_array_for_month_4,&,running_average_size_minutes_for_month_4,&,deployment_membership_value_threshold_array_for_month_5,&,running_average_size_minutes_for_month_5,&,deployment_membership_value_threshold_array_for_month_6,&,running_average_size_minutes_for_month_6,&,deployment_membership_value_threshold_array_for_month_7,&,running_average_size_minutes_for_month_7,&,deployment_membership_value_threshold_array_for_month_8,&,running_average_size_minutes_for_month_8,&,deployment_membership_value_threshold_array_for_month_9,&,running_average_size_minutes_for_month_9,&,deployment_membership_value_threshold_array_for_month_10,&,running_average_size_minutes_for_month_10,&,deployment_membership_value_threshold_array_for_month_11,&,running_average_size_minutes_for_month_11,&,deployment_membership_value_threshold_array_for_month_12,&,running_average_size_minutes_for_month_12,&,dNetNorm,&,dMarketBalancePercentage,&,dMarketNetNorm,
results: KORD,&,0.5,&,121,&,0.5,&,31,&,0.5,&,61,&,0.5,&,1,&,0.5,&,91,&,0.5,&,1,&,0.5,&,31,&,0.5,&,31,&,0.5,&,1,&,0.5,&,121,&,0.5,&,121,&,0.5,&,61,&,0.2529274770815655,&,0.8805824641762867,&,0.22272350102637622
monthly visible minutes:KORD,&,2013,&,8672,&,8672,&,8672,&,8672,&,8672,&,8672,&,8672,&,8672,&,8672,&,8672,&,8672,&,8672,&,
monthly visible minutes:KORD,&,2014,&,8672,&,8672,&,8672,&,8672,&,8672,&,8672,&,8672,&,8672,&,8672,&,8672,&,8672,&,8672,&,
monthly minutes harvester between states:KORD,&,2013,&,38,&,38,&,38,&,38,&,38,&,38,&,38,&,38,&,38,&,38,&,38,&,38,&,
monthly minutes harvester between states:KORD,&,2014,&,38,&,38,&,38,&,38,&,38,&,38,&,38,&,38,&,38,&,38,&,38,&,38,&,
FuzzyVsCrisp: KORD,1,true,true
station,&,deployment_membership_value_threshold_array_for_month_1,&,running_average_size_minutes_for_month_1,&,deployment_membership_value_threshold_array_for_month_2,&,running_average_size_minutes_for_month_2,&,deployment_membership_value_threshold_array_for_month_3,&,running_average_size_minutes_for_month_3,&,deployment_membership_value_threshold_array_for_month_4,&,running_average_size_minutes_for_month_4,&,deployment_membership_value_threshold_array_for_month_5,&,running_average_size_minutes_for_month_5,&,deployment_membership_value_threshold_array_for_month_6,&,running_average_size_minutes_for_month_6,&,deployment_membership_value_threshold_array_for_month_7,&,running_average_size_minutes_for_month_7,&,deployment_membership_value_threshold_array_for_month_8,&,running_average_size_minutes_for_month_8,&,deployment_membership_value_threshold_array_for_month_9,&,running_average_size_minutes_for_month_9,&,deployment_membership_value_threshold_array_for_month_10,&,running_average_size_minutes_for_month_10,&,deployment_membership_value_threshold_array_for_month_11,&,running_average_size_minutes_for_month_11,&,deployment_membership_value_threshold_array_for_month_12,&,running_average_size_minutes_for_month_12,&,dNetNorm,&,dMarketBalancePercentage,&,dMarketNetNorm,
results: KORD,&,0.5,&,121,&,0.5,&,31,&,0.5,&,61,&,0.5,&,1,&,0.5,&,91,&,0.5,&,1,&,0.5,&,31,&,0.5,&,31,&,0.5,&,1,&,0.5,&,121,&,0.5,&,121,&,0.5,&,61,&,0.2529274770815655,&,0.8805824641762867,&,0.22272350102637622
monthly visible minutes:KORD,&,2013,&,8672,&,8672,&,8672,&,8672,&,8672,&,8672,&,8672,&,8672,&,8672,&,8672,&,8672,&,8672,&,
monthly visible minutes:KORD,&,2014,&,8672,&,8672,&,8672,&,8672,&,8672,&,8672,&,8672,&,8672,&,8672,&,8672,&,8672,&,8672,&,
monthly minutes harvester between states:KORD,&,2013,&,38,&,38,&,38,&,38,&,38,&,38,&,38,&,38,&,38,&,38,&,38,&,38,&,
monthly minutes harvester between states:KORD,&,2014,&,38,&,38,&,38,&,38,&,38,&,38,&,38,&,38,&,38,&,38,&,38,&,38,&,
FuzzyVsCrisp: KORD,1,true,true
Station: KPHL
abc: The current path is /home/guy/retractable-wind
I have found the property file.
The training windspeed filename is /trainingKPHL2004-2012in.csv
The testing windspeed filename is /testingKPHL2013-2014in.csv
Yes, the station is KPHL
Warning: The bAlsoUsePrediction no longer has any effect
iUsedAllItsAllocatedVisibilityMinutesPerMonth: 8760
Visibility Allocation Minutes:8760
HARVESTER_SIZE_SQM is 6362
Reading file
Success: /Wind turbine power curves - wind turbine power output against wind speed in knots.csv found.
Speed (Knots) = Speed(knots) vs power (kW) , Power (kW) =V90
Speed (Knots) = 0 , Power (kW) =0
Speed (Knots) = 1 , Power (kW) =0
Speed (Knots) = 2 , Power (kW) =0
Speed (Knots) = 3 , Power (kW) =0
Speed (Knots) = 4 , Power (kW) =0
Speed (Knots) = 5 , Power (kW) =0
Speed (Knots) = 6 , Power (kW) =0
Speed (Knots) = 7 , Power (kW) =38
Speed (Knots) = 8 , Power (kW) =87
Speed (Knots) = 9 , Power (kW) =141
Speed (Knots) = 10 , Power (kW) =207
Speed (Knots) = 11 , Power (kW) =286
Speed (Knots) = 12 , Power (kW) =382
Speed (Knots) = 13 , Power (kW) =496
Speed (Knots) = 14 , Power (kW) =628
Speed (Knots) = 15 , Power (kW) =781
Speed (Knots) = 16 , Power (kW) =957
Speed (Knots) = 17 , Power (kW) =1153
Speed (Knots) = 18 , Power (kW) =1366
Speed (Knots) = 19 , Power (kW) =1589
Speed (Knots) = 20 , Power (kW) =1814
Speed (Knots) = 21 , Power (kW) =2035
Speed (Knots) = 22 , Power (kW) =2250
Speed (Knots) = 23 , Power (kW) =2452
Speed (Knots) = 24 , Power (kW) =2634
Speed (Knots) = 25 , Power (kW) =2784
Speed (Knots) = 26 , Power (kW) =2888
Speed (Knots) = 27 , Power (kW) =2949
Speed (Knots) = 28 , Power (kW) =2980
Speed (Knots) = 29 , Power (kW) =2993
Speed (Knots) = 30 , Power (kW) =3000
Speed (Knots) = 31 , Power (kW) =3000
Speed (Knots) = 32 , Power (kW) =3000
Speed (Knots) = 33 , Power (kW) =3000
Speed (Knots) = 34 , Power (kW) =3000
Speed (Knots) = 35 , Power (kW) =3000
Speed (Knots) = 36 , Power (kW) =3000
Speed (Knots) = 37 , Power (kW) =3000
Speed (Knots) = 38 , Power (kW) =3000
Speed (Knots) = 39 , Power (kW) =3000
Speed (Knots) = 40 , Power (kW) =3000
Speed (Knots) = 41 , Power (kW) =3000
Speed (Knots) = 42 , Power (kW) =3000
Speed (Knots) = 43 , Power (kW) =3000
Speed (Knots) = 44 , Power (kW) =3000
Speed (Knots) = 45 , Power (kW) =3000
Speed (Knots) = 46 , Power (kW) =3000
Speed (Knots) = 47 , Power (kW) =3000
Speed (Knots) = 48 , Power (kW) =3000
Speed (Knots) = 49 , Power (kW) =0
Speed (Knots) = 50 , Power (kW) =0
Speed (Knots) = 51 , Power (kW) =0
Speed (Knots) = 52 , Power (kW) =0
Speed (Knots) = 53 , Power (kW) =0
Speed (Knots) = 54 , Power (kW) =0
Speed (Knots) = 55 , Power (kW) =0
Speed (Knots) = 56 , Power (kW) =0
Speed (Knots) = 57 , Power (kW) =0
Speed (Knots) = 58 , Power (kW) =0
Speed (Knots) = 59 , Power (kW) =0
Speed (Knots) = 60 , Power (kW) =0
The scale is 1.0
Wind power at 10 knots in kilowatts is 207.0
Wind power in-cut-out test 0.0
Fuzzy
Class name:edu.pitt.cs.people.guy.wind.benchmarks.Fuzzy5
Success: /Noise_Allowed_Time_Definitions_All_Stations.csv found.
The station is the record is KPHL
Success: /Noise_Allowed_Time_Definitions_All_Stations.csv found.
The station is the record is KPHL
I have found the membership file for NOT WINDY.
Windspeed (knots) [0,1), Membership Value =1.00000000,1.0
Windspeed (knots) [1,2), Membership Value =0.99997352,0.99997354
Windspeed (knots) [2,3), Membership Value =0.99956678,0.9995668
Windspeed (knots) [3,4), Membership Value =0.99747780,0.9974778
Windspeed (knots) [4,5), Membership Value =0.99096298,0.990963
Windspeed (knots) [5,6), Membership Value =0.97618897,0.97618896
Windspeed (knots) [6,7), Membership Value =0.94988473,0.9498847
Windspeed (knots) [7,8), Membership Value =0.91036394,0.9103639
Windspeed (knots) [8,9), Membership Value =0.85486817,0.8548682
Windspeed (knots) [9,10), Membership Value =0.78422207,0.78422207
Windspeed (knots) [10,11), Membership Value =0.70316518,0.7031652
Windspeed (knots) [11,12), Membership Value =0.61778189,0.6177819
Windspeed (knots) [12,13), Membership Value =0.52900270,0.5290027
Windspeed (knots) [13,14), Membership Value =0.43975275,0.43975276
Windspeed (knots) [14,15), Membership Value =0.35215236,0.35215235
Windspeed (knots) [15,16), Membership Value =0.26714747,0.26714748
Windspeed (knots) [16,17), Membership Value =0.18851818,0.18851818
Windspeed (knots) [17,18), Membership Value =0.11670629,0.11670629
Windspeed (knots) [18,19), Membership Value =0.05307307,0.05307307
Windspeed (knots) [19,20), Membership Value =0.00000000,0.0
Windspeed (knots) [20,21), Membership Value =0.00000000,0.0
Windspeed (knots) [21,22), Membership Value =0.00000000,0.0
Windspeed (knots) [22,23), Membership Value =0.00000000,0.0
Windspeed (knots) [23,24), Membership Value =0.00000000,0.0
Windspeed (knots) [24,25), Membership Value =0.00000000,0.0
Windspeed (knots) [25,26), Membership Value =0.00000000,0.0
Windspeed (knots) [26,27), Membership Value =0.00000000,0.0
Windspeed (knots) [27,28), Membership Value =0.00000000,0.0
Windspeed (knots) [28,29), Membership Value =0.00000000,0.0
Windspeed (knots) [29,30), Membership Value =0.00000000,0.0
Windspeed (knots) [30,31), Membership Value =0.00000000,0.0
Windspeed (knots) [31,32), Membership Value =0.00000000,0.0
Windspeed (knots) [32,33), Membership Value =0.00000000,0.0
Windspeed (knots) [33,34), Membership Value =0.00000000,0.0
Windspeed (knots) [34,35), Membership Value =0.00000000,0.0
Windspeed (knots) [35,36), Membership Value =0.00000000,0.0
Windspeed (knots) [36,37), Membership Value =0.00000000,0.0
Windspeed (knots) [37,38), Membership Value =0.00000000,0.0
Windspeed (knots) [38,39), Membership Value =0.00000000,0.0
Windspeed (knots) [39,40), Membership Value =0.00000000,0.0
Windspeed (knots) [40,41), Membership Value =0.00000000,0.0
Windspeed (knots) [41,42), Membership Value =0.00000000,0.0
Windspeed (knots) [42,43), Membership Value =0.00000000,0.0
Windspeed (knots) [43,44), Membership Value =0.00000000,0.0
Windspeed (knots) [44,45), Membership Value =0.00000000,0.0
Windspeed (knots) [45,46), Membership Value =0.00000000,0.0
Windspeed (knots) [46,47), Membership Value =0.00000000,0.0
Windspeed (knots) [47,48), Membership Value =0.00000000,0.0
Windspeed (knots) [48,49), Membership Value =0.00000000,0.0
Windspeed (knots) [49,50), Membership Value =0.00000000,0.0
Windspeed (knots) [50,51), Membership Value =0.00000000,0.0
Windspeed (knots) [51,52), Membership Value =0.00000000,0.0
Windspeed (knots) [52,53), Membership Value =0.00000000,0.0
Windspeed (knots) [53,54), Membership Value =0.00000000,0.0
Windspeed (knots) [54,55), Membership Value =0.00000000,0.0
Windspeed (knots) [55,56), Membership Value =0.00000000,0.0
Windspeed (knots) [56,57), Membership Value =0.00000000,0.0
Windspeed (knots) [57,58), Membership Value =0.00000000,0.0
Windspeed (knots) [58,59), Membership Value =0.00000000,0.0
Windspeed (knots) [59,60), Membership Value =0.00000000,0.0
Windspeed (knots) [60,61), Membership Value =0.00000000,0.0
Windspeed (knots) [61,62), Membership Value =0.00000000,0.0
Windspeed (knots) [62,63), Membership Value =0.00000000,0.0
Windspeed (knots) [63,64), Membership Value =0.00000000,0.0
Windspeed (knots) [64,65), Membership Value =0.00000000,0.0
Windspeed (knots) [65,66), Membership Value =0.00000000,0.0
Windspeed (knots) [66,67), Membership Value =0.00000000,0.0
Windspeed (knots) [67,68), Membership Value =0.00000000,0.0
Windspeed (knots) [68,69), Membership Value =0.00000000,0.0
Windspeed (knots) [69,70), Membership Value =0.00000000,0.0
Windspeed (knots) [70,71), Membership Value =0.00000000,0.0
Windspeed (knots) [71,72), Membership Value =0.00000000,0.0
Windspeed (knots) [72,73), Membership Value =0.00000000,0.0
Windspeed (knots) [73,74), Membership Value =0.00000000,0.0
Windspeed (knots) [74,75), Membership Value =0.00000000,0.0
Windspeed (knots) [75,76), Membership Value =0.00000000,0.0
Windspeed (knots) [76,77), Membership Value =0.00000000,0.0
Windspeed (knots) [77,78), Membership Value =0.00000000,0.0
Windspeed (knots) [78,79), Membership Value =0.00000000,0.0
Windspeed (knots) [79,80), Membership Value =0.00000000,0.0
Windspeed (knots) [80,81), Membership Value =0.00000000,0.0
Windspeed (knots) [81,82), Membership Value =0.00000000,0.0
Windspeed (knots) [82,83), Membership Value =0.00000000,0.0
Windspeed (knots) [83,84), Membership Value =0.00000000,0.0
Windspeed (knots) [84,85), Membership Value =0.00000000,0.0
Windspeed (knots) [85,86), Membership Value =0.00000000,0.0
Windspeed (knots) [86,87), Membership Value =0.00000000,0.0
Windspeed (knots) [87,88), Membership Value =0.00000000,0.0
Windspeed (knots) [88,89), Membership Value =0.00000000,0.0
Windspeed (knots) [89,90), Membership Value =0.00000000,0.0
Windspeed (knots) [90,91), Membership Value =0.00000000,0.0
Windspeed (knots) [91,92), Membership Value =0.00000000,0.0
Windspeed (knots) [92,93), Membership Value =0.00000000,0.0
Windspeed (knots) [93,94), Membership Value =0.00000000,0.0
Windspeed (knots) [94,95), Membership Value =0.00000000,0.0
Windspeed (knots) [95,96), Membership Value =0.00000000,0.0
Windspeed (knots) [96,97), Membership Value =0.00000000,0.0
Windspeed (knots) [97,98), Membership Value =0.00000000,0.0
Windspeed (knots) [98,99), Membership Value =0.00000000,0.0
Windspeed (knots) [99,100), Membership Value =0.00000000,0.0
Windspeed (knots) [100,101), Membership Value =0.00000000,0.0
Windspeed (knots) [101,102), Membership Value =0.00000000,0.0
Windspeed (knots) [102,103), Membership Value =0.00000000,0.0
Windspeed (knots) [103,104), Membership Value =0.00000000,0.0
Windspeed (knots) [104,105), Membership Value =0.00000000,0.0
Windspeed (knots) [105,106), Membership Value =0.00000000,0.0
Windspeed (knots) [106,107), Membership Value =0.00000000,0.0
Windspeed (knots) [107,108), Membership Value =0.00000000,0.0
Windspeed (knots) [108,109), Membership Value =0.00000000,0.0
Windspeed (knots) [109,110), Membership Value =0.00000000,0.0
Windspeed (knots) [110,111), Membership Value =0.00000000,0.0
Windspeed (knots) [111,112), Membership Value =0.00000000,0.0
Windspeed (knots) [112,113), Membership Value =0.00000000,0.0
Windspeed (knots) [113,114), Membership Value =0.00000000,0.0
Windspeed (knots) [114,115), Membership Value =0.00000000,0.0
Windspeed (knots) [115,116), Membership Value =0.00000000,0.0
Windspeed (knots) [116,117), Membership Value =0.00000000,0.0
Windspeed (knots) [117,118), Membership Value =0.00000000,0.0
Windspeed (knots) [118,119), Membership Value =0.00000000,0.0
Windspeed (knots) [119,120), Membership Value =0.00000000,0.0
Windspeed (knots) [120,121), Membership Value =0.00000000,0.0
Windspeed (knots) [121,122), Membership Value =0.00000000,0.0
Windspeed (knots) [122,123), Membership Value =0.00000000,0.0
Windspeed (knots) [123,124), Membership Value =0.00000000,0.0
Windspeed (knots) [124,125), Membership Value =0.00000000,0.0
LowestWindspeedThatIsWindyKnots for station KPHL is 8 knots.
Transition limited :true
bUseWeatherPrediction: true
The running average is 1
The membership_value_deployment_threshold is 0.5
Energy harvested: 3870361.514444269
iGeneratingEnergyWhenGridNeedsEnergyMinutes =573017
iGeneratingEnergyWhenGridNeedsEnergyMinutes =573017
iUsingEnergyWhenGridNeedsEnergyMinutes =1720
iGeneratingEnergyWhenGridHasExcessEnergyMinutes = 6123
iUsingEnergyWhenGridHasExcessEnergyMinutes = 0
iIdleWhenGridDoesNotNeedEnergyMinutes = 39957
iIdleWhenGridNeedsEnergyMinutes = 4112279
iEnergyPriceIsZeroMinutes = 240
harvester.getEnergyHarvestedAVAILABLEKilowattHours( ): 1.66037386E7
harvester.getEnergyHarvestedKilowattHours(): 3870361.514444269
The running average is 31
The membership_value_deployment_threshold is 0.5
Energy harvested: 4597212.918610934
iGeneratingEnergyWhenGridNeedsEnergyMinutes =610551
iGeneratingEnergyWhenGridNeedsEnergyMinutes =610551
iUsingEnergyWhenGridNeedsEnergyMinutes =1404
iGeneratingEnergyWhenGridHasExcessEnergyMinutes = 5498
iUsingEnergyWhenGridHasExcessEnergyMinutes = 19
iIdleWhenGridDoesNotNeedEnergyMinutes = 40563
iIdleWhenGridNeedsEnergyMinutes = 4075061
iEnergyPriceIsZeroMinutes = 240
harvester.getEnergyHarvestedAVAILABLEKilowattHours( ): 1.66037386E7
harvester.getEnergyHarvestedKilowattHours(): 4597212.918610934
The running average is 61
The membership_value_deployment_threshold is 0.5
Energy harvested: 4624054.779722088
iGeneratingEnergyWhenGridNeedsEnergyMinutes =603869
iGeneratingEnergyWhenGridNeedsEnergyMinutes =603869
iUsingEnergyWhenGridNeedsEnergyMinutes =1326
iGeneratingEnergyWhenGridHasExcessEnergyMinutes = 5635
iUsingEnergyWhenGridHasExcessEnergyMinutes = 11
iIdleWhenGridDoesNotNeedEnergyMinutes = 40434
iIdleWhenGridNeedsEnergyMinutes = 4081821
iEnergyPriceIsZeroMinutes = 240
harvester.getEnergyHarvestedAVAILABLEKilowattHours( ): 1.66037386E7
harvester.getEnergyHarvestedKilowattHours(): 4624054.779722088
The running average is 91
The membership_value_deployment_threshold is 0.5
Energy harvested: 4826622.442499906
iGeneratingEnergyWhenGridNeedsEnergyMinutes =612331
iGeneratingEnergyWhenGridNeedsEnergyMinutes =612331
iUsingEnergyWhenGridNeedsEnergyMinutes =1341
iGeneratingEnergyWhenGridHasExcessEnergyMinutes = 5989
iUsingEnergyWhenGridHasExcessEnergyMinutes = 12
iIdleWhenGridDoesNotNeedEnergyMinutes = 40079
iIdleWhenGridNeedsEnergyMinutes = 4073344
iEnergyPriceIsZeroMinutes = 240
harvester.getEnergyHarvestedAVAILABLEKilowattHours( ): 1.66037386E7
harvester.getEnergyHarvestedKilowattHours(): 4826622.442499906
The running average is 121
The membership_value_deployment_threshold is 0.5
Energy harvested: 4845872.0788888
iGeneratingEnergyWhenGridNeedsEnergyMinutes =615282
iGeneratingEnergyWhenGridNeedsEnergyMinutes =615282
iUsingEnergyWhenGridNeedsEnergyMinutes =1275
iGeneratingEnergyWhenGridHasExcessEnergyMinutes = 5604
iUsingEnergyWhenGridHasExcessEnergyMinutes = 17
iIdleWhenGridDoesNotNeedEnergyMinutes = 40459
iIdleWhenGridNeedsEnergyMinutes = 4070459
iEnergyPriceIsZeroMinutes = 240
harvester.getEnergyHarvestedAVAILABLEKilowattHours( ): 1.66037386E7
harvester.getEnergyHarvestedKilowattHours(): 4845872.0788888
Beginning testing mode:
station,&,deployment_membership_value_threshold_array_for_month_1,&,running_average_size_minutes_for_month_1,&,deployment_membership_value_threshold_array_for_month_2,&,running_average_size_minutes_for_month_2,&,deployment_membership_value_threshold_array_for_month_3,&,running_average_size_minutes_for_month_3,&,deployment_membership_value_threshold_array_for_month_4,&,running_average_size_minutes_for_month_4,&,deployment_membership_value_threshold_array_for_month_5,&,running_average_size_minutes_for_month_5,&,deployment_membership_value_threshold_array_for_month_6,&,running_average_size_minutes_for_month_6,&,deployment_membership_value_threshold_array_for_month_7,&,running_average_size_minutes_for_month_7,&,deployment_membership_value_threshold_array_for_month_8,&,running_average_size_minutes_for_month_8,&,deployment_membership_value_threshold_array_for_month_9,&,running_average_size_minutes_for_month_9,&,deployment_membership_value_threshold_array_for_month_10,&,running_average_size_minutes_for_month_10,&,deployment_membership_value_threshold_array_for_month_11,&,running_average_size_minutes_for_month_11,&,deployment_membership_value_threshold_array_for_month_12,&,running_average_size_minutes_for_month_12,&,dNetNorm,&,dMarketBalancePercentage,&,dMarketNetNorm,
results: KPHL,&,0.5,&,1,&,0.5,&,1,&,0.5,&,31,&,0.5,&,31,&,0.5,&,31,&,0.5,&,31,&,0.5,&,61,&,0.5,&,61,&,0.5,&,31,&,0.5,&,31,&,0.5,&,31,&,0.5,&,31,&,0.2696368980710985,&,0.9161589382163088,&,0.24703025424075667
monthly visible minutes:KPHL,&,2013,&,8672,&,8672,&,8672,&,8672,&,8672,&,8672,&,8672,&,8672,&,8672,&,8672,&,8672,&,8672,&,
monthly visible minutes:KPHL,&,2014,&,8672,&,8672,&,8672,&,8672,&,8672,&,8672,&,8672,&,8672,&,8672,&,8672,&,8672,&,8672,&,
monthly minutes harvester between states:KPHL,&,2013,&,38,&,38,&,38,&,38,&,38,&,38,&,38,&,38,&,38,&,38,&,38,&,38,&,
monthly minutes harvester between states:KPHL,&,2014,&,38,&,38,&,38,&,38,&,38,&,38,&,38,&,38,&,38,&,38,&,38,&,38,&,
FuzzyVsCrisp: KPHL,1,true,true
station,&,deployment_membership_value_threshold_array_for_month_1,&,running_average_size_minutes_for_month_1,&,deployment_membership_value_threshold_array_for_month_2,&,running_average_size_minutes_for_month_2,&,deployment_membership_value_threshold_array_for_month_3,&,running_average_size_minutes_for_month_3,&,deployment_membership_value_threshold_array_for_month_4,&,running_average_size_minutes_for_month_4,&,deployment_membership_value_threshold_array_for_month_5,&,running_average_size_minutes_for_month_5,&,deployment_membership_value_threshold_array_for_month_6,&,running_average_size_minutes_for_month_6,&,deployment_membership_value_threshold_array_for_month_7,&,running_average_size_minutes_for_month_7,&,deployment_membership_value_threshold_array_for_month_8,&,running_average_size_minutes_for_month_8,&,deployment_membership_value_threshold_array_for_month_9,&,running_average_size_minutes_for_month_9,&,deployment_membership_value_threshold_array_for_month_10,&,running_average_size_minutes_for_month_10,&,deployment_membership_value_threshold_array_for_month_11,&,running_average_size_minutes_for_month_11,&,deployment_membership_value_threshold_array_for_month_12,&,running_average_size_minutes_for_month_12,&,dNetNorm,&,dMarketBalancePercentage,&,dMarketNetNorm,
results: KPHL,&,0.5,&,1,&,0.5,&,1,&,0.5,&,31,&,0.5,&,31,&,0.5,&,31,&,0.5,&,31,&,0.5,&,61,&,0.5,&,61,&,0.5,&,31,&,0.5,&,31,&,0.5,&,31,&,0.5,&,31,&,0.2696368980710985,&,0.9161589382163088,&,0.24703025424075667
monthly visible minutes:KPHL,&,2013,&,8672,&,8672,&,8672,&,8672,&,8672,&,8672,&,8672,&,8672,&,8672,&,8672,&,8672,&,8672,&,
monthly visible minutes:KPHL,&,2014,&,8672,&,8672,&,8672,&,8672,&,8672,&,8672,&,8672,&,8672,&,8672,&,8672,&,8672,&,8672,&,
monthly minutes harvester between states:KPHL,&,2013,&,38,&,38,&,38,&,38,&,38,&,38,&,38,&,38,&,38,&,38,&,38,&,38,&,
monthly minutes harvester between states:KPHL,&,2014,&,38,&,38,&,38,&,38,&,38,&,38,&,38,&,38,&,38,&,38,&,38,&,38,&,
FuzzyVsCrisp: KPHL,1,true,true
Station: KPHX
abc: The current path is /home/guy/retractable-wind
I have found the property file.
The training windspeed filename is /trainingKPHX2004-2012in.csv
The testing windspeed filename is /testingKPHX2013-2014in.csv
Yes, the station is KPHX
Warning: The bAlsoUsePrediction no longer has any effect
iUsedAllItsAllocatedVisibilityMinutesPerMonth: 8760
Visibility Allocation Minutes:8760
HARVESTER_SIZE_SQM is 6362
Reading file
Success: /Wind turbine power curves - wind turbine power output against wind speed in knots.csv found.
Speed (Knots) = Speed(knots) vs power (kW) , Power (kW) =V90
Speed (Knots) = 0 , Power (kW) =0
Speed (Knots) = 1 , Power (kW) =0
Speed (Knots) = 2 , Power (kW) =0
Speed (Knots) = 3 , Power (kW) =0
Speed (Knots) = 4 , Power (kW) =0
Speed (Knots) = 5 , Power (kW) =0
Speed (Knots) = 6 , Power (kW) =0
Speed (Knots) = 7 , Power (kW) =38
Speed (Knots) = 8 , Power (kW) =87
Speed (Knots) = 9 , Power (kW) =141
Speed (Knots) = 10 , Power (kW) =207
Speed (Knots) = 11 , Power (kW) =286
Speed (Knots) = 12 , Power (kW) =382
Speed (Knots) = 13 , Power (kW) =496
Speed (Knots) = 14 , Power (kW) =628
Speed (Knots) = 15 , Power (kW) =781
Speed (Knots) = 16 , Power (kW) =957
Speed (Knots) = 17 , Power (kW) =1153
Speed (Knots) = 18 , Power (kW) =1366
Speed (Knots) = 19 , Power (kW) =1589
Speed (Knots) = 20 , Power (kW) =1814
Speed (Knots) = 21 , Power (kW) =2035
Speed (Knots) = 22 , Power (kW) =2250
Speed (Knots) = 23 , Power (kW) =2452
Speed (Knots) = 24 , Power (kW) =2634
Speed (Knots) = 25 , Power (kW) =2784
Speed (Knots) = 26 , Power (kW) =2888
Speed (Knots) = 27 , Power (kW) =2949
Speed (Knots) = 28 , Power (kW) =2980
Speed (Knots) = 29 , Power (kW) =2993
Speed (Knots) = 30 , Power (kW) =3000
Speed (Knots) = 31 , Power (kW) =3000
Speed (Knots) = 32 , Power (kW) =3000
Speed (Knots) = 33 , Power (kW) =3000
Speed (Knots) = 34 , Power (kW) =3000
Speed (Knots) = 35 , Power (kW) =3000
Speed (Knots) = 36 , Power (kW) =3000
Speed (Knots) = 37 , Power (kW) =3000
Speed (Knots) = 38 , Power (kW) =3000
Speed (Knots) = 39 , Power (kW) =3000
Speed (Knots) = 40 , Power (kW) =3000
Speed (Knots) = 41 , Power (kW) =3000
Speed (Knots) = 42 , Power (kW) =3000
Speed (Knots) = 43 , Power (kW) =3000
Speed (Knots) = 44 , Power (kW) =3000
Speed (Knots) = 45 , Power (kW) =3000
Speed (Knots) = 46 , Power (kW) =3000
Speed (Knots) = 47 , Power (kW) =3000
Speed (Knots) = 48 , Power (kW) =3000
Speed (Knots) = 49 , Power (kW) =0
Speed (Knots) = 50 , Power (kW) =0
Speed (Knots) = 51 , Power (kW) =0
Speed (Knots) = 52 , Power (kW) =0
Speed (Knots) = 53 , Power (kW) =0
Speed (Knots) = 54 , Power (kW) =0
Speed (Knots) = 55 , Power (kW) =0
Speed (Knots) = 56 , Power (kW) =0
Speed (Knots) = 57 , Power (kW) =0
Speed (Knots) = 58 , Power (kW) =0
Speed (Knots) = 59 , Power (kW) =0
Speed (Knots) = 60 , Power (kW) =0
The scale is 1.0
Wind power at 10 knots in kilowatts is 207.0
Wind power in-cut-out test 0.0
Fuzzy
Class name:edu.pitt.cs.people.guy.wind.benchmarks.Fuzzy5
Success: /Noise_Allowed_Time_Definitions_All_Stations.csv found.
The station is the record is KPHX
Success: /Noise_Allowed_Time_Definitions_All_Stations.csv found.
The station is the record is KPHX
I have found the membership file for NOT WINDY.
Windspeed (knots) [0,1), Membership Value =1.000000000,1.0
Windspeed (knots) [1,2), Membership Value =0.999840232,0.99984026
Windspeed (knots) [2,3), Membership Value =0.997643830,0.9976438
Windspeed (knots) [3,4), Membership Value =0.988018066,0.9880181
Windspeed (knots) [4,5), Membership Value =0.963276854,0.96327686
Windspeed (knots) [5,6), Membership Value =0.915232731,0.9152327
Windspeed (knots) [6,7), Membership Value =0.841737190,0.8417372
Windspeed (knots) [7,8), Membership Value =0.752394815,0.7523948
Windspeed (knots) [8,9), Membership Value =0.655846350,0.65584636
Windspeed (knots) [9,10), Membership Value =0.559982578,0.5599826
Windspeed (knots) [10,11), Membership Value =0.465538138,0.46553814
Windspeed (knots) [11,12), Membership Value =0.373370176,0.37337017
Windspeed (knots) [12,13), Membership Value =0.284243261,0.28424326
Windspeed (knots) [13,14), Membership Value =0.202735662,0.20273566
Windspeed (knots) [14,15), Membership Value =0.125601648,0.12560165
Windspeed (knots) [15,16), Membership Value =0.060810185,0.060810186
Windspeed (knots) [16,17), Membership Value =0.005957039,0.005957039
Windspeed (knots) [17,18), Membership Value =0.000000000,0.0
Windspeed (knots) [18,19), Membership Value =0.000000000,0.0
Windspeed (knots) [19,20), Membership Value =0.000000000,0.0
Windspeed (knots) [20,21), Membership Value =0.000000000,0.0
Windspeed (knots) [21,22), Membership Value =0.000000000,0.0
Windspeed (knots) [22,23), Membership Value =0.000000000,0.0
Windspeed (knots) [23,24), Membership Value =0.000000000,0.0
Windspeed (knots) [24,25), Membership Value =0.000000000,0.0
Windspeed (knots) [25,26), Membership Value =0.000000000,0.0
Windspeed (knots) [26,27), Membership Value =0.000000000,0.0
Windspeed (knots) [27,28), Membership Value =0.000000000,0.0
Windspeed (knots) [28,29), Membership Value =0.000000000,0.0
Windspeed (knots) [29,30), Membership Value =0.000000000,0.0
Windspeed (knots) [30,31), Membership Value =0.000000000,0.0
Windspeed (knots) [31,32), Membership Value =0.000000000,0.0
Windspeed (knots) [32,33), Membership Value =0.000000000,0.0
Windspeed (knots) [33,34), Membership Value =0.000000000,0.0
Windspeed (knots) [34,35), Membership Value =0.000000000,0.0
Windspeed (knots) [35,36), Membership Value =0.000000000,0.0
Windspeed (knots) [36,37), Membership Value =0.000000000,0.0
Windspeed (knots) [37,38), Membership Value =0.000000000,0.0
Windspeed (knots) [38,39), Membership Value =0.000000000,0.0
Windspeed (knots) [39,40), Membership Value =0.000000000,0.0
Windspeed (knots) [40,41), Membership Value =0.000000000,0.0
Windspeed (knots) [41,42), Membership Value =0.000000000,0.0
Windspeed (knots) [42,43), Membership Value =0.000000000,0.0
Windspeed (knots) [43,44), Membership Value =0.000000000,0.0
Windspeed (knots) [44,45), Membership Value =0.000000000,0.0
Windspeed (knots) [45,46), Membership Value =0.000000000,0.0
Windspeed (knots) [46,47), Membership Value =0.000000000,0.0
Windspeed (knots) [47,48), Membership Value =0.000000000,0.0
Windspeed (knots) [48,49), Membership Value =0.000000000,0.0
Windspeed (knots) [49,50), Membership Value =0.000000000,0.0
Windspeed (knots) [50,51), Membership Value =0.000000000,0.0
Windspeed (knots) [51,52), Membership Value =0.000000000,0.0
Windspeed (knots) [52,53), Membership Value =0.000000000,0.0
Windspeed (knots) [53,54), Membership Value =0.000000000,0.0
Windspeed (knots) [54,55), Membership Value =0.000000000,0.0
Windspeed (knots) [55,56), Membership Value =0.000000000,0.0
Windspeed (knots) [56,57), Membership Value =0.000000000,0.0
Windspeed (knots) [57,58), Membership Value =0.000000000,0.0
Windspeed (knots) [58,59), Membership Value =0.000000000,0.0
Windspeed (knots) [59,60), Membership Value =0.000000000,0.0
Windspeed (knots) [60,61), Membership Value =0.000000000,0.0
Windspeed (knots) [61,62), Membership Value =0.000000000,0.0
Windspeed (knots) [62,63), Membership Value =0.000000000,0.0
Windspeed (knots) [63,64), Membership Value =0.000000000,0.0
Windspeed (knots) [64,65), Membership Value =0.000000000,0.0
Windspeed (knots) [65,66), Membership Value =0.000000000,0.0
Windspeed (knots) [66,67), Membership Value =0.000000000,0.0
Windspeed (knots) [67,68), Membership Value =0.000000000,0.0
Windspeed (knots) [68,69), Membership Value =0.000000000,0.0
Windspeed (knots) [69,70), Membership Value =0.000000000,0.0
Windspeed (knots) [70,71), Membership Value =0.000000000,0.0
Windspeed (knots) [71,72), Membership Value =0.000000000,0.0
Windspeed (knots) [72,73), Membership Value =0.000000000,0.0
Windspeed (knots) [73,74), Membership Value =0.000000000,0.0
Windspeed (knots) [74,75), Membership Value =0.000000000,0.0
Windspeed (knots) [75,76), Membership Value =0.000000000,0.0
Windspeed (knots) [76,77), Membership Value =0.000000000,0.0
Windspeed (knots) [77,78), Membership Value =0.000000000,0.0
Windspeed (knots) [78,79), Membership Value =0.000000000,0.0
Windspeed (knots) [79,80), Membership Value =0.000000000,0.0
Windspeed (knots) [80,81), Membership Value =0.000000000,0.0
Windspeed (knots) [81,82), Membership Value =0.000000000,0.0
Windspeed (knots) [82,83), Membership Value =0.000000000,0.0
Windspeed (knots) [83,84), Membership Value =0.000000000,0.0
Windspeed (knots) [84,85), Membership Value =0.000000000,0.0
Windspeed (knots) [85,86), Membership Value =0.000000000,0.0
Windspeed (knots) [86,87), Membership Value =0.000000000,0.0
Windspeed (knots) [87,88), Membership Value =0.000000000,0.0
Windspeed (knots) [88,89), Membership Value =0.000000000,0.0
Windspeed (knots) [89,90), Membership Value =0.000000000,0.0
Windspeed (knots) [90,91), Membership Value =0.000000000,0.0
Windspeed (knots) [91,92), Membership Value =0.000000000,0.0
Windspeed (knots) [92,93), Membership Value =0.000000000,0.0
Windspeed (knots) [93,94), Membership Value =0.000000000,0.0
Windspeed (knots) [94,95), Membership Value =0.000000000,0.0
Windspeed (knots) [95,96), Membership Value =0.000000000,0.0
Windspeed (knots) [96,97), Membership Value =0.000000000,0.0
Windspeed (knots) [97,98), Membership Value =0.000000000,0.0
Windspeed (knots) [98,99), Membership Value =0.000000000,0.0
Windspeed (knots) [99,100), Membership Value =0.000000000,0.0
Windspeed (knots) [100,101), Membership Value =0.000000000,0.0
Windspeed (knots) [101,102), Membership Value =0.000000000,0.0
Windspeed (knots) [102,103), Membership Value =0.000000000,0.0
Windspeed (knots) [103,104), Membership Value =0.000000000,0.0
Windspeed (knots) [104,105), Membership Value =0.000000000,0.0
Windspeed (knots) [105,106), Membership Value =0.000000000,0.0
Windspeed (knots) [106,107), Membership Value =0.000000000,0.0
Windspeed (knots) [107,108), Membership Value =0.000000000,0.0
Windspeed (knots) [108,109), Membership Value =0.000000000,0.0
Windspeed (knots) [109,110), Membership Value =0.000000000,0.0
Windspeed (knots) [110,111), Membership Value =0.000000000,0.0
Windspeed (knots) [111,112), Membership Value =0.000000000,0.0
Windspeed (knots) [112,113), Membership Value =0.000000000,0.0
Windspeed (knots) [113,114), Membership Value =0.000000000,0.0
Windspeed (knots) [114,115), Membership Value =0.000000000,0.0
Windspeed (knots) [115,116), Membership Value =0.000000000,0.0
Windspeed (knots) [116,117), Membership Value =0.000000000,0.0
Windspeed (knots) [117,118), Membership Value =0.000000000,0.0
Windspeed (knots) [118,119), Membership Value =0.000000000,0.0
Windspeed (knots) [119,120), Membership Value =0.000000000,0.0
Windspeed (knots) [120,121), Membership Value =0.000000000,0.0
Windspeed (knots) [121,122), Membership Value =0.000000000,0.0
Windspeed (knots) [122,123), Membership Value =0.000000000,0.0
Windspeed (knots) [123,124), Membership Value =0.000000000,0.0
Windspeed (knots) [124,125), Membership Value =0.000000000,0.0
LowestWindspeedThatIsWindyKnots for station KPHX is 6 knots.
Transition limited :true
bUseWeatherPrediction: true
The running average is 1
The membership_value_deployment_threshold is 0.5
Energy harvested: 1398985.7580555785
iGeneratingEnergyWhenGridNeedsEnergyMinutes =333267
iGeneratingEnergyWhenGridNeedsEnergyMinutes =333267
iUsingEnergyWhenGridNeedsEnergyMinutes =1965
iGeneratingEnergyWhenGridHasExcessEnergyMinutes = 2815
iUsingEnergyWhenGridHasExcessEnergyMinutes = 26
iIdleWhenGridDoesNotNeedEnergyMinutes = 43239
iIdleWhenGridNeedsEnergyMinutes = 4353167
iEnergyPriceIsZeroMinutes = 240
harvester.getEnergyHarvestedAVAILABLEKilowattHours( ): 6110979.783333333
harvester.getEnergyHarvestedKilowattHours(): 1398985.7580555785
The running average is 31
The membership_value_deployment_threshold is 0.5
Energy harvested: 1611207.1333333577
iGeneratingEnergyWhenGridNeedsEnergyMinutes =354843
iGeneratingEnergyWhenGridNeedsEnergyMinutes =354843
iUsingEnergyWhenGridNeedsEnergyMinutes =1832
iGeneratingEnergyWhenGridHasExcessEnergyMinutes = 2651
iUsingEnergyWhenGridHasExcessEnergyMinutes = 9
iIdleWhenGridDoesNotNeedEnergyMinutes = 43420
iIdleWhenGridNeedsEnergyMinutes = 4331724
iEnergyPriceIsZeroMinutes = 240
harvester.getEnergyHarvestedAVAILABLEKilowattHours( ): 6110979.783333333
harvester.getEnergyHarvestedKilowattHours(): 1611207.1333333577
The running average is 61
The membership_value_deployment_threshold is 0.5
Energy harvested: 1578601.1580555786
iGeneratingEnergyWhenGridNeedsEnergyMinutes =349686
iGeneratingEnergyWhenGridNeedsEnergyMinutes =349686
iUsingEnergyWhenGridNeedsEnergyMinutes =1817
iGeneratingEnergyWhenGridHasExcessEnergyMinutes = 3052
iUsingEnergyWhenGridHasExcessEnergyMinutes = 0
iIdleWhenGridDoesNotNeedEnergyMinutes = 43028
iIdleWhenGridNeedsEnergyMinutes = 4336896
iEnergyPriceIsZeroMinutes = 240
harvester.getEnergyHarvestedAVAILABLEKilowattHours( ): 6110979.783333333
harvester.getEnergyHarvestedKilowattHours(): 1578601.1580555786
The running average is 91
The membership_value_deployment_threshold is 0.5
Energy harvested: 1593943.141944467
iGeneratingEnergyWhenGridNeedsEnergyMinutes =347667
iGeneratingEnergyWhenGridNeedsEnergyMinutes =347667
iUsingEnergyWhenGridNeedsEnergyMinutes =1814
iGeneratingEnergyWhenGridHasExcessEnergyMinutes = 3282
iUsingEnergyWhenGridHasExcessEnergyMinutes = 0
iIdleWhenGridDoesNotNeedEnergyMinutes = 42798
iIdleWhenGridNeedsEnergyMinutes = 4338918
iEnergyPriceIsZeroMinutes = 240
harvester.getEnergyHarvestedAVAILABLEKilowattHours( ): 6110979.783333333
harvester.getEnergyHarvestedKilowattHours(): 1593943.141944467
The running average is 121
The membership_value_deployment_threshold is 0.5
Energy harvested: 1584601.998611134
iGeneratingEnergyWhenGridNeedsEnergyMinutes =345921
iGeneratingEnergyWhenGridNeedsEnergyMinutes =345921
iUsingEnergyWhenGridNeedsEnergyMinutes =1795
iGeneratingEnergyWhenGridHasExcessEnergyMinutes = 3356
iUsingEnergyWhenGridHasExcessEnergyMinutes = 0
iIdleWhenGridDoesNotNeedEnergyMinutes = 42724
iIdleWhenGridNeedsEnergyMinutes = 4340683
iEnergyPriceIsZeroMinutes = 240
harvester.getEnergyHarvestedAVAILABLEKilowattHours( ): 6110979.783333333
harvester.getEnergyHarvestedKilowattHours(): 1584601.998611134
Beginning testing mode:
station,&,deployment_membership_value_threshold_array_for_month_1,&,running_average_size_minutes_for_month_1,&,deployment_membership_value_threshold_array_for_month_2,&,running_average_size_minutes_for_month_2,&,deployment_membership_value_threshold_array_for_month_3,&,running_average_size_minutes_for_month_3,&,deployment_membership_value_threshold_array_for_month_4,&,running_average_size_minutes_for_month_4,&,deployment_membership_value_threshold_array_for_month_5,&,running_average_size_minutes_for_month_5,&,deployment_membership_value_threshold_array_for_month_6,&,running_average_size_minutes_for_month_6,&,deployment_membership_value_threshold_array_for_month_7,&,running_average_size_minutes_for_month_7,&,deployment_membership_value_threshold_array_for_month_8,&,running_average_size_minutes_for_month_8,&,deployment_membership_value_threshold_array_for_month_9,&,running_average_size_minutes_for_month_9,&,deployment_membership_value_threshold_array_for_month_10,&,running_average_size_minutes_for_month_10,&,deployment_membership_value_threshold_array_for_month_11,&,running_average_size_minutes_for_month_11,&,deployment_membership_value_threshold_array_for_month_12,&,running_average_size_minutes_for_month_12,&,dNetNorm,&,dMarketBalancePercentage,&,dMarketNetNorm,
results: KPHX,&,0.5,&,31,&,0.5,&,1,&,0.5,&,61,&,0.5,&,91,&,0.5,&,1,&,0.5,&,1,&,0.5,&,31,&,0.5,&,121,&,0.5,&,31,&,0.5,&,31,&,0.5,&,1,&,0.5,&,31,&,0.20575131963668566,&,0.9179757216396006,&,0.18887471612178666
monthly visible minutes:KPHX,&,2013,&,8672,&,8672,&,8672,&,8672,&,8672,&,8672,&,8672,&,8672,&,8672,&,8672,&,8672,&,8672,&,
monthly visible minutes:KPHX,&,2014,&,8672,&,8672,&,8672,&,8672,&,8672,&,8672,&,8672,&,8672,&,8672,&,8672,&,8672,&,8672,&,
monthly minutes harvester between states:KPHX,&,2013,&,38,&,38,&,38,&,38,&,38,&,38,&,38,&,38,&,38,&,38,&,38,&,38,&,
monthly minutes harvester between states:KPHX,&,2014,&,38,&,38,&,38,&,38,&,38,&,38,&,38,&,38,&,38,&,38,&,38,&,38,&,
FuzzyVsCrisp: KPHX,1,true,true
station,&,deployment_membership_value_threshold_array_for_month_1,&,running_average_size_minutes_for_month_1,&,deployment_membership_value_threshold_array_for_month_2,&,running_average_size_minutes_for_month_2,&,deployment_membership_value_threshold_array_for_month_3,&,running_average_size_minutes_for_month_3,&,deployment_membership_value_threshold_array_for_month_4,&,running_average_size_minutes_for_month_4,&,deployment_membership_value_threshold_array_for_month_5,&,running_average_size_minutes_for_month_5,&,deployment_membership_value_threshold_array_for_month_6,&,running_average_size_minutes_for_month_6,&,deployment_membership_value_threshold_array_for_month_7,&,running_average_size_minutes_for_month_7,&,deployment_membership_value_threshold_array_for_month_8,&,running_average_size_minutes_for_month_8,&,deployment_membership_value_threshold_array_for_month_9,&,running_average_size_minutes_for_month_9,&,deployment_membership_value_threshold_array_for_month_10,&,running_average_size_minutes_for_month_10,&,deployment_membership_value_threshold_array_for_month_11,&,running_average_size_minutes_for_month_11,&,deployment_membership_value_threshold_array_for_month_12,&,running_average_size_minutes_for_month_12,&,dNetNorm,&,dMarketBalancePercentage,&,dMarketNetNorm,
results: KPHX,&,0.5,&,31,&,0.5,&,1,&,0.5,&,61,&,0.5,&,91,&,0.5,&,1,&,0.5,&,1,&,0.5,&,31,&,0.5,&,121,&,0.5,&,31,&,0.5,&,31,&,0.5,&,1,&,0.5,&,31,&,0.20575131963668566,&,0.9179757216396006,&,0.18887471612178666
monthly visible minutes:KPHX,&,2013,&,8672,&,8672,&,8672,&,8672,&,8672,&,8672,&,8672,&,8672,&,8672,&,8672,&,8672,&,8672,&,
monthly visible minutes:KPHX,&,2014,&,8672,&,8672,&,8672,&,8672,&,8672,&,8672,&,8672,&,8672,&,8672,&,8672,&,8672,&,8672,&,
monthly minutes harvester between states:KPHX,&,2013,&,38,&,38,&,38,&,38,&,38,&,38,&,38,&,38,&,38,&,38,&,38,&,38,&,
monthly minutes harvester between states:KPHX,&,2014,&,38,&,38,&,38,&,38,&,38,&,38,&,38,&,38,&,38,&,38,&,38,&,38,&,
FuzzyVsCrisp: KPHX,1,true,true
Station: KPIT
abc: The current path is /home/guy/retractable-wind
I have found the property file.
The training windspeed filename is /trainingKPIT2004-2012in.csv
The testing windspeed filename is /testingKPIT2013-2014in.csv
Yes, the station is KPIT
Warning: The bAlsoUsePrediction no longer has any effect
iUsedAllItsAllocatedVisibilityMinutesPerMonth: 8760
Visibility Allocation Minutes:8760
HARVESTER_SIZE_SQM is 6362
Reading file
Success: /Wind turbine power curves - wind turbine power output against wind speed in knots.csv found.
Speed (Knots) = Speed(knots) vs power (kW) , Power (kW) =V90
Speed (Knots) = 0 , Power (kW) =0
Speed (Knots) = 1 , Power (kW) =0
Speed (Knots) = 2 , Power (kW) =0
Speed (Knots) = 3 , Power (kW) =0
Speed (Knots) = 4 , Power (kW) =0
Speed (Knots) = 5 , Power (kW) =0
Speed (Knots) = 6 , Power (kW) =0
Speed (Knots) = 7 , Power (kW) =38
Speed (Knots) = 8 , Power (kW) =87
Speed (Knots) = 9 , Power (kW) =141
Speed (Knots) = 10 , Power (kW) =207
Speed (Knots) = 11 , Power (kW) =286
Speed (Knots) = 12 , Power (kW) =382
Speed (Knots) = 13 , Power (kW) =496
Speed (Knots) = 14 , Power (kW) =628
Speed (Knots) = 15 , Power (kW) =781
Speed (Knots) = 16 , Power (kW) =957
Speed (Knots) = 17 , Power (kW) =1153
Speed (Knots) = 18 , Power (kW) =1366
Speed (Knots) = 19 , Power (kW) =1589
Speed (Knots) = 20 , Power (kW) =1814
Speed (Knots) = 21 , Power (kW) =2035
Speed (Knots) = 22 , Power (kW) =2250
Speed (Knots) = 23 , Power (kW) =2452
Speed (Knots) = 24 , Power (kW) =2634
Speed (Knots) = 25 , Power (kW) =2784
Speed (Knots) = 26 , Power (kW) =2888
Speed (Knots) = 27 , Power (kW) =2949
Speed (Knots) = 28 , Power (kW) =2980
Speed (Knots) = 29 , Power (kW) =2993
Speed (Knots) = 30 , Power (kW) =3000
Speed (Knots) = 31 , Power (kW) =3000
Speed (Knots) = 32 , Power (kW) =3000
Speed (Knots) = 33 , Power (kW) =3000
Speed (Knots) = 34 , Power (kW) =3000
Speed (Knots) = 35 , Power (kW) =3000
Speed (Knots) = 36 , Power (kW) =3000
Speed (Knots) = 37 , Power (kW) =3000
Speed (Knots) = 38 , Power (kW) =3000
Speed (Knots) = 39 , Power (kW) =3000
Speed (Knots) = 40 , Power (kW) =3000
Speed (Knots) = 41 , Power (kW) =3000
Speed (Knots) = 42 , Power (kW) =3000
Speed (Knots) = 43 , Power (kW) =3000
Speed (Knots) = 44 , Power (kW) =3000
Speed (Knots) = 45 , Power (kW) =3000
Speed (Knots) = 46 , Power (kW) =3000
Speed (Knots) = 47 , Power (kW) =3000
Speed (Knots) = 48 , Power (kW) =3000
Speed (Knots) = 49 , Power (kW) =0
Speed (Knots) = 50 , Power (kW) =0
Speed (Knots) = 51 , Power (kW) =0
Speed (Knots) = 52 , Power (kW) =0
Speed (Knots) = 53 , Power (kW) =0
Speed (Knots) = 54 , Power (kW) =0
Speed (Knots) = 55 , Power (kW) =0
Speed (Knots) = 56 , Power (kW) =0
Speed (Knots) = 57 , Power (kW) =0
Speed (Knots) = 58 , Power (kW) =0
Speed (Knots) = 59 , Power (kW) =0
Speed (Knots) = 60 , Power (kW) =0
The scale is 1.0
Wind power at 10 knots in kilowatts is 207.0
Wind power in-cut-out test 0.0
Fuzzy
Class name:edu.pitt.cs.people.guy.wind.benchmarks.Fuzzy5
Success: /Noise_Allowed_Time_Definitions_All_Stations.csv found.
The station is the record is KPIT
Success: /Noise_Allowed_Time_Definitions_All_Stations.csv found.
The station is the record is KPIT
I have found the membership file for NOT WINDY.
Windspeed (knots) [0,1), Membership Value =1.00000000,1.0
Windspeed (knots) [1,2), Membership Value =0.99989125,0.9998912
Windspeed (knots) [2,3), Membership Value =0.99872371,0.9987237
Windspeed (knots) [3,4), Membership Value =0.99363806,0.99363804
Windspeed (knots) [4,5), Membership Value =0.98028956,0.9802896
Windspeed (knots) [5,6), Membership Value =0.95471914,0.9547191
Windspeed (knots) [6,7), Membership Value =0.91492798,0.91492796
Windspeed (knots) [7,8), Membership Value =0.85881581,0.8588158
Windspeed (knots) [8,9), Membership Value =0.78766839,0.7876684
Windspeed (knots) [9,10), Membership Value =0.70331211,0.7033121
Windspeed (knots) [10,11), Membership Value =0.61076914,0.61076915
Windspeed (knots) [11,12), Membership Value =0.51436454,0.51436454
Windspeed (knots) [12,13), Membership Value =0.41845409,0.41845408
Windspeed (knots) [13,14), Membership Value =0.32501766,0.32501766
Windspeed (knots) [14,15), Membership Value =0.23678359,0.2367836
Windspeed (knots) [15,16), Membership Value =0.15551457,0.15551457
Windspeed (knots) [16,17), Membership Value =0.08122689,0.08122689
Windspeed (knots) [17,18), Membership Value =0.01593995,0.01593995
Windspeed (knots) [18,19), Membership Value =0.00000000,0.0
Windspeed (knots) [19,20), Membership Value =0.00000000,0.0
Windspeed (knots) [20,21), Membership Value =0.00000000,0.0
Windspeed (knots) [21,22), Membership Value =0.00000000,0.0
Windspeed (knots) [22,23), Membership Value =0.00000000,0.0
Windspeed (knots) [23,24), Membership Value =0.00000000,0.0
Windspeed (knots) [24,25), Membership Value =0.00000000,0.0
Windspeed (knots) [25,26), Membership Value =0.00000000,0.0
Windspeed (knots) [26,27), Membership Value =0.00000000,0.0
Windspeed (knots) [27,28), Membership Value =0.00000000,0.0
Windspeed (knots) [28,29), Membership Value =0.00000000,0.0
Windspeed (knots) [29,30), Membership Value =0.00000000,0.0
Windspeed (knots) [30,31), Membership Value =0.00000000,0.0
Windspeed (knots) [31,32), Membership Value =0.00000000,0.0
Windspeed (knots) [32,33), Membership Value =0.00000000,0.0
Windspeed (knots) [33,34), Membership Value =0.00000000,0.0
Windspeed (knots) [34,35), Membership Value =0.00000000,0.0
Windspeed (knots) [35,36), Membership Value =0.00000000,0.0
Windspeed (knots) [36,37), Membership Value =0.00000000,0.0
Windspeed (knots) [37,38), Membership Value =0.00000000,0.0
Windspeed (knots) [38,39), Membership Value =0.00000000,0.0
Windspeed (knots) [39,40), Membership Value =0.00000000,0.0
Windspeed (knots) [40,41), Membership Value =0.00000000,0.0
Windspeed (knots) [41,42), Membership Value =0.00000000,0.0
Windspeed (knots) [42,43), Membership Value =0.00000000,0.0
Windspeed (knots) [43,44), Membership Value =0.00000000,0.0
Windspeed (knots) [44,45), Membership Value =0.00000000,0.0
Windspeed (knots) [45,46), Membership Value =0.00000000,0.0
Windspeed (knots) [46,47), Membership Value =0.00000000,0.0
Windspeed (knots) [47,48), Membership Value =0.00000000,0.0
Windspeed (knots) [48,49), Membership Value =0.00000000,0.0
Windspeed (knots) [49,50), Membership Value =0.00000000,0.0
Windspeed (knots) [50,51), Membership Value =0.00000000,0.0
Windspeed (knots) [51,52), Membership Value =0.00000000,0.0
Windspeed (knots) [52,53), Membership Value =0.00000000,0.0
Windspeed (knots) [53,54), Membership Value =0.00000000,0.0
Windspeed (knots) [54,55), Membership Value =0.00000000,0.0
Windspeed (knots) [55,56), Membership Value =0.00000000,0.0
Windspeed (knots) [56,57), Membership Value =0.00000000,0.0
Windspeed (knots) [57,58), Membership Value =0.00000000,0.0
Windspeed (knots) [58,59), Membership Value =0.00000000,0.0
Windspeed (knots) [59,60), Membership Value =0.00000000,0.0
Windspeed (knots) [60,61), Membership Value =0.00000000,0.0
Windspeed (knots) [61,62), Membership Value =0.00000000,0.0
Windspeed (knots) [62,63), Membership Value =0.00000000,0.0
Windspeed (knots) [63,64), Membership Value =0.00000000,0.0
Windspeed (knots) [64,65), Membership Value =0.00000000,0.0
Windspeed (knots) [65,66), Membership Value =0.00000000,0.0
Windspeed (knots) [66,67), Membership Value =0.00000000,0.0
Windspeed (knots) [67,68), Membership Value =0.00000000,0.0
Windspeed (knots) [68,69), Membership Value =0.00000000,0.0
Windspeed (knots) [69,70), Membership Value =0.00000000,0.0
Windspeed (knots) [70,71), Membership Value =0.00000000,0.0
Windspeed (knots) [71,72), Membership Value =0.00000000,0.0
Windspeed (knots) [72,73), Membership Value =0.00000000,0.0
Windspeed (knots) [73,74), Membership Value =0.00000000,0.0
Windspeed (knots) [74,75), Membership Value =0.00000000,0.0
Windspeed (knots) [75,76), Membership Value =0.00000000,0.0
Windspeed (knots) [76,77), Membership Value =0.00000000,0.0
Windspeed (knots) [77,78), Membership Value =0.00000000,0.0
Windspeed (knots) [78,79), Membership Value =0.00000000,0.0
Windspeed (knots) [79,80), Membership Value =0.00000000,0.0
Windspeed (knots) [80,81), Membership Value =0.00000000,0.0
Windspeed (knots) [81,82), Membership Value =0.00000000,0.0
Windspeed (knots) [82,83), Membership Value =0.00000000,0.0
Windspeed (knots) [83,84), Membership Value =0.00000000,0.0
Windspeed (knots) [84,85), Membership Value =0.00000000,0.0
Windspeed (knots) [85,86), Membership Value =0.00000000,0.0
Windspeed (knots) [86,87), Membership Value =0.00000000,0.0
Windspeed (knots) [87,88), Membership Value =0.00000000,0.0
Windspeed (knots) [88,89), Membership Value =0.00000000,0.0
Windspeed (knots) [89,90), Membership Value =0.00000000,0.0
Windspeed (knots) [90,91), Membership Value =0.00000000,0.0
Windspeed (knots) [91,92), Membership Value =0.00000000,0.0
Windspeed (knots) [92,93), Membership Value =0.00000000,0.0
Windspeed (knots) [93,94), Membership Value =0.00000000,0.0
Windspeed (knots) [94,95), Membership Value =0.00000000,0.0
Windspeed (knots) [95,96), Membership Value =0.00000000,0.0
Windspeed (knots) [96,97), Membership Value =0.00000000,0.0
Windspeed (knots) [97,98), Membership Value =0.00000000,0.0
Windspeed (knots) [98,99), Membership Value =0.00000000,0.0
Windspeed (knots) [99,100), Membership Value =0.00000000,0.0
Windspeed (knots) [100,101), Membership Value =0.00000000,0.0
Windspeed (knots) [101,102), Membership Value =0.00000000,0.0
Windspeed (knots) [102,103), Membership Value =0.00000000,0.0
Windspeed (knots) [103,104), Membership Value =0.00000000,0.0
Windspeed (knots) [104,105), Membership Value =0.00000000,0.0
Windspeed (knots) [105,106), Membership Value =0.00000000,0.0
Windspeed (knots) [106,107), Membership Value =0.00000000,0.0
Windspeed (knots) [107,108), Membership Value =0.00000000,0.0
Windspeed (knots) [108,109), Membership Value =0.00000000,0.0
Windspeed (knots) [109,110), Membership Value =0.00000000,0.0
Windspeed (knots) [110,111), Membership Value =0.00000000,0.0
Windspeed (knots) [111,112), Membership Value =0.00000000,0.0
Windspeed (knots) [112,113), Membership Value =0.00000000,0.0
Windspeed (knots) [113,114), Membership Value =0.00000000,0.0
Windspeed (knots) [114,115), Membership Value =0.00000000,0.0
Windspeed (knots) [115,116), Membership Value =0.00000000,0.0
Windspeed (knots) [116,117), Membership Value =0.00000000,0.0
Windspeed (knots) [117,118), Membership Value =0.00000000,0.0
Windspeed (knots) [118,119), Membership Value =0.00000000,0.0
Windspeed (knots) [119,120), Membership Value =0.00000000,0.0
Windspeed (knots) [120,121), Membership Value =0.00000000,0.0
Windspeed (knots) [121,122), Membership Value =0.00000000,0.0
Windspeed (knots) [122,123), Membership Value =0.00000000,0.0
Windspeed (knots) [123,124), Membership Value =0.00000000,0.0
Windspeed (knots) [124,125), Membership Value =0.00000000,0.0
LowestWindspeedThatIsWindyKnots for station KPIT is 7 knots.
Transition limited :true
bUseWeatherPrediction: true
The running average is 1
The membership_value_deployment_threshold is 0.5
Energy harvested: 2265062.5411111284
iGeneratingEnergyWhenGridNeedsEnergyMinutes =421729
iGeneratingEnergyWhenGridNeedsEnergyMinutes =421729
iUsingEnergyWhenGridNeedsEnergyMinutes =1823
iGeneratingEnergyWhenGridHasExcessEnergyMinutes = 4704
iUsingEnergyWhenGridHasExcessEnergyMinutes = 36
iIdleWhenGridDoesNotNeedEnergyMinutes = 41340
iIdleWhenGridNeedsEnergyMinutes = 4264847
iEnergyPriceIsZeroMinutes = 240
harvester.getEnergyHarvestedAVAILABLEKilowattHours( ): 9992927.966666667
harvester.getEnergyHarvestedKilowattHours(): 2265062.5411111284
The running average is 31
The membership_value_deployment_threshold is 0.5
Energy harvested: 2747871.3391665984
iGeneratingEnergyWhenGridNeedsEnergyMinutes =457395
iGeneratingEnergyWhenGridNeedsEnergyMinutes =457395
iUsingEnergyWhenGridNeedsEnergyMinutes =1649
iGeneratingEnergyWhenGridHasExcessEnergyMinutes = 3734
iUsingEnergyWhenGridHasExcessEnergyMinutes = 0
iIdleWhenGridDoesNotNeedEnergyMinutes = 42346
iIdleWhenGridNeedsEnergyMinutes = 4229355
iEnergyPriceIsZeroMinutes = 240
harvester.getEnergyHarvestedAVAILABLEKilowattHours( ): 9992927.966666667
harvester.getEnergyHarvestedKilowattHours(): 2747871.3391665984
The running average is 61
The membership_value_deployment_threshold is 0.5
Energy harvested: 2810055.920277713
iGeneratingEnergyWhenGridNeedsEnergyMinutes =455861
iGeneratingEnergyWhenGridNeedsEnergyMinutes =455861
iUsingEnergyWhenGridNeedsEnergyMinutes =1670
iGeneratingEnergyWhenGridHasExcessEnergyMinutes = 3873
iUsingEnergyWhenGridHasExcessEnergyMinutes = 0
iIdleWhenGridDoesNotNeedEnergyMinutes = 42207
iIdleWhenGridNeedsEnergyMinutes = 4230868
iEnergyPriceIsZeroMinutes = 240
harvester.getEnergyHarvestedAVAILABLEKilowattHours( ): 9992927.966666667
harvester.getEnergyHarvestedKilowattHours(): 2810055.920277713
The running average is 91
The membership_value_deployment_threshold is 0.5
Energy harvested: 2839088.7430554954
iGeneratingEnergyWhenGridNeedsEnergyMinutes =450024
iGeneratingEnergyWhenGridNeedsEnergyMinutes =450024
iUsingEnergyWhenGridNeedsEnergyMinutes =1580
iGeneratingEnergyWhenGridHasExcessEnergyMinutes = 3849
iUsingEnergyWhenGridHasExcessEnergyMinutes = 3
iIdleWhenGridDoesNotNeedEnergyMinutes = 42228
iIdleWhenGridNeedsEnergyMinutes = 4236795
iEnergyPriceIsZeroMinutes = 240
harvester.getEnergyHarvestedAVAILABLEKilowattHours( ): 9992927.966666667
harvester.getEnergyHarvestedKilowattHours(): 2839088.7430554954
The running average is 121
The membership_value_deployment_threshold is 0.5
Energy harvested: 2860014.006388821
iGeneratingEnergyWhenGridNeedsEnergyMinutes =448065
iGeneratingEnergyWhenGridNeedsEnergyMinutes =448065
iUsingEnergyWhenGridNeedsEnergyMinutes =1590
iGeneratingEnergyWhenGridHasExcessEnergyMinutes = 4170
iUsingEnergyWhenGridHasExcessEnergyMinutes = 10
iIdleWhenGridDoesNotNeedEnergyMinutes = 41900
iIdleWhenGridNeedsEnergyMinutes = 4238744
iEnergyPriceIsZeroMinutes = 240
harvester.getEnergyHarvestedAVAILABLEKilowattHours( ): 9992927.966666667
harvester.getEnergyHarvestedKilowattHours(): 2860014.006388821
Beginning testing mode:
station,&,deployment_membership_value_threshold_array_for_month_1,&,running_average_size_minutes_for_month_1,&,deployment_membership_value_threshold_array_for_month_2,&,running_average_size_minutes_for_month_2,&,deployment_membership_value_threshold_array_for_month_3,&,running_average_size_minutes_for_month_3,&,deployment_membership_value_threshold_array_for_month_4,&,running_average_size_minutes_for_month_4,&,deployment_membership_value_threshold_array_for_month_5,&,running_average_size_minutes_for_month_5,&,deployment_membership_value_threshold_array_for_month_6,&,running_average_size_minutes_for_month_6,&,deployment_membership_value_threshold_array_for_month_7,&,running_average_size_minutes_for_month_7,&,deployment_membership_value_threshold_array_for_month_8,&,running_average_size_minutes_for_month_8,&,deployment_membership_value_threshold_array_for_month_9,&,running_average_size_minutes_for_month_9,&,deployment_membership_value_threshold_array_for_month_10,&,running_average_size_minutes_for_month_10,&,deployment_membership_value_threshold_array_for_month_11,&,running_average_size_minutes_for_month_11,&,deployment_membership_value_threshold_array_for_month_12,&,running_average_size_minutes_for_month_12,&,dNetNorm,&,dMarketBalancePercentage,&,dMarketNetNorm,
results: KPIT,&,0.5,&,121,&,0.5,&,31,&,0.5,&,31,&,0.5,&,121,&,0.5,&,91,&,0.5,&,31,&,0.5,&,61,&,0.5,&,31,&,0.5,&,31,&,0.5,&,91,&,0.5,&,61,&,0.5,&,1,&,0.2791484025954905,&,0.89161266084343,&,0.24889225000835835
monthly visible minutes:KPIT,&,2013,&,8672,&,8672,&,8672,&,8672,&,8672,&,8672,&,8672,&,8672,&,8672,&,8672,&,8672,&,8672,&,
monthly visible minutes:KPIT,&,2014,&,8672,&,8672,&,8672,&,8672,&,8672,&,8672,&,8672,&,8672,&,8672,&,8672,&,8672,&,8672,&,
monthly minutes harvester between states:KPIT,&,2013,&,38,&,38,&,38,&,38,&,38,&,38,&,38,&,38,&,38,&,38,&,38,&,38,&,
monthly minutes harvester between states:KPIT,&,2014,&,38,&,38,&,38,&,38,&,38,&,38,&,38,&,38,&,38,&,38,&,38,&,38,&,
FuzzyVsCrisp: KPIT,1,true,true
station,&,deployment_membership_value_threshold_array_for_month_1,&,running_average_size_minutes_for_month_1,&,deployment_membership_value_threshold_array_for_month_2,&,running_average_size_minutes_for_month_2,&,deployment_membership_value_threshold_array_for_month_3,&,running_average_size_minutes_for_month_3,&,deployment_membership_value_threshold_array_for_month_4,&,running_average_size_minutes_for_month_4,&,deployment_membership_value_threshold_array_for_month_5,&,running_average_size_minutes_for_month_5,&,deployment_membership_value_threshold_array_for_month_6,&,running_average_size_minutes_for_month_6,&,deployment_membership_value_threshold_array_for_month_7,&,running_average_size_minutes_for_month_7,&,deployment_membership_value_threshold_array_for_month_8,&,running_average_size_minutes_for_month_8,&,deployment_membership_value_threshold_array_for_month_9,&,running_average_size_minutes_for_month_9,&,deployment_membership_value_threshold_array_for_month_10,&,running_average_size_minutes_for_month_10,&,deployment_membership_value_threshold_array_for_month_11,&,running_average_size_minutes_for_month_11,&,deployment_membership_value_threshold_array_for_month_12,&,running_average_size_minutes_for_month_12,&,dNetNorm,&,dMarketBalancePercentage,&,dMarketNetNorm,
results: KPIT,&,0.5,&,121,&,0.5,&,31,&,0.5,&,31,&,0.5,&,121,&,0.5,&,91,&,0.5,&,31,&,0.5,&,61,&,0.5,&,31,&,0.5,&,31,&,0.5,&,91,&,0.5,&,61,&,0.5,&,1,&,0.2791484025954905,&,0.89161266084343,&,0.24889225000835835
monthly visible minutes:KPIT,&,2013,&,8672,&,8672,&,8672,&,8672,&,8672,&,8672,&,8672,&,8672,&,8672,&,8672,&,8672,&,8672,&,
monthly visible minutes:KPIT,&,2014,&,8672,&,8672,&,8672,&,8672,&,8672,&,8672,&,8672,&,8672,&,8672,&,8672,&,8672,&,8672,&,
monthly minutes harvester between states:KPIT,&,2013,&,38,&,38,&,38,&,38,&,38,&,38,&,38,&,38,&,38,&,38,&,38,&,38,&,
monthly minutes harvester between states:KPIT,&,2014,&,38,&,38,&,38,&,38,&,38,&,38,&,38,&,38,&,38,&,38,&,38,&,38,&,
FuzzyVsCrisp: KPIT,1,true,true
Station: KSAC
abc: The current path is /home/guy/retractable-wind
I have found the property file.
The training windspeed filename is /trainingKSAC2004-2012in.csv
The testing windspeed filename is /testingKSAC2013-2014in.csv
Yes, the station is KSAC
Warning: The bAlsoUsePrediction no longer has any effect
iUsedAllItsAllocatedVisibilityMinutesPerMonth: 8760
Visibility Allocation Minutes:8760
HARVESTER_SIZE_SQM is 6362
Reading file
Success: /Wind turbine power curves - wind turbine power output against wind speed in knots.csv found.
Speed (Knots) = Speed(knots) vs power (kW) , Power (kW) =V90
Speed (Knots) = 0 , Power (kW) =0
Speed (Knots) = 1 , Power (kW) =0
Speed (Knots) = 2 , Power (kW) =0
Speed (Knots) = 3 , Power (kW) =0
Speed (Knots) = 4 , Power (kW) =0
Speed (Knots) = 5 , Power (kW) =0
Speed (Knots) = 6 , Power (kW) =0
Speed (Knots) = 7 , Power (kW) =38
Speed (Knots) = 8 , Power (kW) =87
Speed (Knots) = 9 , Power (kW) =141
Speed (Knots) = 10 , Power (kW) =207
Speed (Knots) = 11 , Power (kW) =286
Speed (Knots) = 12 , Power (kW) =382
Speed (Knots) = 13 , Power (kW) =496
Speed (Knots) = 14 , Power (kW) =628
Speed (Knots) = 15 , Power (kW) =781
Speed (Knots) = 16 , Power (kW) =957
Speed (Knots) = 17 , Power (kW) =1153
Speed (Knots) = 18 , Power (kW) =1366
Speed (Knots) = 19 , Power (kW) =1589
Speed (Knots) = 20 , Power (kW) =1814
Speed (Knots) = 21 , Power (kW) =2035
Speed (Knots) = 22 , Power (kW) =2250
Speed (Knots) = 23 , Power (kW) =2452
Speed (Knots) = 24 , Power (kW) =2634
Speed (Knots) = 25 , Power (kW) =2784
Speed (Knots) = 26 , Power (kW) =2888
Speed (Knots) = 27 , Power (kW) =2949
Speed (Knots) = 28 , Power (kW) =2980
Speed (Knots) = 29 , Power (kW) =2993
Speed (Knots) = 30 , Power (kW) =3000
Speed (Knots) = 31 , Power (kW) =3000
Speed (Knots) = 32 , Power (kW) =3000
Speed (Knots) = 33 , Power (kW) =3000
Speed (Knots) = 34 , Power (kW) =3000
Speed (Knots) = 35 , Power (kW) =3000
Speed (Knots) = 36 , Power (kW) =3000
Speed (Knots) = 37 , Power (kW) =3000
Speed (Knots) = 38 , Power (kW) =3000
Speed (Knots) = 39 , Power (kW) =3000
Speed (Knots) = 40 , Power (kW) =3000
Speed (Knots) = 41 , Power (kW) =3000
Speed (Knots) = 42 , Power (kW) =3000
Speed (Knots) = 43 , Power (kW) =3000
Speed (Knots) = 44 , Power (kW) =3000
Speed (Knots) = 45 , Power (kW) =3000
Speed (Knots) = 46 , Power (kW) =3000
Speed (Knots) = 47 , Power (kW) =3000
Speed (Knots) = 48 , Power (kW) =3000
Speed (Knots) = 49 , Power (kW) =0
Speed (Knots) = 50 , Power (kW) =0
Speed (Knots) = 51 , Power (kW) =0
Speed (Knots) = 52 , Power (kW) =0
Speed (Knots) = 53 , Power (kW) =0
Speed (Knots) = 54 , Power (kW) =0
Speed (Knots) = 55 , Power (kW) =0
Speed (Knots) = 56 , Power (kW) =0
Speed (Knots) = 57 , Power (kW) =0
Speed (Knots) = 58 , Power (kW) =0
Speed (Knots) = 59 , Power (kW) =0
Speed (Knots) = 60 , Power (kW) =0
The scale is 1.0
Wind power at 10 knots in kilowatts is 207.0
Wind power in-cut-out test 0.0
Fuzzy
Class name:edu.pitt.cs.people.guy.wind.benchmarks.Fuzzy5
Success: /Noise_Allowed_Time_Definitions_All_Stations.csv found.
The station is the record is KSAC
Success: /Noise_Allowed_Time_Definitions_All_Stations.csv found.
The station is the record is KSAC
I have found the membership file for NOT WINDY.
Windspeed (knots) [0,1), Membership Value =1.00000000,1.0
Windspeed (knots) [1,2), Membership Value =0.99973311,0.9997331
Windspeed (knots) [2,3), Membership Value =0.99693987,0.9969399
Windspeed (knots) [3,4), Membership Value =0.98644995,0.98644996
Windspeed (knots) [4,5), Membership Value =0.96259099,0.962591
Windspeed (knots) [5,6), Membership Value =0.92142306,0.9214231
Windspeed (knots) [6,7), Membership Value =0.86200159,0.8620016
Windspeed (knots) [7,8), Membership Value =0.78174397,0.78174394
Windspeed (knots) [8,9), Membership Value =0.68863577,0.68863577
Windspeed (knots) [9,10), Membership Value =0.58899832,0.5889983
Windspeed (knots) [10,11), Membership Value =0.48746724,0.48746723
Windspeed (knots) [11,12), Membership Value =0.38885905,0.38885906
Windspeed (knots) [12,13), Membership Value =0.29687558,0.29687557
Windspeed (knots) [13,14), Membership Value =0.21325590,0.2132559
Windspeed (knots) [14,15), Membership Value =0.13810953,0.13810953
Windspeed (knots) [15,16), Membership Value =0.07087199,0.07087199
Windspeed (knots) [16,17), Membership Value =0.01076194,0.01076194
Windspeed (knots) [17,18), Membership Value =0.00000000,0.0
Windspeed (knots) [18,19), Membership Value =0.00000000,0.0
Windspeed (knots) [19,20), Membership Value =0.00000000,0.0
Windspeed (knots) [20,21), Membership Value =0.00000000,0.0
Windspeed (knots) [21,22), Membership Value =0.00000000,0.0
Windspeed (knots) [22,23), Membership Value =0.00000000,0.0
Windspeed (knots) [23,24), Membership Value =0.00000000,0.0
Windspeed (knots) [24,25), Membership Value =0.00000000,0.0
Windspeed (knots) [25,26), Membership Value =0.00000000,0.0
Windspeed (knots) [26,27), Membership Value =0.00000000,0.0
Windspeed (knots) [27,28), Membership Value =0.00000000,0.0
Windspeed (knots) [28,29), Membership Value =0.00000000,0.0
Windspeed (knots) [29,30), Membership Value =0.00000000,0.0
Windspeed (knots) [30,31), Membership Value =0.00000000,0.0
Windspeed (knots) [31,32), Membership Value =0.00000000,0.0
Windspeed (knots) [32,33), Membership Value =0.00000000,0.0
Windspeed (knots) [33,34), Membership Value =0.00000000,0.0
Windspeed (knots) [34,35), Membership Value =0.00000000,0.0
Windspeed (knots) [35,36), Membership Value =0.00000000,0.0
Windspeed (knots) [36,37), Membership Value =0.00000000,0.0
Windspeed (knots) [37,38), Membership Value =0.00000000,0.0
Windspeed (knots) [38,39), Membership Value =0.00000000,0.0
Windspeed (knots) [39,40), Membership Value =0.00000000,0.0
Windspeed (knots) [40,41), Membership Value =0.00000000,0.0
Windspeed (knots) [41,42), Membership Value =0.00000000,0.0
Windspeed (knots) [42,43), Membership Value =0.00000000,0.0
Windspeed (knots) [43,44), Membership Value =0.00000000,0.0
Windspeed (knots) [44,45), Membership Value =0.00000000,0.0
Windspeed (knots) [45,46), Membership Value =0.00000000,0.0
Windspeed (knots) [46,47), Membership Value =0.00000000,0.0
Windspeed (knots) [47,48), Membership Value =0.00000000,0.0
Windspeed (knots) [48,49), Membership Value =0.00000000,0.0
Windspeed (knots) [49,50), Membership Value =0.00000000,0.0
Windspeed (knots) [50,51), Membership Value =0.00000000,0.0
Windspeed (knots) [51,52), Membership Value =0.00000000,0.0
Windspeed (knots) [52,53), Membership Value =0.00000000,0.0
Windspeed (knots) [53,54), Membership Value =0.00000000,0.0
Windspeed (knots) [54,55), Membership Value =0.00000000,0.0
Windspeed (knots) [55,56), Membership Value =0.00000000,0.0
Windspeed (knots) [56,57), Membership Value =0.00000000,0.0
Windspeed (knots) [57,58), Membership Value =0.00000000,0.0
Windspeed (knots) [58,59), Membership Value =0.00000000,0.0
Windspeed (knots) [59,60), Membership Value =0.00000000,0.0
Windspeed (knots) [60,61), Membership Value =0.00000000,0.0
Windspeed (knots) [61,62), Membership Value =0.00000000,0.0
Windspeed (knots) [62,63), Membership Value =0.00000000,0.0
Windspeed (knots) [63,64), Membership Value =0.00000000,0.0
Windspeed (knots) [64,65), Membership Value =0.00000000,0.0
Windspeed (knots) [65,66), Membership Value =0.00000000,0.0
Windspeed (knots) [66,67), Membership Value =0.00000000,0.0
Windspeed (knots) [67,68), Membership Value =0.00000000,0.0
Windspeed (knots) [68,69), Membership Value =0.00000000,0.0
Windspeed (knots) [69,70), Membership Value =0.00000000,0.0
Windspeed (knots) [70,71), Membership Value =0.00000000,0.0
Windspeed (knots) [71,72), Membership Value =0.00000000,0.0
Windspeed (knots) [72,73), Membership Value =0.00000000,0.0
Windspeed (knots) [73,74), Membership Value =0.00000000,0.0
Windspeed (knots) [74,75), Membership Value =0.00000000,0.0
Windspeed (knots) [75,76), Membership Value =0.00000000,0.0
Windspeed (knots) [76,77), Membership Value =0.00000000,0.0
Windspeed (knots) [77,78), Membership Value =0.00000000,0.0
Windspeed (knots) [78,79), Membership Value =0.00000000,0.0
Windspeed (knots) [79,80), Membership Value =0.00000000,0.0
Windspeed (knots) [80,81), Membership Value =0.00000000,0.0
Windspeed (knots) [81,82), Membership Value =0.00000000,0.0
Windspeed (knots) [82,83), Membership Value =0.00000000,0.0
Windspeed (knots) [83,84), Membership Value =0.00000000,0.0
Windspeed (knots) [84,85), Membership Value =0.00000000,0.0
Windspeed (knots) [85,86), Membership Value =0.00000000,0.0
Windspeed (knots) [86,87), Membership Value =0.00000000,0.0
Windspeed (knots) [87,88), Membership Value =0.00000000,0.0
Windspeed (knots) [88,89), Membership Value =0.00000000,0.0
Windspeed (knots) [89,90), Membership Value =0.00000000,0.0
Windspeed (knots) [90,91), Membership Value =0.00000000,0.0
Windspeed (knots) [91,92), Membership Value =0.00000000,0.0
Windspeed (knots) [92,93), Membership Value =0.00000000,0.0
Windspeed (knots) [93,94), Membership Value =0.00000000,0.0
Windspeed (knots) [94,95), Membership Value =0.00000000,0.0
Windspeed (knots) [95,96), Membership Value =0.00000000,0.0
Windspeed (knots) [96,97), Membership Value =0.00000000,0.0
Windspeed (knots) [97,98), Membership Value =0.00000000,0.0
Windspeed (knots) [98,99), Membership Value =0.00000000,0.0
Windspeed (knots) [99,100), Membership Value =0.00000000,0.0
Windspeed (knots) [100,101), Membership Value =0.00000000,0.0
Windspeed (knots) [101,102), Membership Value =0.00000000,0.0
Windspeed (knots) [102,103), Membership Value =0.00000000,0.0
Windspeed (knots) [103,104), Membership Value =0.00000000,0.0
Windspeed (knots) [104,105), Membership Value =0.00000000,0.0
Windspeed (knots) [105,106), Membership Value =0.00000000,0.0
Windspeed (knots) [106,107), Membership Value =0.00000000,0.0
Windspeed (knots) [107,108), Membership Value =0.00000000,0.0
Windspeed (knots) [108,109), Membership Value =0.00000000,0.0
Windspeed (knots) [109,110), Membership Value =0.00000000,0.0
Windspeed (knots) [110,111), Membership Value =0.00000000,0.0
Windspeed (knots) [111,112), Membership Value =0.00000000,0.0
Windspeed (knots) [112,113), Membership Value =0.00000000,0.0
Windspeed (knots) [113,114), Membership Value =0.00000000,0.0
Windspeed (knots) [114,115), Membership Value =0.00000000,0.0
Windspeed (knots) [115,116), Membership Value =0.00000000,0.0
Windspeed (knots) [116,117), Membership Value =0.00000000,0.0
Windspeed (knots) [117,118), Membership Value =0.00000000,0.0
Windspeed (knots) [118,119), Membership Value =0.00000000,0.0
Windspeed (knots) [119,120), Membership Value =0.00000000,0.0
Windspeed (knots) [120,121), Membership Value =0.00000000,0.0
Windspeed (knots) [121,122), Membership Value =0.00000000,0.0
Windspeed (knots) [122,123), Membership Value =0.00000000,0.0
Windspeed (knots) [123,124), Membership Value =0.00000000,0.0
Windspeed (knots) [124,125), Membership Value =0.00000000,0.0
LowestWindspeedThatIsWindyKnots for station KSAC is 6 knots.
Transition limited :true
bUseWeatherPrediction: true
The running average is 1
The membership_value_deployment_threshold is 0.5
Energy harvested: 1484993.2675000285
iGeneratingEnergyWhenGridNeedsEnergyMinutes =328051
iGeneratingEnergyWhenGridNeedsEnergyMinutes =328051
iUsingEnergyWhenGridNeedsEnergyMinutes =2005
iGeneratingEnergyWhenGridHasExcessEnergyMinutes = 3177
iUsingEnergyWhenGridHasExcessEnergyMinutes = 6
iIdleWhenGridDoesNotNeedEnergyMinutes = 42897
iIdleWhenGridNeedsEnergyMinutes = 4357226
iEnergyPriceIsZeroMinutes = 240
harvester.getEnergyHarvestedAVAILABLEKilowattHours( ): 6023616.266666667
harvester.getEnergyHarvestedKilowattHours(): 1484993.2675000285
The running average is 31
The membership_value_deployment_threshold is 0.5
Energy harvested: 1861762.0575000271
iGeneratingEnergyWhenGridNeedsEnergyMinutes =351346
iGeneratingEnergyWhenGridNeedsEnergyMinutes =351346
iUsingEnergyWhenGridNeedsEnergyMinutes =1870
iGeneratingEnergyWhenGridHasExcessEnergyMinutes = 2529
iUsingEnergyWhenGridHasExcessEnergyMinutes = 0
iIdleWhenGridDoesNotNeedEnergyMinutes = 43551
iIdleWhenGridNeedsEnergyMinutes = 4334066
iEnergyPriceIsZeroMinutes = 240
harvester.getEnergyHarvestedAVAILABLEKilowattHours( ): 6023616.266666667
harvester.getEnergyHarvestedKilowattHours(): 1861762.0575000271
The running average is 61
The membership_value_deployment_threshold is 0.5
Energy harvested: 1838304.5727778047
iGeneratingEnergyWhenGridNeedsEnergyMinutes =345264
iGeneratingEnergyWhenGridNeedsEnergyMinutes =345264
iUsingEnergyWhenGridNeedsEnergyMinutes =1829
iGeneratingEnergyWhenGridHasExcessEnergyMinutes = 2457
iUsingEnergyWhenGridHasExcessEnergyMinutes = 0
iIdleWhenGridDoesNotNeedEnergyMinutes = 43623
iIdleWhenGridNeedsEnergyMinutes = 4340189
iEnergyPriceIsZeroMinutes = 240
harvester.getEnergyHarvestedAVAILABLEKilowattHours( ): 6023616.266666667
harvester.getEnergyHarvestedKilowattHours(): 1838304.5727778047
The running average is 91
The membership_value_deployment_threshold is 0.5
Energy harvested: 1896111.2741666925
iGeneratingEnergyWhenGridNeedsEnergyMinutes =348018
iGeneratingEnergyWhenGridNeedsEnergyMinutes =348018
iUsingEnergyWhenGridNeedsEnergyMinutes =1767
iGeneratingEnergyWhenGridHasExcessEnergyMinutes = 2411
iUsingEnergyWhenGridHasExcessEnergyMinutes = 0
iIdleWhenGridDoesNotNeedEnergyMinutes = 43669
iIdleWhenGridNeedsEnergyMinutes = 4337497
iEnergyPriceIsZeroMinutes = 240
harvester.getEnergyHarvestedAVAILABLEKilowattHours( ): 6023616.266666667
harvester.getEnergyHarvestedKilowattHours(): 1896111.2741666925
The running average is 121
The membership_value_deployment_threshold is 0.5
Energy harvested: 1900530.008888915
iGeneratingEnergyWhenGridNeedsEnergyMinutes =344816
iGeneratingEnergyWhenGridNeedsEnergyMinutes =344816
iUsingEnergyWhenGridNeedsEnergyMinutes =1753
iGeneratingEnergyWhenGridHasExcessEnergyMinutes = 2401
iUsingEnergyWhenGridHasExcessEnergyMinutes = 8
iIdleWhenGridDoesNotNeedEnergyMinutes = 43671
iIdleWhenGridNeedsEnergyMinutes = 4340713
iEnergyPriceIsZeroMinutes = 240
harvester.getEnergyHarvestedAVAILABLEKilowattHours( ): 6023616.266666667
harvester.getEnergyHarvestedKilowattHours(): 1900530.008888915
Beginning testing mode:
station,&,deployment_membership_value_threshold_array_for_month_1,&,running_average_size_minutes_for_month_1,&,deployment_membership_value_threshold_array_for_month_2,&,running_average_size_minutes_for_month_2,&,deployment_membership_value_threshold_array_for_month_3,&,running_average_size_minutes_for_month_3,&,deployment_membership_value_threshold_array_for_month_4,&,running_average_size_minutes_for_month_4,&,deployment_membership_value_threshold_array_for_month_5,&,running_average_size_minutes_for_month_5,&,deployment_membership_value_threshold_array_for_month_6,&,running_average_size_minutes_for_month_6,&,deployment_membership_value_threshold_array_for_month_7,&,running_average_size_minutes_for_month_7,&,deployment_membership_value_threshold_array_for_month_8,&,running_average_size_minutes_for_month_8,&,deployment_membership_value_threshold_array_for_month_9,&,running_average_size_minutes_for_month_9,&,deployment_membership_value_threshold_array_for_month_10,&,running_average_size_minutes_for_month_10,&,deployment_membership_value_threshold_array_for_month_11,&,running_average_size_minutes_for_month_11,&,deployment_membership_value_threshold_array_for_month_12,&,running_average_size_minutes_for_month_12,&,dNetNorm,&,dMarketBalancePercentage,&,dMarketNetNorm,
results: KSAC,&,0.5,&,31,&,0.5,&,1,&,0.5,&,121,&,0.5,&,1,&,0.5,&,1,&,0.5,&,91,&,0.5,&,61,&,0.5,&,31,&,0.5,&,31,&,0.5,&,61,&,0.5,&,1,&,0.5,&,1,&,0.29548618253155307,&,0.9451545334074296,&,0.2792801049789526
monthly visible minutes:KSAC,&,2013,&,8672,&,8672,&,8672,&,8672,&,8672,&,8672,&,8672,&,8672,&,8672,&,8672,&,8672,&,8672,&,
monthly visible minutes:KSAC,&,2014,&,8672,&,8672,&,8672,&,8672,&,8672,&,8672,&,8672,&,8672,&,8672,&,8672,&,8672,&,8672,&,
monthly minutes harvester between states:KSAC,&,2013,&,38,&,38,&,38,&,38,&,38,&,38,&,38,&,38,&,38,&,38,&,38,&,38,&,
monthly minutes harvester between states:KSAC,&,2014,&,38,&,38,&,38,&,38,&,38,&,38,&,38,&,38,&,38,&,38,&,38,&,38,&,
FuzzyVsCrisp: KSAC,1,true,true
station,&,deployment_membership_value_threshold_array_for_month_1,&,running_average_size_minutes_for_month_1,&,deployment_membership_value_threshold_array_for_month_2,&,running_average_size_minutes_for_month_2,&,deployment_membership_value_threshold_array_for_month_3,&,running_average_size_minutes_for_month_3,&,deployment_membership_value_threshold_array_for_month_4,&,running_average_size_minutes_for_month_4,&,deployment_membership_value_threshold_array_for_month_5,&,running_average_size_minutes_for_month_5,&,deployment_membership_value_threshold_array_for_month_6,&,running_average_size_minutes_for_month_6,&,deployment_membership_value_threshold_array_for_month_7,&,running_average_size_minutes_for_month_7,&,deployment_membership_value_threshold_array_for_month_8,&,running_average_size_minutes_for_month_8,&,deployment_membership_value_threshold_array_for_month_9,&,running_average_size_minutes_for_month_9,&,deployment_membership_value_threshold_array_for_month_10,&,running_average_size_minutes_for_month_10,&,deployment_membership_value_threshold_array_for_month_11,&,running_average_size_minutes_for_month_11,&,deployment_membership_value_threshold_array_for_month_12,&,running_average_size_minutes_for_month_12,&,dNetNorm,&,dMarketBalancePercentage,&,dMarketNetNorm,
results: KSAC,&,0.5,&,31,&,0.5,&,1,&,0.5,&,121,&,0.5,&,1,&,0.5,&,1,&,0.5,&,91,&,0.5,&,61,&,0.5,&,31,&,0.5,&,31,&,0.5,&,61,&,0.5,&,1,&,0.5,&,1,&,0.29548618253155307,&,0.9451545334074296,&,0.2792801049789526
monthly visible minutes:KSAC,&,2013,&,8672,&,8672,&,8672,&,8672,&,8672,&,8672,&,8672,&,8672,&,8672,&,8672,&,8672,&,8672,&,
monthly visible minutes:KSAC,&,2014,&,8672,&,8672,&,8672,&,8672,&,8672,&,8672,&,8672,&,8672,&,8672,&,8672,&,8672,&,8672,&,
monthly minutes harvester between states:KSAC,&,2013,&,38,&,38,&,38,&,38,&,38,&,38,&,38,&,38,&,38,&,38,&,38,&,38,&,
monthly minutes harvester between states:KSAC,&,2014,&,38,&,38,&,38,&,38,&,38,&,38,&,38,&,38,&,38,&,38,&,38,&,38,&,
FuzzyVsCrisp: KSAC,1,true,true
Station: KSAN
abc: The current path is /home/guy/retractable-wind
I have found the property file.
The training windspeed filename is /trainingKSAN2004-2012in.csv
The testing windspeed filename is /testingKSAN2013-2014in.csv
Yes, the station is KSAN
Warning: The bAlsoUsePrediction no longer has any effect
iUsedAllItsAllocatedVisibilityMinutesPerMonth: 8760
Visibility Allocation Minutes:8760
HARVESTER_SIZE_SQM is 6362
Reading file
Success: /Wind turbine power curves - wind turbine power output against wind speed in knots.csv found.
Speed (Knots) = Speed(knots) vs power (kW) , Power (kW) =V90
Speed (Knots) = 0 , Power (kW) =0
Speed (Knots) = 1 , Power (kW) =0
Speed (Knots) = 2 , Power (kW) =0
Speed (Knots) = 3 , Power (kW) =0
Speed (Knots) = 4 , Power (kW) =0
Speed (Knots) = 5 , Power (kW) =0
Speed (Knots) = 6 , Power (kW) =0
Speed (Knots) = 7 , Power (kW) =38
Speed (Knots) = 8 , Power (kW) =87
Speed (Knots) = 9 , Power (kW) =141
Speed (Knots) = 10 , Power (kW) =207
Speed (Knots) = 11 , Power (kW) =286
Speed (Knots) = 12 , Power (kW) =382
Speed (Knots) = 13 , Power (kW) =496
Speed (Knots) = 14 , Power (kW) =628
Speed (Knots) = 15 , Power (kW) =781
Speed (Knots) = 16 , Power (kW) =957
Speed (Knots) = 17 , Power (kW) =1153
Speed (Knots) = 18 , Power (kW) =1366
Speed (Knots) = 19 , Power (kW) =1589
Speed (Knots) = 20 , Power (kW) =1814
Speed (Knots) = 21 , Power (kW) =2035
Speed (Knots) = 22 , Power (kW) =2250
Speed (Knots) = 23 , Power (kW) =2452
Speed (Knots) = 24 , Power (kW) =2634
Speed (Knots) = 25 , Power (kW) =2784
Speed (Knots) = 26 , Power (kW) =2888
Speed (Knots) = 27 , Power (kW) =2949
Speed (Knots) = 28 , Power (kW) =2980
Speed (Knots) = 29 , Power (kW) =2993
Speed (Knots) = 30 , Power (kW) =3000
Speed (Knots) = 31 , Power (kW) =3000
Speed (Knots) = 32 , Power (kW) =3000
Speed (Knots) = 33 , Power (kW) =3000
Speed (Knots) = 34 , Power (kW) =3000
Speed (Knots) = 35 , Power (kW) =3000
Speed (Knots) = 36 , Power (kW) =3000
Speed (Knots) = 37 , Power (kW) =3000
Speed (Knots) = 38 , Power (kW) =3000
Speed (Knots) = 39 , Power (kW) =3000
Speed (Knots) = 40 , Power (kW) =3000
Speed (Knots) = 41 , Power (kW) =3000
Speed (Knots) = 42 , Power (kW) =3000
Speed (Knots) = 43 , Power (kW) =3000
Speed (Knots) = 44 , Power (kW) =3000
Speed (Knots) = 45 , Power (kW) =3000
Speed (Knots) = 46 , Power (kW) =3000
Speed (Knots) = 47 , Power (kW) =3000
Speed (Knots) = 48 , Power (kW) =3000
Speed (Knots) = 49 , Power (kW) =0
Speed (Knots) = 50 , Power (kW) =0
Speed (Knots) = 51 , Power (kW) =0
Speed (Knots) = 52 , Power (kW) =0
Speed (Knots) = 53 , Power (kW) =0
Speed (Knots) = 54 , Power (kW) =0
Speed (Knots) = 55 , Power (kW) =0
Speed (Knots) = 56 , Power (kW) =0
Speed (Knots) = 57 , Power (kW) =0
Speed (Knots) = 58 , Power (kW) =0
Speed (Knots) = 59 , Power (kW) =0
Speed (Knots) = 60 , Power (kW) =0
The scale is 1.0
Wind power at 10 knots in kilowatts is 207.0
Wind power in-cut-out test 0.0
Fuzzy
Class name:edu.pitt.cs.people.guy.wind.benchmarks.Fuzzy5
Success: /Noise_Allowed_Time_Definitions_All_Stations.csv found.
The station is the record is KSAN
Success: /Noise_Allowed_Time_Definitions_All_Stations.csv found.
The station is the record is KSAN
I have found the membership file for NOT WINDY.
Windspeed (knots) [0,1), Membership Value =1.00000000,1.0
Windspeed (knots) [1,2), Membership Value =0.99969692,0.9996969
Windspeed (knots) [2,3), Membership Value =0.99611795,0.99611795
Windspeed (knots) [3,4), Membership Value =0.98306339,0.9830634
Windspeed (knots) [4,5), Membership Value =0.95248416,0.95248413
Windspeed (knots) [5,6), Membership Value =0.89824335,0.89824337
Windspeed (knots) [6,7), Membership Value =0.81762056,0.8176206
Windspeed (knots) [7,8), Membership Value =0.70590716,0.70590717
Windspeed (knots) [8,9), Membership Value =0.56347230,0.5634723
Windspeed (knots) [9,10), Membership Value =0.40870040,0.4087004
Windspeed (knots) [10,11), Membership Value =0.26055232,0.26055232
Windspeed (knots) [11,12), Membership Value =0.13012901,0.13012901
Windspeed (knots) [12,13), Membership Value =0.03512288,0.03512288
Windspeed (knots) [13,14), Membership Value =0.00000000,0.0
Windspeed (knots) [14,15), Membership Value =0.00000000,0.0
Windspeed (knots) [15,16), Membership Value =0.00000000,0.0
Windspeed (knots) [16,17), Membership Value =0.00000000,0.0
Windspeed (knots) [17,18), Membership Value =0.00000000,0.0
Windspeed (knots) [18,19), Membership Value =0.00000000,0.0
Windspeed (knots) [19,20), Membership Value =0.00000000,0.0
Windspeed (knots) [20,21), Membership Value =0.00000000,0.0
Windspeed (knots) [21,22), Membership Value =0.00000000,0.0
Windspeed (knots) [22,23), Membership Value =0.00000000,0.0
Windspeed (knots) [23,24), Membership Value =0.00000000,0.0
Windspeed (knots) [24,25), Membership Value =0.00000000,0.0
Windspeed (knots) [25,26), Membership Value =0.00000000,0.0
Windspeed (knots) [26,27), Membership Value =0.00000000,0.0
Windspeed (knots) [27,28), Membership Value =0.00000000,0.0
Windspeed (knots) [28,29), Membership Value =0.00000000,0.0
Windspeed (knots) [29,30), Membership Value =0.00000000,0.0
Windspeed (knots) [30,31), Membership Value =0.00000000,0.0
Windspeed (knots) [31,32), Membership Value =0.00000000,0.0
Windspeed (knots) [32,33), Membership Value =0.00000000,0.0
Windspeed (knots) [33,34), Membership Value =0.00000000,0.0
Windspeed (knots) [34,35), Membership Value =0.00000000,0.0
Windspeed (knots) [35,36), Membership Value =0.00000000,0.0
Windspeed (knots) [36,37), Membership Value =0.00000000,0.0
Windspeed (knots) [37,38), Membership Value =0.00000000,0.0
Windspeed (knots) [38,39), Membership Value =0.00000000,0.0
Windspeed (knots) [39,40), Membership Value =0.00000000,0.0
Windspeed (knots) [40,41), Membership Value =0.00000000,0.0
Windspeed (knots) [41,42), Membership Value =0.00000000,0.0
Windspeed (knots) [42,43), Membership Value =0.00000000,0.0
Windspeed (knots) [43,44), Membership Value =0.00000000,0.0
Windspeed (knots) [44,45), Membership Value =0.00000000,0.0
Windspeed (knots) [45,46), Membership Value =0.00000000,0.0
Windspeed (knots) [46,47), Membership Value =0.00000000,0.0
Windspeed (knots) [47,48), Membership Value =0.00000000,0.0
Windspeed (knots) [48,49), Membership Value =0.00000000,0.0
Windspeed (knots) [49,50), Membership Value =0.00000000,0.0
Windspeed (knots) [50,51), Membership Value =0.00000000,0.0
Windspeed (knots) [51,52), Membership Value =0.00000000,0.0
Windspeed (knots) [52,53), Membership Value =0.00000000,0.0
Windspeed (knots) [53,54), Membership Value =0.00000000,0.0
Windspeed (knots) [54,55), Membership Value =0.00000000,0.0
Windspeed (knots) [55,56), Membership Value =0.00000000,0.0
Windspeed (knots) [56,57), Membership Value =0.00000000,0.0
Windspeed (knots) [57,58), Membership Value =0.00000000,0.0
Windspeed (knots) [58,59), Membership Value =0.00000000,0.0
Windspeed (knots) [59,60), Membership Value =0.00000000,0.0
Windspeed (knots) [60,61), Membership Value =0.00000000,0.0
Windspeed (knots) [61,62), Membership Value =0.00000000,0.0
Windspeed (knots) [62,63), Membership Value =0.00000000,0.0
Windspeed (knots) [63,64), Membership Value =0.00000000,0.0
Windspeed (knots) [64,65), Membership Value =0.00000000,0.0
Windspeed (knots) [65,66), Membership Value =0.00000000,0.0
Windspeed (knots) [66,67), Membership Value =0.00000000,0.0
Windspeed (knots) [67,68), Membership Value =0.00000000,0.0
Windspeed (knots) [68,69), Membership Value =0.00000000,0.0
Windspeed (knots) [69,70), Membership Value =0.00000000,0.0
Windspeed (knots) [70,71), Membership Value =0.00000000,0.0
Windspeed (knots) [71,72), Membership Value =0.00000000,0.0
Windspeed (knots) [72,73), Membership Value =0.00000000,0.0
Windspeed (knots) [73,74), Membership Value =0.00000000,0.0
Windspeed (knots) [74,75), Membership Value =0.00000000,0.0
Windspeed (knots) [75,76), Membership Value =0.00000000,0.0
Windspeed (knots) [76,77), Membership Value =0.00000000,0.0
Windspeed (knots) [77,78), Membership Value =0.00000000,0.0
Windspeed (knots) [78,79), Membership Value =0.00000000,0.0
Windspeed (knots) [79,80), Membership Value =0.00000000,0.0
Windspeed (knots) [80,81), Membership Value =0.00000000,0.0
Windspeed (knots) [81,82), Membership Value =0.00000000,0.0
Windspeed (knots) [82,83), Membership Value =0.00000000,0.0
Windspeed (knots) [83,84), Membership Value =0.00000000,0.0
Windspeed (knots) [84,85), Membership Value =0.00000000,0.0
Windspeed (knots) [85,86), Membership Value =0.00000000,0.0
Windspeed (knots) [86,87), Membership Value =0.00000000,0.0
Windspeed (knots) [87,88), Membership Value =0.00000000,0.0
Windspeed (knots) [88,89), Membership Value =0.00000000,0.0
Windspeed (knots) [89,90), Membership Value =0.00000000,0.0
Windspeed (knots) [90,91), Membership Value =0.00000000,0.0
Windspeed (knots) [91,92), Membership Value =0.00000000,0.0
Windspeed (knots) [92,93), Membership Value =0.00000000,0.0
Windspeed (knots) [93,94), Membership Value =0.00000000,0.0
Windspeed (knots) [94,95), Membership Value =0.00000000,0.0
Windspeed (knots) [95,96), Membership Value =0.00000000,0.0
Windspeed (knots) [96,97), Membership Value =0.00000000,0.0
Windspeed (knots) [97,98), Membership Value =0.00000000,0.0
Windspeed (knots) [98,99), Membership Value =0.00000000,0.0
Windspeed (knots) [99,100), Membership Value =0.00000000,0.0
Windspeed (knots) [100,101), Membership Value =0.00000000,0.0
Windspeed (knots) [101,102), Membership Value =0.00000000,0.0
Windspeed (knots) [102,103), Membership Value =0.00000000,0.0
Windspeed (knots) [103,104), Membership Value =0.00000000,0.0
Windspeed (knots) [104,105), Membership Value =0.00000000,0.0
Windspeed (knots) [105,106), Membership Value =0.00000000,0.0
Windspeed (knots) [106,107), Membership Value =0.00000000,0.0
Windspeed (knots) [107,108), Membership Value =0.00000000,0.0
Windspeed (knots) [108,109), Membership Value =0.00000000,0.0
Windspeed (knots) [109,110), Membership Value =0.00000000,0.0
Windspeed (knots) [110,111), Membership Value =0.00000000,0.0
Windspeed (knots) [111,112), Membership Value =0.00000000,0.0
Windspeed (knots) [112,113), Membership Value =0.00000000,0.0
Windspeed (knots) [113,114), Membership Value =0.00000000,0.0
Windspeed (knots) [114,115), Membership Value =0.00000000,0.0
Windspeed (knots) [115,116), Membership Value =0.00000000,0.0
Windspeed (knots) [116,117), Membership Value =0.00000000,0.0
Windspeed (knots) [117,118), Membership Value =0.00000000,0.0
Windspeed (knots) [118,119), Membership Value =0.00000000,0.0
Windspeed (knots) [119,120), Membership Value =0.00000000,0.0
Windspeed (knots) [120,121), Membership Value =0.00000000,0.0
Windspeed (knots) [121,122), Membership Value =0.00000000,0.0
Windspeed (knots) [122,123), Membership Value =0.00000000,0.0
Windspeed (knots) [123,124), Membership Value =0.00000000,0.0
Windspeed (knots) [124,125), Membership Value =0.00000000,0.0
LowestWindspeedThatIsWindyKnots for station KSAN is 5 knots.
Transition limited :true
bUseWeatherPrediction: true
The running average is 1
The membership_value_deployment_threshold is 0.5
Energy harvested: 880208.91666669
iGeneratingEnergyWhenGridNeedsEnergyMinutes =306531
iGeneratingEnergyWhenGridNeedsEnergyMinutes =306531
iUsingEnergyWhenGridNeedsEnergyMinutes =2066
iGeneratingEnergyWhenGridHasExcessEnergyMinutes = 3026
iUsingEnergyWhenGridHasExcessEnergyMinutes = 0
iIdleWhenGridDoesNotNeedEnergyMinutes = 43054
iIdleWhenGridNeedsEnergyMinutes = 4378716
iEnergyPriceIsZeroMinutes = 240
harvester.getEnergyHarvestedAVAILABLEKilowattHours( ): 4329993.183333334
harvester.getEnergyHarvestedKilowattHours(): 880208.91666669
The running average is 31
The membership_value_deployment_threshold is 0.5
Energy harvested: 1144495.4930555786
iGeneratingEnergyWhenGridNeedsEnergyMinutes =331950
iGeneratingEnergyWhenGridNeedsEnergyMinutes =331950
iUsingEnergyWhenGridNeedsEnergyMinutes =2031
iGeneratingEnergyWhenGridHasExcessEnergyMinutes = 2856
iUsingEnergyWhenGridHasExcessEnergyMinutes = 0
iIdleWhenGridDoesNotNeedEnergyMinutes = 43224
iIdleWhenGridNeedsEnergyMinutes = 4353332
iEnergyPriceIsZeroMinutes = 240
harvester.getEnergyHarvestedAVAILABLEKilowattHours( ): 4329993.183333334
harvester.getEnergyHarvestedKilowattHours(): 1144495.4930555786
The running average is 61
The membership_value_deployment_threshold is 0.5
Energy harvested: 1191954.684722245
iGeneratingEnergyWhenGridNeedsEnergyMinutes =340144
iGeneratingEnergyWhenGridNeedsEnergyMinutes =340144
iUsingEnergyWhenGridNeedsEnergyMinutes =1997
iGeneratingEnergyWhenGridHasExcessEnergyMinutes = 2894
iUsingEnergyWhenGridHasExcessEnergyMinutes = 0
iIdleWhenGridDoesNotNeedEnergyMinutes = 43186
iIdleWhenGridNeedsEnergyMinutes = 4345172
iEnergyPriceIsZeroMinutes = 240
harvester.getEnergyHarvestedAVAILABLEKilowattHours( ): 4329993.183333334
harvester.getEnergyHarvestedKilowattHours(): 1191954.684722245
The running average is 91
The membership_value_deployment_threshold is 0.5
Energy harvested: 1214095.1705555778
iGeneratingEnergyWhenGridNeedsEnergyMinutes =341394
iGeneratingEnergyWhenGridNeedsEnergyMinutes =341394
iUsingEnergyWhenGridNeedsEnergyMinutes =1992
iGeneratingEnergyWhenGridHasExcessEnergyMinutes = 2894
iUsingEnergyWhenGridHasExcessEnergyMinutes = 0
iIdleWhenGridDoesNotNeedEnergyMinutes = 43186
iIdleWhenGridNeedsEnergyMinutes = 4343927
iEnergyPriceIsZeroMinutes = 240
harvester.getEnergyHarvestedAVAILABLEKilowattHours( ): 4329993.183333334
harvester.getEnergyHarvestedKilowattHours(): 1214095.1705555778
The running average is 121
The membership_value_deployment_threshold is 0.5
Energy harvested: 1220802.9247222445
iGeneratingEnergyWhenGridNeedsEnergyMinutes =340420
iGeneratingEnergyWhenGridNeedsEnergyMinutes =340420
iUsingEnergyWhenGridNeedsEnergyMinutes =1977
iGeneratingEnergyWhenGridHasExcessEnergyMinutes = 2902
iUsingEnergyWhenGridHasExcessEnergyMinutes = 0
iIdleWhenGridDoesNotNeedEnergyMinutes = 43178
iIdleWhenGridNeedsEnergyMinutes = 4344916
iEnergyPriceIsZeroMinutes = 240
harvester.getEnergyHarvestedAVAILABLEKilowattHours( ): 4329993.183333334
harvester.getEnergyHarvestedKilowattHours(): 1220802.9247222445
Beginning testing mode:
station,&,deployment_membership_value_threshold_array_for_month_1,&,running_average_size_minutes_for_month_1,&,deployment_membership_value_threshold_array_for_month_2,&,running_average_size_minutes_for_month_2,&,deployment_membership_value_threshold_array_for_month_3,&,running_average_size_minutes_for_month_3,&,deployment_membership_value_threshold_array_for_month_4,&,running_average_size_minutes_for_month_4,&,deployment_membership_value_threshold_array_for_month_5,&,running_average_size_minutes_for_month_5,&,deployment_membership_value_threshold_array_for_month_6,&,running_average_size_minutes_for_month_6,&,deployment_membership_value_threshold_array_for_month_7,&,running_average_size_minutes_for_month_7,&,deployment_membership_value_threshold_array_for_month_8,&,running_average_size_minutes_for_month_8,&,deployment_membership_value_threshold_array_for_month_9,&,running_average_size_minutes_for_month_9,&,deployment_membership_value_threshold_array_for_month_10,&,running_average_size_minutes_for_month_10,&,deployment_membership_value_threshold_array_for_month_11,&,running_average_size_minutes_for_month_11,&,deployment_membership_value_threshold_array_for_month_12,&,running_average_size_minutes_for_month_12,&,dNetNorm,&,dMarketBalancePercentage,&,dMarketNetNorm,
results: KSAN,&,0.5,&,31,&,0.5,&,31,&,0.5,&,61,&,0.5,&,1,&,0.5,&,1,&,0.5,&,31,&,0.5,&,1,&,0.5,&,121,&,0.5,&,31,&,0.5,&,1,&,0.5,&,121,&,0.5,&,31,&,0.2603890709628414,&,0.9771202271538519,&,0.25443142816759207
monthly visible minutes:KSAN,&,2013,&,8672,&,8672,&,8672,&,8672,&,8672,&,8672,&,8672,&,8672,&,8672,&,8672,&,8672,&,8672,&,
monthly visible minutes:KSAN,&,2014,&,8672,&,8672,&,8672,&,8672,&,8672,&,8672,&,8672,&,8672,&,8672,&,8672,&,8672,&,8672,&,
monthly minutes harvester between states:KSAN,&,2013,&,38,&,38,&,38,&,38,&,38,&,38,&,38,&,38,&,38,&,38,&,38,&,38,&,
monthly minutes harvester between states:KSAN,&,2014,&,38,&,38,&,38,&,38,&,38,&,38,&,38,&,38,&,38,&,38,&,38,&,38,&,
FuzzyVsCrisp: KSAN,1,true,true
station,&,deployment_membership_value_threshold_array_for_month_1,&,running_average_size_minutes_for_month_1,&,deployment_membership_value_threshold_array_for_month_2,&,running_average_size_minutes_for_month_2,&,deployment_membership_value_threshold_array_for_month_3,&,running_average_size_minutes_for_month_3,&,deployment_membership_value_threshold_array_for_month_4,&,running_average_size_minutes_for_month_4,&,deployment_membership_value_threshold_array_for_month_5,&,running_average_size_minutes_for_month_5,&,deployment_membership_value_threshold_array_for_month_6,&,running_average_size_minutes_for_month_6,&,deployment_membership_value_threshold_array_for_month_7,&,running_average_size_minutes_for_month_7,&,deployment_membership_value_threshold_array_for_month_8,&,running_average_size_minutes_for_month_8,&,deployment_membership_value_threshold_array_for_month_9,&,running_average_size_minutes_for_month_9,&,deployment_membership_value_threshold_array_for_month_10,&,running_average_size_minutes_for_month_10,&,deployment_membership_value_threshold_array_for_month_11,&,running_average_size_minutes_for_month_11,&,deployment_membership_value_threshold_array_for_month_12,&,running_average_size_minutes_for_month_12,&,dNetNorm,&,dMarketBalancePercentage,&,dMarketNetNorm,
results: KSAN,&,0.5,&,31,&,0.5,&,31,&,0.5,&,61,&,0.5,&,1,&,0.5,&,1,&,0.5,&,31,&,0.5,&,1,&,0.5,&,121,&,0.5,&,31,&,0.5,&,1,&,0.5,&,121,&,0.5,&,31,&,0.2603890709628414,&,0.9771202271538519,&,0.25443142816759207
monthly visible minutes:KSAN,&,2013,&,8672,&,8672,&,8672,&,8672,&,8672,&,8672,&,8672,&,8672,&,8672,&,8672,&,8672,&,8672,&,
monthly visible minutes:KSAN,&,2014,&,8672,&,8672,&,8672,&,8672,&,8672,&,8672,&,8672,&,8672,&,8672,&,8672,&,8672,&,8672,&,
monthly minutes harvester between states:KSAN,&,2013,&,38,&,38,&,38,&,38,&,38,&,38,&,38,&,38,&,38,&,38,&,38,&,38,&,
monthly minutes harvester between states:KSAN,&,2014,&,38,&,38,&,38,&,38,&,38,&,38,&,38,&,38,&,38,&,38,&,38,&,38,&,
FuzzyVsCrisp: KSAN,1,true,true
Station: KSAT
abc: The current path is /home/guy/retractable-wind
I have found the property file.
The training windspeed filename is /trainingKSAT2004-2012in.csv
The testing windspeed filename is /testingKSAT2013-2014in.csv
Yes, the station is KSAT
Warning: The bAlsoUsePrediction no longer has any effect
iUsedAllItsAllocatedVisibilityMinutesPerMonth: 8760
Visibility Allocation Minutes:8760
HARVESTER_SIZE_SQM is 6362
Reading file
Success: /Wind turbine power curves - wind turbine power output against wind speed in knots.csv found.
Speed (Knots) = Speed(knots) vs power (kW) , Power (kW) =V90
Speed (Knots) = 0 , Power (kW) =0
Speed (Knots) = 1 , Power (kW) =0
Speed (Knots) = 2 , Power (kW) =0
Speed (Knots) = 3 , Power (kW) =0
Speed (Knots) = 4 , Power (kW) =0
Speed (Knots) = 5 , Power (kW) =0
Speed (Knots) = 6 , Power (kW) =0
Speed (Knots) = 7 , Power (kW) =38
Speed (Knots) = 8 , Power (kW) =87
Speed (Knots) = 9 , Power (kW) =141
Speed (Knots) = 10 , Power (kW) =207
Speed (Knots) = 11 , Power (kW) =286
Speed (Knots) = 12 , Power (kW) =382
Speed (Knots) = 13 , Power (kW) =496
Speed (Knots) = 14 , Power (kW) =628
Speed (Knots) = 15 , Power (kW) =781
Speed (Knots) = 16 , Power (kW) =957
Speed (Knots) = 17 , Power (kW) =1153
Speed (Knots) = 18 , Power (kW) =1366
Speed (Knots) = 19 , Power (kW) =1589
Speed (Knots) = 20 , Power (kW) =1814
Speed (Knots) = 21 , Power (kW) =2035
Speed (Knots) = 22 , Power (kW) =2250
Speed (Knots) = 23 , Power (kW) =2452
Speed (Knots) = 24 , Power (kW) =2634
Speed (Knots) = 25 , Power (kW) =2784
Speed (Knots) = 26 , Power (kW) =2888
Speed (Knots) = 27 , Power (kW) =2949
Speed (Knots) = 28 , Power (kW) =2980
Speed (Knots) = 29 , Power (kW) =2993
Speed (Knots) = 30 , Power (kW) =3000
Speed (Knots) = 31 , Power (kW) =3000
Speed (Knots) = 32 , Power (kW) =3000
Speed (Knots) = 33 , Power (kW) =3000
Speed (Knots) = 34 , Power (kW) =3000
Speed (Knots) = 35 , Power (kW) =3000
Speed (Knots) = 36 , Power (kW) =3000
Speed (Knots) = 37 , Power (kW) =3000
Speed (Knots) = 38 , Power (kW) =3000
Speed (Knots) = 39 , Power (kW) =3000
Speed (Knots) = 40 , Power (kW) =3000
Speed (Knots) = 41 , Power (kW) =3000
Speed (Knots) = 42 , Power (kW) =3000
Speed (Knots) = 43 , Power (kW) =3000
Speed (Knots) = 44 , Power (kW) =3000
Speed (Knots) = 45 , Power (kW) =3000
Speed (Knots) = 46 , Power (kW) =3000
Speed (Knots) = 47 , Power (kW) =3000
Speed (Knots) = 48 , Power (kW) =3000
Speed (Knots) = 49 , Power (kW) =0
Speed (Knots) = 50 , Power (kW) =0
Speed (Knots) = 51 , Power (kW) =0
Speed (Knots) = 52 , Power (kW) =0
Speed (Knots) = 53 , Power (kW) =0
Speed (Knots) = 54 , Power (kW) =0
Speed (Knots) = 55 , Power (kW) =0
Speed (Knots) = 56 , Power (kW) =0
Speed (Knots) = 57 , Power (kW) =0
Speed (Knots) = 58 , Power (kW) =0
Speed (Knots) = 59 , Power (kW) =0
Speed (Knots) = 60 , Power (kW) =0
The scale is 1.0
Wind power at 10 knots in kilowatts is 207.0
Wind power in-cut-out test 0.0
Fuzzy
Class name:edu.pitt.cs.people.guy.wind.benchmarks.Fuzzy5
Success: /Noise_Allowed_Time_Definitions_All_Stations.csv found.
The station is the record is KSAT
Success: /Noise_Allowed_Time_Definitions_All_Stations.csv found.
The station is the record is KSAT
I have found the membership file for NOT WINDY.
Windspeed (knots) [0,1), Membership Value =1.00000000,1.0
Windspeed (knots) [1,2), Membership Value =0.99995887,0.9999589
Windspeed (knots) [2,3), Membership Value =0.99931529,0.99931526
Windspeed (knots) [3,4), Membership Value =0.99624311,0.9962431
Windspeed (knots) [4,5), Membership Value =0.98768339,0.9876834
Windspeed (knots) [5,6), Membership Value =0.96985384,0.9698538
Windspeed (knots) [6,7), Membership Value =0.93900826,0.93900824
Windspeed (knots) [7,8), Membership Value =0.89280119,0.89280117
Windspeed (knots) [8,9), Membership Value =0.82763838,0.8276384
Windspeed (knots) [9,10), Membership Value =0.74421802,0.744218
Windspeed (knots) [10,11), Membership Value =0.64457283,0.64457285
Windspeed (knots) [11,12), Membership Value =0.53265537,0.53265536
Windspeed (knots) [12,13), Membership Value =0.41474766,0.41474766
Windspeed (knots) [13,14), Membership Value =0.30061695,0.30061695
Windspeed (knots) [14,15), Membership Value =0.19417100,0.194171
Windspeed (knots) [15,16), Membership Value =0.09676980,0.0967698
Windspeed (knots) [16,17), Membership Value =0.01186371,0.01186371
Windspeed (knots) [17,18), Membership Value =0.00000000,0.0
Windspeed (knots) [18,19), Membership Value =0.00000000,0.0
Windspeed (knots) [19,20), Membership Value =0.00000000,0.0
Windspeed (knots) [20,21), Membership Value =0.00000000,0.0
Windspeed (knots) [21,22), Membership Value =0.00000000,0.0
Windspeed (knots) [22,23), Membership Value =0.00000000,0.0
Windspeed (knots) [23,24), Membership Value =0.00000000,0.0
Windspeed (knots) [24,25), Membership Value =0.00000000,0.0
Windspeed (knots) [25,26), Membership Value =0.00000000,0.0
Windspeed (knots) [26,27), Membership Value =0.00000000,0.0
Windspeed (knots) [27,28), Membership Value =0.00000000,0.0
Windspeed (knots) [28,29), Membership Value =0.00000000,0.0
Windspeed (knots) [29,30), Membership Value =0.00000000,0.0
Windspeed (knots) [30,31), Membership Value =0.00000000,0.0
Windspeed (knots) [31,32), Membership Value =0.00000000,0.0
Windspeed (knots) [32,33), Membership Value =0.00000000,0.0
Windspeed (knots) [33,34), Membership Value =0.00000000,0.0
Windspeed (knots) [34,35), Membership Value =0.00000000,0.0
Windspeed (knots) [35,36), Membership Value =0.00000000,0.0
Windspeed (knots) [36,37), Membership Value =0.00000000,0.0
Windspeed (knots) [37,38), Membership Value =0.00000000,0.0
Windspeed (knots) [38,39), Membership Value =0.00000000,0.0
Windspeed (knots) [39,40), Membership Value =0.00000000,0.0
Windspeed (knots) [40,41), Membership Value =0.00000000,0.0
Windspeed (knots) [41,42), Membership Value =0.00000000,0.0
Windspeed (knots) [42,43), Membership Value =0.00000000,0.0
Windspeed (knots) [43,44), Membership Value =0.00000000,0.0
Windspeed (knots) [44,45), Membership Value =0.00000000,0.0
Windspeed (knots) [45,46), Membership Value =0.00000000,0.0
Windspeed (knots) [46,47), Membership Value =0.00000000,0.0
Windspeed (knots) [47,48), Membership Value =0.00000000,0.0
Windspeed (knots) [48,49), Membership Value =0.00000000,0.0
Windspeed (knots) [49,50), Membership Value =0.00000000,0.0
Windspeed (knots) [50,51), Membership Value =0.00000000,0.0
Windspeed (knots) [51,52), Membership Value =0.00000000,0.0
Windspeed (knots) [52,53), Membership Value =0.00000000,0.0
Windspeed (knots) [53,54), Membership Value =0.00000000,0.0
Windspeed (knots) [54,55), Membership Value =0.00000000,0.0
Windspeed (knots) [55,56), Membership Value =0.00000000,0.0
Windspeed (knots) [56,57), Membership Value =0.00000000,0.0
Windspeed (knots) [57,58), Membership Value =0.00000000,0.0
Windspeed (knots) [58,59), Membership Value =0.00000000,0.0
Windspeed (knots) [59,60), Membership Value =0.00000000,0.0
Windspeed (knots) [60,61), Membership Value =0.00000000,0.0
Windspeed (knots) [61,62), Membership Value =0.00000000,0.0
Windspeed (knots) [62,63), Membership Value =0.00000000,0.0
Windspeed (knots) [63,64), Membership Value =0.00000000,0.0
Windspeed (knots) [64,65), Membership Value =0.00000000,0.0
Windspeed (knots) [65,66), Membership Value =0.00000000,0.0
Windspeed (knots) [66,67), Membership Value =0.00000000,0.0
Windspeed (knots) [67,68), Membership Value =0.00000000,0.0
Windspeed (knots) [68,69), Membership Value =0.00000000,0.0
Windspeed (knots) [69,70), Membership Value =0.00000000,0.0
Windspeed (knots) [70,71), Membership Value =0.00000000,0.0
Windspeed (knots) [71,72), Membership Value =0.00000000,0.0
Windspeed (knots) [72,73), Membership Value =0.00000000,0.0
Windspeed (knots) [73,74), Membership Value =0.00000000,0.0
Windspeed (knots) [74,75), Membership Value =0.00000000,0.0
Windspeed (knots) [75,76), Membership Value =0.00000000,0.0
Windspeed (knots) [76,77), Membership Value =0.00000000,0.0
Windspeed (knots) [77,78), Membership Value =0.00000000,0.0
Windspeed (knots) [78,79), Membership Value =0.00000000,0.0
Windspeed (knots) [79,80), Membership Value =0.00000000,0.0
Windspeed (knots) [80,81), Membership Value =0.00000000,0.0
Windspeed (knots) [81,82), Membership Value =0.00000000,0.0
Windspeed (knots) [82,83), Membership Value =0.00000000,0.0
Windspeed (knots) [83,84), Membership Value =0.00000000,0.0
Windspeed (knots) [84,85), Membership Value =0.00000000,0.0
Windspeed (knots) [85,86), Membership Value =0.00000000,0.0
Windspeed (knots) [86,87), Membership Value =0.00000000,0.0
Windspeed (knots) [87,88), Membership Value =0.00000000,0.0
Windspeed (knots) [88,89), Membership Value =0.00000000,0.0
Windspeed (knots) [89,90), Membership Value =0.00000000,0.0
Windspeed (knots) [90,91), Membership Value =0.00000000,0.0
Windspeed (knots) [91,92), Membership Value =0.00000000,0.0
Windspeed (knots) [92,93), Membership Value =0.00000000,0.0
Windspeed (knots) [93,94), Membership Value =0.00000000,0.0
Windspeed (knots) [94,95), Membership Value =0.00000000,0.0
Windspeed (knots) [95,96), Membership Value =0.00000000,0.0
Windspeed (knots) [96,97), Membership Value =0.00000000,0.0
Windspeed (knots) [97,98), Membership Value =0.00000000,0.0
Windspeed (knots) [98,99), Membership Value =0.00000000,0.0
Windspeed (knots) [99,100), Membership Value =0.00000000,0.0
Windspeed (knots) [100,101), Membership Value =0.00000000,0.0
Windspeed (knots) [101,102), Membership Value =0.00000000,0.0
Windspeed (knots) [102,103), Membership Value =0.00000000,0.0
Windspeed (knots) [103,104), Membership Value =0.00000000,0.0
Windspeed (knots) [104,105), Membership Value =0.00000000,0.0
Windspeed (knots) [105,106), Membership Value =0.00000000,0.0
Windspeed (knots) [106,107), Membership Value =0.00000000,0.0
Windspeed (knots) [107,108), Membership Value =0.00000000,0.0
Windspeed (knots) [108,109), Membership Value =0.00000000,0.0
Windspeed (knots) [109,110), Membership Value =0.00000000,0.0
Windspeed (knots) [110,111), Membership Value =0.00000000,0.0
Windspeed (knots) [111,112), Membership Value =0.00000000,0.0
Windspeed (knots) [112,113), Membership Value =0.00000000,0.0
Windspeed (knots) [113,114), Membership Value =0.00000000,0.0
Windspeed (knots) [114,115), Membership Value =0.00000000,0.0
Windspeed (knots) [115,116), Membership Value =0.00000000,0.0
Windspeed (knots) [116,117), Membership Value =0.00000000,0.0
Windspeed (knots) [117,118), Membership Value =0.00000000,0.0
Windspeed (knots) [118,119), Membership Value =0.00000000,0.0
Windspeed (knots) [119,120), Membership Value =0.00000000,0.0
Windspeed (knots) [120,121), Membership Value =0.00000000,0.0
Windspeed (knots) [121,122), Membership Value =0.00000000,0.0
Windspeed (knots) [122,123), Membership Value =0.00000000,0.0
Windspeed (knots) [123,124), Membership Value =0.00000000,0.0
Windspeed (knots) [124,125), Membership Value =0.00000000,0.0
LowestWindspeedThatIsWindyKnots for station KSAT is 7 knots.
Transition limited :true
bUseWeatherPrediction: true
The running average is 1
The membership_value_deployment_threshold is 0.5
Energy harvested: 2935437.9236110323
iGeneratingEnergyWhenGridNeedsEnergyMinutes =536165
iGeneratingEnergyWhenGridNeedsEnergyMinutes =536165
iUsingEnergyWhenGridNeedsEnergyMinutes =1842
iGeneratingEnergyWhenGridHasExcessEnergyMinutes = 6683
iUsingEnergyWhenGridHasExcessEnergyMinutes = 17
iIdleWhenGridDoesNotNeedEnergyMinutes = 39380
iIdleWhenGridNeedsEnergyMinutes = 4149168
iEnergyPriceIsZeroMinutes = 240
harvester.getEnergyHarvestedAVAILABLEKilowattHours( ): 1.3569723666666666E7
harvester.getEnergyHarvestedKilowattHours(): 2935437.9236110323
The running average is 31
The membership_value_deployment_threshold is 0.5
Energy harvested: 3472185.7374998876
iGeneratingEnergyWhenGridNeedsEnergyMinutes =570288
iGeneratingEnergyWhenGridNeedsEnergyMinutes =570288
iUsingEnergyWhenGridNeedsEnergyMinutes =1623
iGeneratingEnergyWhenGridHasExcessEnergyMinutes = 6290
iUsingEnergyWhenGridHasExcessEnergyMinutes = 19
iIdleWhenGridDoesNotNeedEnergyMinutes = 39771
iIdleWhenGridNeedsEnergyMinutes = 4115264
iEnergyPriceIsZeroMinutes = 240
harvester.getEnergyHarvestedAVAILABLEKilowattHours( ): 1.3569723666666666E7
harvester.getEnergyHarvestedKilowattHours(): 3472185.7374998876
The running average is 61
The membership_value_deployment_threshold is 0.5
Energy harvested: 3600013.058055432
iGeneratingEnergyWhenGridNeedsEnergyMinutes =584266
iGeneratingEnergyWhenGridNeedsEnergyMinutes =584266
iUsingEnergyWhenGridNeedsEnergyMinutes =1557
iGeneratingEnergyWhenGridHasExcessEnergyMinutes = 5370
iUsingEnergyWhenGridHasExcessEnergyMinutes = 19
iIdleWhenGridDoesNotNeedEnergyMinutes = 40691
iIdleWhenGridNeedsEnergyMinutes = 4101352
iEnergyPriceIsZeroMinutes = 240
harvester.getEnergyHarvestedAVAILABLEKilowattHours( ): 1.3569723666666666E7
harvester.getEnergyHarvestedKilowattHours(): 3600013.058055432
The running average is 91
The membership_value_deployment_threshold is 0.5
Energy harvested: 3583430.6880554305
iGeneratingEnergyWhenGridNeedsEnergyMinutes =580178
iGeneratingEnergyWhenGridNeedsEnergyMinutes =580178
iUsingEnergyWhenGridNeedsEnergyMinutes =1565
iGeneratingEnergyWhenGridHasExcessEnergyMinutes = 5172
iUsingEnergyWhenGridHasExcessEnergyMinutes = 19
iIdleWhenGridDoesNotNeedEnergyMinutes = 40889
iIdleWhenGridNeedsEnergyMinutes = 4105432
iEnergyPriceIsZeroMinutes = 240
harvester.getEnergyHarvestedAVAILABLEKilowattHours( ): 1.3569723666666666E7
harvester.getEnergyHarvestedKilowattHours(): 3583430.6880554305
The running average is 121
The membership_value_deployment_threshold is 0.5
Energy harvested: 3656892.2855554246
iGeneratingEnergyWhenGridNeedsEnergyMinutes =586968
iGeneratingEnergyWhenGridNeedsEnergyMinutes =586968
iUsingEnergyWhenGridNeedsEnergyMinutes =1516
iGeneratingEnergyWhenGridHasExcessEnergyMinutes = 5504
iUsingEnergyWhenGridHasExcessEnergyMinutes = 21
iIdleWhenGridDoesNotNeedEnergyMinutes = 40555
iIdleWhenGridNeedsEnergyMinutes = 4098691
iEnergyPriceIsZeroMinutes = 240
harvester.getEnergyHarvestedAVAILABLEKilowattHours( ): 1.3569723666666666E7
harvester.getEnergyHarvestedKilowattHours(): 3656892.2855554246
Beginning testing mode:
station,&,deployment_membership_value_threshold_array_for_month_1,&,running_average_size_minutes_for_month_1,&,deployment_membership_value_threshold_array_for_month_2,&,running_average_size_minutes_for_month_2,&,deployment_membership_value_threshold_array_for_month_3,&,running_average_size_minutes_for_month_3,&,deployment_membership_value_threshold_array_for_month_4,&,running_average_size_minutes_for_month_4,&,deployment_membership_value_threshold_array_for_month_5,&,running_average_size_minutes_for_month_5,&,deployment_membership_value_threshold_array_for_month_6,&,running_average_size_minutes_for_month_6,&,deployment_membership_value_threshold_array_for_month_7,&,running_average_size_minutes_for_month_7,&,deployment_membership_value_threshold_array_for_month_8,&,running_average_size_minutes_for_month_8,&,deployment_membership_value_threshold_array_for_month_9,&,running_average_size_minutes_for_month_9,&,deployment_membership_value_threshold_array_for_month_10,&,running_average_size_minutes_for_month_10,&,deployment_membership_value_threshold_array_for_month_11,&,running_average_size_minutes_for_month_11,&,deployment_membership_value_threshold_array_for_month_12,&,running_average_size_minutes_for_month_12,&,dNetNorm,&,dMarketBalancePercentage,&,dMarketNetNorm,
results: KSAT,&,0.5,&,1,&,0.5,&,61,&,0.5,&,31,&,0.5,&,1,&,0.5,&,31,&,0.5,&,1,&,0.5,&,91,&,0.5,&,61,&,0.5,&,31,&,0.5,&,1,&,0.5,&,121,&,0.5,&,31,&,0.2519125555902475,&,0.9289115813245619,&,0.2340044903688484
monthly visible minutes:KSAT,&,2013,&,8672,&,8672,&,8672,&,8672,&,8672,&,8672,&,8672,&,8672,&,8672,&,8672,&,8672,&,8672,&,
monthly visible minutes:KSAT,&,2014,&,8672,&,8672,&,8672,&,8672,&,8672,&,8672,&,8672,&,8672,&,8672,&,8672,&,8672,&,8672,&,
monthly minutes harvester between states:KSAT,&,2013,&,38,&,38,&,38,&,38,&,38,&,38,&,38,&,38,&,38,&,38,&,38,&,38,&,
monthly minutes harvester between states:KSAT,&,2014,&,38,&,38,&,38,&,38,&,38,&,38,&,38,&,38,&,38,&,38,&,38,&,38,&,
FuzzyVsCrisp: KSAT,1,true,true
station,&,deployment_membership_value_threshold_array_for_month_1,&,running_average_size_minutes_for_month_1,&,deployment_membership_value_threshold_array_for_month_2,&,running_average_size_minutes_for_month_2,&,deployment_membership_value_threshold_array_for_month_3,&,running_average_size_minutes_for_month_3,&,deployment_membership_value_threshold_array_for_month_4,&,running_average_size_minutes_for_month_4,&,deployment_membership_value_threshold_array_for_month_5,&,running_average_size_minutes_for_month_5,&,deployment_membership_value_threshold_array_for_month_6,&,running_average_size_minutes_for_month_6,&,deployment_membership_value_threshold_array_for_month_7,&,running_average_size_minutes_for_month_7,&,deployment_membership_value_threshold_array_for_month_8,&,running_average_size_minutes_for_month_8,&,deployment_membership_value_threshold_array_for_month_9,&,running_average_size_minutes_for_month_9,&,deployment_membership_value_threshold_array_for_month_10,&,running_average_size_minutes_for_month_10,&,deployment_membership_value_threshold_array_for_month_11,&,running_average_size_minutes_for_month_11,&,deployment_membership_value_threshold_array_for_month_12,&,running_average_size_minutes_for_month_12,&,dNetNorm,&,dMarketBalancePercentage,&,dMarketNetNorm,
results: KSAT,&,0.5,&,1,&,0.5,&,61,&,0.5,&,31,&,0.5,&,1,&,0.5,&,31,&,0.5,&,1,&,0.5,&,91,&,0.5,&,61,&,0.5,&,31,&,0.5,&,1,&,0.5,&,121,&,0.5,&,31,&,0.2519125555902475,&,0.9289115813245619,&,0.2340044903688484
monthly visible minutes:KSAT,&,2013,&,8672,&,8672,&,8672,&,8672,&,8672,&,8672,&,8672,&,8672,&,8672,&,8672,&,8672,&,8672,&,
monthly visible minutes:KSAT,&,2014,&,8672,&,8672,&,8672,&,8672,&,8672,&,8672,&,8672,&,8672,&,8672,&,8672,&,8672,&,8672,&,
monthly minutes harvester between states:KSAT,&,2013,&,38,&,38,&,38,&,38,&,38,&,38,&,38,&,38,&,38,&,38,&,38,&,38,&,
monthly minutes harvester between states:KSAT,&,2014,&,38,&,38,&,38,&,38,&,38,&,38,&,38,&,38,&,38,&,38,&,38,&,38,&,
FuzzyVsCrisp: KSAT,1,true,true
Station: KSEA
abc: The current path is /home/guy/retractable-wind
I have found the property file.
The training windspeed filename is /trainingKSEA2004-2012in.csv
The testing windspeed filename is /testingKSEA2013-2014in.csv
Yes, the station is KSEA
Warning: The bAlsoUsePrediction no longer has any effect
iUsedAllItsAllocatedVisibilityMinutesPerMonth: 8760
Visibility Allocation Minutes:8760
HARVESTER_SIZE_SQM is 6362
Reading file
Success: /Wind turbine power curves - wind turbine power output against wind speed in knots.csv found.
Speed (Knots) = Speed(knots) vs power (kW) , Power (kW) =V90
Speed (Knots) = 0 , Power (kW) =0
Speed (Knots) = 1 , Power (kW) =0
Speed (Knots) = 2 , Power (kW) =0
Speed (Knots) = 3 , Power (kW) =0
Speed (Knots) = 4 , Power (kW) =0
Speed (Knots) = 5 , Power (kW) =0
Speed (Knots) = 6 , Power (kW) =0
Speed (Knots) = 7 , Power (kW) =38
Speed (Knots) = 8 , Power (kW) =87
Speed (Knots) = 9 , Power (kW) =141
Speed (Knots) = 10 , Power (kW) =207
Speed (Knots) = 11 , Power (kW) =286
Speed (Knots) = 12 , Power (kW) =382
Speed (Knots) = 13 , Power (kW) =496
Speed (Knots) = 14 , Power (kW) =628
Speed (Knots) = 15 , Power (kW) =781
Speed (Knots) = 16 , Power (kW) =957
Speed (Knots) = 17 , Power (kW) =1153
Speed (Knots) = 18 , Power (kW) =1366
Speed (Knots) = 19 , Power (kW) =1589
Speed (Knots) = 20 , Power (kW) =1814
Speed (Knots) = 21 , Power (kW) =2035
Speed (Knots) = 22 , Power (kW) =2250
Speed (Knots) = 23 , Power (kW) =2452
Speed (Knots) = 24 , Power (kW) =2634
Speed (Knots) = 25 , Power (kW) =2784
Speed (Knots) = 26 , Power (kW) =2888
Speed (Knots) = 27 , Power (kW) =2949
Speed (Knots) = 28 , Power (kW) =2980
Speed (Knots) = 29 , Power (kW) =2993
Speed (Knots) = 30 , Power (kW) =3000
Speed (Knots) = 31 , Power (kW) =3000
Speed (Knots) = 32 , Power (kW) =3000
Speed (Knots) = 33 , Power (kW) =3000
Speed (Knots) = 34 , Power (kW) =3000
Speed (Knots) = 35 , Power (kW) =3000
Speed (Knots) = 36 , Power (kW) =3000
Speed (Knots) = 37 , Power (kW) =3000
Speed (Knots) = 38 , Power (kW) =3000
Speed (Knots) = 39 , Power (kW) =3000
Speed (Knots) = 40 , Power (kW) =3000
Speed (Knots) = 41 , Power (kW) =3000
Speed (Knots) = 42 , Power (kW) =3000
Speed (Knots) = 43 , Power (kW) =3000
Speed (Knots) = 44 , Power (kW) =3000
Speed (Knots) = 45 , Power (kW) =3000
Speed (Knots) = 46 , Power (kW) =3000
Speed (Knots) = 47 , Power (kW) =3000
Speed (Knots) = 48 , Power (kW) =3000
Speed (Knots) = 49 , Power (kW) =0
Speed (Knots) = 50 , Power (kW) =0
Speed (Knots) = 51 , Power (kW) =0
Speed (Knots) = 52 , Power (kW) =0
Speed (Knots) = 53 , Power (kW) =0
Speed (Knots) = 54 , Power (kW) =0
Speed (Knots) = 55 , Power (kW) =0
Speed (Knots) = 56 , Power (kW) =0
Speed (Knots) = 57 , Power (kW) =0
Speed (Knots) = 58 , Power (kW) =0
Speed (Knots) = 59 , Power (kW) =0
Speed (Knots) = 60 , Power (kW) =0
The scale is 1.0
Wind power at 10 knots in kilowatts is 207.0
Wind power in-cut-out test 0.0
Fuzzy
Class name:edu.pitt.cs.people.guy.wind.benchmarks.Fuzzy5
Success: /Noise_Allowed_Time_Definitions_All_Stations.csv found.
The station is the record is KSEA
Success: /Noise_Allowed_Time_Definitions_All_Stations.csv found.
The station is the record is KSEA
I have found the membership file for NOT WINDY.
Windspeed (knots) [0,1), Membership Value =1.00000000,1.0
Windspeed (knots) [1,2), Membership Value =0.99993277,0.99993277
Windspeed (knots) [2,3), Membership Value =0.99892165,0.99892163
Windspeed (knots) [3,4), Membership Value =0.99387290,0.9938729
Windspeed (knots) [4,5), Membership Value =0.97894836,0.97894835
Windspeed (knots) [5,6), Membership Value =0.94800931,0.9480093
Windspeed (knots) [6,7), Membership Value =0.89672655,0.89672655
Windspeed (knots) [7,8), Membership Value =0.82453767,0.8245377
Windspeed (knots) [8,9), Membership Value =0.73707467,0.7370747
Windspeed (knots) [9,10), Membership Value =0.63973627,0.6397363
Windspeed (knots) [10,11), Membership Value =0.53478148,0.53478146
Windspeed (knots) [11,12), Membership Value =0.42858798,0.42858797
Windspeed (knots) [12,13), Membership Value =0.32600889,0.3260089
Windspeed (knots) [13,14), Membership Value =0.22910875,0.22910875
Windspeed (knots) [14,15), Membership Value =0.14142866,0.14142866
Windspeed (knots) [15,16), Membership Value =0.06309132,0.06309132
Windspeed (knots) [16,17), Membership Value =0.00000000,0.0
Windspeed (knots) [17,18), Membership Value =0.00000000,0.0
Windspeed (knots) [18,19), Membership Value =0.00000000,0.0
Windspeed (knots) [19,20), Membership Value =0.00000000,0.0
Windspeed (knots) [20,21), Membership Value =0.00000000,0.0
Windspeed (knots) [21,22), Membership Value =0.00000000,0.0
Windspeed (knots) [22,23), Membership Value =0.00000000,0.0
Windspeed (knots) [23,24), Membership Value =0.00000000,0.0
Windspeed (knots) [24,25), Membership Value =0.00000000,0.0
Windspeed (knots) [25,26), Membership Value =0.00000000,0.0
Windspeed (knots) [26,27), Membership Value =0.00000000,0.0
Windspeed (knots) [27,28), Membership Value =0.00000000,0.0
Windspeed (knots) [28,29), Membership Value =0.00000000,0.0
Windspeed (knots) [29,30), Membership Value =0.00000000,0.0
Windspeed (knots) [30,31), Membership Value =0.00000000,0.0
Windspeed (knots) [31,32), Membership Value =0.00000000,0.0
Windspeed (knots) [32,33), Membership Value =0.00000000,0.0
Windspeed (knots) [33,34), Membership Value =0.00000000,0.0
Windspeed (knots) [34,35), Membership Value =0.00000000,0.0
Windspeed (knots) [35,36), Membership Value =0.00000000,0.0
Windspeed (knots) [36,37), Membership Value =0.00000000,0.0
Windspeed (knots) [37,38), Membership Value =0.00000000,0.0
Windspeed (knots) [38,39), Membership Value =0.00000000,0.0
Windspeed (knots) [39,40), Membership Value =0.00000000,0.0
Windspeed (knots) [40,41), Membership Value =0.00000000,0.0
Windspeed (knots) [41,42), Membership Value =0.00000000,0.0
Windspeed (knots) [42,43), Membership Value =0.00000000,0.0
Windspeed (knots) [43,44), Membership Value =0.00000000,0.0
Windspeed (knots) [44,45), Membership Value =0.00000000,0.0
Windspeed (knots) [45,46), Membership Value =0.00000000,0.0
Windspeed (knots) [46,47), Membership Value =0.00000000,0.0
Windspeed (knots) [47,48), Membership Value =0.00000000,0.0
Windspeed (knots) [48,49), Membership Value =0.00000000,0.0
Windspeed (knots) [49,50), Membership Value =0.00000000,0.0
Windspeed (knots) [50,51), Membership Value =0.00000000,0.0
Windspeed (knots) [51,52), Membership Value =0.00000000,0.0
Windspeed (knots) [52,53), Membership Value =0.00000000,0.0
Windspeed (knots) [53,54), Membership Value =0.00000000,0.0
Windspeed (knots) [54,55), Membership Value =0.00000000,0.0
Windspeed (knots) [55,56), Membership Value =0.00000000,0.0
Windspeed (knots) [56,57), Membership Value =0.00000000,0.0
Windspeed (knots) [57,58), Membership Value =0.00000000,0.0
Windspeed (knots) [58,59), Membership Value =0.00000000,0.0
Windspeed (knots) [59,60), Membership Value =0.00000000,0.0
Windspeed (knots) [60,61), Membership Value =0.00000000,0.0
Windspeed (knots) [61,62), Membership Value =0.00000000,0.0
Windspeed (knots) [62,63), Membership Value =0.00000000,0.0
Windspeed (knots) [63,64), Membership Value =0.00000000,0.0
Windspeed (knots) [64,65), Membership Value =0.00000000,0.0
Windspeed (knots) [65,66), Membership Value =0.00000000,0.0
Windspeed (knots) [66,67), Membership Value =0.00000000,0.0
Windspeed (knots) [67,68), Membership Value =0.00000000,0.0
Windspeed (knots) [68,69), Membership Value =0.00000000,0.0
Windspeed (knots) [69,70), Membership Value =0.00000000,0.0
Windspeed (knots) [70,71), Membership Value =0.00000000,0.0
Windspeed (knots) [71,72), Membership Value =0.00000000,0.0
Windspeed (knots) [72,73), Membership Value =0.00000000,0.0
Windspeed (knots) [73,74), Membership Value =0.00000000,0.0
Windspeed (knots) [74,75), Membership Value =0.00000000,0.0
Windspeed (knots) [75,76), Membership Value =0.00000000,0.0
Windspeed (knots) [76,77), Membership Value =0.00000000,0.0
Windspeed (knots) [77,78), Membership Value =0.00000000,0.0
Windspeed (knots) [78,79), Membership Value =0.00000000,0.0
Windspeed (knots) [79,80), Membership Value =0.00000000,0.0
Windspeed (knots) [80,81), Membership Value =0.00000000,0.0
Windspeed (knots) [81,82), Membership Value =0.00000000,0.0
Windspeed (knots) [82,83), Membership Value =0.00000000,0.0
Windspeed (knots) [83,84), Membership Value =0.00000000,0.0
Windspeed (knots) [84,85), Membership Value =0.00000000,0.0
Windspeed (knots) [85,86), Membership Value =0.00000000,0.0
Windspeed (knots) [86,87), Membership Value =0.00000000,0.0
Windspeed (knots) [87,88), Membership Value =0.00000000,0.0
Windspeed (knots) [88,89), Membership Value =0.00000000,0.0
Windspeed (knots) [89,90), Membership Value =0.00000000,0.0
Windspeed (knots) [90,91), Membership Value =0.00000000,0.0
Windspeed (knots) [91,92), Membership Value =0.00000000,0.0
Windspeed (knots) [92,93), Membership Value =0.00000000,0.0
Windspeed (knots) [93,94), Membership Value =0.00000000,0.0
Windspeed (knots) [94,95), Membership Value =0.00000000,0.0
Windspeed (knots) [95,96), Membership Value =0.00000000,0.0
Windspeed (knots) [96,97), Membership Value =0.00000000,0.0
Windspeed (knots) [97,98), Membership Value =0.00000000,0.0
Windspeed (knots) [98,99), Membership Value =0.00000000,0.0
Windspeed (knots) [99,100), Membership Value =0.00000000,0.0
Windspeed (knots) [100,101), Membership Value =0.00000000,0.0
Windspeed (knots) [101,102), Membership Value =0.00000000,0.0
Windspeed (knots) [102,103), Membership Value =0.00000000,0.0
Windspeed (knots) [103,104), Membership Value =0.00000000,0.0
Windspeed (knots) [104,105), Membership Value =0.00000000,0.0
Windspeed (knots) [105,106), Membership Value =0.00000000,0.0
Windspeed (knots) [106,107), Membership Value =0.00000000,0.0
Windspeed (knots) [107,108), Membership Value =0.00000000,0.0
Windspeed (knots) [108,109), Membership Value =0.00000000,0.0
Windspeed (knots) [109,110), Membership Value =0.00000000,0.0
Windspeed (knots) [110,111), Membership Value =0.00000000,0.0
Windspeed (knots) [111,112), Membership Value =0.00000000,0.0
Windspeed (knots) [112,113), Membership Value =0.00000000,0.0
Windspeed (knots) [113,114), Membership Value =0.00000000,0.0
Windspeed (knots) [114,115), Membership Value =0.00000000,0.0
Windspeed (knots) [115,116), Membership Value =0.00000000,0.0
Windspeed (knots) [116,117), Membership Value =0.00000000,0.0
Windspeed (knots) [117,118), Membership Value =0.00000000,0.0
Windspeed (knots) [118,119), Membership Value =0.00000000,0.0
Windspeed (knots) [119,120), Membership Value =0.00000000,0.0
Windspeed (knots) [120,121), Membership Value =0.00000000,0.0
Windspeed (knots) [121,122), Membership Value =0.00000000,0.0
Windspeed (knots) [122,123), Membership Value =0.00000000,0.0
Windspeed (knots) [123,124), Membership Value =0.00000000,0.0
Windspeed (knots) [124,125), Membership Value =0.00000000,0.0
LowestWindspeedThatIsWindyKnots for station KSEA is 6 knots.
Transition limited :true
bUseWeatherPrediction: true
The running average is 1
The membership_value_deployment_threshold is 0.5
Energy harvested: 2233461.0188889145
iGeneratingEnergyWhenGridNeedsEnergyMinutes =470255
iGeneratingEnergyWhenGridNeedsEnergyMinutes =470255
iUsingEnergyWhenGridNeedsEnergyMinutes =1916
iGeneratingEnergyWhenGridHasExcessEnergyMinutes = 4760
iUsingEnergyWhenGridHasExcessEnergyMinutes = 19
iIdleWhenGridDoesNotNeedEnergyMinutes = 41301
iIdleWhenGridNeedsEnergyMinutes = 4216228
iEnergyPriceIsZeroMinutes = 240
harvester.getEnergyHarvestedAVAILABLEKilowattHours( ): 9219178.416666666
harvester.getEnergyHarvestedKilowattHours(): 2233461.0188889145
The running average is 31
The membership_value_deployment_threshold is 0.5
Energy harvested: 2759915.5922221607
iGeneratingEnergyWhenGridNeedsEnergyMinutes =516416
iGeneratingEnergyWhenGridNeedsEnergyMinutes =516416
iUsingEnergyWhenGridNeedsEnergyMinutes =1792
iGeneratingEnergyWhenGridHasExcessEnergyMinutes = 3626
iUsingEnergyWhenGridHasExcessEnergyMinutes = 9
iIdleWhenGridDoesNotNeedEnergyMinutes = 42445
iIdleWhenGridNeedsEnergyMinutes = 4170191
iEnergyPriceIsZeroMinutes = 240
harvester.getEnergyHarvestedAVAILABLEKilowattHours( ): 9219178.416666666
harvester.getEnergyHarvestedKilowattHours(): 2759915.5922221607
The running average is 61
The membership_value_deployment_threshold is 0.5
Energy harvested: 2834471.1355554885
iGeneratingEnergyWhenGridNeedsEnergyMinutes =517736
iGeneratingEnergyWhenGridNeedsEnergyMinutes =517736
iUsingEnergyWhenGridNeedsEnergyMinutes =1813
iGeneratingEnergyWhenGridHasExcessEnergyMinutes = 3561
iUsingEnergyWhenGridHasExcessEnergyMinutes = 12
iIdleWhenGridDoesNotNeedEnergyMinutes = 42507
iIdleWhenGridNeedsEnergyMinutes = 4168850
iEnergyPriceIsZeroMinutes = 240
harvester.getEnergyHarvestedAVAILABLEKilowattHours( ): 9219178.416666666
harvester.getEnergyHarvestedKilowattHours(): 2834471.1355554885
The running average is 91
The membership_value_deployment_threshold is 0.5
Energy harvested: 2819835.163055481
iGeneratingEnergyWhenGridNeedsEnergyMinutes =505143
iGeneratingEnergyWhenGridNeedsEnergyMinutes =505143
iUsingEnergyWhenGridNeedsEnergyMinutes =1779
iGeneratingEnergyWhenGridHasExcessEnergyMinutes = 2413
iUsingEnergyWhenGridHasExcessEnergyMinutes = 12
iIdleWhenGridDoesNotNeedEnergyMinutes = 43655
iIdleWhenGridNeedsEnergyMinutes = 4181477
iEnergyPriceIsZeroMinutes = 240
harvester.getEnergyHarvestedAVAILABLEKilowattHours( ): 9219178.416666666
harvester.getEnergyHarvestedKilowattHours(): 2819835.163055481
The running average is 121
The membership_value_deployment_threshold is 0.5
Energy harvested: 2834127.833611031
iGeneratingEnergyWhenGridNeedsEnergyMinutes =502862
iGeneratingEnergyWhenGridNeedsEnergyMinutes =502862
iUsingEnergyWhenGridNeedsEnergyMinutes =1778
iGeneratingEnergyWhenGridHasExcessEnergyMinutes = 2413
iUsingEnergyWhenGridHasExcessEnergyMinutes = 6
iIdleWhenGridDoesNotNeedEnergyMinutes = 43661
iIdleWhenGridNeedsEnergyMinutes = 4183759
iEnergyPriceIsZeroMinutes = 240
harvester.getEnergyHarvestedAVAILABLEKilowattHours( ): 9219178.416666666
harvester.getEnergyHarvestedKilowattHours(): 2834127.833611031
Beginning testing mode:
station,&,deployment_membership_value_threshold_array_for_month_1,&,running_average_size_minutes_for_month_1,&,deployment_membership_value_threshold_array_for_month_2,&,running_average_size_minutes_for_month_2,&,deployment_membership_value_threshold_array_for_month_3,&,running_average_size_minutes_for_month_3,&,deployment_membership_value_threshold_array_for_month_4,&,running_average_size_minutes_for_month_4,&,deployment_membership_value_threshold_array_for_month_5,&,running_average_size_minutes_for_month_5,&,deployment_membership_value_threshold_array_for_month_6,&,running_average_size_minutes_for_month_6,&,deployment_membership_value_threshold_array_for_month_7,&,running_average_size_minutes_for_month_7,&,deployment_membership_value_threshold_array_for_month_8,&,running_average_size_minutes_for_month_8,&,deployment_membership_value_threshold_array_for_month_9,&,running_average_size_minutes_for_month_9,&,deployment_membership_value_threshold_array_for_month_10,&,running_average_size_minutes_for_month_10,&,deployment_membership_value_threshold_array_for_month_11,&,running_average_size_minutes_for_month_11,&,deployment_membership_value_threshold_array_for_month_12,&,running_average_size_minutes_for_month_12,&,dNetNorm,&,dMarketBalancePercentage,&,dMarketNetNorm,
results: KSEA,&,0.5,&,31,&,0.5,&,61,&,0.5,&,1,&,0.5,&,1,&,0.5,&,31,&,0.5,&,1,&,0.5,&,31,&,0.5,&,31,&,0.5,&,31,&,0.5,&,1,&,0.5,&,61,&,0.5,&,31,&,0.298805895058925,&,0.9271209606560578,&,0.27702920847672374
monthly visible minutes:KSEA,&,2013,&,8672,&,8672,&,8672,&,8672,&,8672,&,8672,&,8672,&,8672,&,8672,&,8672,&,8672,&,8672,&,
monthly visible minutes:KSEA,&,2014,&,8672,&,8672,&,8672,&,8672,&,8672,&,8672,&,8672,&,8672,&,8672,&,8672,&,8672,&,8672,&,
monthly minutes harvester between states:KSEA,&,2013,&,38,&,38,&,38,&,38,&,38,&,38,&,38,&,38,&,38,&,38,&,38,&,38,&,
monthly minutes harvester between states:KSEA,&,2014,&,38,&,38,&,38,&,38,&,38,&,38,&,38,&,38,&,38,&,38,&,38,&,38,&,
FuzzyVsCrisp: KSEA,1,true,true
station,&,deployment_membership_value_threshold_array_for_month_1,&,running_average_size_minutes_for_month_1,&,deployment_membership_value_threshold_array_for_month_2,&,running_average_size_minutes_for_month_2,&,deployment_membership_value_threshold_array_for_month_3,&,running_average_size_minutes_for_month_3,&,deployment_membership_value_threshold_array_for_month_4,&,running_average_size_minutes_for_month_4,&,deployment_membership_value_threshold_array_for_month_5,&,running_average_size_minutes_for_month_5,&,deployment_membership_value_threshold_array_for_month_6,&,running_average_size_minutes_for_month_6,&,deployment_membership_value_threshold_array_for_month_7,&,running_average_size_minutes_for_month_7,&,deployment_membership_value_threshold_array_for_month_8,&,running_average_size_minutes_for_month_8,&,deployment_membership_value_threshold_array_for_month_9,&,running_average_size_minutes_for_month_9,&,deployment_membership_value_threshold_array_for_month_10,&,running_average_size_minutes_for_month_10,&,deployment_membership_value_threshold_array_for_month_11,&,running_average_size_minutes_for_month_11,&,deployment_membership_value_threshold_array_for_month_12,&,running_average_size_minutes_for_month_12,&,dNetNorm,&,dMarketBalancePercentage,&,dMarketNetNorm,
results: KSEA,&,0.5,&,31,&,0.5,&,61,&,0.5,&,1,&,0.5,&,1,&,0.5,&,31,&,0.5,&,1,&,0.5,&,31,&,0.5,&,31,&,0.5,&,31,&,0.5,&,1,&,0.5,&,61,&,0.5,&,31,&,0.298805895058925,&,0.9271209606560578,&,0.27702920847672374
monthly visible minutes:KSEA,&,2013,&,8672,&,8672,&,8672,&,8672,&,8672,&,8672,&,8672,&,8672,&,8672,&,8672,&,8672,&,8672,&,
monthly visible minutes:KSEA,&,2014,&,8672,&,8672,&,8672,&,8672,&,8672,&,8672,&,8672,&,8672,&,8672,&,8672,&,8672,&,8672,&,
monthly minutes harvester between states:KSEA,&,2013,&,38,&,38,&,38,&,38,&,38,&,38,&,38,&,38,&,38,&,38,&,38,&,38,&,
monthly minutes harvester between states:KSEA,&,2014,&,38,&,38,&,38,&,38,&,38,&,38,&,38,&,38,&,38,&,38,&,38,&,38,&,
FuzzyVsCrisp: KSEA,1,true,true
Station: KSFO
abc: The current path is /home/guy/retractable-wind
I have found the property file.
The training windspeed filename is /trainingKSFO2004-2012in.csv
The testing windspeed filename is /testingKSFO2013-2014in.csv
Yes, the station is KSFO
Warning: The bAlsoUsePrediction no longer has any effect
iUsedAllItsAllocatedVisibilityMinutesPerMonth: 8760
Visibility Allocation Minutes:8760
HARVESTER_SIZE_SQM is 6362
Reading file
Success: /Wind turbine power curves - wind turbine power output against wind speed in knots.csv found.
Speed (Knots) = Speed(knots) vs power (kW) , Power (kW) =V90
Speed (Knots) = 0 , Power (kW) =0
Speed (Knots) = 1 , Power (kW) =0
Speed (Knots) = 2 , Power (kW) =0
Speed (Knots) = 3 , Power (kW) =0
Speed (Knots) = 4 , Power (kW) =0
Speed (Knots) = 5 , Power (kW) =0
Speed (Knots) = 6 , Power (kW) =0
Speed (Knots) = 7 , Power (kW) =38
Speed (Knots) = 8 , Power (kW) =87
Speed (Knots) = 9 , Power (kW) =141
Speed (Knots) = 10 , Power (kW) =207
Speed (Knots) = 11 , Power (kW) =286
Speed (Knots) = 12 , Power (kW) =382
Speed (Knots) = 13 , Power (kW) =496
Speed (Knots) = 14 , Power (kW) =628
Speed (Knots) = 15 , Power (kW) =781
Speed (Knots) = 16 , Power (kW) =957
Speed (Knots) = 17 , Power (kW) =1153
Speed (Knots) = 18 , Power (kW) =1366
Speed (Knots) = 19 , Power (kW) =1589
Speed (Knots) = 20 , Power (kW) =1814
Speed (Knots) = 21 , Power (kW) =2035
Speed (Knots) = 22 , Power (kW) =2250
Speed (Knots) = 23 , Power (kW) =2452
Speed (Knots) = 24 , Power (kW) =2634
Speed (Knots) = 25 , Power (kW) =2784
Speed (Knots) = 26 , Power (kW) =2888
Speed (Knots) = 27 , Power (kW) =2949
Speed (Knots) = 28 , Power (kW) =2980
Speed (Knots) = 29 , Power (kW) =2993
Speed (Knots) = 30 , Power (kW) =3000
Speed (Knots) = 31 , Power (kW) =3000
Speed (Knots) = 32 , Power (kW) =3000
Speed (Knots) = 33 , Power (kW) =3000
Speed (Knots) = 34 , Power (kW) =3000
Speed (Knots) = 35 , Power (kW) =3000
Speed (Knots) = 36 , Power (kW) =3000
Speed (Knots) = 37 , Power (kW) =3000
Speed (Knots) = 38 , Power (kW) =3000
Speed (Knots) = 39 , Power (kW) =3000
Speed (Knots) = 40 , Power (kW) =3000
Speed (Knots) = 41 , Power (kW) =3000
Speed (Knots) = 42 , Power (kW) =3000
Speed (Knots) = 43 , Power (kW) =3000
Speed (Knots) = 44 , Power (kW) =3000
Speed (Knots) = 45 , Power (kW) =3000
Speed (Knots) = 46 , Power (kW) =3000
Speed (Knots) = 47 , Power (kW) =3000
Speed (Knots) = 48 , Power (kW) =3000
Speed (Knots) = 49 , Power (kW) =0
Speed (Knots) = 50 , Power (kW) =0
Speed (Knots) = 51 , Power (kW) =0
Speed (Knots) = 52 , Power (kW) =0
Speed (Knots) = 53 , Power (kW) =0
Speed (Knots) = 54 , Power (kW) =0
Speed (Knots) = 55 , Power (kW) =0
Speed (Knots) = 56 , Power (kW) =0
Speed (Knots) = 57 , Power (kW) =0
Speed (Knots) = 58 , Power (kW) =0
Speed (Knots) = 59 , Power (kW) =0
Speed (Knots) = 60 , Power (kW) =0
The scale is 1.0
Wind power at 10 knots in kilowatts is 207.0
Wind power in-cut-out test 0.0
Fuzzy
Class name:edu.pitt.cs.people.guy.wind.benchmarks.Fuzzy5
Success: /Noise_Allowed_Time_Definitions_All_Stations.csv found.
The station is the record is KSFO
Success: /Noise_Allowed_Time_Definitions_All_Stations.csv found.
The station is the record is KSFO
I have found the membership file for NOT WINDY.
Windspeed (knots) [0,1), Membership Value =1.00000000,1.0
Windspeed (knots) [1,2), Membership Value =0.99996969,0.99996966
Windspeed (knots) [2,3), Membership Value =0.99957051,0.9995705
Windspeed (knots) [3,4), Membership Value =0.99801138,0.99801135
Windspeed (knots) [4,5), Membership Value =0.99467864,0.9946786
Windspeed (knots) [5,6), Membership Value =0.98887177,0.98887175
Windspeed (knots) [6,7), Membership Value =0.97951150,0.9795115
Windspeed (knots) [7,8), Membership Value =0.96524237,0.9652424
Windspeed (knots) [8,9), Membership Value =0.94494139,0.9449414
Windspeed (knots) [9,10), Membership Value =0.91725713,0.91725713
Windspeed (knots) [10,11), Membership Value =0.88074036,0.88074034
Windspeed (knots) [11,12), Membership Value =0.83558029,0.8355803
Windspeed (knots) [12,13), Membership Value =0.78138256,0.78138256
Windspeed (knots) [13,14), Membership Value =0.71758838,0.71758837
Windspeed (knots) [14,15), Membership Value =0.64648835,0.64648837
Windspeed (knots) [15,16), Membership Value =0.56605603,0.566056
Windspeed (knots) [16,17), Membership Value =0.48026860,0.4802686
Windspeed (knots) [17,18), Membership Value =0.39188199,0.391882
Windspeed (knots) [18,19), Membership Value =0.30389209,0.30389208
Windspeed (knots) [19,20), Membership Value =0.21823395,0.21823394
Windspeed (knots) [20,21), Membership Value =0.14138764,0.14138764
Windspeed (knots) [21,22), Membership Value =0.07292651,0.07292651
Windspeed (knots) [22,23), Membership Value =0.01592513,0.01592513
Windspeed (knots) [23,24), Membership Value =0.00000000,0.0
Windspeed (knots) [24,25), Membership Value =0.00000000,0.0
Windspeed (knots) [25,26), Membership Value =0.00000000,0.0
Windspeed (knots) [26,27), Membership Value =0.00000000,0.0
Windspeed (knots) [27,28), Membership Value =0.00000000,0.0
Windspeed (knots) [28,29), Membership Value =0.00000000,0.0
Windspeed (knots) [29,30), Membership Value =0.00000000,0.0
Windspeed (knots) [30,31), Membership Value =0.00000000,0.0
Windspeed (knots) [31,32), Membership Value =0.00000000,0.0
Windspeed (knots) [32,33), Membership Value =0.00000000,0.0
Windspeed (knots) [33,34), Membership Value =0.00000000,0.0
Windspeed (knots) [34,35), Membership Value =0.00000000,0.0
Windspeed (knots) [35,36), Membership Value =0.00000000,0.0
Windspeed (knots) [36,37), Membership Value =0.00000000,0.0
Windspeed (knots) [37,38), Membership Value =0.00000000,0.0
Windspeed (knots) [38,39), Membership Value =0.00000000,0.0
Windspeed (knots) [39,40), Membership Value =0.00000000,0.0
Windspeed (knots) [40,41), Membership Value =0.00000000,0.0
Windspeed (knots) [41,42), Membership Value =0.00000000,0.0
Windspeed (knots) [42,43), Membership Value =0.00000000,0.0
Windspeed (knots) [43,44), Membership Value =0.00000000,0.0
Windspeed (knots) [44,45), Membership Value =0.00000000,0.0
Windspeed (knots) [45,46), Membership Value =0.00000000,0.0
Windspeed (knots) [46,47), Membership Value =0.00000000,0.0
Windspeed (knots) [47,48), Membership Value =0.00000000,0.0
Windspeed (knots) [48,49), Membership Value =0.00000000,0.0
Windspeed (knots) [49,50), Membership Value =0.00000000,0.0
Windspeed (knots) [50,51), Membership Value =0.00000000,0.0
Windspeed (knots) [51,52), Membership Value =0.00000000,0.0
Windspeed (knots) [52,53), Membership Value =0.00000000,0.0
Windspeed (knots) [53,54), Membership Value =0.00000000,0.0
Windspeed (knots) [54,55), Membership Value =0.00000000,0.0
Windspeed (knots) [55,56), Membership Value =0.00000000,0.0
Windspeed (knots) [56,57), Membership Value =0.00000000,0.0
Windspeed (knots) [57,58), Membership Value =0.00000000,0.0
Windspeed (knots) [58,59), Membership Value =0.00000000,0.0
Windspeed (knots) [59,60), Membership Value =0.00000000,0.0
Windspeed (knots) [60,61), Membership Value =0.00000000,0.0
Windspeed (knots) [61,62), Membership Value =0.00000000,0.0
Windspeed (knots) [62,63), Membership Value =0.00000000,0.0
Windspeed (knots) [63,64), Membership Value =0.00000000,0.0
Windspeed (knots) [64,65), Membership Value =0.00000000,0.0
Windspeed (knots) [65,66), Membership Value =0.00000000,0.0
Windspeed (knots) [66,67), Membership Value =0.00000000,0.0
Windspeed (knots) [67,68), Membership Value =0.00000000,0.0
Windspeed (knots) [68,69), Membership Value =0.00000000,0.0
Windspeed (knots) [69,70), Membership Value =0.00000000,0.0
Windspeed (knots) [70,71), Membership Value =0.00000000,0.0
Windspeed (knots) [71,72), Membership Value =0.00000000,0.0
Windspeed (knots) [72,73), Membership Value =0.00000000,0.0
Windspeed (knots) [73,74), Membership Value =0.00000000,0.0
Windspeed (knots) [74,75), Membership Value =0.00000000,0.0
Windspeed (knots) [75,76), Membership Value =0.00000000,0.0
Windspeed (knots) [76,77), Membership Value =0.00000000,0.0
Windspeed (knots) [77,78), Membership Value =0.00000000,0.0
Windspeed (knots) [78,79), Membership Value =0.00000000,0.0
Windspeed (knots) [79,80), Membership Value =0.00000000,0.0
Windspeed (knots) [80,81), Membership Value =0.00000000,0.0
Windspeed (knots) [81,82), Membership Value =0.00000000,0.0
Windspeed (knots) [82,83), Membership Value =0.00000000,0.0
Windspeed (knots) [83,84), Membership Value =0.00000000,0.0
Windspeed (knots) [84,85), Membership Value =0.00000000,0.0
Windspeed (knots) [85,86), Membership Value =0.00000000,0.0
Windspeed (knots) [86,87), Membership Value =0.00000000,0.0
Windspeed (knots) [87,88), Membership Value =0.00000000,0.0
Windspeed (knots) [88,89), Membership Value =0.00000000,0.0
Windspeed (knots) [89,90), Membership Value =0.00000000,0.0
Windspeed (knots) [90,91), Membership Value =0.00000000,0.0
Windspeed (knots) [91,92), Membership Value =0.00000000,0.0
Windspeed (knots) [92,93), Membership Value =0.00000000,0.0
Windspeed (knots) [93,94), Membership Value =0.00000000,0.0
Windspeed (knots) [94,95), Membership Value =0.00000000,0.0
Windspeed (knots) [95,96), Membership Value =0.00000000,0.0
Windspeed (knots) [96,97), Membership Value =0.00000000,0.0
Windspeed (knots) [97,98), Membership Value =0.00000000,0.0
Windspeed (knots) [98,99), Membership Value =0.00000000,0.0
Windspeed (knots) [99,100), Membership Value =0.00000000,0.0
Windspeed (knots) [100,101), Membership Value =0.00000000,0.0
Windspeed (knots) [101,102), Membership Value =0.00000000,0.0
Windspeed (knots) [102,103), Membership Value =0.00000000,0.0
Windspeed (knots) [103,104), Membership Value =0.00000000,0.0
Windspeed (knots) [104,105), Membership Value =0.00000000,0.0
Windspeed (knots) [105,106), Membership Value =0.00000000,0.0
Windspeed (knots) [106,107), Membership Value =0.00000000,0.0
Windspeed (knots) [107,108), Membership Value =0.00000000,0.0
Windspeed (knots) [108,109), Membership Value =0.00000000,0.0
Windspeed (knots) [109,110), Membership Value =0.00000000,0.0
Windspeed (knots) [110,111), Membership Value =0.00000000,0.0
Windspeed (knots) [111,112), Membership Value =0.00000000,0.0
Windspeed (knots) [112,113), Membership Value =0.00000000,0.0
Windspeed (knots) [113,114), Membership Value =0.00000000,0.0
Windspeed (knots) [114,115), Membership Value =0.00000000,0.0
Windspeed (knots) [115,116), Membership Value =0.00000000,0.0
Windspeed (knots) [116,117), Membership Value =0.00000000,0.0
Windspeed (knots) [117,118), Membership Value =0.00000000,0.0
Windspeed (knots) [118,119), Membership Value =0.00000000,0.0
Windspeed (knots) [119,120), Membership Value =0.00000000,0.0
Windspeed (knots) [120,121), Membership Value =0.00000000,0.0
Windspeed (knots) [121,122), Membership Value =0.00000000,0.0
Windspeed (knots) [122,123), Membership Value =0.00000000,0.0
Windspeed (knots) [123,124), Membership Value =0.00000000,0.0
Windspeed (knots) [124,125), Membership Value =0.00000000,0.0
LowestWindspeedThatIsWindyKnots for station KSFO is 10 knots.
Transition limited :true
bUseWeatherPrediction: true
The running average is 1
The membership_value_deployment_threshold is 0.5
Energy harvested: 6789851.228611143
iGeneratingEnergyWhenGridNeedsEnergyMinutes =583113
iGeneratingEnergyWhenGridNeedsEnergyMinutes =583113
iUsingEnergyWhenGridNeedsEnergyMinutes =511
iGeneratingEnergyWhenGridHasExcessEnergyMinutes = 6977
iUsingEnergyWhenGridHasExcessEnergyMinutes = 11
iIdleWhenGridDoesNotNeedEnergyMinutes = 39092
iIdleWhenGridNeedsEnergyMinutes = 4104775
iEnergyPriceIsZeroMinutes = 240
harvester.getEnergyHarvestedAVAILABLEKilowattHours( ): 2.9176973966666665E7
harvester.getEnergyHarvestedKilowattHours(): 6789851.228611143
The running average is 31
The membership_value_deployment_threshold is 0.5
Energy harvested: 7309517.176944465
iGeneratingEnergyWhenGridNeedsEnergyMinutes =599390
iGeneratingEnergyWhenGridNeedsEnergyMinutes =599390
iUsingEnergyWhenGridNeedsEnergyMinutes =368
iGeneratingEnergyWhenGridHasExcessEnergyMinutes = 6660
iUsingEnergyWhenGridHasExcessEnergyMinutes = 0
iIdleWhenGridDoesNotNeedEnergyMinutes = 39420
iIdleWhenGridNeedsEnergyMinutes = 4088641
iEnergyPriceIsZeroMinutes = 240
harvester.getEnergyHarvestedAVAILABLEKilowattHours( ): 2.9176973966666665E7
harvester.getEnergyHarvestedKilowattHours(): 7309517.176944465
The running average is 61
The membership_value_deployment_threshold is 0.5
Energy harvested: 7584032.404444463
iGeneratingEnergyWhenGridNeedsEnergyMinutes =603214
iGeneratingEnergyWhenGridNeedsEnergyMinutes =603214
iUsingEnergyWhenGridNeedsEnergyMinutes =393
iGeneratingEnergyWhenGridHasExcessEnergyMinutes = 6253
iUsingEnergyWhenGridHasExcessEnergyMinutes = 0
iIdleWhenGridDoesNotNeedEnergyMinutes = 39827
iIdleWhenGridNeedsEnergyMinutes = 4084792
iEnergyPriceIsZeroMinutes = 240
harvester.getEnergyHarvestedAVAILABLEKilowattHours( ): 2.9176973966666665E7
harvester.getEnergyHarvestedKilowattHours(): 7584032.404444463
The running average is 91
The membership_value_deployment_threshold is 0.5
Energy harvested: 7521672.943055585
iGeneratingEnergyWhenGridNeedsEnergyMinutes =597719
iGeneratingEnergyWhenGridNeedsEnergyMinutes =597719
iUsingEnergyWhenGridNeedsEnergyMinutes =430
iGeneratingEnergyWhenGridHasExcessEnergyMinutes = 6282
iUsingEnergyWhenGridHasExcessEnergyMinutes = 0
iIdleWhenGridDoesNotNeedEnergyMinutes = 39798
iIdleWhenGridNeedsEnergyMinutes = 4090250
iEnergyPriceIsZeroMinutes = 240
harvester.getEnergyHarvestedAVAILABLEKilowattHours( ): 2.9176973966666665E7
harvester.getEnergyHarvestedKilowattHours(): 7521672.943055585
The running average is 121
The membership_value_deployment_threshold is 0.5
Energy harvested: 7473342.243055594
iGeneratingEnergyWhenGridNeedsEnergyMinutes =593198
iGeneratingEnergyWhenGridNeedsEnergyMinutes =593198
iUsingEnergyWhenGridNeedsEnergyMinutes =488
iGeneratingEnergyWhenGridHasExcessEnergyMinutes = 6470
iUsingEnergyWhenGridHasExcessEnergyMinutes = 0
iIdleWhenGridDoesNotNeedEnergyMinutes = 39610
iIdleWhenGridNeedsEnergyMinutes = 4094713
iEnergyPriceIsZeroMinutes = 240
harvester.getEnergyHarvestedAVAILABLEKilowattHours( ): 2.9176973966666665E7
harvester.getEnergyHarvestedKilowattHours(): 7473342.243055594
Beginning testing mode:
station,&,deployment_membership_value_threshold_array_for_month_1,&,running_average_size_minutes_for_month_1,&,deployment_membership_value_threshold_array_for_month_2,&,running_average_size_minutes_for_month_2,&,deployment_membership_value_threshold_array_for_month_3,&,running_average_size_minutes_for_month_3,&,deployment_membership_value_threshold_array_for_month_4,&,running_average_size_minutes_for_month_4,&,deployment_membership_value_threshold_array_for_month_5,&,running_average_size_minutes_for_month_5,&,deployment_membership_value_threshold_array_for_month_6,&,running_average_size_minutes_for_month_6,&,deployment_membership_value_threshold_array_for_month_7,&,running_average_size_minutes_for_month_7,&,deployment_membership_value_threshold_array_for_month_8,&,running_average_size_minutes_for_month_8,&,deployment_membership_value_threshold_array_for_month_9,&,running_average_size_minutes_for_month_9,&,deployment_membership_value_threshold_array_for_month_10,&,running_average_size_minutes_for_month_10,&,deployment_membership_value_threshold_array_for_month_11,&,running_average_size_minutes_for_month_11,&,deployment_membership_value_threshold_array_for_month_12,&,running_average_size_minutes_for_month_12,&,dNetNorm,&,dMarketBalancePercentage,&,dMarketNetNorm,
results: KSFO,&,0.5,&,61,&,0.5,&,61,&,0.5,&,1,&,0.5,&,121,&,0.5,&,121,&,0.5,&,1,&,0.5,&,1,&,0.5,&,121,&,0.5,&,121,&,0.5,&,61,&,0.5,&,1,&,0.5,&,1,&,0.19879812266748698,&,0.9234969812936314,&,0.18358946617026528
monthly visible minutes:KSFO,&,2013,&,8672,&,8672,&,8672,&,8672,&,8672,&,8672,&,8672,&,8672,&,8672,&,8672,&,8672,&,8672,&,
monthly visible minutes:KSFO,&,2014,&,8672,&,8672,&,8672,&,8672,&,8672,&,8672,&,8672,&,8672,&,8672,&,8672,&,8672,&,8672,&,
monthly minutes harvester between states:KSFO,&,2013,&,38,&,38,&,38,&,38,&,38,&,38,&,38,&,38,&,38,&,38,&,38,&,38,&,
monthly minutes harvester between states:KSFO,&,2014,&,38,&,38,&,38,&,38,&,38,&,38,&,38,&,38,&,38,&,38,&,38,&,38,&,
FuzzyVsCrisp: KSFO,1,true,true
station,&,deployment_membership_value_threshold_array_for_month_1,&,running_average_size_minutes_for_month_1,&,deployment_membership_value_threshold_array_for_month_2,&,running_average_size_minutes_for_month_2,&,deployment_membership_value_threshold_array_for_month_3,&,running_average_size_minutes_for_month_3,&,deployment_membership_value_threshold_array_for_month_4,&,running_average_size_minutes_for_month_4,&,deployment_membership_value_threshold_array_for_month_5,&,running_average_size_minutes_for_month_5,&,deployment_membership_value_threshold_array_for_month_6,&,running_average_size_minutes_for_month_6,&,deployment_membership_value_threshold_array_for_month_7,&,running_average_size_minutes_for_month_7,&,deployment_membership_value_threshold_array_for_month_8,&,running_average_size_minutes_for_month_8,&,deployment_membership_value_threshold_array_for_month_9,&,running_average_size_minutes_for_month_9,&,deployment_membership_value_threshold_array_for_month_10,&,running_average_size_minutes_for_month_10,&,deployment_membership_value_threshold_array_for_month_11,&,running_average_size_minutes_for_month_11,&,deployment_membership_value_threshold_array_for_month_12,&,running_average_size_minutes_for_month_12,&,dNetNorm,&,dMarketBalancePercentage,&,dMarketNetNorm,
results: KSFO,&,0.5,&,61,&,0.5,&,61,&,0.5,&,1,&,0.5,&,121,&,0.5,&,121,&,0.5,&,1,&,0.5,&,1,&,0.5,&,121,&,0.5,&,121,&,0.5,&,61,&,0.5,&,1,&,0.5,&,1,&,0.19879812266748698,&,0.9234969812936314,&,0.18358946617026528
monthly visible minutes:KSFO,&,2013,&,8672,&,8672,&,8672,&,8672,&,8672,&,8672,&,8672,&,8672,&,8672,&,8672,&,8672,&,8672,&,
monthly visible minutes:KSFO,&,2014,&,8672,&,8672,&,8672,&,8672,&,8672,&,8672,&,8672,&,8672,&,8672,&,8672,&,8672,&,8672,&,
monthly minutes harvester between states:KSFO,&,2013,&,38,&,38,&,38,&,38,&,38,&,38,&,38,&,38,&,38,&,38,&,38,&,38,&,
monthly minutes harvester between states:KSFO,&,2014,&,38,&,38,&,38,&,38,&,38,&,38,&,38,&,38,&,38,&,38,&,38,&,38,&,
FuzzyVsCrisp: KSFO,1,true,true
Station: KSMX
abc: The current path is /home/guy/retractable-wind
I have found the property file.
The training windspeed filename is /trainingKSMX2004-2012in.csv
The testing windspeed filename is /testingKSMX2013-2014in.csv
Yes, the station is KSMX
Warning: The bAlsoUsePrediction no longer has any effect
iUsedAllItsAllocatedVisibilityMinutesPerMonth: 8760
Visibility Allocation Minutes:8760
HARVESTER_SIZE_SQM is 6362
Reading file
Success: /Wind turbine power curves - wind turbine power output against wind speed in knots.csv found.
Speed (Knots) = Speed(knots) vs power (kW) , Power (kW) =V90
Speed (Knots) = 0 , Power (kW) =0
Speed (Knots) = 1 , Power (kW) =0
Speed (Knots) = 2 , Power (kW) =0
Speed (Knots) = 3 , Power (kW) =0
Speed (Knots) = 4 , Power (kW) =0
Speed (Knots) = 5 , Power (kW) =0
Speed (Knots) = 6 , Power (kW) =0
Speed (Knots) = 7 , Power (kW) =38
Speed (Knots) = 8 , Power (kW) =87
Speed (Knots) = 9 , Power (kW) =141
Speed (Knots) = 10 , Power (kW) =207
Speed (Knots) = 11 , Power (kW) =286
Speed (Knots) = 12 , Power (kW) =382
Speed (Knots) = 13 , Power (kW) =496
Speed (Knots) = 14 , Power (kW) =628
Speed (Knots) = 15 , Power (kW) =781
Speed (Knots) = 16 , Power (kW) =957
Speed (Knots) = 17 , Power (kW) =1153
Speed (Knots) = 18 , Power (kW) =1366
Speed (Knots) = 19 , Power (kW) =1589
Speed (Knots) = 20 , Power (kW) =1814
Speed (Knots) = 21 , Power (kW) =2035
Speed (Knots) = 22 , Power (kW) =2250
Speed (Knots) = 23 , Power (kW) =2452
Speed (Knots) = 24 , Power (kW) =2634
Speed (Knots) = 25 , Power (kW) =2784
Speed (Knots) = 26 , Power (kW) =2888
Speed (Knots) = 27 , Power (kW) =2949
Speed (Knots) = 28 , Power (kW) =2980
Speed (Knots) = 29 , Power (kW) =2993
Speed (Knots) = 30 , Power (kW) =3000
Speed (Knots) = 31 , Power (kW) =3000
Speed (Knots) = 32 , Power (kW) =3000
Speed (Knots) = 33 , Power (kW) =3000
Speed (Knots) = 34 , Power (kW) =3000
Speed (Knots) = 35 , Power (kW) =3000
Speed (Knots) = 36 , Power (kW) =3000
Speed (Knots) = 37 , Power (kW) =3000
Speed (Knots) = 38 , Power (kW) =3000
Speed (Knots) = 39 , Power (kW) =3000
Speed (Knots) = 40 , Power (kW) =3000
Speed (Knots) = 41 , Power (kW) =3000
Speed (Knots) = 42 , Power (kW) =3000
Speed (Knots) = 43 , Power (kW) =3000
Speed (Knots) = 44 , Power (kW) =3000
Speed (Knots) = 45 , Power (kW) =3000
Speed (Knots) = 46 , Power (kW) =3000
Speed (Knots) = 47 , Power (kW) =3000
Speed (Knots) = 48 , Power (kW) =3000
Speed (Knots) = 49 , Power (kW) =0
Speed (Knots) = 50 , Power (kW) =0
Speed (Knots) = 51 , Power (kW) =0
Speed (Knots) = 52 , Power (kW) =0
Speed (Knots) = 53 , Power (kW) =0
Speed (Knots) = 54 , Power (kW) =0
Speed (Knots) = 55 , Power (kW) =0
Speed (Knots) = 56 , Power (kW) =0
Speed (Knots) = 57 , Power (kW) =0
Speed (Knots) = 58 , Power (kW) =0
Speed (Knots) = 59 , Power (kW) =0
Speed (Knots) = 60 , Power (kW) =0
The scale is 1.0
Wind power at 10 knots in kilowatts is 207.0
Wind power in-cut-out test 0.0
Fuzzy
Class name:edu.pitt.cs.people.guy.wind.benchmarks.Fuzzy5
Success: /Noise_Allowed_Time_Definitions_All_Stations.csv found.
The station is the record is KSMX
Success: /Noise_Allowed_Time_Definitions_All_Stations.csv found.
The station is the record is KSMX
I have found the membership file for NOT WINDY.
Windspeed (knots) [0,1), Membership Value =1.00000000,1.0
Windspeed (knots) [1,2), Membership Value =0.99984152,0.9998415
Windspeed (knots) [2,3), Membership Value =0.99797592,0.99797595
Windspeed (knots) [3,4), Membership Value =0.99176306,0.99176306
Windspeed (knots) [4,5), Membership Value =0.98075195,0.98075193
Windspeed (knots) [5,6), Membership Value =0.96501569,0.9650157
Windspeed (knots) [6,7), Membership Value =0.94321174,0.94321173
Windspeed (knots) [7,8), Membership Value =0.91253429,0.9125343
Windspeed (knots) [8,9), Membership Value =0.86896919,0.8689692
Windspeed (knots) [9,10), Membership Value =0.81232688,0.8123269
Windspeed (knots) [10,11), Membership Value =0.74433181,0.74433184
Windspeed (knots) [11,12), Membership Value =0.67016768,0.6701677
Windspeed (knots) [12,13), Membership Value =0.58838001,0.58838004
Windspeed (knots) [13,14), Membership Value =0.50484257,0.5048426
Windspeed (knots) [14,15), Membership Value =0.42222281,0.42222282
Windspeed (knots) [15,16), Membership Value =0.34158479,0.3415848
Windspeed (knots) [16,17), Membership Value =0.26171593,0.26171592
Windspeed (knots) [17,18), Membership Value =0.18446758,0.18446758
Windspeed (knots) [18,19), Membership Value =0.11059148,0.11059148
Windspeed (knots) [19,20), Membership Value =0.04170878,0.04170878
Windspeed (knots) [20,21), Membership Value =0.00000000,0.0
Windspeed (knots) [21,22), Membership Value =0.00000000,0.0
Windspeed (knots) [22,23), Membership Value =0.00000000,0.0
Windspeed (knots) [23,24), Membership Value =0.00000000,0.0
Windspeed (knots) [24,25), Membership Value =0.00000000,0.0
Windspeed (knots) [25,26), Membership Value =0.00000000,0.0
Windspeed (knots) [26,27), Membership Value =0.00000000,0.0
Windspeed (knots) [27,28), Membership Value =0.00000000,0.0
Windspeed (knots) [28,29), Membership Value =0.00000000,0.0
Windspeed (knots) [29,30), Membership Value =0.00000000,0.0
Windspeed (knots) [30,31), Membership Value =0.00000000,0.0
Windspeed (knots) [31,32), Membership Value =0.00000000,0.0
Windspeed (knots) [32,33), Membership Value =0.00000000,0.0
Windspeed (knots) [33,34), Membership Value =0.00000000,0.0
Windspeed (knots) [34,35), Membership Value =0.00000000,0.0
Windspeed (knots) [35,36), Membership Value =0.00000000,0.0
Windspeed (knots) [36,37), Membership Value =0.00000000,0.0
Windspeed (knots) [37,38), Membership Value =0.00000000,0.0
Windspeed (knots) [38,39), Membership Value =0.00000000,0.0
Windspeed (knots) [39,40), Membership Value =0.00000000,0.0
Windspeed (knots) [40,41), Membership Value =0.00000000,0.0
Windspeed (knots) [41,42), Membership Value =0.00000000,0.0
Windspeed (knots) [42,43), Membership Value =0.00000000,0.0
Windspeed (knots) [43,44), Membership Value =0.00000000,0.0
Windspeed (knots) [44,45), Membership Value =0.00000000,0.0
Windspeed (knots) [45,46), Membership Value =0.00000000,0.0
Windspeed (knots) [46,47), Membership Value =0.00000000,0.0
Windspeed (knots) [47,48), Membership Value =0.00000000,0.0
Windspeed (knots) [48,49), Membership Value =0.00000000,0.0
Windspeed (knots) [49,50), Membership Value =0.00000000,0.0
Windspeed (knots) [50,51), Membership Value =0.00000000,0.0
Windspeed (knots) [51,52), Membership Value =0.00000000,0.0
Windspeed (knots) [52,53), Membership Value =0.00000000,0.0
Windspeed (knots) [53,54), Membership Value =0.00000000,0.0
Windspeed (knots) [54,55), Membership Value =0.00000000,0.0
Windspeed (knots) [55,56), Membership Value =0.00000000,0.0
Windspeed (knots) [56,57), Membership Value =0.00000000,0.0
Windspeed (knots) [57,58), Membership Value =0.00000000,0.0
Windspeed (knots) [58,59), Membership Value =0.00000000,0.0
Windspeed (knots) [59,60), Membership Value =0.00000000,0.0
Windspeed (knots) [60,61), Membership Value =0.00000000,0.0
Windspeed (knots) [61,62), Membership Value =0.00000000,0.0
Windspeed (knots) [62,63), Membership Value =0.00000000,0.0
Windspeed (knots) [63,64), Membership Value =0.00000000,0.0
Windspeed (knots) [64,65), Membership Value =0.00000000,0.0
Windspeed (knots) [65,66), Membership Value =0.00000000,0.0
Windspeed (knots) [66,67), Membership Value =0.00000000,0.0
Windspeed (knots) [67,68), Membership Value =0.00000000,0.0
Windspeed (knots) [68,69), Membership Value =0.00000000,0.0
Windspeed (knots) [69,70), Membership Value =0.00000000,0.0
Windspeed (knots) [70,71), Membership Value =0.00000000,0.0
Windspeed (knots) [71,72), Membership Value =0.00000000,0.0
Windspeed (knots) [72,73), Membership Value =0.00000000,0.0
Windspeed (knots) [73,74), Membership Value =0.00000000,0.0
Windspeed (knots) [74,75), Membership Value =0.00000000,0.0
Windspeed (knots) [75,76), Membership Value =0.00000000,0.0
Windspeed (knots) [76,77), Membership Value =0.00000000,0.0
Windspeed (knots) [77,78), Membership Value =0.00000000,0.0
Windspeed (knots) [78,79), Membership Value =0.00000000,0.0
Windspeed (knots) [79,80), Membership Value =0.00000000,0.0
Windspeed (knots) [80,81), Membership Value =0.00000000,0.0
Windspeed (knots) [81,82), Membership Value =0.00000000,0.0
Windspeed (knots) [82,83), Membership Value =0.00000000,0.0
Windspeed (knots) [83,84), Membership Value =0.00000000,0.0
Windspeed (knots) [84,85), Membership Value =0.00000000,0.0
Windspeed (knots) [85,86), Membership Value =0.00000000,0.0
Windspeed (knots) [86,87), Membership Value =0.00000000,0.0
Windspeed (knots) [87,88), Membership Value =0.00000000,0.0
Windspeed (knots) [88,89), Membership Value =0.00000000,0.0
Windspeed (knots) [89,90), Membership Value =0.00000000,0.0
Windspeed (knots) [90,91), Membership Value =0.00000000,0.0
Windspeed (knots) [91,92), Membership Value =0.00000000,0.0
Windspeed (knots) [92,93), Membership Value =0.00000000,0.0
Windspeed (knots) [93,94), Membership Value =0.00000000,0.0
Windspeed (knots) [94,95), Membership Value =0.00000000,0.0
Windspeed (knots) [95,96), Membership Value =0.00000000,0.0
Windspeed (knots) [96,97), Membership Value =0.00000000,0.0
Windspeed (knots) [97,98), Membership Value =0.00000000,0.0
Windspeed (knots) [98,99), Membership Value =0.00000000,0.0
Windspeed (knots) [99,100), Membership Value =0.00000000,0.0
Windspeed (knots) [100,101), Membership Value =0.00000000,0.0
Windspeed (knots) [101,102), Membership Value =0.00000000,0.0
Windspeed (knots) [102,103), Membership Value =0.00000000,0.0
Windspeed (knots) [103,104), Membership Value =0.00000000,0.0
Windspeed (knots) [104,105), Membership Value =0.00000000,0.0
Windspeed (knots) [105,106), Membership Value =0.00000000,0.0
Windspeed (knots) [106,107), Membership Value =0.00000000,0.0
Windspeed (knots) [107,108), Membership Value =0.00000000,0.0
Windspeed (knots) [108,109), Membership Value =0.00000000,0.0
Windspeed (knots) [109,110), Membership Value =0.00000000,0.0
Windspeed (knots) [110,111), Membership Value =0.00000000,0.0
Windspeed (knots) [111,112), Membership Value =0.00000000,0.0
Windspeed (knots) [112,113), Membership Value =0.00000000,0.0
Windspeed (knots) [113,114), Membership Value =0.00000000,0.0
Windspeed (knots) [114,115), Membership Value =0.00000000,0.0
Windspeed (knots) [115,116), Membership Value =0.00000000,0.0
Windspeed (knots) [116,117), Membership Value =0.00000000,0.0
Windspeed (knots) [117,118), Membership Value =0.00000000,0.0
Windspeed (knots) [118,119), Membership Value =0.00000000,0.0
Windspeed (knots) [119,120), Membership Value =0.00000000,0.0
Windspeed (knots) [120,121), Membership Value =0.00000000,0.0
Windspeed (knots) [121,122), Membership Value =0.00000000,0.0
Windspeed (knots) [122,123), Membership Value =0.00000000,0.0
Windspeed (knots) [123,124), Membership Value =0.00000000,0.0
Windspeed (knots) [124,125), Membership Value =0.00000000,0.0
LowestWindspeedThatIsWindyKnots for station KSMX is 8 knots.
Transition limited :true
bUseWeatherPrediction: true
The running average is 1
The membership_value_deployment_threshold is 0.5
Energy harvested: 3049524.936388815
iGeneratingEnergyWhenGridNeedsEnergyMinutes =363827
iGeneratingEnergyWhenGridNeedsEnergyMinutes =363827
iUsingEnergyWhenGridNeedsEnergyMinutes =1421
iGeneratingEnergyWhenGridHasExcessEnergyMinutes = 2549
iUsingEnergyWhenGridHasExcessEnergyMinutes = 0
iIdleWhenGridDoesNotNeedEnergyMinutes = 43531
iIdleWhenGridNeedsEnergyMinutes = 4323151
iEnergyPriceIsZeroMinutes = 240
harvester.getEnergyHarvestedAVAILABLEKilowattHours( ): 1.1707182983333332E7
harvester.getEnergyHarvestedKilowattHours(): 3049524.936388815
The running average is 31
The membership_value_deployment_threshold is 0.5
Energy harvested: 3496831.597499922
iGeneratingEnergyWhenGridNeedsEnergyMinutes =380456
iGeneratingEnergyWhenGridNeedsEnergyMinutes =380456
iUsingEnergyWhenGridNeedsEnergyMinutes =974
iGeneratingEnergyWhenGridHasExcessEnergyMinutes = 2582
iUsingEnergyWhenGridHasExcessEnergyMinutes = 18
iIdleWhenGridDoesNotNeedEnergyMinutes = 43480
iIdleWhenGridNeedsEnergyMinutes = 4306969
iEnergyPriceIsZeroMinutes = 240
harvester.getEnergyHarvestedAVAILABLEKilowattHours( ): 1.1707182983333332E7
harvester.getEnergyHarvestedKilowattHours(): 3496831.597499922
The running average is 61
The membership_value_deployment_threshold is 0.5
Energy harvested: 3581665.955833261
iGeneratingEnergyWhenGridNeedsEnergyMinutes =385730
iGeneratingEnergyWhenGridNeedsEnergyMinutes =385730
iUsingEnergyWhenGridNeedsEnergyMinutes =909
iGeneratingEnergyWhenGridHasExcessEnergyMinutes = 2625
iUsingEnergyWhenGridHasExcessEnergyMinutes = 0
iIdleWhenGridDoesNotNeedEnergyMinutes = 43455
iIdleWhenGridNeedsEnergyMinutes = 4301760
iEnergyPriceIsZeroMinutes = 240
harvester.getEnergyHarvestedAVAILABLEKilowattHours( ): 1.1707182983333332E7
harvester.getEnergyHarvestedKilowattHours(): 3581665.955833261
The running average is 91
The membership_value_deployment_threshold is 0.5
Energy harvested: 3512821.746388805
iGeneratingEnergyWhenGridNeedsEnergyMinutes =379393
iGeneratingEnergyWhenGridNeedsEnergyMinutes =379393
iUsingEnergyWhenGridNeedsEnergyMinutes =950
iGeneratingEnergyWhenGridHasExcessEnergyMinutes = 2450
iUsingEnergyWhenGridHasExcessEnergyMinutes = 0
iIdleWhenGridDoesNotNeedEnergyMinutes = 43630
iIdleWhenGridNeedsEnergyMinutes = 4308056
iEnergyPriceIsZeroMinutes = 240
harvester.getEnergyHarvestedAVAILABLEKilowattHours( ): 1.1707182983333332E7
harvester.getEnergyHarvestedKilowattHours(): 3512821.746388805
The running average is 121
The membership_value_deployment_threshold is 0.5
Energy harvested: 3536235.640277699
iGeneratingEnergyWhenGridNeedsEnergyMinutes =377035
iGeneratingEnergyWhenGridNeedsEnergyMinutes =377035
iUsingEnergyWhenGridNeedsEnergyMinutes =850
iGeneratingEnergyWhenGridHasExcessEnergyMinutes = 2635
iUsingEnergyWhenGridHasExcessEnergyMinutes = 0
iIdleWhenGridDoesNotNeedEnergyMinutes = 43445
iIdleWhenGridNeedsEnergyMinutes = 4310514
iEnergyPriceIsZeroMinutes = 240
harvester.getEnergyHarvestedAVAILABLEKilowattHours( ): 1.1707182983333332E7
harvester.getEnergyHarvestedKilowattHours(): 3536235.640277699
Beginning testing mode:
station,&,deployment_membership_value_threshold_array_for_month_1,&,running_average_size_minutes_for_month_1,&,deployment_membership_value_threshold_array_for_month_2,&,running_average_size_minutes_for_month_2,&,deployment_membership_value_threshold_array_for_month_3,&,running_average_size_minutes_for_month_3,&,deployment_membership_value_threshold_array_for_month_4,&,running_average_size_minutes_for_month_4,&,deployment_membership_value_threshold_array_for_month_5,&,running_average_size_minutes_for_month_5,&,deployment_membership_value_threshold_array_for_month_6,&,running_average_size_minutes_for_month_6,&,deployment_membership_value_threshold_array_for_month_7,&,running_average_size_minutes_for_month_7,&,deployment_membership_value_threshold_array_for_month_8,&,running_average_size_minutes_for_month_8,&,deployment_membership_value_threshold_array_for_month_9,&,running_average_size_minutes_for_month_9,&,deployment_membership_value_threshold_array_for_month_10,&,running_average_size_minutes_for_month_10,&,deployment_membership_value_threshold_array_for_month_11,&,running_average_size_minutes_for_month_11,&,deployment_membership_value_threshold_array_for_month_12,&,running_average_size_minutes_for_month_12,&,dNetNorm,&,dMarketBalancePercentage,&,dMarketNetNorm,
results: KSMX,&,0.5,&,61,&,0.5,&,61,&,0.5,&,1,&,0.5,&,121,&,0.5,&,31,&,0.5,&,31,&,0.5,&,1,&,0.5,&,31,&,0.5,&,31,&,0.5,&,121,&,0.5,&,61,&,0.5,&,31,&,0.2539485686112667,&,0.9881132899843224,&,0.25092995561728815
monthly visible minutes:KSMX,&,2013,&,8672,&,8672,&,8672,&,8672,&,8672,&,8672,&,8672,&,8672,&,8672,&,8672,&,8672,&,8672,&,
monthly visible minutes:KSMX,&,2014,&,8672,&,8672,&,8672,&,8672,&,8672,&,8672,&,8672,&,8672,&,8672,&,8672,&,8672,&,8672,&,
monthly minutes harvester between states:KSMX,&,2013,&,38,&,38,&,38,&,38,&,38,&,38,&,38,&,38,&,38,&,38,&,38,&,38,&,
monthly minutes harvester between states:KSMX,&,2014,&,38,&,38,&,38,&,38,&,38,&,38,&,38,&,38,&,38,&,38,&,38,&,38,&,
FuzzyVsCrisp: KSMX,1,true,true
station,&,deployment_membership_value_threshold_array_for_month_1,&,running_average_size_minutes_for_month_1,&,deployment_membership_value_threshold_array_for_month_2,&,running_average_size_minutes_for_month_2,&,deployment_membership_value_threshold_array_for_month_3,&,running_average_size_minutes_for_month_3,&,deployment_membership_value_threshold_array_for_month_4,&,running_average_size_minutes_for_month_4,&,deployment_membership_value_threshold_array_for_month_5,&,running_average_size_minutes_for_month_5,&,deployment_membership_value_threshold_array_for_month_6,&,running_average_size_minutes_for_month_6,&,deployment_membership_value_threshold_array_for_month_7,&,running_average_size_minutes_for_month_7,&,deployment_membership_value_threshold_array_for_month_8,&,running_average_size_minutes_for_month_8,&,deployment_membership_value_threshold_array_for_month_9,&,running_average_size_minutes_for_month_9,&,deployment_membership_value_threshold_array_for_month_10,&,running_average_size_minutes_for_month_10,&,deployment_membership_value_threshold_array_for_month_11,&,running_average_size_minutes_for_month_11,&,deployment_membership_value_threshold_array_for_month_12,&,running_average_size_minutes_for_month_12,&,dNetNorm,&,dMarketBalancePercentage,&,dMarketNetNorm,
results: KSMX,&,0.5,&,61,&,0.5,&,61,&,0.5,&,1,&,0.5,&,121,&,0.5,&,31,&,0.5,&,31,&,0.5,&,1,&,0.5,&,31,&,0.5,&,31,&,0.5,&,121,&,0.5,&,61,&,0.5,&,31,&,0.2539485686112667,&,0.9881132899843224,&,0.25092995561728815
monthly visible minutes:KSMX,&,2013,&,8672,&,8672,&,8672,&,8672,&,8672,&,8672,&,8672,&,8672,&,8672,&,8672,&,8672,&,8672,&,
monthly visible minutes:KSMX,&,2014,&,8672,&,8672,&,8672,&,8672,&,8672,&,8672,&,8672,&,8672,&,8672,&,8672,&,8672,&,8672,&,
monthly minutes harvester between states:KSMX,&,2013,&,38,&,38,&,38,&,38,&,38,&,38,&,38,&,38,&,38,&,38,&,38,&,38,&,
monthly minutes harvester between states:KSMX,&,2014,&,38,&,38,&,38,&,38,&,38,&,38,&,38,&,38,&,38,&,38,&,38,&,38,&,
FuzzyVsCrisp: KSMX,1,true,true
Station: KSTL
abc: The current path is /home/guy/retractable-wind
I have found the property file.
The training windspeed filename is /trainingKSTL2004-2012in.csv
The testing windspeed filename is /testingKSTL2013-2014in.csv
Yes, the station is KSTL
Warning: The bAlsoUsePrediction no longer has any effect
iUsedAllItsAllocatedVisibilityMinutesPerMonth: 8760
Visibility Allocation Minutes:8760
HARVESTER_SIZE_SQM is 6362
Reading file
Success: /Wind turbine power curves - wind turbine power output against wind speed in knots.csv found.
Speed (Knots) = Speed(knots) vs power (kW) , Power (kW) =V90
Speed (Knots) = 0 , Power (kW) =0
Speed (Knots) = 1 , Power (kW) =0
Speed (Knots) = 2 , Power (kW) =0
Speed (Knots) = 3 , Power (kW) =0
Speed (Knots) = 4 , Power (kW) =0
Speed (Knots) = 5 , Power (kW) =0
Speed (Knots) = 6 , Power (kW) =0
Speed (Knots) = 7 , Power (kW) =38
Speed (Knots) = 8 , Power (kW) =87
Speed (Knots) = 9 , Power (kW) =141
Speed (Knots) = 10 , Power (kW) =207
Speed (Knots) = 11 , Power (kW) =286
Speed (Knots) = 12 , Power (kW) =382
Speed (Knots) = 13 , Power (kW) =496
Speed (Knots) = 14 , Power (kW) =628
Speed (Knots) = 15 , Power (kW) =781
Speed (Knots) = 16 , Power (kW) =957
Speed (Knots) = 17 , Power (kW) =1153
Speed (Knots) = 18 , Power (kW) =1366
Speed (Knots) = 19 , Power (kW) =1589
Speed (Knots) = 20 , Power (kW) =1814
Speed (Knots) = 21 , Power (kW) =2035
Speed (Knots) = 22 , Power (kW) =2250
Speed (Knots) = 23 , Power (kW) =2452
Speed (Knots) = 24 , Power (kW) =2634
Speed (Knots) = 25 , Power (kW) =2784
Speed (Knots) = 26 , Power (kW) =2888
Speed (Knots) = 27 , Power (kW) =2949
Speed (Knots) = 28 , Power (kW) =2980
Speed (Knots) = 29 , Power (kW) =2993
Speed (Knots) = 30 , Power (kW) =3000
Speed (Knots) = 31 , Power (kW) =3000
Speed (Knots) = 32 , Power (kW) =3000
Speed (Knots) = 33 , Power (kW) =3000
Speed (Knots) = 34 , Power (kW) =3000
Speed (Knots) = 35 , Power (kW) =3000
Speed (Knots) = 36 , Power (kW) =3000
Speed (Knots) = 37 , Power (kW) =3000
Speed (Knots) = 38 , Power (kW) =3000
Speed (Knots) = 39 , Power (kW) =3000
Speed (Knots) = 40 , Power (kW) =3000
Speed (Knots) = 41 , Power (kW) =3000
Speed (Knots) = 42 , Power (kW) =3000
Speed (Knots) = 43 , Power (kW) =3000
Speed (Knots) = 44 , Power (kW) =3000
Speed (Knots) = 45 , Power (kW) =3000
Speed (Knots) = 46 , Power (kW) =3000
Speed (Knots) = 47 , Power (kW) =3000
Speed (Knots) = 48 , Power (kW) =3000
Speed (Knots) = 49 , Power (kW) =0
Speed (Knots) = 50 , Power (kW) =0
Speed (Knots) = 51 , Power (kW) =0
Speed (Knots) = 52 , Power (kW) =0
Speed (Knots) = 53 , Power (kW) =0
Speed (Knots) = 54 , Power (kW) =0
Speed (Knots) = 55 , Power (kW) =0
Speed (Knots) = 56 , Power (kW) =0
Speed (Knots) = 57 , Power (kW) =0
Speed (Knots) = 58 , Power (kW) =0
Speed (Knots) = 59 , Power (kW) =0
Speed (Knots) = 60 , Power (kW) =0
The scale is 1.0
Wind power at 10 knots in kilowatts is 207.0
Wind power in-cut-out test 0.0
Fuzzy
Class name:edu.pitt.cs.people.guy.wind.benchmarks.Fuzzy5
Success: /Noise_Allowed_Time_Definitions_All_Stations.csv found.
The station is the record is KSTL
Using sunset for all noise-allowed days
Using sunset for all noise-allowed days
Using sunset for all noise-allowed days
Reading sunset data for KSTL
Success: /STL_Sunset_Times.csv found.
Success: /Noise_Allowed_Time_Definitions_All_Stations.csv found.
The station is the record is KSTL
Using sunset for all noise-allowed days
Using sunset for all noise-allowed days
Using sunset for all noise-allowed days
Reading sunset data for KSTL
Success: /STL_Sunset_Times.csv found.
I have found the membership file for NOT WINDY.
Windspeed (knots) [0,1), Membership Value =1.00000000,1.0
Windspeed (knots) [1,2), Membership Value =0.99995164,0.99995166
Windspeed (knots) [2,3), Membership Value =0.99933553,0.9993355
Windspeed (knots) [3,4), Membership Value =0.99672278,0.99672276
Windspeed (knots) [4,5), Membership Value =0.98922296,0.98922294
Windspeed (knots) [5,6), Membership Value =0.97267884,0.97267884
Windspeed (knots) [6,7), Membership Value =0.94274286,0.9427429
Windspeed (knots) [7,8), Membership Value =0.89560317,0.8956032
Windspeed (knots) [8,9), Membership Value =0.83087053,0.8308705
Windspeed (knots) [9,10), Membership Value =0.74992761,0.7499276
Windspeed (knots) [10,11), Membership Value =0.65725868,0.6572587
Windspeed (knots) [11,12), Membership Value =0.55977955,0.5597795
Windspeed (knots) [12,13), Membership Value =0.46024850,0.4602485
Windspeed (knots) [13,14), Membership Value =0.36066227,0.36066228
Windspeed (knots) [14,15), Membership Value =0.26428382,0.2642838
Windspeed (knots) [15,16), Membership Value =0.17693071,0.17693071
Windspeed (knots) [16,17), Membership Value =0.09939847,0.09939847
Windspeed (knots) [17,18), Membership Value =0.03080972,0.03080972
Windspeed (knots) [18,19), Membership Value =0.00000000,0.0
Windspeed (knots) [19,20), Membership Value =0.00000000,0.0
Windspeed (knots) [20,21), Membership Value =0.00000000,0.0
Windspeed (knots) [21,22), Membership Value =0.00000000,0.0
Windspeed (knots) [22,23), Membership Value =0.00000000,0.0
Windspeed (knots) [23,24), Membership Value =0.00000000,0.0
Windspeed (knots) [24,25), Membership Value =0.00000000,0.0
Windspeed (knots) [25,26), Membership Value =0.00000000,0.0
Windspeed (knots) [26,27), Membership Value =0.00000000,0.0
Windspeed (knots) [27,28), Membership Value =0.00000000,0.0
Windspeed (knots) [28,29), Membership Value =0.00000000,0.0
Windspeed (knots) [29,30), Membership Value =0.00000000,0.0
Windspeed (knots) [30,31), Membership Value =0.00000000,0.0
Windspeed (knots) [31,32), Membership Value =0.00000000,0.0
Windspeed (knots) [32,33), Membership Value =0.00000000,0.0
Windspeed (knots) [33,34), Membership Value =0.00000000,0.0
Windspeed (knots) [34,35), Membership Value =0.00000000,0.0
Windspeed (knots) [35,36), Membership Value =0.00000000,0.0
Windspeed (knots) [36,37), Membership Value =0.00000000,0.0
Windspeed (knots) [37,38), Membership Value =0.00000000,0.0
Windspeed (knots) [38,39), Membership Value =0.00000000,0.0
Windspeed (knots) [39,40), Membership Value =0.00000000,0.0
Windspeed (knots) [40,41), Membership Value =0.00000000,0.0
Windspeed (knots) [41,42), Membership Value =0.00000000,0.0
Windspeed (knots) [42,43), Membership Value =0.00000000,0.0
Windspeed (knots) [43,44), Membership Value =0.00000000,0.0
Windspeed (knots) [44,45), Membership Value =0.00000000,0.0
Windspeed (knots) [45,46), Membership Value =0.00000000,0.0
Windspeed (knots) [46,47), Membership Value =0.00000000,0.0
Windspeed (knots) [47,48), Membership Value =0.00000000,0.0
Windspeed (knots) [48,49), Membership Value =0.00000000,0.0
Windspeed (knots) [49,50), Membership Value =0.00000000,0.0
Windspeed (knots) [50,51), Membership Value =0.00000000,0.0
Windspeed (knots) [51,52), Membership Value =0.00000000,0.0
Windspeed (knots) [52,53), Membership Value =0.00000000,0.0
Windspeed (knots) [53,54), Membership Value =0.00000000,0.0
Windspeed (knots) [54,55), Membership Value =0.00000000,0.0
Windspeed (knots) [55,56), Membership Value =0.00000000,0.0
Windspeed (knots) [56,57), Membership Value =0.00000000,0.0
Windspeed (knots) [57,58), Membership Value =0.00000000,0.0
Windspeed (knots) [58,59), Membership Value =0.00000000,0.0
Windspeed (knots) [59,60), Membership Value =0.00000000,0.0
Windspeed (knots) [60,61), Membership Value =0.00000000,0.0
Windspeed (knots) [61,62), Membership Value =0.00000000,0.0
Windspeed (knots) [62,63), Membership Value =0.00000000,0.0
Windspeed (knots) [63,64), Membership Value =0.00000000,0.0
Windspeed (knots) [64,65), Membership Value =0.00000000,0.0
Windspeed (knots) [65,66), Membership Value =0.00000000,0.0
Windspeed (knots) [66,67), Membership Value =0.00000000,0.0
Windspeed (knots) [67,68), Membership Value =0.00000000,0.0
Windspeed (knots) [68,69), Membership Value =0.00000000,0.0
Windspeed (knots) [69,70), Membership Value =0.00000000,0.0
Windspeed (knots) [70,71), Membership Value =0.00000000,0.0
Windspeed (knots) [71,72), Membership Value =0.00000000,0.0
Windspeed (knots) [72,73), Membership Value =0.00000000,0.0
Windspeed (knots) [73,74), Membership Value =0.00000000,0.0
Windspeed (knots) [74,75), Membership Value =0.00000000,0.0
Windspeed (knots) [75,76), Membership Value =0.00000000,0.0
Windspeed (knots) [76,77), Membership Value =0.00000000,0.0
Windspeed (knots) [77,78), Membership Value =0.00000000,0.0
Windspeed (knots) [78,79), Membership Value =0.00000000,0.0
Windspeed (knots) [79,80), Membership Value =0.00000000,0.0
Windspeed (knots) [80,81), Membership Value =0.00000000,0.0
Windspeed (knots) [81,82), Membership Value =0.00000000,0.0
Windspeed (knots) [82,83), Membership Value =0.00000000,0.0
Windspeed (knots) [83,84), Membership Value =0.00000000,0.0
Windspeed (knots) [84,85), Membership Value =0.00000000,0.0
Windspeed (knots) [85,86), Membership Value =0.00000000,0.0
Windspeed (knots) [86,87), Membership Value =0.00000000,0.0
Windspeed (knots) [87,88), Membership Value =0.00000000,0.0
Windspeed (knots) [88,89), Membership Value =0.00000000,0.0
Windspeed (knots) [89,90), Membership Value =0.00000000,0.0
Windspeed (knots) [90,91), Membership Value =0.00000000,0.0
Windspeed (knots) [91,92), Membership Value =0.00000000,0.0
Windspeed (knots) [92,93), Membership Value =0.00000000,0.0
Windspeed (knots) [93,94), Membership Value =0.00000000,0.0
Windspeed (knots) [94,95), Membership Value =0.00000000,0.0
Windspeed (knots) [95,96), Membership Value =0.00000000,0.0
Windspeed (knots) [96,97), Membership Value =0.00000000,0.0
Windspeed (knots) [97,98), Membership Value =0.00000000,0.0
Windspeed (knots) [98,99), Membership Value =0.00000000,0.0
Windspeed (knots) [99,100), Membership Value =0.00000000,0.0
Windspeed (knots) [100,101), Membership Value =0.00000000,0.0
Windspeed (knots) [101,102), Membership Value =0.00000000,0.0
Windspeed (knots) [102,103), Membership Value =0.00000000,0.0
Windspeed (knots) [103,104), Membership Value =0.00000000,0.0
Windspeed (knots) [104,105), Membership Value =0.00000000,0.0
Windspeed (knots) [105,106), Membership Value =0.00000000,0.0
Windspeed (knots) [106,107), Membership Value =0.00000000,0.0
Windspeed (knots) [107,108), Membership Value =0.00000000,0.0
Windspeed (knots) [108,109), Membership Value =0.00000000,0.0
Windspeed (knots) [109,110), Membership Value =0.00000000,0.0
Windspeed (knots) [110,111), Membership Value =0.00000000,0.0
Windspeed (knots) [111,112), Membership Value =0.00000000,0.0
Windspeed (knots) [112,113), Membership Value =0.00000000,0.0
Windspeed (knots) [113,114), Membership Value =0.00000000,0.0
Windspeed (knots) [114,115), Membership Value =0.00000000,0.0
Windspeed (knots) [115,116), Membership Value =0.00000000,0.0
Windspeed (knots) [116,117), Membership Value =0.00000000,0.0
Windspeed (knots) [117,118), Membership Value =0.00000000,0.0
Windspeed (knots) [118,119), Membership Value =0.00000000,0.0
Windspeed (knots) [119,120), Membership Value =0.00000000,0.0
Windspeed (knots) [120,121), Membership Value =0.00000000,0.0
Windspeed (knots) [121,122), Membership Value =0.00000000,0.0
Windspeed (knots) [122,123), Membership Value =0.00000000,0.0
Windspeed (knots) [123,124), Membership Value =0.00000000,0.0
Windspeed (knots) [124,125), Membership Value =0.00000000,0.0
LowestWindspeedThatIsWindyKnots for station KSTL is 7 knots.
Transition limited :true
bUseWeatherPrediction: true
The running average is 1
The membership_value_deployment_threshold is 0.5
Energy harvested: 2933401.24222213
iGeneratingEnergyWhenGridNeedsEnergyMinutes =544547
iGeneratingEnergyWhenGridNeedsEnergyMinutes =544547
iUsingEnergyWhenGridNeedsEnergyMinutes =1783
iGeneratingEnergyWhenGridHasExcessEnergyMinutes = 6258
iUsingEnergyWhenGridHasExcessEnergyMinutes = 16
iIdleWhenGridDoesNotNeedEnergyMinutes = 39806
iIdleWhenGridNeedsEnergyMinutes = 4142069
iEnergyPriceIsZeroMinutes = 240
harvester.getEnergyHarvestedAVAILABLEKilowattHours( ): 1.4201779516666668E7
harvester.getEnergyHarvestedKilowattHours(): 2933401.24222213
The running average is 31
The membership_value_deployment_threshold is 0.5
Energy harvested: 3624280.4902776396
iGeneratingEnergyWhenGridNeedsEnergyMinutes =568392
iGeneratingEnergyWhenGridNeedsEnergyMinutes =568392
iUsingEnergyWhenGridNeedsEnergyMinutes =1559
iGeneratingEnergyWhenGridHasExcessEnergyMinutes = 6320
iUsingEnergyWhenGridHasExcessEnergyMinutes = 19
iIdleWhenGridDoesNotNeedEnergyMinutes = 39741
iIdleWhenGridNeedsEnergyMinutes = 4118448
iEnergyPriceIsZeroMinutes = 240
harvester.getEnergyHarvestedAVAILABLEKilowattHours( ): 1.4201779516666668E7
harvester.getEnergyHarvestedKilowattHours(): 3624280.4902776396
The running average is 61
The membership_value_deployment_threshold is 0.5
Energy harvested: 3747119.005277634
iGeneratingEnergyWhenGridNeedsEnergyMinutes =570898
iGeneratingEnergyWhenGridNeedsEnergyMinutes =570898
iUsingEnergyWhenGridNeedsEnergyMinutes =1572
iGeneratingEnergyWhenGridHasExcessEnergyMinutes = 6242
iUsingEnergyWhenGridHasExcessEnergyMinutes = 11
iIdleWhenGridDoesNotNeedEnergyMinutes = 39827
iIdleWhenGridNeedsEnergyMinutes = 4115929
iEnergyPriceIsZeroMinutes = 240
harvester.getEnergyHarvestedAVAILABLEKilowattHours( ): 1.4201779516666668E7
harvester.getEnergyHarvestedKilowattHours(): 3747119.005277634
The running average is 91
The membership_value_deployment_threshold is 0.5
Energy harvested: 3853516.8586109704
iGeneratingEnergyWhenGridNeedsEnergyMinutes =576106
iGeneratingEnergyWhenGridNeedsEnergyMinutes =576106
iUsingEnergyWhenGridNeedsEnergyMinutes =1505
iGeneratingEnergyWhenGridHasExcessEnergyMinutes = 6349
iUsingEnergyWhenGridHasExcessEnergyMinutes = 13
iIdleWhenGridDoesNotNeedEnergyMinutes = 39718
iIdleWhenGridNeedsEnergyMinutes = 4110788
iEnergyPriceIsZeroMinutes = 240
harvester.getEnergyHarvestedAVAILABLEKilowattHours( ): 1.4201779516666668E7
harvester.getEnergyHarvestedKilowattHours(): 3853516.8586109704
The running average is 121
The membership_value_deployment_threshold is 0.5
Energy harvested: 4003716.437499875
iGeneratingEnergyWhenGridNeedsEnergyMinutes =583411
iGeneratingEnergyWhenGridNeedsEnergyMinutes =583411
iUsingEnergyWhenGridNeedsEnergyMinutes =1347
iGeneratingEnergyWhenGridHasExcessEnergyMinutes = 5987
iUsingEnergyWhenGridHasExcessEnergyMinutes = 13
iIdleWhenGridDoesNotNeedEnergyMinutes = 40080
iIdleWhenGridNeedsEnergyMinutes = 4103641
iEnergyPriceIsZeroMinutes = 240
harvester.getEnergyHarvestedAVAILABLEKilowattHours( ): 1.4201779516666668E7
harvester.getEnergyHarvestedKilowattHours(): 4003716.437499875
Beginning testing mode:
station,&,deployment_membership_value_threshold_array_for_month_1,&,running_average_size_minutes_for_month_1,&,deployment_membership_value_threshold_array_for_month_2,&,running_average_size_minutes_for_month_2,&,deployment_membership_value_threshold_array_for_month_3,&,running_average_size_minutes_for_month_3,&,deployment_membership_value_threshold_array_for_month_4,&,running_average_size_minutes_for_month_4,&,deployment_membership_value_threshold_array_for_month_5,&,running_average_size_minutes_for_month_5,&,deployment_membership_value_threshold_array_for_month_6,&,running_average_size_minutes_for_month_6,&,deployment_membership_value_threshold_array_for_month_7,&,running_average_size_minutes_for_month_7,&,deployment_membership_value_threshold_array_for_month_8,&,running_average_size_minutes_for_month_8,&,deployment_membership_value_threshold_array_for_month_9,&,running_average_size_minutes_for_month_9,&,deployment_membership_value_threshold_array_for_month_10,&,running_average_size_minutes_for_month_10,&,deployment_membership_value_threshold_array_for_month_11,&,running_average_size_minutes_for_month_11,&,deployment_membership_value_threshold_array_for_month_12,&,running_average_size_minutes_for_month_12,&,dNetNorm,&,dMarketBalancePercentage,&,dMarketNetNorm,
results: KSTL,&,0.5,&,1,&,0.5,&,31,&,0.5,&,121,&,0.5,&,1,&,0.5,&,91,&,0.5,&,61,&,0.5,&,1,&,0.5,&,1,&,0.5,&,61,&,0.5,&,121,&,0.5,&,61,&,0.5,&,31,&,0.2131220503050925,&,0.9217624438065319,&,0.19644790191828068
monthly visible minutes:KSTL,&,2013,&,8672,&,8672,&,8672,&,8672,&,8672,&,8672,&,8672,&,8672,&,8672,&,8672,&,8672,&,8672,&,
monthly visible minutes:KSTL,&,2014,&,8672,&,8672,&,8672,&,8672,&,8672,&,8672,&,8672,&,8672,&,8672,&,8672,&,8672,&,8672,&,
monthly minutes harvester between states:KSTL,&,2013,&,38,&,38,&,38,&,38,&,38,&,38,&,38,&,38,&,38,&,38,&,38,&,38,&,
monthly minutes harvester between states:KSTL,&,2014,&,38,&,38,&,38,&,38,&,38,&,38,&,38,&,38,&,38,&,38,&,38,&,38,&,
FuzzyVsCrisp: KSTL,1,true,true
station,&,deployment_membership_value_threshold_array_for_month_1,&,running_average_size_minutes_for_month_1,&,deployment_membership_value_threshold_array_for_month_2,&,running_average_size_minutes_for_month_2,&,deployment_membership_value_threshold_array_for_month_3,&,running_average_size_minutes_for_month_3,&,deployment_membership_value_threshold_array_for_month_4,&,running_average_size_minutes_for_month_4,&,deployment_membership_value_threshold_array_for_month_5,&,running_average_size_minutes_for_month_5,&,deployment_membership_value_threshold_array_for_month_6,&,running_average_size_minutes_for_month_6,&,deployment_membership_value_threshold_array_for_month_7,&,running_average_size_minutes_for_month_7,&,deployment_membership_value_threshold_array_for_month_8,&,running_average_size_minutes_for_month_8,&,deployment_membership_value_threshold_array_for_month_9,&,running_average_size_minutes_for_month_9,&,deployment_membership_value_threshold_array_for_month_10,&,running_average_size_minutes_for_month_10,&,deployment_membership_value_threshold_array_for_month_11,&,running_average_size_minutes_for_month_11,&,deployment_membership_value_threshold_array_for_month_12,&,running_average_size_minutes_for_month_12,&,dNetNorm,&,dMarketBalancePercentage,&,dMarketNetNorm,
results: KSTL,&,0.5,&,1,&,0.5,&,31,&,0.5,&,121,&,0.5,&,61,&,0.5,&,91,&,0.5,&,61,&,0.5,&,1,&,0.5,&,1,&,0.5,&,61,&,0.5,&,121,&,0.5,&,121,&,0.5,&,31,&,0.22126970208529684,&,0.9237678918890103,&,0.204401846234244
monthly visible minutes:KSTL,&,2013,&,8672,&,8672,&,8672,&,8672,&,8672,&,8672,&,8672,&,8672,&,8672,&,8672,&,8672,&,8672,&,
monthly visible minutes:KSTL,&,2014,&,8672,&,8672,&,8672,&,8672,&,8672,&,8672,&,8672,&,8672,&,8672,&,8672,&,8672,&,8672,&,
monthly minutes harvester between states:KSTL,&,2013,&,38,&,38,&,38,&,38,&,38,&,38,&,38,&,38,&,38,&,38,&,38,&,38,&,
monthly minutes harvester between states:KSTL,&,2014,&,38,&,38,&,38,&,38,&,38,&,38,&,38,&,38,&,38,&,38,&,38,&,38,&,
FuzzyVsCrisp: KSTL,1,true,true
Station: KTPA
abc: The current path is /home/guy/retractable-wind
I have found the property file.
The training windspeed filename is /trainingKTPA2004-2012in.csv
The testing windspeed filename is /testingKTPA2013-2014in.csv
Yes, the station is KTPA
Warning: The bAlsoUsePrediction no longer has any effect
iUsedAllItsAllocatedVisibilityMinutesPerMonth: 8760
Visibility Allocation Minutes:8760
HARVESTER_SIZE_SQM is 6362
Reading file
Success: /Wind turbine power curves - wind turbine power output against wind speed in knots.csv found.
Speed (Knots) = Speed(knots) vs power (kW) , Power (kW) =V90
Speed (Knots) = 0 , Power (kW) =0
Speed (Knots) = 1 , Power (kW) =0
Speed (Knots) = 2 , Power (kW) =0
Speed (Knots) = 3 , Power (kW) =0
Speed (Knots) = 4 , Power (kW) =0
Speed (Knots) = 5 , Power (kW) =0
Speed (Knots) = 6 , Power (kW) =0
Speed (Knots) = 7 , Power (kW) =38
Speed (Knots) = 8 , Power (kW) =87
Speed (Knots) = 9 , Power (kW) =141
Speed (Knots) = 10 , Power (kW) =207
Speed (Knots) = 11 , Power (kW) =286
Speed (Knots) = 12 , Power (kW) =382
Speed (Knots) = 13 , Power (kW) =496
Speed (Knots) = 14 , Power (kW) =628
Speed (Knots) = 15 , Power (kW) =781
Speed (Knots) = 16 , Power (kW) =957
Speed (Knots) = 17 , Power (kW) =1153
Speed (Knots) = 18 , Power (kW) =1366
Speed (Knots) = 19 , Power (kW) =1589
Speed (Knots) = 20 , Power (kW) =1814
Speed (Knots) = 21 , Power (kW) =2035
Speed (Knots) = 22 , Power (kW) =2250
Speed (Knots) = 23 , Power (kW) =2452
Speed (Knots) = 24 , Power (kW) =2634
Speed (Knots) = 25 , Power (kW) =2784
Speed (Knots) = 26 , Power (kW) =2888
Speed (Knots) = 27 , Power (kW) =2949
Speed (Knots) = 28 , Power (kW) =2980
Speed (Knots) = 29 , Power (kW) =2993
Speed (Knots) = 30 , Power (kW) =3000
Speed (Knots) = 31 , Power (kW) =3000
Speed (Knots) = 32 , Power (kW) =3000
Speed (Knots) = 33 , Power (kW) =3000
Speed (Knots) = 34 , Power (kW) =3000
Speed (Knots) = 35 , Power (kW) =3000
Speed (Knots) = 36 , Power (kW) =3000
Speed (Knots) = 37 , Power (kW) =3000
Speed (Knots) = 38 , Power (kW) =3000
Speed (Knots) = 39 , Power (kW) =3000
Speed (Knots) = 40 , Power (kW) =3000
Speed (Knots) = 41 , Power (kW) =3000
Speed (Knots) = 42 , Power (kW) =3000
Speed (Knots) = 43 , Power (kW) =3000
Speed (Knots) = 44 , Power (kW) =3000
Speed (Knots) = 45 , Power (kW) =3000
Speed (Knots) = 46 , Power (kW) =3000
Speed (Knots) = 47 , Power (kW) =3000
Speed (Knots) = 48 , Power (kW) =3000
Speed (Knots) = 49 , Power (kW) =0
Speed (Knots) = 50 , Power (kW) =0
Speed (Knots) = 51 , Power (kW) =0
Speed (Knots) = 52 , Power (kW) =0
Speed (Knots) = 53 , Power (kW) =0
Speed (Knots) = 54 , Power (kW) =0
Speed (Knots) = 55 , Power (kW) =0
Speed (Knots) = 56 , Power (kW) =0
Speed (Knots) = 57 , Power (kW) =0
Speed (Knots) = 58 , Power (kW) =0
Speed (Knots) = 59 , Power (kW) =0
Speed (Knots) = 60 , Power (kW) =0
The scale is 1.0
Wind power at 10 knots in kilowatts is 207.0
Wind power in-cut-out test 0.0
Fuzzy
Class name:edu.pitt.cs.people.guy.wind.benchmarks.Fuzzy5
Success: /Noise_Allowed_Time_Definitions_All_Stations.csv found.
The station is the record is KTPA
Success: /Noise_Allowed_Time_Definitions_All_Stations.csv found.
The station is the record is KTPA
I have found the membership file for NOT WINDY.
Windspeed (knots) [0,1), Membership Value =1.00000000,1.0
Windspeed (knots) [1,2), Membership Value =0.99987398,0.999874
Windspeed (knots) [2,3), Membership Value =0.99783640,0.9978364
Windspeed (knots) [3,4), Membership Value =0.98828031,0.9882803
Windspeed (knots) [4,5), Membership Value =0.96288128,0.96288127
Windspeed (knots) [5,6), Membership Value =0.91247289,0.9124729
Windspeed (knots) [6,7), Membership Value =0.83319585,0.83319587
Windspeed (knots) [7,8), Membership Value =0.72389264,0.7238926
Windspeed (knots) [8,9), Membership Value =0.59254789,0.5925479
Windspeed (knots) [9,10), Membership Value =0.45726188,0.4572619
Windspeed (knots) [10,11), Membership Value =0.32620510,0.3262051
Windspeed (knots) [11,12), Membership Value =0.21365425,0.21365425
Windspeed (knots) [12,13), Membership Value =0.11859946,0.11859946
Windspeed (knots) [13,14), Membership Value =0.04377518,0.04377518
Windspeed (knots) [14,15), Membership Value =0.00000000,0.0
Windspeed (knots) [15,16), Membership Value =0.00000000,0.0
Windspeed (knots) [16,17), Membership Value =0.00000000,0.0
Windspeed (knots) [17,18), Membership Value =0.00000000,0.0
Windspeed (knots) [18,19), Membership Value =0.00000000,0.0
Windspeed (knots) [19,20), Membership Value =0.00000000,0.0
Windspeed (knots) [20,21), Membership Value =0.00000000,0.0
Windspeed (knots) [21,22), Membership Value =0.00000000,0.0
Windspeed (knots) [22,23), Membership Value =0.00000000,0.0
Windspeed (knots) [23,24), Membership Value =0.00000000,0.0
Windspeed (knots) [24,25), Membership Value =0.00000000,0.0
Windspeed (knots) [25,26), Membership Value =0.00000000,0.0
Windspeed (knots) [26,27), Membership Value =0.00000000,0.0
Windspeed (knots) [27,28), Membership Value =0.00000000,0.0
Windspeed (knots) [28,29), Membership Value =0.00000000,0.0
Windspeed (knots) [29,30), Membership Value =0.00000000,0.0
Windspeed (knots) [30,31), Membership Value =0.00000000,0.0
Windspeed (knots) [31,32), Membership Value =0.00000000,0.0
Windspeed (knots) [32,33), Membership Value =0.00000000,0.0
Windspeed (knots) [33,34), Membership Value =0.00000000,0.0
Windspeed (knots) [34,35), Membership Value =0.00000000,0.0
Windspeed (knots) [35,36), Membership Value =0.00000000,0.0
Windspeed (knots) [36,37), Membership Value =0.00000000,0.0
Windspeed (knots) [37,38), Membership Value =0.00000000,0.0
Windspeed (knots) [38,39), Membership Value =0.00000000,0.0
Windspeed (knots) [39,40), Membership Value =0.00000000,0.0
Windspeed (knots) [40,41), Membership Value =0.00000000,0.0
Windspeed (knots) [41,42), Membership Value =0.00000000,0.0
Windspeed (knots) [42,43), Membership Value =0.00000000,0.0
Windspeed (knots) [43,44), Membership Value =0.00000000,0.0
Windspeed (knots) [44,45), Membership Value =0.00000000,0.0
Windspeed (knots) [45,46), Membership Value =0.00000000,0.0
Windspeed (knots) [46,47), Membership Value =0.00000000,0.0
Windspeed (knots) [47,48), Membership Value =0.00000000,0.0
Windspeed (knots) [48,49), Membership Value =0.00000000,0.0
Windspeed (knots) [49,50), Membership Value =0.00000000,0.0
Windspeed (knots) [50,51), Membership Value =0.00000000,0.0
Windspeed (knots) [51,52), Membership Value =0.00000000,0.0
Windspeed (knots) [52,53), Membership Value =0.00000000,0.0
Windspeed (knots) [53,54), Membership Value =0.00000000,0.0
Windspeed (knots) [54,55), Membership Value =0.00000000,0.0
Windspeed (knots) [55,56), Membership Value =0.00000000,0.0
Windspeed (knots) [56,57), Membership Value =0.00000000,0.0
Windspeed (knots) [57,58), Membership Value =0.00000000,0.0
Windspeed (knots) [58,59), Membership Value =0.00000000,0.0
Windspeed (knots) [59,60), Membership Value =0.00000000,0.0
Windspeed (knots) [60,61), Membership Value =0.00000000,0.0
Windspeed (knots) [61,62), Membership Value =0.00000000,0.0
Windspeed (knots) [62,63), Membership Value =0.00000000,0.0
Windspeed (knots) [63,64), Membership Value =0.00000000,0.0
Windspeed (knots) [64,65), Membership Value =0.00000000,0.0
Windspeed (knots) [65,66), Membership Value =0.00000000,0.0
Windspeed (knots) [66,67), Membership Value =0.00000000,0.0
Windspeed (knots) [67,68), Membership Value =0.00000000,0.0
Windspeed (knots) [68,69), Membership Value =0.00000000,0.0
Windspeed (knots) [69,70), Membership Value =0.00000000,0.0
Windspeed (knots) [70,71), Membership Value =0.00000000,0.0
Windspeed (knots) [71,72), Membership Value =0.00000000,0.0
Windspeed (knots) [72,73), Membership Value =0.00000000,0.0
Windspeed (knots) [73,74), Membership Value =0.00000000,0.0
Windspeed (knots) [74,75), Membership Value =0.00000000,0.0
Windspeed (knots) [75,76), Membership Value =0.00000000,0.0
Windspeed (knots) [76,77), Membership Value =0.00000000,0.0
Windspeed (knots) [77,78), Membership Value =0.00000000,0.0
Windspeed (knots) [78,79), Membership Value =0.00000000,0.0
Windspeed (knots) [79,80), Membership Value =0.00000000,0.0
Windspeed (knots) [80,81), Membership Value =0.00000000,0.0
Windspeed (knots) [81,82), Membership Value =0.00000000,0.0
Windspeed (knots) [82,83), Membership Value =0.00000000,0.0
Windspeed (knots) [83,84), Membership Value =0.00000000,0.0
Windspeed (knots) [84,85), Membership Value =0.00000000,0.0
Windspeed (knots) [85,86), Membership Value =0.00000000,0.0
Windspeed (knots) [86,87), Membership Value =0.00000000,0.0
Windspeed (knots) [87,88), Membership Value =0.00000000,0.0
Windspeed (knots) [88,89), Membership Value =0.00000000,0.0
Windspeed (knots) [89,90), Membership Value =0.00000000,0.0
Windspeed (knots) [90,91), Membership Value =0.00000000,0.0
Windspeed (knots) [91,92), Membership Value =0.00000000,0.0
Windspeed (knots) [92,93), Membership Value =0.00000000,0.0
Windspeed (knots) [93,94), Membership Value =0.00000000,0.0
Windspeed (knots) [94,95), Membership Value =0.00000000,0.0
Windspeed (knots) [95,96), Membership Value =0.00000000,0.0
Windspeed (knots) [96,97), Membership Value =0.00000000,0.0
Windspeed (knots) [97,98), Membership Value =0.00000000,0.0
Windspeed (knots) [98,99), Membership Value =0.00000000,0.0
Windspeed (knots) [99,100), Membership Value =0.00000000,0.0
Windspeed (knots) [100,101), Membership Value =0.00000000,0.0
Windspeed (knots) [101,102), Membership Value =0.00000000,0.0
Windspeed (knots) [102,103), Membership Value =0.00000000,0.0
Windspeed (knots) [103,104), Membership Value =0.00000000,0.0
Windspeed (knots) [104,105), Membership Value =0.00000000,0.0
Windspeed (knots) [105,106), Membership Value =0.00000000,0.0
Windspeed (knots) [106,107), Membership Value =0.00000000,0.0
Windspeed (knots) [107,108), Membership Value =0.00000000,0.0
Windspeed (knots) [108,109), Membership Value =0.00000000,0.0
Windspeed (knots) [109,110), Membership Value =0.00000000,0.0
Windspeed (knots) [110,111), Membership Value =0.00000000,0.0
Windspeed (knots) [111,112), Membership Value =0.00000000,0.0
Windspeed (knots) [112,113), Membership Value =0.00000000,0.0
Windspeed (knots) [113,114), Membership Value =0.00000000,0.0
Windspeed (knots) [114,115), Membership Value =0.00000000,0.0
Windspeed (knots) [115,116), Membership Value =0.00000000,0.0
Windspeed (knots) [116,117), Membership Value =0.00000000,0.0
Windspeed (knots) [117,118), Membership Value =0.00000000,0.0
Windspeed (knots) [118,119), Membership Value =0.00000000,0.0
Windspeed (knots) [119,120), Membership Value =0.00000000,0.0
Windspeed (knots) [120,121), Membership Value =0.00000000,0.0
Windspeed (knots) [121,122), Membership Value =0.00000000,0.0
Windspeed (knots) [122,123), Membership Value =0.00000000,0.0
Windspeed (knots) [123,124), Membership Value =0.00000000,0.0
Windspeed (knots) [124,125), Membership Value =0.00000000,0.0
LowestWindspeedThatIsWindyKnots for station KTPA is 6 knots.
Transition limited :true
bUseWeatherPrediction: true
The running average is 1
The membership_value_deployment_threshold is 0.5
Energy harvested: 1168081.3380555783
iGeneratingEnergyWhenGridNeedsEnergyMinutes =359580
iGeneratingEnergyWhenGridNeedsEnergyMinutes =359580
iUsingEnergyWhenGridNeedsEnergyMinutes =2033
iGeneratingEnergyWhenGridHasExcessEnergyMinutes = 4169
iUsingEnergyWhenGridHasExcessEnergyMinutes = 19
iIdleWhenGridDoesNotNeedEnergyMinutes = 41892
iIdleWhenGridNeedsEnergyMinutes = 4316794
iEnergyPriceIsZeroMinutes = 240
harvester.getEnergyHarvestedAVAILABLEKilowattHours( ): 5465520.333333333
harvester.getEnergyHarvestedKilowattHours(): 1168081.3380555783
The running average is 31
The membership_value_deployment_threshold is 0.5
Energy harvested: 1438274.1733333603
iGeneratingEnergyWhenGridNeedsEnergyMinutes =407302
iGeneratingEnergyWhenGridNeedsEnergyMinutes =407302
iUsingEnergyWhenGridNeedsEnergyMinutes =2040
iGeneratingEnergyWhenGridHasExcessEnergyMinutes = 4036
iUsingEnergyWhenGridHasExcessEnergyMinutes = 0
iIdleWhenGridDoesNotNeedEnergyMinutes = 42044
iIdleWhenGridNeedsEnergyMinutes = 4269065
iEnergyPriceIsZeroMinutes = 240
harvester.getEnergyHarvestedAVAILABLEKilowattHours( ): 5465520.333333333
harvester.getEnergyHarvestedKilowattHours(): 1438274.1733333603
The running average is 61
The membership_value_deployment_threshold is 0.5
Energy harvested: 1513791.7561111392
iGeneratingEnergyWhenGridNeedsEnergyMinutes =419867
iGeneratingEnergyWhenGridNeedsEnergyMinutes =419867
iUsingEnergyWhenGridNeedsEnergyMinutes =2042
iGeneratingEnergyWhenGridHasExcessEnergyMinutes = 4006
iUsingEnergyWhenGridHasExcessEnergyMinutes = 0
iIdleWhenGridDoesNotNeedEnergyMinutes = 42074
iIdleWhenGridNeedsEnergyMinutes = 4256498
iEnergyPriceIsZeroMinutes = 240
harvester.getEnergyHarvestedAVAILABLEKilowattHours( ): 5465520.333333333
harvester.getEnergyHarvestedKilowattHours(): 1513791.7561111392
The running average is 91
The membership_value_deployment_threshold is 0.5
Energy harvested: 1544841.7933333607
iGeneratingEnergyWhenGridNeedsEnergyMinutes =422777
iGeneratingEnergyWhenGridNeedsEnergyMinutes =422777
iUsingEnergyWhenGridNeedsEnergyMinutes =2030
iGeneratingEnergyWhenGridHasExcessEnergyMinutes = 4121
iUsingEnergyWhenGridHasExcessEnergyMinutes = 0
iIdleWhenGridDoesNotNeedEnergyMinutes = 41959
iIdleWhenGridNeedsEnergyMinutes = 4253600
iEnergyPriceIsZeroMinutes = 240
harvester.getEnergyHarvestedAVAILABLEKilowattHours( ): 5465520.333333333
harvester.getEnergyHarvestedKilowattHours(): 1544841.7933333607
The running average is 121
The membership_value_deployment_threshold is 0.5
Energy harvested: 1557656.0816666943
iGeneratingEnergyWhenGridNeedsEnergyMinutes =424172
iGeneratingEnergyWhenGridNeedsEnergyMinutes =424172
iUsingEnergyWhenGridNeedsEnergyMinutes =2012
iGeneratingEnergyWhenGridHasExcessEnergyMinutes = 4067
iUsingEnergyWhenGridHasExcessEnergyMinutes = 0
iIdleWhenGridDoesNotNeedEnergyMinutes = 42013
iIdleWhenGridNeedsEnergyMinutes = 4252223
iEnergyPriceIsZeroMinutes = 240
harvester.getEnergyHarvestedAVAILABLEKilowattHours( ): 5465520.333333333
harvester.getEnergyHarvestedKilowattHours(): 1557656.0816666943
Beginning testing mode:
station,&,deployment_membership_value_threshold_array_for_month_1,&,running_average_size_minutes_for_month_1,&,deployment_membership_value_threshold_array_for_month_2,&,running_average_size_minutes_for_month_2,&,deployment_membership_value_threshold_array_for_month_3,&,running_average_size_minutes_for_month_3,&,deployment_membership_value_threshold_array_for_month_4,&,running_average_size_minutes_for_month_4,&,deployment_membership_value_threshold_array_for_month_5,&,running_average_size_minutes_for_month_5,&,deployment_membership_value_threshold_array_for_month_6,&,running_average_size_minutes_for_month_6,&,deployment_membership_value_threshold_array_for_month_7,&,running_average_size_minutes_for_month_7,&,deployment_membership_value_threshold_array_for_month_8,&,running_average_size_minutes_for_month_8,&,deployment_membership_value_threshold_array_for_month_9,&,running_average_size_minutes_for_month_9,&,deployment_membership_value_threshold_array_for_month_10,&,running_average_size_minutes_for_month_10,&,deployment_membership_value_threshold_array_for_month_11,&,running_average_size_minutes_for_month_11,&,deployment_membership_value_threshold_array_for_month_12,&,running_average_size_minutes_for_month_12,&,dNetNorm,&,dMarketBalancePercentage,&,dMarketNetNorm,
results: KTPA,&,0.5,&,1,&,0.5,&,31,&,0.5,&,1,&,0.5,&,121,&,0.5,&,1,&,0.5,&,1,&,0.5,&,31,&,0.5,&,91,&,0.5,&,1,&,0.5,&,31,&,0.5,&,61,&,0.5,&,31,&,0.27664497588962406,&,0.9478737458959567,&,0.2622245095797946
monthly visible minutes:KTPA,&,2013,&,8672,&,8672,&,8672,&,8672,&,8672,&,8672,&,8672,&,8672,&,8672,&,8672,&,8672,&,8672,&,
monthly visible minutes:KTPA,&,2014,&,8672,&,8672,&,8672,&,8672,&,8672,&,8672,&,8672,&,8672,&,8672,&,8672,&,8672,&,8672,&,
monthly minutes harvester between states:KTPA,&,2013,&,38,&,38,&,38,&,38,&,38,&,38,&,38,&,38,&,38,&,38,&,38,&,38,&,
monthly minutes harvester between states:KTPA,&,2014,&,38,&,38,&,38,&,38,&,38,&,38,&,38,&,38,&,38,&,38,&,38,&,38,&,
FuzzyVsCrisp: KTPA,1,true,true
station,&,deployment_membership_value_threshold_array_for_month_1,&,running_average_size_minutes_for_month_1,&,deployment_membership_value_threshold_array_for_month_2,&,running_average_size_minutes_for_month_2,&,deployment_membership_value_threshold_array_for_month_3,&,running_average_size_minutes_for_month_3,&,deployment_membership_value_threshold_array_for_month_4,&,running_average_size_minutes_for_month_4,&,deployment_membership_value_threshold_array_for_month_5,&,running_average_size_minutes_for_month_5,&,deployment_membership_value_threshold_array_for_month_6,&,running_average_size_minutes_for_month_6,&,deployment_membership_value_threshold_array_for_month_7,&,running_average_size_minutes_for_month_7,&,deployment_membership_value_threshold_array_for_month_8,&,running_average_size_minutes_for_month_8,&,deployment_membership_value_threshold_array_for_month_9,&,running_average_size_minutes_for_month_9,&,deployment_membership_value_threshold_array_for_month_10,&,running_average_size_minutes_for_month_10,&,deployment_membership_value_threshold_array_for_month_11,&,running_average_size_minutes_for_month_11,&,deployment_membership_value_threshold_array_for_month_12,&,running_average_size_minutes_for_month_12,&,dNetNorm,&,dMarketBalancePercentage,&,dMarketNetNorm,
results: KTPA,&,0.5,&,1,&,0.5,&,31,&,0.5,&,1,&,0.5,&,121,&,0.5,&,1,&,0.5,&,1,&,0.5,&,31,&,0.5,&,91,&,0.5,&,1,&,0.5,&,31,&,0.5,&,61,&,0.5,&,31,&,0.27664497588962406,&,0.9478737458959567,&,0.2622245095797946
monthly visible minutes:KTPA,&,2013,&,8672,&,8672,&,8672,&,8672,&,8672,&,8672,&,8672,&,8672,&,8672,&,8672,&,8672,&,8672,&,
monthly visible minutes:KTPA,&,2014,&,8672,&,8672,&,8672,&,8672,&,8672,&,8672,&,8672,&,8672,&,8672,&,8672,&,8672,&,8672,&,
monthly minutes harvester between states:KTPA,&,2013,&,38,&,38,&,38,&,38,&,38,&,38,&,38,&,38,&,38,&,38,&,38,&,38,&,
monthly minutes harvester between states:KTPA,&,2014,&,38,&,38,&,38,&,38,&,38,&,38,&,38,&,38,&,38,&,38,&,38,&,38,&,
FuzzyVsCrisp: KTPA,1,true,true
