Station_argument: ALL
lambda: 0.9
bUseWeatherPrediction: false
bTransitionLimited: false
cAlgorithm: s
Station: KATL
abc: The current path is /home/guy/retractable-wind
I have found the property file.
The training windspeed filename is /trainingKATL2004-2012in.csv
The testing windspeed filename is /testingKATL2013-2014in.csv
Yes, the station is KATL
Warning: The bAlsoUsePrediction no longer has any effect
iUsedAllItsAllocatedVisibilityMinutesPerMonth: 8760
Visibility Allocation Minutes:8760
HARVESTER_SIZE_SQM is 6362
Reading file
Success: /Wind turbine power curves - wind turbine power output against wind speed in knots.csv found.
Speed (Knots) = Speed(knots) vs power (kW) , Power (kW) =V90
Speed (Knots) = 0 , Power (kW) =0
Speed (Knots) = 1 , Power (kW) =0
Speed (Knots) = 2 , Power (kW) =0
Speed (Knots) = 3 , Power (kW) =0
Speed (Knots) = 4 , Power (kW) =0
Speed (Knots) = 5 , Power (kW) =0
Speed (Knots) = 6 , Power (kW) =0
Speed (Knots) = 7 , Power (kW) =38
Speed (Knots) = 8 , Power (kW) =87
Speed (Knots) = 9 , Power (kW) =141
Speed (Knots) = 10 , Power (kW) =207
Speed (Knots) = 11 , Power (kW) =286
Speed (Knots) = 12 , Power (kW) =382
Speed (Knots) = 13 , Power (kW) =496
Speed (Knots) = 14 , Power (kW) =628
Speed (Knots) = 15 , Power (kW) =781
Speed (Knots) = 16 , Power (kW) =957
Speed (Knots) = 17 , Power (kW) =1153
Speed (Knots) = 18 , Power (kW) =1366
Speed (Knots) = 19 , Power (kW) =1589
Speed (Knots) = 20 , Power (kW) =1814
Speed (Knots) = 21 , Power (kW) =2035
Speed (Knots) = 22 , Power (kW) =2250
Speed (Knots) = 23 , Power (kW) =2452
Speed (Knots) = 24 , Power (kW) =2634
Speed (Knots) = 25 , Power (kW) =2784
Speed (Knots) = 26 , Power (kW) =2888
Speed (Knots) = 27 , Power (kW) =2949
Speed (Knots) = 28 , Power (kW) =2980
Speed (Knots) = 29 , Power (kW) =2993
Speed (Knots) = 30 , Power (kW) =3000
Speed (Knots) = 31 , Power (kW) =3000
Speed (Knots) = 32 , Power (kW) =3000
Speed (Knots) = 33 , Power (kW) =3000
Speed (Knots) = 34 , Power (kW) =3000
Speed (Knots) = 35 , Power (kW) =3000
Speed (Knots) = 36 , Power (kW) =3000
Speed (Knots) = 37 , Power (kW) =3000
Speed (Knots) = 38 , Power (kW) =3000
Speed (Knots) = 39 , Power (kW) =3000
Speed (Knots) = 40 , Power (kW) =3000
Speed (Knots) = 41 , Power (kW) =3000
Speed (Knots) = 42 , Power (kW) =3000
Speed (Knots) = 43 , Power (kW) =3000
Speed (Knots) = 44 , Power (kW) =3000
Speed (Knots) = 45 , Power (kW) =3000
Speed (Knots) = 46 , Power (kW) =3000
Speed (Knots) = 47 , Power (kW) =3000
Speed (Knots) = 48 , Power (kW) =3000
Speed (Knots) = 49 , Power (kW) =0
Speed (Knots) = 50 , Power (kW) =0
Speed (Knots) = 51 , Power (kW) =0
Speed (Knots) = 52 , Power (kW) =0
Speed (Knots) = 53 , Power (kW) =0
Speed (Knots) = 54 , Power (kW) =0
Speed (Knots) = 55 , Power (kW) =0
Speed (Knots) = 56 , Power (kW) =0
Speed (Knots) = 57 , Power (kW) =0
Speed (Knots) = 58 , Power (kW) =0
Speed (Knots) = 59 , Power (kW) =0
Speed (Knots) = 60 , Power (kW) =0
The scale is 1.0
Wind power at 10 knots in kilowatts is 207.0
Wind power in-cut-out test 0.0
Class name:edu.pitt.cs.people.guy.wind.benchmarks.Static
Success: /Noise_Allowed_Time_Definitions_All_Stations.csv found.
The station is the record is KATL
Success: /Noise_Allowed_Time_Definitions_All_Stations.csv found.
The station is the record is KATL
I have found the membership file for NOT WINDY.
Windspeed (knots) [0,1), Membership Value =1.00000000,1.0
Windspeed (knots) [1,2), Membership Value =0.99995286,0.99995285
Windspeed (knots) [2,3), Membership Value =0.99918496,0.99918497
Windspeed (knots) [3,4), Membership Value =0.99526788,0.99526787
Windspeed (knots) [4,5), Membership Value =0.98383125,0.9838312
Windspeed (knots) [5,6), Membership Value =0.95856363,0.9585636
Windspeed (knots) [6,7), Membership Value =0.91443277,0.91443276
Windspeed (knots) [7,8), Membership Value =0.85177112,0.8517711
Windspeed (knots) [8,9), Membership Value =0.77242385,0.77242386
Windspeed (knots) [9,10), Membership Value =0.68323756,0.68323755
Windspeed (knots) [10,11), Membership Value =0.58520864,0.58520865
Windspeed (knots) [11,12), Membership Value =0.48424525,0.48424524
Windspeed (knots) [12,13), Membership Value =0.38309361,0.3830936
Windspeed (knots) [13,14), Membership Value =0.28631783,0.28631783
Windspeed (knots) [14,15), Membership Value =0.19460303,0.19460303
Windspeed (knots) [15,16), Membership Value =0.11077827,0.11077827
Windspeed (knots) [16,17), Membership Value =0.03581045,0.03581045
Windspeed (knots) [17,18), Membership Value =0.00000000,0.0
Windspeed (knots) [18,19), Membership Value =0.00000000,0.0
Windspeed (knots) [19,20), Membership Value =0.00000000,0.0
Windspeed (knots) [20,21), Membership Value =0.00000000,0.0
Windspeed (knots) [21,22), Membership Value =0.00000000,0.0
Windspeed (knots) [22,23), Membership Value =0.00000000,0.0
Windspeed (knots) [23,24), Membership Value =0.00000000,0.0
Windspeed (knots) [24,25), Membership Value =0.00000000,0.0
Windspeed (knots) [25,26), Membership Value =0.00000000,0.0
Windspeed (knots) [26,27), Membership Value =0.00000000,0.0
Windspeed (knots) [27,28), Membership Value =0.00000000,0.0
Windspeed (knots) [28,29), Membership Value =0.00000000,0.0
Windspeed (knots) [29,30), Membership Value =0.00000000,0.0
Windspeed (knots) [30,31), Membership Value =0.00000000,0.0
Windspeed (knots) [31,32), Membership Value =0.00000000,0.0
Windspeed (knots) [32,33), Membership Value =0.00000000,0.0
Windspeed (knots) [33,34), Membership Value =0.00000000,0.0
Windspeed (knots) [34,35), Membership Value =0.00000000,0.0
Windspeed (knots) [35,36), Membership Value =0.00000000,0.0
Windspeed (knots) [36,37), Membership Value =0.00000000,0.0
Windspeed (knots) [37,38), Membership Value =0.00000000,0.0
Windspeed (knots) [38,39), Membership Value =0.00000000,0.0
Windspeed (knots) [39,40), Membership Value =0.00000000,0.0
Windspeed (knots) [40,41), Membership Value =0.00000000,0.0
Windspeed (knots) [41,42), Membership Value =0.00000000,0.0
Windspeed (knots) [42,43), Membership Value =0.00000000,0.0
Windspeed (knots) [43,44), Membership Value =0.00000000,0.0
Windspeed (knots) [44,45), Membership Value =0.00000000,0.0
Windspeed (knots) [45,46), Membership Value =0.00000000,0.0
Windspeed (knots) [46,47), Membership Value =0.00000000,0.0
Windspeed (knots) [47,48), Membership Value =0.00000000,0.0
Windspeed (knots) [48,49), Membership Value =0.00000000,0.0
Windspeed (knots) [49,50), Membership Value =0.00000000,0.0
Windspeed (knots) [50,51), Membership Value =0.00000000,0.0
Windspeed (knots) [51,52), Membership Value =0.00000000,0.0
Windspeed (knots) [52,53), Membership Value =0.00000000,0.0
Windspeed (knots) [53,54), Membership Value =0.00000000,0.0
Windspeed (knots) [54,55), Membership Value =0.00000000,0.0
Windspeed (knots) [55,56), Membership Value =0.00000000,0.0
Windspeed (knots) [56,57), Membership Value =0.00000000,0.0
Windspeed (knots) [57,58), Membership Value =0.00000000,0.0
Windspeed (knots) [58,59), Membership Value =0.00000000,0.0
Windspeed (knots) [59,60), Membership Value =0.00000000,0.0
Windspeed (knots) [60,61), Membership Value =0.00000000,0.0
Windspeed (knots) [61,62), Membership Value =0.00000000,0.0
Windspeed (knots) [62,63), Membership Value =0.00000000,0.0
Windspeed (knots) [63,64), Membership Value =0.00000000,0.0
Windspeed (knots) [64,65), Membership Value =0.00000000,0.0
Windspeed (knots) [65,66), Membership Value =0.00000000,0.0
Windspeed (knots) [66,67), Membership Value =0.00000000,0.0
Windspeed (knots) [67,68), Membership Value =0.00000000,0.0
Windspeed (knots) [68,69), Membership Value =0.00000000,0.0
Windspeed (knots) [69,70), Membership Value =0.00000000,0.0
Windspeed (knots) [70,71), Membership Value =0.00000000,0.0
Windspeed (knots) [71,72), Membership Value =0.00000000,0.0
Windspeed (knots) [72,73), Membership Value =0.00000000,0.0
Windspeed (knots) [73,74), Membership Value =0.00000000,0.0
Windspeed (knots) [74,75), Membership Value =0.00000000,0.0
Windspeed (knots) [75,76), Membership Value =0.00000000,0.0
Windspeed (knots) [76,77), Membership Value =0.00000000,0.0
Windspeed (knots) [77,78), Membership Value =0.00000000,0.0
Windspeed (knots) [78,79), Membership Value =0.00000000,0.0
Windspeed (knots) [79,80), Membership Value =0.00000000,0.0
Windspeed (knots) [80,81), Membership Value =0.00000000,0.0
Windspeed (knots) [81,82), Membership Value =0.00000000,0.0
Windspeed (knots) [82,83), Membership Value =0.00000000,0.0
Windspeed (knots) [83,84), Membership Value =0.00000000,0.0
Windspeed (knots) [84,85), Membership Value =0.00000000,0.0
Windspeed (knots) [85,86), Membership Value =0.00000000,0.0
Windspeed (knots) [86,87), Membership Value =0.00000000,0.0
Windspeed (knots) [87,88), Membership Value =0.00000000,0.0
Windspeed (knots) [88,89), Membership Value =0.00000000,0.0
Windspeed (knots) [89,90), Membership Value =0.00000000,0.0
Windspeed (knots) [90,91), Membership Value =0.00000000,0.0
Windspeed (knots) [91,92), Membership Value =0.00000000,0.0
Windspeed (knots) [92,93), Membership Value =0.00000000,0.0
Windspeed (knots) [93,94), Membership Value =0.00000000,0.0
Windspeed (knots) [94,95), Membership Value =0.00000000,0.0
Windspeed (knots) [95,96), Membership Value =0.00000000,0.0
Windspeed (knots) [96,97), Membership Value =0.00000000,0.0
Windspeed (knots) [97,98), Membership Value =0.00000000,0.0
Windspeed (knots) [98,99), Membership Value =0.00000000,0.0
Windspeed (knots) [99,100), Membership Value =0.00000000,0.0
Windspeed (knots) [100,101), Membership Value =0.00000000,0.0
Windspeed (knots) [101,102), Membership Value =0.00000000,0.0
Windspeed (knots) [102,103), Membership Value =0.00000000,0.0
Windspeed (knots) [103,104), Membership Value =0.00000000,0.0
Windspeed (knots) [104,105), Membership Value =0.00000000,0.0
Windspeed (knots) [105,106), Membership Value =0.00000000,0.0
Windspeed (knots) [106,107), Membership Value =0.00000000,0.0
Windspeed (knots) [107,108), Membership Value =0.00000000,0.0
Windspeed (knots) [108,109), Membership Value =0.00000000,0.0
Windspeed (knots) [109,110), Membership Value =0.00000000,0.0
Windspeed (knots) [110,111), Membership Value =0.00000000,0.0
Windspeed (knots) [111,112), Membership Value =0.00000000,0.0
Windspeed (knots) [112,113), Membership Value =0.00000000,0.0
Windspeed (knots) [113,114), Membership Value =0.00000000,0.0
Windspeed (knots) [114,115), Membership Value =0.00000000,0.0
Windspeed (knots) [115,116), Membership Value =0.00000000,0.0
Windspeed (knots) [116,117), Membership Value =0.00000000,0.0
Windspeed (knots) [117,118), Membership Value =0.00000000,0.0
Windspeed (knots) [118,119), Membership Value =0.00000000,0.0
Windspeed (knots) [119,120), Membership Value =0.00000000,0.0
Windspeed (knots) [120,121), Membership Value =0.00000000,0.0
Windspeed (knots) [121,122), Membership Value =0.00000000,0.0
Windspeed (knots) [122,123), Membership Value =0.00000000,0.0
Windspeed (knots) [123,124), Membership Value =0.00000000,0.0
Windspeed (knots) [124,125), Membership Value =0.00000000,0.0
LowestWindspeedThatIsWindyKnots for station KATL is 7 knots.
Transition limited :false
bUseWeatherPrediction:false
The running average is 1
The y-int is 7
Energy harvested: 3892530.6174864797
iGeneratingEnergyWhenGridNeedsEnergyMinutes =643179
iGeneratingEnergyWhenGridNeedsEnergyMinutes =643179
iUsingEnergyWhenGridNeedsEnergyMinutes =128177
iGeneratingEnergyWhenGridHasExcessEnergyMinutes = 1663
iUsingEnergyWhenGridHasExcessEnergyMinutes = 145
iIdleWhenGridDoesNotNeedEnergyMinutes = 44272
iIdleWhenGridNeedsEnergyMinutes = 3915712
iEnergyPriceIsZeroMinutes = 240
harvester.getEnergyHarvestedAVAILABLEKilowattHours( ): 1.1081643733333332E7
harvester.getEnergyHarvestedKilowattHours(): 3892530.6174864797
The y-int is 17
Energy harvested: 894710.2666666667
iGeneratingEnergyWhenGridNeedsEnergyMinutes =32007
iGeneratingEnergyWhenGridNeedsEnergyMinutes =32007
iUsingEnergyWhenGridNeedsEnergyMinutes =1
iGeneratingEnergyWhenGridHasExcessEnergyMinutes = 231
iUsingEnergyWhenGridHasExcessEnergyMinutes = 0
iIdleWhenGridDoesNotNeedEnergyMinutes = 45849
iIdleWhenGridNeedsEnergyMinutes = 4655060
iEnergyPriceIsZeroMinutes = 240
harvester.getEnergyHarvestedAVAILABLEKilowattHours( ): 1.1081643733333332E7
harvester.getEnergyHarvestedKilowattHours(): 894710.2666666667
The y-int is 27
Energy harvested: 1347.7333333333333
iGeneratingEnergyWhenGridNeedsEnergyMinutes =28
iGeneratingEnergyWhenGridNeedsEnergyMinutes =28
iUsingEnergyWhenGridNeedsEnergyMinutes =1
iGeneratingEnergyWhenGridHasExcessEnergyMinutes = 0
iUsingEnergyWhenGridHasExcessEnergyMinutes = 0
iIdleWhenGridDoesNotNeedEnergyMinutes = 46080
iIdleWhenGridNeedsEnergyMinutes = 4687039
iEnergyPriceIsZeroMinutes = 240
harvester.getEnergyHarvestedAVAILABLEKilowattHours( ): 1.1081643733333332E7
harvester.getEnergyHarvestedKilowattHours(): 1347.7333333333333
The y-int is 37
Energy harvested: 0.0
iGeneratingEnergyWhenGridNeedsEnergyMinutes =0
iGeneratingEnergyWhenGridNeedsEnergyMinutes =0
iUsingEnergyWhenGridNeedsEnergyMinutes =1
iGeneratingEnergyWhenGridHasExcessEnergyMinutes = 0
iUsingEnergyWhenGridHasExcessEnergyMinutes = 0
iIdleWhenGridDoesNotNeedEnergyMinutes = 46080
iIdleWhenGridNeedsEnergyMinutes = 4687067
iEnergyPriceIsZeroMinutes = 240
harvester.getEnergyHarvestedAVAILABLEKilowattHours( ): 1.1081643733333332E7
harvester.getEnergyHarvestedKilowattHours(): 0.0
The running average is 31
The y-int is 7
Energy harvested: 4217335.281938032
iGeneratingEnergyWhenGridNeedsEnergyMinutes =720885
iGeneratingEnergyWhenGridNeedsEnergyMinutes =720885
iUsingEnergyWhenGridNeedsEnergyMinutes =59938
iGeneratingEnergyWhenGridHasExcessEnergyMinutes = 1654
iUsingEnergyWhenGridHasExcessEnergyMinutes = 94
iIdleWhenGridDoesNotNeedEnergyMinutes = 44332
iIdleWhenGridNeedsEnergyMinutes = 3906245
iEnergyPriceIsZeroMinutes = 240
harvester.getEnergyHarvestedAVAILABLEKilowattHours( ): 1.1081643733333332E7
harvester.getEnergyHarvestedKilowattHours(): 4217335.281938032
The y-int is 17
Energy harvested: 1126503.9797222405
iGeneratingEnergyWhenGridNeedsEnergyMinutes =47447
iGeneratingEnergyWhenGridNeedsEnergyMinutes =47447
iUsingEnergyWhenGridNeedsEnergyMinutes =1488
iGeneratingEnergyWhenGridHasExcessEnergyMinutes = 241
iUsingEnergyWhenGridHasExcessEnergyMinutes = 0
iIdleWhenGridDoesNotNeedEnergyMinutes = 45839
iIdleWhenGridNeedsEnergyMinutes = 4638133
iEnergyPriceIsZeroMinutes = 240
harvester.getEnergyHarvestedAVAILABLEKilowattHours( ): 1.1081643733333332E7
harvester.getEnergyHarvestedKilowattHours(): 1126503.9797222405
The y-int is 27
Energy harvested: 253.1
iGeneratingEnergyWhenGridNeedsEnergyMinutes =9
iGeneratingEnergyWhenGridNeedsEnergyMinutes =9
iUsingEnergyWhenGridNeedsEnergyMinutes =1
iGeneratingEnergyWhenGridHasExcessEnergyMinutes = 0
iUsingEnergyWhenGridHasExcessEnergyMinutes = 0
iIdleWhenGridDoesNotNeedEnergyMinutes = 46080
iIdleWhenGridNeedsEnergyMinutes = 4687058
iEnergyPriceIsZeroMinutes = 240
harvester.getEnergyHarvestedAVAILABLEKilowattHours( ): 1.1081643733333332E7
harvester.getEnergyHarvestedKilowattHours(): 253.1
The y-int is 37
Energy harvested: 0.0
iGeneratingEnergyWhenGridNeedsEnergyMinutes =0
iGeneratingEnergyWhenGridNeedsEnergyMinutes =0
iUsingEnergyWhenGridNeedsEnergyMinutes =1
iGeneratingEnergyWhenGridHasExcessEnergyMinutes = 0
iUsingEnergyWhenGridHasExcessEnergyMinutes = 0
iIdleWhenGridDoesNotNeedEnergyMinutes = 46080
iIdleWhenGridNeedsEnergyMinutes = 4687067
iEnergyPriceIsZeroMinutes = 240
harvester.getEnergyHarvestedAVAILABLEKilowattHours( ): 1.1081643733333332E7
harvester.getEnergyHarvestedKilowattHours(): 0.0
The running average is 61
The y-int is 7
Energy harvested: 4279681.20582796
iGeneratingEnergyWhenGridNeedsEnergyMinutes =725042
iGeneratingEnergyWhenGridNeedsEnergyMinutes =725042
iUsingEnergyWhenGridNeedsEnergyMinutes =48088
iGeneratingEnergyWhenGridHasExcessEnergyMinutes = 1619
iUsingEnergyWhenGridHasExcessEnergyMinutes = 82
iIdleWhenGridDoesNotNeedEnergyMinutes = 44379
iIdleWhenGridNeedsEnergyMinutes = 3913938
iEnergyPriceIsZeroMinutes = 240
harvester.getEnergyHarvestedAVAILABLEKilowattHours( ): 1.1081643733333332E7
harvester.getEnergyHarvestedKilowattHours(): 4279681.20582796
The y-int is 17
Energy harvested: 1141777.239722232
iGeneratingEnergyWhenGridNeedsEnergyMinutes =49311
iGeneratingEnergyWhenGridNeedsEnergyMinutes =49311
iUsingEnergyWhenGridNeedsEnergyMinutes =706
iGeneratingEnergyWhenGridHasExcessEnergyMinutes = 231
iUsingEnergyWhenGridHasExcessEnergyMinutes = 1
iIdleWhenGridDoesNotNeedEnergyMinutes = 45848
iIdleWhenGridNeedsEnergyMinutes = 4637051
iEnergyPriceIsZeroMinutes = 240
harvester.getEnergyHarvestedAVAILABLEKilowattHours( ): 1.1081643733333332E7
harvester.getEnergyHarvestedKilowattHours(): 1141777.239722232
The y-int is 27
Energy harvested: 0.0
iGeneratingEnergyWhenGridNeedsEnergyMinutes =0
iGeneratingEnergyWhenGridNeedsEnergyMinutes =0
iUsingEnergyWhenGridNeedsEnergyMinutes =1
iGeneratingEnergyWhenGridHasExcessEnergyMinutes = 0
iUsingEnergyWhenGridHasExcessEnergyMinutes = 0
iIdleWhenGridDoesNotNeedEnergyMinutes = 46080
iIdleWhenGridNeedsEnergyMinutes = 4687067
iEnergyPriceIsZeroMinutes = 240
harvester.getEnergyHarvestedAVAILABLEKilowattHours( ): 1.1081643733333332E7
harvester.getEnergyHarvestedKilowattHours(): 0.0
The y-int is 37
Energy harvested: 0.0
iGeneratingEnergyWhenGridNeedsEnergyMinutes =0
iGeneratingEnergyWhenGridNeedsEnergyMinutes =0
iUsingEnergyWhenGridNeedsEnergyMinutes =0
iGeneratingEnergyWhenGridHasExcessEnergyMinutes = 0
iUsingEnergyWhenGridHasExcessEnergyMinutes = 0
iIdleWhenGridDoesNotNeedEnergyMinutes = 46080
iIdleWhenGridNeedsEnergyMinutes = 4687068
iEnergyPriceIsZeroMinutes = 240
harvester.getEnergyHarvestedAVAILABLEKilowattHours( ): 1.1081643733333332E7
harvester.getEnergyHarvestedKilowattHours(): 0.0
The running average is 91
The y-int is 7
Energy harvested: 4309832.1205506595
iGeneratingEnergyWhenGridNeedsEnergyMinutes =722079
iGeneratingEnergyWhenGridNeedsEnergyMinutes =722079
iUsingEnergyWhenGridNeedsEnergyMinutes =43603
iGeneratingEnergyWhenGridHasExcessEnergyMinutes = 1606
iUsingEnergyWhenGridHasExcessEnergyMinutes = 74
iIdleWhenGridDoesNotNeedEnergyMinutes = 44400
iIdleWhenGridNeedsEnergyMinutes = 3921386
iEnergyPriceIsZeroMinutes = 240
harvester.getEnergyHarvestedAVAILABLEKilowattHours( ): 1.1081643733333332E7
harvester.getEnergyHarvestedKilowattHours(): 4309832.1205506595
The y-int is 17
Energy harvested: 1113974.5172222268
iGeneratingEnergyWhenGridNeedsEnergyMinutes =48809
iGeneratingEnergyWhenGridNeedsEnergyMinutes =48809
iUsingEnergyWhenGridNeedsEnergyMinutes =392
iGeneratingEnergyWhenGridHasExcessEnergyMinutes = 218
iUsingEnergyWhenGridHasExcessEnergyMinutes = 1
iIdleWhenGridDoesNotNeedEnergyMinutes = 45861
iIdleWhenGridNeedsEnergyMinutes = 4637867
iEnergyPriceIsZeroMinutes = 240
harvester.getEnergyHarvestedAVAILABLEKilowattHours( ): 1.1081643733333332E7
harvester.getEnergyHarvestedKilowattHours(): 1113974.5172222268
The y-int is 27
Energy harvested: 0.0
iGeneratingEnergyWhenGridNeedsEnergyMinutes =0
iGeneratingEnergyWhenGridNeedsEnergyMinutes =0
iUsingEnergyWhenGridNeedsEnergyMinutes =1
iGeneratingEnergyWhenGridHasExcessEnergyMinutes = 0
iUsingEnergyWhenGridHasExcessEnergyMinutes = 0
iIdleWhenGridDoesNotNeedEnergyMinutes = 46080
iIdleWhenGridNeedsEnergyMinutes = 4687067
iEnergyPriceIsZeroMinutes = 240
harvester.getEnergyHarvestedAVAILABLEKilowattHours( ): 1.1081643733333332E7
harvester.getEnergyHarvestedKilowattHours(): 0.0
The y-int is 37
Energy harvested: 0.0
iGeneratingEnergyWhenGridNeedsEnergyMinutes =0
iGeneratingEnergyWhenGridNeedsEnergyMinutes =0
iUsingEnergyWhenGridNeedsEnergyMinutes =0
iGeneratingEnergyWhenGridHasExcessEnergyMinutes = 0
iUsingEnergyWhenGridHasExcessEnergyMinutes = 0
iIdleWhenGridDoesNotNeedEnergyMinutes = 46080
iIdleWhenGridNeedsEnergyMinutes = 4687068
iEnergyPriceIsZeroMinutes = 240
harvester.getEnergyHarvestedAVAILABLEKilowattHours( ): 1.1081643733333332E7
harvester.getEnergyHarvestedKilowattHours(): 0.0
The running average is 121
The y-int is 7
Energy harvested: 4340623.713328757
iGeneratingEnergyWhenGridNeedsEnergyMinutes =718660
iGeneratingEnergyWhenGridNeedsEnergyMinutes =718660
iUsingEnergyWhenGridNeedsEnergyMinutes =40446
iGeneratingEnergyWhenGridHasExcessEnergyMinutes = 1591
iUsingEnergyWhenGridHasExcessEnergyMinutes = 74
iIdleWhenGridDoesNotNeedEnergyMinutes = 44415
iIdleWhenGridNeedsEnergyMinutes = 3927962
iEnergyPriceIsZeroMinutes = 240
harvester.getEnergyHarvestedAVAILABLEKilowattHours( ): 1.1081643733333332E7
harvester.getEnergyHarvestedKilowattHours(): 4340623.713328757
The y-int is 17
Energy harvested: 1057092.8769444483
iGeneratingEnergyWhenGridNeedsEnergyMinutes =46665
iGeneratingEnergyWhenGridNeedsEnergyMinutes =46665
iUsingEnergyWhenGridNeedsEnergyMinutes =297
iGeneratingEnergyWhenGridHasExcessEnergyMinutes = 197
iUsingEnergyWhenGridHasExcessEnergyMinutes = 0
iIdleWhenGridDoesNotNeedEnergyMinutes = 45883
iIdleWhenGridNeedsEnergyMinutes = 4640106
iEnergyPriceIsZeroMinutes = 240
harvester.getEnergyHarvestedAVAILABLEKilowattHours( ): 1.1081643733333332E7
harvester.getEnergyHarvestedKilowattHours(): 1057092.8769444483
The y-int is 27
Energy harvested: 0.0
iGeneratingEnergyWhenGridNeedsEnergyMinutes =0
iGeneratingEnergyWhenGridNeedsEnergyMinutes =0
iUsingEnergyWhenGridNeedsEnergyMinutes =1
iGeneratingEnergyWhenGridHasExcessEnergyMinutes = 0
iUsingEnergyWhenGridHasExcessEnergyMinutes = 0
iIdleWhenGridDoesNotNeedEnergyMinutes = 46080
iIdleWhenGridNeedsEnergyMinutes = 4687067
iEnergyPriceIsZeroMinutes = 240
harvester.getEnergyHarvestedAVAILABLEKilowattHours( ): 1.1081643733333332E7
harvester.getEnergyHarvestedKilowattHours(): 0.0
The y-int is 37
Energy harvested: 0.0
iGeneratingEnergyWhenGridNeedsEnergyMinutes =0
iGeneratingEnergyWhenGridNeedsEnergyMinutes =0
iUsingEnergyWhenGridNeedsEnergyMinutes =0
iGeneratingEnergyWhenGridHasExcessEnergyMinutes = 0
iUsingEnergyWhenGridHasExcessEnergyMinutes = 0
iIdleWhenGridDoesNotNeedEnergyMinutes = 46080
iIdleWhenGridNeedsEnergyMinutes = 4687068
iEnergyPriceIsZeroMinutes = 240
harvester.getEnergyHarvestedAVAILABLEKilowattHours( ): 1.1081643733333332E7
harvester.getEnergyHarvestedKilowattHours(): 0.0
Beginning testing mode:
station,&,y_intercept_for_month_1,&,running_average_size_minutes_for_month_1,&,y_intercept_for_month_2,&,running_average_size_minutes_for_month_2,&,y_intercept_for_month_3,&,running_average_size_minutes_for_month_3,&,y_intercept_for_month_4,&,running_average_size_minutes_for_month_4,&,y_intercept_for_month_5,&,running_average_size_minutes_for_month_5,&,y_intercept_for_month_6,&,running_average_size_minutes_for_month_6,&,y_intercept_for_month_7,&,running_average_size_minutes_for_month_7,&,y_intercept_for_month_8,&,running_average_size_minutes_for_month_8,&,y_intercept_for_month_9,&,running_average_size_minutes_for_month_9,&,y_intercept_for_month_10,&,running_average_size_minutes_for_month_10,&,y_intercept_for_month_11,&,running_average_size_minutes_for_month_11,&,y_intercept_for_month_12,&,running_average_size_minutes_for_month_12,&,dNetNorm,&,dMarketBalancePercentage,&,dMarketNetNorm,
results: KATL,&,7,&,121,&,7,&,121,&,7,&,121,&,7,&,121,&,7,&,121,&,7,&,121,&,7,&,121,&,7,&,121,&,7,&,121,&,7,&,121,&,7,&,121,&,7,&,121,&,0.38979212991051687,&,0.9251808012570759,&,0.3606281950743142
monthly visible minutes:KATL,&,2013,&,8672,&,8672,&,8672,&,8672,&,8668,&,8672,&,7870,&,8672,&,8672,&,7524,&,8672,&,8672,&,
monthly visible minutes:KATL,&,2014,&,8672,&,8672,&,8672,&,8672,&,8670,&,8672,&,8672,&,8188,&,8672,&,8669,&,8672,&,8672,&,
monthly minutes harvester between states:KATL,&,2013,&,760,&,874,&,646,&,760,&,791,&,874,&,1006,&,950,&,874,&,646,&,760,&,684,&,
monthly minutes harvester between states:KATL,&,2014,&,608,&,760,&,646,&,646,&,722,&,912,&,999,&,1106,&,874,&,907,&,760,&,760,&,
station,&,y_intercept_for_month_1,&,running_average_size_minutes_for_month_1,&,y_intercept_for_month_2,&,running_average_size_minutes_for_month_2,&,y_intercept_for_month_3,&,running_average_size_minutes_for_month_3,&,y_intercept_for_month_4,&,running_average_size_minutes_for_month_4,&,y_intercept_for_month_5,&,running_average_size_minutes_for_month_5,&,y_intercept_for_month_6,&,running_average_size_minutes_for_month_6,&,y_intercept_for_month_7,&,running_average_size_minutes_for_month_7,&,y_intercept_for_month_8,&,running_average_size_minutes_for_month_8,&,y_intercept_for_month_9,&,running_average_size_minutes_for_month_9,&,y_intercept_for_month_10,&,running_average_size_minutes_for_month_10,&,y_intercept_for_month_11,&,running_average_size_minutes_for_month_11,&,y_intercept_for_month_12,&,running_average_size_minutes_for_month_12,&,dNetNorm,&,dMarketBalancePercentage,&,dMarketNetNorm,
results: KATL,&,7,&,121,&,7,&,121,&,7,&,121,&,7,&,121,&,7,&,121,&,7,&,121,&,7,&,121,&,7,&,121,&,7,&,121,&,7,&,121,&,7,&,121,&,7,&,121,&,0.38979212991051687,&,0.9251743613191569,&,0.36062568483719626
monthly visible minutes:KATL,&,2013,&,8672,&,8672,&,8672,&,8672,&,8668,&,8672,&,7870,&,8672,&,8672,&,7524,&,8672,&,8672,&,
monthly visible minutes:KATL,&,2014,&,8672,&,8672,&,8672,&,8672,&,8670,&,8672,&,8672,&,8188,&,8672,&,8669,&,8672,&,8672,&,
monthly minutes harvester between states:KATL,&,2013,&,760,&,874,&,646,&,760,&,791,&,874,&,1006,&,950,&,874,&,646,&,760,&,684,&,
monthly minutes harvester between states:KATL,&,2014,&,608,&,760,&,646,&,646,&,722,&,912,&,999,&,1106,&,874,&,907,&,760,&,760,&,
Station: KBOS
abc: The current path is /home/guy/retractable-wind
I have found the property file.
The training windspeed filename is /trainingKBOS2004-2012in.csv
The testing windspeed filename is /testingKBOS2013-2014in.csv
Yes, the station is KBOS
Warning: The bAlsoUsePrediction no longer has any effect
iUsedAllItsAllocatedVisibilityMinutesPerMonth: 8760
Visibility Allocation Minutes:8760
HARVESTER_SIZE_SQM is 6362
Reading file
Success: /Wind turbine power curves - wind turbine power output against wind speed in knots.csv found.
Speed (Knots) = Speed(knots) vs power (kW) , Power (kW) =V90
Speed (Knots) = 0 , Power (kW) =0
Speed (Knots) = 1 , Power (kW) =0
Speed (Knots) = 2 , Power (kW) =0
Speed (Knots) = 3 , Power (kW) =0
Speed (Knots) = 4 , Power (kW) =0
Speed (Knots) = 5 , Power (kW) =0
Speed (Knots) = 6 , Power (kW) =0
Speed (Knots) = 7 , Power (kW) =38
Speed (Knots) = 8 , Power (kW) =87
Speed (Knots) = 9 , Power (kW) =141
Speed (Knots) = 10 , Power (kW) =207
Speed (Knots) = 11 , Power (kW) =286
Speed (Knots) = 12 , Power (kW) =382
Speed (Knots) = 13 , Power (kW) =496
Speed (Knots) = 14 , Power (kW) =628
Speed (Knots) = 15 , Power (kW) =781
Speed (Knots) = 16 , Power (kW) =957
Speed (Knots) = 17 , Power (kW) =1153
Speed (Knots) = 18 , Power (kW) =1366
Speed (Knots) = 19 , Power (kW) =1589
Speed (Knots) = 20 , Power (kW) =1814
Speed (Knots) = 21 , Power (kW) =2035
Speed (Knots) = 22 , Power (kW) =2250
Speed (Knots) = 23 , Power (kW) =2452
Speed (Knots) = 24 , Power (kW) =2634
Speed (Knots) = 25 , Power (kW) =2784
Speed (Knots) = 26 , Power (kW) =2888
Speed (Knots) = 27 , Power (kW) =2949
Speed (Knots) = 28 , Power (kW) =2980
Speed (Knots) = 29 , Power (kW) =2993
Speed (Knots) = 30 , Power (kW) =3000
Speed (Knots) = 31 , Power (kW) =3000
Speed (Knots) = 32 , Power (kW) =3000
Speed (Knots) = 33 , Power (kW) =3000
Speed (Knots) = 34 , Power (kW) =3000
Speed (Knots) = 35 , Power (kW) =3000
Speed (Knots) = 36 , Power (kW) =3000
Speed (Knots) = 37 , Power (kW) =3000
Speed (Knots) = 38 , Power (kW) =3000
Speed (Knots) = 39 , Power (kW) =3000
Speed (Knots) = 40 , Power (kW) =3000
Speed (Knots) = 41 , Power (kW) =3000
Speed (Knots) = 42 , Power (kW) =3000
Speed (Knots) = 43 , Power (kW) =3000
Speed (Knots) = 44 , Power (kW) =3000
Speed (Knots) = 45 , Power (kW) =3000
Speed (Knots) = 46 , Power (kW) =3000
Speed (Knots) = 47 , Power (kW) =3000
Speed (Knots) = 48 , Power (kW) =3000
Speed (Knots) = 49 , Power (kW) =0
Speed (Knots) = 50 , Power (kW) =0
Speed (Knots) = 51 , Power (kW) =0
Speed (Knots) = 52 , Power (kW) =0
Speed (Knots) = 53 , Power (kW) =0
Speed (Knots) = 54 , Power (kW) =0
Speed (Knots) = 55 , Power (kW) =0
Speed (Knots) = 56 , Power (kW) =0
Speed (Knots) = 57 , Power (kW) =0
Speed (Knots) = 58 , Power (kW) =0
Speed (Knots) = 59 , Power (kW) =0
Speed (Knots) = 60 , Power (kW) =0
The scale is 1.0
Wind power at 10 knots in kilowatts is 207.0
Wind power in-cut-out test 0.0
Class name:edu.pitt.cs.people.guy.wind.benchmarks.Static
Success: /Noise_Allowed_Time_Definitions_All_Stations.csv found.
The station is the record is KBOS
Success: /Noise_Allowed_Time_Definitions_All_Stations.csv found.
The station is the record is KBOS
I have found the membership file for NOT WINDY.
Windspeed (knots) [0,1), Membership Value =1.00000000,1.0
Windspeed (knots) [1,2), Membership Value =0.99999164,0.99999166
Windspeed (knots) [2,3), Membership Value =0.99985340,0.9998534
Windspeed (knots) [3,4), Membership Value =0.99903368,0.9990337
Windspeed (knots) [4,5), Membership Value =0.99619593,0.9961959
Windspeed (knots) [5,6), Membership Value =0.98905971,0.9890597
Windspeed (knots) [6,7), Membership Value =0.97423011,0.9742301
Windspeed (knots) [7,8), Membership Value =0.94819371,0.9481937
Windspeed (knots) [8,9), Membership Value =0.90716984,0.9071698
Windspeed (knots) [9,10), Membership Value =0.85117041,0.8511704
Windspeed (knots) [10,11), Membership Value =0.78185869,0.7818587
Windspeed (knots) [11,12), Membership Value =0.70042207,0.70042205
Windspeed (knots) [12,13), Membership Value =0.61073236,0.6107324
Windspeed (knots) [13,14), Membership Value =0.51685881,0.5168588
Windspeed (knots) [14,15), Membership Value =0.42111941,0.42111942
Windspeed (knots) [15,16), Membership Value =0.32985274,0.32985273
Windspeed (knots) [16,17), Membership Value =0.24340895,0.24340895
Windspeed (knots) [17,18), Membership Value =0.16532034,0.16532034
Windspeed (knots) [18,19), Membership Value =0.09647823,0.09647823
Windspeed (knots) [19,20), Membership Value =0.03608529,0.03608529
Windspeed (knots) [20,21), Membership Value =0.00000000,0.0
Windspeed (knots) [21,22), Membership Value =0.00000000,0.0
Windspeed (knots) [22,23), Membership Value =0.00000000,0.0
Windspeed (knots) [23,24), Membership Value =0.00000000,0.0
Windspeed (knots) [24,25), Membership Value =0.00000000,0.0
Windspeed (knots) [25,26), Membership Value =0.00000000,0.0
Windspeed (knots) [26,27), Membership Value =0.00000000,0.0
Windspeed (knots) [27,28), Membership Value =0.00000000,0.0
Windspeed (knots) [28,29), Membership Value =0.00000000,0.0
Windspeed (knots) [29,30), Membership Value =0.00000000,0.0
Windspeed (knots) [30,31), Membership Value =0.00000000,0.0
Windspeed (knots) [31,32), Membership Value =0.00000000,0.0
Windspeed (knots) [32,33), Membership Value =0.00000000,0.0
Windspeed (knots) [33,34), Membership Value =0.00000000,0.0
Windspeed (knots) [34,35), Membership Value =0.00000000,0.0
Windspeed (knots) [35,36), Membership Value =0.00000000,0.0
Windspeed (knots) [36,37), Membership Value =0.00000000,0.0
Windspeed (knots) [37,38), Membership Value =0.00000000,0.0
Windspeed (knots) [38,39), Membership Value =0.00000000,0.0
Windspeed (knots) [39,40), Membership Value =0.00000000,0.0
Windspeed (knots) [40,41), Membership Value =0.00000000,0.0
Windspeed (knots) [41,42), Membership Value =0.00000000,0.0
Windspeed (knots) [42,43), Membership Value =0.00000000,0.0
Windspeed (knots) [43,44), Membership Value =0.00000000,0.0
Windspeed (knots) [44,45), Membership Value =0.00000000,0.0
Windspeed (knots) [45,46), Membership Value =0.00000000,0.0
Windspeed (knots) [46,47), Membership Value =0.00000000,0.0
Windspeed (knots) [47,48), Membership Value =0.00000000,0.0
Windspeed (knots) [48,49), Membership Value =0.00000000,0.0
Windspeed (knots) [49,50), Membership Value =0.00000000,0.0
Windspeed (knots) [50,51), Membership Value =0.00000000,0.0
Windspeed (knots) [51,52), Membership Value =0.00000000,0.0
Windspeed (knots) [52,53), Membership Value =0.00000000,0.0
Windspeed (knots) [53,54), Membership Value =0.00000000,0.0
Windspeed (knots) [54,55), Membership Value =0.00000000,0.0
Windspeed (knots) [55,56), Membership Value =0.00000000,0.0
Windspeed (knots) [56,57), Membership Value =0.00000000,0.0
Windspeed (knots) [57,58), Membership Value =0.00000000,0.0
Windspeed (knots) [58,59), Membership Value =0.00000000,0.0
Windspeed (knots) [59,60), Membership Value =0.00000000,0.0
Windspeed (knots) [60,61), Membership Value =0.00000000,0.0
Windspeed (knots) [61,62), Membership Value =0.00000000,0.0
Windspeed (knots) [62,63), Membership Value =0.00000000,0.0
Windspeed (knots) [63,64), Membership Value =0.00000000,0.0
Windspeed (knots) [64,65), Membership Value =0.00000000,0.0
Windspeed (knots) [65,66), Membership Value =0.00000000,0.0
Windspeed (knots) [66,67), Membership Value =0.00000000,0.0
Windspeed (knots) [67,68), Membership Value =0.00000000,0.0
Windspeed (knots) [68,69), Membership Value =0.00000000,0.0
Windspeed (knots) [69,70), Membership Value =0.00000000,0.0
Windspeed (knots) [70,71), Membership Value =0.00000000,0.0
Windspeed (knots) [71,72), Membership Value =0.00000000,0.0
Windspeed (knots) [72,73), Membership Value =0.00000000,0.0
Windspeed (knots) [73,74), Membership Value =0.00000000,0.0
Windspeed (knots) [74,75), Membership Value =0.00000000,0.0
Windspeed (knots) [75,76), Membership Value =0.00000000,0.0
Windspeed (knots) [76,77), Membership Value =0.00000000,0.0
Windspeed (knots) [77,78), Membership Value =0.00000000,0.0
Windspeed (knots) [78,79), Membership Value =0.00000000,0.0
Windspeed (knots) [79,80), Membership Value =0.00000000,0.0
Windspeed (knots) [80,81), Membership Value =0.00000000,0.0
Windspeed (knots) [81,82), Membership Value =0.00000000,0.0
Windspeed (knots) [82,83), Membership Value =0.00000000,0.0
Windspeed (knots) [83,84), Membership Value =0.00000000,0.0
Windspeed (knots) [84,85), Membership Value =0.00000000,0.0
Windspeed (knots) [85,86), Membership Value =0.00000000,0.0
Windspeed (knots) [86,87), Membership Value =0.00000000,0.0
Windspeed (knots) [87,88), Membership Value =0.00000000,0.0
Windspeed (knots) [88,89), Membership Value =0.00000000,0.0
Windspeed (knots) [89,90), Membership Value =0.00000000,0.0
Windspeed (knots) [90,91), Membership Value =0.00000000,0.0
Windspeed (knots) [91,92), Membership Value =0.00000000,0.0
Windspeed (knots) [92,93), Membership Value =0.00000000,0.0
Windspeed (knots) [93,94), Membership Value =0.00000000,0.0
Windspeed (knots) [94,95), Membership Value =0.00000000,0.0
Windspeed (knots) [95,96), Membership Value =0.00000000,0.0
Windspeed (knots) [96,97), Membership Value =0.00000000,0.0
Windspeed (knots) [97,98), Membership Value =0.00000000,0.0
Windspeed (knots) [98,99), Membership Value =0.00000000,0.0
Windspeed (knots) [99,100), Membership Value =0.00000000,0.0
Windspeed (knots) [100,101), Membership Value =0.00000000,0.0
Windspeed (knots) [101,102), Membership Value =0.00000000,0.0
Windspeed (knots) [102,103), Membership Value =0.00000000,0.0
Windspeed (knots) [103,104), Membership Value =0.00000000,0.0
Windspeed (knots) [104,105), Membership Value =0.00000000,0.0
Windspeed (knots) [105,106), Membership Value =0.00000000,0.0
Windspeed (knots) [106,107), Membership Value =0.00000000,0.0
Windspeed (knots) [107,108), Membership Value =0.00000000,0.0
Windspeed (knots) [108,109), Membership Value =0.00000000,0.0
Windspeed (knots) [109,110), Membership Value =0.00000000,0.0
Windspeed (knots) [110,111), Membership Value =0.00000000,0.0
Windspeed (knots) [111,112), Membership Value =0.00000000,0.0
Windspeed (knots) [112,113), Membership Value =0.00000000,0.0
Windspeed (knots) [113,114), Membership Value =0.00000000,0.0
Windspeed (knots) [114,115), Membership Value =0.00000000,0.0
Windspeed (knots) [115,116), Membership Value =0.00000000,0.0
Windspeed (knots) [116,117), Membership Value =0.00000000,0.0
Windspeed (knots) [117,118), Membership Value =0.00000000,0.0
Windspeed (knots) [118,119), Membership Value =0.00000000,0.0
Windspeed (knots) [119,120), Membership Value =0.00000000,0.0
Windspeed (knots) [120,121), Membership Value =0.00000000,0.0
Windspeed (knots) [121,122), Membership Value =0.00000000,0.0
Windspeed (knots) [122,123), Membership Value =0.00000000,0.0
Windspeed (knots) [123,124), Membership Value =0.00000000,0.0
Windspeed (knots) [124,125), Membership Value =0.00000000,0.0
LowestWindspeedThatIsWindyKnots for station KBOS is 9 knots.
Transition limited :false
bUseWeatherPrediction:false
The running average is 1
The y-int is 9
Energy harvested: 7861348.421948949
iGeneratingEnergyWhenGridNeedsEnergyMinutes =741128
iGeneratingEnergyWhenGridNeedsEnergyMinutes =741128
iUsingEnergyWhenGridNeedsEnergyMinutes =82139
iGeneratingEnergyWhenGridHasExcessEnergyMinutes = 846
iUsingEnergyWhenGridHasExcessEnergyMinutes = 46
iIdleWhenGridDoesNotNeedEnergyMinutes = 45188
iIdleWhenGridNeedsEnergyMinutes = 3865132
iEnergyPriceIsZeroMinutes = 240
harvester.getEnergyHarvestedAVAILABLEKilowattHours( ): 2.462576615E7
harvester.getEnergyHarvestedKilowattHours(): 7861348.421948949
The y-int is 19
Energy harvested: 1728017.7666666666
iGeneratingEnergyWhenGridNeedsEnergyMinutes =46645
iGeneratingEnergyWhenGridNeedsEnergyMinutes =46645
iUsingEnergyWhenGridNeedsEnergyMinutes =1
iGeneratingEnergyWhenGridHasExcessEnergyMinutes = 0
iUsingEnergyWhenGridHasExcessEnergyMinutes = 0
iIdleWhenGridDoesNotNeedEnergyMinutes = 46080
iIdleWhenGridNeedsEnergyMinutes = 4641753
iEnergyPriceIsZeroMinutes = 240
harvester.getEnergyHarvestedAVAILABLEKilowattHours( ): 2.462576615E7
harvester.getEnergyHarvestedKilowattHours(): 1728017.7666666666
The y-int is 29
Energy harvested: 43572.76666666667
iGeneratingEnergyWhenGridNeedsEnergyMinutes =872
iGeneratingEnergyWhenGridNeedsEnergyMinutes =872
iUsingEnergyWhenGridNeedsEnergyMinutes =1
iGeneratingEnergyWhenGridHasExcessEnergyMinutes = 0
iUsingEnergyWhenGridHasExcessEnergyMinutes = 0
iIdleWhenGridDoesNotNeedEnergyMinutes = 46080
iIdleWhenGridNeedsEnergyMinutes = 4687526
iEnergyPriceIsZeroMinutes = 240
harvester.getEnergyHarvestedAVAILABLEKilowattHours( ): 2.462576615E7
harvester.getEnergyHarvestedKilowattHours(): 43572.76666666667
The y-int is 39
Energy harvested: 0.0
iGeneratingEnergyWhenGridNeedsEnergyMinutes =0
iGeneratingEnergyWhenGridNeedsEnergyMinutes =0
iUsingEnergyWhenGridNeedsEnergyMinutes =1
iGeneratingEnergyWhenGridHasExcessEnergyMinutes = 0
iUsingEnergyWhenGridHasExcessEnergyMinutes = 0
iIdleWhenGridDoesNotNeedEnergyMinutes = 46080
iIdleWhenGridNeedsEnergyMinutes = 4688398
iEnergyPriceIsZeroMinutes = 240
harvester.getEnergyHarvestedAVAILABLEKilowattHours( ): 2.462576615E7
harvester.getEnergyHarvestedKilowattHours(): 0.0
The running average is 31
The y-int is 9
Energy harvested: 8092448.708891553
iGeneratingEnergyWhenGridNeedsEnergyMinutes =791918
iGeneratingEnergyWhenGridNeedsEnergyMinutes =791918
iUsingEnergyWhenGridNeedsEnergyMinutes =46055
iGeneratingEnergyWhenGridHasExcessEnergyMinutes = 892
iUsingEnergyWhenGridHasExcessEnergyMinutes = 19
iIdleWhenGridDoesNotNeedEnergyMinutes = 45169
iIdleWhenGridNeedsEnergyMinutes = 3850426
iEnergyPriceIsZeroMinutes = 240
harvester.getEnergyHarvestedAVAILABLEKilowattHours( ): 2.462576615E7
harvester.getEnergyHarvestedKilowattHours(): 8092448.708891553
The y-int is 19
Energy harvested: 2018901.7213888909
iGeneratingEnergyWhenGridNeedsEnergyMinutes =60166
iGeneratingEnergyWhenGridNeedsEnergyMinutes =60166
iUsingEnergyWhenGridNeedsEnergyMinutes =156
iGeneratingEnergyWhenGridHasExcessEnergyMinutes = 0
iUsingEnergyWhenGridHasExcessEnergyMinutes = 0
iIdleWhenGridDoesNotNeedEnergyMinutes = 46080
iIdleWhenGridNeedsEnergyMinutes = 4628077
iEnergyPriceIsZeroMinutes = 240
harvester.getEnergyHarvestedAVAILABLEKilowattHours( ): 2.462576615E7
harvester.getEnergyHarvestedKilowattHours(): 2018901.7213888909
The y-int is 29
Energy harvested: 52434.45
iGeneratingEnergyWhenGridNeedsEnergyMinutes =1058
iGeneratingEnergyWhenGridNeedsEnergyMinutes =1058
iUsingEnergyWhenGridNeedsEnergyMinutes =1
iGeneratingEnergyWhenGridHasExcessEnergyMinutes = 0
iUsingEnergyWhenGridHasExcessEnergyMinutes = 0
iIdleWhenGridDoesNotNeedEnergyMinutes = 46080
iIdleWhenGridNeedsEnergyMinutes = 4687340
iEnergyPriceIsZeroMinutes = 240
harvester.getEnergyHarvestedAVAILABLEKilowattHours( ): 2.462576615E7
harvester.getEnergyHarvestedKilowattHours(): 52434.45
The y-int is 39
Energy harvested: 0.0
iGeneratingEnergyWhenGridNeedsEnergyMinutes =0
iGeneratingEnergyWhenGridNeedsEnergyMinutes =0
iUsingEnergyWhenGridNeedsEnergyMinutes =1
iGeneratingEnergyWhenGridHasExcessEnergyMinutes = 0
iUsingEnergyWhenGridHasExcessEnergyMinutes = 0
iIdleWhenGridDoesNotNeedEnergyMinutes = 46080
iIdleWhenGridNeedsEnergyMinutes = 4688398
iEnergyPriceIsZeroMinutes = 240
harvester.getEnergyHarvestedAVAILABLEKilowattHours( ): 2.462576615E7
harvester.getEnergyHarvestedKilowattHours(): 0.0
The running average is 61
The y-int is 9
Energy harvested: 8118800.498335549
iGeneratingEnergyWhenGridNeedsEnergyMinutes =795229
iGeneratingEnergyWhenGridNeedsEnergyMinutes =795229
iUsingEnergyWhenGridNeedsEnergyMinutes =38007
iGeneratingEnergyWhenGridHasExcessEnergyMinutes = 893
iUsingEnergyWhenGridHasExcessEnergyMinutes = 19
iIdleWhenGridDoesNotNeedEnergyMinutes = 45168
iIdleWhenGridNeedsEnergyMinutes = 3855163
iEnergyPriceIsZeroMinutes = 240
harvester.getEnergyHarvestedAVAILABLEKilowattHours( ): 2.462576615E7
harvester.getEnergyHarvestedKilowattHours(): 8118800.498335549
The y-int is 19
Energy harvested: 2017960.600555557
iGeneratingEnergyWhenGridNeedsEnergyMinutes =61302
iGeneratingEnergyWhenGridNeedsEnergyMinutes =61302
iUsingEnergyWhenGridNeedsEnergyMinutes =110
iGeneratingEnergyWhenGridHasExcessEnergyMinutes = 0
iUsingEnergyWhenGridHasExcessEnergyMinutes = 0
iIdleWhenGridDoesNotNeedEnergyMinutes = 46080
iIdleWhenGridNeedsEnergyMinutes = 4626987
iEnergyPriceIsZeroMinutes = 240
harvester.getEnergyHarvestedAVAILABLEKilowattHours( ): 2.462576615E7
harvester.getEnergyHarvestedKilowattHours(): 2017960.600555557
The y-int is 29
Energy harvested: 53974.316666666666
iGeneratingEnergyWhenGridNeedsEnergyMinutes =1099
iGeneratingEnergyWhenGridNeedsEnergyMinutes =1099
iUsingEnergyWhenGridNeedsEnergyMinutes =1
iGeneratingEnergyWhenGridHasExcessEnergyMinutes = 0
iUsingEnergyWhenGridHasExcessEnergyMinutes = 0
iIdleWhenGridDoesNotNeedEnergyMinutes = 46080
iIdleWhenGridNeedsEnergyMinutes = 4687299
iEnergyPriceIsZeroMinutes = 240
harvester.getEnergyHarvestedAVAILABLEKilowattHours( ): 2.462576615E7
harvester.getEnergyHarvestedKilowattHours(): 53974.316666666666
The y-int is 39
Energy harvested: 0.0
iGeneratingEnergyWhenGridNeedsEnergyMinutes =0
iGeneratingEnergyWhenGridNeedsEnergyMinutes =0
iUsingEnergyWhenGridNeedsEnergyMinutes =1
iGeneratingEnergyWhenGridHasExcessEnergyMinutes = 0
iUsingEnergyWhenGridHasExcessEnergyMinutes = 0
iIdleWhenGridDoesNotNeedEnergyMinutes = 46080
iIdleWhenGridNeedsEnergyMinutes = 4688398
iEnergyPriceIsZeroMinutes = 240
harvester.getEnergyHarvestedAVAILABLEKilowattHours( ): 2.462576615E7
harvester.getEnergyHarvestedKilowattHours(): 0.0
The running average is 91
The y-int is 9
Energy harvested: 8126605.039446518
iGeneratingEnergyWhenGridNeedsEnergyMinutes =789242
iGeneratingEnergyWhenGridNeedsEnergyMinutes =789242
iUsingEnergyWhenGridNeedsEnergyMinutes =34703
iGeneratingEnergyWhenGridHasExcessEnergyMinutes = 869
iUsingEnergyWhenGridHasExcessEnergyMinutes = 28
iIdleWhenGridDoesNotNeedEnergyMinutes = 45183
iIdleWhenGridNeedsEnergyMinutes = 3864454
iEnergyPriceIsZeroMinutes = 240
harvester.getEnergyHarvestedAVAILABLEKilowattHours( ): 2.462576615E7
harvester.getEnergyHarvestedKilowattHours(): 8126605.039446518
The y-int is 19
Energy harvested: 1969743.6455555568
iGeneratingEnergyWhenGridNeedsEnergyMinutes =60636
iGeneratingEnergyWhenGridNeedsEnergyMinutes =60636
iUsingEnergyWhenGridNeedsEnergyMinutes =71
iGeneratingEnergyWhenGridHasExcessEnergyMinutes = 0
iUsingEnergyWhenGridHasExcessEnergyMinutes = 0
iIdleWhenGridDoesNotNeedEnergyMinutes = 46080
iIdleWhenGridNeedsEnergyMinutes = 4627692
iEnergyPriceIsZeroMinutes = 240
harvester.getEnergyHarvestedAVAILABLEKilowattHours( ): 2.462576615E7
harvester.getEnergyHarvestedKilowattHours(): 1969743.6455555568
The y-int is 29
Energy harvested: 50911.816666666666
iGeneratingEnergyWhenGridNeedsEnergyMinutes =1044
iGeneratingEnergyWhenGridNeedsEnergyMinutes =1044
iUsingEnergyWhenGridNeedsEnergyMinutes =1
iGeneratingEnergyWhenGridHasExcessEnergyMinutes = 0
iUsingEnergyWhenGridHasExcessEnergyMinutes = 0
iIdleWhenGridDoesNotNeedEnergyMinutes = 46080
iIdleWhenGridNeedsEnergyMinutes = 4687354
iEnergyPriceIsZeroMinutes = 240
harvester.getEnergyHarvestedAVAILABLEKilowattHours( ): 2.462576615E7
harvester.getEnergyHarvestedKilowattHours(): 50911.816666666666
The y-int is 39
Energy harvested: 0.0
iGeneratingEnergyWhenGridNeedsEnergyMinutes =0
iGeneratingEnergyWhenGridNeedsEnergyMinutes =0
iUsingEnergyWhenGridNeedsEnergyMinutes =1
iGeneratingEnergyWhenGridHasExcessEnergyMinutes = 0
iUsingEnergyWhenGridHasExcessEnergyMinutes = 0
iIdleWhenGridDoesNotNeedEnergyMinutes = 46080
iIdleWhenGridNeedsEnergyMinutes = 4688398
iEnergyPriceIsZeroMinutes = 240
harvester.getEnergyHarvestedAVAILABLEKilowattHours( ): 2.462576615E7
harvester.getEnergyHarvestedKilowattHours(): 0.0
The running average is 121
The y-int is 9
Energy harvested: 8098069.878613049
iGeneratingEnergyWhenGridNeedsEnergyMinutes =782547
iGeneratingEnergyWhenGridNeedsEnergyMinutes =782547
iUsingEnergyWhenGridNeedsEnergyMinutes =32973
iGeneratingEnergyWhenGridHasExcessEnergyMinutes = 832
iUsingEnergyWhenGridHasExcessEnergyMinutes = 19
iIdleWhenGridDoesNotNeedEnergyMinutes = 45229
iIdleWhenGridNeedsEnergyMinutes = 3872879
iEnergyPriceIsZeroMinutes = 240
harvester.getEnergyHarvestedAVAILABLEKilowattHours( ): 2.462576615E7
harvester.getEnergyHarvestedKilowattHours(): 8098069.878613049
The y-int is 19
Energy harvested: 1894348.630000001
iGeneratingEnergyWhenGridNeedsEnergyMinutes =58758
iGeneratingEnergyWhenGridNeedsEnergyMinutes =58758
iUsingEnergyWhenGridNeedsEnergyMinutes =66
iGeneratingEnergyWhenGridHasExcessEnergyMinutes = 0
iUsingEnergyWhenGridHasExcessEnergyMinutes = 0
iIdleWhenGridDoesNotNeedEnergyMinutes = 46080
iIdleWhenGridNeedsEnergyMinutes = 4629575
iEnergyPriceIsZeroMinutes = 240
harvester.getEnergyHarvestedAVAILABLEKilowattHours( ): 2.462576615E7
harvester.getEnergyHarvestedKilowattHours(): 1894348.630000001
The y-int is 29
Energy harvested: 45423.95
iGeneratingEnergyWhenGridNeedsEnergyMinutes =945
iGeneratingEnergyWhenGridNeedsEnergyMinutes =945
iUsingEnergyWhenGridNeedsEnergyMinutes =1
iGeneratingEnergyWhenGridHasExcessEnergyMinutes = 0
iUsingEnergyWhenGridHasExcessEnergyMinutes = 0
iIdleWhenGridDoesNotNeedEnergyMinutes = 46080
iIdleWhenGridNeedsEnergyMinutes = 4687453
iEnergyPriceIsZeroMinutes = 240
harvester.getEnergyHarvestedAVAILABLEKilowattHours( ): 2.462576615E7
harvester.getEnergyHarvestedKilowattHours(): 45423.95
The y-int is 39
Energy harvested: 0.0
iGeneratingEnergyWhenGridNeedsEnergyMinutes =0
iGeneratingEnergyWhenGridNeedsEnergyMinutes =0
iUsingEnergyWhenGridNeedsEnergyMinutes =1
iGeneratingEnergyWhenGridHasExcessEnergyMinutes = 0
iUsingEnergyWhenGridHasExcessEnergyMinutes = 0
iIdleWhenGridDoesNotNeedEnergyMinutes = 46080
iIdleWhenGridNeedsEnergyMinutes = 4688398
iEnergyPriceIsZeroMinutes = 240
harvester.getEnergyHarvestedAVAILABLEKilowattHours( ): 2.462576615E7
harvester.getEnergyHarvestedKilowattHours(): 0.0
Beginning testing mode:
station,&,y_intercept_for_month_1,&,running_average_size_minutes_for_month_1,&,y_intercept_for_month_2,&,running_average_size_minutes_for_month_2,&,y_intercept_for_month_3,&,running_average_size_minutes_for_month_3,&,y_intercept_for_month_4,&,running_average_size_minutes_for_month_4,&,y_intercept_for_month_5,&,running_average_size_minutes_for_month_5,&,y_intercept_for_month_6,&,running_average_size_minutes_for_month_6,&,y_intercept_for_month_7,&,running_average_size_minutes_for_month_7,&,y_intercept_for_month_8,&,running_average_size_minutes_for_month_8,&,y_intercept_for_month_9,&,running_average_size_minutes_for_month_9,&,y_intercept_for_month_10,&,running_average_size_minutes_for_month_10,&,y_intercept_for_month_11,&,running_average_size_minutes_for_month_11,&,y_intercept_for_month_12,&,running_average_size_minutes_for_month_12,&,dNetNorm,&,dMarketBalancePercentage,&,dMarketNetNorm,
results: KBOS,&,9,&,91,&,9,&,91,&,9,&,91,&,9,&,91,&,9,&,91,&,9,&,91,&,9,&,91,&,9,&,91,&,9,&,91,&,9,&,91,&,9,&,91,&,9,&,91,&,0.34102316526593274,&,0.9369791453151628,&,0.3195315939235452
monthly visible minutes:KBOS,&,2013,&,8672,&,7458,&,8672,&,8672,&,8672,&,6751,&,8371,&,7090,&,6827,&,6726,&,8666,&,7874,&,
monthly visible minutes:KBOS,&,2014,&,8672,&,8576,&,8616,&,8672,&,8672,&,8672,&,7780,&,8012,&,7396,&,8672,&,8272,&,8672,&,
monthly minutes harvester between states:KBOS,&,2013,&,684,&,646,&,684,&,760,&,836,&,657,&,950,&,722,&,684,&,684,&,684,&,684,&,
monthly minutes harvester between states:KBOS,&,2014,&,684,&,646,&,798,&,760,&,684,&,835,&,760,&,861,&,722,&,684,&,646,&,722,&,
station,&,y_intercept_for_month_1,&,running_average_size_minutes_for_month_1,&,y_intercept_for_month_2,&,running_average_size_minutes_for_month_2,&,y_intercept_for_month_3,&,running_average_size_minutes_for_month_3,&,y_intercept_for_month_4,&,running_average_size_minutes_for_month_4,&,y_intercept_for_month_5,&,running_average_size_minutes_for_month_5,&,y_intercept_for_month_6,&,running_average_size_minutes_for_month_6,&,y_intercept_for_month_7,&,running_average_size_minutes_for_month_7,&,y_intercept_for_month_8,&,running_average_size_minutes_for_month_8,&,y_intercept_for_month_9,&,running_average_size_minutes_for_month_9,&,y_intercept_for_month_10,&,running_average_size_minutes_for_month_10,&,y_intercept_for_month_11,&,running_average_size_minutes_for_month_11,&,y_intercept_for_month_12,&,running_average_size_minutes_for_month_12,&,dNetNorm,&,dMarketBalancePercentage,&,dMarketNetNorm,
results: KBOS,&,9,&,91,&,9,&,91,&,9,&,91,&,9,&,91,&,9,&,91,&,9,&,91,&,9,&,91,&,9,&,91,&,9,&,91,&,9,&,91,&,9,&,91,&,9,&,91,&,0.34102316526593274,&,0.9369732889026839,&,0.31952959675122455
monthly visible minutes:KBOS,&,2013,&,8672,&,7458,&,8672,&,8672,&,8672,&,6751,&,8371,&,7090,&,6827,&,6726,&,8666,&,7874,&,
monthly visible minutes:KBOS,&,2014,&,8672,&,8576,&,8616,&,8672,&,8672,&,8672,&,7780,&,8012,&,7396,&,8672,&,8272,&,8672,&,
monthly minutes harvester between states:KBOS,&,2013,&,684,&,646,&,684,&,760,&,836,&,657,&,950,&,722,&,684,&,684,&,684,&,684,&,
monthly minutes harvester between states:KBOS,&,2014,&,684,&,646,&,798,&,760,&,684,&,835,&,760,&,861,&,722,&,684,&,646,&,722,&,
Station: KBWI
abc: The current path is /home/guy/retractable-wind
I have found the property file.
The training windspeed filename is /trainingKBWI2004-2012in.csv
The testing windspeed filename is /testingKBWI2013-2014in.csv
Yes, the station is KBWI
Warning: The bAlsoUsePrediction no longer has any effect
iUsedAllItsAllocatedVisibilityMinutesPerMonth: 8760
Visibility Allocation Minutes:8760
HARVESTER_SIZE_SQM is 6362
Reading file
Success: /Wind turbine power curves - wind turbine power output against wind speed in knots.csv found.
Speed (Knots) = Speed(knots) vs power (kW) , Power (kW) =V90
Speed (Knots) = 0 , Power (kW) =0
Speed (Knots) = 1 , Power (kW) =0
Speed (Knots) = 2 , Power (kW) =0
Speed (Knots) = 3 , Power (kW) =0
Speed (Knots) = 4 , Power (kW) =0
Speed (Knots) = 5 , Power (kW) =0
Speed (Knots) = 6 , Power (kW) =0
Speed (Knots) = 7 , Power (kW) =38
Speed (Knots) = 8 , Power (kW) =87
Speed (Knots) = 9 , Power (kW) =141
Speed (Knots) = 10 , Power (kW) =207
Speed (Knots) = 11 , Power (kW) =286
Speed (Knots) = 12 , Power (kW) =382
Speed (Knots) = 13 , Power (kW) =496
Speed (Knots) = 14 , Power (kW) =628
Speed (Knots) = 15 , Power (kW) =781
Speed (Knots) = 16 , Power (kW) =957
Speed (Knots) = 17 , Power (kW) =1153
Speed (Knots) = 18 , Power (kW) =1366
Speed (Knots) = 19 , Power (kW) =1589
Speed (Knots) = 20 , Power (kW) =1814
Speed (Knots) = 21 , Power (kW) =2035
Speed (Knots) = 22 , Power (kW) =2250
Speed (Knots) = 23 , Power (kW) =2452
Speed (Knots) = 24 , Power (kW) =2634
Speed (Knots) = 25 , Power (kW) =2784
Speed (Knots) = 26 , Power (kW) =2888
Speed (Knots) = 27 , Power (kW) =2949
Speed (Knots) = 28 , Power (kW) =2980
Speed (Knots) = 29 , Power (kW) =2993
Speed (Knots) = 30 , Power (kW) =3000
Speed (Knots) = 31 , Power (kW) =3000
Speed (Knots) = 32 , Power (kW) =3000
Speed (Knots) = 33 , Power (kW) =3000
Speed (Knots) = 34 , Power (kW) =3000
Speed (Knots) = 35 , Power (kW) =3000
Speed (Knots) = 36 , Power (kW) =3000
Speed (Knots) = 37 , Power (kW) =3000
Speed (Knots) = 38 , Power (kW) =3000
Speed (Knots) = 39 , Power (kW) =3000
Speed (Knots) = 40 , Power (kW) =3000
Speed (Knots) = 41 , Power (kW) =3000
Speed (Knots) = 42 , Power (kW) =3000
Speed (Knots) = 43 , Power (kW) =3000
Speed (Knots) = 44 , Power (kW) =3000
Speed (Knots) = 45 , Power (kW) =3000
Speed (Knots) = 46 , Power (kW) =3000
Speed (Knots) = 47 , Power (kW) =3000
Speed (Knots) = 48 , Power (kW) =3000
Speed (Knots) = 49 , Power (kW) =0
Speed (Knots) = 50 , Power (kW) =0
Speed (Knots) = 51 , Power (kW) =0
Speed (Knots) = 52 , Power (kW) =0
Speed (Knots) = 53 , Power (kW) =0
Speed (Knots) = 54 , Power (kW) =0
Speed (Knots) = 55 , Power (kW) =0
Speed (Knots) = 56 , Power (kW) =0
Speed (Knots) = 57 , Power (kW) =0
Speed (Knots) = 58 , Power (kW) =0
Speed (Knots) = 59 , Power (kW) =0
Speed (Knots) = 60 , Power (kW) =0
The scale is 1.0
Wind power at 10 knots in kilowatts is 207.0
Wind power in-cut-out test 0.0
Class name:edu.pitt.cs.people.guy.wind.benchmarks.Static
Success: /Noise_Allowed_Time_Definitions_All_Stations.csv found.
The station is the record is KBWI
Success: /Noise_Allowed_Time_Definitions_All_Stations.csv found.
The station is the record is KBWI
I have found the membership file for NOT WINDY.
Windspeed (knots) [0,1), Membership Value =1.0000000,1.0
Windspeed (knots) [1,2), Membership Value =0.9998161,0.9998161
Windspeed (knots) [2,3), Membership Value =0.9978543,0.9978543
Windspeed (knots) [3,4), Membership Value =0.9910165,0.9910165
Windspeed (knots) [4,5), Membership Value =0.9758631,0.9758631
Windspeed (knots) [5,6), Membership Value =0.9478741,0.9478741
Windspeed (knots) [6,7), Membership Value =0.9047102,0.9047102
Windspeed (knots) [7,8), Membership Value =0.8444605,0.8444605
Windspeed (knots) [8,9), Membership Value =0.7707480,0.770748
Windspeed (knots) [9,10), Membership Value =0.6887862,0.6887862
Windspeed (knots) [10,11), Membership Value =0.6022681,0.6022681
Windspeed (knots) [11,12), Membership Value =0.5149279,0.5149279
Windspeed (knots) [12,13), Membership Value =0.4278791,0.4278791
Windspeed (knots) [13,14), Membership Value =0.3435245,0.3435245
Windspeed (knots) [14,15), Membership Value =0.2628425,0.2628425
Windspeed (knots) [15,16), Membership Value =0.1871031,0.1871031
Windspeed (knots) [16,17), Membership Value =0.1167085,0.1167085
Windspeed (knots) [17,18), Membership Value =0.0533077,0.0533077
Windspeed (knots) [18,19), Membership Value =0.0000000,0.0
Windspeed (knots) [19,20), Membership Value =0.0000000,0.0
Windspeed (knots) [20,21), Membership Value =0.0000000,0.0
Windspeed (knots) [21,22), Membership Value =0.0000000,0.0
Windspeed (knots) [22,23), Membership Value =0.0000000,0.0
Windspeed (knots) [23,24), Membership Value =0.0000000,0.0
Windspeed (knots) [24,25), Membership Value =0.0000000,0.0
Windspeed (knots) [25,26), Membership Value =0.0000000,0.0
Windspeed (knots) [26,27), Membership Value =0.0000000,0.0
Windspeed (knots) [27,28), Membership Value =0.0000000,0.0
Windspeed (knots) [28,29), Membership Value =0.0000000,0.0
Windspeed (knots) [29,30), Membership Value =0.0000000,0.0
Windspeed (knots) [30,31), Membership Value =0.0000000,0.0
Windspeed (knots) [31,32), Membership Value =0.0000000,0.0
Windspeed (knots) [32,33), Membership Value =0.0000000,0.0
Windspeed (knots) [33,34), Membership Value =0.0000000,0.0
Windspeed (knots) [34,35), Membership Value =0.0000000,0.0
Windspeed (knots) [35,36), Membership Value =0.0000000,0.0
Windspeed (knots) [36,37), Membership Value =0.0000000,0.0
Windspeed (knots) [37,38), Membership Value =0.0000000,0.0
Windspeed (knots) [38,39), Membership Value =0.0000000,0.0
Windspeed (knots) [39,40), Membership Value =0.0000000,0.0
Windspeed (knots) [40,41), Membership Value =0.0000000,0.0
Windspeed (knots) [41,42), Membership Value =0.0000000,0.0
Windspeed (knots) [42,43), Membership Value =0.0000000,0.0
Windspeed (knots) [43,44), Membership Value =0.0000000,0.0
Windspeed (knots) [44,45), Membership Value =0.0000000,0.0
Windspeed (knots) [45,46), Membership Value =0.0000000,0.0
Windspeed (knots) [46,47), Membership Value =0.0000000,0.0
Windspeed (knots) [47,48), Membership Value =0.0000000,0.0
Windspeed (knots) [48,49), Membership Value =0.0000000,0.0
Windspeed (knots) [49,50), Membership Value =0.0000000,0.0
Windspeed (knots) [50,51), Membership Value =0.0000000,0.0
Windspeed (knots) [51,52), Membership Value =0.0000000,0.0
Windspeed (knots) [52,53), Membership Value =0.0000000,0.0
Windspeed (knots) [53,54), Membership Value =0.0000000,0.0
Windspeed (knots) [54,55), Membership Value =0.0000000,0.0
Windspeed (knots) [55,56), Membership Value =0.0000000,0.0
Windspeed (knots) [56,57), Membership Value =0.0000000,0.0
Windspeed (knots) [57,58), Membership Value =0.0000000,0.0
Windspeed (knots) [58,59), Membership Value =0.0000000,0.0
Windspeed (knots) [59,60), Membership Value =0.0000000,0.0
Windspeed (knots) [60,61), Membership Value =0.0000000,0.0
Windspeed (knots) [61,62), Membership Value =0.0000000,0.0
Windspeed (knots) [62,63), Membership Value =0.0000000,0.0
Windspeed (knots) [63,64), Membership Value =0.0000000,0.0
Windspeed (knots) [64,65), Membership Value =0.0000000,0.0
Windspeed (knots) [65,66), Membership Value =0.0000000,0.0
Windspeed (knots) [66,67), Membership Value =0.0000000,0.0
Windspeed (knots) [67,68), Membership Value =0.0000000,0.0
Windspeed (knots) [68,69), Membership Value =0.0000000,0.0
Windspeed (knots) [69,70), Membership Value =0.0000000,0.0
Windspeed (knots) [70,71), Membership Value =0.0000000,0.0
Windspeed (knots) [71,72), Membership Value =0.0000000,0.0
Windspeed (knots) [72,73), Membership Value =0.0000000,0.0
Windspeed (knots) [73,74), Membership Value =0.0000000,0.0
Windspeed (knots) [74,75), Membership Value =0.0000000,0.0
Windspeed (knots) [75,76), Membership Value =0.0000000,0.0
Windspeed (knots) [76,77), Membership Value =0.0000000,0.0
Windspeed (knots) [77,78), Membership Value =0.0000000,0.0
Windspeed (knots) [78,79), Membership Value =0.0000000,0.0
Windspeed (knots) [79,80), Membership Value =0.0000000,0.0
Windspeed (knots) [80,81), Membership Value =0.0000000,0.0
Windspeed (knots) [81,82), Membership Value =0.0000000,0.0
Windspeed (knots) [82,83), Membership Value =0.0000000,0.0
Windspeed (knots) [83,84), Membership Value =0.0000000,0.0
Windspeed (knots) [84,85), Membership Value =0.0000000,0.0
Windspeed (knots) [85,86), Membership Value =0.0000000,0.0
Windspeed (knots) [86,87), Membership Value =0.0000000,0.0
Windspeed (knots) [87,88), Membership Value =0.0000000,0.0
Windspeed (knots) [88,89), Membership Value =0.0000000,0.0
Windspeed (knots) [89,90), Membership Value =0.0000000,0.0
Windspeed (knots) [90,91), Membership Value =0.0000000,0.0
Windspeed (knots) [91,92), Membership Value =0.0000000,0.0
Windspeed (knots) [92,93), Membership Value =0.0000000,0.0
Windspeed (knots) [93,94), Membership Value =0.0000000,0.0
Windspeed (knots) [94,95), Membership Value =0.0000000,0.0
Windspeed (knots) [95,96), Membership Value =0.0000000,0.0
Windspeed (knots) [96,97), Membership Value =0.0000000,0.0
Windspeed (knots) [97,98), Membership Value =0.0000000,0.0
Windspeed (knots) [98,99), Membership Value =0.0000000,0.0
Windspeed (knots) [99,100), Membership Value =0.0000000,0.0
Windspeed (knots) [100,101), Membership Value =0.0000000,0.0
Windspeed (knots) [101,102), Membership Value =0.0000000,0.0
Windspeed (knots) [102,103), Membership Value =0.0000000,0.0
Windspeed (knots) [103,104), Membership Value =0.0000000,0.0
Windspeed (knots) [104,105), Membership Value =0.0000000,0.0
Windspeed (knots) [105,106), Membership Value =0.0000000,0.0
Windspeed (knots) [106,107), Membership Value =0.0000000,0.0
Windspeed (knots) [107,108), Membership Value =0.0000000,0.0
Windspeed (knots) [108,109), Membership Value =0.0000000,0.0
Windspeed (knots) [109,110), Membership Value =0.0000000,0.0
Windspeed (knots) [110,111), Membership Value =0.0000000,0.0
Windspeed (knots) [111,112), Membership Value =0.0000000,0.0
Windspeed (knots) [112,113), Membership Value =0.0000000,0.0
Windspeed (knots) [113,114), Membership Value =0.0000000,0.0
Windspeed (knots) [114,115), Membership Value =0.0000000,0.0
Windspeed (knots) [115,116), Membership Value =0.0000000,0.0
Windspeed (knots) [116,117), Membership Value =0.0000000,0.0
Windspeed (knots) [117,118), Membership Value =0.0000000,0.0
Windspeed (knots) [118,119), Membership Value =0.0000000,0.0
Windspeed (knots) [119,120), Membership Value =0.0000000,0.0
Windspeed (knots) [120,121), Membership Value =0.0000000,0.0
Windspeed (knots) [121,122), Membership Value =0.0000000,0.0
Windspeed (knots) [122,123), Membership Value =0.0000000,0.0
Windspeed (knots) [123,124), Membership Value =0.0000000,0.0
Windspeed (knots) [124,125), Membership Value =0.0000000,0.0
LowestWindspeedThatIsWindyKnots for station KBWI is 7 knots.
Transition limited :false
bUseWeatherPrediction:false
The running average is 1
The y-int is 7
Energy harvested: 3869582.894430749
iGeneratingEnergyWhenGridNeedsEnergyMinutes =624063
iGeneratingEnergyWhenGridNeedsEnergyMinutes =624063
iUsingEnergyWhenGridNeedsEnergyMinutes =134281
iGeneratingEnergyWhenGridHasExcessEnergyMinutes = 900
iUsingEnergyWhenGridHasExcessEnergyMinutes = 293
iIdleWhenGridDoesNotNeedEnergyMinutes = 44887
iIdleWhenGridNeedsEnergyMinutes = 3928836
iEnergyPriceIsZeroMinutes = 240
harvester.getEnergyHarvestedAVAILABLEKilowattHours( ): 8529008.366666667
harvester.getEnergyHarvestedKilowattHours(): 3869582.894430749
The y-int is 17
Energy harvested: 1193880.1333333333
iGeneratingEnergyWhenGridNeedsEnergyMinutes =38968
iGeneratingEnergyWhenGridNeedsEnergyMinutes =38968
iUsingEnergyWhenGridNeedsEnergyMinutes =1
iGeneratingEnergyWhenGridHasExcessEnergyMinutes = 27
iUsingEnergyWhenGridHasExcessEnergyMinutes = 0
iIdleWhenGridDoesNotNeedEnergyMinutes = 46053
iIdleWhenGridNeedsEnergyMinutes = 4648211
iEnergyPriceIsZeroMinutes = 240
harvester.getEnergyHarvestedAVAILABLEKilowattHours( ): 8529008.366666667
harvester.getEnergyHarvestedKilowattHours(): 1193880.1333333333
The y-int is 27
Energy harvested: 12778.833333333334
iGeneratingEnergyWhenGridNeedsEnergyMinutes =257
iGeneratingEnergyWhenGridNeedsEnergyMinutes =257
iUsingEnergyWhenGridNeedsEnergyMinutes =1
iGeneratingEnergyWhenGridHasExcessEnergyMinutes = 0
iUsingEnergyWhenGridHasExcessEnergyMinutes = 0
iIdleWhenGridDoesNotNeedEnergyMinutes = 46080
iIdleWhenGridNeedsEnergyMinutes = 4686922
iEnergyPriceIsZeroMinutes = 240
harvester.getEnergyHarvestedAVAILABLEKilowattHours( ): 8529008.366666667
harvester.getEnergyHarvestedKilowattHours(): 12778.833333333334
The y-int is 37
Energy harvested: 0.0
iGeneratingEnergyWhenGridNeedsEnergyMinutes =0
iGeneratingEnergyWhenGridNeedsEnergyMinutes =0
iUsingEnergyWhenGridNeedsEnergyMinutes =1
iGeneratingEnergyWhenGridHasExcessEnergyMinutes = 0
iUsingEnergyWhenGridHasExcessEnergyMinutes = 0
iIdleWhenGridDoesNotNeedEnergyMinutes = 46080
iIdleWhenGridNeedsEnergyMinutes = 4687179
iEnergyPriceIsZeroMinutes = 240
harvester.getEnergyHarvestedAVAILABLEKilowattHours( ): 8529008.366666667
harvester.getEnergyHarvestedKilowattHours(): 0.0
The running average is 31
The y-int is 7
Energy harvested: 4162658.3794379374
iGeneratingEnergyWhenGridNeedsEnergyMinutes =694596
iGeneratingEnergyWhenGridNeedsEnergyMinutes =694596
iUsingEnergyWhenGridNeedsEnergyMinutes =59391
iGeneratingEnergyWhenGridHasExcessEnergyMinutes = 963
iUsingEnergyWhenGridHasExcessEnergyMinutes = 131
iIdleWhenGridDoesNotNeedEnergyMinutes = 44986
iIdleWhenGridNeedsEnergyMinutes = 3933193
iEnergyPriceIsZeroMinutes = 240
harvester.getEnergyHarvestedAVAILABLEKilowattHours( ): 8529008.366666667
harvester.getEnergyHarvestedKilowattHours(): 4162658.3794379374
The y-int is 17
Energy harvested: 1436859.8030555716
iGeneratingEnergyWhenGridNeedsEnergyMinutes =54857
iGeneratingEnergyWhenGridNeedsEnergyMinutes =54857
iUsingEnergyWhenGridNeedsEnergyMinutes =1230
iGeneratingEnergyWhenGridHasExcessEnergyMinutes = 27
iUsingEnergyWhenGridHasExcessEnergyMinutes = 2
iIdleWhenGridDoesNotNeedEnergyMinutes = 46051
iIdleWhenGridNeedsEnergyMinutes = 4631093
iEnergyPriceIsZeroMinutes = 240
harvester.getEnergyHarvestedAVAILABLEKilowattHours( ): 8529008.366666667
harvester.getEnergyHarvestedKilowattHours(): 1436859.8030555716
The y-int is 27
Energy harvested: 17536.166666666668
iGeneratingEnergyWhenGridNeedsEnergyMinutes =369
iGeneratingEnergyWhenGridNeedsEnergyMinutes =369
iUsingEnergyWhenGridNeedsEnergyMinutes =1
iGeneratingEnergyWhenGridHasExcessEnergyMinutes = 0
iUsingEnergyWhenGridHasExcessEnergyMinutes = 0
iIdleWhenGridDoesNotNeedEnergyMinutes = 46080
iIdleWhenGridNeedsEnergyMinutes = 4686810
iEnergyPriceIsZeroMinutes = 240
harvester.getEnergyHarvestedAVAILABLEKilowattHours( ): 8529008.366666667
harvester.getEnergyHarvestedKilowattHours(): 17536.166666666668
The y-int is 37
Energy harvested: 0.0
iGeneratingEnergyWhenGridNeedsEnergyMinutes =0
iGeneratingEnergyWhenGridNeedsEnergyMinutes =0
iUsingEnergyWhenGridNeedsEnergyMinutes =1
iGeneratingEnergyWhenGridHasExcessEnergyMinutes = 0
iUsingEnergyWhenGridHasExcessEnergyMinutes = 0
iIdleWhenGridDoesNotNeedEnergyMinutes = 46080
iIdleWhenGridNeedsEnergyMinutes = 4687179
iEnergyPriceIsZeroMinutes = 240
harvester.getEnergyHarvestedAVAILABLEKilowattHours( ): 8529008.366666667
harvester.getEnergyHarvestedKilowattHours(): 0.0
The running average is 61
The y-int is 7
Energy harvested: 4162265.0386061105
iGeneratingEnergyWhenGridNeedsEnergyMinutes =690588
iGeneratingEnergyWhenGridNeedsEnergyMinutes =690588
iUsingEnergyWhenGridNeedsEnergyMinutes =46421
iGeneratingEnergyWhenGridHasExcessEnergyMinutes = 931
iUsingEnergyWhenGridHasExcessEnergyMinutes = 99
iIdleWhenGridDoesNotNeedEnergyMinutes = 45050
iIdleWhenGridNeedsEnergyMinutes = 3950171
iEnergyPriceIsZeroMinutes = 240
harvester.getEnergyHarvestedAVAILABLEKilowattHours( ): 8529008.366666667
harvester.getEnergyHarvestedKilowattHours(): 4162265.0386061105
The y-int is 17
Energy harvested: 1441993.2344444513
iGeneratingEnergyWhenGridNeedsEnergyMinutes =56782
iGeneratingEnergyWhenGridNeedsEnergyMinutes =56782
iUsingEnergyWhenGridNeedsEnergyMinutes =598
iGeneratingEnergyWhenGridHasExcessEnergyMinutes = 25
iUsingEnergyWhenGridHasExcessEnergyMinutes = 12
iIdleWhenGridDoesNotNeedEnergyMinutes = 46043
iIdleWhenGridNeedsEnergyMinutes = 4629800
iEnergyPriceIsZeroMinutes = 240
harvester.getEnergyHarvestedAVAILABLEKilowattHours( ): 8529008.366666667
harvester.getEnergyHarvestedKilowattHours(): 1441993.2344444513
The y-int is 27
Energy harvested: 13234.816666666668
iGeneratingEnergyWhenGridNeedsEnergyMinutes =283
iGeneratingEnergyWhenGridNeedsEnergyMinutes =283
iUsingEnergyWhenGridNeedsEnergyMinutes =1
iGeneratingEnergyWhenGridHasExcessEnergyMinutes = 0
iUsingEnergyWhenGridHasExcessEnergyMinutes = 0
iIdleWhenGridDoesNotNeedEnergyMinutes = 46080
iIdleWhenGridNeedsEnergyMinutes = 4686896
iEnergyPriceIsZeroMinutes = 240
harvester.getEnergyHarvestedAVAILABLEKilowattHours( ): 8529008.366666667
harvester.getEnergyHarvestedKilowattHours(): 13234.816666666668
The y-int is 37
Energy harvested: 0.0
iGeneratingEnergyWhenGridNeedsEnergyMinutes =0
iGeneratingEnergyWhenGridNeedsEnergyMinutes =0
iUsingEnergyWhenGridNeedsEnergyMinutes =1
iGeneratingEnergyWhenGridHasExcessEnergyMinutes = 0
iUsingEnergyWhenGridHasExcessEnergyMinutes = 0
iIdleWhenGridDoesNotNeedEnergyMinutes = 46080
iIdleWhenGridNeedsEnergyMinutes = 4687179
iEnergyPriceIsZeroMinutes = 240
harvester.getEnergyHarvestedAVAILABLEKilowattHours( ): 8529008.366666667
harvester.getEnergyHarvestedKilowattHours(): 0.0
The running average is 91
The y-int is 7
Energy harvested: 4162844.0166622237
iGeneratingEnergyWhenGridNeedsEnergyMinutes =682038
iGeneratingEnergyWhenGridNeedsEnergyMinutes =682038
iUsingEnergyWhenGridNeedsEnergyMinutes =41069
iGeneratingEnergyWhenGridHasExcessEnergyMinutes = 876
iUsingEnergyWhenGridHasExcessEnergyMinutes = 77
iIdleWhenGridDoesNotNeedEnergyMinutes = 45127
iIdleWhenGridNeedsEnergyMinutes = 3964073
iEnergyPriceIsZeroMinutes = 240
harvester.getEnergyHarvestedAVAILABLEKilowattHours( ): 8529008.366666667
harvester.getEnergyHarvestedKilowattHours(): 4162844.0166622237
The y-int is 17
Energy harvested: 1389469.7038888936
iGeneratingEnergyWhenGridNeedsEnergyMinutes =55474
iGeneratingEnergyWhenGridNeedsEnergyMinutes =55474
iUsingEnergyWhenGridNeedsEnergyMinutes =382
iGeneratingEnergyWhenGridHasExcessEnergyMinutes = 0
iUsingEnergyWhenGridHasExcessEnergyMinutes = 0
iIdleWhenGridDoesNotNeedEnergyMinutes = 46080
iIdleWhenGridNeedsEnergyMinutes = 4631324
iEnergyPriceIsZeroMinutes = 240
harvester.getEnergyHarvestedAVAILABLEKilowattHours( ): 8529008.366666667
harvester.getEnergyHarvestedKilowattHours(): 1389469.7038888936
The y-int is 27
Energy harvested: 12013.45
iGeneratingEnergyWhenGridNeedsEnergyMinutes =261
iGeneratingEnergyWhenGridNeedsEnergyMinutes =261
iUsingEnergyWhenGridNeedsEnergyMinutes =1
iGeneratingEnergyWhenGridHasExcessEnergyMinutes = 0
iUsingEnergyWhenGridHasExcessEnergyMinutes = 0
iIdleWhenGridDoesNotNeedEnergyMinutes = 46080
iIdleWhenGridNeedsEnergyMinutes = 4686918
iEnergyPriceIsZeroMinutes = 240
harvester.getEnergyHarvestedAVAILABLEKilowattHours( ): 8529008.366666667
harvester.getEnergyHarvestedKilowattHours(): 12013.45
The y-int is 37
Energy harvested: 0.0
iGeneratingEnergyWhenGridNeedsEnergyMinutes =0
iGeneratingEnergyWhenGridNeedsEnergyMinutes =0
iUsingEnergyWhenGridNeedsEnergyMinutes =1
iGeneratingEnergyWhenGridHasExcessEnergyMinutes = 0
iUsingEnergyWhenGridHasExcessEnergyMinutes = 0
iIdleWhenGridDoesNotNeedEnergyMinutes = 46080
iIdleWhenGridNeedsEnergyMinutes = 4687179
iEnergyPriceIsZeroMinutes = 240
harvester.getEnergyHarvestedAVAILABLEKilowattHours( ): 8529008.366666667
harvester.getEnergyHarvestedKilowattHours(): 0.0
The running average is 121
The y-int is 7
Energy harvested: 4143941.09388484
iGeneratingEnergyWhenGridNeedsEnergyMinutes =669203
iGeneratingEnergyWhenGridNeedsEnergyMinutes =669203
iUsingEnergyWhenGridNeedsEnergyMinutes =38950
iGeneratingEnergyWhenGridHasExcessEnergyMinutes = 990
iUsingEnergyWhenGridHasExcessEnergyMinutes = 59
iIdleWhenGridDoesNotNeedEnergyMinutes = 45031
iIdleWhenGridNeedsEnergyMinutes = 3979027
iEnergyPriceIsZeroMinutes = 240
harvester.getEnergyHarvestedAVAILABLEKilowattHours( ): 8529008.366666667
harvester.getEnergyHarvestedKilowattHours(): 4143941.09388484
The y-int is 17
Energy harvested: 1332924.2963888908
iGeneratingEnergyWhenGridNeedsEnergyMinutes =54172
iGeneratingEnergyWhenGridNeedsEnergyMinutes =54172
iUsingEnergyWhenGridNeedsEnergyMinutes =237
iGeneratingEnergyWhenGridHasExcessEnergyMinutes = 0
iUsingEnergyWhenGridHasExcessEnergyMinutes = 0
iIdleWhenGridDoesNotNeedEnergyMinutes = 46080
iIdleWhenGridNeedsEnergyMinutes = 4632771
iEnergyPriceIsZeroMinutes = 240
harvester.getEnergyHarvestedAVAILABLEKilowattHours( ): 8529008.366666667
harvester.getEnergyHarvestedKilowattHours(): 1332924.2963888908
The y-int is 27
Energy harvested: 9735.85
iGeneratingEnergyWhenGridNeedsEnergyMinutes =217
iGeneratingEnergyWhenGridNeedsEnergyMinutes =217
iUsingEnergyWhenGridNeedsEnergyMinutes =1
iGeneratingEnergyWhenGridHasExcessEnergyMinutes = 0
iUsingEnergyWhenGridHasExcessEnergyMinutes = 0
iIdleWhenGridDoesNotNeedEnergyMinutes = 46080
iIdleWhenGridNeedsEnergyMinutes = 4686962
iEnergyPriceIsZeroMinutes = 240
harvester.getEnergyHarvestedAVAILABLEKilowattHours( ): 8529008.366666667
harvester.getEnergyHarvestedKilowattHours(): 9735.85
The y-int is 37
Energy harvested: 0.0
iGeneratingEnergyWhenGridNeedsEnergyMinutes =0
iGeneratingEnergyWhenGridNeedsEnergyMinutes =0
iUsingEnergyWhenGridNeedsEnergyMinutes =1
iGeneratingEnergyWhenGridHasExcessEnergyMinutes = 0
iUsingEnergyWhenGridHasExcessEnergyMinutes = 0
iIdleWhenGridDoesNotNeedEnergyMinutes = 46080
iIdleWhenGridNeedsEnergyMinutes = 4687179
iEnergyPriceIsZeroMinutes = 240
harvester.getEnergyHarvestedAVAILABLEKilowattHours( ): 8529008.366666667
harvester.getEnergyHarvestedKilowattHours(): 0.0
Beginning testing mode:
station,&,y_intercept_for_month_1,&,running_average_size_minutes_for_month_1,&,y_intercept_for_month_2,&,running_average_size_minutes_for_month_2,&,y_intercept_for_month_3,&,running_average_size_minutes_for_month_3,&,y_intercept_for_month_4,&,running_average_size_minutes_for_month_4,&,y_intercept_for_month_5,&,running_average_size_minutes_for_month_5,&,y_intercept_for_month_6,&,running_average_size_minutes_for_month_6,&,y_intercept_for_month_7,&,running_average_size_minutes_for_month_7,&,y_intercept_for_month_8,&,running_average_size_minutes_for_month_8,&,y_intercept_for_month_9,&,running_average_size_minutes_for_month_9,&,y_intercept_for_month_10,&,running_average_size_minutes_for_month_10,&,y_intercept_for_month_11,&,running_average_size_minutes_for_month_11,&,y_intercept_for_month_12,&,running_average_size_minutes_for_month_12,&,dNetNorm,&,dMarketBalancePercentage,&,dMarketNetNorm,
results: KBWI,&,7,&,91,&,7,&,91,&,7,&,91,&,7,&,91,&,7,&,91,&,7,&,91,&,7,&,91,&,7,&,91,&,7,&,91,&,7,&,91,&,7,&,91,&,7,&,91,&,0.49544604609977555,&,0.9151385486041617,&,0.4534017755394192
monthly visible minutes:KBWI,&,2013,&,8672,&,8672,&,8672,&,8664,&,8672,&,8672,&,7759,&,8672,&,7333,&,8672,&,8672,&,8672,&,
monthly visible minutes:KBWI,&,2014,&,8672,&,8672,&,8672,&,8672,&,8672,&,8672,&,8672,&,7957,&,7685,&,8672,&,8672,&,8672,&,
monthly minutes harvester between states:KBWI,&,2013,&,912,&,811,&,532,&,707,&,697,&,950,&,981,&,874,&,988,&,859,&,798,&,1013,&,
monthly minutes harvester between states:KBWI,&,2014,&,819,&,1113,&,722,&,646,&,950,&,836,&,912,&,988,&,722,&,760,&,912,&,684,&,
station,&,y_intercept_for_month_1,&,running_average_size_minutes_for_month_1,&,y_intercept_for_month_2,&,running_average_size_minutes_for_month_2,&,y_intercept_for_month_3,&,running_average_size_minutes_for_month_3,&,y_intercept_for_month_4,&,running_average_size_minutes_for_month_4,&,y_intercept_for_month_5,&,running_average_size_minutes_for_month_5,&,y_intercept_for_month_6,&,running_average_size_minutes_for_month_6,&,y_intercept_for_month_7,&,running_average_size_minutes_for_month_7,&,y_intercept_for_month_8,&,running_average_size_minutes_for_month_8,&,y_intercept_for_month_9,&,running_average_size_minutes_for_month_9,&,y_intercept_for_month_10,&,running_average_size_minutes_for_month_10,&,y_intercept_for_month_11,&,running_average_size_minutes_for_month_11,&,y_intercept_for_month_12,&,running_average_size_minutes_for_month_12,&,dNetNorm,&,dMarketBalancePercentage,&,dMarketNetNorm,
results: KBWI,&,7,&,61,&,7,&,61,&,7,&,61,&,7,&,61,&,7,&,61,&,7,&,61,&,7,&,61,&,7,&,61,&,7,&,61,&,7,&,61,&,7,&,61,&,7,&,61,&,0.49328703819522185,&,0.9063342180828315,&,0.44708292205306227
monthly visible minutes:KBWI,&,2013,&,8672,&,8672,&,8672,&,8664,&,8672,&,8672,&,7759,&,8672,&,7333,&,8672,&,8672,&,8672,&,
monthly visible minutes:KBWI,&,2014,&,8672,&,8672,&,8672,&,8672,&,8672,&,8672,&,8672,&,7957,&,7685,&,8672,&,8672,&,8672,&,
monthly minutes harvester between states:KBWI,&,2013,&,912,&,811,&,532,&,707,&,697,&,950,&,981,&,874,&,988,&,859,&,798,&,1013,&,
monthly minutes harvester between states:KBWI,&,2014,&,819,&,1113,&,722,&,646,&,950,&,836,&,912,&,988,&,722,&,760,&,912,&,684,&,
Station: KCLE
abc: The current path is /home/guy/retractable-wind
I have found the property file.
The training windspeed filename is /trainingKCLE2004-2012in.csv
The testing windspeed filename is /testingKCLE2013-2014in.csv
Yes, the station is KCLE
Warning: The bAlsoUsePrediction no longer has any effect
iUsedAllItsAllocatedVisibilityMinutesPerMonth: 8760
Visibility Allocation Minutes:8760
HARVESTER_SIZE_SQM is 6362
Reading file
Success: /Wind turbine power curves - wind turbine power output against wind speed in knots.csv found.
Speed (Knots) = Speed(knots) vs power (kW) , Power (kW) =V90
Speed (Knots) = 0 , Power (kW) =0
Speed (Knots) = 1 , Power (kW) =0
Speed (Knots) = 2 , Power (kW) =0
Speed (Knots) = 3 , Power (kW) =0
Speed (Knots) = 4 , Power (kW) =0
Speed (Knots) = 5 , Power (kW) =0
Speed (Knots) = 6 , Power (kW) =0
Speed (Knots) = 7 , Power (kW) =38
Speed (Knots) = 8 , Power (kW) =87
Speed (Knots) = 9 , Power (kW) =141
Speed (Knots) = 10 , Power (kW) =207
Speed (Knots) = 11 , Power (kW) =286
Speed (Knots) = 12 , Power (kW) =382
Speed (Knots) = 13 , Power (kW) =496
Speed (Knots) = 14 , Power (kW) =628
Speed (Knots) = 15 , Power (kW) =781
Speed (Knots) = 16 , Power (kW) =957
Speed (Knots) = 17 , Power (kW) =1153
Speed (Knots) = 18 , Power (kW) =1366
Speed (Knots) = 19 , Power (kW) =1589
Speed (Knots) = 20 , Power (kW) =1814
Speed (Knots) = 21 , Power (kW) =2035
Speed (Knots) = 22 , Power (kW) =2250
Speed (Knots) = 23 , Power (kW) =2452
Speed (Knots) = 24 , Power (kW) =2634
Speed (Knots) = 25 , Power (kW) =2784
Speed (Knots) = 26 , Power (kW) =2888
Speed (Knots) = 27 , Power (kW) =2949
Speed (Knots) = 28 , Power (kW) =2980
Speed (Knots) = 29 , Power (kW) =2993
Speed (Knots) = 30 , Power (kW) =3000
Speed (Knots) = 31 , Power (kW) =3000
Speed (Knots) = 32 , Power (kW) =3000
Speed (Knots) = 33 , Power (kW) =3000
Speed (Knots) = 34 , Power (kW) =3000
Speed (Knots) = 35 , Power (kW) =3000
Speed (Knots) = 36 , Power (kW) =3000
Speed (Knots) = 37 , Power (kW) =3000
Speed (Knots) = 38 , Power (kW) =3000
Speed (Knots) = 39 , Power (kW) =3000
Speed (Knots) = 40 , Power (kW) =3000
Speed (Knots) = 41 , Power (kW) =3000
Speed (Knots) = 42 , Power (kW) =3000
Speed (Knots) = 43 , Power (kW) =3000
Speed (Knots) = 44 , Power (kW) =3000
Speed (Knots) = 45 , Power (kW) =3000
Speed (Knots) = 46 , Power (kW) =3000
Speed (Knots) = 47 , Power (kW) =3000
Speed (Knots) = 48 , Power (kW) =3000
Speed (Knots) = 49 , Power (kW) =0
Speed (Knots) = 50 , Power (kW) =0
Speed (Knots) = 51 , Power (kW) =0
Speed (Knots) = 52 , Power (kW) =0
Speed (Knots) = 53 , Power (kW) =0
Speed (Knots) = 54 , Power (kW) =0
Speed (Knots) = 55 , Power (kW) =0
Speed (Knots) = 56 , Power (kW) =0
Speed (Knots) = 57 , Power (kW) =0
Speed (Knots) = 58 , Power (kW) =0
Speed (Knots) = 59 , Power (kW) =0
Speed (Knots) = 60 , Power (kW) =0
The scale is 1.0
Wind power at 10 knots in kilowatts is 207.0
Wind power in-cut-out test 0.0
Class name:edu.pitt.cs.people.guy.wind.benchmarks.Static
Success: /Noise_Allowed_Time_Definitions_All_Stations.csv found.
The station is the record is KCLE
Success: /Noise_Allowed_Time_Definitions_All_Stations.csv found.
The station is the record is KCLE
I have found the membership file for NOT WINDY.
Windspeed (knots) [0,1), Membership Value =1.00000000,1.0
Windspeed (knots) [1,2), Membership Value =0.99997281,0.9999728
Windspeed (knots) [2,3), Membership Value =0.99957778,0.99957776
Windspeed (knots) [3,4), Membership Value =0.99766724,0.99766725
Windspeed (knots) [4,5), Membership Value =0.99198170,0.9919817
Windspeed (knots) [5,6), Membership Value =0.97895477,0.9789548
Windspeed (knots) [6,7), Membership Value =0.95560852,0.95560855
Windspeed (knots) [7,8), Membership Value =0.91908582,0.9190858
Windspeed (knots) [8,9), Membership Value =0.86803746,0.86803746
Windspeed (knots) [9,10), Membership Value =0.80333819,0.80333817
Windspeed (knots) [10,11), Membership Value =0.72374540,0.7237454
Windspeed (knots) [11,12), Membership Value =0.63479937,0.63479936
Windspeed (knots) [12,13), Membership Value =0.53806325,0.5380632
Windspeed (knots) [13,14), Membership Value =0.44012453,0.44012454
Windspeed (knots) [14,15), Membership Value =0.34663829,0.3466383
Windspeed (knots) [15,16), Membership Value =0.25707557,0.25707558
Windspeed (knots) [16,17), Membership Value =0.17381749,0.17381749
Windspeed (knots) [17,18), Membership Value =0.09744113,0.09744113
Windspeed (knots) [18,19), Membership Value =0.03045835,0.03045835
Windspeed (knots) [19,20), Membership Value =0.00000000,0.0
Windspeed (knots) [20,21), Membership Value =0.00000000,0.0
Windspeed (knots) [21,22), Membership Value =0.00000000,0.0
Windspeed (knots) [22,23), Membership Value =0.00000000,0.0
Windspeed (knots) [23,24), Membership Value =0.00000000,0.0
Windspeed (knots) [24,25), Membership Value =0.00000000,0.0
Windspeed (knots) [25,26), Membership Value =0.00000000,0.0
Windspeed (knots) [26,27), Membership Value =0.00000000,0.0
Windspeed (knots) [27,28), Membership Value =0.00000000,0.0
Windspeed (knots) [28,29), Membership Value =0.00000000,0.0
Windspeed (knots) [29,30), Membership Value =0.00000000,0.0
Windspeed (knots) [30,31), Membership Value =0.00000000,0.0
Windspeed (knots) [31,32), Membership Value =0.00000000,0.0
Windspeed (knots) [32,33), Membership Value =0.00000000,0.0
Windspeed (knots) [33,34), Membership Value =0.00000000,0.0
Windspeed (knots) [34,35), Membership Value =0.00000000,0.0
Windspeed (knots) [35,36), Membership Value =0.00000000,0.0
Windspeed (knots) [36,37), Membership Value =0.00000000,0.0
Windspeed (knots) [37,38), Membership Value =0.00000000,0.0
Windspeed (knots) [38,39), Membership Value =0.00000000,0.0
Windspeed (knots) [39,40), Membership Value =0.00000000,0.0
Windspeed (knots) [40,41), Membership Value =0.00000000,0.0
Windspeed (knots) [41,42), Membership Value =0.00000000,0.0
Windspeed (knots) [42,43), Membership Value =0.00000000,0.0
Windspeed (knots) [43,44), Membership Value =0.00000000,0.0
Windspeed (knots) [44,45), Membership Value =0.00000000,0.0
Windspeed (knots) [45,46), Membership Value =0.00000000,0.0
Windspeed (knots) [46,47), Membership Value =0.00000000,0.0
Windspeed (knots) [47,48), Membership Value =0.00000000,0.0
Windspeed (knots) [48,49), Membership Value =0.00000000,0.0
Windspeed (knots) [49,50), Membership Value =0.00000000,0.0
Windspeed (knots) [50,51), Membership Value =0.00000000,0.0
Windspeed (knots) [51,52), Membership Value =0.00000000,0.0
Windspeed (knots) [52,53), Membership Value =0.00000000,0.0
Windspeed (knots) [53,54), Membership Value =0.00000000,0.0
Windspeed (knots) [54,55), Membership Value =0.00000000,0.0
Windspeed (knots) [55,56), Membership Value =0.00000000,0.0
Windspeed (knots) [56,57), Membership Value =0.00000000,0.0
Windspeed (knots) [57,58), Membership Value =0.00000000,0.0
Windspeed (knots) [58,59), Membership Value =0.00000000,0.0
Windspeed (knots) [59,60), Membership Value =0.00000000,0.0
Windspeed (knots) [60,61), Membership Value =0.00000000,0.0
Windspeed (knots) [61,62), Membership Value =0.00000000,0.0
Windspeed (knots) [62,63), Membership Value =0.00000000,0.0
Windspeed (knots) [63,64), Membership Value =0.00000000,0.0
Windspeed (knots) [64,65), Membership Value =0.00000000,0.0
Windspeed (knots) [65,66), Membership Value =0.00000000,0.0
Windspeed (knots) [66,67), Membership Value =0.00000000,0.0
Windspeed (knots) [67,68), Membership Value =0.00000000,0.0
Windspeed (knots) [68,69), Membership Value =0.00000000,0.0
Windspeed (knots) [69,70), Membership Value =0.00000000,0.0
Windspeed (knots) [70,71), Membership Value =0.00000000,0.0
Windspeed (knots) [71,72), Membership Value =0.00000000,0.0
Windspeed (knots) [72,73), Membership Value =0.00000000,0.0
Windspeed (knots) [73,74), Membership Value =0.00000000,0.0
Windspeed (knots) [74,75), Membership Value =0.00000000,0.0
Windspeed (knots) [75,76), Membership Value =0.00000000,0.0
Windspeed (knots) [76,77), Membership Value =0.00000000,0.0
Windspeed (knots) [77,78), Membership Value =0.00000000,0.0
Windspeed (knots) [78,79), Membership Value =0.00000000,0.0
Windspeed (knots) [79,80), Membership Value =0.00000000,0.0
Windspeed (knots) [80,81), Membership Value =0.00000000,0.0
Windspeed (knots) [81,82), Membership Value =0.00000000,0.0
Windspeed (knots) [82,83), Membership Value =0.00000000,0.0
Windspeed (knots) [83,84), Membership Value =0.00000000,0.0
Windspeed (knots) [84,85), Membership Value =0.00000000,0.0
Windspeed (knots) [85,86), Membership Value =0.00000000,0.0
Windspeed (knots) [86,87), Membership Value =0.00000000,0.0
Windspeed (knots) [87,88), Membership Value =0.00000000,0.0
Windspeed (knots) [88,89), Membership Value =0.00000000,0.0
Windspeed (knots) [89,90), Membership Value =0.00000000,0.0
Windspeed (knots) [90,91), Membership Value =0.00000000,0.0
Windspeed (knots) [91,92), Membership Value =0.00000000,0.0
Windspeed (knots) [92,93), Membership Value =0.00000000,0.0
Windspeed (knots) [93,94), Membership Value =0.00000000,0.0
Windspeed (knots) [94,95), Membership Value =0.00000000,0.0
Windspeed (knots) [95,96), Membership Value =0.00000000,0.0
Windspeed (knots) [96,97), Membership Value =0.00000000,0.0
Windspeed (knots) [97,98), Membership Value =0.00000000,0.0
Windspeed (knots) [98,99), Membership Value =0.00000000,0.0
Windspeed (knots) [99,100), Membership Value =0.00000000,0.0
Windspeed (knots) [100,101), Membership Value =0.00000000,0.0
Windspeed (knots) [101,102), Membership Value =0.00000000,0.0
Windspeed (knots) [102,103), Membership Value =0.00000000,0.0
Windspeed (knots) [103,104), Membership Value =0.00000000,0.0
Windspeed (knots) [104,105), Membership Value =0.00000000,0.0
Windspeed (knots) [105,106), Membership Value =0.00000000,0.0
Windspeed (knots) [106,107), Membership Value =0.00000000,0.0
Windspeed (knots) [107,108), Membership Value =0.00000000,0.0
Windspeed (knots) [108,109), Membership Value =0.00000000,0.0
Windspeed (knots) [109,110), Membership Value =0.00000000,0.0
Windspeed (knots) [110,111), Membership Value =0.00000000,0.0
Windspeed (knots) [111,112), Membership Value =0.00000000,0.0
Windspeed (knots) [112,113), Membership Value =0.00000000,0.0
Windspeed (knots) [113,114), Membership Value =0.00000000,0.0
Windspeed (knots) [114,115), Membership Value =0.00000000,0.0
Windspeed (knots) [115,116), Membership Value =0.00000000,0.0
Windspeed (knots) [116,117), Membership Value =0.00000000,0.0
Windspeed (knots) [117,118), Membership Value =0.00000000,0.0
Windspeed (knots) [118,119), Membership Value =0.00000000,0.0
Windspeed (knots) [119,120), Membership Value =0.00000000,0.0
Windspeed (knots) [120,121), Membership Value =0.00000000,0.0
Windspeed (knots) [121,122), Membership Value =0.00000000,0.0
Windspeed (knots) [122,123), Membership Value =0.00000000,0.0
Windspeed (knots) [123,124), Membership Value =0.00000000,0.0
Windspeed (knots) [124,125), Membership Value =0.00000000,0.0
LowestWindspeedThatIsWindyKnots for station KCLE is 8 knots.
Transition limited :false
bUseWeatherPrediction:false
The running average is 1
The y-int is 8
Energy harvested: 5977214.842775782
iGeneratingEnergyWhenGridNeedsEnergyMinutes =739153
iGeneratingEnergyWhenGridNeedsEnergyMinutes =739153
iUsingEnergyWhenGridNeedsEnergyMinutes =94058
iGeneratingEnergyWhenGridHasExcessEnergyMinutes = 2041
iUsingEnergyWhenGridHasExcessEnergyMinutes = 286
iIdleWhenGridDoesNotNeedEnergyMinutes = 43753
iIdleWhenGridNeedsEnergyMinutes = 3853995
iEnergyPriceIsZeroMinutes = 240
harvester.getEnergyHarvestedAVAILABLEKilowattHours( ): 1.77525112E7
harvester.getEnergyHarvestedKilowattHours(): 5977214.842775782
The y-int is 18
Energy harvested: 1941923.0833333333
iGeneratingEnergyWhenGridNeedsEnergyMinutes =58766
iGeneratingEnergyWhenGridNeedsEnergyMinutes =58766
iUsingEnergyWhenGridNeedsEnergyMinutes =1
iGeneratingEnergyWhenGridHasExcessEnergyMinutes = 113
iUsingEnergyWhenGridHasExcessEnergyMinutes = 0
iIdleWhenGridDoesNotNeedEnergyMinutes = 45967
iIdleWhenGridNeedsEnergyMinutes = 4628439
iEnergyPriceIsZeroMinutes = 240
harvester.getEnergyHarvestedAVAILABLEKilowattHours( ): 1.77525112E7
harvester.getEnergyHarvestedKilowattHours(): 1941923.0833333333
The y-int is 28
Energy harvested: 12161.2
iGeneratingEnergyWhenGridNeedsEnergyMinutes =244
iGeneratingEnergyWhenGridNeedsEnergyMinutes =244
iUsingEnergyWhenGridNeedsEnergyMinutes =1
iGeneratingEnergyWhenGridHasExcessEnergyMinutes = 0
iUsingEnergyWhenGridHasExcessEnergyMinutes = 0
iIdleWhenGridDoesNotNeedEnergyMinutes = 46080
iIdleWhenGridNeedsEnergyMinutes = 4686961
iEnergyPriceIsZeroMinutes = 240
harvester.getEnergyHarvestedAVAILABLEKilowattHours( ): 1.77525112E7
harvester.getEnergyHarvestedKilowattHours(): 12161.2
The y-int is 38
Energy harvested: 0.0
iGeneratingEnergyWhenGridNeedsEnergyMinutes =0
iGeneratingEnergyWhenGridNeedsEnergyMinutes =0
iUsingEnergyWhenGridNeedsEnergyMinutes =1
iGeneratingEnergyWhenGridHasExcessEnergyMinutes = 0
iUsingEnergyWhenGridHasExcessEnergyMinutes = 0
iIdleWhenGridDoesNotNeedEnergyMinutes = 46080
iIdleWhenGridNeedsEnergyMinutes = 4687205
iEnergyPriceIsZeroMinutes = 240
harvester.getEnergyHarvestedAVAILABLEKilowattHours( ): 1.77525112E7
harvester.getEnergyHarvestedKilowattHours(): 0.0
The running average is 31
The y-int is 8
Energy harvested: 6261550.983611518
iGeneratingEnergyWhenGridNeedsEnergyMinutes =799628
iGeneratingEnergyWhenGridNeedsEnergyMinutes =799628
iUsingEnergyWhenGridNeedsEnergyMinutes =50937
iGeneratingEnergyWhenGridHasExcessEnergyMinutes = 2134
iUsingEnergyWhenGridHasExcessEnergyMinutes = 211
iIdleWhenGridDoesNotNeedEnergyMinutes = 43735
iIdleWhenGridNeedsEnergyMinutes = 3836641
iEnergyPriceIsZeroMinutes = 240
harvester.getEnergyHarvestedAVAILABLEKilowattHours( ): 1.77525112E7
harvester.getEnergyHarvestedKilowattHours(): 6261550.983611518
The y-int is 18
Energy harvested: 2314123.2675000075
iGeneratingEnergyWhenGridNeedsEnergyMinutes =78714
iGeneratingEnergyWhenGridNeedsEnergyMinutes =78714
iUsingEnergyWhenGridNeedsEnergyMinutes =766
iGeneratingEnergyWhenGridHasExcessEnergyMinutes = 185
iUsingEnergyWhenGridHasExcessEnergyMinutes = 24
iIdleWhenGridDoesNotNeedEnergyMinutes = 45871
iIdleWhenGridNeedsEnergyMinutes = 4607726
iEnergyPriceIsZeroMinutes = 240
harvester.getEnergyHarvestedAVAILABLEKilowattHours( ): 1.77525112E7
harvester.getEnergyHarvestedKilowattHours(): 2314123.2675000075
The y-int is 28
Energy harvested: 23453.9
iGeneratingEnergyWhenGridNeedsEnergyMinutes =494
iGeneratingEnergyWhenGridNeedsEnergyMinutes =494
iUsingEnergyWhenGridNeedsEnergyMinutes =1
iGeneratingEnergyWhenGridHasExcessEnergyMinutes = 0
iUsingEnergyWhenGridHasExcessEnergyMinutes = 0
iIdleWhenGridDoesNotNeedEnergyMinutes = 46080
iIdleWhenGridNeedsEnergyMinutes = 4686711
iEnergyPriceIsZeroMinutes = 240
harvester.getEnergyHarvestedAVAILABLEKilowattHours( ): 1.77525112E7
harvester.getEnergyHarvestedKilowattHours(): 23453.9
The y-int is 38
Energy harvested: 0.0
iGeneratingEnergyWhenGridNeedsEnergyMinutes =0
iGeneratingEnergyWhenGridNeedsEnergyMinutes =0
iUsingEnergyWhenGridNeedsEnergyMinutes =1
iGeneratingEnergyWhenGridHasExcessEnergyMinutes = 0
iUsingEnergyWhenGridHasExcessEnergyMinutes = 0
iIdleWhenGridDoesNotNeedEnergyMinutes = 46080
iIdleWhenGridNeedsEnergyMinutes = 4687205
iEnergyPriceIsZeroMinutes = 240
harvester.getEnergyHarvestedAVAILABLEKilowattHours( ): 1.77525112E7
harvester.getEnergyHarvestedKilowattHours(): 0.0
The running average is 61
The y-int is 8
Energy harvested: 6325150.434722547
iGeneratingEnergyWhenGridNeedsEnergyMinutes =805198
iGeneratingEnergyWhenGridNeedsEnergyMinutes =805198
iUsingEnergyWhenGridNeedsEnergyMinutes =41956
iGeneratingEnergyWhenGridHasExcessEnergyMinutes = 2087
iUsingEnergyWhenGridHasExcessEnergyMinutes = 210
iIdleWhenGridDoesNotNeedEnergyMinutes = 43783
iIdleWhenGridNeedsEnergyMinutes = 3840052
iEnergyPriceIsZeroMinutes = 240
harvester.getEnergyHarvestedAVAILABLEKilowattHours( ): 1.77525112E7
harvester.getEnergyHarvestedKilowattHours(): 6325150.434722547
The y-int is 18
Energy harvested: 2299468.5588888917
iGeneratingEnergyWhenGridNeedsEnergyMinutes =79874
iGeneratingEnergyWhenGridNeedsEnergyMinutes =79874
iUsingEnergyWhenGridNeedsEnergyMinutes =356
iGeneratingEnergyWhenGridHasExcessEnergyMinutes = 202
iUsingEnergyWhenGridHasExcessEnergyMinutes = 7
iIdleWhenGridDoesNotNeedEnergyMinutes = 45871
iIdleWhenGridNeedsEnergyMinutes = 4606976
iEnergyPriceIsZeroMinutes = 240
harvester.getEnergyHarvestedAVAILABLEKilowattHours( ): 1.77525112E7
harvester.getEnergyHarvestedKilowattHours(): 2299468.5588888917
The y-int is 28
Energy harvested: 24643.183333333334
iGeneratingEnergyWhenGridNeedsEnergyMinutes =521
iGeneratingEnergyWhenGridNeedsEnergyMinutes =521
iUsingEnergyWhenGridNeedsEnergyMinutes =1
iGeneratingEnergyWhenGridHasExcessEnergyMinutes = 0
iUsingEnergyWhenGridHasExcessEnergyMinutes = 0
iIdleWhenGridDoesNotNeedEnergyMinutes = 46080
iIdleWhenGridNeedsEnergyMinutes = 4686684
iEnergyPriceIsZeroMinutes = 240
harvester.getEnergyHarvestedAVAILABLEKilowattHours( ): 1.77525112E7
harvester.getEnergyHarvestedKilowattHours(): 24643.183333333334
The y-int is 38
Energy harvested: 0.0
iGeneratingEnergyWhenGridNeedsEnergyMinutes =0
iGeneratingEnergyWhenGridNeedsEnergyMinutes =0
iUsingEnergyWhenGridNeedsEnergyMinutes =1
iGeneratingEnergyWhenGridHasExcessEnergyMinutes = 0
iUsingEnergyWhenGridHasExcessEnergyMinutes = 0
iIdleWhenGridDoesNotNeedEnergyMinutes = 46080
iIdleWhenGridNeedsEnergyMinutes = 4687205
iEnergyPriceIsZeroMinutes = 240
harvester.getEnergyHarvestedAVAILABLEKilowattHours( ): 1.77525112E7
harvester.getEnergyHarvestedKilowattHours(): 0.0
The running average is 91
The y-int is 8
Energy harvested: 6350117.6408335995
iGeneratingEnergyWhenGridNeedsEnergyMinutes =802523
iGeneratingEnergyWhenGridNeedsEnergyMinutes =802523
iUsingEnergyWhenGridNeedsEnergyMinutes =38179
iGeneratingEnergyWhenGridHasExcessEnergyMinutes = 2090
iUsingEnergyWhenGridHasExcessEnergyMinutes = 207
iIdleWhenGridDoesNotNeedEnergyMinutes = 43783
iIdleWhenGridNeedsEnergyMinutes = 3846504
iEnergyPriceIsZeroMinutes = 240
harvester.getEnergyHarvestedAVAILABLEKilowattHours( ): 1.77525112E7
harvester.getEnergyHarvestedKilowattHours(): 6350117.6408335995
The y-int is 18
Energy harvested: 2235380.5213888916
iGeneratingEnergyWhenGridNeedsEnergyMinutes =78905
iGeneratingEnergyWhenGridNeedsEnergyMinutes =78905
iUsingEnergyWhenGridNeedsEnergyMinutes =211
iGeneratingEnergyWhenGridHasExcessEnergyMinutes = 234
iUsingEnergyWhenGridHasExcessEnergyMinutes = 0
iIdleWhenGridDoesNotNeedEnergyMinutes = 45846
iIdleWhenGridNeedsEnergyMinutes = 4608090
iEnergyPriceIsZeroMinutes = 240
harvester.getEnergyHarvestedAVAILABLEKilowattHours( ): 1.77525112E7
harvester.getEnergyHarvestedKilowattHours(): 2235380.5213888916
The y-int is 28
Energy harvested: 20493.75
iGeneratingEnergyWhenGridNeedsEnergyMinutes =442
iGeneratingEnergyWhenGridNeedsEnergyMinutes =442
iUsingEnergyWhenGridNeedsEnergyMinutes =1
iGeneratingEnergyWhenGridHasExcessEnergyMinutes = 0
iUsingEnergyWhenGridHasExcessEnergyMinutes = 0
iIdleWhenGridDoesNotNeedEnergyMinutes = 46080
iIdleWhenGridNeedsEnergyMinutes = 4686763
iEnergyPriceIsZeroMinutes = 240
harvester.getEnergyHarvestedAVAILABLEKilowattHours( ): 1.77525112E7
harvester.getEnergyHarvestedKilowattHours(): 20493.75
The y-int is 38
Energy harvested: 0.0
iGeneratingEnergyWhenGridNeedsEnergyMinutes =0
iGeneratingEnergyWhenGridNeedsEnergyMinutes =0
iUsingEnergyWhenGridNeedsEnergyMinutes =1
iGeneratingEnergyWhenGridHasExcessEnergyMinutes = 0
iUsingEnergyWhenGridHasExcessEnergyMinutes = 0
iIdleWhenGridDoesNotNeedEnergyMinutes = 46080
iIdleWhenGridNeedsEnergyMinutes = 4687205
iEnergyPriceIsZeroMinutes = 240
harvester.getEnergyHarvestedAVAILABLEKilowattHours( ): 1.77525112E7
harvester.getEnergyHarvestedKilowattHours(): 0.0
The running average is 121
The y-int is 8
Energy harvested: 6377998.552778049
iGeneratingEnergyWhenGridNeedsEnergyMinutes =797615
iGeneratingEnergyWhenGridNeedsEnergyMinutes =797615
iUsingEnergyWhenGridNeedsEnergyMinutes =36452
iGeneratingEnergyWhenGridHasExcessEnergyMinutes = 2004
iUsingEnergyWhenGridHasExcessEnergyMinutes = 193
iIdleWhenGridDoesNotNeedEnergyMinutes = 43883
iIdleWhenGridNeedsEnergyMinutes = 3853139
iEnergyPriceIsZeroMinutes = 240
harvester.getEnergyHarvestedAVAILABLEKilowattHours( ): 1.77525112E7
harvester.getEnergyHarvestedKilowattHours(): 6377998.552778049
The y-int is 18
Energy harvested: 2163800.502222226
iGeneratingEnergyWhenGridNeedsEnergyMinutes =77289
iGeneratingEnergyWhenGridNeedsEnergyMinutes =77289
iUsingEnergyWhenGridNeedsEnergyMinutes =214
iGeneratingEnergyWhenGridHasExcessEnergyMinutes = 232
iUsingEnergyWhenGridHasExcessEnergyMinutes = 0
iIdleWhenGridDoesNotNeedEnergyMinutes = 45848
iIdleWhenGridNeedsEnergyMinutes = 4609703
iEnergyPriceIsZeroMinutes = 240
harvester.getEnergyHarvestedAVAILABLEKilowattHours( ): 1.77525112E7
harvester.getEnergyHarvestedKilowattHours(): 2163800.502222226
The y-int is 28
Energy harvested: 11793.866666666667
iGeneratingEnergyWhenGridNeedsEnergyMinutes =261
iGeneratingEnergyWhenGridNeedsEnergyMinutes =261
iUsingEnergyWhenGridNeedsEnergyMinutes =1
iGeneratingEnergyWhenGridHasExcessEnergyMinutes = 0
iUsingEnergyWhenGridHasExcessEnergyMinutes = 0
iIdleWhenGridDoesNotNeedEnergyMinutes = 46080
iIdleWhenGridNeedsEnergyMinutes = 4686944
iEnergyPriceIsZeroMinutes = 240
harvester.getEnergyHarvestedAVAILABLEKilowattHours( ): 1.77525112E7
harvester.getEnergyHarvestedKilowattHours(): 11793.866666666667
The y-int is 38
Energy harvested: 0.0
iGeneratingEnergyWhenGridNeedsEnergyMinutes =0
iGeneratingEnergyWhenGridNeedsEnergyMinutes =0
iUsingEnergyWhenGridNeedsEnergyMinutes =1
iGeneratingEnergyWhenGridHasExcessEnergyMinutes = 0
iUsingEnergyWhenGridHasExcessEnergyMinutes = 0
iIdleWhenGridDoesNotNeedEnergyMinutes = 46080
iIdleWhenGridNeedsEnergyMinutes = 4687205
iEnergyPriceIsZeroMinutes = 240
harvester.getEnergyHarvestedAVAILABLEKilowattHours( ): 1.77525112E7
harvester.getEnergyHarvestedKilowattHours(): 0.0
Beginning testing mode:
station,&,y_intercept_for_month_1,&,running_average_size_minutes_for_month_1,&,y_intercept_for_month_2,&,running_average_size_minutes_for_month_2,&,y_intercept_for_month_3,&,running_average_size_minutes_for_month_3,&,y_intercept_for_month_4,&,running_average_size_minutes_for_month_4,&,y_intercept_for_month_5,&,running_average_size_minutes_for_month_5,&,y_intercept_for_month_6,&,running_average_size_minutes_for_month_6,&,y_intercept_for_month_7,&,running_average_size_minutes_for_month_7,&,y_intercept_for_month_8,&,running_average_size_minutes_for_month_8,&,y_intercept_for_month_9,&,running_average_size_minutes_for_month_9,&,y_intercept_for_month_10,&,running_average_size_minutes_for_month_10,&,y_intercept_for_month_11,&,running_average_size_minutes_for_month_11,&,y_intercept_for_month_12,&,running_average_size_minutes_for_month_12,&,dNetNorm,&,dMarketBalancePercentage,&,dMarketNetNorm,
results: KCLE,&,8,&,121,&,8,&,121,&,8,&,121,&,8,&,121,&,8,&,121,&,8,&,121,&,8,&,121,&,8,&,121,&,8,&,121,&,8,&,121,&,8,&,121,&,8,&,121,&,0.34378165549705264,&,0.9235814380886744,&,0.3175103557724731
monthly visible minutes:KCLE,&,2013,&,8672,&,8672,&,8668,&,8672,&,8672,&,8672,&,8672,&,8672,&,8672,&,8672,&,8655,&,8672,&,
monthly visible minutes:KCLE,&,2014,&,8672,&,8672,&,8672,&,8672,&,8672,&,8672,&,8672,&,8672,&,8672,&,8672,&,8667,&,8672,&,
monthly minutes harvester between states:KCLE,&,2013,&,722,&,684,&,601,&,722,&,722,&,684,&,950,&,874,&,646,&,760,&,499,&,608,&,
monthly minutes harvester between states:KCLE,&,2014,&,608,&,722,&,608,&,646,&,869,&,874,&,570,&,950,&,722,&,570,&,561,&,619,&,
station,&,y_intercept_for_month_1,&,running_average_size_minutes_for_month_1,&,y_intercept_for_month_2,&,running_average_size_minutes_for_month_2,&,y_intercept_for_month_3,&,running_average_size_minutes_for_month_3,&,y_intercept_for_month_4,&,running_average_size_minutes_for_month_4,&,y_intercept_for_month_5,&,running_average_size_minutes_for_month_5,&,y_intercept_for_month_6,&,running_average_size_minutes_for_month_6,&,y_intercept_for_month_7,&,running_average_size_minutes_for_month_7,&,y_intercept_for_month_8,&,running_average_size_minutes_for_month_8,&,y_intercept_for_month_9,&,running_average_size_minutes_for_month_9,&,y_intercept_for_month_10,&,running_average_size_minutes_for_month_10,&,y_intercept_for_month_11,&,running_average_size_minutes_for_month_11,&,y_intercept_for_month_12,&,running_average_size_minutes_for_month_12,&,dNetNorm,&,dMarketBalancePercentage,&,dMarketNetNorm,
results: KCLE,&,8,&,121,&,8,&,121,&,8,&,121,&,8,&,121,&,8,&,121,&,8,&,121,&,8,&,121,&,8,&,121,&,8,&,121,&,8,&,121,&,8,&,121,&,8,&,121,&,0.34378165549705264,&,0.9235756949230416,&,0.31750838137748405
monthly visible minutes:KCLE,&,2013,&,8672,&,8672,&,8668,&,8672,&,8672,&,8672,&,8672,&,8672,&,8672,&,8672,&,8655,&,8672,&,
monthly visible minutes:KCLE,&,2014,&,8672,&,8672,&,8672,&,8672,&,8672,&,8672,&,8672,&,8672,&,8672,&,8672,&,8667,&,8672,&,
monthly minutes harvester between states:KCLE,&,2013,&,722,&,684,&,601,&,722,&,722,&,684,&,950,&,874,&,646,&,760,&,499,&,608,&,
monthly minutes harvester between states:KCLE,&,2014,&,608,&,722,&,608,&,646,&,869,&,874,&,570,&,950,&,722,&,570,&,561,&,619,&,
Station: KCLT
abc: The current path is /home/guy/retractable-wind
I have found the property file.
The training windspeed filename is /trainingKCLT2004-2012in.csv
The testing windspeed filename is /testingKCLT2013-2014in.csv
Yes, the station is KCLT
Warning: The bAlsoUsePrediction no longer has any effect
iUsedAllItsAllocatedVisibilityMinutesPerMonth: 8760
Visibility Allocation Minutes:8760
HARVESTER_SIZE_SQM is 6362
Reading file
Success: /Wind turbine power curves - wind turbine power output against wind speed in knots.csv found.
Speed (Knots) = Speed(knots) vs power (kW) , Power (kW) =V90
Speed (Knots) = 0 , Power (kW) =0
Speed (Knots) = 1 , Power (kW) =0
Speed (Knots) = 2 , Power (kW) =0
Speed (Knots) = 3 , Power (kW) =0
Speed (Knots) = 4 , Power (kW) =0
Speed (Knots) = 5 , Power (kW) =0
Speed (Knots) = 6 , Power (kW) =0
Speed (Knots) = 7 , Power (kW) =38
Speed (Knots) = 8 , Power (kW) =87
Speed (Knots) = 9 , Power (kW) =141
Speed (Knots) = 10 , Power (kW) =207
Speed (Knots) = 11 , Power (kW) =286
Speed (Knots) = 12 , Power (kW) =382
Speed (Knots) = 13 , Power (kW) =496
Speed (Knots) = 14 , Power (kW) =628
Speed (Knots) = 15 , Power (kW) =781
Speed (Knots) = 16 , Power (kW) =957
Speed (Knots) = 17 , Power (kW) =1153
Speed (Knots) = 18 , Power (kW) =1366
Speed (Knots) = 19 , Power (kW) =1589
Speed (Knots) = 20 , Power (kW) =1814
Speed (Knots) = 21 , Power (kW) =2035
Speed (Knots) = 22 , Power (kW) =2250
Speed (Knots) = 23 , Power (kW) =2452
Speed (Knots) = 24 , Power (kW) =2634
Speed (Knots) = 25 , Power (kW) =2784
Speed (Knots) = 26 , Power (kW) =2888
Speed (Knots) = 27 , Power (kW) =2949
Speed (Knots) = 28 , Power (kW) =2980
Speed (Knots) = 29 , Power (kW) =2993
Speed (Knots) = 30 , Power (kW) =3000
Speed (Knots) = 31 , Power (kW) =3000
Speed (Knots) = 32 , Power (kW) =3000
Speed (Knots) = 33 , Power (kW) =3000
Speed (Knots) = 34 , Power (kW) =3000
Speed (Knots) = 35 , Power (kW) =3000
Speed (Knots) = 36 , Power (kW) =3000
Speed (Knots) = 37 , Power (kW) =3000
Speed (Knots) = 38 , Power (kW) =3000
Speed (Knots) = 39 , Power (kW) =3000
Speed (Knots) = 40 , Power (kW) =3000
Speed (Knots) = 41 , Power (kW) =3000
Speed (Knots) = 42 , Power (kW) =3000
Speed (Knots) = 43 , Power (kW) =3000
Speed (Knots) = 44 , Power (kW) =3000
Speed (Knots) = 45 , Power (kW) =3000
Speed (Knots) = 46 , Power (kW) =3000
Speed (Knots) = 47 , Power (kW) =3000
Speed (Knots) = 48 , Power (kW) =3000
Speed (Knots) = 49 , Power (kW) =0
Speed (Knots) = 50 , Power (kW) =0
Speed (Knots) = 51 , Power (kW) =0
Speed (Knots) = 52 , Power (kW) =0
Speed (Knots) = 53 , Power (kW) =0
Speed (Knots) = 54 , Power (kW) =0
Speed (Knots) = 55 , Power (kW) =0
Speed (Knots) = 56 , Power (kW) =0
Speed (Knots) = 57 , Power (kW) =0
Speed (Knots) = 58 , Power (kW) =0
Speed (Knots) = 59 , Power (kW) =0
Speed (Knots) = 60 , Power (kW) =0
The scale is 1.0
Wind power at 10 knots in kilowatts is 207.0
Wind power in-cut-out test 0.0
Class name:edu.pitt.cs.people.guy.wind.benchmarks.Static
Success: /Noise_Allowed_Time_Definitions_All_Stations.csv found.
The station is the record is KCLT
Success: /Noise_Allowed_Time_Definitions_All_Stations.csv found.
The station is the record is KCLT
I have found the membership file for NOT WINDY.
Windspeed (knots) [0,1), Membership Value =1.000000000,1.0
Windspeed (knots) [1,2), Membership Value =0.999808973,0.99980897
Windspeed (knots) [2,3), Membership Value =0.996959454,0.99695945
Windspeed (knots) [3,4), Membership Value =0.984354107,0.9843541
Windspeed (knots) [4,5), Membership Value =0.953079203,0.9530792
Windspeed (knots) [5,6), Membership Value =0.896573364,0.89657336
Windspeed (knots) [6,7), Membership Value =0.816209435,0.81620944
Windspeed (knots) [7,8), Membership Value =0.716200374,0.71620035
Windspeed (knots) [8,9), Membership Value =0.601639809,0.6016398
Windspeed (knots) [9,10), Membership Value =0.483225306,0.48322532
Windspeed (knots) [10,11), Membership Value =0.366662968,0.36666298
Windspeed (knots) [11,12), Membership Value =0.258615751,0.25861576
Windspeed (knots) [12,13), Membership Value =0.160827277,0.16082728
Windspeed (knots) [13,14), Membership Value =0.078586080,0.07858608
Windspeed (knots) [14,15), Membership Value =0.009183443,0.009183443
Windspeed (knots) [15,16), Membership Value =0.000000000,0.0
Windspeed (knots) [16,17), Membership Value =0.000000000,0.0
Windspeed (knots) [17,18), Membership Value =0.000000000,0.0
Windspeed (knots) [18,19), Membership Value =0.000000000,0.0
Windspeed (knots) [19,20), Membership Value =0.000000000,0.0
Windspeed (knots) [20,21), Membership Value =0.000000000,0.0
Windspeed (knots) [21,22), Membership Value =0.000000000,0.0
Windspeed (knots) [22,23), Membership Value =0.000000000,0.0
Windspeed (knots) [23,24), Membership Value =0.000000000,0.0
Windspeed (knots) [24,25), Membership Value =0.000000000,0.0
Windspeed (knots) [25,26), Membership Value =0.000000000,0.0
Windspeed (knots) [26,27), Membership Value =0.000000000,0.0
Windspeed (knots) [27,28), Membership Value =0.000000000,0.0
Windspeed (knots) [28,29), Membership Value =0.000000000,0.0
Windspeed (knots) [29,30), Membership Value =0.000000000,0.0
Windspeed (knots) [30,31), Membership Value =0.000000000,0.0
Windspeed (knots) [31,32), Membership Value =0.000000000,0.0
Windspeed (knots) [32,33), Membership Value =0.000000000,0.0
Windspeed (knots) [33,34), Membership Value =0.000000000,0.0
Windspeed (knots) [34,35), Membership Value =0.000000000,0.0
Windspeed (knots) [35,36), Membership Value =0.000000000,0.0
Windspeed (knots) [36,37), Membership Value =0.000000000,0.0
Windspeed (knots) [37,38), Membership Value =0.000000000,0.0
Windspeed (knots) [38,39), Membership Value =0.000000000,0.0
Windspeed (knots) [39,40), Membership Value =0.000000000,0.0
Windspeed (knots) [40,41), Membership Value =0.000000000,0.0
Windspeed (knots) [41,42), Membership Value =0.000000000,0.0
Windspeed (knots) [42,43), Membership Value =0.000000000,0.0
Windspeed (knots) [43,44), Membership Value =0.000000000,0.0
Windspeed (knots) [44,45), Membership Value =0.000000000,0.0
Windspeed (knots) [45,46), Membership Value =0.000000000,0.0
Windspeed (knots) [46,47), Membership Value =0.000000000,0.0
Windspeed (knots) [47,48), Membership Value =0.000000000,0.0
Windspeed (knots) [48,49), Membership Value =0.000000000,0.0
Windspeed (knots) [49,50), Membership Value =0.000000000,0.0
Windspeed (knots) [50,51), Membership Value =0.000000000,0.0
Windspeed (knots) [51,52), Membership Value =0.000000000,0.0
Windspeed (knots) [52,53), Membership Value =0.000000000,0.0
Windspeed (knots) [53,54), Membership Value =0.000000000,0.0
Windspeed (knots) [54,55), Membership Value =0.000000000,0.0
Windspeed (knots) [55,56), Membership Value =0.000000000,0.0
Windspeed (knots) [56,57), Membership Value =0.000000000,0.0
Windspeed (knots) [57,58), Membership Value =0.000000000,0.0
Windspeed (knots) [58,59), Membership Value =0.000000000,0.0
Windspeed (knots) [59,60), Membership Value =0.000000000,0.0
Windspeed (knots) [60,61), Membership Value =0.000000000,0.0
Windspeed (knots) [61,62), Membership Value =0.000000000,0.0
Windspeed (knots) [62,63), Membership Value =0.000000000,0.0
Windspeed (knots) [63,64), Membership Value =0.000000000,0.0
Windspeed (knots) [64,65), Membership Value =0.000000000,0.0
Windspeed (knots) [65,66), Membership Value =0.000000000,0.0
Windspeed (knots) [66,67), Membership Value =0.000000000,0.0
Windspeed (knots) [67,68), Membership Value =0.000000000,0.0
Windspeed (knots) [68,69), Membership Value =0.000000000,0.0
Windspeed (knots) [69,70), Membership Value =0.000000000,0.0
Windspeed (knots) [70,71), Membership Value =0.000000000,0.0
Windspeed (knots) [71,72), Membership Value =0.000000000,0.0
Windspeed (knots) [72,73), Membership Value =0.000000000,0.0
Windspeed (knots) [73,74), Membership Value =0.000000000,0.0
Windspeed (knots) [74,75), Membership Value =0.000000000,0.0
Windspeed (knots) [75,76), Membership Value =0.000000000,0.0
Windspeed (knots) [76,77), Membership Value =0.000000000,0.0
Windspeed (knots) [77,78), Membership Value =0.000000000,0.0
Windspeed (knots) [78,79), Membership Value =0.000000000,0.0
Windspeed (knots) [79,80), Membership Value =0.000000000,0.0
Windspeed (knots) [80,81), Membership Value =0.000000000,0.0
Windspeed (knots) [81,82), Membership Value =0.000000000,0.0
Windspeed (knots) [82,83), Membership Value =0.000000000,0.0
Windspeed (knots) [83,84), Membership Value =0.000000000,0.0
Windspeed (knots) [84,85), Membership Value =0.000000000,0.0
Windspeed (knots) [85,86), Membership Value =0.000000000,0.0
Windspeed (knots) [86,87), Membership Value =0.000000000,0.0
Windspeed (knots) [87,88), Membership Value =0.000000000,0.0
Windspeed (knots) [88,89), Membership Value =0.000000000,0.0
Windspeed (knots) [89,90), Membership Value =0.000000000,0.0
Windspeed (knots) [90,91), Membership Value =0.000000000,0.0
Windspeed (knots) [91,92), Membership Value =0.000000000,0.0
Windspeed (knots) [92,93), Membership Value =0.000000000,0.0
Windspeed (knots) [93,94), Membership Value =0.000000000,0.0
Windspeed (knots) [94,95), Membership Value =0.000000000,0.0
Windspeed (knots) [95,96), Membership Value =0.000000000,0.0
Windspeed (knots) [96,97), Membership Value =0.000000000,0.0
Windspeed (knots) [97,98), Membership Value =0.000000000,0.0
Windspeed (knots) [98,99), Membership Value =0.000000000,0.0
Windspeed (knots) [99,100), Membership Value =0.000000000,0.0
Windspeed (knots) [100,101), Membership Value =0.000000000,0.0
Windspeed (knots) [101,102), Membership Value =0.000000000,0.0
Windspeed (knots) [102,103), Membership Value =0.000000000,0.0
Windspeed (knots) [103,104), Membership Value =0.000000000,0.0
Windspeed (knots) [104,105), Membership Value =0.000000000,0.0
Windspeed (knots) [105,106), Membership Value =0.000000000,0.0
Windspeed (knots) [106,107), Membership Value =0.000000000,0.0
Windspeed (knots) [107,108), Membership Value =0.000000000,0.0
Windspeed (knots) [108,109), Membership Value =0.000000000,0.0
Windspeed (knots) [109,110), Membership Value =0.000000000,0.0
Windspeed (knots) [110,111), Membership Value =0.000000000,0.0
Windspeed (knots) [111,112), Membership Value =0.000000000,0.0
Windspeed (knots) [112,113), Membership Value =0.000000000,0.0
Windspeed (knots) [113,114), Membership Value =0.000000000,0.0
Windspeed (knots) [114,115), Membership Value =0.000000000,0.0
Windspeed (knots) [115,116), Membership Value =0.000000000,0.0
Windspeed (knots) [116,117), Membership Value =0.000000000,0.0
Windspeed (knots) [117,118), Membership Value =0.000000000,0.0
Windspeed (knots) [118,119), Membership Value =0.000000000,0.0
Windspeed (knots) [119,120), Membership Value =0.000000000,0.0
Windspeed (knots) [120,121), Membership Value =0.000000000,0.0
Windspeed (knots) [121,122), Membership Value =0.000000000,0.0
Windspeed (knots) [122,123), Membership Value =0.000000000,0.0
Windspeed (knots) [123,124), Membership Value =0.000000000,0.0
Windspeed (knots) [124,125), Membership Value =0.000000000,0.0
LowestWindspeedThatIsWindyKnots for station KCLT is 5 knots.
Transition limited :false
bUseWeatherPrediction:false
The running average is 1
The y-int is 5
Energy harvested: 1694240.2513903778
iGeneratingEnergyWhenGridNeedsEnergyMinutes =461881
iGeneratingEnergyWhenGridNeedsEnergyMinutes =461881
iUsingEnergyWhenGridNeedsEnergyMinutes =116997
iGeneratingEnergyWhenGridHasExcessEnergyMinutes = 1773
iUsingEnergyWhenGridHasExcessEnergyMinutes = 322
iIdleWhenGridDoesNotNeedEnergyMinutes = 43985
iIdleWhenGridNeedsEnergyMinutes = 4108345
iEnergyPriceIsZeroMinutes = 240
harvester.getEnergyHarvestedAVAILABLEKilowattHours( ): 4898122.183333334
harvester.getEnergyHarvestedKilowattHours(): 1694240.2513903778
The y-int is 15
Energy harvested: 518426.63500002224
iGeneratingEnergyWhenGridNeedsEnergyMinutes =23442
iGeneratingEnergyWhenGridNeedsEnergyMinutes =23442
iUsingEnergyWhenGridNeedsEnergyMinutes =4313
iGeneratingEnergyWhenGridHasExcessEnergyMinutes = 517
iUsingEnergyWhenGridHasExcessEnergyMinutes = 37
iIdleWhenGridDoesNotNeedEnergyMinutes = 45526
iIdleWhenGridNeedsEnergyMinutes = 4659468
iEnergyPriceIsZeroMinutes = 240
harvester.getEnergyHarvestedAVAILABLEKilowattHours( ): 4898122.183333334
harvester.getEnergyHarvestedKilowattHours(): 518426.63500002224
The y-int is 25
Energy harvested: 8037.433333333333
iGeneratingEnergyWhenGridNeedsEnergyMinutes =171
iGeneratingEnergyWhenGridNeedsEnergyMinutes =171
iUsingEnergyWhenGridNeedsEnergyMinutes =1
iGeneratingEnergyWhenGridHasExcessEnergyMinutes = 0
iUsingEnergyWhenGridHasExcessEnergyMinutes = 0
iIdleWhenGridDoesNotNeedEnergyMinutes = 46080
iIdleWhenGridNeedsEnergyMinutes = 4687051
iEnergyPriceIsZeroMinutes = 240
harvester.getEnergyHarvestedAVAILABLEKilowattHours( ): 4898122.183333334
harvester.getEnergyHarvestedKilowattHours(): 8037.433333333333
The y-int is 35
Energy harvested: 0.0
iGeneratingEnergyWhenGridNeedsEnergyMinutes =0
iGeneratingEnergyWhenGridNeedsEnergyMinutes =0
iUsingEnergyWhenGridNeedsEnergyMinutes =1
iGeneratingEnergyWhenGridHasExcessEnergyMinutes = 0
iUsingEnergyWhenGridHasExcessEnergyMinutes = 0
iIdleWhenGridDoesNotNeedEnergyMinutes = 46080
iIdleWhenGridNeedsEnergyMinutes = 4687222
iEnergyPriceIsZeroMinutes = 240
harvester.getEnergyHarvestedAVAILABLEKilowattHours( ): 4898122.183333334
harvester.getEnergyHarvestedKilowattHours(): 0.0
The running average is 31
The y-int is 5
Energy harvested: 1793011.2375007211
iGeneratingEnergyWhenGridNeedsEnergyMinutes =494555
iGeneratingEnergyWhenGridNeedsEnergyMinutes =494555
iUsingEnergyWhenGridNeedsEnergyMinutes =55725
iGeneratingEnergyWhenGridHasExcessEnergyMinutes = 1789
iUsingEnergyWhenGridHasExcessEnergyMinutes = 235
iIdleWhenGridDoesNotNeedEnergyMinutes = 44056
iIdleWhenGridNeedsEnergyMinutes = 4136943
iEnergyPriceIsZeroMinutes = 240
harvester.getEnergyHarvestedAVAILABLEKilowattHours( ): 4898122.183333334
harvester.getEnergyHarvestedKilowattHours(): 1793011.2375007211
The y-int is 15
Energy harvested: 595230.0544444609
iGeneratingEnergyWhenGridNeedsEnergyMinutes =31986
iGeneratingEnergyWhenGridNeedsEnergyMinutes =31986
iUsingEnergyWhenGridNeedsEnergyMinutes =2714
iGeneratingEnergyWhenGridHasExcessEnergyMinutes = 658
iUsingEnergyWhenGridHasExcessEnergyMinutes = 21
iIdleWhenGridDoesNotNeedEnergyMinutes = 45401
iIdleWhenGridNeedsEnergyMinutes = 4652523
iEnergyPriceIsZeroMinutes = 240
harvester.getEnergyHarvestedAVAILABLEKilowattHours( ): 4898122.183333334
harvester.getEnergyHarvestedKilowattHours(): 595230.0544444609
The y-int is 25
Energy harvested: 7653.183333333333
iGeneratingEnergyWhenGridNeedsEnergyMinutes =175
iGeneratingEnergyWhenGridNeedsEnergyMinutes =175
iUsingEnergyWhenGridNeedsEnergyMinutes =1
iGeneratingEnergyWhenGridHasExcessEnergyMinutes = 0
iUsingEnergyWhenGridHasExcessEnergyMinutes = 0
iIdleWhenGridDoesNotNeedEnergyMinutes = 46080
iIdleWhenGridNeedsEnergyMinutes = 4687047
iEnergyPriceIsZeroMinutes = 240
harvester.getEnergyHarvestedAVAILABLEKilowattHours( ): 4898122.183333334
harvester.getEnergyHarvestedKilowattHours(): 7653.183333333333
The y-int is 35
Energy harvested: 0.0
iGeneratingEnergyWhenGridNeedsEnergyMinutes =0
iGeneratingEnergyWhenGridNeedsEnergyMinutes =0
iUsingEnergyWhenGridNeedsEnergyMinutes =1
iGeneratingEnergyWhenGridHasExcessEnergyMinutes = 0
iUsingEnergyWhenGridHasExcessEnergyMinutes = 0
iIdleWhenGridDoesNotNeedEnergyMinutes = 46080
iIdleWhenGridNeedsEnergyMinutes = 4687222
iEnergyPriceIsZeroMinutes = 240
harvester.getEnergyHarvestedAVAILABLEKilowattHours( ): 4898122.183333334
harvester.getEnergyHarvestedKilowattHours(): 0.0
The running average is 61
The y-int is 5
Energy harvested: 1808376.1044450046
iGeneratingEnergyWhenGridNeedsEnergyMinutes =497152
iGeneratingEnergyWhenGridNeedsEnergyMinutes =497152
iUsingEnergyWhenGridNeedsEnergyMinutes =43257
iGeneratingEnergyWhenGridHasExcessEnergyMinutes = 1764
iUsingEnergyWhenGridHasExcessEnergyMinutes = 199
iIdleWhenGridDoesNotNeedEnergyMinutes = 44117
iIdleWhenGridNeedsEnergyMinutes = 4146814
iEnergyPriceIsZeroMinutes = 240
harvester.getEnergyHarvestedAVAILABLEKilowattHours( ): 4898122.183333334
harvester.getEnergyHarvestedKilowattHours(): 1808376.1044450046
The y-int is 15
Energy harvested: 573673.1886111194
iGeneratingEnergyWhenGridNeedsEnergyMinutes =31892
iGeneratingEnergyWhenGridNeedsEnergyMinutes =31892
iUsingEnergyWhenGridNeedsEnergyMinutes =1315
iGeneratingEnergyWhenGridHasExcessEnergyMinutes = 662
iUsingEnergyWhenGridHasExcessEnergyMinutes = 17
iIdleWhenGridDoesNotNeedEnergyMinutes = 45401
iIdleWhenGridNeedsEnergyMinutes = 4654016
iEnergyPriceIsZeroMinutes = 240
harvester.getEnergyHarvestedAVAILABLEKilowattHours( ): 4898122.183333334
harvester.getEnergyHarvestedKilowattHours(): 573673.1886111194
The y-int is 25
Energy harvested: 4198.449722222223
iGeneratingEnergyWhenGridNeedsEnergyMinutes =96
iGeneratingEnergyWhenGridNeedsEnergyMinutes =96
iUsingEnergyWhenGridNeedsEnergyMinutes =2
iGeneratingEnergyWhenGridHasExcessEnergyMinutes = 0
iUsingEnergyWhenGridHasExcessEnergyMinutes = 0
iIdleWhenGridDoesNotNeedEnergyMinutes = 46080
iIdleWhenGridNeedsEnergyMinutes = 4687125
iEnergyPriceIsZeroMinutes = 240
harvester.getEnergyHarvestedAVAILABLEKilowattHours( ): 4898122.183333334
harvester.getEnergyHarvestedKilowattHours(): 4198.449722222223
The y-int is 35
Energy harvested: 0.0
iGeneratingEnergyWhenGridNeedsEnergyMinutes =0
iGeneratingEnergyWhenGridNeedsEnergyMinutes =0
iUsingEnergyWhenGridNeedsEnergyMinutes =1
iGeneratingEnergyWhenGridHasExcessEnergyMinutes = 0
iUsingEnergyWhenGridHasExcessEnergyMinutes = 0
iIdleWhenGridDoesNotNeedEnergyMinutes = 46080
iIdleWhenGridNeedsEnergyMinutes = 4687222
iEnergyPriceIsZeroMinutes = 240
harvester.getEnergyHarvestedAVAILABLEKilowattHours( ): 4898122.183333334
harvester.getEnergyHarvestedKilowattHours(): 0.0
The running average is 91
The y-int is 5
Energy harvested: 1818702.4013894035
iGeneratingEnergyWhenGridNeedsEnergyMinutes =494663
iGeneratingEnergyWhenGridNeedsEnergyMinutes =494663
iUsingEnergyWhenGridNeedsEnergyMinutes =39135
iGeneratingEnergyWhenGridHasExcessEnergyMinutes = 1790
iUsingEnergyWhenGridHasExcessEnergyMinutes = 130
iIdleWhenGridDoesNotNeedEnergyMinutes = 44160
iIdleWhenGridNeedsEnergyMinutes = 4153425
iEnergyPriceIsZeroMinutes = 240
harvester.getEnergyHarvestedAVAILABLEKilowattHours( ): 4898122.183333334
harvester.getEnergyHarvestedKilowattHours(): 1818702.4013894035
The y-int is 15
Energy harvested: 551329.9355555602
iGeneratingEnergyWhenGridNeedsEnergyMinutes =31108
iGeneratingEnergyWhenGridNeedsEnergyMinutes =31108
iUsingEnergyWhenGridNeedsEnergyMinutes =969
iGeneratingEnergyWhenGridHasExcessEnergyMinutes = 690
iUsingEnergyWhenGridHasExcessEnergyMinutes = 0
iIdleWhenGridDoesNotNeedEnergyMinutes = 45390
iIdleWhenGridNeedsEnergyMinutes = 4655146
iEnergyPriceIsZeroMinutes = 240
harvester.getEnergyHarvestedAVAILABLEKilowattHours( ): 4898122.183333334
harvester.getEnergyHarvestedKilowattHours(): 551329.9355555602
The y-int is 25
Energy harvested: 1981.9
iGeneratingEnergyWhenGridNeedsEnergyMinutes =48
iGeneratingEnergyWhenGridNeedsEnergyMinutes =48
iUsingEnergyWhenGridNeedsEnergyMinutes =1
iGeneratingEnergyWhenGridHasExcessEnergyMinutes = 0
iUsingEnergyWhenGridHasExcessEnergyMinutes = 0
iIdleWhenGridDoesNotNeedEnergyMinutes = 46080
iIdleWhenGridNeedsEnergyMinutes = 4687174
iEnergyPriceIsZeroMinutes = 240
harvester.getEnergyHarvestedAVAILABLEKilowattHours( ): 4898122.183333334
harvester.getEnergyHarvestedKilowattHours(): 1981.9
The y-int is 35
Energy harvested: 0.0
iGeneratingEnergyWhenGridNeedsEnergyMinutes =0
iGeneratingEnergyWhenGridNeedsEnergyMinutes =0
iUsingEnergyWhenGridNeedsEnergyMinutes =1
iGeneratingEnergyWhenGridHasExcessEnergyMinutes = 0
iUsingEnergyWhenGridHasExcessEnergyMinutes = 0
iIdleWhenGridDoesNotNeedEnergyMinutes = 46080
iIdleWhenGridNeedsEnergyMinutes = 4687222
iEnergyPriceIsZeroMinutes = 240
harvester.getEnergyHarvestedAVAILABLEKilowattHours( ): 4898122.183333334
harvester.getEnergyHarvestedKilowattHours(): 0.0
The running average is 121
The y-int is 5
Energy harvested: 1819041.8600004853
iGeneratingEnergyWhenGridNeedsEnergyMinutes =491048
iGeneratingEnergyWhenGridNeedsEnergyMinutes =491048
iUsingEnergyWhenGridNeedsEnergyMinutes =36440
iGeneratingEnergyWhenGridHasExcessEnergyMinutes = 1790
iUsingEnergyWhenGridHasExcessEnergyMinutes = 125
iIdleWhenGridDoesNotNeedEnergyMinutes = 44165
iIdleWhenGridNeedsEnergyMinutes = 4159735
iEnergyPriceIsZeroMinutes = 240
harvester.getEnergyHarvestedAVAILABLEKilowattHours( ): 4898122.183333334
harvester.getEnergyHarvestedKilowattHours(): 1819041.8600004853
The y-int is 15
Energy harvested: 519375.6197222266
iGeneratingEnergyWhenGridNeedsEnergyMinutes =29601
iGeneratingEnergyWhenGridNeedsEnergyMinutes =29601
iUsingEnergyWhenGridNeedsEnergyMinutes =655
iGeneratingEnergyWhenGridHasExcessEnergyMinutes = 681
iUsingEnergyWhenGridHasExcessEnergyMinutes = 5
iIdleWhenGridDoesNotNeedEnergyMinutes = 45394
iIdleWhenGridNeedsEnergyMinutes = 4656967
iEnergyPriceIsZeroMinutes = 240
harvester.getEnergyHarvestedAVAILABLEKilowattHours( ): 4898122.183333334
harvester.getEnergyHarvestedKilowattHours(): 519375.6197222266
The y-int is 25
Energy harvested: 0.0
iGeneratingEnergyWhenGridNeedsEnergyMinutes =0
iGeneratingEnergyWhenGridNeedsEnergyMinutes =0
iUsingEnergyWhenGridNeedsEnergyMinutes =1
iGeneratingEnergyWhenGridHasExcessEnergyMinutes = 0
iUsingEnergyWhenGridHasExcessEnergyMinutes = 0
iIdleWhenGridDoesNotNeedEnergyMinutes = 46080
iIdleWhenGridNeedsEnergyMinutes = 4687222
iEnergyPriceIsZeroMinutes = 240
harvester.getEnergyHarvestedAVAILABLEKilowattHours( ): 4898122.183333334
harvester.getEnergyHarvestedKilowattHours(): 0.0
The y-int is 35
Energy harvested: 0.0
iGeneratingEnergyWhenGridNeedsEnergyMinutes =0
iGeneratingEnergyWhenGridNeedsEnergyMinutes =0
iUsingEnergyWhenGridNeedsEnergyMinutes =0
iGeneratingEnergyWhenGridHasExcessEnergyMinutes = 0
iUsingEnergyWhenGridHasExcessEnergyMinutes = 0
iIdleWhenGridDoesNotNeedEnergyMinutes = 46080
iIdleWhenGridNeedsEnergyMinutes = 4687223
iEnergyPriceIsZeroMinutes = 240
harvester.getEnergyHarvestedAVAILABLEKilowattHours( ): 4898122.183333334
harvester.getEnergyHarvestedKilowattHours(): 0.0
Beginning testing mode:
station,&,y_intercept_for_month_1,&,running_average_size_minutes_for_month_1,&,y_intercept_for_month_2,&,running_average_size_minutes_for_month_2,&,y_intercept_for_month_3,&,running_average_size_minutes_for_month_3,&,y_intercept_for_month_4,&,running_average_size_minutes_for_month_4,&,y_intercept_for_month_5,&,running_average_size_minutes_for_month_5,&,y_intercept_for_month_6,&,running_average_size_minutes_for_month_6,&,y_intercept_for_month_7,&,running_average_size_minutes_for_month_7,&,y_intercept_for_month_8,&,running_average_size_minutes_for_month_8,&,y_intercept_for_month_9,&,running_average_size_minutes_for_month_9,&,y_intercept_for_month_10,&,running_average_size_minutes_for_month_10,&,y_intercept_for_month_11,&,running_average_size_minutes_for_month_11,&,y_intercept_for_month_12,&,running_average_size_minutes_for_month_12,&,dNetNorm,&,dMarketBalancePercentage,&,dMarketNetNorm,
results: KCLT,&,5,&,121,&,5,&,121,&,5,&,121,&,5,&,121,&,5,&,121,&,5,&,121,&,5,&,121,&,5,&,121,&,5,&,121,&,5,&,121,&,5,&,121,&,5,&,121,&,0.3830279791086725,&,0.9054355786578069,&,0.3468071599063912
monthly visible minutes:KCLT,&,2013,&,8672,&,8672,&,8672,&,8658,&,8672,&,8672,&,8672,&,8672,&,8672,&,8672,&,8672,&,8672,&,
monthly visible minutes:KCLT,&,2014,&,8672,&,8672,&,8672,&,8672,&,8672,&,8672,&,8672,&,8672,&,8672,&,8672,&,8672,&,8672,&,
monthly minutes harvester between states:KCLT,&,2013,&,912,&,646,&,646,&,619,&,494,&,570,&,722,&,570,&,836,&,570,&,760,&,646,&,
monthly minutes harvester between states:KCLT,&,2014,&,778,&,532,&,608,&,570,&,608,&,570,&,646,&,798,&,722,&,537,&,722,&,838,&,
station,&,y_intercept_for_month_1,&,running_average_size_minutes_for_month_1,&,y_intercept_for_month_2,&,running_average_size_minutes_for_month_2,&,y_intercept_for_month_3,&,running_average_size_minutes_for_month_3,&,y_intercept_for_month_4,&,running_average_size_minutes_for_month_4,&,y_intercept_for_month_5,&,running_average_size_minutes_for_month_5,&,y_intercept_for_month_6,&,running_average_size_minutes_for_month_6,&,y_intercept_for_month_7,&,running_average_size_minutes_for_month_7,&,y_intercept_for_month_8,&,running_average_size_minutes_for_month_8,&,y_intercept_for_month_9,&,running_average_size_minutes_for_month_9,&,y_intercept_for_month_10,&,running_average_size_minutes_for_month_10,&,y_intercept_for_month_11,&,running_average_size_minutes_for_month_11,&,y_intercept_for_month_12,&,running_average_size_minutes_for_month_12,&,dNetNorm,&,dMarketBalancePercentage,&,dMarketNetNorm,
results: KCLT,&,5,&,121,&,5,&,121,&,5,&,121,&,5,&,121,&,5,&,121,&,5,&,121,&,5,&,121,&,5,&,121,&,5,&,121,&,5,&,121,&,5,&,121,&,5,&,121,&,0.3830279791086725,&,0.905426647375096,&,0.34680373897522365
monthly visible minutes:KCLT,&,2013,&,8672,&,8672,&,8672,&,8658,&,8672,&,8672,&,8672,&,8672,&,8672,&,8672,&,8672,&,8672,&,
monthly visible minutes:KCLT,&,2014,&,8672,&,8672,&,8672,&,8672,&,8672,&,8672,&,8672,&,8672,&,8672,&,8672,&,8672,&,8672,&,
monthly minutes harvester between states:KCLT,&,2013,&,912,&,646,&,646,&,619,&,494,&,570,&,722,&,570,&,836,&,570,&,760,&,646,&,
monthly minutes harvester between states:KCLT,&,2014,&,778,&,532,&,608,&,570,&,608,&,570,&,646,&,798,&,722,&,537,&,722,&,838,&,
Station: KCVG
abc: The current path is /home/guy/retractable-wind
I have found the property file.
The training windspeed filename is /trainingKCVG2004-2012in.csv
The testing windspeed filename is /testingKCVG2013-2014in.csv
Yes, the station is KCVG
Warning: The bAlsoUsePrediction no longer has any effect
iUsedAllItsAllocatedVisibilityMinutesPerMonth: 8760
Visibility Allocation Minutes:8760
HARVESTER_SIZE_SQM is 6362
Reading file
Success: /Wind turbine power curves - wind turbine power output against wind speed in knots.csv found.
Speed (Knots) = Speed(knots) vs power (kW) , Power (kW) =V90
Speed (Knots) = 0 , Power (kW) =0
Speed (Knots) = 1 , Power (kW) =0
Speed (Knots) = 2 , Power (kW) =0
Speed (Knots) = 3 , Power (kW) =0
Speed (Knots) = 4 , Power (kW) =0
Speed (Knots) = 5 , Power (kW) =0
Speed (Knots) = 6 , Power (kW) =0
Speed (Knots) = 7 , Power (kW) =38
Speed (Knots) = 8 , Power (kW) =87
Speed (Knots) = 9 , Power (kW) =141
Speed (Knots) = 10 , Power (kW) =207
Speed (Knots) = 11 , Power (kW) =286
Speed (Knots) = 12 , Power (kW) =382
Speed (Knots) = 13 , Power (kW) =496
Speed (Knots) = 14 , Power (kW) =628
Speed (Knots) = 15 , Power (kW) =781
Speed (Knots) = 16 , Power (kW) =957
Speed (Knots) = 17 , Power (kW) =1153
Speed (Knots) = 18 , Power (kW) =1366
Speed (Knots) = 19 , Power (kW) =1589
Speed (Knots) = 20 , Power (kW) =1814
Speed (Knots) = 21 , Power (kW) =2035
Speed (Knots) = 22 , Power (kW) =2250
Speed (Knots) = 23 , Power (kW) =2452
Speed (Knots) = 24 , Power (kW) =2634
Speed (Knots) = 25 , Power (kW) =2784
Speed (Knots) = 26 , Power (kW) =2888
Speed (Knots) = 27 , Power (kW) =2949
Speed (Knots) = 28 , Power (kW) =2980
Speed (Knots) = 29 , Power (kW) =2993
Speed (Knots) = 30 , Power (kW) =3000
Speed (Knots) = 31 , Power (kW) =3000
Speed (Knots) = 32 , Power (kW) =3000
Speed (Knots) = 33 , Power (kW) =3000
Speed (Knots) = 34 , Power (kW) =3000
Speed (Knots) = 35 , Power (kW) =3000
Speed (Knots) = 36 , Power (kW) =3000
Speed (Knots) = 37 , Power (kW) =3000
Speed (Knots) = 38 , Power (kW) =3000
Speed (Knots) = 39 , Power (kW) =3000
Speed (Knots) = 40 , Power (kW) =3000
Speed (Knots) = 41 , Power (kW) =3000
Speed (Knots) = 42 , Power (kW) =3000
Speed (Knots) = 43 , Power (kW) =3000
Speed (Knots) = 44 , Power (kW) =3000
Speed (Knots) = 45 , Power (kW) =3000
Speed (Knots) = 46 , Power (kW) =3000
Speed (Knots) = 47 , Power (kW) =3000
Speed (Knots) = 48 , Power (kW) =3000
Speed (Knots) = 49 , Power (kW) =0
Speed (Knots) = 50 , Power (kW) =0
Speed (Knots) = 51 , Power (kW) =0
Speed (Knots) = 52 , Power (kW) =0
Speed (Knots) = 53 , Power (kW) =0
Speed (Knots) = 54 , Power (kW) =0
Speed (Knots) = 55 , Power (kW) =0
Speed (Knots) = 56 , Power (kW) =0
Speed (Knots) = 57 , Power (kW) =0
Speed (Knots) = 58 , Power (kW) =0
Speed (Knots) = 59 , Power (kW) =0
Speed (Knots) = 60 , Power (kW) =0
The scale is 1.0
Wind power at 10 knots in kilowatts is 207.0
Wind power in-cut-out test 0.0
Class name:edu.pitt.cs.people.guy.wind.benchmarks.Static
Success: /Noise_Allowed_Time_Definitions_All_Stations.csv found.
The station is the record is KCVG
Success: /Noise_Allowed_Time_Definitions_All_Stations.csv found.
The station is the record is KCVG
I have found the membership file for NOT WINDY.
Windspeed (knots) [0,1), Membership Value =1.00000000,1.0
Windspeed (knots) [1,2), Membership Value =0.99993104,0.99993104
Windspeed (knots) [2,3), Membership Value =0.99910231,0.9991023
Windspeed (knots) [3,4), Membership Value =0.99547484,0.9954748
Windspeed (knots) [4,5), Membership Value =0.98504723,0.9850472
Windspeed (knots) [5,6), Membership Value =0.96273147,0.9627315
Windspeed (knots) [6,7), Membership Value =0.92411764,0.9241176
Windspeed (knots) [7,8), Membership Value =0.86470912,0.86470914
Windspeed (knots) [8,9), Membership Value =0.79230455,0.7923046
Windspeed (knots) [9,10), Membership Value =0.70498803,0.704988
Windspeed (knots) [10,11), Membership Value =0.60762089,0.6076209
Windspeed (knots) [11,12), Membership Value =0.50467934,0.5046793
Windspeed (knots) [12,13), Membership Value =0.40151416,0.40151417
Windspeed (knots) [13,14), Membership Value =0.30164158,0.30164158
Windspeed (knots) [14,15), Membership Value =0.21096897,0.21096897
Windspeed (knots) [15,16), Membership Value =0.12823072,0.12823072
Windspeed (knots) [16,17), Membership Value =0.05359591,0.05359591
Windspeed (knots) [17,18), Membership Value =0.00000000,0.0
Windspeed (knots) [18,19), Membership Value =0.00000000,0.0
Windspeed (knots) [19,20), Membership Value =0.00000000,0.0
Windspeed (knots) [20,21), Membership Value =0.00000000,0.0
Windspeed (knots) [21,22), Membership Value =0.00000000,0.0
Windspeed (knots) [22,23), Membership Value =0.00000000,0.0
Windspeed (knots) [23,24), Membership Value =0.00000000,0.0
Windspeed (knots) [24,25), Membership Value =0.00000000,0.0
Windspeed (knots) [25,26), Membership Value =0.00000000,0.0
Windspeed (knots) [26,27), Membership Value =0.00000000,0.0
Windspeed (knots) [27,28), Membership Value =0.00000000,0.0
Windspeed (knots) [28,29), Membership Value =0.00000000,0.0
Windspeed (knots) [29,30), Membership Value =0.00000000,0.0
Windspeed (knots) [30,31), Membership Value =0.00000000,0.0
Windspeed (knots) [31,32), Membership Value =0.00000000,0.0
Windspeed (knots) [32,33), Membership Value =0.00000000,0.0
Windspeed (knots) [33,34), Membership Value =0.00000000,0.0
Windspeed (knots) [34,35), Membership Value =0.00000000,0.0
Windspeed (knots) [35,36), Membership Value =0.00000000,0.0
Windspeed (knots) [36,37), Membership Value =0.00000000,0.0
Windspeed (knots) [37,38), Membership Value =0.00000000,0.0
Windspeed (knots) [38,39), Membership Value =0.00000000,0.0
Windspeed (knots) [39,40), Membership Value =0.00000000,0.0
Windspeed (knots) [40,41), Membership Value =0.00000000,0.0
Windspeed (knots) [41,42), Membership Value =0.00000000,0.0
Windspeed (knots) [42,43), Membership Value =0.00000000,0.0
Windspeed (knots) [43,44), Membership Value =0.00000000,0.0
Windspeed (knots) [44,45), Membership Value =0.00000000,0.0
Windspeed (knots) [45,46), Membership Value =0.00000000,0.0
Windspeed (knots) [46,47), Membership Value =0.00000000,0.0
Windspeed (knots) [47,48), Membership Value =0.00000000,0.0
Windspeed (knots) [48,49), Membership Value =0.00000000,0.0
Windspeed (knots) [49,50), Membership Value =0.00000000,0.0
Windspeed (knots) [50,51), Membership Value =0.00000000,0.0
Windspeed (knots) [51,52), Membership Value =0.00000000,0.0
Windspeed (knots) [52,53), Membership Value =0.00000000,0.0
Windspeed (knots) [53,54), Membership Value =0.00000000,0.0
Windspeed (knots) [54,55), Membership Value =0.00000000,0.0
Windspeed (knots) [55,56), Membership Value =0.00000000,0.0
Windspeed (knots) [56,57), Membership Value =0.00000000,0.0
Windspeed (knots) [57,58), Membership Value =0.00000000,0.0
Windspeed (knots) [58,59), Membership Value =0.00000000,0.0
Windspeed (knots) [59,60), Membership Value =0.00000000,0.0
Windspeed (knots) [60,61), Membership Value =0.00000000,0.0
Windspeed (knots) [61,62), Membership Value =0.00000000,0.0
Windspeed (knots) [62,63), Membership Value =0.00000000,0.0
Windspeed (knots) [63,64), Membership Value =0.00000000,0.0
Windspeed (knots) [64,65), Membership Value =0.00000000,0.0
Windspeed (knots) [65,66), Membership Value =0.00000000,0.0
Windspeed (knots) [66,67), Membership Value =0.00000000,0.0
Windspeed (knots) [67,68), Membership Value =0.00000000,0.0
Windspeed (knots) [68,69), Membership Value =0.00000000,0.0
Windspeed (knots) [69,70), Membership Value =0.00000000,0.0
Windspeed (knots) [70,71), Membership Value =0.00000000,0.0
Windspeed (knots) [71,72), Membership Value =0.00000000,0.0
Windspeed (knots) [72,73), Membership Value =0.00000000,0.0
Windspeed (knots) [73,74), Membership Value =0.00000000,0.0
Windspeed (knots) [74,75), Membership Value =0.00000000,0.0
Windspeed (knots) [75,76), Membership Value =0.00000000,0.0
Windspeed (knots) [76,77), Membership Value =0.00000000,0.0
Windspeed (knots) [77,78), Membership Value =0.00000000,0.0
Windspeed (knots) [78,79), Membership Value =0.00000000,0.0
Windspeed (knots) [79,80), Membership Value =0.00000000,0.0
Windspeed (knots) [80,81), Membership Value =0.00000000,0.0
Windspeed (knots) [81,82), Membership Value =0.00000000,0.0
Windspeed (knots) [82,83), Membership Value =0.00000000,0.0
Windspeed (knots) [83,84), Membership Value =0.00000000,0.0
Windspeed (knots) [84,85), Membership Value =0.00000000,0.0
Windspeed (knots) [85,86), Membership Value =0.00000000,0.0
Windspeed (knots) [86,87), Membership Value =0.00000000,0.0
Windspeed (knots) [87,88), Membership Value =0.00000000,0.0
Windspeed (knots) [88,89), Membership Value =0.00000000,0.0
Windspeed (knots) [89,90), Membership Value =0.00000000,0.0
Windspeed (knots) [90,91), Membership Value =0.00000000,0.0
Windspeed (knots) [91,92), Membership Value =0.00000000,0.0
Windspeed (knots) [92,93), Membership Value =0.00000000,0.0
Windspeed (knots) [93,94), Membership Value =0.00000000,0.0
Windspeed (knots) [94,95), Membership Value =0.00000000,0.0
Windspeed (knots) [95,96), Membership Value =0.00000000,0.0
Windspeed (knots) [96,97), Membership Value =0.00000000,0.0
Windspeed (knots) [97,98), Membership Value =0.00000000,0.0
Windspeed (knots) [98,99), Membership Value =0.00000000,0.0
Windspeed (knots) [99,100), Membership Value =0.00000000,0.0
Windspeed (knots) [100,101), Membership Value =0.00000000,0.0
Windspeed (knots) [101,102), Membership Value =0.00000000,0.0
Windspeed (knots) [102,103), Membership Value =0.00000000,0.0
Windspeed (knots) [103,104), Membership Value =0.00000000,0.0
Windspeed (knots) [104,105), Membership Value =0.00000000,0.0
Windspeed (knots) [105,106), Membership Value =0.00000000,0.0
Windspeed (knots) [106,107), Membership Value =0.00000000,0.0
Windspeed (knots) [107,108), Membership Value =0.00000000,0.0
Windspeed (knots) [108,109), Membership Value =0.00000000,0.0
Windspeed (knots) [109,110), Membership Value =0.00000000,0.0
Windspeed (knots) [110,111), Membership Value =0.00000000,0.0
Windspeed (knots) [111,112), Membership Value =0.00000000,0.0
Windspeed (knots) [112,113), Membership Value =0.00000000,0.0
Windspeed (knots) [113,114), Membership Value =0.00000000,0.0
Windspeed (knots) [114,115), Membership Value =0.00000000,0.0
Windspeed (knots) [115,116), Membership Value =0.00000000,0.0
Windspeed (knots) [116,117), Membership Value =0.00000000,0.0
Windspeed (knots) [117,118), Membership Value =0.00000000,0.0
Windspeed (knots) [118,119), Membership Value =0.00000000,0.0
Windspeed (knots) [119,120), Membership Value =0.00000000,0.0
Windspeed (knots) [120,121), Membership Value =0.00000000,0.0
Windspeed (knots) [121,122), Membership Value =0.00000000,0.0
Windspeed (knots) [122,123), Membership Value =0.00000000,0.0
Windspeed (knots) [123,124), Membership Value =0.00000000,0.0
Windspeed (knots) [124,125), Membership Value =0.00000000,0.0
LowestWindspeedThatIsWindyKnots for station KCVG is 7 knots.
Transition limited :false
bUseWeatherPrediction:false
The running average is 1
The y-int is 7
Energy harvested: 4075296.0877659232
iGeneratingEnergyWhenGridNeedsEnergyMinutes =682179
iGeneratingEnergyWhenGridNeedsEnergyMinutes =682179
iUsingEnergyWhenGridNeedsEnergyMinutes =105569
iGeneratingEnergyWhenGridHasExcessEnergyMinutes = 1788
iUsingEnergyWhenGridHasExcessEnergyMinutes = 360
iIdleWhenGridDoesNotNeedEnergyMinutes = 43932
iIdleWhenGridNeedsEnergyMinutes = 3899472
iEnergyPriceIsZeroMinutes = 240
harvester.getEnergyHarvestedAVAILABLEKilowattHours( ): 1.1543897016666668E7
harvester.getEnergyHarvestedKilowattHours(): 4075296.0877659232
The y-int is 17
Energy harvested: 1174578.9
iGeneratingEnergyWhenGridNeedsEnergyMinutes =40328
iGeneratingEnergyWhenGridNeedsEnergyMinutes =40328
iUsingEnergyWhenGridNeedsEnergyMinutes =1
iGeneratingEnergyWhenGridHasExcessEnergyMinutes = 51
iUsingEnergyWhenGridHasExcessEnergyMinutes = 0
iIdleWhenGridDoesNotNeedEnergyMinutes = 46029
iIdleWhenGridNeedsEnergyMinutes = 4646891
iEnergyPriceIsZeroMinutes = 240
harvester.getEnergyHarvestedAVAILABLEKilowattHours( ): 1.1543897016666668E7
harvester.getEnergyHarvestedKilowattHours(): 1174578.9
The y-int is 27
Energy harvested: 12696.816666666668
iGeneratingEnergyWhenGridNeedsEnergyMinutes =255
iGeneratingEnergyWhenGridNeedsEnergyMinutes =255
iUsingEnergyWhenGridNeedsEnergyMinutes =1
iGeneratingEnergyWhenGridHasExcessEnergyMinutes = 0
iUsingEnergyWhenGridHasExcessEnergyMinutes = 0
iIdleWhenGridDoesNotNeedEnergyMinutes = 46080
iIdleWhenGridNeedsEnergyMinutes = 4686964
iEnergyPriceIsZeroMinutes = 240
harvester.getEnergyHarvestedAVAILABLEKilowattHours( ): 1.1543897016666668E7
harvester.getEnergyHarvestedKilowattHours(): 12696.816666666668
The y-int is 37
Energy harvested: 0.0
iGeneratingEnergyWhenGridNeedsEnergyMinutes =0
iGeneratingEnergyWhenGridNeedsEnergyMinutes =0
iUsingEnergyWhenGridNeedsEnergyMinutes =1
iGeneratingEnergyWhenGridHasExcessEnergyMinutes = 0
iUsingEnergyWhenGridHasExcessEnergyMinutes = 0
iIdleWhenGridDoesNotNeedEnergyMinutes = 46080
iIdleWhenGridNeedsEnergyMinutes = 4687219
iEnergyPriceIsZeroMinutes = 240
harvester.getEnergyHarvestedAVAILABLEKilowattHours( ): 1.1543897016666668E7
harvester.getEnergyHarvestedKilowattHours(): 0.0
The running average is 31
The y-int is 7
Energy harvested: 4277612.26804966
iGeneratingEnergyWhenGridNeedsEnergyMinutes =736029
iGeneratingEnergyWhenGridNeedsEnergyMinutes =736029
iUsingEnergyWhenGridNeedsEnergyMinutes =52192
iGeneratingEnergyWhenGridHasExcessEnergyMinutes = 2018
iUsingEnergyWhenGridHasExcessEnergyMinutes = 148
iIdleWhenGridDoesNotNeedEnergyMinutes = 43914
iIdleWhenGridNeedsEnergyMinutes = 3898999
iEnergyPriceIsZeroMinutes = 240
harvester.getEnergyHarvestedAVAILABLEKilowattHours( ): 1.1543897016666668E7
harvester.getEnergyHarvestedKilowattHours(): 4277612.26804966
The y-int is 17
Energy harvested: 1388488.3852777989
iGeneratingEnergyWhenGridNeedsEnergyMinutes =55482
iGeneratingEnergyWhenGridNeedsEnergyMinutes =55482
iUsingEnergyWhenGridNeedsEnergyMinutes =1517
iGeneratingEnergyWhenGridHasExcessEnergyMinutes = 72
iUsingEnergyWhenGridHasExcessEnergyMinutes = 4
iIdleWhenGridDoesNotNeedEnergyMinutes = 46004
iIdleWhenGridNeedsEnergyMinutes = 4630221
iEnergyPriceIsZeroMinutes = 240
harvester.getEnergyHarvestedAVAILABLEKilowattHours( ): 1.1543897016666668E7
harvester.getEnergyHarvestedKilowattHours(): 1388488.3852777989
The y-int is 27
Energy harvested: 17862.882500000003
iGeneratingEnergyWhenGridNeedsEnergyMinutes =375
iGeneratingEnergyWhenGridNeedsEnergyMinutes =375
iUsingEnergyWhenGridNeedsEnergyMinutes =4
iGeneratingEnergyWhenGridHasExcessEnergyMinutes = 0
iUsingEnergyWhenGridHasExcessEnergyMinutes = 0
iIdleWhenGridDoesNotNeedEnergyMinutes = 46080
iIdleWhenGridNeedsEnergyMinutes = 4686841
iEnergyPriceIsZeroMinutes = 240
harvester.getEnergyHarvestedAVAILABLEKilowattHours( ): 1.1543897016666668E7
harvester.getEnergyHarvestedKilowattHours(): 17862.882500000003
The y-int is 37
Energy harvested: 0.0
iGeneratingEnergyWhenGridNeedsEnergyMinutes =0
iGeneratingEnergyWhenGridNeedsEnergyMinutes =0
iUsingEnergyWhenGridNeedsEnergyMinutes =1
iGeneratingEnergyWhenGridHasExcessEnergyMinutes = 0
iUsingEnergyWhenGridHasExcessEnergyMinutes = 0
iIdleWhenGridDoesNotNeedEnergyMinutes = 46080
iIdleWhenGridNeedsEnergyMinutes = 4687219
iEnergyPriceIsZeroMinutes = 240
harvester.getEnergyHarvestedAVAILABLEKilowattHours( ): 1.1543897016666668E7
harvester.getEnergyHarvestedKilowattHours(): 0.0
The running average is 61
The y-int is 7
Energy harvested: 4323481.89443977
iGeneratingEnergyWhenGridNeedsEnergyMinutes =739197
iGeneratingEnergyWhenGridNeedsEnergyMinutes =739197
iUsingEnergyWhenGridNeedsEnergyMinutes =40731
iGeneratingEnergyWhenGridHasExcessEnergyMinutes = 2071
iUsingEnergyWhenGridHasExcessEnergyMinutes = 130
iIdleWhenGridDoesNotNeedEnergyMinutes = 43879
iIdleWhenGridNeedsEnergyMinutes = 3907292
iEnergyPriceIsZeroMinutes = 240
harvester.getEnergyHarvestedAVAILABLEKilowattHours( ): 1.1543897016666668E7
harvester.getEnergyHarvestedKilowattHours(): 4323481.89443977
The y-int is 17
Energy harvested: 1360887.2227777885
iGeneratingEnergyWhenGridNeedsEnergyMinutes =55871
iGeneratingEnergyWhenGridNeedsEnergyMinutes =55871
iUsingEnergyWhenGridNeedsEnergyMinutes =767
iGeneratingEnergyWhenGridHasExcessEnergyMinutes = 152
iUsingEnergyWhenGridHasExcessEnergyMinutes = 0
iIdleWhenGridDoesNotNeedEnergyMinutes = 45928
iIdleWhenGridNeedsEnergyMinutes = 4630582
iEnergyPriceIsZeroMinutes = 240
harvester.getEnergyHarvestedAVAILABLEKilowattHours( ): 1.1543897016666668E7
harvester.getEnergyHarvestedKilowattHours(): 1360887.2227777885
The y-int is 27
Energy harvested: 13118.3
iGeneratingEnergyWhenGridNeedsEnergyMinutes =279
iGeneratingEnergyWhenGridNeedsEnergyMinutes =279
iUsingEnergyWhenGridNeedsEnergyMinutes =1
iGeneratingEnergyWhenGridHasExcessEnergyMinutes = 0
iUsingEnergyWhenGridHasExcessEnergyMinutes = 0
iIdleWhenGridDoesNotNeedEnergyMinutes = 46080
iIdleWhenGridNeedsEnergyMinutes = 4686940
iEnergyPriceIsZeroMinutes = 240
harvester.getEnergyHarvestedAVAILABLEKilowattHours( ): 1.1543897016666668E7
harvester.getEnergyHarvestedKilowattHours(): 13118.3
The y-int is 37
Energy harvested: 0.0
iGeneratingEnergyWhenGridNeedsEnergyMinutes =0
iGeneratingEnergyWhenGridNeedsEnergyMinutes =0
iUsingEnergyWhenGridNeedsEnergyMinutes =1
iGeneratingEnergyWhenGridHasExcessEnergyMinutes = 0
iUsingEnergyWhenGridHasExcessEnergyMinutes = 0
iIdleWhenGridDoesNotNeedEnergyMinutes = 46080
iIdleWhenGridNeedsEnergyMinutes = 4687219
iEnergyPriceIsZeroMinutes = 240
harvester.getEnergyHarvestedAVAILABLEKilowattHours( ): 1.1543897016666668E7
harvester.getEnergyHarvestedKilowattHours(): 0.0
The running average is 91
The y-int is 7
Energy harvested: 4325773.076384695
iGeneratingEnergyWhenGridNeedsEnergyMinutes =733721
iGeneratingEnergyWhenGridNeedsEnergyMinutes =733721
iUsingEnergyWhenGridNeedsEnergyMinutes =36564
iGeneratingEnergyWhenGridHasExcessEnergyMinutes = 2088
iUsingEnergyWhenGridHasExcessEnergyMinutes = 114
iIdleWhenGridDoesNotNeedEnergyMinutes = 43878
iIdleWhenGridNeedsEnergyMinutes = 3916935
iEnergyPriceIsZeroMinutes = 240
harvester.getEnergyHarvestedAVAILABLEKilowattHours( ): 1.1543897016666668E7
harvester.getEnergyHarvestedKilowattHours(): 4325773.076384695
The y-int is 17
Energy harvested: 1305088.4366666737
iGeneratingEnergyWhenGridNeedsEnergyMinutes =54594
iGeneratingEnergyWhenGridNeedsEnergyMinutes =54594
iUsingEnergyWhenGridNeedsEnergyMinutes =497
iGeneratingEnergyWhenGridHasExcessEnergyMinutes = 155
iUsingEnergyWhenGridHasExcessEnergyMinutes = 0
iIdleWhenGridDoesNotNeedEnergyMinutes = 45925
iIdleWhenGridNeedsEnergyMinutes = 4632129
iEnergyPriceIsZeroMinutes = 240
harvester.getEnergyHarvestedAVAILABLEKilowattHours( ): 1.1543897016666668E7
harvester.getEnergyHarvestedKilowattHours(): 1305088.4366666737
The y-int is 27
Energy harvested: 11156.066666666668
iGeneratingEnergyWhenGridNeedsEnergyMinutes =241
iGeneratingEnergyWhenGridNeedsEnergyMinutes =241
iUsingEnergyWhenGridNeedsEnergyMinutes =1
iGeneratingEnergyWhenGridHasExcessEnergyMinutes = 0
iUsingEnergyWhenGridHasExcessEnergyMinutes = 0
iIdleWhenGridDoesNotNeedEnergyMinutes = 46080
iIdleWhenGridNeedsEnergyMinutes = 4686978
iEnergyPriceIsZeroMinutes = 240
harvester.getEnergyHarvestedAVAILABLEKilowattHours( ): 1.1543897016666668E7
harvester.getEnergyHarvestedKilowattHours(): 11156.066666666668
The y-int is 37
Energy harvested: 0.0
iGeneratingEnergyWhenGridNeedsEnergyMinutes =0
iGeneratingEnergyWhenGridNeedsEnergyMinutes =0
iUsingEnergyWhenGridNeedsEnergyMinutes =1
iGeneratingEnergyWhenGridHasExcessEnergyMinutes = 0
iUsingEnergyWhenGridHasExcessEnergyMinutes = 0
iIdleWhenGridDoesNotNeedEnergyMinutes = 46080
iIdleWhenGridNeedsEnergyMinutes = 4687219
iEnergyPriceIsZeroMinutes = 240
harvester.getEnergyHarvestedAVAILABLEKilowattHours( ): 1.1543897016666668E7
harvester.getEnergyHarvestedKilowattHours(): 0.0
The running average is 121
The y-int is 7
Energy harvested: 4325844.961662751
iGeneratingEnergyWhenGridNeedsEnergyMinutes =727934
iGeneratingEnergyWhenGridNeedsEnergyMinutes =727934
iUsingEnergyWhenGridNeedsEnergyMinutes =34133
iGeneratingEnergyWhenGridHasExcessEnergyMinutes = 2095
iUsingEnergyWhenGridHasExcessEnergyMinutes = 114
iIdleWhenGridDoesNotNeedEnergyMinutes = 43871
iIdleWhenGridNeedsEnergyMinutes = 3925153
iEnergyPriceIsZeroMinutes = 240
harvester.getEnergyHarvestedAVAILABLEKilowattHours( ): 1.1543897016666668E7
harvester.getEnergyHarvestedKilowattHours(): 4325844.961662751
The y-int is 17
Energy harvested: 1241663.4344444491
iGeneratingEnergyWhenGridNeedsEnergyMinutes =53009
iGeneratingEnergyWhenGridNeedsEnergyMinutes =53009
iUsingEnergyWhenGridNeedsEnergyMinutes =380
iGeneratingEnergyWhenGridHasExcessEnergyMinutes = 139
iUsingEnergyWhenGridHasExcessEnergyMinutes = 10
iIdleWhenGridDoesNotNeedEnergyMinutes = 45931
iIdleWhenGridNeedsEnergyMinutes = 4633831
iEnergyPriceIsZeroMinutes = 240
harvester.getEnergyHarvestedAVAILABLEKilowattHours( ): 1.1543897016666668E7
harvester.getEnergyHarvestedKilowattHours(): 1241663.4344444491
The y-int is 27
Energy harvested: 10134.5
iGeneratingEnergyWhenGridNeedsEnergyMinutes =229
iGeneratingEnergyWhenGridNeedsEnergyMinutes =229
iUsingEnergyWhenGridNeedsEnergyMinutes =1
iGeneratingEnergyWhenGridHasExcessEnergyMinutes = 0
iUsingEnergyWhenGridHasExcessEnergyMinutes = 0
iIdleWhenGridDoesNotNeedEnergyMinutes = 46080
iIdleWhenGridNeedsEnergyMinutes = 4686990
iEnergyPriceIsZeroMinutes = 240
harvester.getEnergyHarvestedAVAILABLEKilowattHours( ): 1.1543897016666668E7
harvester.getEnergyHarvestedKilowattHours(): 10134.5
The y-int is 37
Energy harvested: 0.0
iGeneratingEnergyWhenGridNeedsEnergyMinutes =0
iGeneratingEnergyWhenGridNeedsEnergyMinutes =0
iUsingEnergyWhenGridNeedsEnergyMinutes =1
iGeneratingEnergyWhenGridHasExcessEnergyMinutes = 0
iUsingEnergyWhenGridHasExcessEnergyMinutes = 0
iIdleWhenGridDoesNotNeedEnergyMinutes = 46080
iIdleWhenGridNeedsEnergyMinutes = 4687219
iEnergyPriceIsZeroMinutes = 240
harvester.getEnergyHarvestedAVAILABLEKilowattHours( ): 1.1543897016666668E7
harvester.getEnergyHarvestedKilowattHours(): 0.0
Beginning testing mode:
station,&,y_intercept_for_month_1,&,running_average_size_minutes_for_month_1,&,y_intercept_for_month_2,&,running_average_size_minutes_for_month_2,&,y_intercept_for_month_3,&,running_average_size_minutes_for_month_3,&,y_intercept_for_month_4,&,running_average_size_minutes_for_month_4,&,y_intercept_for_month_5,&,running_average_size_minutes_for_month_5,&,y_intercept_for_month_6,&,running_average_size_minutes_for_month_6,&,y_intercept_for_month_7,&,running_average_size_minutes_for_month_7,&,y_intercept_for_month_8,&,running_average_size_minutes_for_month_8,&,y_intercept_for_month_9,&,running_average_size_minutes_for_month_9,&,y_intercept_for_month_10,&,running_average_size_minutes_for_month_10,&,y_intercept_for_month_11,&,running_average_size_minutes_for_month_11,&,y_intercept_for_month_12,&,running_average_size_minutes_for_month_12,&,dNetNorm,&,dMarketBalancePercentage,&,dMarketNetNorm,
results: KCVG,&,7,&,121,&,7,&,121,&,7,&,121,&,7,&,121,&,7,&,121,&,7,&,121,&,7,&,121,&,7,&,121,&,7,&,121,&,7,&,121,&,7,&,121,&,7,&,121,&,0.3405297499069204,&,0.9175459036560204,&,0.3124516771001039
monthly visible minutes:KCVG,&,2013,&,8672,&,8670,&,8672,&,8672,&,8672,&,8672,&,8672,&,8672,&,8672,&,8672,&,8672,&,8672,&,
monthly visible minutes:KCVG,&,2014,&,8672,&,8672,&,8672,&,8672,&,8672,&,8672,&,8672,&,8672,&,8672,&,8672,&,8667,&,8672,&,
monthly minutes harvester between states:KCVG,&,2013,&,760,&,612,&,798,&,494,&,570,&,950,&,874,&,874,&,798,&,646,&,623,&,684,&,
monthly minutes harvester between states:KCVG,&,2014,&,646,&,717,&,684,&,646,&,494,&,836,&,722,&,1026,&,570,&,608,&,494,&,532,&,
station,&,y_intercept_for_month_1,&,running_average_size_minutes_for_month_1,&,y_intercept_for_month_2,&,running_average_size_minutes_for_month_2,&,y_intercept_for_month_3,&,running_average_size_minutes_for_month_3,&,y_intercept_for_month_4,&,running_average_size_minutes_for_month_4,&,y_intercept_for_month_5,&,running_average_size_minutes_for_month_5,&,y_intercept_for_month_6,&,running_average_size_minutes_for_month_6,&,y_intercept_for_month_7,&,running_average_size_minutes_for_month_7,&,y_intercept_for_month_8,&,running_average_size_minutes_for_month_8,&,y_intercept_for_month_9,&,running_average_size_minutes_for_month_9,&,y_intercept_for_month_10,&,running_average_size_minutes_for_month_10,&,y_intercept_for_month_11,&,running_average_size_minutes_for_month_11,&,y_intercept_for_month_12,&,running_average_size_minutes_for_month_12,&,dNetNorm,&,dMarketBalancePercentage,&,dMarketNetNorm,
results: KCVG,&,7,&,121,&,7,&,121,&,7,&,121,&,7,&,121,&,7,&,121,&,7,&,121,&,7,&,121,&,7,&,121,&,7,&,121,&,7,&,121,&,7,&,121,&,7,&,121,&,0.3405297499069204,&,0.9175393948072404,&,0.3124494606434567
monthly visible minutes:KCVG,&,2013,&,8672,&,8670,&,8672,&,8672,&,8672,&,8672,&,8672,&,8672,&,8672,&,8672,&,8672,&,8672,&,
monthly visible minutes:KCVG,&,2014,&,8672,&,8672,&,8672,&,8672,&,8672,&,8672,&,8672,&,8672,&,8672,&,8672,&,8667,&,8672,&,
monthly minutes harvester between states:KCVG,&,2013,&,760,&,612,&,798,&,494,&,570,&,950,&,874,&,874,&,798,&,646,&,623,&,684,&,
monthly minutes harvester between states:KCVG,&,2014,&,646,&,717,&,684,&,646,&,494,&,836,&,722,&,1026,&,570,&,608,&,494,&,532,&,
Station: KDCA
abc: The current path is /home/guy/retractable-wind
I have found the property file.
The training windspeed filename is /trainingKDCA2004-2012in.csv
The testing windspeed filename is /testingKDCA2013-2014in.csv
Yes, the station is KDCA
Warning: The bAlsoUsePrediction no longer has any effect
iUsedAllItsAllocatedVisibilityMinutesPerMonth: 8760
Visibility Allocation Minutes:8760
HARVESTER_SIZE_SQM is 6362
Reading file
Success: /Wind turbine power curves - wind turbine power output against wind speed in knots.csv found.
Speed (Knots) = Speed(knots) vs power (kW) , Power (kW) =V90
Speed (Knots) = 0 , Power (kW) =0
Speed (Knots) = 1 , Power (kW) =0
Speed (Knots) = 2 , Power (kW) =0
Speed (Knots) = 3 , Power (kW) =0
Speed (Knots) = 4 , Power (kW) =0
Speed (Knots) = 5 , Power (kW) =0
Speed (Knots) = 6 , Power (kW) =0
Speed (Knots) = 7 , Power (kW) =38
Speed (Knots) = 8 , Power (kW) =87
Speed (Knots) = 9 , Power (kW) =141
Speed (Knots) = 10 , Power (kW) =207
Speed (Knots) = 11 , Power (kW) =286
Speed (Knots) = 12 , Power (kW) =382
Speed (Knots) = 13 , Power (kW) =496
Speed (Knots) = 14 , Power (kW) =628
Speed (Knots) = 15 , Power (kW) =781
Speed (Knots) = 16 , Power (kW) =957
Speed (Knots) = 17 , Power (kW) =1153
Speed (Knots) = 18 , Power (kW) =1366
Speed (Knots) = 19 , Power (kW) =1589
Speed (Knots) = 20 , Power (kW) =1814
Speed (Knots) = 21 , Power (kW) =2035
Speed (Knots) = 22 , Power (kW) =2250
Speed (Knots) = 23 , Power (kW) =2452
Speed (Knots) = 24 , Power (kW) =2634
Speed (Knots) = 25 , Power (kW) =2784
Speed (Knots) = 26 , Power (kW) =2888
Speed (Knots) = 27 , Power (kW) =2949
Speed (Knots) = 28 , Power (kW) =2980
Speed (Knots) = 29 , Power (kW) =2993
Speed (Knots) = 30 , Power (kW) =3000
Speed (Knots) = 31 , Power (kW) =3000
Speed (Knots) = 32 , Power (kW) =3000
Speed (Knots) = 33 , Power (kW) =3000
Speed (Knots) = 34 , Power (kW) =3000
Speed (Knots) = 35 , Power (kW) =3000
Speed (Knots) = 36 , Power (kW) =3000
Speed (Knots) = 37 , Power (kW) =3000
Speed (Knots) = 38 , Power (kW) =3000
Speed (Knots) = 39 , Power (kW) =3000
Speed (Knots) = 40 , Power (kW) =3000
Speed (Knots) = 41 , Power (kW) =3000
Speed (Knots) = 42 , Power (kW) =3000
Speed (Knots) = 43 , Power (kW) =3000
Speed (Knots) = 44 , Power (kW) =3000
Speed (Knots) = 45 , Power (kW) =3000
Speed (Knots) = 46 , Power (kW) =3000
Speed (Knots) = 47 , Power (kW) =3000
Speed (Knots) = 48 , Power (kW) =3000
Speed (Knots) = 49 , Power (kW) =0
Speed (Knots) = 50 , Power (kW) =0
Speed (Knots) = 51 , Power (kW) =0
Speed (Knots) = 52 , Power (kW) =0
Speed (Knots) = 53 , Power (kW) =0
Speed (Knots) = 54 , Power (kW) =0
Speed (Knots) = 55 , Power (kW) =0
Speed (Knots) = 56 , Power (kW) =0
Speed (Knots) = 57 , Power (kW) =0
Speed (Knots) = 58 , Power (kW) =0
Speed (Knots) = 59 , Power (kW) =0
Speed (Knots) = 60 , Power (kW) =0
The scale is 1.0
Wind power at 10 knots in kilowatts is 207.0
Wind power in-cut-out test 0.0
Class name:edu.pitt.cs.people.guy.wind.benchmarks.Static
Success: /Noise_Allowed_Time_Definitions_All_Stations.csv found.
The station is the record is KDCA
Success: /Noise_Allowed_Time_Definitions_All_Stations.csv found.
The station is the record is KDCA
I have found the membership file for NOT WINDY.
Windspeed (knots) [0,1), Membership Value =1.00000000,1.0
Windspeed (knots) [1,2), Membership Value =0.99995870,0.9999587
Windspeed (knots) [2,3), Membership Value =0.99931406,0.99931407
Windspeed (knots) [3,4), Membership Value =0.99597394,0.99597394
Windspeed (knots) [4,5), Membership Value =0.98645224,0.9864522
Windspeed (knots) [5,6), Membership Value =0.96729674,0.9672967
Windspeed (knots) [6,7), Membership Value =0.93346797,0.933468
Windspeed (knots) [7,8), Membership Value =0.88326361,0.8832636
Windspeed (knots) [8,9), Membership Value =0.81258633,0.8125863
Windspeed (knots) [9,10), Membership Value =0.72894185,0.72894186
Windspeed (knots) [10,11), Membership Value =0.63205387,0.63205385
Windspeed (knots) [11,12), Membership Value =0.53365487,0.53365487
Windspeed (knots) [12,13), Membership Value =0.42929035,0.42929035
Windspeed (knots) [13,14), Membership Value =0.33305771,0.3330577
Windspeed (knots) [14,15), Membership Value =0.24499256,0.24499255
Windspeed (knots) [15,16), Membership Value =0.16346385,0.16346385
Windspeed (knots) [16,17), Membership Value =0.09114446,0.09114446
Windspeed (knots) [17,18), Membership Value =0.02753661,0.02753661
Windspeed (knots) [18,19), Membership Value =0.00000000,0.0
Windspeed (knots) [19,20), Membership Value =0.00000000,0.0
Windspeed (knots) [20,21), Membership Value =0.00000000,0.0
Windspeed (knots) [21,22), Membership Value =0.00000000,0.0
Windspeed (knots) [22,23), Membership Value =0.00000000,0.0
Windspeed (knots) [23,24), Membership Value =0.00000000,0.0
Windspeed (knots) [24,25), Membership Value =0.00000000,0.0
Windspeed (knots) [25,26), Membership Value =0.00000000,0.0
Windspeed (knots) [26,27), Membership Value =0.00000000,0.0
Windspeed (knots) [27,28), Membership Value =0.00000000,0.0
Windspeed (knots) [28,29), Membership Value =0.00000000,0.0
Windspeed (knots) [29,30), Membership Value =0.00000000,0.0
Windspeed (knots) [30,31), Membership Value =0.00000000,0.0
Windspeed (knots) [31,32), Membership Value =0.00000000,0.0
Windspeed (knots) [32,33), Membership Value =0.00000000,0.0
Windspeed (knots) [33,34), Membership Value =0.00000000,0.0
Windspeed (knots) [34,35), Membership Value =0.00000000,0.0
Windspeed (knots) [35,36), Membership Value =0.00000000,0.0
Windspeed (knots) [36,37), Membership Value =0.00000000,0.0
Windspeed (knots) [37,38), Membership Value =0.00000000,0.0
Windspeed (knots) [38,39), Membership Value =0.00000000,0.0
Windspeed (knots) [39,40), Membership Value =0.00000000,0.0
Windspeed (knots) [40,41), Membership Value =0.00000000,0.0
Windspeed (knots) [41,42), Membership Value =0.00000000,0.0
Windspeed (knots) [42,43), Membership Value =0.00000000,0.0
Windspeed (knots) [43,44), Membership Value =0.00000000,0.0
Windspeed (knots) [44,45), Membership Value =0.00000000,0.0
Windspeed (knots) [45,46), Membership Value =0.00000000,0.0
Windspeed (knots) [46,47), Membership Value =0.00000000,0.0
Windspeed (knots) [47,48), Membership Value =0.00000000,0.0
Windspeed (knots) [48,49), Membership Value =0.00000000,0.0
Windspeed (knots) [49,50), Membership Value =0.00000000,0.0
Windspeed (knots) [50,51), Membership Value =0.00000000,0.0
Windspeed (knots) [51,52), Membership Value =0.00000000,0.0
Windspeed (knots) [52,53), Membership Value =0.00000000,0.0
Windspeed (knots) [53,54), Membership Value =0.00000000,0.0
Windspeed (knots) [54,55), Membership Value =0.00000000,0.0
Windspeed (knots) [55,56), Membership Value =0.00000000,0.0
Windspeed (knots) [56,57), Membership Value =0.00000000,0.0
Windspeed (knots) [57,58), Membership Value =0.00000000,0.0
Windspeed (knots) [58,59), Membership Value =0.00000000,0.0
Windspeed (knots) [59,60), Membership Value =0.00000000,0.0
Windspeed (knots) [60,61), Membership Value =0.00000000,0.0
Windspeed (knots) [61,62), Membership Value =0.00000000,0.0
Windspeed (knots) [62,63), Membership Value =0.00000000,0.0
Windspeed (knots) [63,64), Membership Value =0.00000000,0.0
Windspeed (knots) [64,65), Membership Value =0.00000000,0.0
Windspeed (knots) [65,66), Membership Value =0.00000000,0.0
Windspeed (knots) [66,67), Membership Value =0.00000000,0.0
Windspeed (knots) [67,68), Membership Value =0.00000000,0.0
Windspeed (knots) [68,69), Membership Value =0.00000000,0.0
Windspeed (knots) [69,70), Membership Value =0.00000000,0.0
Windspeed (knots) [70,71), Membership Value =0.00000000,0.0
Windspeed (knots) [71,72), Membership Value =0.00000000,0.0
Windspeed (knots) [72,73), Membership Value =0.00000000,0.0
Windspeed (knots) [73,74), Membership Value =0.00000000,0.0
Windspeed (knots) [74,75), Membership Value =0.00000000,0.0
Windspeed (knots) [75,76), Membership Value =0.00000000,0.0
Windspeed (knots) [76,77), Membership Value =0.00000000,0.0
Windspeed (knots) [77,78), Membership Value =0.00000000,0.0
Windspeed (knots) [78,79), Membership Value =0.00000000,0.0
Windspeed (knots) [79,80), Membership Value =0.00000000,0.0
Windspeed (knots) [80,81), Membership Value =0.00000000,0.0
Windspeed (knots) [81,82), Membership Value =0.00000000,0.0
Windspeed (knots) [82,83), Membership Value =0.00000000,0.0
Windspeed (knots) [83,84), Membership Value =0.00000000,0.0
Windspeed (knots) [84,85), Membership Value =0.00000000,0.0
Windspeed (knots) [85,86), Membership Value =0.00000000,0.0
Windspeed (knots) [86,87), Membership Value =0.00000000,0.0
Windspeed (knots) [87,88), Membership Value =0.00000000,0.0
Windspeed (knots) [88,89), Membership Value =0.00000000,0.0
Windspeed (knots) [89,90), Membership Value =0.00000000,0.0
Windspeed (knots) [90,91), Membership Value =0.00000000,0.0
Windspeed (knots) [91,92), Membership Value =0.00000000,0.0
Windspeed (knots) [92,93), Membership Value =0.00000000,0.0
Windspeed (knots) [93,94), Membership Value =0.00000000,0.0
Windspeed (knots) [94,95), Membership Value =0.00000000,0.0
Windspeed (knots) [95,96), Membership Value =0.00000000,0.0
Windspeed (knots) [96,97), Membership Value =0.00000000,0.0
Windspeed (knots) [97,98), Membership Value =0.00000000,0.0
Windspeed (knots) [98,99), Membership Value =0.00000000,0.0
Windspeed (knots) [99,100), Membership Value =0.00000000,0.0
Windspeed (knots) [100,101), Membership Value =0.00000000,0.0
Windspeed (knots) [101,102), Membership Value =0.00000000,0.0
Windspeed (knots) [102,103), Membership Value =0.00000000,0.0
Windspeed (knots) [103,104), Membership Value =0.00000000,0.0
Windspeed (knots) [104,105), Membership Value =0.00000000,0.0
Windspeed (knots) [105,106), Membership Value =0.00000000,0.0
Windspeed (knots) [106,107), Membership Value =0.00000000,0.0
Windspeed (knots) [107,108), Membership Value =0.00000000,0.0
Windspeed (knots) [108,109), Membership Value =0.00000000,0.0
Windspeed (knots) [109,110), Membership Value =0.00000000,0.0
Windspeed (knots) [110,111), Membership Value =0.00000000,0.0
Windspeed (knots) [111,112), Membership Value =0.00000000,0.0
Windspeed (knots) [112,113), Membership Value =0.00000000,0.0
Windspeed (knots) [113,114), Membership Value =0.00000000,0.0
Windspeed (knots) [114,115), Membership Value =0.00000000,0.0
Windspeed (knots) [115,116), Membership Value =0.00000000,0.0
Windspeed (knots) [116,117), Membership Value =0.00000000,0.0
Windspeed (knots) [117,118), Membership Value =0.00000000,0.0
Windspeed (knots) [118,119), Membership Value =0.00000000,0.0
Windspeed (knots) [119,120), Membership Value =0.00000000,0.0
Windspeed (knots) [120,121), Membership Value =0.00000000,0.0
Windspeed (knots) [121,122), Membership Value =0.00000000,0.0
Windspeed (knots) [122,123), Membership Value =0.00000000,0.0
Windspeed (knots) [123,124), Membership Value =0.00000000,0.0
Windspeed (knots) [124,125), Membership Value =0.00000000,0.0
LowestWindspeedThatIsWindyKnots for station KDCA is 7 knots.
Transition limited :false
bUseWeatherPrediction:false
The running average is 1
The y-int is 7
Energy harvested: 4685407.789158469
iGeneratingEnergyWhenGridNeedsEnergyMinutes =713270
iGeneratingEnergyWhenGridNeedsEnergyMinutes =713270
iUsingEnergyWhenGridNeedsEnergyMinutes =93400
iGeneratingEnergyWhenGridHasExcessEnergyMinutes = 1052
iUsingEnergyWhenGridHasExcessEnergyMinutes = 69
iIdleWhenGridDoesNotNeedEnergyMinutes = 44959
iIdleWhenGridNeedsEnergyMinutes = 3881729
iEnergyPriceIsZeroMinutes = 240
harvester.getEnergyHarvestedAVAILABLEKilowattHours( ): 1.29294752E7
harvester.getEnergyHarvestedKilowattHours(): 4685407.789158469
The y-int is 17
Energy harvested: 1172914.15
iGeneratingEnergyWhenGridNeedsEnergyMinutes =40147
iGeneratingEnergyWhenGridNeedsEnergyMinutes =40147
iUsingEnergyWhenGridNeedsEnergyMinutes =1
iGeneratingEnergyWhenGridHasExcessEnergyMinutes = 24
iUsingEnergyWhenGridHasExcessEnergyMinutes = 0
iIdleWhenGridDoesNotNeedEnergyMinutes = 46056
iIdleWhenGridNeedsEnergyMinutes = 4648251
iEnergyPriceIsZeroMinutes = 240
harvester.getEnergyHarvestedAVAILABLEKilowattHours( ): 1.29294752E7
harvester.getEnergyHarvestedKilowattHours(): 1172914.15
The y-int is 27
Energy harvested: 21964.483333333334
iGeneratingEnergyWhenGridNeedsEnergyMinutes =441
iGeneratingEnergyWhenGridNeedsEnergyMinutes =441
iUsingEnergyWhenGridNeedsEnergyMinutes =1
iGeneratingEnergyWhenGridHasExcessEnergyMinutes = 0
iUsingEnergyWhenGridHasExcessEnergyMinutes = 0
iIdleWhenGridDoesNotNeedEnergyMinutes = 46080
iIdleWhenGridNeedsEnergyMinutes = 4687957
iEnergyPriceIsZeroMinutes = 240
harvester.getEnergyHarvestedAVAILABLEKilowattHours( ): 1.29294752E7
harvester.getEnergyHarvestedKilowattHours(): 21964.483333333334
The y-int is 37
Energy harvested: 0.0
iGeneratingEnergyWhenGridNeedsEnergyMinutes =0
iGeneratingEnergyWhenGridNeedsEnergyMinutes =0
iUsingEnergyWhenGridNeedsEnergyMinutes =1
iGeneratingEnergyWhenGridHasExcessEnergyMinutes = 0
iUsingEnergyWhenGridHasExcessEnergyMinutes = 0
iIdleWhenGridDoesNotNeedEnergyMinutes = 46080
iIdleWhenGridNeedsEnergyMinutes = 4688398
iEnergyPriceIsZeroMinutes = 240
harvester.getEnergyHarvestedAVAILABLEKilowattHours( ): 1.29294752E7
harvester.getEnergyHarvestedKilowattHours(): 0.0
The running average is 31
The y-int is 7
Energy harvested: 4854143.510829017
iGeneratingEnergyWhenGridNeedsEnergyMinutes =748917
iGeneratingEnergyWhenGridNeedsEnergyMinutes =748917
iUsingEnergyWhenGridNeedsEnergyMinutes =55302
iGeneratingEnergyWhenGridHasExcessEnergyMinutes = 1042
iUsingEnergyWhenGridHasExcessEnergyMinutes = 61
iIdleWhenGridDoesNotNeedEnergyMinutes = 44977
iIdleWhenGridNeedsEnergyMinutes = 3884180
iEnergyPriceIsZeroMinutes = 240
harvester.getEnergyHarvestedAVAILABLEKilowattHours( ): 1.29294752E7
harvester.getEnergyHarvestedKilowattHours(): 4854143.510829017
The y-int is 17
Energy harvested: 1372885.7019444623
iGeneratingEnergyWhenGridNeedsEnergyMinutes =54299
iGeneratingEnergyWhenGridNeedsEnergyMinutes =54299
iUsingEnergyWhenGridNeedsEnergyMinutes =1524
iGeneratingEnergyWhenGridHasExcessEnergyMinutes = 18
iUsingEnergyWhenGridHasExcessEnergyMinutes = 1
iIdleWhenGridDoesNotNeedEnergyMinutes = 46061
iIdleWhenGridNeedsEnergyMinutes = 4632576
iEnergyPriceIsZeroMinutes = 240
harvester.getEnergyHarvestedAVAILABLEKilowattHours( ): 1.29294752E7
harvester.getEnergyHarvestedKilowattHours(): 1372885.7019444623
The y-int is 27
Energy harvested: 28556.983333333334
iGeneratingEnergyWhenGridNeedsEnergyMinutes =589
iGeneratingEnergyWhenGridNeedsEnergyMinutes =589
iUsingEnergyWhenGridNeedsEnergyMinutes =1
iGeneratingEnergyWhenGridHasExcessEnergyMinutes = 0
iUsingEnergyWhenGridHasExcessEnergyMinutes = 0
iIdleWhenGridDoesNotNeedEnergyMinutes = 46080
iIdleWhenGridNeedsEnergyMinutes = 4687809
iEnergyPriceIsZeroMinutes = 240
harvester.getEnergyHarvestedAVAILABLEKilowattHours( ): 1.29294752E7
harvester.getEnergyHarvestedKilowattHours(): 28556.983333333334
The y-int is 37
Energy harvested: 0.0
iGeneratingEnergyWhenGridNeedsEnergyMinutes =0
iGeneratingEnergyWhenGridNeedsEnergyMinutes =0
iUsingEnergyWhenGridNeedsEnergyMinutes =1
iGeneratingEnergyWhenGridHasExcessEnergyMinutes = 0
iUsingEnergyWhenGridHasExcessEnergyMinutes = 0
iIdleWhenGridDoesNotNeedEnergyMinutes = 46080
iIdleWhenGridNeedsEnergyMinutes = 4688398
iEnergyPriceIsZeroMinutes = 240
harvester.getEnergyHarvestedAVAILABLEKilowattHours( ): 1.29294752E7
harvester.getEnergyHarvestedKilowattHours(): 0.0
The running average is 61
The y-int is 7
Energy harvested: 4918351.978329799
iGeneratingEnergyWhenGridNeedsEnergyMinutes =751787
iGeneratingEnergyWhenGridNeedsEnergyMinutes =751787
iUsingEnergyWhenGridNeedsEnergyMinutes =45324
iGeneratingEnergyWhenGridHasExcessEnergyMinutes = 1024
iUsingEnergyWhenGridHasExcessEnergyMinutes = 77
iIdleWhenGridDoesNotNeedEnergyMinutes = 44979
iIdleWhenGridNeedsEnergyMinutes = 3891288
iEnergyPriceIsZeroMinutes = 240
harvester.getEnergyHarvestedAVAILABLEKilowattHours( ): 1.29294752E7
harvester.getEnergyHarvestedKilowattHours(): 4918351.978329799
The y-int is 17
Energy harvested: 1357500.4497222304
iGeneratingEnergyWhenGridNeedsEnergyMinutes =55502
iGeneratingEnergyWhenGridNeedsEnergyMinutes =55502
iUsingEnergyWhenGridNeedsEnergyMinutes =740
iGeneratingEnergyWhenGridHasExcessEnergyMinutes = 0
iUsingEnergyWhenGridHasExcessEnergyMinutes = 3
iIdleWhenGridDoesNotNeedEnergyMinutes = 46077
iIdleWhenGridNeedsEnergyMinutes = 4632157
iEnergyPriceIsZeroMinutes = 240
harvester.getEnergyHarvestedAVAILABLEKilowattHours( ): 1.29294752E7
harvester.getEnergyHarvestedKilowattHours(): 1357500.4497222304
The y-int is 27
Energy harvested: 28337.25
iGeneratingEnergyWhenGridNeedsEnergyMinutes =598
iGeneratingEnergyWhenGridNeedsEnergyMinutes =598
iUsingEnergyWhenGridNeedsEnergyMinutes =1
iGeneratingEnergyWhenGridHasExcessEnergyMinutes = 0
iUsingEnergyWhenGridHasExcessEnergyMinutes = 0
iIdleWhenGridDoesNotNeedEnergyMinutes = 46080
iIdleWhenGridNeedsEnergyMinutes = 4687800
iEnergyPriceIsZeroMinutes = 240
harvester.getEnergyHarvestedAVAILABLEKilowattHours( ): 1.29294752E7
harvester.getEnergyHarvestedKilowattHours(): 28337.25
The y-int is 37
Energy harvested: 0.0
iGeneratingEnergyWhenGridNeedsEnergyMinutes =0
iGeneratingEnergyWhenGridNeedsEnergyMinutes =0
iUsingEnergyWhenGridNeedsEnergyMinutes =1
iGeneratingEnergyWhenGridHasExcessEnergyMinutes = 0
iUsingEnergyWhenGridHasExcessEnergyMinutes = 0
iIdleWhenGridDoesNotNeedEnergyMinutes = 46080
iIdleWhenGridNeedsEnergyMinutes = 4688398
iEnergyPriceIsZeroMinutes = 240
harvester.getEnergyHarvestedAVAILABLEKilowattHours( ): 1.29294752E7
harvester.getEnergyHarvestedKilowattHours(): 0.0
The running average is 91
The y-int is 7
Energy harvested: 4939528.214996788
iGeneratingEnergyWhenGridNeedsEnergyMinutes =749312
iGeneratingEnergyWhenGridNeedsEnergyMinutes =749312
iUsingEnergyWhenGridNeedsEnergyMinutes =41401
iGeneratingEnergyWhenGridHasExcessEnergyMinutes = 1018
iUsingEnergyWhenGridHasExcessEnergyMinutes = 55
iIdleWhenGridDoesNotNeedEnergyMinutes = 45007
iIdleWhenGridNeedsEnergyMinutes = 3897686
iEnergyPriceIsZeroMinutes = 240
harvester.getEnergyHarvestedAVAILABLEKilowattHours( ): 1.29294752E7
harvester.getEnergyHarvestedKilowattHours(): 4939528.214996788
The y-int is 17
Energy harvested: 1295761.9419444506
iGeneratingEnergyWhenGridNeedsEnergyMinutes =53813
iGeneratingEnergyWhenGridNeedsEnergyMinutes =53813
iUsingEnergyWhenGridNeedsEnergyMinutes =584
iGeneratingEnergyWhenGridHasExcessEnergyMinutes = 0
iUsingEnergyWhenGridHasExcessEnergyMinutes = 0
iIdleWhenGridDoesNotNeedEnergyMinutes = 46080
iIdleWhenGridNeedsEnergyMinutes = 4634002
iEnergyPriceIsZeroMinutes = 240
harvester.getEnergyHarvestedAVAILABLEKilowattHours( ): 1.29294752E7
harvester.getEnergyHarvestedKilowattHours(): 1295761.9419444506
The y-int is 27
Energy harvested: 23364.783333333333
iGeneratingEnergyWhenGridNeedsEnergyMinutes =500
iGeneratingEnergyWhenGridNeedsEnergyMinutes =500
iUsingEnergyWhenGridNeedsEnergyMinutes =1
iGeneratingEnergyWhenGridHasExcessEnergyMinutes = 0
iUsingEnergyWhenGridHasExcessEnergyMinutes = 0
iIdleWhenGridDoesNotNeedEnergyMinutes = 46080
iIdleWhenGridNeedsEnergyMinutes = 4687898
iEnergyPriceIsZeroMinutes = 240
harvester.getEnergyHarvestedAVAILABLEKilowattHours( ): 1.29294752E7
harvester.getEnergyHarvestedKilowattHours(): 23364.783333333333
The y-int is 37
Energy harvested: 0.0
iGeneratingEnergyWhenGridNeedsEnergyMinutes =0
iGeneratingEnergyWhenGridNeedsEnergyMinutes =0
iUsingEnergyWhenGridNeedsEnergyMinutes =1
iGeneratingEnergyWhenGridHasExcessEnergyMinutes = 0
iUsingEnergyWhenGridHasExcessEnergyMinutes = 0
iIdleWhenGridDoesNotNeedEnergyMinutes = 46080
iIdleWhenGridNeedsEnergyMinutes = 4688398
iEnergyPriceIsZeroMinutes = 240
harvester.getEnergyHarvestedAVAILABLEKilowattHours( ): 1.29294752E7
harvester.getEnergyHarvestedKilowattHours(): 0.0
The running average is 121
The y-int is 7
Energy harvested: 4960499.473330355
iGeneratingEnergyWhenGridNeedsEnergyMinutes =746349
iGeneratingEnergyWhenGridNeedsEnergyMinutes =746349
iUsingEnergyWhenGridNeedsEnergyMinutes =38720
iGeneratingEnergyWhenGridHasExcessEnergyMinutes = 1022
iUsingEnergyWhenGridHasExcessEnergyMinutes = 38
iIdleWhenGridDoesNotNeedEnergyMinutes = 45020
iIdleWhenGridNeedsEnergyMinutes = 3903330
iEnergyPriceIsZeroMinutes = 240
harvester.getEnergyHarvestedAVAILABLEKilowattHours( ): 1.29294752E7
harvester.getEnergyHarvestedKilowattHours(): 4960499.473330355
The y-int is 17
Energy harvested: 1216279.0197222275
iGeneratingEnergyWhenGridNeedsEnergyMinutes =50918
iGeneratingEnergyWhenGridNeedsEnergyMinutes =50918
iUsingEnergyWhenGridNeedsEnergyMinutes =376
iGeneratingEnergyWhenGridHasExcessEnergyMinutes = 0
iUsingEnergyWhenGridHasExcessEnergyMinutes = 0
iIdleWhenGridDoesNotNeedEnergyMinutes = 46080
iIdleWhenGridNeedsEnergyMinutes = 4637105
iEnergyPriceIsZeroMinutes = 240
harvester.getEnergyHarvestedAVAILABLEKilowattHours( ): 1.29294752E7
harvester.getEnergyHarvestedKilowattHours(): 1216279.0197222275
The y-int is 27
Energy harvested: 18417.016666666666
iGeneratingEnergyWhenGridNeedsEnergyMinutes =382
iGeneratingEnergyWhenGridNeedsEnergyMinutes =382
iUsingEnergyWhenGridNeedsEnergyMinutes =1
iGeneratingEnergyWhenGridHasExcessEnergyMinutes = 0
iUsingEnergyWhenGridHasExcessEnergyMinutes = 0
iIdleWhenGridDoesNotNeedEnergyMinutes = 46080
iIdleWhenGridNeedsEnergyMinutes = 4688016
iEnergyPriceIsZeroMinutes = 240
harvester.getEnergyHarvestedAVAILABLEKilowattHours( ): 1.29294752E7
harvester.getEnergyHarvestedKilowattHours(): 18417.016666666666
The y-int is 37
Energy harvested: 0.0
iGeneratingEnergyWhenGridNeedsEnergyMinutes =0
iGeneratingEnergyWhenGridNeedsEnergyMinutes =0
iUsingEnergyWhenGridNeedsEnergyMinutes =1
iGeneratingEnergyWhenGridHasExcessEnergyMinutes = 0
iUsingEnergyWhenGridHasExcessEnergyMinutes = 0
iIdleWhenGridDoesNotNeedEnergyMinutes = 46080
iIdleWhenGridNeedsEnergyMinutes = 4688398
iEnergyPriceIsZeroMinutes = 240
harvester.getEnergyHarvestedAVAILABLEKilowattHours( ): 1.29294752E7
harvester.getEnergyHarvestedKilowattHours(): 0.0
Beginning testing mode:
station,&,y_intercept_for_month_1,&,running_average_size_minutes_for_month_1,&,y_intercept_for_month_2,&,running_average_size_minutes_for_month_2,&,y_intercept_for_month_3,&,running_average_size_minutes_for_month_3,&,y_intercept_for_month_4,&,running_average_size_minutes_for_month_4,&,y_intercept_for_month_5,&,running_average_size_minutes_for_month_5,&,y_intercept_for_month_6,&,running_average_size_minutes_for_month_6,&,y_intercept_for_month_7,&,running_average_size_minutes_for_month_7,&,y_intercept_for_month_8,&,running_average_size_minutes_for_month_8,&,y_intercept_for_month_9,&,running_average_size_minutes_for_month_9,&,y_intercept_for_month_10,&,running_average_size_minutes_for_month_10,&,y_intercept_for_month_11,&,running_average_size_minutes_for_month_11,&,y_intercept_for_month_12,&,running_average_size_minutes_for_month_12,&,dNetNorm,&,dMarketBalancePercentage,&,dMarketNetNorm,
results: KDCA,&,7,&,121,&,7,&,121,&,7,&,121,&,7,&,121,&,7,&,121,&,7,&,121,&,7,&,121,&,7,&,121,&,7,&,121,&,7,&,121,&,7,&,121,&,7,&,121,&,0.37304836653686285,&,0.937012970846715,&,0.34955115819822014
monthly visible minutes:KDCA,&,2013,&,8672,&,8672,&,8672,&,8672,&,8672,&,8672,&,8672,&,8672,&,7544,&,7653,&,8672,&,7139,&,
monthly visible minutes:KDCA,&,2014,&,8672,&,8672,&,8672,&,8672,&,8672,&,8672,&,8672,&,7559,&,8672,&,8672,&,8672,&,8447,&,
monthly minutes harvester between states:KDCA,&,2013,&,684,&,760,&,646,&,798,&,874,&,798,&,608,&,950,&,532,&,532,&,684,&,521,&,
monthly minutes harvester between states:KDCA,&,2014,&,722,&,827,&,646,&,760,&,798,&,760,&,646,&,912,&,760,&,793,&,745,&,665,&,
station,&,y_intercept_for_month_1,&,running_average_size_minutes_for_month_1,&,y_intercept_for_month_2,&,running_average_size_minutes_for_month_2,&,y_intercept_for_month_3,&,running_average_size_minutes_for_month_3,&,y_intercept_for_month_4,&,running_average_size_minutes_for_month_4,&,y_intercept_for_month_5,&,running_average_size_minutes_for_month_5,&,y_intercept_for_month_6,&,running_average_size_minutes_for_month_6,&,y_intercept_for_month_7,&,running_average_size_minutes_for_month_7,&,y_intercept_for_month_8,&,running_average_size_minutes_for_month_8,&,y_intercept_for_month_9,&,running_average_size_minutes_for_month_9,&,y_intercept_for_month_10,&,running_average_size_minutes_for_month_10,&,y_intercept_for_month_11,&,running_average_size_minutes_for_month_11,&,y_intercept_for_month_12,&,running_average_size_minutes_for_month_12,&,dNetNorm,&,dMarketBalancePercentage,&,dMarketNetNorm,
results: KDCA,&,7,&,121,&,7,&,121,&,7,&,121,&,7,&,121,&,7,&,121,&,7,&,121,&,7,&,121,&,7,&,121,&,7,&,121,&,7,&,121,&,7,&,121,&,7,&,121,&,0.3730365032943925,&,0.9369992966031535,&,0.3495349411941457
monthly visible minutes:KDCA,&,2013,&,8672,&,8672,&,8672,&,8672,&,8672,&,8672,&,8672,&,8672,&,7544,&,7653,&,8672,&,7139,&,
monthly visible minutes:KDCA,&,2014,&,8672,&,8672,&,8672,&,8672,&,8672,&,8672,&,8672,&,7559,&,8672,&,8672,&,8672,&,8447,&,
monthly minutes harvester between states:KDCA,&,2013,&,684,&,760,&,646,&,798,&,874,&,798,&,608,&,950,&,532,&,532,&,684,&,521,&,
monthly minutes harvester between states:KDCA,&,2014,&,722,&,827,&,646,&,760,&,798,&,760,&,646,&,912,&,760,&,793,&,745,&,665,&,
Station: KDEN
abc: The current path is /home/guy/retractable-wind
I have found the property file.
The training windspeed filename is /trainingKDEN2004-2012in.csv
The testing windspeed filename is /testingKDEN2013-2014in.csv
Yes, the station is KDEN
Warning: The bAlsoUsePrediction no longer has any effect
iUsedAllItsAllocatedVisibilityMinutesPerMonth: 8760
Visibility Allocation Minutes:8760
HARVESTER_SIZE_SQM is 6362
Reading file
Success: /Wind turbine power curves - wind turbine power output against wind speed in knots.csv found.
Speed (Knots) = Speed(knots) vs power (kW) , Power (kW) =V90
Speed (Knots) = 0 , Power (kW) =0
Speed (Knots) = 1 , Power (kW) =0
Speed (Knots) = 2 , Power (kW) =0
Speed (Knots) = 3 , Power (kW) =0
Speed (Knots) = 4 , Power (kW) =0
Speed (Knots) = 5 , Power (kW) =0
Speed (Knots) = 6 , Power (kW) =0
Speed (Knots) = 7 , Power (kW) =38
Speed (Knots) = 8 , Power (kW) =87
Speed (Knots) = 9 , Power (kW) =141
Speed (Knots) = 10 , Power (kW) =207
Speed (Knots) = 11 , Power (kW) =286
Speed (Knots) = 12 , Power (kW) =382
Speed (Knots) = 13 , Power (kW) =496
Speed (Knots) = 14 , Power (kW) =628
Speed (Knots) = 15 , Power (kW) =781
Speed (Knots) = 16 , Power (kW) =957
Speed (Knots) = 17 , Power (kW) =1153
Speed (Knots) = 18 , Power (kW) =1366
Speed (Knots) = 19 , Power (kW) =1589
Speed (Knots) = 20 , Power (kW) =1814
Speed (Knots) = 21 , Power (kW) =2035
Speed (Knots) = 22 , Power (kW) =2250
Speed (Knots) = 23 , Power (kW) =2452
Speed (Knots) = 24 , Power (kW) =2634
Speed (Knots) = 25 , Power (kW) =2784
Speed (Knots) = 26 , Power (kW) =2888
Speed (Knots) = 27 , Power (kW) =2949
Speed (Knots) = 28 , Power (kW) =2980
Speed (Knots) = 29 , Power (kW) =2993
Speed (Knots) = 30 , Power (kW) =3000
Speed (Knots) = 31 , Power (kW) =3000
Speed (Knots) = 32 , Power (kW) =3000
Speed (Knots) = 33 , Power (kW) =3000
Speed (Knots) = 34 , Power (kW) =3000
Speed (Knots) = 35 , Power (kW) =3000
Speed (Knots) = 36 , Power (kW) =3000
Speed (Knots) = 37 , Power (kW) =3000
Speed (Knots) = 38 , Power (kW) =3000
Speed (Knots) = 39 , Power (kW) =3000
Speed (Knots) = 40 , Power (kW) =3000
Speed (Knots) = 41 , Power (kW) =3000
Speed (Knots) = 42 , Power (kW) =3000
Speed (Knots) = 43 , Power (kW) =3000
Speed (Knots) = 44 , Power (kW) =3000
Speed (Knots) = 45 , Power (kW) =3000
Speed (Knots) = 46 , Power (kW) =3000
Speed (Knots) = 47 , Power (kW) =3000
Speed (Knots) = 48 , Power (kW) =3000
Speed (Knots) = 49 , Power (kW) =0
Speed (Knots) = 50 , Power (kW) =0
Speed (Knots) = 51 , Power (kW) =0
Speed (Knots) = 52 , Power (kW) =0
Speed (Knots) = 53 , Power (kW) =0
Speed (Knots) = 54 , Power (kW) =0
Speed (Knots) = 55 , Power (kW) =0
Speed (Knots) = 56 , Power (kW) =0
Speed (Knots) = 57 , Power (kW) =0
Speed (Knots) = 58 , Power (kW) =0
Speed (Knots) = 59 , Power (kW) =0
Speed (Knots) = 60 , Power (kW) =0
The scale is 1.0
Wind power at 10 knots in kilowatts is 207.0
Wind power in-cut-out test 0.0
Class name:edu.pitt.cs.people.guy.wind.benchmarks.Static
Success: /Noise_Allowed_Time_Definitions_All_Stations.csv found.
The station is the record is KDEN
Success: /Noise_Allowed_Time_Definitions_All_Stations.csv found.
The station is the record is KDEN
I have found the membership file for NOT WINDY.
Windspeed (knots) [0,1), Membership Value =1.00000000,1.0
Windspeed (knots) [1,2), Membership Value =0.99998644,0.99998647
Windspeed (knots) [2,3), Membership Value =0.99976402,0.999764
Windspeed (knots) [3,4), Membership Value =0.99851785,0.9985179
Windspeed (knots) [4,5), Membership Value =0.99443778,0.99443775
Windspeed (knots) [5,6), Membership Value =0.98434553,0.98434556
Windspeed (knots) [6,7), Membership Value =0.96433251,0.9643325
Windspeed (knots) [7,8), Membership Value =0.93059785,0.93059784
Windspeed (knots) [8,9), Membership Value =0.88093671,0.8809367
Windspeed (knots) [9,10), Membership Value =0.81678561,0.81678563
Windspeed (knots) [10,11), Membership Value =0.74226802,0.742268
Windspeed (knots) [11,12), Membership Value =0.66316561,0.6631656
Windspeed (knots) [12,13), Membership Value =0.58504879,0.5850488
Windspeed (knots) [13,14), Membership Value =0.50700179,0.5070018
Windspeed (knots) [14,15), Membership Value =0.43250789,0.4325079
Windspeed (knots) [15,16), Membership Value =0.36365001,0.36365002
Windspeed (knots) [16,17), Membership Value =0.29941826,0.29941827
Windspeed (knots) [17,18), Membership Value =0.23939567,0.23939566
Windspeed (knots) [18,19), Membership Value =0.18171279,0.18171279
Windspeed (knots) [19,20), Membership Value =0.12777695,0.12777695
Windspeed (knots) [20,21), Membership Value =0.07727012,0.07727012
Windspeed (knots) [21,22), Membership Value =0.03241841,0.03241841
Windspeed (knots) [22,23), Membership Value =0.00000000,0.0
Windspeed (knots) [23,24), Membership Value =0.00000000,0.0
Windspeed (knots) [24,25), Membership Value =0.00000000,0.0
Windspeed (knots) [25,26), Membership Value =0.00000000,0.0
Windspeed (knots) [26,27), Membership Value =0.00000000,0.0
Windspeed (knots) [27,28), Membership Value =0.00000000,0.0
Windspeed (knots) [28,29), Membership Value =0.00000000,0.0
Windspeed (knots) [29,30), Membership Value =0.00000000,0.0
Windspeed (knots) [30,31), Membership Value =0.00000000,0.0
Windspeed (knots) [31,32), Membership Value =0.00000000,0.0
Windspeed (knots) [32,33), Membership Value =0.00000000,0.0
Windspeed (knots) [33,34), Membership Value =0.00000000,0.0
Windspeed (knots) [34,35), Membership Value =0.00000000,0.0
Windspeed (knots) [35,36), Membership Value =0.00000000,0.0
Windspeed (knots) [36,37), Membership Value =0.00000000,0.0
Windspeed (knots) [37,38), Membership Value =0.00000000,0.0
Windspeed (knots) [38,39), Membership Value =0.00000000,0.0
Windspeed (knots) [39,40), Membership Value =0.00000000,0.0
Windspeed (knots) [40,41), Membership Value =0.00000000,0.0
Windspeed (knots) [41,42), Membership Value =0.00000000,0.0
Windspeed (knots) [42,43), Membership Value =0.00000000,0.0
Windspeed (knots) [43,44), Membership Value =0.00000000,0.0
Windspeed (knots) [44,45), Membership Value =0.00000000,0.0
Windspeed (knots) [45,46), Membership Value =0.00000000,0.0
Windspeed (knots) [46,47), Membership Value =0.00000000,0.0
Windspeed (knots) [47,48), Membership Value =0.00000000,0.0
Windspeed (knots) [48,49), Membership Value =0.00000000,0.0
Windspeed (knots) [49,50), Membership Value =0.00000000,0.0
Windspeed (knots) [50,51), Membership Value =0.00000000,0.0
Windspeed (knots) [51,52), Membership Value =0.00000000,0.0
Windspeed (knots) [52,53), Membership Value =0.00000000,0.0
Windspeed (knots) [53,54), Membership Value =0.00000000,0.0
Windspeed (knots) [54,55), Membership Value =0.00000000,0.0
Windspeed (knots) [55,56), Membership Value =0.00000000,0.0
Windspeed (knots) [56,57), Membership Value =0.00000000,0.0
Windspeed (knots) [57,58), Membership Value =0.00000000,0.0
Windspeed (knots) [58,59), Membership Value =0.00000000,0.0
Windspeed (knots) [59,60), Membership Value =0.00000000,0.0
Windspeed (knots) [60,61), Membership Value =0.00000000,0.0
Windspeed (knots) [61,62), Membership Value =0.00000000,0.0
Windspeed (knots) [62,63), Membership Value =0.00000000,0.0
Windspeed (knots) [63,64), Membership Value =0.00000000,0.0
Windspeed (knots) [64,65), Membership Value =0.00000000,0.0
Windspeed (knots) [65,66), Membership Value =0.00000000,0.0
Windspeed (knots) [66,67), Membership Value =0.00000000,0.0
Windspeed (knots) [67,68), Membership Value =0.00000000,0.0
Windspeed (knots) [68,69), Membership Value =0.00000000,0.0
Windspeed (knots) [69,70), Membership Value =0.00000000,0.0
Windspeed (knots) [70,71), Membership Value =0.00000000,0.0
Windspeed (knots) [71,72), Membership Value =0.00000000,0.0
Windspeed (knots) [72,73), Membership Value =0.00000000,0.0
Windspeed (knots) [73,74), Membership Value =0.00000000,0.0
Windspeed (knots) [74,75), Membership Value =0.00000000,0.0
Windspeed (knots) [75,76), Membership Value =0.00000000,0.0
Windspeed (knots) [76,77), Membership Value =0.00000000,0.0
Windspeed (knots) [77,78), Membership Value =0.00000000,0.0
Windspeed (knots) [78,79), Membership Value =0.00000000,0.0
Windspeed (knots) [79,80), Membership Value =0.00000000,0.0
Windspeed (knots) [80,81), Membership Value =0.00000000,0.0
Windspeed (knots) [81,82), Membership Value =0.00000000,0.0
Windspeed (knots) [82,83), Membership Value =0.00000000,0.0
Windspeed (knots) [83,84), Membership Value =0.00000000,0.0
Windspeed (knots) [84,85), Membership Value =0.00000000,0.0
Windspeed (knots) [85,86), Membership Value =0.00000000,0.0
Windspeed (knots) [86,87), Membership Value =0.00000000,0.0
Windspeed (knots) [87,88), Membership Value =0.00000000,0.0
Windspeed (knots) [88,89), Membership Value =0.00000000,0.0
Windspeed (knots) [89,90), Membership Value =0.00000000,0.0
Windspeed (knots) [90,91), Membership Value =0.00000000,0.0
Windspeed (knots) [91,92), Membership Value =0.00000000,0.0
Windspeed (knots) [92,93), Membership Value =0.00000000,0.0
Windspeed (knots) [93,94), Membership Value =0.00000000,0.0
Windspeed (knots) [94,95), Membership Value =0.00000000,0.0
Windspeed (knots) [95,96), Membership Value =0.00000000,0.0
Windspeed (knots) [96,97), Membership Value =0.00000000,0.0
Windspeed (knots) [97,98), Membership Value =0.00000000,0.0
Windspeed (knots) [98,99), Membership Value =0.00000000,0.0
Windspeed (knots) [99,100), Membership Value =0.00000000,0.0
Windspeed (knots) [100,101), Membership Value =0.00000000,0.0
Windspeed (knots) [101,102), Membership Value =0.00000000,0.0
Windspeed (knots) [102,103), Membership Value =0.00000000,0.0
Windspeed (knots) [103,104), Membership Value =0.00000000,0.0
Windspeed (knots) [104,105), Membership Value =0.00000000,0.0
Windspeed (knots) [105,106), Membership Value =0.00000000,0.0
Windspeed (knots) [106,107), Membership Value =0.00000000,0.0
Windspeed (knots) [107,108), Membership Value =0.00000000,0.0
Windspeed (knots) [108,109), Membership Value =0.00000000,0.0
Windspeed (knots) [109,110), Membership Value =0.00000000,0.0
Windspeed (knots) [110,111), Membership Value =0.00000000,0.0
Windspeed (knots) [111,112), Membership Value =0.00000000,0.0
Windspeed (knots) [112,113), Membership Value =0.00000000,0.0
Windspeed (knots) [113,114), Membership Value =0.00000000,0.0
Windspeed (knots) [114,115), Membership Value =0.00000000,0.0
Windspeed (knots) [115,116), Membership Value =0.00000000,0.0
Windspeed (knots) [116,117), Membership Value =0.00000000,0.0
Windspeed (knots) [117,118), Membership Value =0.00000000,0.0
Windspeed (knots) [118,119), Membership Value =0.00000000,0.0
Windspeed (knots) [119,120), Membership Value =0.00000000,0.0
Windspeed (knots) [120,121), Membership Value =0.00000000,0.0
Windspeed (knots) [121,122), Membership Value =0.00000000,0.0
Windspeed (knots) [122,123), Membership Value =0.00000000,0.0
Windspeed (knots) [123,124), Membership Value =0.00000000,0.0
Windspeed (knots) [124,125), Membership Value =0.00000000,0.0
LowestWindspeedThatIsWindyKnots for station KDEN is 8 knots.
Transition limited :false
bUseWeatherPrediction:false
The running average is 1
The y-int is 8
Energy harvested: 6498882.554168269
iGeneratingEnergyWhenGridNeedsEnergyMinutes =656263
iGeneratingEnergyWhenGridNeedsEnergyMinutes =656263
iUsingEnergyWhenGridNeedsEnergyMinutes =132672
iGeneratingEnergyWhenGridHasExcessEnergyMinutes = 1701
iUsingEnergyWhenGridHasExcessEnergyMinutes = 288
iIdleWhenGridDoesNotNeedEnergyMinutes = 44091
iIdleWhenGridNeedsEnergyMinutes = 3899464
iEnergyPriceIsZeroMinutes = 240
harvester.getEnergyHarvestedAVAILABLEKilowattHours( ): 2.052796085E7
harvester.getEnergyHarvestedKilowattHours(): 6498882.554168269
The y-int is 18
Energy harvested: 4103716.65
iGeneratingEnergyWhenGridNeedsEnergyMinutes =113068
iGeneratingEnergyWhenGridNeedsEnergyMinutes =113068
iUsingEnergyWhenGridNeedsEnergyMinutes =1
iGeneratingEnergyWhenGridHasExcessEnergyMinutes = 423
iUsingEnergyWhenGridHasExcessEnergyMinutes = 0
iIdleWhenGridDoesNotNeedEnergyMinutes = 45657
iIdleWhenGridNeedsEnergyMinutes = 4575330
iEnergyPriceIsZeroMinutes = 240
harvester.getEnergyHarvestedAVAILABLEKilowattHours( ): 2.052796085E7
harvester.getEnergyHarvestedKilowattHours(): 4103716.65
The y-int is 28
Energy harvested: 276072.9666666667
iGeneratingEnergyWhenGridNeedsEnergyMinutes =5483
iGeneratingEnergyWhenGridNeedsEnergyMinutes =5483
iUsingEnergyWhenGridNeedsEnergyMinutes =1
iGeneratingEnergyWhenGridHasExcessEnergyMinutes = 49
iUsingEnergyWhenGridHasExcessEnergyMinutes = 0
iIdleWhenGridDoesNotNeedEnergyMinutes = 46031
iIdleWhenGridNeedsEnergyMinutes = 4682915
iEnergyPriceIsZeroMinutes = 240
harvester.getEnergyHarvestedAVAILABLEKilowattHours( ): 2.052796085E7
harvester.getEnergyHarvestedKilowattHours(): 276072.9666666667
The y-int is 38
Energy harvested: 1000.0
iGeneratingEnergyWhenGridNeedsEnergyMinutes =20
iGeneratingEnergyWhenGridNeedsEnergyMinutes =20
iUsingEnergyWhenGridNeedsEnergyMinutes =1
iGeneratingEnergyWhenGridHasExcessEnergyMinutes = 0
iUsingEnergyWhenGridHasExcessEnergyMinutes = 0
iIdleWhenGridDoesNotNeedEnergyMinutes = 46080
iIdleWhenGridNeedsEnergyMinutes = 4688378
iEnergyPriceIsZeroMinutes = 240
harvester.getEnergyHarvestedAVAILABLEKilowattHours( ): 2.052796085E7
harvester.getEnergyHarvestedKilowattHours(): 1000.0
The running average is 31
The y-int is 8
Energy harvested: 7037097.243614752
iGeneratingEnergyWhenGridNeedsEnergyMinutes =729075
iGeneratingEnergyWhenGridNeedsEnergyMinutes =729075
iUsingEnergyWhenGridNeedsEnergyMinutes =73123
iGeneratingEnergyWhenGridHasExcessEnergyMinutes = 1748
iUsingEnergyWhenGridHasExcessEnergyMinutes = 190
iIdleWhenGridDoesNotNeedEnergyMinutes = 44142
iIdleWhenGridNeedsEnergyMinutes = 3886201
iEnergyPriceIsZeroMinutes = 240
harvester.getEnergyHarvestedAVAILABLEKilowattHours( ): 2.052796085E7
harvester.getEnergyHarvestedKilowattHours(): 7037097.243614752
The y-int is 18
Energy harvested: 4196084.5094443215
iGeneratingEnergyWhenGridNeedsEnergyMinutes =127528
iGeneratingEnergyWhenGridNeedsEnergyMinutes =127528
iUsingEnergyWhenGridNeedsEnergyMinutes =1085
iGeneratingEnergyWhenGridHasExcessEnergyMinutes = 497
iUsingEnergyWhenGridHasExcessEnergyMinutes = 1
iIdleWhenGridDoesNotNeedEnergyMinutes = 45582
iIdleWhenGridNeedsEnergyMinutes = 4559786
iEnergyPriceIsZeroMinutes = 240
harvester.getEnergyHarvestedAVAILABLEKilowattHours( ): 2.052796085E7
harvester.getEnergyHarvestedKilowattHours(): 4196084.5094443215
The y-int is 28
Energy harvested: 342718.66527777776
iGeneratingEnergyWhenGridNeedsEnergyMinutes =6981
iGeneratingEnergyWhenGridNeedsEnergyMinutes =6981
iUsingEnergyWhenGridNeedsEnergyMinutes =6
iGeneratingEnergyWhenGridHasExcessEnergyMinutes = 41
iUsingEnergyWhenGridHasExcessEnergyMinutes = 0
iIdleWhenGridDoesNotNeedEnergyMinutes = 46039
iIdleWhenGridNeedsEnergyMinutes = 4681412
iEnergyPriceIsZeroMinutes = 240
harvester.getEnergyHarvestedAVAILABLEKilowattHours( ): 2.052796085E7
harvester.getEnergyHarvestedKilowattHours(): 342718.66527777776
The y-int is 38
Energy harvested: 3250.0
iGeneratingEnergyWhenGridNeedsEnergyMinutes =65
iGeneratingEnergyWhenGridNeedsEnergyMinutes =65
iUsingEnergyWhenGridNeedsEnergyMinutes =1
iGeneratingEnergyWhenGridHasExcessEnergyMinutes = 0
iUsingEnergyWhenGridHasExcessEnergyMinutes = 0
iIdleWhenGridDoesNotNeedEnergyMinutes = 46080
iIdleWhenGridNeedsEnergyMinutes = 4688333
iEnergyPriceIsZeroMinutes = 240
harvester.getEnergyHarvestedAVAILABLEKilowattHours( ): 2.052796085E7
harvester.getEnergyHarvestedKilowattHours(): 3250.0
The running average is 61
The y-int is 8
Energy harvested: 7084135.908891984
iGeneratingEnergyWhenGridNeedsEnergyMinutes =734237
iGeneratingEnergyWhenGridNeedsEnergyMinutes =734237
iUsingEnergyWhenGridNeedsEnergyMinutes =58122
iGeneratingEnergyWhenGridHasExcessEnergyMinutes = 1755
iUsingEnergyWhenGridHasExcessEnergyMinutes = 211
iIdleWhenGridDoesNotNeedEnergyMinutes = 44114
iIdleWhenGridNeedsEnergyMinutes = 3896040
iEnergyPriceIsZeroMinutes = 240
harvester.getEnergyHarvestedAVAILABLEKilowattHours( ): 2.052796085E7
harvester.getEnergyHarvestedKilowattHours(): 7084135.908891984
The y-int is 18
Energy harvested: 3987405.0952776847
iGeneratingEnergyWhenGridNeedsEnergyMinutes =125484
iGeneratingEnergyWhenGridNeedsEnergyMinutes =125484
iUsingEnergyWhenGridNeedsEnergyMinutes =903
iGeneratingEnergyWhenGridHasExcessEnergyMinutes = 513
iUsingEnergyWhenGridHasExcessEnergyMinutes = 0
iIdleWhenGridDoesNotNeedEnergyMinutes = 45567
iIdleWhenGridNeedsEnergyMinutes = 4562012
iEnergyPriceIsZeroMinutes = 240
harvester.getEnergyHarvestedAVAILABLEKilowattHours( ): 2.052796085E7
harvester.getEnergyHarvestedKilowattHours(): 3987405.0952776847
The y-int is 28
Energy harvested: 326660.3661111111
iGeneratingEnergyWhenGridNeedsEnergyMinutes =6746
iGeneratingEnergyWhenGridNeedsEnergyMinutes =6746
iUsingEnergyWhenGridNeedsEnergyMinutes =2
iGeneratingEnergyWhenGridHasExcessEnergyMinutes = 18
iUsingEnergyWhenGridHasExcessEnergyMinutes = 0
iIdleWhenGridDoesNotNeedEnergyMinutes = 46062
iIdleWhenGridNeedsEnergyMinutes = 4681651
iEnergyPriceIsZeroMinutes = 240
harvester.getEnergyHarvestedAVAILABLEKilowattHours( ): 2.052796085E7
harvester.getEnergyHarvestedKilowattHours(): 326660.3661111111
The y-int is 38
Energy harvested: 2800.0
iGeneratingEnergyWhenGridNeedsEnergyMinutes =56
iGeneratingEnergyWhenGridNeedsEnergyMinutes =56
iUsingEnergyWhenGridNeedsEnergyMinutes =1
iGeneratingEnergyWhenGridHasExcessEnergyMinutes = 0
iUsingEnergyWhenGridHasExcessEnergyMinutes = 0
iIdleWhenGridDoesNotNeedEnergyMinutes = 46080
iIdleWhenGridNeedsEnergyMinutes = 4688342
iEnergyPriceIsZeroMinutes = 240
harvester.getEnergyHarvestedAVAILABLEKilowattHours( ): 2.052796085E7
harvester.getEnergyHarvestedKilowattHours(): 2800.0
The running average is 91
The y-int is 8
Energy harvested: 7055212.463891551
iGeneratingEnergyWhenGridNeedsEnergyMinutes =727072
iGeneratingEnergyWhenGridNeedsEnergyMinutes =727072
iUsingEnergyWhenGridNeedsEnergyMinutes =51736
iGeneratingEnergyWhenGridHasExcessEnergyMinutes = 1845
iUsingEnergyWhenGridHasExcessEnergyMinutes = 172
iIdleWhenGridDoesNotNeedEnergyMinutes = 44063
iIdleWhenGridNeedsEnergyMinutes = 3909591
iEnergyPriceIsZeroMinutes = 240
harvester.getEnergyHarvestedAVAILABLEKilowattHours( ): 2.052796085E7
harvester.getEnergyHarvestedKilowattHours(): 7055212.463891551
The y-int is 18
Energy harvested: 3730586.198888791
iGeneratingEnergyWhenGridNeedsEnergyMinutes =119826
iGeneratingEnergyWhenGridNeedsEnergyMinutes =119826
iUsingEnergyWhenGridNeedsEnergyMinutes =793
iGeneratingEnergyWhenGridHasExcessEnergyMinutes = 520
iUsingEnergyWhenGridHasExcessEnergyMinutes = 0
iIdleWhenGridDoesNotNeedEnergyMinutes = 45560
iIdleWhenGridNeedsEnergyMinutes = 4567780
iEnergyPriceIsZeroMinutes = 240
harvester.getEnergyHarvestedAVAILABLEKilowattHours( ): 2.052796085E7
harvester.getEnergyHarvestedKilowattHours(): 3730586.198888791
The y-int is 28
Energy harvested: 301111.06666666665
iGeneratingEnergyWhenGridNeedsEnergyMinutes =6327
iGeneratingEnergyWhenGridNeedsEnergyMinutes =6327
iUsingEnergyWhenGridNeedsEnergyMinutes =1
iGeneratingEnergyWhenGridHasExcessEnergyMinutes = 0
iUsingEnergyWhenGridHasExcessEnergyMinutes = 0
iIdleWhenGridDoesNotNeedEnergyMinutes = 46080
iIdleWhenGridNeedsEnergyMinutes = 4682071
iEnergyPriceIsZeroMinutes = 240
harvester.getEnergyHarvestedAVAILABLEKilowattHours( ): 2.052796085E7
harvester.getEnergyHarvestedKilowattHours(): 301111.06666666665
The y-int is 38
Energy harvested: 2450.0
iGeneratingEnergyWhenGridNeedsEnergyMinutes =49
iGeneratingEnergyWhenGridNeedsEnergyMinutes =49
iUsingEnergyWhenGridNeedsEnergyMinutes =1
iGeneratingEnergyWhenGridHasExcessEnergyMinutes = 0
iUsingEnergyWhenGridHasExcessEnergyMinutes = 0
iIdleWhenGridDoesNotNeedEnergyMinutes = 46080
iIdleWhenGridNeedsEnergyMinutes = 4688349
iEnergyPriceIsZeroMinutes = 240
harvester.getEnergyHarvestedAVAILABLEKilowattHours( ): 2.052796085E7
harvester.getEnergyHarvestedKilowattHours(): 2450.0
The running average is 121
The y-int is 8
Energy harvested: 7028213.745557834
iGeneratingEnergyWhenGridNeedsEnergyMinutes =720753
iGeneratingEnergyWhenGridNeedsEnergyMinutes =720753
iUsingEnergyWhenGridNeedsEnergyMinutes =46936
iGeneratingEnergyWhenGridHasExcessEnergyMinutes = 1808
iUsingEnergyWhenGridHasExcessEnergyMinutes = 174
iIdleWhenGridDoesNotNeedEnergyMinutes = 44098
iIdleWhenGridNeedsEnergyMinutes = 3920710
iEnergyPriceIsZeroMinutes = 240
harvester.getEnergyHarvestedAVAILABLEKilowattHours( ): 2.052796085E7
harvester.getEnergyHarvestedKilowattHours(): 7028213.745557834
The y-int is 18
Energy harvested: 3504149.4597221767
iGeneratingEnergyWhenGridNeedsEnergyMinutes =114913
iGeneratingEnergyWhenGridNeedsEnergyMinutes =114913
iUsingEnergyWhenGridNeedsEnergyMinutes =586
iGeneratingEnergyWhenGridHasExcessEnergyMinutes = 516
iUsingEnergyWhenGridHasExcessEnergyMinutes = 0
iIdleWhenGridDoesNotNeedEnergyMinutes = 45564
iIdleWhenGridNeedsEnergyMinutes = 4572900
iEnergyPriceIsZeroMinutes = 240
harvester.getEnergyHarvestedAVAILABLEKilowattHours( ): 2.052796085E7
harvester.getEnergyHarvestedKilowattHours(): 3504149.4597221767
The y-int is 28
Energy harvested: 272290.18333333335
iGeneratingEnergyWhenGridNeedsEnergyMinutes =5790
iGeneratingEnergyWhenGridNeedsEnergyMinutes =5790
iUsingEnergyWhenGridNeedsEnergyMinutes =1
iGeneratingEnergyWhenGridHasExcessEnergyMinutes = 0
iUsingEnergyWhenGridHasExcessEnergyMinutes = 0
iIdleWhenGridDoesNotNeedEnergyMinutes = 46080
iIdleWhenGridNeedsEnergyMinutes = 4682608
iEnergyPriceIsZeroMinutes = 240
harvester.getEnergyHarvestedAVAILABLEKilowattHours( ): 2.052796085E7
harvester.getEnergyHarvestedKilowattHours(): 272290.18333333335
The y-int is 38
Energy harvested: 2650.0
iGeneratingEnergyWhenGridNeedsEnergyMinutes =53
iGeneratingEnergyWhenGridNeedsEnergyMinutes =53
iUsingEnergyWhenGridNeedsEnergyMinutes =1
iGeneratingEnergyWhenGridHasExcessEnergyMinutes = 0
iUsingEnergyWhenGridHasExcessEnergyMinutes = 0
iIdleWhenGridDoesNotNeedEnergyMinutes = 46080
iIdleWhenGridNeedsEnergyMinutes = 4688345
iEnergyPriceIsZeroMinutes = 240
harvester.getEnergyHarvestedAVAILABLEKilowattHours( ): 2.052796085E7
harvester.getEnergyHarvestedKilowattHours(): 2650.0
Beginning testing mode:
station,&,y_intercept_for_month_1,&,running_average_size_minutes_for_month_1,&,y_intercept_for_month_2,&,running_average_size_minutes_for_month_2,&,y_intercept_for_month_3,&,running_average_size_minutes_for_month_3,&,y_intercept_for_month_4,&,running_average_size_minutes_for_month_4,&,y_intercept_for_month_5,&,running_average_size_minutes_for_month_5,&,y_intercept_for_month_6,&,running_average_size_minutes_for_month_6,&,y_intercept_for_month_7,&,running_average_size_minutes_for_month_7,&,y_intercept_for_month_8,&,running_average_size_minutes_for_month_8,&,y_intercept_for_month_9,&,running_average_size_minutes_for_month_9,&,y_intercept_for_month_10,&,running_average_size_minutes_for_month_10,&,y_intercept_for_month_11,&,running_average_size_minutes_for_month_11,&,y_intercept_for_month_12,&,running_average_size_minutes_for_month_12,&,dNetNorm,&,dMarketBalancePercentage,&,dMarketNetNorm,
results: KDEN,&,8,&,61,&,8,&,61,&,8,&,61,&,8,&,61,&,8,&,61,&,8,&,61,&,8,&,61,&,8,&,61,&,8,&,61,&,8,&,61,&,8,&,61,&,8,&,61,&,0.34283536593545316,&,0.8981248964295274,&,0.307908977523158
monthly visible minutes:KDEN,&,2013,&,8669,&,8672,&,8672,&,8672,&,8672,&,8672,&,8672,&,8672,&,8663,&,8672,&,8672,&,8672,&,
monthly visible minutes:KDEN,&,2014,&,8672,&,8672,&,8672,&,8672,&,8672,&,8672,&,8671,&,8672,&,8658,&,8672,&,8671,&,8672,&,
monthly minutes harvester between states:KDEN,&,2013,&,1545,&,1177,&,1241,&,988,&,1265,&,1299,&,1034,&,1954,&,1416,&,1330,&,1361,&,1433,&,
monthly minutes harvester between states:KDEN,&,2014,&,1095,&,1216,&,994,&,1429,&,950,&,1195,&,1641,&,1534,&,1713,&,1289,&,1405,&,1178,&,
station,&,y_intercept_for_month_1,&,running_average_size_minutes_for_month_1,&,y_intercept_for_month_2,&,running_average_size_minutes_for_month_2,&,y_intercept_for_month_3,&,running_average_size_minutes_for_month_3,&,y_intercept_for_month_4,&,running_average_size_minutes_for_month_4,&,y_intercept_for_month_5,&,running_average_size_minutes_for_month_5,&,y_intercept_for_month_6,&,running_average_size_minutes_for_month_6,&,y_intercept_for_month_7,&,running_average_size_minutes_for_month_7,&,y_intercept_for_month_8,&,running_average_size_minutes_for_month_8,&,y_intercept_for_month_9,&,running_average_size_minutes_for_month_9,&,y_intercept_for_month_10,&,running_average_size_minutes_for_month_10,&,y_intercept_for_month_11,&,running_average_size_minutes_for_month_11,&,y_intercept_for_month_12,&,running_average_size_minutes_for_month_12,&,dNetNorm,&,dMarketBalancePercentage,&,dMarketNetNorm,
results: KDEN,&,8,&,121,&,8,&,121,&,8,&,121,&,8,&,121,&,8,&,121,&,8,&,121,&,8,&,121,&,8,&,121,&,8,&,121,&,8,&,121,&,8,&,121,&,8,&,121,&,0.33675736434829545,&,0.9138539469229366,&,0.30774704656505525
monthly visible minutes:KDEN,&,2013,&,8669,&,8672,&,8672,&,8672,&,8672,&,8672,&,8672,&,8672,&,8663,&,8672,&,8672,&,8672,&,
monthly visible minutes:KDEN,&,2014,&,8672,&,8672,&,8672,&,8672,&,8672,&,8672,&,8671,&,8672,&,8658,&,8672,&,8671,&,8672,&,
monthly minutes harvester between states:KDEN,&,2013,&,1545,&,1177,&,1241,&,988,&,1265,&,1299,&,1034,&,1954,&,1416,&,1330,&,1361,&,1433,&,
monthly minutes harvester between states:KDEN,&,2014,&,1095,&,1216,&,994,&,1429,&,950,&,1195,&,1641,&,1534,&,1713,&,1289,&,1405,&,1178,&,
Station: KDFW
abc: The current path is /home/guy/retractable-wind
I have found the property file.
The training windspeed filename is /trainingKDFW2004-2012in.csv
The testing windspeed filename is /testingKDFW2013-2014in.csv
Yes, the station is KDFW
Warning: The bAlsoUsePrediction no longer has any effect
iUsedAllItsAllocatedVisibilityMinutesPerMonth: 8760
Visibility Allocation Minutes:8760
HARVESTER_SIZE_SQM is 6362
Reading file
Success: /Wind turbine power curves - wind turbine power output against wind speed in knots.csv found.
Speed (Knots) = Speed(knots) vs power (kW) , Power (kW) =V90
Speed (Knots) = 0 , Power (kW) =0
Speed (Knots) = 1 , Power (kW) =0
Speed (Knots) = 2 , Power (kW) =0
Speed (Knots) = 3 , Power (kW) =0
Speed (Knots) = 4 , Power (kW) =0
Speed (Knots) = 5 , Power (kW) =0
Speed (Knots) = 6 , Power (kW) =0
Speed (Knots) = 7 , Power (kW) =38
Speed (Knots) = 8 , Power (kW) =87
Speed (Knots) = 9 , Power (kW) =141
Speed (Knots) = 10 , Power (kW) =207
Speed (Knots) = 11 , Power (kW) =286
Speed (Knots) = 12 , Power (kW) =382
Speed (Knots) = 13 , Power (kW) =496
Speed (Knots) = 14 , Power (kW) =628
Speed (Knots) = 15 , Power (kW) =781
Speed (Knots) = 16 , Power (kW) =957
Speed (Knots) = 17 , Power (kW) =1153
Speed (Knots) = 18 , Power (kW) =1366
Speed (Knots) = 19 , Power (kW) =1589
Speed (Knots) = 20 , Power (kW) =1814
Speed (Knots) = 21 , Power (kW) =2035
Speed (Knots) = 22 , Power (kW) =2250
Speed (Knots) = 23 , Power (kW) =2452
Speed (Knots) = 24 , Power (kW) =2634
Speed (Knots) = 25 , Power (kW) =2784
Speed (Knots) = 26 , Power (kW) =2888
Speed (Knots) = 27 , Power (kW) =2949
Speed (Knots) = 28 , Power (kW) =2980
Speed (Knots) = 29 , Power (kW) =2993
Speed (Knots) = 30 , Power (kW) =3000
Speed (Knots) = 31 , Power (kW) =3000
Speed (Knots) = 32 , Power (kW) =3000
Speed (Knots) = 33 , Power (kW) =3000
Speed (Knots) = 34 , Power (kW) =3000
Speed (Knots) = 35 , Power (kW) =3000
Speed (Knots) = 36 , Power (kW) =3000
Speed (Knots) = 37 , Power (kW) =3000
Speed (Knots) = 38 , Power (kW) =3000
Speed (Knots) = 39 , Power (kW) =3000
Speed (Knots) = 40 , Power (kW) =3000
Speed (Knots) = 41 , Power (kW) =3000
Speed (Knots) = 42 , Power (kW) =3000
Speed (Knots) = 43 , Power (kW) =3000
Speed (Knots) = 44 , Power (kW) =3000
Speed (Knots) = 45 , Power (kW) =3000
Speed (Knots) = 46 , Power (kW) =3000
Speed (Knots) = 47 , Power (kW) =3000
Speed (Knots) = 48 , Power (kW) =3000
Speed (Knots) = 49 , Power (kW) =0
Speed (Knots) = 50 , Power (kW) =0
Speed (Knots) = 51 , Power (kW) =0
Speed (Knots) = 52 , Power (kW) =0
Speed (Knots) = 53 , Power (kW) =0
Speed (Knots) = 54 , Power (kW) =0
Speed (Knots) = 55 , Power (kW) =0
Speed (Knots) = 56 , Power (kW) =0
Speed (Knots) = 57 , Power (kW) =0
Speed (Knots) = 58 , Power (kW) =0
Speed (Knots) = 59 , Power (kW) =0
Speed (Knots) = 60 , Power (kW) =0
The scale is 1.0
Wind power at 10 knots in kilowatts is 207.0
Wind power in-cut-out test 0.0
Class name:edu.pitt.cs.people.guy.wind.benchmarks.Static
Success: /Noise_Allowed_Time_Definitions_All_Stations.csv found.
The station is the record is KDFW
Success: /Noise_Allowed_Time_Definitions_All_Stations.csv found.
The station is the record is KDFW
I have found the membership file for NOT WINDY.
Windspeed (knots) [0,1), Membership Value =1.00000000,1.0
Windspeed (knots) [1,2), Membership Value =0.99998544,0.99998546
Windspeed (knots) [2,3), Membership Value =0.99976756,0.99976754
Windspeed (knots) [3,4), Membership Value =0.99867559,0.9986756
Windspeed (knots) [4,5), Membership Value =0.99529308,0.9952931
Windspeed (knots) [5,6), Membership Value =0.98756887,0.98756886
Windspeed (knots) [6,7), Membership Value =0.97221374,0.97221375
Windspeed (knots) [7,8), Membership Value =0.94777919,0.9477792
Windspeed (knots) [8,9), Membership Value =0.91291315,0.91291314
Windspeed (knots) [9,10), Membership Value =0.86600723,0.8660072
Windspeed (knots) [10,11), Membership Value =0.80840906,0.80840904
Windspeed (knots) [11,12), Membership Value =0.74102662,0.74102664
Windspeed (knots) [12,13), Membership Value =0.66476726,0.66476727
Windspeed (knots) [13,14), Membership Value =0.58088890,0.5808889
Windspeed (knots) [14,15), Membership Value =0.49271539,0.4927154
Windspeed (knots) [15,16), Membership Value =0.40051450,0.4005145
Windspeed (knots) [16,17), Membership Value =0.30825269,0.3082527
Windspeed (knots) [17,18), Membership Value =0.22172945,0.22172946
Windspeed (knots) [18,19), Membership Value =0.12917369,0.1291737
Windspeed (knots) [19,20), Membership Value =0.05659841,0.05659841
Windspeed (knots) [20,21), Membership Value =0.00000000,0.0
Windspeed (knots) [21,22), Membership Value =0.00000000,0.0
Windspeed (knots) [22,23), Membership Value =0.00000000,0.0
Windspeed (knots) [23,24), Membership Value =0.00000000,0.0
Windspeed (knots) [24,25), Membership Value =0.00000000,0.0
Windspeed (knots) [25,26), Membership Value =0.00000000,0.0
Windspeed (knots) [26,27), Membership Value =0.00000000,0.0
Windspeed (knots) [27,28), Membership Value =0.00000000,0.0
Windspeed (knots) [28,29), Membership Value =0.00000000,0.0
Windspeed (knots) [29,30), Membership Value =0.00000000,0.0
Windspeed (knots) [30,31), Membership Value =0.00000000,0.0
Windspeed (knots) [31,32), Membership Value =0.00000000,0.0
Windspeed (knots) [32,33), Membership Value =0.00000000,0.0
Windspeed (knots) [33,34), Membership Value =0.00000000,0.0
Windspeed (knots) [34,35), Membership Value =0.00000000,0.0
Windspeed (knots) [35,36), Membership Value =0.00000000,0.0
Windspeed (knots) [36,37), Membership Value =0.00000000,0.0
Windspeed (knots) [37,38), Membership Value =0.00000000,0.0
Windspeed (knots) [38,39), Membership Value =0.00000000,0.0
Windspeed (knots) [39,40), Membership Value =0.00000000,0.0
Windspeed (knots) [40,41), Membership Value =0.00000000,0.0
Windspeed (knots) [41,42), Membership Value =0.00000000,0.0
Windspeed (knots) [42,43), Membership Value =0.00000000,0.0
Windspeed (knots) [43,44), Membership Value =0.00000000,0.0
Windspeed (knots) [44,45), Membership Value =0.00000000,0.0
Windspeed (knots) [45,46), Membership Value =0.00000000,0.0
Windspeed (knots) [46,47), Membership Value =0.00000000,0.0
Windspeed (knots) [47,48), Membership Value =0.00000000,0.0
Windspeed (knots) [48,49), Membership Value =0.00000000,0.0
Windspeed (knots) [49,50), Membership Value =0.00000000,0.0
Windspeed (knots) [50,51), Membership Value =0.00000000,0.0
Windspeed (knots) [51,52), Membership Value =0.00000000,0.0
Windspeed (knots) [52,53), Membership Value =0.00000000,0.0
Windspeed (knots) [53,54), Membership Value =0.00000000,0.0
Windspeed (knots) [54,55), Membership Value =0.00000000,0.0
Windspeed (knots) [55,56), Membership Value =0.00000000,0.0
Windspeed (knots) [56,57), Membership Value =0.00000000,0.0
Windspeed (knots) [57,58), Membership Value =0.00000000,0.0
Windspeed (knots) [58,59), Membership Value =0.00000000,0.0
Windspeed (knots) [59,60), Membership Value =0.00000000,0.0
Windspeed (knots) [60,61), Membership Value =0.00000000,0.0
Windspeed (knots) [61,62), Membership Value =0.00000000,0.0
Windspeed (knots) [62,63), Membership Value =0.00000000,0.0
Windspeed (knots) [63,64), Membership Value =0.00000000,0.0
Windspeed (knots) [64,65), Membership Value =0.00000000,0.0
Windspeed (knots) [65,66), Membership Value =0.00000000,0.0
Windspeed (knots) [66,67), Membership Value =0.00000000,0.0
Windspeed (knots) [67,68), Membership Value =0.00000000,0.0
Windspeed (knots) [68,69), Membership Value =0.00000000,0.0
Windspeed (knots) [69,70), Membership Value =0.00000000,0.0
Windspeed (knots) [70,71), Membership Value =0.00000000,0.0
Windspeed (knots) [71,72), Membership Value =0.00000000,0.0
Windspeed (knots) [72,73), Membership Value =0.00000000,0.0
Windspeed (knots) [73,74), Membership Value =0.00000000,0.0
Windspeed (knots) [74,75), Membership Value =0.00000000,0.0
Windspeed (knots) [75,76), Membership Value =0.00000000,0.0
Windspeed (knots) [76,77), Membership Value =0.00000000,0.0
Windspeed (knots) [77,78), Membership Value =0.00000000,0.0
Windspeed (knots) [78,79), Membership Value =0.00000000,0.0
Windspeed (knots) [79,80), Membership Value =0.00000000,0.0
Windspeed (knots) [80,81), Membership Value =0.00000000,0.0
Windspeed (knots) [81,82), Membership Value =0.00000000,0.0
Windspeed (knots) [82,83), Membership Value =0.00000000,0.0
Windspeed (knots) [83,84), Membership Value =0.00000000,0.0
Windspeed (knots) [84,85), Membership Value =0.00000000,0.0
Windspeed (knots) [85,86), Membership Value =0.00000000,0.0
Windspeed (knots) [86,87), Membership Value =0.00000000,0.0
Windspeed (knots) [87,88), Membership Value =0.00000000,0.0
Windspeed (knots) [88,89), Membership Value =0.00000000,0.0
Windspeed (knots) [89,90), Membership Value =0.00000000,0.0
Windspeed (knots) [90,91), Membership Value =0.00000000,0.0
Windspeed (knots) [91,92), Membership Value =0.00000000,0.0
Windspeed (knots) [92,93), Membership Value =0.00000000,0.0
Windspeed (knots) [93,94), Membership Value =0.00000000,0.0
Windspeed (knots) [94,95), Membership Value =0.00000000,0.0
Windspeed (knots) [95,96), Membership Value =0.00000000,0.0
Windspeed (knots) [96,97), Membership Value =0.00000000,0.0
Windspeed (knots) [97,98), Membership Value =0.00000000,0.0
Windspeed (knots) [98,99), Membership Value =0.00000000,0.0
Windspeed (knots) [99,100), Membership Value =0.00000000,0.0
Windspeed (knots) [100,101), Membership Value =0.00000000,0.0
Windspeed (knots) [101,102), Membership Value =0.00000000,0.0
Windspeed (knots) [102,103), Membership Value =0.00000000,0.0
Windspeed (knots) [103,104), Membership Value =0.00000000,0.0
Windspeed (knots) [104,105), Membership Value =0.00000000,0.0
Windspeed (knots) [105,106), Membership Value =0.00000000,0.0
Windspeed (knots) [106,107), Membership Value =0.00000000,0.0
Windspeed (knots) [107,108), Membership Value =0.00000000,0.0
Windspeed (knots) [108,109), Membership Value =0.00000000,0.0
Windspeed (knots) [109,110), Membership Value =0.00000000,0.0
Windspeed (knots) [110,111), Membership Value =0.00000000,0.0
Windspeed (knots) [111,112), Membership Value =0.00000000,0.0
Windspeed (knots) [112,113), Membership Value =0.00000000,0.0
Windspeed (knots) [113,114), Membership Value =0.00000000,0.0
Windspeed (knots) [114,115), Membership Value =0.00000000,0.0
Windspeed (knots) [115,116), Membership Value =0.00000000,0.0
Windspeed (knots) [116,117), Membership Value =0.00000000,0.0
Windspeed (knots) [117,118), Membership Value =0.00000000,0.0
Windspeed (knots) [118,119), Membership Value =0.00000000,0.0
Windspeed (knots) [119,120), Membership Value =0.00000000,0.0
Windspeed (knots) [120,121), Membership Value =0.00000000,0.0
Windspeed (knots) [121,122), Membership Value =0.00000000,0.0
Windspeed (knots) [122,123), Membership Value =0.00000000,0.0
Windspeed (knots) [123,124), Membership Value =0.00000000,0.0
Windspeed (knots) [124,125), Membership Value =0.00000000,0.0
LowestWindspeedThatIsWindyKnots for station KDFW is 9 knots.
Transition limited :false
bUseWeatherPrediction:false
The running average is 1
The y-int is 9
Energy harvested: 8614340.228617579
iGeneratingEnergyWhenGridNeedsEnergyMinutes =722219
iGeneratingEnergyWhenGridNeedsEnergyMinutes =722219
iUsingEnergyWhenGridNeedsEnergyMinutes =94375
iGeneratingEnergyWhenGridHasExcessEnergyMinutes = 1555
iUsingEnergyWhenGridHasExcessEnergyMinutes = 108
iIdleWhenGridDoesNotNeedEnergyMinutes = 44417
iIdleWhenGridNeedsEnergyMinutes = 3870676
iEnergyPriceIsZeroMinutes = 240
harvester.getEnergyHarvestedAVAILABLEKilowattHours( ): 2.5167150666666668E7
harvester.getEnergyHarvestedKilowattHours(): 8614340.228617579
The y-int is 19
Energy harvested: 2946213.6
iGeneratingEnergyWhenGridNeedsEnergyMinutes =81336
iGeneratingEnergyWhenGridNeedsEnergyMinutes =81336
iUsingEnergyWhenGridNeedsEnergyMinutes =1
iGeneratingEnergyWhenGridHasExcessEnergyMinutes = 390
iUsingEnergyWhenGridHasExcessEnergyMinutes = 0
iIdleWhenGridDoesNotNeedEnergyMinutes = 45690
iIdleWhenGridNeedsEnergyMinutes = 4605933
iEnergyPriceIsZeroMinutes = 240
harvester.getEnergyHarvestedAVAILABLEKilowattHours( ): 2.5167150666666668E7
harvester.getEnergyHarvestedKilowattHours(): 2946213.6
The y-int is 29
Energy harvested: 32022.866666666665
iGeneratingEnergyWhenGridNeedsEnergyMinutes =641
iGeneratingEnergyWhenGridNeedsEnergyMinutes =641
iUsingEnergyWhenGridNeedsEnergyMinutes =1
iGeneratingEnergyWhenGridHasExcessEnergyMinutes = 0
iUsingEnergyWhenGridHasExcessEnergyMinutes = 0
iIdleWhenGridDoesNotNeedEnergyMinutes = 46080
iIdleWhenGridNeedsEnergyMinutes = 4686628
iEnergyPriceIsZeroMinutes = 240
harvester.getEnergyHarvestedAVAILABLEKilowattHours( ): 2.5167150666666668E7
harvester.getEnergyHarvestedKilowattHours(): 32022.866666666665
The y-int is 39
Energy harvested: 0.0
iGeneratingEnergyWhenGridNeedsEnergyMinutes =0
iGeneratingEnergyWhenGridNeedsEnergyMinutes =0
iUsingEnergyWhenGridNeedsEnergyMinutes =1
iGeneratingEnergyWhenGridHasExcessEnergyMinutes = 0
iUsingEnergyWhenGridHasExcessEnergyMinutes = 0
iIdleWhenGridDoesNotNeedEnergyMinutes = 46080
iIdleWhenGridNeedsEnergyMinutes = 4687269
iEnergyPriceIsZeroMinutes = 240
harvester.getEnergyHarvestedAVAILABLEKilowattHours( ): 2.5167150666666668E7
harvester.getEnergyHarvestedKilowattHours(): 0.0
The running average is 31
The y-int is 9
Energy harvested: 9042007.457781699
iGeneratingEnergyWhenGridNeedsEnergyMinutes =797753
iGeneratingEnergyWhenGridNeedsEnergyMinutes =797753
iUsingEnergyWhenGridNeedsEnergyMinutes =44451
iGeneratingEnergyWhenGridHasExcessEnergyMinutes = 1580
iUsingEnergyWhenGridHasExcessEnergyMinutes = 57
iIdleWhenGridDoesNotNeedEnergyMinutes = 44443
iIdleWhenGridNeedsEnergyMinutes = 3845066
iEnergyPriceIsZeroMinutes = 240
harvester.getEnergyHarvestedAVAILABLEKilowattHours( ): 2.5167150666666668E7
harvester.getEnergyHarvestedKilowattHours(): 9042007.457781699
The y-int is 19
Energy harvested: 3369551.9099999834
iGeneratingEnergyWhenGridNeedsEnergyMinutes =101449
iGeneratingEnergyWhenGridNeedsEnergyMinutes =101449
iUsingEnergyWhenGridNeedsEnergyMinutes =252
iGeneratingEnergyWhenGridHasExcessEnergyMinutes = 534
iUsingEnergyWhenGridHasExcessEnergyMinutes = 1
iIdleWhenGridDoesNotNeedEnergyMinutes = 45545
iIdleWhenGridNeedsEnergyMinutes = 4585569
iEnergyPriceIsZeroMinutes = 240
harvester.getEnergyHarvestedAVAILABLEKilowattHours( ): 2.5167150666666668E7
harvester.getEnergyHarvestedKilowattHours(): 3369551.9099999834
The y-int is 29
Energy harvested: 45849.0
iGeneratingEnergyWhenGridNeedsEnergyMinutes =939
iGeneratingEnergyWhenGridNeedsEnergyMinutes =939
iUsingEnergyWhenGridNeedsEnergyMinutes =1
iGeneratingEnergyWhenGridHasExcessEnergyMinutes = 0
iUsingEnergyWhenGridHasExcessEnergyMinutes = 0
iIdleWhenGridDoesNotNeedEnergyMinutes = 46080
iIdleWhenGridNeedsEnergyMinutes = 4686330
iEnergyPriceIsZeroMinutes = 240
harvester.getEnergyHarvestedAVAILABLEKilowattHours( ): 2.5167150666666668E7
harvester.getEnergyHarvestedKilowattHours(): 45849.0
The y-int is 39
Energy harvested: 0.0
iGeneratingEnergyWhenGridNeedsEnergyMinutes =0
iGeneratingEnergyWhenGridNeedsEnergyMinutes =0
iUsingEnergyWhenGridNeedsEnergyMinutes =1
iGeneratingEnergyWhenGridHasExcessEnergyMinutes = 0
iUsingEnergyWhenGridHasExcessEnergyMinutes = 0
iIdleWhenGridDoesNotNeedEnergyMinutes = 46080
iIdleWhenGridNeedsEnergyMinutes = 4687269
iEnergyPriceIsZeroMinutes = 240
harvester.getEnergyHarvestedAVAILABLEKilowattHours( ): 2.5167150666666668E7
harvester.getEnergyHarvestedKilowattHours(): 0.0
The running average is 61
The y-int is 9
Energy harvested: 9076909.759447742
iGeneratingEnergyWhenGridNeedsEnergyMinutes =802162
iGeneratingEnergyWhenGridNeedsEnergyMinutes =802162
iUsingEnergyWhenGridNeedsEnergyMinutes =36356
iGeneratingEnergyWhenGridHasExcessEnergyMinutes = 1580
iUsingEnergyWhenGridHasExcessEnergyMinutes = 57
iIdleWhenGridDoesNotNeedEnergyMinutes = 44443
iIdleWhenGridNeedsEnergyMinutes = 3848752
iEnergyPriceIsZeroMinutes = 240
harvester.getEnergyHarvestedAVAILABLEKilowattHours( ): 2.5167150666666668E7
harvester.getEnergyHarvestedKilowattHours(): 9076909.759447742
The y-int is 19
Energy harvested: 3316826.74388888
iGeneratingEnergyWhenGridNeedsEnergyMinutes =101981
iGeneratingEnergyWhenGridNeedsEnergyMinutes =101981
iUsingEnergyWhenGridNeedsEnergyMinutes =76
iGeneratingEnergyWhenGridHasExcessEnergyMinutes = 608
iUsingEnergyWhenGridHasExcessEnergyMinutes = 0
iIdleWhenGridDoesNotNeedEnergyMinutes = 45472
iIdleWhenGridNeedsEnergyMinutes = 4585213
iEnergyPriceIsZeroMinutes = 240
harvester.getEnergyHarvestedAVAILABLEKilowattHours( ): 2.5167150666666668E7
harvester.getEnergyHarvestedKilowattHours(): 3316826.74388888
The y-int is 29
Energy harvested: 46701.55
iGeneratingEnergyWhenGridNeedsEnergyMinutes =961
iGeneratingEnergyWhenGridNeedsEnergyMinutes =961
iUsingEnergyWhenGridNeedsEnergyMinutes =1
iGeneratingEnergyWhenGridHasExcessEnergyMinutes = 0
iUsingEnergyWhenGridHasExcessEnergyMinutes = 0
iIdleWhenGridDoesNotNeedEnergyMinutes = 46080
iIdleWhenGridNeedsEnergyMinutes = 4686308
iEnergyPriceIsZeroMinutes = 240
harvester.getEnergyHarvestedAVAILABLEKilowattHours( ): 2.5167150666666668E7
harvester.getEnergyHarvestedKilowattHours(): 46701.55
The y-int is 39
Energy harvested: 0.0
iGeneratingEnergyWhenGridNeedsEnergyMinutes =0
iGeneratingEnergyWhenGridNeedsEnergyMinutes =0
iUsingEnergyWhenGridNeedsEnergyMinutes =1
iGeneratingEnergyWhenGridHasExcessEnergyMinutes = 0
iUsingEnergyWhenGridHasExcessEnergyMinutes = 0
iIdleWhenGridDoesNotNeedEnergyMinutes = 46080
iIdleWhenGridNeedsEnergyMinutes = 4687269
iEnergyPriceIsZeroMinutes = 240
harvester.getEnergyHarvestedAVAILABLEKilowattHours( ): 2.5167150666666668E7
harvester.getEnergyHarvestedKilowattHours(): 0.0
The running average is 91
The y-int is 9
Energy harvested: 9063820.771669615
iGeneratingEnergyWhenGridNeedsEnergyMinutes =798130
iGeneratingEnergyWhenGridNeedsEnergyMinutes =798130
iUsingEnergyWhenGridNeedsEnergyMinutes =33056
iGeneratingEnergyWhenGridHasExcessEnergyMinutes = 1562
iUsingEnergyWhenGridHasExcessEnergyMinutes = 57
iIdleWhenGridDoesNotNeedEnergyMinutes = 44461
iIdleWhenGridNeedsEnergyMinutes = 3856084
iEnergyPriceIsZeroMinutes = 240
harvester.getEnergyHarvestedAVAILABLEKilowattHours( ): 2.5167150666666668E7
harvester.getEnergyHarvestedKilowattHours(): 9063820.771669615
The y-int is 19
Energy harvested: 3211877.5769444406
iGeneratingEnergyWhenGridNeedsEnergyMinutes =99961
iGeneratingEnergyWhenGridNeedsEnergyMinutes =99961
iUsingEnergyWhenGridNeedsEnergyMinutes =77
iGeneratingEnergyWhenGridHasExcessEnergyMinutes = 672
iUsingEnergyWhenGridHasExcessEnergyMinutes = 0
iIdleWhenGridDoesNotNeedEnergyMinutes = 45408
iIdleWhenGridNeedsEnergyMinutes = 4587232
iEnergyPriceIsZeroMinutes = 240
harvester.getEnergyHarvestedAVAILABLEKilowattHours( ): 2.5167150666666668E7
harvester.getEnergyHarvestedKilowattHours(): 3211877.5769444406
The y-int is 29
Energy harvested: 37991.15
iGeneratingEnergyWhenGridNeedsEnergyMinutes =791
iGeneratingEnergyWhenGridNeedsEnergyMinutes =791
iUsingEnergyWhenGridNeedsEnergyMinutes =1
iGeneratingEnergyWhenGridHasExcessEnergyMinutes = 0
iUsingEnergyWhenGridHasExcessEnergyMinutes = 0
iIdleWhenGridDoesNotNeedEnergyMinutes = 46080
iIdleWhenGridNeedsEnergyMinutes = 4686478
iEnergyPriceIsZeroMinutes = 240
harvester.getEnergyHarvestedAVAILABLEKilowattHours( ): 2.5167150666666668E7
harvester.getEnergyHarvestedKilowattHours(): 37991.15
The y-int is 39
Energy harvested: 0.0
iGeneratingEnergyWhenGridNeedsEnergyMinutes =0
iGeneratingEnergyWhenGridNeedsEnergyMinutes =0
iUsingEnergyWhenGridNeedsEnergyMinutes =1
iGeneratingEnergyWhenGridHasExcessEnergyMinutes = 0
iUsingEnergyWhenGridHasExcessEnergyMinutes = 0
iIdleWhenGridDoesNotNeedEnergyMinutes = 46080
iIdleWhenGridNeedsEnergyMinutes = 4687269
iEnergyPriceIsZeroMinutes = 240
harvester.getEnergyHarvestedAVAILABLEKilowattHours( ): 2.5167150666666668E7
harvester.getEnergyHarvestedKilowattHours(): 0.0
The running average is 121
The y-int is 9
Energy harvested: 9058261.151113901
iGeneratingEnergyWhenGridNeedsEnergyMinutes =792332
iGeneratingEnergyWhenGridNeedsEnergyMinutes =792332
iUsingEnergyWhenGridNeedsEnergyMinutes =31371
iGeneratingEnergyWhenGridHasExcessEnergyMinutes = 1550
iUsingEnergyWhenGridHasExcessEnergyMinutes = 57
iIdleWhenGridDoesNotNeedEnergyMinutes = 44473
iIdleWhenGridNeedsEnergyMinutes = 3863567
iEnergyPriceIsZeroMinutes = 240
harvester.getEnergyHarvestedAVAILABLEKilowattHours( ): 2.5167150666666668E7
harvester.getEnergyHarvestedKilowattHours(): 9058261.151113901
The y-int is 19
Energy harvested: 3077981.6636111066
iGeneratingEnergyWhenGridNeedsEnergyMinutes =96873
iGeneratingEnergyWhenGridNeedsEnergyMinutes =96873
iUsingEnergyWhenGridNeedsEnergyMinutes =65
iGeneratingEnergyWhenGridHasExcessEnergyMinutes = 709
iUsingEnergyWhenGridHasExcessEnergyMinutes = 0
iIdleWhenGridDoesNotNeedEnergyMinutes = 45371
iIdleWhenGridNeedsEnergyMinutes = 4590332
iEnergyPriceIsZeroMinutes = 240
harvester.getEnergyHarvestedAVAILABLEKilowattHours( ): 2.5167150666666668E7
harvester.getEnergyHarvestedKilowattHours(): 3077981.6636111066
The y-int is 29
Energy harvested: 30319.65
iGeneratingEnergyWhenGridNeedsEnergyMinutes =637
iGeneratingEnergyWhenGridNeedsEnergyMinutes =637
iUsingEnergyWhenGridNeedsEnergyMinutes =1
iGeneratingEnergyWhenGridHasExcessEnergyMinutes = 0
iUsingEnergyWhenGridHasExcessEnergyMinutes = 0
iIdleWhenGridDoesNotNeedEnergyMinutes = 46080
iIdleWhenGridNeedsEnergyMinutes = 4686632
iEnergyPriceIsZeroMinutes = 240
harvester.getEnergyHarvestedAVAILABLEKilowattHours( ): 2.5167150666666668E7
harvester.getEnergyHarvestedKilowattHours(): 30319.65
The y-int is 39
Energy harvested: 0.0
iGeneratingEnergyWhenGridNeedsEnergyMinutes =0
iGeneratingEnergyWhenGridNeedsEnergyMinutes =0
iUsingEnergyWhenGridNeedsEnergyMinutes =1
iGeneratingEnergyWhenGridHasExcessEnergyMinutes = 0
iUsingEnergyWhenGridHasExcessEnergyMinutes = 0
iIdleWhenGridDoesNotNeedEnergyMinutes = 46080
iIdleWhenGridNeedsEnergyMinutes = 4687269
iEnergyPriceIsZeroMinutes = 240
harvester.getEnergyHarvestedAVAILABLEKilowattHours( ): 2.5167150666666668E7
harvester.getEnergyHarvestedKilowattHours(): 0.0
Beginning testing mode:
station,&,y_intercept_for_month_1,&,running_average_size_minutes_for_month_1,&,y_intercept_for_month_2,&,running_average_size_minutes_for_month_2,&,y_intercept_for_month_3,&,running_average_size_minutes_for_month_3,&,y_intercept_for_month_4,&,running_average_size_minutes_for_month_4,&,y_intercept_for_month_5,&,running_average_size_minutes_for_month_5,&,y_intercept_for_month_6,&,running_average_size_minutes_for_month_6,&,y_intercept_for_month_7,&,running_average_size_minutes_for_month_7,&,y_intercept_for_month_8,&,running_average_size_minutes_for_month_8,&,y_intercept_for_month_9,&,running_average_size_minutes_for_month_9,&,y_intercept_for_month_10,&,running_average_size_minutes_for_month_10,&,y_intercept_for_month_11,&,running_average_size_minutes_for_month_11,&,y_intercept_for_month_12,&,running_average_size_minutes_for_month_12,&,dNetNorm,&,dMarketBalancePercentage,&,dMarketNetNorm,
results: KDFW,&,9,&,61,&,9,&,61,&,9,&,61,&,9,&,61,&,9,&,61,&,9,&,61,&,9,&,61,&,9,&,61,&,9,&,61,&,9,&,61,&,9,&,61,&,9,&,61,&,0.3170716080437028,&,0.9312631621000006,&,0.2952771083189107
monthly visible minutes:KDFW,&,2013,&,8672,&,8660,&,8672,&,8672,&,8672,&,8672,&,8672,&,7198,&,6333,&,8672,&,8672,&,7774,&,
monthly visible minutes:KDFW,&,2014,&,8672,&,8672,&,8672,&,8672,&,8672,&,8672,&,8672,&,8672,&,7697,&,8672,&,8672,&,8672,&,
monthly minutes harvester between states:KDFW,&,2013,&,722,&,661,&,722,&,646,&,646,&,821,&,1163,&,950,&,722,&,760,&,722,&,795,&,
monthly minutes harvester between states:KDFW,&,2014,&,684,&,722,&,753,&,646,&,641,&,677,&,1093,&,874,&,798,&,722,&,798,&,1026,&,
station,&,y_intercept_for_month_1,&,running_average_size_minutes_for_month_1,&,y_intercept_for_month_2,&,running_average_size_minutes_for_month_2,&,y_intercept_for_month_3,&,running_average_size_minutes_for_month_3,&,y_intercept_for_month_4,&,running_average_size_minutes_for_month_4,&,y_intercept_for_month_5,&,running_average_size_minutes_for_month_5,&,y_intercept_for_month_6,&,running_average_size_minutes_for_month_6,&,y_intercept_for_month_7,&,running_average_size_minutes_for_month_7,&,y_intercept_for_month_8,&,running_average_size_minutes_for_month_8,&,y_intercept_for_month_9,&,running_average_size_minutes_for_month_9,&,y_intercept_for_month_10,&,running_average_size_minutes_for_month_10,&,y_intercept_for_month_11,&,running_average_size_minutes_for_month_11,&,y_intercept_for_month_12,&,running_average_size_minutes_for_month_12,&,dNetNorm,&,dMarketBalancePercentage,&,dMarketNetNorm,
results: KDFW,&,9,&,91,&,9,&,91,&,9,&,91,&,9,&,91,&,9,&,91,&,9,&,91,&,9,&,91,&,9,&,91,&,9,&,91,&,9,&,91,&,9,&,91,&,9,&,91,&,0.31865498378801066,&,0.9349065396513178,&,0.2979126282358958
monthly visible minutes:KDFW,&,2013,&,8672,&,8660,&,8672,&,8672,&,8672,&,8672,&,8672,&,7198,&,6333,&,8672,&,8672,&,7774,&,
monthly visible minutes:KDFW,&,2014,&,8672,&,8672,&,8672,&,8672,&,8672,&,8672,&,8672,&,8672,&,7697,&,8672,&,8672,&,8672,&,
monthly minutes harvester between states:KDFW,&,2013,&,722,&,661,&,722,&,646,&,646,&,821,&,1163,&,950,&,722,&,760,&,722,&,795,&,
monthly minutes harvester between states:KDFW,&,2014,&,684,&,722,&,753,&,646,&,641,&,677,&,1093,&,874,&,798,&,722,&,798,&,1026,&,
Station: KDTW
abc: The current path is /home/guy/retractable-wind
I have found the property file.
The training windspeed filename is /trainingKDTW2004-2012in.csv
The testing windspeed filename is /testingKDTW2013-2014in.csv
Yes, the station is KDTW
Warning: The bAlsoUsePrediction no longer has any effect
iUsedAllItsAllocatedVisibilityMinutesPerMonth: 8760
Visibility Allocation Minutes:8760
HARVESTER_SIZE_SQM is 6362
Reading file
Success: /Wind turbine power curves - wind turbine power output against wind speed in knots.csv found.
Speed (Knots) = Speed(knots) vs power (kW) , Power (kW) =V90
Speed (Knots) = 0 , Power (kW) =0
Speed (Knots) = 1 , Power (kW) =0
Speed (Knots) = 2 , Power (kW) =0
Speed (Knots) = 3 , Power (kW) =0
Speed (Knots) = 4 , Power (kW) =0
Speed (Knots) = 5 , Power (kW) =0
Speed (Knots) = 6 , Power (kW) =0
Speed (Knots) = 7 , Power (kW) =38
Speed (Knots) = 8 , Power (kW) =87
Speed (Knots) = 9 , Power (kW) =141
Speed (Knots) = 10 , Power (kW) =207
Speed (Knots) = 11 , Power (kW) =286
Speed (Knots) = 12 , Power (kW) =382
Speed (Knots) = 13 , Power (kW) =496
Speed (Knots) = 14 , Power (kW) =628
Speed (Knots) = 15 , Power (kW) =781
Speed (Knots) = 16 , Power (kW) =957
Speed (Knots) = 17 , Power (kW) =1153
Speed (Knots) = 18 , Power (kW) =1366
Speed (Knots) = 19 , Power (kW) =1589
Speed (Knots) = 20 , Power (kW) =1814
Speed (Knots) = 21 , Power (kW) =2035
Speed (Knots) = 22 , Power (kW) =2250
Speed (Knots) = 23 , Power (kW) =2452
Speed (Knots) = 24 , Power (kW) =2634
Speed (Knots) = 25 , Power (kW) =2784
Speed (Knots) = 26 , Power (kW) =2888
Speed (Knots) = 27 , Power (kW) =2949
Speed (Knots) = 28 , Power (kW) =2980
Speed (Knots) = 29 , Power (kW) =2993
Speed (Knots) = 30 , Power (kW) =3000
Speed (Knots) = 31 , Power (kW) =3000
Speed (Knots) = 32 , Power (kW) =3000
Speed (Knots) = 33 , Power (kW) =3000
Speed (Knots) = 34 , Power (kW) =3000
Speed (Knots) = 35 , Power (kW) =3000
Speed (Knots) = 36 , Power (kW) =3000
Speed (Knots) = 37 , Power (kW) =3000
Speed (Knots) = 38 , Power (kW) =3000
Speed (Knots) = 39 , Power (kW) =3000
Speed (Knots) = 40 , Power (kW) =3000
Speed (Knots) = 41 , Power (kW) =3000
Speed (Knots) = 42 , Power (kW) =3000
Speed (Knots) = 43 , Power (kW) =3000
Speed (Knots) = 44 , Power (kW) =3000
Speed (Knots) = 45 , Power (kW) =3000
Speed (Knots) = 46 , Power (kW) =3000
Speed (Knots) = 47 , Power (kW) =3000
Speed (Knots) = 48 , Power (kW) =3000
Speed (Knots) = 49 , Power (kW) =0
Speed (Knots) = 50 , Power (kW) =0
Speed (Knots) = 51 , Power (kW) =0
Speed (Knots) = 52 , Power (kW) =0
Speed (Knots) = 53 , Power (kW) =0
Speed (Knots) = 54 , Power (kW) =0
Speed (Knots) = 55 , Power (kW) =0
Speed (Knots) = 56 , Power (kW) =0
Speed (Knots) = 57 , Power (kW) =0
Speed (Knots) = 58 , Power (kW) =0
Speed (Knots) = 59 , Power (kW) =0
Speed (Knots) = 60 , Power (kW) =0
The scale is 1.0
Wind power at 10 knots in kilowatts is 207.0
Wind power in-cut-out test 0.0
Class name:edu.pitt.cs.people.guy.wind.benchmarks.Static
Success: /Noise_Allowed_Time_Definitions_All_Stations.csv found.
The station is the record is KDTW
Success: /Noise_Allowed_Time_Definitions_All_Stations.csv found.
The station is the record is KDTW
I have found the membership file for NOT WINDY.
Windspeed (knots) [0,1), Membership Value =1.00000000,1.0
Windspeed (knots) [1,2), Membership Value =0.99995578,0.9999558
Windspeed (knots) [2,3), Membership Value =0.99934990,0.9993499
Windspeed (knots) [3,4), Membership Value =0.99649259,0.99649256
Windspeed (knots) [4,5), Membership Value =0.98852857,0.98852855
Windspeed (knots) [5,6), Membership Value =0.97172833,0.9717283
Windspeed (knots) [6,7), Membership Value =0.94325019,0.9432502
Windspeed (knots) [7,8), Membership Value =0.90218840,0.9021884
Windspeed (knots) [8,9), Membership Value =0.84490642,0.84490645
Windspeed (knots) [9,10), Membership Value =0.77526065,0.7752606
Windspeed (knots) [10,11), Membership Value =0.69778752,0.6977875
Windspeed (knots) [11,12), Membership Value =0.61243102,0.61243105
Windspeed (knots) [12,13), Membership Value =0.52156740,0.5215674
Windspeed (knots) [13,14), Membership Value =0.43012402,0.430124
Windspeed (knots) [14,15), Membership Value =0.34026869,0.3402687
Windspeed (knots) [15,16), Membership Value =0.25529087,0.25529087
Windspeed (knots) [16,17), Membership Value =0.17604379,0.1760438
Windspeed (knots) [17,18), Membership Value =0.10520752,0.10520752
Windspeed (knots) [18,19), Membership Value =0.04344817,0.04344817
Windspeed (knots) [19,20), Membership Value =0.00000000,0.0
Windspeed (knots) [20,21), Membership Value =0.00000000,0.0
Windspeed (knots) [21,22), Membership Value =0.00000000,0.0
Windspeed (knots) [22,23), Membership Value =0.00000000,0.0
Windspeed (knots) [23,24), Membership Value =0.00000000,0.0
Windspeed (knots) [24,25), Membership Value =0.00000000,0.0
Windspeed (knots) [25,26), Membership Value =0.00000000,0.0
Windspeed (knots) [26,27), Membership Value =0.00000000,0.0
Windspeed (knots) [27,28), Membership Value =0.00000000,0.0
Windspeed (knots) [28,29), Membership Value =0.00000000,0.0
Windspeed (knots) [29,30), Membership Value =0.00000000,0.0
Windspeed (knots) [30,31), Membership Value =0.00000000,0.0
Windspeed (knots) [31,32), Membership Value =0.00000000,0.0
Windspeed (knots) [32,33), Membership Value =0.00000000,0.0
Windspeed (knots) [33,34), Membership Value =0.00000000,0.0
Windspeed (knots) [34,35), Membership Value =0.00000000,0.0
Windspeed (knots) [35,36), Membership Value =0.00000000,0.0
Windspeed (knots) [36,37), Membership Value =0.00000000,0.0
Windspeed (knots) [37,38), Membership Value =0.00000000,0.0
Windspeed (knots) [38,39), Membership Value =0.00000000,0.0
Windspeed (knots) [39,40), Membership Value =0.00000000,0.0
Windspeed (knots) [40,41), Membership Value =0.00000000,0.0
Windspeed (knots) [41,42), Membership Value =0.00000000,0.0
Windspeed (knots) [42,43), Membership Value =0.00000000,0.0
Windspeed (knots) [43,44), Membership Value =0.00000000,0.0
Windspeed (knots) [44,45), Membership Value =0.00000000,0.0
Windspeed (knots) [45,46), Membership Value =0.00000000,0.0
Windspeed (knots) [46,47), Membership Value =0.00000000,0.0
Windspeed (knots) [47,48), Membership Value =0.00000000,0.0
Windspeed (knots) [48,49), Membership Value =0.00000000,0.0
Windspeed (knots) [49,50), Membership Value =0.00000000,0.0
Windspeed (knots) [50,51), Membership Value =0.00000000,0.0
Windspeed (knots) [51,52), Membership Value =0.00000000,0.0
Windspeed (knots) [52,53), Membership Value =0.00000000,0.0
Windspeed (knots) [53,54), Membership Value =0.00000000,0.0
Windspeed (knots) [54,55), Membership Value =0.00000000,0.0
Windspeed (knots) [55,56), Membership Value =0.00000000,0.0
Windspeed (knots) [56,57), Membership Value =0.00000000,0.0
Windspeed (knots) [57,58), Membership Value =0.00000000,0.0
Windspeed (knots) [58,59), Membership Value =0.00000000,0.0
Windspeed (knots) [59,60), Membership Value =0.00000000,0.0
Windspeed (knots) [60,61), Membership Value =0.00000000,0.0
Windspeed (knots) [61,62), Membership Value =0.00000000,0.0
Windspeed (knots) [62,63), Membership Value =0.00000000,0.0
Windspeed (knots) [63,64), Membership Value =0.00000000,0.0
Windspeed (knots) [64,65), Membership Value =0.00000000,0.0
Windspeed (knots) [65,66), Membership Value =0.00000000,0.0
Windspeed (knots) [66,67), Membership Value =0.00000000,0.0
Windspeed (knots) [67,68), Membership Value =0.00000000,0.0
Windspeed (knots) [68,69), Membership Value =0.00000000,0.0
Windspeed (knots) [69,70), Membership Value =0.00000000,0.0
Windspeed (knots) [70,71), Membership Value =0.00000000,0.0
Windspeed (knots) [71,72), Membership Value =0.00000000,0.0
Windspeed (knots) [72,73), Membership Value =0.00000000,0.0
Windspeed (knots) [73,74), Membership Value =0.00000000,0.0
Windspeed (knots) [74,75), Membership Value =0.00000000,0.0
Windspeed (knots) [75,76), Membership Value =0.00000000,0.0
Windspeed (knots) [76,77), Membership Value =0.00000000,0.0
Windspeed (knots) [77,78), Membership Value =0.00000000,0.0
Windspeed (knots) [78,79), Membership Value =0.00000000,0.0
Windspeed (knots) [79,80), Membership Value =0.00000000,0.0
Windspeed (knots) [80,81), Membership Value =0.00000000,0.0
Windspeed (knots) [81,82), Membership Value =0.00000000,0.0
Windspeed (knots) [82,83), Membership Value =0.00000000,0.0
Windspeed (knots) [83,84), Membership Value =0.00000000,0.0
Windspeed (knots) [84,85), Membership Value =0.00000000,0.0
Windspeed (knots) [85,86), Membership Value =0.00000000,0.0
Windspeed (knots) [86,87), Membership Value =0.00000000,0.0
Windspeed (knots) [87,88), Membership Value =0.00000000,0.0
Windspeed (knots) [88,89), Membership Value =0.00000000,0.0
Windspeed (knots) [89,90), Membership Value =0.00000000,0.0
Windspeed (knots) [90,91), Membership Value =0.00000000,0.0
Windspeed (knots) [91,92), Membership Value =0.00000000,0.0
Windspeed (knots) [92,93), Membership Value =0.00000000,0.0
Windspeed (knots) [93,94), Membership Value =0.00000000,0.0
Windspeed (knots) [94,95), Membership Value =0.00000000,0.0
Windspeed (knots) [95,96), Membership Value =0.00000000,0.0
Windspeed (knots) [96,97), Membership Value =0.00000000,0.0
Windspeed (knots) [97,98), Membership Value =0.00000000,0.0
Windspeed (knots) [98,99), Membership Value =0.00000000,0.0
Windspeed (knots) [99,100), Membership Value =0.00000000,0.0
Windspeed (knots) [100,101), Membership Value =0.00000000,0.0
Windspeed (knots) [101,102), Membership Value =0.00000000,0.0
Windspeed (knots) [102,103), Membership Value =0.00000000,0.0
Windspeed (knots) [103,104), Membership Value =0.00000000,0.0
Windspeed (knots) [104,105), Membership Value =0.00000000,0.0
Windspeed (knots) [105,106), Membership Value =0.00000000,0.0
Windspeed (knots) [106,107), Membership Value =0.00000000,0.0
Windspeed (knots) [107,108), Membership Value =0.00000000,0.0
Windspeed (knots) [108,109), Membership Value =0.00000000,0.0
Windspeed (knots) [109,110), Membership Value =0.00000000,0.0
Windspeed (knots) [110,111), Membership Value =0.00000000,0.0
Windspeed (knots) [111,112), Membership Value =0.00000000,0.0
Windspeed (knots) [112,113), Membership Value =0.00000000,0.0
Windspeed (knots) [113,114), Membership Value =0.00000000,0.0
Windspeed (knots) [114,115), Membership Value =0.00000000,0.0
Windspeed (knots) [115,116), Membership Value =0.00000000,0.0
Windspeed (knots) [116,117), Membership Value =0.00000000,0.0
Windspeed (knots) [117,118), Membership Value =0.00000000,0.0
Windspeed (knots) [118,119), Membership Value =0.00000000,0.0
Windspeed (knots) [119,120), Membership Value =0.00000000,0.0
Windspeed (knots) [120,121), Membership Value =0.00000000,0.0
Windspeed (knots) [121,122), Membership Value =0.00000000,0.0
Windspeed (knots) [122,123), Membership Value =0.00000000,0.0
Windspeed (knots) [123,124), Membership Value =0.00000000,0.0
Windspeed (knots) [124,125), Membership Value =0.00000000,0.0
LowestWindspeedThatIsWindyKnots for station KDTW is 8 knots.
Transition limited :false
bUseWeatherPrediction:false
The running average is 1
The y-int is 8
Energy harvested: 5679218.819718151
iGeneratingEnergyWhenGridNeedsEnergyMinutes =718977
iGeneratingEnergyWhenGridNeedsEnergyMinutes =718977
iUsingEnergyWhenGridNeedsEnergyMinutes =103291
iGeneratingEnergyWhenGridHasExcessEnergyMinutes = 1721
iUsingEnergyWhenGridHasExcessEnergyMinutes = 100
iIdleWhenGridDoesNotNeedEnergyMinutes = 44259
iIdleWhenGridNeedsEnergyMinutes = 3864942
iEnergyPriceIsZeroMinutes = 240
harvester.getEnergyHarvestedAVAILABLEKilowattHours( ): 1.493492915E7
harvester.getEnergyHarvestedKilowattHours(): 5679218.819718151
The y-int is 18
Energy harvested: 1807834.6666666667
iGeneratingEnergyWhenGridNeedsEnergyMinutes =53017
iGeneratingEnergyWhenGridNeedsEnergyMinutes =53017
iUsingEnergyWhenGridNeedsEnergyMinutes =1
iGeneratingEnergyWhenGridHasExcessEnergyMinutes = 179
iUsingEnergyWhenGridHasExcessEnergyMinutes = 0
iIdleWhenGridDoesNotNeedEnergyMinutes = 45901
iIdleWhenGridNeedsEnergyMinutes = 4634192
iEnergyPriceIsZeroMinutes = 240
harvester.getEnergyHarvestedAVAILABLEKilowattHours( ): 1.493492915E7
harvester.getEnergyHarvestedKilowattHours(): 1807834.6666666667
The y-int is 28
Energy harvested: 42831.88333333333
iGeneratingEnergyWhenGridNeedsEnergyMinutes =859
iGeneratingEnergyWhenGridNeedsEnergyMinutes =859
iUsingEnergyWhenGridNeedsEnergyMinutes =1
iGeneratingEnergyWhenGridHasExcessEnergyMinutes = 0
iUsingEnergyWhenGridHasExcessEnergyMinutes = 0
iIdleWhenGridDoesNotNeedEnergyMinutes = 46080
iIdleWhenGridNeedsEnergyMinutes = 4686350
iEnergyPriceIsZeroMinutes = 240
harvester.getEnergyHarvestedAVAILABLEKilowattHours( ): 1.493492915E7
harvester.getEnergyHarvestedKilowattHours(): 42831.88333333333
The y-int is 38
Energy harvested: 0.0
iGeneratingEnergyWhenGridNeedsEnergyMinutes =0
iGeneratingEnergyWhenGridNeedsEnergyMinutes =0
iUsingEnergyWhenGridNeedsEnergyMinutes =1
iGeneratingEnergyWhenGridHasExcessEnergyMinutes = 0
iUsingEnergyWhenGridHasExcessEnergyMinutes = 0
iIdleWhenGridDoesNotNeedEnergyMinutes = 46080
iIdleWhenGridNeedsEnergyMinutes = 4687209
iEnergyPriceIsZeroMinutes = 240
harvester.getEnergyHarvestedAVAILABLEKilowattHours( ): 1.493492915E7
harvester.getEnergyHarvestedKilowattHours(): 0.0
The running average is 31
The y-int is 8
Energy harvested: 5999337.206943355
iGeneratingEnergyWhenGridNeedsEnergyMinutes =791610
iGeneratingEnergyWhenGridNeedsEnergyMinutes =791610
iUsingEnergyWhenGridNeedsEnergyMinutes =48532
iGeneratingEnergyWhenGridHasExcessEnergyMinutes = 1728
iUsingEnergyWhenGridHasExcessEnergyMinutes = 57
iIdleWhenGridDoesNotNeedEnergyMinutes = 44295
iIdleWhenGridNeedsEnergyMinutes = 3847068
iEnergyPriceIsZeroMinutes = 240
harvester.getEnergyHarvestedAVAILABLEKilowattHours( ): 1.493492915E7
harvester.getEnergyHarvestedKilowattHours(): 5999337.206943355
The y-int is 18
Energy harvested: 2082936.0811111191
iGeneratingEnergyWhenGridNeedsEnergyMinutes =68318
iGeneratingEnergyWhenGridNeedsEnergyMinutes =68318
iUsingEnergyWhenGridNeedsEnergyMinutes =518
iGeneratingEnergyWhenGridHasExcessEnergyMinutes = 203
iUsingEnergyWhenGridHasExcessEnergyMinutes = 0
iIdleWhenGridDoesNotNeedEnergyMinutes = 45877
iIdleWhenGridNeedsEnergyMinutes = 4618374
iEnergyPriceIsZeroMinutes = 240
harvester.getEnergyHarvestedAVAILABLEKilowattHours( ): 1.493492915E7
harvester.getEnergyHarvestedKilowattHours(): 2082936.0811111191
The y-int is 28
Energy harvested: 71901.96666666666
iGeneratingEnergyWhenGridNeedsEnergyMinutes =1482
iGeneratingEnergyWhenGridNeedsEnergyMinutes =1482
iUsingEnergyWhenGridNeedsEnergyMinutes =1
iGeneratingEnergyWhenGridHasExcessEnergyMinutes = 0
iUsingEnergyWhenGridHasExcessEnergyMinutes = 0
iIdleWhenGridDoesNotNeedEnergyMinutes = 46080
iIdleWhenGridNeedsEnergyMinutes = 4685727
iEnergyPriceIsZeroMinutes = 240
harvester.getEnergyHarvestedAVAILABLEKilowattHours( ): 1.493492915E7
harvester.getEnergyHarvestedKilowattHours(): 71901.96666666666
The y-int is 38
Energy harvested: 0.0
iGeneratingEnergyWhenGridNeedsEnergyMinutes =0
iGeneratingEnergyWhenGridNeedsEnergyMinutes =0
iUsingEnergyWhenGridNeedsEnergyMinutes =1
iGeneratingEnergyWhenGridHasExcessEnergyMinutes = 0
iUsingEnergyWhenGridHasExcessEnergyMinutes = 0
iIdleWhenGridDoesNotNeedEnergyMinutes = 46080
iIdleWhenGridNeedsEnergyMinutes = 4687209
iEnergyPriceIsZeroMinutes = 240
harvester.getEnergyHarvestedAVAILABLEKilowattHours( ): 1.493492915E7
harvester.getEnergyHarvestedKilowattHours(): 0.0
The running average is 61
The y-int is 8
Energy harvested: 6046890.213610335
iGeneratingEnergyWhenGridNeedsEnergyMinutes =796270
iGeneratingEnergyWhenGridNeedsEnergyMinutes =796270
iUsingEnergyWhenGridNeedsEnergyMinutes =38462
iGeneratingEnergyWhenGridHasExcessEnergyMinutes = 1716
iUsingEnergyWhenGridHasExcessEnergyMinutes = 57
iIdleWhenGridDoesNotNeedEnergyMinutes = 44307
iIdleWhenGridNeedsEnergyMinutes = 3852478
iEnergyPriceIsZeroMinutes = 240
harvester.getEnergyHarvestedAVAILABLEKilowattHours( ): 1.493492915E7
harvester.getEnergyHarvestedKilowattHours(): 6046890.213610335
The y-int is 18
Energy harvested: 2080026.608055558
iGeneratingEnergyWhenGridNeedsEnergyMinutes =70029
iGeneratingEnergyWhenGridNeedsEnergyMinutes =70029
iUsingEnergyWhenGridNeedsEnergyMinutes =197
iGeneratingEnergyWhenGridHasExcessEnergyMinutes = 227
iUsingEnergyWhenGridHasExcessEnergyMinutes = 0
iIdleWhenGridDoesNotNeedEnergyMinutes = 45853
iIdleWhenGridNeedsEnergyMinutes = 4616984
iEnergyPriceIsZeroMinutes = 240
harvester.getEnergyHarvestedAVAILABLEKilowattHours( ): 1.493492915E7
harvester.getEnergyHarvestedKilowattHours(): 2080026.608055558
The y-int is 28
Energy harvested: 71802.25
iGeneratingEnergyWhenGridNeedsEnergyMinutes =1489
iGeneratingEnergyWhenGridNeedsEnergyMinutes =1489
iUsingEnergyWhenGridNeedsEnergyMinutes =1
iGeneratingEnergyWhenGridHasExcessEnergyMinutes = 0
iUsingEnergyWhenGridHasExcessEnergyMinutes = 0
iIdleWhenGridDoesNotNeedEnergyMinutes = 46080
iIdleWhenGridNeedsEnergyMinutes = 4685720
iEnergyPriceIsZeroMinutes = 240
harvester.getEnergyHarvestedAVAILABLEKilowattHours( ): 1.493492915E7
harvester.getEnergyHarvestedKilowattHours(): 71802.25
The y-int is 38
Energy harvested: 0.0
iGeneratingEnergyWhenGridNeedsEnergyMinutes =0
iGeneratingEnergyWhenGridNeedsEnergyMinutes =0
iUsingEnergyWhenGridNeedsEnergyMinutes =1
iGeneratingEnergyWhenGridHasExcessEnergyMinutes = 0
iUsingEnergyWhenGridHasExcessEnergyMinutes = 0
iIdleWhenGridDoesNotNeedEnergyMinutes = 46080
iIdleWhenGridNeedsEnergyMinutes = 4687209
iEnergyPriceIsZeroMinutes = 240
harvester.getEnergyHarvestedAVAILABLEKilowattHours( ): 1.493492915E7
harvester.getEnergyHarvestedKilowattHours(): 0.0
The running average is 91
The y-int is 8
Energy harvested: 6069347.830554897
iGeneratingEnergyWhenGridNeedsEnergyMinutes =792497
iGeneratingEnergyWhenGridNeedsEnergyMinutes =792497
iUsingEnergyWhenGridNeedsEnergyMinutes =34318
iGeneratingEnergyWhenGridHasExcessEnergyMinutes = 1826
iUsingEnergyWhenGridHasExcessEnergyMinutes = 57
iIdleWhenGridDoesNotNeedEnergyMinutes = 44197
iIdleWhenGridNeedsEnergyMinutes = 3860395
iEnergyPriceIsZeroMinutes = 240
harvester.getEnergyHarvestedAVAILABLEKilowattHours( ): 1.493492915E7
harvester.getEnergyHarvestedKilowattHours(): 6069347.830554897
The y-int is 18
Energy harvested: 2012941.2680555575
iGeneratingEnergyWhenGridNeedsEnergyMinutes =68782
iGeneratingEnergyWhenGridNeedsEnergyMinutes =68782
iUsingEnergyWhenGridNeedsEnergyMinutes =164
iGeneratingEnergyWhenGridHasExcessEnergyMinutes = 236
iUsingEnergyWhenGridHasExcessEnergyMinutes = 0
iIdleWhenGridDoesNotNeedEnergyMinutes = 45844
iIdleWhenGridNeedsEnergyMinutes = 4618264
iEnergyPriceIsZeroMinutes = 240
harvester.getEnergyHarvestedAVAILABLEKilowattHours( ): 1.493492915E7
harvester.getEnergyHarvestedKilowattHours(): 2012941.2680555575
The y-int is 28
Energy harvested: 65380.05
iGeneratingEnergyWhenGridNeedsEnergyMinutes =1359
iGeneratingEnergyWhenGridNeedsEnergyMinutes =1359
iUsingEnergyWhenGridNeedsEnergyMinutes =1
iGeneratingEnergyWhenGridHasExcessEnergyMinutes = 0
iUsingEnergyWhenGridHasExcessEnergyMinutes = 0
iIdleWhenGridDoesNotNeedEnergyMinutes = 46080
iIdleWhenGridNeedsEnergyMinutes = 4685850
iEnergyPriceIsZeroMinutes = 240
harvester.getEnergyHarvestedAVAILABLEKilowattHours( ): 1.493492915E7
harvester.getEnergyHarvestedKilowattHours(): 65380.05
The y-int is 38
Energy harvested: 0.0
iGeneratingEnergyWhenGridNeedsEnergyMinutes =0
iGeneratingEnergyWhenGridNeedsEnergyMinutes =0
iUsingEnergyWhenGridNeedsEnergyMinutes =1
iGeneratingEnergyWhenGridHasExcessEnergyMinutes = 0
iUsingEnergyWhenGridHasExcessEnergyMinutes = 0
iIdleWhenGridDoesNotNeedEnergyMinutes = 46080
iIdleWhenGridNeedsEnergyMinutes = 4687209
iEnergyPriceIsZeroMinutes = 240
harvester.getEnergyHarvestedAVAILABLEKilowattHours( ): 1.493492915E7
harvester.getEnergyHarvestedKilowattHours(): 0.0
The running average is 121
The y-int is 8
Energy harvested: 6063906.977499459
iGeneratingEnergyWhenGridNeedsEnergyMinutes =785620
iGeneratingEnergyWhenGridNeedsEnergyMinutes =785620
iUsingEnergyWhenGridNeedsEnergyMinutes =32209
iGeneratingEnergyWhenGridHasExcessEnergyMinutes = 2090
iUsingEnergyWhenGridHasExcessEnergyMinutes = 73
iIdleWhenGridDoesNotNeedEnergyMinutes = 43917
iIdleWhenGridNeedsEnergyMinutes = 3869381
iEnergyPriceIsZeroMinutes = 240
harvester.getEnergyHarvestedAVAILABLEKilowattHours( ): 1.493492915E7
harvester.getEnergyHarvestedKilowattHours(): 6063906.977499459
The y-int is 18
Energy harvested: 1932411.2250000015
iGeneratingEnergyWhenGridNeedsEnergyMinutes =67096
iGeneratingEnergyWhenGridNeedsEnergyMinutes =67096
iUsingEnergyWhenGridNeedsEnergyMinutes =85
iGeneratingEnergyWhenGridHasExcessEnergyMinutes = 240
iUsingEnergyWhenGridHasExcessEnergyMinutes = 0
iIdleWhenGridDoesNotNeedEnergyMinutes = 45840
iIdleWhenGridNeedsEnergyMinutes = 4620029
iEnergyPriceIsZeroMinutes = 240
harvester.getEnergyHarvestedAVAILABLEKilowattHours( ): 1.493492915E7
harvester.getEnergyHarvestedKilowattHours(): 1932411.2250000015
The y-int is 28
Energy harvested: 58786.433333333334
iGeneratingEnergyWhenGridNeedsEnergyMinutes =1228
iGeneratingEnergyWhenGridNeedsEnergyMinutes =1228
iUsingEnergyWhenGridNeedsEnergyMinutes =1
iGeneratingEnergyWhenGridHasExcessEnergyMinutes = 0
iUsingEnergyWhenGridHasExcessEnergyMinutes = 0
iIdleWhenGridDoesNotNeedEnergyMinutes = 46080
iIdleWhenGridNeedsEnergyMinutes = 4685981
iEnergyPriceIsZeroMinutes = 240
harvester.getEnergyHarvestedAVAILABLEKilowattHours( ): 1.493492915E7
harvester.getEnergyHarvestedKilowattHours(): 58786.433333333334
The y-int is 38
Energy harvested: 0.0
iGeneratingEnergyWhenGridNeedsEnergyMinutes =0
iGeneratingEnergyWhenGridNeedsEnergyMinutes =0
iUsingEnergyWhenGridNeedsEnergyMinutes =1
iGeneratingEnergyWhenGridHasExcessEnergyMinutes = 0
iUsingEnergyWhenGridHasExcessEnergyMinutes = 0
iIdleWhenGridDoesNotNeedEnergyMinutes = 46080
iIdleWhenGridNeedsEnergyMinutes = 4687209
iEnergyPriceIsZeroMinutes = 240
harvester.getEnergyHarvestedAVAILABLEKilowattHours( ): 1.493492915E7
harvester.getEnergyHarvestedKilowattHours(): 0.0
Beginning testing mode:
station,&,y_intercept_for_month_1,&,running_average_size_minutes_for_month_1,&,y_intercept_for_month_2,&,running_average_size_minutes_for_month_2,&,y_intercept_for_month_3,&,running_average_size_minutes_for_month_3,&,y_intercept_for_month_4,&,running_average_size_minutes_for_month_4,&,y_intercept_for_month_5,&,running_average_size_minutes_for_month_5,&,y_intercept_for_month_6,&,running_average_size_minutes_for_month_6,&,y_intercept_for_month_7,&,running_average_size_minutes_for_month_7,&,y_intercept_for_month_8,&,running_average_size_minutes_for_month_8,&,y_intercept_for_month_9,&,running_average_size_minutes_for_month_9,&,y_intercept_for_month_10,&,running_average_size_minutes_for_month_10,&,y_intercept_for_month_11,&,running_average_size_minutes_for_month_11,&,y_intercept_for_month_12,&,running_average_size_minutes_for_month_12,&,dNetNorm,&,dMarketBalancePercentage,&,dMarketNetNorm,
results: KDTW,&,8,&,91,&,8,&,91,&,8,&,91,&,8,&,91,&,8,&,91,&,8,&,91,&,8,&,91,&,8,&,91,&,8,&,91,&,8,&,91,&,8,&,91,&,8,&,91,&,0.4066412637665231,&,0.9294220278320516,&,0.37794134797007006
monthly visible minutes:KDTW,&,2013,&,8672,&,8672,&,8672,&,8672,&,8672,&,8672,&,8143,&,8376,&,8154,&,8672,&,8672,&,8672,&,
monthly visible minutes:KDTW,&,2014,&,8655,&,8672,&,8672,&,8672,&,8672,&,8175,&,8672,&,6549,&,6777,&,8672,&,8672,&,8672,&,
monthly minutes harvester between states:KDTW,&,2013,&,570,&,646,&,637,&,608,&,722,&,836,&,950,&,827,&,722,&,722,&,570,&,608,&,
monthly minutes harvester between states:KDTW,&,2014,&,608,&,570,&,699,&,722,&,836,&,722,&,798,&,684,&,608,&,798,&,581,&,608,&,
station,&,y_intercept_for_month_1,&,running_average_size_minutes_for_month_1,&,y_intercept_for_month_2,&,running_average_size_minutes_for_month_2,&,y_intercept_for_month_3,&,running_average_size_minutes_for_month_3,&,y_intercept_for_month_4,&,running_average_size_minutes_for_month_4,&,y_intercept_for_month_5,&,running_average_size_minutes_for_month_5,&,y_intercept_for_month_6,&,running_average_size_minutes_for_month_6,&,y_intercept_for_month_7,&,running_average_size_minutes_for_month_7,&,y_intercept_for_month_8,&,running_average_size_minutes_for_month_8,&,y_intercept_for_month_9,&,running_average_size_minutes_for_month_9,&,y_intercept_for_month_10,&,running_average_size_minutes_for_month_10,&,y_intercept_for_month_11,&,running_average_size_minutes_for_month_11,&,y_intercept_for_month_12,&,running_average_size_minutes_for_month_12,&,dNetNorm,&,dMarketBalancePercentage,&,dMarketNetNorm,
results: KDTW,&,8,&,91,&,8,&,91,&,8,&,91,&,8,&,91,&,8,&,91,&,8,&,91,&,8,&,91,&,8,&,91,&,8,&,91,&,8,&,91,&,8,&,91,&,8,&,91,&,0.4066412637665231,&,0.9294160527243504,&,0.3779389182447233
monthly visible minutes:KDTW,&,2013,&,8672,&,8672,&,8672,&,8672,&,8672,&,8672,&,8143,&,8376,&,8154,&,8672,&,8672,&,8672,&,
monthly visible minutes:KDTW,&,2014,&,8655,&,8672,&,8672,&,8672,&,8672,&,8175,&,8672,&,6549,&,6777,&,8672,&,8672,&,8672,&,
monthly minutes harvester between states:KDTW,&,2013,&,570,&,646,&,637,&,608,&,722,&,836,&,950,&,827,&,722,&,722,&,570,&,608,&,
monthly minutes harvester between states:KDTW,&,2014,&,608,&,570,&,699,&,722,&,836,&,722,&,798,&,684,&,608,&,798,&,581,&,608,&,
Station: KEUG
abc: The current path is /home/guy/retractable-wind
I have found the property file.
The training windspeed filename is /trainingKEUG2004-2012in.csv
The testing windspeed filename is /testingKEUG2013-2014in.csv
Yes, the station is KEUG
Warning: The bAlsoUsePrediction no longer has any effect
iUsedAllItsAllocatedVisibilityMinutesPerMonth: 8760
Visibility Allocation Minutes:8760
HARVESTER_SIZE_SQM is 6362
Reading file
Success: /Wind turbine power curves - wind turbine power output against wind speed in knots.csv found.
Speed (Knots) = Speed(knots) vs power (kW) , Power (kW) =V90
Speed (Knots) = 0 , Power (kW) =0
Speed (Knots) = 1 , Power (kW) =0
Speed (Knots) = 2 , Power (kW) =0
Speed (Knots) = 3 , Power (kW) =0
Speed (Knots) = 4 , Power (kW) =0
Speed (Knots) = 5 , Power (kW) =0
Speed (Knots) = 6 , Power (kW) =0
Speed (Knots) = 7 , Power (kW) =38
Speed (Knots) = 8 , Power (kW) =87
Speed (Knots) = 9 , Power (kW) =141
Speed (Knots) = 10 , Power (kW) =207
Speed (Knots) = 11 , Power (kW) =286
Speed (Knots) = 12 , Power (kW) =382
Speed (Knots) = 13 , Power (kW) =496
Speed (Knots) = 14 , Power (kW) =628
Speed (Knots) = 15 , Power (kW) =781
Speed (Knots) = 16 , Power (kW) =957
Speed (Knots) = 17 , Power (kW) =1153
Speed (Knots) = 18 , Power (kW) =1366
Speed (Knots) = 19 , Power (kW) =1589
Speed (Knots) = 20 , Power (kW) =1814
Speed (Knots) = 21 , Power (kW) =2035
Speed (Knots) = 22 , Power (kW) =2250
Speed (Knots) = 23 , Power (kW) =2452
Speed (Knots) = 24 , Power (kW) =2634
Speed (Knots) = 25 , Power (kW) =2784
Speed (Knots) = 26 , Power (kW) =2888
Speed (Knots) = 27 , Power (kW) =2949
Speed (Knots) = 28 , Power (kW) =2980
Speed (Knots) = 29 , Power (kW) =2993
Speed (Knots) = 30 , Power (kW) =3000
Speed (Knots) = 31 , Power (kW) =3000
Speed (Knots) = 32 , Power (kW) =3000
Speed (Knots) = 33 , Power (kW) =3000
Speed (Knots) = 34 , Power (kW) =3000
Speed (Knots) = 35 , Power (kW) =3000
Speed (Knots) = 36 , Power (kW) =3000
Speed (Knots) = 37 , Power (kW) =3000
Speed (Knots) = 38 , Power (kW) =3000
Speed (Knots) = 39 , Power (kW) =3000
Speed (Knots) = 40 , Power (kW) =3000
Speed (Knots) = 41 , Power (kW) =3000
Speed (Knots) = 42 , Power (kW) =3000
Speed (Knots) = 43 , Power (kW) =3000
Speed (Knots) = 44 , Power (kW) =3000
Speed (Knots) = 45 , Power (kW) =3000
Speed (Knots) = 46 , Power (kW) =3000
Speed (Knots) = 47 , Power (kW) =3000
Speed (Knots) = 48 , Power (kW) =3000
Speed (Knots) = 49 , Power (kW) =0
Speed (Knots) = 50 , Power (kW) =0
Speed (Knots) = 51 , Power (kW) =0
Speed (Knots) = 52 , Power (kW) =0
Speed (Knots) = 53 , Power (kW) =0
Speed (Knots) = 54 , Power (kW) =0
Speed (Knots) = 55 , Power (kW) =0
Speed (Knots) = 56 , Power (kW) =0
Speed (Knots) = 57 , Power (kW) =0
Speed (Knots) = 58 , Power (kW) =0
Speed (Knots) = 59 , Power (kW) =0
Speed (Knots) = 60 , Power (kW) =0
The scale is 1.0
Wind power at 10 knots in kilowatts is 207.0
Wind power in-cut-out test 0.0
Class name:edu.pitt.cs.people.guy.wind.benchmarks.Static
Success: /Noise_Allowed_Time_Definitions_All_Stations.csv found.
The station is the record is KEUG
Success: /Noise_Allowed_Time_Definitions_All_Stations.csv found.
The station is the record is KEUG
I have found the membership file for NOT WINDY.
Windspeed (knots) [0,1), Membership Value =1.00000000,1.0
Windspeed (knots) [1,2), Membership Value =0.99982703,0.999827
Windspeed (knots) [2,3), Membership Value =0.99783840,0.9978384
Windspeed (knots) [3,4), Membership Value =0.99012511,0.9901251
Windspeed (knots) [4,5), Membership Value =0.97115019,0.9711502
Windspeed (knots) [5,6), Membership Value =0.93424135,0.93424135
Windspeed (knots) [6,7), Membership Value =0.87862914,0.87862915
Windspeed (knots) [7,8), Membership Value =0.80433593,0.80433595
Windspeed (knots) [8,9), Membership Value =0.71481927,0.71481925
Windspeed (knots) [9,10), Membership Value =0.61418090,0.6141809
Windspeed (knots) [10,11), Membership Value =0.50332803,0.503328
Windspeed (knots) [11,12), Membership Value =0.38900127,0.38900128
Windspeed (knots) [12,13), Membership Value =0.27898620,0.2789862
Windspeed (knots) [13,14), Membership Value =0.17851534,0.17851534
Windspeed (knots) [14,15), Membership Value =0.08885353,0.08885353
Windspeed (knots) [15,16), Membership Value =0.01449242,0.01449242
Windspeed (knots) [16,17), Membership Value =0.00000000,0.0
Windspeed (knots) [17,18), Membership Value =0.00000000,0.0
Windspeed (knots) [18,19), Membership Value =0.00000000,0.0
Windspeed (knots) [19,20), Membership Value =0.00000000,0.0
Windspeed (knots) [20,21), Membership Value =0.00000000,0.0
Windspeed (knots) [21,22), Membership Value =0.00000000,0.0
Windspeed (knots) [22,23), Membership Value =0.00000000,0.0
Windspeed (knots) [23,24), Membership Value =0.00000000,0.0
Windspeed (knots) [24,25), Membership Value =0.00000000,0.0
Windspeed (knots) [25,26), Membership Value =0.00000000,0.0
Windspeed (knots) [26,27), Membership Value =0.00000000,0.0
Windspeed (knots) [27,28), Membership Value =0.00000000,0.0
Windspeed (knots) [28,29), Membership Value =0.00000000,0.0
Windspeed (knots) [29,30), Membership Value =0.00000000,0.0
Windspeed (knots) [30,31), Membership Value =0.00000000,0.0
Windspeed (knots) [31,32), Membership Value =0.00000000,0.0
Windspeed (knots) [32,33), Membership Value =0.00000000,0.0
Windspeed (knots) [33,34), Membership Value =0.00000000,0.0
Windspeed (knots) [34,35), Membership Value =0.00000000,0.0
Windspeed (knots) [35,36), Membership Value =0.00000000,0.0
Windspeed (knots) [36,37), Membership Value =0.00000000,0.0
Windspeed (knots) [37,38), Membership Value =0.00000000,0.0
Windspeed (knots) [38,39), Membership Value =0.00000000,0.0
Windspeed (knots) [39,40), Membership Value =0.00000000,0.0
Windspeed (knots) [40,41), Membership Value =0.00000000,0.0
Windspeed (knots) [41,42), Membership Value =0.00000000,0.0
Windspeed (knots) [42,43), Membership Value =0.00000000,0.0
Windspeed (knots) [43,44), Membership Value =0.00000000,0.0
Windspeed (knots) [44,45), Membership Value =0.00000000,0.0
Windspeed (knots) [45,46), Membership Value =0.00000000,0.0
Windspeed (knots) [46,47), Membership Value =0.00000000,0.0
Windspeed (knots) [47,48), Membership Value =0.00000000,0.0
Windspeed (knots) [48,49), Membership Value =0.00000000,0.0
Windspeed (knots) [49,50), Membership Value =0.00000000,0.0
Windspeed (knots) [50,51), Membership Value =0.00000000,0.0
Windspeed (knots) [51,52), Membership Value =0.00000000,0.0
Windspeed (knots) [52,53), Membership Value =0.00000000,0.0
Windspeed (knots) [53,54), Membership Value =0.00000000,0.0
Windspeed (knots) [54,55), Membership Value =0.00000000,0.0
Windspeed (knots) [55,56), Membership Value =0.00000000,0.0
Windspeed (knots) [56,57), Membership Value =0.00000000,0.0
Windspeed (knots) [57,58), Membership Value =0.00000000,0.0
Windspeed (knots) [58,59), Membership Value =0.00000000,0.0
Windspeed (knots) [59,60), Membership Value =0.00000000,0.0
Windspeed (knots) [60,61), Membership Value =0.00000000,0.0
Windspeed (knots) [61,62), Membership Value =0.00000000,0.0
Windspeed (knots) [62,63), Membership Value =0.00000000,0.0
Windspeed (knots) [63,64), Membership Value =0.00000000,0.0
Windspeed (knots) [64,65), Membership Value =0.00000000,0.0
Windspeed (knots) [65,66), Membership Value =0.00000000,0.0
Windspeed (knots) [66,67), Membership Value =0.00000000,0.0
Windspeed (knots) [67,68), Membership Value =0.00000000,0.0
Windspeed (knots) [68,69), Membership Value =0.00000000,0.0
Windspeed (knots) [69,70), Membership Value =0.00000000,0.0
Windspeed (knots) [70,71), Membership Value =0.00000000,0.0
Windspeed (knots) [71,72), Membership Value =0.00000000,0.0
Windspeed (knots) [72,73), Membership Value =0.00000000,0.0
Windspeed (knots) [73,74), Membership Value =0.00000000,0.0
Windspeed (knots) [74,75), Membership Value =0.00000000,0.0
Windspeed (knots) [75,76), Membership Value =0.00000000,0.0
Windspeed (knots) [76,77), Membership Value =0.00000000,0.0
Windspeed (knots) [77,78), Membership Value =0.00000000,0.0
Windspeed (knots) [78,79), Membership Value =0.00000000,0.0
Windspeed (knots) [79,80), Membership Value =0.00000000,0.0
Windspeed (knots) [80,81), Membership Value =0.00000000,0.0
Windspeed (knots) [81,82), Membership Value =0.00000000,0.0
Windspeed (knots) [82,83), Membership Value =0.00000000,0.0
Windspeed (knots) [83,84), Membership Value =0.00000000,0.0
Windspeed (knots) [84,85), Membership Value =0.00000000,0.0
Windspeed (knots) [85,86), Membership Value =0.00000000,0.0
Windspeed (knots) [86,87), Membership Value =0.00000000,0.0
Windspeed (knots) [87,88), Membership Value =0.00000000,0.0
Windspeed (knots) [88,89), Membership Value =0.00000000,0.0
Windspeed (knots) [89,90), Membership Value =0.00000000,0.0
Windspeed (knots) [90,91), Membership Value =0.00000000,0.0
Windspeed (knots) [91,92), Membership Value =0.00000000,0.0
Windspeed (knots) [92,93), Membership Value =0.00000000,0.0
Windspeed (knots) [93,94), Membership Value =0.00000000,0.0
Windspeed (knots) [94,95), Membership Value =0.00000000,0.0
Windspeed (knots) [95,96), Membership Value =0.00000000,0.0
Windspeed (knots) [96,97), Membership Value =0.00000000,0.0
Windspeed (knots) [97,98), Membership Value =0.00000000,0.0
Windspeed (knots) [98,99), Membership Value =0.00000000,0.0
Windspeed (knots) [99,100), Membership Value =0.00000000,0.0
Windspeed (knots) [100,101), Membership Value =0.00000000,0.0
Windspeed (knots) [101,102), Membership Value =0.00000000,0.0
Windspeed (knots) [102,103), Membership Value =0.00000000,0.0
Windspeed (knots) [103,104), Membership Value =0.00000000,0.0
Windspeed (knots) [104,105), Membership Value =0.00000000,0.0
Windspeed (knots) [105,106), Membership Value =0.00000000,0.0
Windspeed (knots) [106,107), Membership Value =0.00000000,0.0
Windspeed (knots) [107,108), Membership Value =0.00000000,0.0
Windspeed (knots) [108,109), Membership Value =0.00000000,0.0
Windspeed (knots) [109,110), Membership Value =0.00000000,0.0
Windspeed (knots) [110,111), Membership Value =0.00000000,0.0
Windspeed (knots) [111,112), Membership Value =0.00000000,0.0
Windspeed (knots) [112,113), Membership Value =0.00000000,0.0
Windspeed (knots) [113,114), Membership Value =0.00000000,0.0
Windspeed (knots) [114,115), Membership Value =0.00000000,0.0
Windspeed (knots) [115,116), Membership Value =0.00000000,0.0
Windspeed (knots) [116,117), Membership Value =0.00000000,0.0
Windspeed (knots) [117,118), Membership Value =0.00000000,0.0
Windspeed (knots) [118,119), Membership Value =0.00000000,0.0
Windspeed (knots) [119,120), Membership Value =0.00000000,0.0
Windspeed (knots) [120,121), Membership Value =0.00000000,0.0
Windspeed (knots) [121,122), Membership Value =0.00000000,0.0
Windspeed (knots) [122,123), Membership Value =0.00000000,0.0
Windspeed (knots) [123,124), Membership Value =0.00000000,0.0
Windspeed (knots) [124,125), Membership Value =0.00000000,0.0
LowestWindspeedThatIsWindyKnots for station KEUG is 6 knots.
Transition limited :false
bUseWeatherPrediction:false
The running average is 1
The y-int is 6
Energy harvested: 3165665.1602711175
iGeneratingEnergyWhenGridNeedsEnergyMinutes =636302
iGeneratingEnergyWhenGridNeedsEnergyMinutes =636302
iUsingEnergyWhenGridNeedsEnergyMinutes =96781
iGeneratingEnergyWhenGridHasExcessEnergyMinutes = 1469
iUsingEnergyWhenGridHasExcessEnergyMinutes = 280
iIdleWhenGridDoesNotNeedEnergyMinutes = 44331
iIdleWhenGridNeedsEnergyMinutes = 3955313
iEnergyPriceIsZeroMinutes = 240
harvester.getEnergyHarvestedAVAILABLEKilowattHours( ): 7234854.416666667
harvester.getEnergyHarvestedKilowattHours(): 3165665.1602711175
The y-int is 16
Energy harvested: 844169.0833333334
iGeneratingEnergyWhenGridNeedsEnergyMinutes =34746
iGeneratingEnergyWhenGridNeedsEnergyMinutes =34746
iUsingEnergyWhenGridNeedsEnergyMinutes =1
iGeneratingEnergyWhenGridHasExcessEnergyMinutes = 100
iUsingEnergyWhenGridHasExcessEnergyMinutes = 0
iIdleWhenGridDoesNotNeedEnergyMinutes = 45980
iIdleWhenGridNeedsEnergyMinutes = 4653649
iEnergyPriceIsZeroMinutes = 240
harvester.getEnergyHarvestedAVAILABLEKilowattHours( ): 7234854.416666667
harvester.getEnergyHarvestedKilowattHours(): 844169.0833333334
The y-int is 26
Energy harvested: 4247.25
iGeneratingEnergyWhenGridNeedsEnergyMinutes =86
iGeneratingEnergyWhenGridNeedsEnergyMinutes =86
iUsingEnergyWhenGridNeedsEnergyMinutes =1
iGeneratingEnergyWhenGridHasExcessEnergyMinutes = 0
iUsingEnergyWhenGridHasExcessEnergyMinutes = 0
iIdleWhenGridDoesNotNeedEnergyMinutes = 46080
iIdleWhenGridNeedsEnergyMinutes = 4688309
iEnergyPriceIsZeroMinutes = 240
harvester.getEnergyHarvestedAVAILABLEKilowattHours( ): 7234854.416666667
harvester.getEnergyHarvestedKilowattHours(): 4247.25
The y-int is 36
Energy harvested: 0.0
iGeneratingEnergyWhenGridNeedsEnergyMinutes =0
iGeneratingEnergyWhenGridNeedsEnergyMinutes =0
iUsingEnergyWhenGridNeedsEnergyMinutes =1
iGeneratingEnergyWhenGridHasExcessEnergyMinutes = 0
iUsingEnergyWhenGridHasExcessEnergyMinutes = 0
iIdleWhenGridDoesNotNeedEnergyMinutes = 46080
iIdleWhenGridNeedsEnergyMinutes = 4688395
iEnergyPriceIsZeroMinutes = 240
harvester.getEnergyHarvestedAVAILABLEKilowattHours( ): 7234854.416666667
harvester.getEnergyHarvestedKilowattHours(): 0.0
The running average is 31
The y-int is 6
Energy harvested: 3313995.1677736
iGeneratingEnergyWhenGridNeedsEnergyMinutes =665166
iGeneratingEnergyWhenGridNeedsEnergyMinutes =665166
iUsingEnergyWhenGridNeedsEnergyMinutes =58103
iGeneratingEnergyWhenGridHasExcessEnergyMinutes = 1457
iUsingEnergyWhenGridHasExcessEnergyMinutes = 172
iIdleWhenGridDoesNotNeedEnergyMinutes = 44451
iIdleWhenGridNeedsEnergyMinutes = 3965127
iEnergyPriceIsZeroMinutes = 240
harvester.getEnergyHarvestedAVAILABLEKilowattHours( ): 7234854.416666667
harvester.getEnergyHarvestedKilowattHours(): 3313995.1677736
The y-int is 16
Energy harvested: 905285.7283333478
iGeneratingEnergyWhenGridNeedsEnergyMinutes =42243
iGeneratingEnergyWhenGridNeedsEnergyMinutes =42243
iUsingEnergyWhenGridNeedsEnergyMinutes =1597
iGeneratingEnergyWhenGridHasExcessEnergyMinutes = 102
iUsingEnergyWhenGridHasExcessEnergyMinutes = 1
iIdleWhenGridDoesNotNeedEnergyMinutes = 45977
iIdleWhenGridNeedsEnergyMinutes = 4644556
iEnergyPriceIsZeroMinutes = 240
harvester.getEnergyHarvestedAVAILABLEKilowattHours( ): 7234854.416666667
harvester.getEnergyHarvestedKilowattHours(): 905285.7283333478
The y-int is 26
Energy harvested: 8212.416666666666
iGeneratingEnergyWhenGridNeedsEnergyMinutes =186
iGeneratingEnergyWhenGridNeedsEnergyMinutes =186
iUsingEnergyWhenGridNeedsEnergyMinutes =1
iGeneratingEnergyWhenGridHasExcessEnergyMinutes = 0
iUsingEnergyWhenGridHasExcessEnergyMinutes = 0
iIdleWhenGridDoesNotNeedEnergyMinutes = 46080
iIdleWhenGridNeedsEnergyMinutes = 4688209
iEnergyPriceIsZeroMinutes = 240
harvester.getEnergyHarvestedAVAILABLEKilowattHours( ): 7234854.416666667
harvester.getEnergyHarvestedKilowattHours(): 8212.416666666666
The y-int is 36
Energy harvested: 0.0
iGeneratingEnergyWhenGridNeedsEnergyMinutes =0
iGeneratingEnergyWhenGridNeedsEnergyMinutes =0
iUsingEnergyWhenGridNeedsEnergyMinutes =1
iGeneratingEnergyWhenGridHasExcessEnergyMinutes = 0
iUsingEnergyWhenGridHasExcessEnergyMinutes = 0
iIdleWhenGridDoesNotNeedEnergyMinutes = 46080
iIdleWhenGridNeedsEnergyMinutes = 4688395
iEnergyPriceIsZeroMinutes = 240
harvester.getEnergyHarvestedAVAILABLEKilowattHours( ): 7234854.416666667
harvester.getEnergyHarvestedKilowattHours(): 0.0
The running average is 61
The y-int is 6
Energy harvested: 3372620.2138853245
iGeneratingEnergyWhenGridNeedsEnergyMinutes =669758
iGeneratingEnergyWhenGridNeedsEnergyMinutes =669758
iUsingEnergyWhenGridNeedsEnergyMinutes =47576
iGeneratingEnergyWhenGridHasExcessEnergyMinutes = 1471
iUsingEnergyWhenGridHasExcessEnergyMinutes = 136
iIdleWhenGridDoesNotNeedEnergyMinutes = 44473
iIdleWhenGridNeedsEnergyMinutes = 3971062
iEnergyPriceIsZeroMinutes = 240
harvester.getEnergyHarvestedAVAILABLEKilowattHours( ): 7234854.416666667
harvester.getEnergyHarvestedKilowattHours(): 3372620.2138853245
The y-int is 16
Energy harvested: 855712.7958333406
iGeneratingEnergyWhenGridNeedsEnergyMinutes =41298
iGeneratingEnergyWhenGridNeedsEnergyMinutes =41298
iUsingEnergyWhenGridNeedsEnergyMinutes =856
iGeneratingEnergyWhenGridHasExcessEnergyMinutes = 85
iUsingEnergyWhenGridHasExcessEnergyMinutes = 0
iIdleWhenGridDoesNotNeedEnergyMinutes = 45995
iIdleWhenGridNeedsEnergyMinutes = 4646242
iEnergyPriceIsZeroMinutes = 240
harvester.getEnergyHarvestedAVAILABLEKilowattHours( ): 7234854.416666667
harvester.getEnergyHarvestedKilowattHours(): 855712.7958333406
The y-int is 26
Energy harvested: 6602.75
iGeneratingEnergyWhenGridNeedsEnergyMinutes =165
iGeneratingEnergyWhenGridNeedsEnergyMinutes =165
iUsingEnergyWhenGridNeedsEnergyMinutes =1
iGeneratingEnergyWhenGridHasExcessEnergyMinutes = 0
iUsingEnergyWhenGridHasExcessEnergyMinutes = 0
iIdleWhenGridDoesNotNeedEnergyMinutes = 46080
iIdleWhenGridNeedsEnergyMinutes = 4688230
iEnergyPriceIsZeroMinutes = 240
harvester.getEnergyHarvestedAVAILABLEKilowattHours( ): 7234854.416666667
harvester.getEnergyHarvestedKilowattHours(): 6602.75
The y-int is 36
Energy harvested: 0.0
iGeneratingEnergyWhenGridNeedsEnergyMinutes =0
iGeneratingEnergyWhenGridNeedsEnergyMinutes =0
iUsingEnergyWhenGridNeedsEnergyMinutes =1
iGeneratingEnergyWhenGridHasExcessEnergyMinutes = 0
iUsingEnergyWhenGridHasExcessEnergyMinutes = 0
iIdleWhenGridDoesNotNeedEnergyMinutes = 46080
iIdleWhenGridNeedsEnergyMinutes = 4688395
iEnergyPriceIsZeroMinutes = 240
harvester.getEnergyHarvestedAVAILABLEKilowattHours( ): 7234854.416666667
harvester.getEnergyHarvestedKilowattHours(): 0.0
The running average is 91
The y-int is 6
Energy harvested: 3399327.912496747
iGeneratingEnergyWhenGridNeedsEnergyMinutes =669942
iGeneratingEnergyWhenGridNeedsEnergyMinutes =669942
iUsingEnergyWhenGridNeedsEnergyMinutes =43371
iGeneratingEnergyWhenGridHasExcessEnergyMinutes = 1479
iUsingEnergyWhenGridHasExcessEnergyMinutes = 144
iIdleWhenGridDoesNotNeedEnergyMinutes = 44457
iIdleWhenGridNeedsEnergyMinutes = 3975083
iEnergyPriceIsZeroMinutes = 240
harvester.getEnergyHarvestedAVAILABLEKilowattHours( ): 7234854.416666667
harvester.getEnergyHarvestedKilowattHours(): 3399327.912496747
The y-int is 16
Energy harvested: 798009.4316666715
iGeneratingEnergyWhenGridNeedsEnergyMinutes =39342
iGeneratingEnergyWhenGridNeedsEnergyMinutes =39342
iUsingEnergyWhenGridNeedsEnergyMinutes =572
iGeneratingEnergyWhenGridHasExcessEnergyMinutes = 78
iUsingEnergyWhenGridHasExcessEnergyMinutes = 0
iIdleWhenGridDoesNotNeedEnergyMinutes = 46002
iIdleWhenGridNeedsEnergyMinutes = 4648482
iEnergyPriceIsZeroMinutes = 240
harvester.getEnergyHarvestedAVAILABLEKilowattHours( ): 7234854.416666667
harvester.getEnergyHarvestedKilowattHours(): 798009.4316666715
The y-int is 26
Energy harvested: 7628.4
iGeneratingEnergyWhenGridNeedsEnergyMinutes =194
iGeneratingEnergyWhenGridNeedsEnergyMinutes =194
iUsingEnergyWhenGridNeedsEnergyMinutes =1
iGeneratingEnergyWhenGridHasExcessEnergyMinutes = 0
iUsingEnergyWhenGridHasExcessEnergyMinutes = 0
iIdleWhenGridDoesNotNeedEnergyMinutes = 46080
iIdleWhenGridNeedsEnergyMinutes = 4688201
iEnergyPriceIsZeroMinutes = 240
harvester.getEnergyHarvestedAVAILABLEKilowattHours( ): 7234854.416666667
harvester.getEnergyHarvestedKilowattHours(): 7628.4
The y-int is 36
Energy harvested: 0.0
iGeneratingEnergyWhenGridNeedsEnergyMinutes =0
iGeneratingEnergyWhenGridNeedsEnergyMinutes =0
iUsingEnergyWhenGridNeedsEnergyMinutes =1
iGeneratingEnergyWhenGridHasExcessEnergyMinutes = 0
iUsingEnergyWhenGridHasExcessEnergyMinutes = 0
iIdleWhenGridDoesNotNeedEnergyMinutes = 46080
iIdleWhenGridNeedsEnergyMinutes = 4688395
iEnergyPriceIsZeroMinutes = 240
harvester.getEnergyHarvestedAVAILABLEKilowattHours( ): 7234854.416666667
harvester.getEnergyHarvestedKilowattHours(): 0.0
The running average is 121
The y-int is 6
Energy harvested: 3429132.222774595
iGeneratingEnergyWhenGridNeedsEnergyMinutes =669540
iGeneratingEnergyWhenGridNeedsEnergyMinutes =669540
iUsingEnergyWhenGridNeedsEnergyMinutes =41413
iGeneratingEnergyWhenGridHasExcessEnergyMinutes = 1464
iUsingEnergyWhenGridHasExcessEnergyMinutes = 151
iIdleWhenGridDoesNotNeedEnergyMinutes = 44465
iIdleWhenGridNeedsEnergyMinutes = 3977443
iEnergyPriceIsZeroMinutes = 240
harvester.getEnergyHarvestedAVAILABLEKilowattHours( ): 7234854.416666667
harvester.getEnergyHarvestedKilowattHours(): 3429132.222774595
The y-int is 16
Energy harvested: 738314.6072222255
iGeneratingEnergyWhenGridNeedsEnergyMinutes =37031
iGeneratingEnergyWhenGridNeedsEnergyMinutes =37031
iUsingEnergyWhenGridNeedsEnergyMinutes =423
iGeneratingEnergyWhenGridHasExcessEnergyMinutes = 70
iUsingEnergyWhenGridHasExcessEnergyMinutes = 0
iIdleWhenGridDoesNotNeedEnergyMinutes = 46010
iIdleWhenGridNeedsEnergyMinutes = 4650942
iEnergyPriceIsZeroMinutes = 240
harvester.getEnergyHarvestedAVAILABLEKilowattHours( ): 7234854.416666667
harvester.getEnergyHarvestedKilowattHours(): 738314.6072222255
The y-int is 26
Energy harvested: 5501.216666666666
iGeneratingEnergyWhenGridNeedsEnergyMinutes =135
iGeneratingEnergyWhenGridNeedsEnergyMinutes =135
iUsingEnergyWhenGridNeedsEnergyMinutes =1
iGeneratingEnergyWhenGridHasExcessEnergyMinutes = 0
iUsingEnergyWhenGridHasExcessEnergyMinutes = 0
iIdleWhenGridDoesNotNeedEnergyMinutes = 46080
iIdleWhenGridNeedsEnergyMinutes = 4688260
iEnergyPriceIsZeroMinutes = 240
harvester.getEnergyHarvestedAVAILABLEKilowattHours( ): 7234854.416666667
harvester.getEnergyHarvestedKilowattHours(): 5501.216666666666
The y-int is 36
Energy harvested: 0.0
iGeneratingEnergyWhenGridNeedsEnergyMinutes =0
iGeneratingEnergyWhenGridNeedsEnergyMinutes =0
iUsingEnergyWhenGridNeedsEnergyMinutes =1
iGeneratingEnergyWhenGridHasExcessEnergyMinutes = 0
iUsingEnergyWhenGridHasExcessEnergyMinutes = 0
iIdleWhenGridDoesNotNeedEnergyMinutes = 46080
iIdleWhenGridNeedsEnergyMinutes = 4688395
iEnergyPriceIsZeroMinutes = 240
harvester.getEnergyHarvestedAVAILABLEKilowattHours( ): 7234854.416666667
harvester.getEnergyHarvestedKilowattHours(): 0.0
Beginning testing mode:
station,&,y_intercept_for_month_1,&,running_average_size_minutes_for_month_1,&,y_intercept_for_month_2,&,running_average_size_minutes_for_month_2,&,y_intercept_for_month_3,&,running_average_size_minutes_for_month_3,&,y_intercept_for_month_4,&,running_average_size_minutes_for_month_4,&,y_intercept_for_month_5,&,running_average_size_minutes_for_month_5,&,y_intercept_for_month_6,&,running_average_size_minutes_for_month_6,&,y_intercept_for_month_7,&,running_average_size_minutes_for_month_7,&,y_intercept_for_month_8,&,running_average_size_minutes_for_month_8,&,y_intercept_for_month_9,&,running_average_size_minutes_for_month_9,&,y_intercept_for_month_10,&,running_average_size_minutes_for_month_10,&,y_intercept_for_month_11,&,running_average_size_minutes_for_month_11,&,y_intercept_for_month_12,&,running_average_size_minutes_for_month_12,&,dNetNorm,&,dMarketBalancePercentage,&,dMarketNetNorm,
results: KEUG,&,6,&,121,&,6,&,121,&,6,&,121,&,6,&,121,&,6,&,121,&,6,&,121,&,6,&,121,&,6,&,121,&,6,&,121,&,6,&,121,&,6,&,121,&,6,&,121,&,0.49043850360148866,&,0.9206239363918174,&,0.451509425743715
monthly visible minutes:KEUG,&,2013,&,7491,&,8669,&,6090,&,8672,&,8672,&,8672,&,8672,&,8671,&,8672,&,6742,&,8672,&,7642,&,
monthly visible minutes:KEUG,&,2014,&,6470,&,8672,&,8672,&,8672,&,8672,&,8672,&,8672,&,8672,&,8672,&,8672,&,8672,&,8672,&,
monthly minutes harvester between states:KEUG,&,2013,&,722,&,798,&,646,&,760,&,912,&,684,&,684,&,836,&,941,&,760,&,608,&,684,&,
monthly minutes harvester between states:KEUG,&,2014,&,473,&,722,&,760,&,722,&,741,&,570,&,798,&,874,&,836,&,836,&,760,&,836,&,
station,&,y_intercept_for_month_1,&,running_average_size_minutes_for_month_1,&,y_intercept_for_month_2,&,running_average_size_minutes_for_month_2,&,y_intercept_for_month_3,&,running_average_size_minutes_for_month_3,&,y_intercept_for_month_4,&,running_average_size_minutes_for_month_4,&,y_intercept_for_month_5,&,running_average_size_minutes_for_month_5,&,y_intercept_for_month_6,&,running_average_size_minutes_for_month_6,&,y_intercept_for_month_7,&,running_average_size_minutes_for_month_7,&,y_intercept_for_month_8,&,running_average_size_minutes_for_month_8,&,y_intercept_for_month_9,&,running_average_size_minutes_for_month_9,&,y_intercept_for_month_10,&,running_average_size_minutes_for_month_10,&,y_intercept_for_month_11,&,running_average_size_minutes_for_month_11,&,y_intercept_for_month_12,&,running_average_size_minutes_for_month_12,&,dNetNorm,&,dMarketBalancePercentage,&,dMarketNetNorm,
results: KEUG,&,6,&,121,&,6,&,121,&,6,&,121,&,6,&,121,&,6,&,121,&,6,&,121,&,6,&,121,&,6,&,121,&,6,&,121,&,6,&,121,&,6,&,121,&,6,&,121,&,0.49043850360148866,&,0.9206168750926795,&,0.45150596261073234
monthly visible minutes:KEUG,&,2013,&,7491,&,8669,&,6090,&,8672,&,8672,&,8672,&,8672,&,8671,&,8672,&,6742,&,8672,&,7642,&,
monthly visible minutes:KEUG,&,2014,&,6470,&,8672,&,8672,&,8672,&,8672,&,8672,&,8672,&,8672,&,8672,&,8672,&,8672,&,8672,&,
monthly minutes harvester between states:KEUG,&,2013,&,722,&,798,&,646,&,760,&,912,&,684,&,684,&,836,&,941,&,760,&,608,&,684,&,
monthly minutes harvester between states:KEUG,&,2014,&,473,&,722,&,760,&,722,&,741,&,570,&,798,&,874,&,836,&,836,&,760,&,836,&,
Station: KIAH
abc: The current path is /home/guy/retractable-wind
I have found the property file.
The training windspeed filename is /trainingKIAH2004-2012in.csv
The testing windspeed filename is /testingKIAH2013-2014in.csv
Yes, the station is KIAH
Warning: The bAlsoUsePrediction no longer has any effect
iUsedAllItsAllocatedVisibilityMinutesPerMonth: 8760
Visibility Allocation Minutes:8760
HARVESTER_SIZE_SQM is 6362
Reading file
Success: /Wind turbine power curves - wind turbine power output against wind speed in knots.csv found.
Speed (Knots) = Speed(knots) vs power (kW) , Power (kW) =V90
Speed (Knots) = 0 , Power (kW) =0
Speed (Knots) = 1 , Power (kW) =0
Speed (Knots) = 2 , Power (kW) =0
Speed (Knots) = 3 , Power (kW) =0
Speed (Knots) = 4 , Power (kW) =0
Speed (Knots) = 5 , Power (kW) =0
Speed (Knots) = 6 , Power (kW) =0
Speed (Knots) = 7 , Power (kW) =38
Speed (Knots) = 8 , Power (kW) =87
Speed (Knots) = 9 , Power (kW) =141
Speed (Knots) = 10 , Power (kW) =207
Speed (Knots) = 11 , Power (kW) =286
Speed (Knots) = 12 , Power (kW) =382
Speed (Knots) = 13 , Power (kW) =496
Speed (Knots) = 14 , Power (kW) =628
Speed (Knots) = 15 , Power (kW) =781
Speed (Knots) = 16 , Power (kW) =957
Speed (Knots) = 17 , Power (kW) =1153
Speed (Knots) = 18 , Power (kW) =1366
Speed (Knots) = 19 , Power (kW) =1589
Speed (Knots) = 20 , Power (kW) =1814
Speed (Knots) = 21 , Power (kW) =2035
Speed (Knots) = 22 , Power (kW) =2250
Speed (Knots) = 23 , Power (kW) =2452
Speed (Knots) = 24 , Power (kW) =2634
Speed (Knots) = 25 , Power (kW) =2784
Speed (Knots) = 26 , Power (kW) =2888
Speed (Knots) = 27 , Power (kW) =2949
Speed (Knots) = 28 , Power (kW) =2980
Speed (Knots) = 29 , Power (kW) =2993
Speed (Knots) = 30 , Power (kW) =3000
Speed (Knots) = 31 , Power (kW) =3000
Speed (Knots) = 32 , Power (kW) =3000
Speed (Knots) = 33 , Power (kW) =3000
Speed (Knots) = 34 , Power (kW) =3000
Speed (Knots) = 35 , Power (kW) =3000
Speed (Knots) = 36 , Power (kW) =3000
Speed (Knots) = 37 , Power (kW) =3000
Speed (Knots) = 38 , Power (kW) =3000
Speed (Knots) = 39 , Power (kW) =3000
Speed (Knots) = 40 , Power (kW) =3000
Speed (Knots) = 41 , Power (kW) =3000
Speed (Knots) = 42 , Power (kW) =3000
Speed (Knots) = 43 , Power (kW) =3000
Speed (Knots) = 44 , Power (kW) =3000
Speed (Knots) = 45 , Power (kW) =3000
Speed (Knots) = 46 , Power (kW) =3000
Speed (Knots) = 47 , Power (kW) =3000
Speed (Knots) = 48 , Power (kW) =3000
Speed (Knots) = 49 , Power (kW) =0
Speed (Knots) = 50 , Power (kW) =0
Speed (Knots) = 51 , Power (kW) =0
Speed (Knots) = 52 , Power (kW) =0
Speed (Knots) = 53 , Power (kW) =0
Speed (Knots) = 54 , Power (kW) =0
Speed (Knots) = 55 , Power (kW) =0
Speed (Knots) = 56 , Power (kW) =0
Speed (Knots) = 57 , Power (kW) =0
Speed (Knots) = 58 , Power (kW) =0
Speed (Knots) = 59 , Power (kW) =0
Speed (Knots) = 60 , Power (kW) =0
The scale is 1.0
Wind power at 10 knots in kilowatts is 207.0
Wind power in-cut-out test 0.0
Class name:edu.pitt.cs.people.guy.wind.benchmarks.Static
Success: /Noise_Allowed_Time_Definitions_All_Stations.csv found.
The station is the record is KIAH
Success: /Noise_Allowed_Time_Definitions_All_Stations.csv found.
The station is the record is KIAH
I have found the membership file for NOT WINDY.
Windspeed (knots) [0,1), Membership Value =1.0000000,1.0
Windspeed (knots) [1,2), Membership Value =0.9999109,0.9999109
Windspeed (knots) [2,3), Membership Value =0.9988756,0.9988756
Windspeed (knots) [3,4), Membership Value =0.9945454,0.9945454
Windspeed (knots) [4,5), Membership Value =0.9829569,0.9829569
Windspeed (knots) [5,6), Membership Value =0.9618849,0.9618849
Windspeed (knots) [6,7), Membership Value =0.9273118,0.9273118
Windspeed (knots) [7,8), Membership Value =0.8764096,0.8764096
Windspeed (knots) [8,9), Membership Value =0.8096443,0.8096443
Windspeed (knots) [9,10), Membership Value =0.7237917,0.7237917
Windspeed (knots) [10,11), Membership Value =0.6274935,0.6274935
Windspeed (knots) [11,12), Membership Value =0.5243565,0.5243565
Windspeed (knots) [12,13), Membership Value =0.4135571,0.4135571
Windspeed (knots) [13,14), Membership Value =0.3044805,0.3044805
Windspeed (knots) [14,15), Membership Value =0.2053706,0.2053706
Windspeed (knots) [15,16), Membership Value =0.1178871,0.1178871
Windspeed (knots) [16,17), Membership Value =0.0430639,0.0430639
Windspeed (knots) [17,18), Membership Value =0.0000000,0.0
Windspeed (knots) [18,19), Membership Value =0.0000000,0.0
Windspeed (knots) [19,20), Membership Value =0.0000000,0.0
Windspeed (knots) [20,21), Membership Value =0.0000000,0.0
Windspeed (knots) [21,22), Membership Value =0.0000000,0.0
Windspeed (knots) [22,23), Membership Value =0.0000000,0.0
Windspeed (knots) [23,24), Membership Value =0.0000000,0.0
Windspeed (knots) [24,25), Membership Value =0.0000000,0.0
Windspeed (knots) [25,26), Membership Value =0.0000000,0.0
Windspeed (knots) [26,27), Membership Value =0.0000000,0.0
Windspeed (knots) [27,28), Membership Value =0.0000000,0.0
Windspeed (knots) [28,29), Membership Value =0.0000000,0.0
Windspeed (knots) [29,30), Membership Value =0.0000000,0.0
Windspeed (knots) [30,31), Membership Value =0.0000000,0.0
Windspeed (knots) [31,32), Membership Value =0.0000000,0.0
Windspeed (knots) [32,33), Membership Value =0.0000000,0.0
Windspeed (knots) [33,34), Membership Value =0.0000000,0.0
Windspeed (knots) [34,35), Membership Value =0.0000000,0.0
Windspeed (knots) [35,36), Membership Value =0.0000000,0.0
Windspeed (knots) [36,37), Membership Value =0.0000000,0.0
Windspeed (knots) [37,38), Membership Value =0.0000000,0.0
Windspeed (knots) [38,39), Membership Value =0.0000000,0.0
Windspeed (knots) [39,40), Membership Value =0.0000000,0.0
Windspeed (knots) [40,41), Membership Value =0.0000000,0.0
Windspeed (knots) [41,42), Membership Value =0.0000000,0.0
Windspeed (knots) [42,43), Membership Value =0.0000000,0.0
Windspeed (knots) [43,44), Membership Value =0.0000000,0.0
Windspeed (knots) [44,45), Membership Value =0.0000000,0.0
Windspeed (knots) [45,46), Membership Value =0.0000000,0.0
Windspeed (knots) [46,47), Membership Value =0.0000000,0.0
Windspeed (knots) [47,48), Membership Value =0.0000000,0.0
Windspeed (knots) [48,49), Membership Value =0.0000000,0.0
Windspeed (knots) [49,50), Membership Value =0.0000000,0.0
Windspeed (knots) [50,51), Membership Value =0.0000000,0.0
Windspeed (knots) [51,52), Membership Value =0.0000000,0.0
Windspeed (knots) [52,53), Membership Value =0.0000000,0.0
Windspeed (knots) [53,54), Membership Value =0.0000000,0.0
Windspeed (knots) [54,55), Membership Value =0.0000000,0.0
Windspeed (knots) [55,56), Membership Value =0.0000000,0.0
Windspeed (knots) [56,57), Membership Value =0.0000000,0.0
Windspeed (knots) [57,58), Membership Value =0.0000000,0.0
Windspeed (knots) [58,59), Membership Value =0.0000000,0.0
Windspeed (knots) [59,60), Membership Value =0.0000000,0.0
Windspeed (knots) [60,61), Membership Value =0.0000000,0.0
Windspeed (knots) [61,62), Membership Value =0.0000000,0.0
Windspeed (knots) [62,63), Membership Value =0.0000000,0.0
Windspeed (knots) [63,64), Membership Value =0.0000000,0.0
Windspeed (knots) [64,65), Membership Value =0.0000000,0.0
Windspeed (knots) [65,66), Membership Value =0.0000000,0.0
Windspeed (knots) [66,67), Membership Value =0.0000000,0.0
Windspeed (knots) [67,68), Membership Value =0.0000000,0.0
Windspeed (knots) [68,69), Membership Value =0.0000000,0.0
Windspeed (knots) [69,70), Membership Value =0.0000000,0.0
Windspeed (knots) [70,71), Membership Value =0.0000000,0.0
Windspeed (knots) [71,72), Membership Value =0.0000000,0.0
Windspeed (knots) [72,73), Membership Value =0.0000000,0.0
Windspeed (knots) [73,74), Membership Value =0.0000000,0.0
Windspeed (knots) [74,75), Membership Value =0.0000000,0.0
Windspeed (knots) [75,76), Membership Value =0.0000000,0.0
Windspeed (knots) [76,77), Membership Value =0.0000000,0.0
Windspeed (knots) [77,78), Membership Value =0.0000000,0.0
Windspeed (knots) [78,79), Membership Value =0.0000000,0.0
Windspeed (knots) [79,80), Membership Value =0.0000000,0.0
Windspeed (knots) [80,81), Membership Value =0.0000000,0.0
Windspeed (knots) [81,82), Membership Value =0.0000000,0.0
Windspeed (knots) [82,83), Membership Value =0.0000000,0.0
Windspeed (knots) [83,84), Membership Value =0.0000000,0.0
Windspeed (knots) [84,85), Membership Value =0.0000000,0.0
Windspeed (knots) [85,86), Membership Value =0.0000000,0.0
Windspeed (knots) [86,87), Membership Value =0.0000000,0.0
Windspeed (knots) [87,88), Membership Value =0.0000000,0.0
Windspeed (knots) [88,89), Membership Value =0.0000000,0.0
Windspeed (knots) [89,90), Membership Value =0.0000000,0.0
Windspeed (knots) [90,91), Membership Value =0.0000000,0.0
Windspeed (knots) [91,92), Membership Value =0.0000000,0.0
Windspeed (knots) [92,93), Membership Value =0.0000000,0.0
Windspeed (knots) [93,94), Membership Value =0.0000000,0.0
Windspeed (knots) [94,95), Membership Value =0.0000000,0.0
Windspeed (knots) [95,96), Membership Value =0.0000000,0.0
Windspeed (knots) [96,97), Membership Value =0.0000000,0.0
Windspeed (knots) [97,98), Membership Value =0.0000000,0.0
Windspeed (knots) [98,99), Membership Value =0.0000000,0.0
Windspeed (knots) [99,100), Membership Value =0.0000000,0.0
Windspeed (knots) [100,101), Membership Value =0.0000000,0.0
Windspeed (knots) [101,102), Membership Value =0.0000000,0.0
Windspeed (knots) [102,103), Membership Value =0.0000000,0.0
Windspeed (knots) [103,104), Membership Value =0.0000000,0.0
Windspeed (knots) [104,105), Membership Value =0.0000000,0.0
Windspeed (knots) [105,106), Membership Value =0.0000000,0.0
Windspeed (knots) [106,107), Membership Value =0.0000000,0.0
Windspeed (knots) [107,108), Membership Value =0.0000000,0.0
Windspeed (knots) [108,109), Membership Value =0.0000000,0.0
Windspeed (knots) [109,110), Membership Value =0.0000000,0.0
Windspeed (knots) [110,111), Membership Value =0.0000000,0.0
Windspeed (knots) [111,112), Membership Value =0.0000000,0.0
Windspeed (knots) [112,113), Membership Value =0.0000000,0.0
Windspeed (knots) [113,114), Membership Value =0.0000000,0.0
Windspeed (knots) [114,115), Membership Value =0.0000000,0.0
Windspeed (knots) [115,116), Membership Value =0.0000000,0.0
Windspeed (knots) [116,117), Membership Value =0.0000000,0.0
Windspeed (knots) [117,118), Membership Value =0.0000000,0.0
Windspeed (knots) [118,119), Membership Value =0.0000000,0.0
Windspeed (knots) [119,120), Membership Value =0.0000000,0.0
Windspeed (knots) [120,121), Membership Value =0.0000000,0.0
Windspeed (knots) [121,122), Membership Value =0.0000000,0.0
Windspeed (knots) [122,123), Membership Value =0.0000000,0.0
Windspeed (knots) [123,124), Membership Value =0.0000000,0.0
Windspeed (knots) [124,125), Membership Value =0.0000000,0.0
LowestWindspeedThatIsWindyKnots for station KIAH is 7 knots.
Transition limited :false
bUseWeatherPrediction:false
The running average is 1
The y-int is 7
Energy harvested: 4018846.1027664733
iGeneratingEnergyWhenGridNeedsEnergyMinutes =683975
iGeneratingEnergyWhenGridNeedsEnergyMinutes =683975
iUsingEnergyWhenGridNeedsEnergyMinutes =108178
iGeneratingEnergyWhenGridHasExcessEnergyMinutes = 2346
iUsingEnergyWhenGridHasExcessEnergyMinutes = 335
iIdleWhenGridDoesNotNeedEnergyMinutes = 43399
iIdleWhenGridNeedsEnergyMinutes = 3896246
iEnergyPriceIsZeroMinutes = 240
harvester.getEnergyHarvestedAVAILABLEKilowattHours( ): 1.0827120133333333E7
harvester.getEnergyHarvestedKilowattHours(): 4018846.1027664733
The y-int is 17
Energy harvested: 930949.8833333333
iGeneratingEnergyWhenGridNeedsEnergyMinutes =33447
iGeneratingEnergyWhenGridNeedsEnergyMinutes =33447
iUsingEnergyWhenGridNeedsEnergyMinutes =1
iGeneratingEnergyWhenGridHasExcessEnergyMinutes = 172
iUsingEnergyWhenGridHasExcessEnergyMinutes = 0
iIdleWhenGridDoesNotNeedEnergyMinutes = 45908
iIdleWhenGridNeedsEnergyMinutes = 4654951
iEnergyPriceIsZeroMinutes = 240
harvester.getEnergyHarvestedAVAILABLEKilowattHours( ): 1.0827120133333333E7
harvester.getEnergyHarvestedKilowattHours(): 930949.8833333333
The y-int is 27
Energy harvested: 30784.733333333334
iGeneratingEnergyWhenGridNeedsEnergyMinutes =616
iGeneratingEnergyWhenGridNeedsEnergyMinutes =616
iUsingEnergyWhenGridNeedsEnergyMinutes =1
iGeneratingEnergyWhenGridHasExcessEnergyMinutes = 0
iUsingEnergyWhenGridHasExcessEnergyMinutes = 0
iIdleWhenGridDoesNotNeedEnergyMinutes = 46080
iIdleWhenGridNeedsEnergyMinutes = 4687782
iEnergyPriceIsZeroMinutes = 240
harvester.getEnergyHarvestedAVAILABLEKilowattHours( ): 1.0827120133333333E7
harvester.getEnergyHarvestedKilowattHours(): 30784.733333333334
The y-int is 37
Energy harvested: 0.0
iGeneratingEnergyWhenGridNeedsEnergyMinutes =0
iGeneratingEnergyWhenGridNeedsEnergyMinutes =0
iUsingEnergyWhenGridNeedsEnergyMinutes =1
iGeneratingEnergyWhenGridHasExcessEnergyMinutes = 0
iUsingEnergyWhenGridHasExcessEnergyMinutes = 0
iIdleWhenGridDoesNotNeedEnergyMinutes = 46080
iIdleWhenGridNeedsEnergyMinutes = 4688398
iEnergyPriceIsZeroMinutes = 240
harvester.getEnergyHarvestedAVAILABLEKilowattHours( ): 1.0827120133333333E7
harvester.getEnergyHarvestedKilowattHours(): 0.0
The running average is 31
The y-int is 7
Energy harvested: 4343940.859716372
iGeneratingEnergyWhenGridNeedsEnergyMinutes =741578
iGeneratingEnergyWhenGridNeedsEnergyMinutes =741578
iUsingEnergyWhenGridNeedsEnergyMinutes =55397
iGeneratingEnergyWhenGridHasExcessEnergyMinutes = 2276
iUsingEnergyWhenGridHasExcessEnergyMinutes = 258
iIdleWhenGridDoesNotNeedEnergyMinutes = 43546
iIdleWhenGridNeedsEnergyMinutes = 3891424
iEnergyPriceIsZeroMinutes = 240
harvester.getEnergyHarvestedAVAILABLEKilowattHours( ): 1.0827120133333333E7
harvester.getEnergyHarvestedKilowattHours(): 4343940.859716372
The y-int is 17
Energy harvested: 1107551.5583333485
iGeneratingEnergyWhenGridNeedsEnergyMinutes =46341
iGeneratingEnergyWhenGridNeedsEnergyMinutes =46341
iUsingEnergyWhenGridNeedsEnergyMinutes =1316
iGeneratingEnergyWhenGridHasExcessEnergyMinutes = 189
iUsingEnergyWhenGridHasExcessEnergyMinutes = 6
iIdleWhenGridDoesNotNeedEnergyMinutes = 45885
iIdleWhenGridNeedsEnergyMinutes = 4640742
iEnergyPriceIsZeroMinutes = 240
harvester.getEnergyHarvestedAVAILABLEKilowattHours( ): 1.0827120133333333E7
harvester.getEnergyHarvestedKilowattHours(): 1107551.5583333485
The y-int is 27
Energy harvested: 31579.583333333332
iGeneratingEnergyWhenGridNeedsEnergyMinutes =641
iGeneratingEnergyWhenGridNeedsEnergyMinutes =641
iUsingEnergyWhenGridNeedsEnergyMinutes =1
iGeneratingEnergyWhenGridHasExcessEnergyMinutes = 0
iUsingEnergyWhenGridHasExcessEnergyMinutes = 0
iIdleWhenGridDoesNotNeedEnergyMinutes = 46080
iIdleWhenGridNeedsEnergyMinutes = 4687757
iEnergyPriceIsZeroMinutes = 240
harvester.getEnergyHarvestedAVAILABLEKilowattHours( ): 1.0827120133333333E7
harvester.getEnergyHarvestedKilowattHours(): 31579.583333333332
The y-int is 37
Energy harvested: 0.0
iGeneratingEnergyWhenGridNeedsEnergyMinutes =0
iGeneratingEnergyWhenGridNeedsEnergyMinutes =0
iUsingEnergyWhenGridNeedsEnergyMinutes =1
iGeneratingEnergyWhenGridHasExcessEnergyMinutes = 0
iUsingEnergyWhenGridHasExcessEnergyMinutes = 0
iIdleWhenGridDoesNotNeedEnergyMinutes = 46080
iIdleWhenGridNeedsEnergyMinutes = 4688398
iEnergyPriceIsZeroMinutes = 240
harvester.getEnergyHarvestedAVAILABLEKilowattHours( ): 1.0827120133333333E7
harvester.getEnergyHarvestedKilowattHours(): 0.0
The running average is 61
The y-int is 7
Energy harvested: 4401157.75221737
iGeneratingEnergyWhenGridNeedsEnergyMinutes =744579
iGeneratingEnergyWhenGridNeedsEnergyMinutes =744579
iUsingEnergyWhenGridNeedsEnergyMinutes =45346
iGeneratingEnergyWhenGridHasExcessEnergyMinutes = 2276
iUsingEnergyWhenGridHasExcessEnergyMinutes = 160
iIdleWhenGridDoesNotNeedEnergyMinutes = 43644
iIdleWhenGridNeedsEnergyMinutes = 3898474
iEnergyPriceIsZeroMinutes = 240
harvester.getEnergyHarvestedAVAILABLEKilowattHours( ): 1.0827120133333333E7
harvester.getEnergyHarvestedKilowattHours(): 4401157.75221737
The y-int is 17
Energy harvested: 1084530.2638888957
iGeneratingEnergyWhenGridNeedsEnergyMinutes =46619
iGeneratingEnergyWhenGridNeedsEnergyMinutes =46619
iUsingEnergyWhenGridNeedsEnergyMinutes =685
iGeneratingEnergyWhenGridHasExcessEnergyMinutes = 270
iUsingEnergyWhenGridHasExcessEnergyMinutes = 2
iIdleWhenGridDoesNotNeedEnergyMinutes = 45808
iIdleWhenGridNeedsEnergyMinutes = 4641095
iEnergyPriceIsZeroMinutes = 240
harvester.getEnergyHarvestedAVAILABLEKilowattHours( ): 1.0827120133333333E7
harvester.getEnergyHarvestedKilowattHours(): 1084530.2638888957
The y-int is 27
Energy harvested: 32197.033333333333
iGeneratingEnergyWhenGridNeedsEnergyMinutes =659
iGeneratingEnergyWhenGridNeedsEnergyMinutes =659
iUsingEnergyWhenGridNeedsEnergyMinutes =1
iGeneratingEnergyWhenGridHasExcessEnergyMinutes = 0
iUsingEnergyWhenGridHasExcessEnergyMinutes = 0
iIdleWhenGridDoesNotNeedEnergyMinutes = 46080
iIdleWhenGridNeedsEnergyMinutes = 4687739
iEnergyPriceIsZeroMinutes = 240
harvester.getEnergyHarvestedAVAILABLEKilowattHours( ): 1.0827120133333333E7
harvester.getEnergyHarvestedKilowattHours(): 32197.033333333333
The y-int is 37
Energy harvested: 0.0
iGeneratingEnergyWhenGridNeedsEnergyMinutes =0
iGeneratingEnergyWhenGridNeedsEnergyMinutes =0
iUsingEnergyWhenGridNeedsEnergyMinutes =1
iGeneratingEnergyWhenGridHasExcessEnergyMinutes = 0
iUsingEnergyWhenGridHasExcessEnergyMinutes = 0
iIdleWhenGridDoesNotNeedEnergyMinutes = 46080
iIdleWhenGridNeedsEnergyMinutes = 4688398
iEnergyPriceIsZeroMinutes = 240
harvester.getEnergyHarvestedAVAILABLEKilowattHours( ): 1.0827120133333333E7
harvester.getEnergyHarvestedKilowattHours(): 0.0
The running average is 91
The y-int is 7
Energy harvested: 4414226.441939982
iGeneratingEnergyWhenGridNeedsEnergyMinutes =739854
iGeneratingEnergyWhenGridNeedsEnergyMinutes =739854
iUsingEnergyWhenGridNeedsEnergyMinutes =41737
iGeneratingEnergyWhenGridHasExcessEnergyMinutes = 2267
iUsingEnergyWhenGridHasExcessEnergyMinutes = 149
iIdleWhenGridDoesNotNeedEnergyMinutes = 43664
iIdleWhenGridNeedsEnergyMinutes = 3906808
iEnergyPriceIsZeroMinutes = 240
harvester.getEnergyHarvestedAVAILABLEKilowattHours( ): 1.0827120133333333E7
harvester.getEnergyHarvestedKilowattHours(): 4414226.441939982
The y-int is 17
Energy harvested: 1029817.6958333376
iGeneratingEnergyWhenGridNeedsEnergyMinutes =44750
iGeneratingEnergyWhenGridNeedsEnergyMinutes =44750
iUsingEnergyWhenGridNeedsEnergyMinutes =353
iGeneratingEnergyWhenGridHasExcessEnergyMinutes = 266
iUsingEnergyWhenGridHasExcessEnergyMinutes = 0
iIdleWhenGridDoesNotNeedEnergyMinutes = 45814
iIdleWhenGridNeedsEnergyMinutes = 4643296
iEnergyPriceIsZeroMinutes = 240
harvester.getEnergyHarvestedAVAILABLEKilowattHours( ): 1.0827120133333333E7
harvester.getEnergyHarvestedKilowattHours(): 1029817.6958333376
The y-int is 27
Energy harvested: 31768.55
iGeneratingEnergyWhenGridNeedsEnergyMinutes =655
iGeneratingEnergyWhenGridNeedsEnergyMinutes =655
iUsingEnergyWhenGridNeedsEnergyMinutes =1
iGeneratingEnergyWhenGridHasExcessEnergyMinutes = 0
iUsingEnergyWhenGridHasExcessEnergyMinutes = 0
iIdleWhenGridDoesNotNeedEnergyMinutes = 46080
iIdleWhenGridNeedsEnergyMinutes = 4687743
iEnergyPriceIsZeroMinutes = 240
harvester.getEnergyHarvestedAVAILABLEKilowattHours( ): 1.0827120133333333E7
harvester.getEnergyHarvestedKilowattHours(): 31768.55
The y-int is 37
Energy harvested: 0.0
iGeneratingEnergyWhenGridNeedsEnergyMinutes =0
iGeneratingEnergyWhenGridNeedsEnergyMinutes =0
iUsingEnergyWhenGridNeedsEnergyMinutes =1
iGeneratingEnergyWhenGridHasExcessEnergyMinutes = 0
iUsingEnergyWhenGridHasExcessEnergyMinutes = 0
iIdleWhenGridDoesNotNeedEnergyMinutes = 46080
iIdleWhenGridNeedsEnergyMinutes = 4688398
iEnergyPriceIsZeroMinutes = 240
harvester.getEnergyHarvestedAVAILABLEKilowattHours( ): 1.0827120133333333E7
harvester.getEnergyHarvestedKilowattHours(): 0.0
The running average is 121
The y-int is 7
Energy harvested: 4453228.028884666
iGeneratingEnergyWhenGridNeedsEnergyMinutes =735425
iGeneratingEnergyWhenGridNeedsEnergyMinutes =735425
iUsingEnergyWhenGridNeedsEnergyMinutes =39342
iGeneratingEnergyWhenGridHasExcessEnergyMinutes = 2283
iUsingEnergyWhenGridHasExcessEnergyMinutes = 149
iIdleWhenGridDoesNotNeedEnergyMinutes = 43648
iIdleWhenGridNeedsEnergyMinutes = 3913632
iEnergyPriceIsZeroMinutes = 240
harvester.getEnergyHarvestedAVAILABLEKilowattHours( ): 1.0827120133333333E7
harvester.getEnergyHarvestedKilowattHours(): 4453228.028884666
The y-int is 17
Energy harvested: 971742.0041666694
iGeneratingEnergyWhenGridNeedsEnergyMinutes =42550
iGeneratingEnergyWhenGridNeedsEnergyMinutes =42550
iUsingEnergyWhenGridNeedsEnergyMinutes =210
iGeneratingEnergyWhenGridHasExcessEnergyMinutes = 420
iUsingEnergyWhenGridHasExcessEnergyMinutes = 0
iIdleWhenGridDoesNotNeedEnergyMinutes = 45660
iIdleWhenGridNeedsEnergyMinutes = 4645639
iEnergyPriceIsZeroMinutes = 240
harvester.getEnergyHarvestedAVAILABLEKilowattHours( ): 1.0827120133333333E7
harvester.getEnergyHarvestedKilowattHours(): 971742.0041666694
The y-int is 27
Energy harvested: 32338.066666666666
iGeneratingEnergyWhenGridNeedsEnergyMinutes =670
iGeneratingEnergyWhenGridNeedsEnergyMinutes =670
iUsingEnergyWhenGridNeedsEnergyMinutes =1
iGeneratingEnergyWhenGridHasExcessEnergyMinutes = 0
iUsingEnergyWhenGridHasExcessEnergyMinutes = 0
iIdleWhenGridDoesNotNeedEnergyMinutes = 46080
iIdleWhenGridNeedsEnergyMinutes = 4687728
iEnergyPriceIsZeroMinutes = 240
harvester.getEnergyHarvestedAVAILABLEKilowattHours( ): 1.0827120133333333E7
harvester.getEnergyHarvestedKilowattHours(): 32338.066666666666
The y-int is 37
Energy harvested: 0.0
iGeneratingEnergyWhenGridNeedsEnergyMinutes =0
iGeneratingEnergyWhenGridNeedsEnergyMinutes =0
iUsingEnergyWhenGridNeedsEnergyMinutes =1
iGeneratingEnergyWhenGridHasExcessEnergyMinutes = 0
iUsingEnergyWhenGridHasExcessEnergyMinutes = 0
iIdleWhenGridDoesNotNeedEnergyMinutes = 46080
iIdleWhenGridNeedsEnergyMinutes = 4688398
iEnergyPriceIsZeroMinutes = 240
harvester.getEnergyHarvestedAVAILABLEKilowattHours( ): 1.0827120133333333E7
harvester.getEnergyHarvestedKilowattHours(): 0.0
Beginning testing mode:
station,&,y_intercept_for_month_1,&,running_average_size_minutes_for_month_1,&,y_intercept_for_month_2,&,running_average_size_minutes_for_month_2,&,y_intercept_for_month_3,&,running_average_size_minutes_for_month_3,&,y_intercept_for_month_4,&,running_average_size_minutes_for_month_4,&,y_intercept_for_month_5,&,running_average_size_minutes_for_month_5,&,y_intercept_for_month_6,&,running_average_size_minutes_for_month_6,&,y_intercept_for_month_7,&,running_average_size_minutes_for_month_7,&,y_intercept_for_month_8,&,running_average_size_minutes_for_month_8,&,y_intercept_for_month_9,&,running_average_size_minutes_for_month_9,&,y_intercept_for_month_10,&,running_average_size_minutes_for_month_10,&,y_intercept_for_month_11,&,running_average_size_minutes_for_month_11,&,y_intercept_for_month_12,&,running_average_size_minutes_for_month_12,&,dNetNorm,&,dMarketBalancePercentage,&,dMarketNetNorm,
results: KIAH,&,7,&,121,&,7,&,121,&,7,&,121,&,7,&,121,&,7,&,121,&,7,&,121,&,7,&,121,&,7,&,121,&,7,&,121,&,7,&,121,&,7,&,121,&,7,&,121,&,0.4093475199362149,&,0.9266871889001485,&,0.37933710253293845
monthly visible minutes:KIAH,&,2013,&,8672,&,8672,&,8672,&,8672,&,8672,&,8672,&,8672,&,8672,&,8672,&,8672,&,8672,&,8672,&,
monthly visible minutes:KIAH,&,2014,&,8672,&,8672,&,8672,&,8672,&,8672,&,8672,&,6170,&,8672,&,8672,&,8672,&,8672,&,8672,&,
monthly minutes harvester between states:KIAH,&,2013,&,646,&,798,&,570,&,570,&,573,&,1102,&,988,&,1140,&,722,&,836,&,663,&,646,&,
monthly minutes harvester between states:KIAH,&,2014,&,608,&,646,&,684,&,570,&,494,&,798,&,1105,&,1216,&,950,&,836,&,684,&,699,&,
station,&,y_intercept_for_month_1,&,running_average_size_minutes_for_month_1,&,y_intercept_for_month_2,&,running_average_size_minutes_for_month_2,&,y_intercept_for_month_3,&,running_average_size_minutes_for_month_3,&,y_intercept_for_month_4,&,running_average_size_minutes_for_month_4,&,y_intercept_for_month_5,&,running_average_size_minutes_for_month_5,&,y_intercept_for_month_6,&,running_average_size_minutes_for_month_6,&,y_intercept_for_month_7,&,running_average_size_minutes_for_month_7,&,y_intercept_for_month_8,&,running_average_size_minutes_for_month_8,&,y_intercept_for_month_9,&,running_average_size_minutes_for_month_9,&,y_intercept_for_month_10,&,running_average_size_minutes_for_month_10,&,y_intercept_for_month_11,&,running_average_size_minutes_for_month_11,&,y_intercept_for_month_12,&,running_average_size_minutes_for_month_12,&,dNetNorm,&,dMarketBalancePercentage,&,dMarketNetNorm,
results: KIAH,&,7,&,121,&,7,&,121,&,7,&,121,&,7,&,121,&,7,&,121,&,7,&,121,&,7,&,121,&,7,&,121,&,7,&,121,&,7,&,121,&,7,&,121,&,7,&,121,&,0.4093475199362149,&,0.9266808155357131,&,0.3793344936120132
monthly visible minutes:KIAH,&,2013,&,8672,&,8672,&,8672,&,8672,&,8672,&,8672,&,8672,&,8672,&,8672,&,8672,&,8672,&,8672,&,
monthly visible minutes:KIAH,&,2014,&,8672,&,8672,&,8672,&,8672,&,8672,&,8672,&,6170,&,8672,&,8672,&,8672,&,8672,&,8672,&,
monthly minutes harvester between states:KIAH,&,2013,&,646,&,798,&,570,&,570,&,573,&,1102,&,988,&,1140,&,722,&,836,&,663,&,646,&,
monthly minutes harvester between states:KIAH,&,2014,&,608,&,646,&,684,&,570,&,494,&,798,&,1105,&,1216,&,950,&,836,&,684,&,699,&,
Station: KLAS
abc: The current path is /home/guy/retractable-wind
I have found the property file.
The training windspeed filename is /trainingKLAS2004-2012in.csv
The testing windspeed filename is /testingKLAS2013-2014in.csv
Yes, the station is KLAS
Warning: The bAlsoUsePrediction no longer has any effect
iUsedAllItsAllocatedVisibilityMinutesPerMonth: 8760
Visibility Allocation Minutes:8760
HARVESTER_SIZE_SQM is 6362
Reading file
Success: /Wind turbine power curves - wind turbine power output against wind speed in knots.csv found.
Speed (Knots) = Speed(knots) vs power (kW) , Power (kW) =V90
Speed (Knots) = 0 , Power (kW) =0
Speed (Knots) = 1 , Power (kW) =0
Speed (Knots) = 2 , Power (kW) =0
Speed (Knots) = 3 , Power (kW) =0
Speed (Knots) = 4 , Power (kW) =0
Speed (Knots) = 5 , Power (kW) =0
Speed (Knots) = 6 , Power (kW) =0
Speed (Knots) = 7 , Power (kW) =38
Speed (Knots) = 8 , Power (kW) =87
Speed (Knots) = 9 , Power (kW) =141
Speed (Knots) = 10 , Power (kW) =207
Speed (Knots) = 11 , Power (kW) =286
Speed (Knots) = 12 , Power (kW) =382
Speed (Knots) = 13 , Power (kW) =496
Speed (Knots) = 14 , Power (kW) =628
Speed (Knots) = 15 , Power (kW) =781
Speed (Knots) = 16 , Power (kW) =957
Speed (Knots) = 17 , Power (kW) =1153
Speed (Knots) = 18 , Power (kW) =1366
Speed (Knots) = 19 , Power (kW) =1589
Speed (Knots) = 20 , Power (kW) =1814
Speed (Knots) = 21 , Power (kW) =2035
Speed (Knots) = 22 , Power (kW) =2250
Speed (Knots) = 23 , Power (kW) =2452
Speed (Knots) = 24 , Power (kW) =2634
Speed (Knots) = 25 , Power (kW) =2784
Speed (Knots) = 26 , Power (kW) =2888
Speed (Knots) = 27 , Power (kW) =2949
Speed (Knots) = 28 , Power (kW) =2980
Speed (Knots) = 29 , Power (kW) =2993
Speed (Knots) = 30 , Power (kW) =3000
Speed (Knots) = 31 , Power (kW) =3000
Speed (Knots) = 32 , Power (kW) =3000
Speed (Knots) = 33 , Power (kW) =3000
Speed (Knots) = 34 , Power (kW) =3000
Speed (Knots) = 35 , Power (kW) =3000
Speed (Knots) = 36 , Power (kW) =3000
Speed (Knots) = 37 , Power (kW) =3000
Speed (Knots) = 38 , Power (kW) =3000
Speed (Knots) = 39 , Power (kW) =3000
Speed (Knots) = 40 , Power (kW) =3000
Speed (Knots) = 41 , Power (kW) =3000
Speed (Knots) = 42 , Power (kW) =3000
Speed (Knots) = 43 , Power (kW) =3000
Speed (Knots) = 44 , Power (kW) =3000
Speed (Knots) = 45 , Power (kW) =3000
Speed (Knots) = 46 , Power (kW) =3000
Speed (Knots) = 47 , Power (kW) =3000
Speed (Knots) = 48 , Power (kW) =3000
Speed (Knots) = 49 , Power (kW) =0
Speed (Knots) = 50 , Power (kW) =0
Speed (Knots) = 51 , Power (kW) =0
Speed (Knots) = 52 , Power (kW) =0
Speed (Knots) = 53 , Power (kW) =0
Speed (Knots) = 54 , Power (kW) =0
Speed (Knots) = 55 , Power (kW) =0
Speed (Knots) = 56 , Power (kW) =0
Speed (Knots) = 57 , Power (kW) =0
Speed (Knots) = 58 , Power (kW) =0
Speed (Knots) = 59 , Power (kW) =0
Speed (Knots) = 60 , Power (kW) =0
The scale is 1.0
Wind power at 10 knots in kilowatts is 207.0
Wind power in-cut-out test 0.0
Class name:edu.pitt.cs.people.guy.wind.benchmarks.Static
Success: /Noise_Allowed_Time_Definitions_All_Stations.csv found.
The station is the record is KLAS
Success: /Noise_Allowed_Time_Definitions_All_Stations.csv found.
The station is the record is KLAS
I have found the membership file for NOT WINDY.
Windspeed (knots) [0,1), Membership Value =1.00000000,1.0
Windspeed (knots) [1,2), Membership Value =0.99993672,0.9999367
Windspeed (knots) [2,3), Membership Value =0.99891630,0.9989163
Windspeed (knots) [3,4), Membership Value =0.99447028,0.9944703
Windspeed (knots) [4,5), Membership Value =0.98365956,0.98365957
Windspeed (knots) [5,6), Membership Value =0.96444872,0.9644487
Windspeed (knots) [6,7), Membership Value =0.93727001,0.93727
Windspeed (knots) [7,8), Membership Value =0.90187574,0.90187573
Windspeed (knots) [8,9), Membership Value =0.85869003,0.85869
Windspeed (knots) [9,10), Membership Value =0.80683539,0.8068354
Windspeed (knots) [10,11), Membership Value =0.74522766,0.74522763
Windspeed (knots) [11,12), Membership Value =0.67345918,0.6734592
Windspeed (knots) [12,13), Membership Value =0.59550578,0.5955058
Windspeed (knots) [13,14), Membership Value =0.50924593,0.50924593
Windspeed (knots) [14,15), Membership Value =0.41684177,0.41684178
Windspeed (knots) [15,16), Membership Value =0.32060465,0.32060465
Windspeed (knots) [16,17), Membership Value =0.22534673,0.22534673
Windspeed (knots) [17,18), Membership Value =0.13578596,0.13578597
Windspeed (knots) [18,19), Membership Value =0.05736302,0.05736302
Windspeed (knots) [19,20), Membership Value =0.00000000,0.0
Windspeed (knots) [20,21), Membership Value =0.00000000,0.0
Windspeed (knots) [21,22), Membership Value =0.00000000,0.0
Windspeed (knots) [22,23), Membership Value =0.00000000,0.0
Windspeed (knots) [23,24), Membership Value =0.00000000,0.0
Windspeed (knots) [24,25), Membership Value =0.00000000,0.0
Windspeed (knots) [25,26), Membership Value =0.00000000,0.0
Windspeed (knots) [26,27), Membership Value =0.00000000,0.0
Windspeed (knots) [27,28), Membership Value =0.00000000,0.0
Windspeed (knots) [28,29), Membership Value =0.00000000,0.0
Windspeed (knots) [29,30), Membership Value =0.00000000,0.0
Windspeed (knots) [30,31), Membership Value =0.00000000,0.0
Windspeed (knots) [31,32), Membership Value =0.00000000,0.0
Windspeed (knots) [32,33), Membership Value =0.00000000,0.0
Windspeed (knots) [33,34), Membership Value =0.00000000,0.0
Windspeed (knots) [34,35), Membership Value =0.00000000,0.0
Windspeed (knots) [35,36), Membership Value =0.00000000,0.0
Windspeed (knots) [36,37), Membership Value =0.00000000,0.0
Windspeed (knots) [37,38), Membership Value =0.00000000,0.0
Windspeed (knots) [38,39), Membership Value =0.00000000,0.0
Windspeed (knots) [39,40), Membership Value =0.00000000,0.0
Windspeed (knots) [40,41), Membership Value =0.00000000,0.0
Windspeed (knots) [41,42), Membership Value =0.00000000,0.0
Windspeed (knots) [42,43), Membership Value =0.00000000,0.0
Windspeed (knots) [43,44), Membership Value =0.00000000,0.0
Windspeed (knots) [44,45), Membership Value =0.00000000,0.0
Windspeed (knots) [45,46), Membership Value =0.00000000,0.0
Windspeed (knots) [46,47), Membership Value =0.00000000,0.0
Windspeed (knots) [47,48), Membership Value =0.00000000,0.0
Windspeed (knots) [48,49), Membership Value =0.00000000,0.0
Windspeed (knots) [49,50), Membership Value =0.00000000,0.0
Windspeed (knots) [50,51), Membership Value =0.00000000,0.0
Windspeed (knots) [51,52), Membership Value =0.00000000,0.0
Windspeed (knots) [52,53), Membership Value =0.00000000,0.0
Windspeed (knots) [53,54), Membership Value =0.00000000,0.0
Windspeed (knots) [54,55), Membership Value =0.00000000,0.0
Windspeed (knots) [55,56), Membership Value =0.00000000,0.0
Windspeed (knots) [56,57), Membership Value =0.00000000,0.0
Windspeed (knots) [57,58), Membership Value =0.00000000,0.0
Windspeed (knots) [58,59), Membership Value =0.00000000,0.0
Windspeed (knots) [59,60), Membership Value =0.00000000,0.0
Windspeed (knots) [60,61), Membership Value =0.00000000,0.0
Windspeed (knots) [61,62), Membership Value =0.00000000,0.0
Windspeed (knots) [62,63), Membership Value =0.00000000,0.0
Windspeed (knots) [63,64), Membership Value =0.00000000,0.0
Windspeed (knots) [64,65), Membership Value =0.00000000,0.0
Windspeed (knots) [65,66), Membership Value =0.00000000,0.0
Windspeed (knots) [66,67), Membership Value =0.00000000,0.0
Windspeed (knots) [67,68), Membership Value =0.00000000,0.0
Windspeed (knots) [68,69), Membership Value =0.00000000,0.0
Windspeed (knots) [69,70), Membership Value =0.00000000,0.0
Windspeed (knots) [70,71), Membership Value =0.00000000,0.0
Windspeed (knots) [71,72), Membership Value =0.00000000,0.0
Windspeed (knots) [72,73), Membership Value =0.00000000,0.0
Windspeed (knots) [73,74), Membership Value =0.00000000,0.0
Windspeed (knots) [74,75), Membership Value =0.00000000,0.0
Windspeed (knots) [75,76), Membership Value =0.00000000,0.0
Windspeed (knots) [76,77), Membership Value =0.00000000,0.0
Windspeed (knots) [77,78), Membership Value =0.00000000,0.0
Windspeed (knots) [78,79), Membership Value =0.00000000,0.0
Windspeed (knots) [79,80), Membership Value =0.00000000,0.0
Windspeed (knots) [80,81), Membership Value =0.00000000,0.0
Windspeed (knots) [81,82), Membership Value =0.00000000,0.0
Windspeed (knots) [82,83), Membership Value =0.00000000,0.0
Windspeed (knots) [83,84), Membership Value =0.00000000,0.0
Windspeed (knots) [84,85), Membership Value =0.00000000,0.0
Windspeed (knots) [85,86), Membership Value =0.00000000,0.0
Windspeed (knots) [86,87), Membership Value =0.00000000,0.0
Windspeed (knots) [87,88), Membership Value =0.00000000,0.0
Windspeed (knots) [88,89), Membership Value =0.00000000,0.0
Windspeed (knots) [89,90), Membership Value =0.00000000,0.0
Windspeed (knots) [90,91), Membership Value =0.00000000,0.0
Windspeed (knots) [91,92), Membership Value =0.00000000,0.0
Windspeed (knots) [92,93), Membership Value =0.00000000,0.0
Windspeed (knots) [93,94), Membership Value =0.00000000,0.0
Windspeed (knots) [94,95), Membership Value =0.00000000,0.0
Windspeed (knots) [95,96), Membership Value =0.00000000,0.0
Windspeed (knots) [96,97), Membership Value =0.00000000,0.0
Windspeed (knots) [97,98), Membership Value =0.00000000,0.0
Windspeed (knots) [98,99), Membership Value =0.00000000,0.0
Windspeed (knots) [99,100), Membership Value =0.00000000,0.0
Windspeed (knots) [100,101), Membership Value =0.00000000,0.0
Windspeed (knots) [101,102), Membership Value =0.00000000,0.0
Windspeed (knots) [102,103), Membership Value =0.00000000,0.0
Windspeed (knots) [103,104), Membership Value =0.00000000,0.0
Windspeed (knots) [104,105), Membership Value =0.00000000,0.0
Windspeed (knots) [105,106), Membership Value =0.00000000,0.0
Windspeed (knots) [106,107), Membership Value =0.00000000,0.0
Windspeed (knots) [107,108), Membership Value =0.00000000,0.0
Windspeed (knots) [108,109), Membership Value =0.00000000,0.0
Windspeed (knots) [109,110), Membership Value =0.00000000,0.0
Windspeed (knots) [110,111), Membership Value =0.00000000,0.0
Windspeed (knots) [111,112), Membership Value =0.00000000,0.0
Windspeed (knots) [112,113), Membership Value =0.00000000,0.0
Windspeed (knots) [113,114), Membership Value =0.00000000,0.0
Windspeed (knots) [114,115), Membership Value =0.00000000,0.0
Windspeed (knots) [115,116), Membership Value =0.00000000,0.0
Windspeed (knots) [116,117), Membership Value =0.00000000,0.0
Windspeed (knots) [117,118), Membership Value =0.00000000,0.0
Windspeed (knots) [118,119), Membership Value =0.00000000,0.0
Windspeed (knots) [119,120), Membership Value =0.00000000,0.0
Windspeed (knots) [120,121), Membership Value =0.00000000,0.0
Windspeed (knots) [121,122), Membership Value =0.00000000,0.0
Windspeed (knots) [122,123), Membership Value =0.00000000,0.0
Windspeed (knots) [123,124), Membership Value =0.00000000,0.0
Windspeed (knots) [124,125), Membership Value =0.00000000,0.0
LowestWindspeedThatIsWindyKnots for station KLAS is 8 knots.
Transition limited :false
bUseWeatherPrediction:false
The running average is 1
The y-int is 8
Energy harvested: 5869500.966107879
iGeneratingEnergyWhenGridNeedsEnergyMinutes =543444
iGeneratingEnergyWhenGridNeedsEnergyMinutes =543444
iUsingEnergyWhenGridNeedsEnergyMinutes =112251
iGeneratingEnergyWhenGridHasExcessEnergyMinutes = 1445
iUsingEnergyWhenGridHasExcessEnergyMinutes = 255
iIdleWhenGridDoesNotNeedEnergyMinutes = 44380
iIdleWhenGridNeedsEnergyMinutes = 4031670
iEnergyPriceIsZeroMinutes = 240
harvester.getEnergyHarvestedAVAILABLEKilowattHours( ): 1.410018065E7
harvester.getEnergyHarvestedKilowattHours(): 5869500.966107879
The y-int is 18
Energy harvested: 1537355.9
iGeneratingEnergyWhenGridNeedsEnergyMinutes =47379
iGeneratingEnergyWhenGridNeedsEnergyMinutes =47379
iUsingEnergyWhenGridNeedsEnergyMinutes =1
iGeneratingEnergyWhenGridHasExcessEnergyMinutes = 27
iUsingEnergyWhenGridHasExcessEnergyMinutes = 0
iIdleWhenGridDoesNotNeedEnergyMinutes = 46053
iIdleWhenGridNeedsEnergyMinutes = 4639985
iEnergyPriceIsZeroMinutes = 240
harvester.getEnergyHarvestedAVAILABLEKilowattHours( ): 1.410018065E7
harvester.getEnergyHarvestedKilowattHours(): 1537355.9
The y-int is 28
Energy harvested: 9020.266666666666
iGeneratingEnergyWhenGridNeedsEnergyMinutes =181
iGeneratingEnergyWhenGridNeedsEnergyMinutes =181
iUsingEnergyWhenGridNeedsEnergyMinutes =1
iGeneratingEnergyWhenGridHasExcessEnergyMinutes = 0
iUsingEnergyWhenGridHasExcessEnergyMinutes = 0
iIdleWhenGridDoesNotNeedEnergyMinutes = 46080
iIdleWhenGridNeedsEnergyMinutes = 4687183
iEnergyPriceIsZeroMinutes = 240
harvester.getEnergyHarvestedAVAILABLEKilowattHours( ): 1.410018065E7
harvester.getEnergyHarvestedKilowattHours(): 9020.266666666666
The y-int is 38
Energy harvested: 0.0
iGeneratingEnergyWhenGridNeedsEnergyMinutes =0
iGeneratingEnergyWhenGridNeedsEnergyMinutes =0
iUsingEnergyWhenGridNeedsEnergyMinutes =1
iGeneratingEnergyWhenGridHasExcessEnergyMinutes = 0
iUsingEnergyWhenGridHasExcessEnergyMinutes = 0
iIdleWhenGridDoesNotNeedEnergyMinutes = 46080
iIdleWhenGridNeedsEnergyMinutes = 4687364
iEnergyPriceIsZeroMinutes = 240
harvester.getEnergyHarvestedAVAILABLEKilowattHours( ): 1.410018065E7
harvester.getEnergyHarvestedKilowattHours(): 0.0
The running average is 31
The y-int is 8
Energy harvested: 6191653.369999508
iGeneratingEnergyWhenGridNeedsEnergyMinutes =587102
iGeneratingEnergyWhenGridNeedsEnergyMinutes =587102
iUsingEnergyWhenGridNeedsEnergyMinutes =50693
iGeneratingEnergyWhenGridHasExcessEnergyMinutes = 2036
iUsingEnergyWhenGridHasExcessEnergyMinutes = 145
iIdleWhenGridDoesNotNeedEnergyMinutes = 43899
iIdleWhenGridNeedsEnergyMinutes = 4049570
iEnergyPriceIsZeroMinutes = 240
harvester.getEnergyHarvestedAVAILABLEKilowattHours( ): 1.410018065E7
harvester.getEnergyHarvestedKilowattHours(): 6191653.369999508
The y-int is 18
Energy harvested: 1797477.313055562
iGeneratingEnergyWhenGridNeedsEnergyMinutes =62753
iGeneratingEnergyWhenGridNeedsEnergyMinutes =62753
iUsingEnergyWhenGridNeedsEnergyMinutes =643
iGeneratingEnergyWhenGridHasExcessEnergyMinutes = 114
iUsingEnergyWhenGridHasExcessEnergyMinutes = 0
iIdleWhenGridDoesNotNeedEnergyMinutes = 45966
iIdleWhenGridNeedsEnergyMinutes = 4623969
iEnergyPriceIsZeroMinutes = 240
harvester.getEnergyHarvestedAVAILABLEKilowattHours( ): 1.410018065E7
harvester.getEnergyHarvestedKilowattHours(): 1797477.313055562
The y-int is 28
Energy harvested: 13753.333333333334
iGeneratingEnergyWhenGridNeedsEnergyMinutes =286
iGeneratingEnergyWhenGridNeedsEnergyMinutes =286
iUsingEnergyWhenGridNeedsEnergyMinutes =1
iGeneratingEnergyWhenGridHasExcessEnergyMinutes = 0
iUsingEnergyWhenGridHasExcessEnergyMinutes = 0
iIdleWhenGridDoesNotNeedEnergyMinutes = 46080
iIdleWhenGridNeedsEnergyMinutes = 4687078
iEnergyPriceIsZeroMinutes = 240
harvester.getEnergyHarvestedAVAILABLEKilowattHours( ): 1.410018065E7
harvester.getEnergyHarvestedKilowattHours(): 13753.333333333334
The y-int is 38
Energy harvested: 0.0
iGeneratingEnergyWhenGridNeedsEnergyMinutes =0
iGeneratingEnergyWhenGridNeedsEnergyMinutes =0
iUsingEnergyWhenGridNeedsEnergyMinutes =1
iGeneratingEnergyWhenGridHasExcessEnergyMinutes = 0
iUsingEnergyWhenGridHasExcessEnergyMinutes = 0
iIdleWhenGridDoesNotNeedEnergyMinutes = 46080
iIdleWhenGridNeedsEnergyMinutes = 4687364
iEnergyPriceIsZeroMinutes = 240
harvester.getEnergyHarvestedAVAILABLEKilowattHours( ): 1.410018065E7
harvester.getEnergyHarvestedKilowattHours(): 0.0
The running average is 61
The y-int is 8
Energy harvested: 6182913.546666331
iGeneratingEnergyWhenGridNeedsEnergyMinutes =582924
iGeneratingEnergyWhenGridNeedsEnergyMinutes =582924
iUsingEnergyWhenGridNeedsEnergyMinutes =38698
iGeneratingEnergyWhenGridHasExcessEnergyMinutes = 2025
iUsingEnergyWhenGridHasExcessEnergyMinutes = 119
iIdleWhenGridDoesNotNeedEnergyMinutes = 43936
iIdleWhenGridNeedsEnergyMinutes = 4065743
iEnergyPriceIsZeroMinutes = 240
harvester.getEnergyHarvestedAVAILABLEKilowattHours( ): 1.410018065E7
harvester.getEnergyHarvestedKilowattHours(): 6182913.546666331
The y-int is 18
Energy harvested: 1729452.8441666698
iGeneratingEnergyWhenGridNeedsEnergyMinutes =61862
iGeneratingEnergyWhenGridNeedsEnergyMinutes =61862
iUsingEnergyWhenGridNeedsEnergyMinutes =293
iGeneratingEnergyWhenGridHasExcessEnergyMinutes = 82
iUsingEnergyWhenGridHasExcessEnergyMinutes = 0
iIdleWhenGridDoesNotNeedEnergyMinutes = 45998
iIdleWhenGridNeedsEnergyMinutes = 4625210
iEnergyPriceIsZeroMinutes = 240
harvester.getEnergyHarvestedAVAILABLEKilowattHours( ): 1.410018065E7
harvester.getEnergyHarvestedKilowattHours(): 1729452.8441666698
The y-int is 28
Energy harvested: 11653.85
iGeneratingEnergyWhenGridNeedsEnergyMinutes =247
iGeneratingEnergyWhenGridNeedsEnergyMinutes =247
iUsingEnergyWhenGridNeedsEnergyMinutes =1
iGeneratingEnergyWhenGridHasExcessEnergyMinutes = 0
iUsingEnergyWhenGridHasExcessEnergyMinutes = 0
iIdleWhenGridDoesNotNeedEnergyMinutes = 46080
iIdleWhenGridNeedsEnergyMinutes = 4687117
iEnergyPriceIsZeroMinutes = 240
harvester.getEnergyHarvestedAVAILABLEKilowattHours( ): 1.410018065E7
harvester.getEnergyHarvestedKilowattHours(): 11653.85
The y-int is 38
Energy harvested: 0.0
iGeneratingEnergyWhenGridNeedsEnergyMinutes =0
iGeneratingEnergyWhenGridNeedsEnergyMinutes =0
iUsingEnergyWhenGridNeedsEnergyMinutes =1
iGeneratingEnergyWhenGridHasExcessEnergyMinutes = 0
iUsingEnergyWhenGridHasExcessEnergyMinutes = 0
iIdleWhenGridDoesNotNeedEnergyMinutes = 46080
iIdleWhenGridNeedsEnergyMinutes = 4687364
iEnergyPriceIsZeroMinutes = 240
harvester.getEnergyHarvestedAVAILABLEKilowattHours( ): 1.410018065E7
harvester.getEnergyHarvestedKilowattHours(): 0.0
The running average is 91
The y-int is 8
Energy harvested: 6155013.708055187
iGeneratingEnergyWhenGridNeedsEnergyMinutes =572865
iGeneratingEnergyWhenGridNeedsEnergyMinutes =572865
iUsingEnergyWhenGridNeedsEnergyMinutes =33673
iGeneratingEnergyWhenGridHasExcessEnergyMinutes = 2059
iUsingEnergyWhenGridHasExcessEnergyMinutes = 92
iIdleWhenGridDoesNotNeedEnergyMinutes = 43929
iIdleWhenGridNeedsEnergyMinutes = 4080827
iEnergyPriceIsZeroMinutes = 240
harvester.getEnergyHarvestedAVAILABLEKilowattHours( ): 1.410018065E7
harvester.getEnergyHarvestedKilowattHours(): 6155013.708055187
The y-int is 18
Energy harvested: 1632969.2747222264
iGeneratingEnergyWhenGridNeedsEnergyMinutes =59131
iGeneratingEnergyWhenGridNeedsEnergyMinutes =59131
iUsingEnergyWhenGridNeedsEnergyMinutes =303
iGeneratingEnergyWhenGridHasExcessEnergyMinutes = 60
iUsingEnergyWhenGridHasExcessEnergyMinutes = 0
iIdleWhenGridDoesNotNeedEnergyMinutes = 46020
iIdleWhenGridNeedsEnergyMinutes = 4627931
iEnergyPriceIsZeroMinutes = 240
harvester.getEnergyHarvestedAVAILABLEKilowattHours( ): 1.410018065E7
harvester.getEnergyHarvestedKilowattHours(): 1632969.2747222264
The y-int is 28
Energy harvested: 8863.816666666668
iGeneratingEnergyWhenGridNeedsEnergyMinutes =195
iGeneratingEnergyWhenGridNeedsEnergyMinutes =195
iUsingEnergyWhenGridNeedsEnergyMinutes =1
iGeneratingEnergyWhenGridHasExcessEnergyMinutes = 0
iUsingEnergyWhenGridHasExcessEnergyMinutes = 0
iIdleWhenGridDoesNotNeedEnergyMinutes = 46080
iIdleWhenGridNeedsEnergyMinutes = 4687169
iEnergyPriceIsZeroMinutes = 240
harvester.getEnergyHarvestedAVAILABLEKilowattHours( ): 1.410018065E7
harvester.getEnergyHarvestedKilowattHours(): 8863.816666666668
The y-int is 38
Energy harvested: 0.0
iGeneratingEnergyWhenGridNeedsEnergyMinutes =0
iGeneratingEnergyWhenGridNeedsEnergyMinutes =0
iUsingEnergyWhenGridNeedsEnergyMinutes =1
iGeneratingEnergyWhenGridHasExcessEnergyMinutes = 0
iUsingEnergyWhenGridHasExcessEnergyMinutes = 0
iIdleWhenGridDoesNotNeedEnergyMinutes = 46080
iIdleWhenGridNeedsEnergyMinutes = 4687364
iEnergyPriceIsZeroMinutes = 240
harvester.getEnergyHarvestedAVAILABLEKilowattHours( ): 1.410018065E7
harvester.getEnergyHarvestedKilowattHours(): 0.0
The running average is 121
The y-int is 8
Energy harvested: 6101051.854721912
iGeneratingEnergyWhenGridNeedsEnergyMinutes =562323
iGeneratingEnergyWhenGridNeedsEnergyMinutes =562323
iUsingEnergyWhenGridNeedsEnergyMinutes =30917
iGeneratingEnergyWhenGridHasExcessEnergyMinutes = 2056
iUsingEnergyWhenGridHasExcessEnergyMinutes = 116
iIdleWhenGridDoesNotNeedEnergyMinutes = 43908
iIdleWhenGridNeedsEnergyMinutes = 4094125
iEnergyPriceIsZeroMinutes = 240
harvester.getEnergyHarvestedAVAILABLEKilowattHours( ): 1.410018065E7
harvester.getEnergyHarvestedKilowattHours(): 6101051.854721912
The y-int is 18
Energy harvested: 1551253.0333333353
iGeneratingEnergyWhenGridNeedsEnergyMinutes =56724
iGeneratingEnergyWhenGridNeedsEnergyMinutes =56724
iUsingEnergyWhenGridNeedsEnergyMinutes =164
iGeneratingEnergyWhenGridHasExcessEnergyMinutes = 61
iUsingEnergyWhenGridHasExcessEnergyMinutes = 0
iIdleWhenGridDoesNotNeedEnergyMinutes = 46019
iIdleWhenGridNeedsEnergyMinutes = 4630477
iEnergyPriceIsZeroMinutes = 240
harvester.getEnergyHarvestedAVAILABLEKilowattHours( ): 1.410018065E7
harvester.getEnergyHarvestedKilowattHours(): 1551253.0333333353
The y-int is 28
Energy harvested: 5067.683333333333
iGeneratingEnergyWhenGridNeedsEnergyMinutes =110
iGeneratingEnergyWhenGridNeedsEnergyMinutes =110
iUsingEnergyWhenGridNeedsEnergyMinutes =1
iGeneratingEnergyWhenGridHasExcessEnergyMinutes = 0
iUsingEnergyWhenGridHasExcessEnergyMinutes = 0
iIdleWhenGridDoesNotNeedEnergyMinutes = 46080
iIdleWhenGridNeedsEnergyMinutes = 4687254
iEnergyPriceIsZeroMinutes = 240
harvester.getEnergyHarvestedAVAILABLEKilowattHours( ): 1.410018065E7
harvester.getEnergyHarvestedKilowattHours(): 5067.683333333333
The y-int is 38
Energy harvested: 0.0
iGeneratingEnergyWhenGridNeedsEnergyMinutes =0
iGeneratingEnergyWhenGridNeedsEnergyMinutes =0
iUsingEnergyWhenGridNeedsEnergyMinutes =1
iGeneratingEnergyWhenGridHasExcessEnergyMinutes = 0
iUsingEnergyWhenGridHasExcessEnergyMinutes = 0
iIdleWhenGridDoesNotNeedEnergyMinutes = 46080
iIdleWhenGridNeedsEnergyMinutes = 4687364
iEnergyPriceIsZeroMinutes = 240
harvester.getEnergyHarvestedAVAILABLEKilowattHours( ): 1.410018065E7
harvester.getEnergyHarvestedKilowattHours(): 0.0
Beginning testing mode:
station,&,y_intercept_for_month_1,&,running_average_size_minutes_for_month_1,&,y_intercept_for_month_2,&,running_average_size_minutes_for_month_2,&,y_intercept_for_month_3,&,running_average_size_minutes_for_month_3,&,y_intercept_for_month_4,&,running_average_size_minutes_for_month_4,&,y_intercept_for_month_5,&,running_average_size_minutes_for_month_5,&,y_intercept_for_month_6,&,running_average_size_minutes_for_month_6,&,y_intercept_for_month_7,&,running_average_size_minutes_for_month_7,&,y_intercept_for_month_8,&,running_average_size_minutes_for_month_8,&,y_intercept_for_month_9,&,running_average_size_minutes_for_month_9,&,y_intercept_for_month_10,&,running_average_size_minutes_for_month_10,&,y_intercept_for_month_11,&,running_average_size_minutes_for_month_11,&,y_intercept_for_month_12,&,running_average_size_minutes_for_month_12,&,dNetNorm,&,dMarketBalancePercentage,&,dMarketNetNorm,
results: KLAS,&,8,&,31,&,8,&,31,&,8,&,31,&,8,&,31,&,8,&,31,&,8,&,31,&,8,&,31,&,8,&,31,&,8,&,31,&,8,&,31,&,8,&,31,&,8,&,31,&,0.398535527708408,&,0.889090475460384,&,0.3543341418181235
monthly visible minutes:KLAS,&,2013,&,4099,&,4666,&,7300,&,7638,&,8672,&,8672,&,8496,&,8672,&,4873,&,5879,&,2092,&,4516,&,
monthly visible minutes:KLAS,&,2014,&,2273,&,3117,&,8563,&,8672,&,8672,&,8672,&,8672,&,8672,&,6501,&,4668,&,4467,&,3947,&,
monthly minutes harvester between states:KLAS,&,2013,&,815,&,1137,&,1011,&,1432,&,1163,&,1291,&,1960,&,1423,&,935,&,752,&,494,&,856,&,
monthly minutes harvester between states:KLAS,&,2014,&,734,&,825,&,1284,&,1439,&,1224,&,1299,&,1374,&,1560,&,1250,&,722,&,1131,&,859,&,
station,&,y_intercept_for_month_1,&,running_average_size_minutes_for_month_1,&,y_intercept_for_month_2,&,running_average_size_minutes_for_month_2,&,y_intercept_for_month_3,&,running_average_size_minutes_for_month_3,&,y_intercept_for_month_4,&,running_average_size_minutes_for_month_4,&,y_intercept_for_month_5,&,running_average_size_minutes_for_month_5,&,y_intercept_for_month_6,&,running_average_size_minutes_for_month_6,&,y_intercept_for_month_7,&,running_average_size_minutes_for_month_7,&,y_intercept_for_month_8,&,running_average_size_minutes_for_month_8,&,y_intercept_for_month_9,&,running_average_size_minutes_for_month_9,&,y_intercept_for_month_10,&,running_average_size_minutes_for_month_10,&,y_intercept_for_month_11,&,running_average_size_minutes_for_month_11,&,y_intercept_for_month_12,&,running_average_size_minutes_for_month_12,&,dNetNorm,&,dMarketBalancePercentage,&,dMarketNetNorm,
results: KLAS,&,8,&,91,&,8,&,91,&,8,&,91,&,8,&,91,&,8,&,91,&,8,&,91,&,8,&,91,&,8,&,91,&,8,&,91,&,8,&,91,&,8,&,91,&,8,&,91,&,0.39853016946409525,&,0.9236809773783646,&,0.3681147364453608
monthly visible minutes:KLAS,&,2013,&,4099,&,4666,&,7300,&,7638,&,8672,&,8672,&,8496,&,8672,&,4873,&,5879,&,2092,&,4516,&,
monthly visible minutes:KLAS,&,2014,&,2273,&,3117,&,8563,&,8672,&,8672,&,8672,&,8672,&,8672,&,6501,&,4668,&,4467,&,3947,&,
monthly minutes harvester between states:KLAS,&,2013,&,815,&,1137,&,1011,&,1432,&,1163,&,1291,&,1960,&,1423,&,935,&,752,&,494,&,856,&,
monthly minutes harvester between states:KLAS,&,2014,&,734,&,825,&,1284,&,1439,&,1224,&,1299,&,1374,&,1560,&,1250,&,722,&,1131,&,859,&,
Station: KLAX
abc: The current path is /home/guy/retractable-wind
I have found the property file.
The training windspeed filename is /trainingKLAX2004-2012in.csv
The testing windspeed filename is /testingKLAX2013-2014in.csv
Yes, the station is KLAX
Warning: The bAlsoUsePrediction no longer has any effect
iUsedAllItsAllocatedVisibilityMinutesPerMonth: 8760
Visibility Allocation Minutes:8760
HARVESTER_SIZE_SQM is 6362
Reading file
Success: /Wind turbine power curves - wind turbine power output against wind speed in knots.csv found.
Speed (Knots) = Speed(knots) vs power (kW) , Power (kW) =V90
Speed (Knots) = 0 , Power (kW) =0
Speed (Knots) = 1 , Power (kW) =0
Speed (Knots) = 2 , Power (kW) =0
Speed (Knots) = 3 , Power (kW) =0
Speed (Knots) = 4 , Power (kW) =0
Speed (Knots) = 5 , Power (kW) =0
Speed (Knots) = 6 , Power (kW) =0
Speed (Knots) = 7 , Power (kW) =38
Speed (Knots) = 8 , Power (kW) =87
Speed (Knots) = 9 , Power (kW) =141
Speed (Knots) = 10 , Power (kW) =207
Speed (Knots) = 11 , Power (kW) =286
Speed (Knots) = 12 , Power (kW) =382
Speed (Knots) = 13 , Power (kW) =496
Speed (Knots) = 14 , Power (kW) =628
Speed (Knots) = 15 , Power (kW) =781
Speed (Knots) = 16 , Power (kW) =957
Speed (Knots) = 17 , Power (kW) =1153
Speed (Knots) = 18 , Power (kW) =1366
Speed (Knots) = 19 , Power (kW) =1589
Speed (Knots) = 20 , Power (kW) =1814
Speed (Knots) = 21 , Power (kW) =2035
Speed (Knots) = 22 , Power (kW) =2250
Speed (Knots) = 23 , Power (kW) =2452
Speed (Knots) = 24 , Power (kW) =2634
Speed (Knots) = 25 , Power (kW) =2784
Speed (Knots) = 26 , Power (kW) =2888
Speed (Knots) = 27 , Power (kW) =2949
Speed (Knots) = 28 , Power (kW) =2980
Speed (Knots) = 29 , Power (kW) =2993
Speed (Knots) = 30 , Power (kW) =3000
Speed (Knots) = 31 , Power (kW) =3000
Speed (Knots) = 32 , Power (kW) =3000
Speed (Knots) = 33 , Power (kW) =3000
Speed (Knots) = 34 , Power (kW) =3000
Speed (Knots) = 35 , Power (kW) =3000
Speed (Knots) = 36 , Power (kW) =3000
Speed (Knots) = 37 , Power (kW) =3000
Speed (Knots) = 38 , Power (kW) =3000
Speed (Knots) = 39 , Power (kW) =3000
Speed (Knots) = 40 , Power (kW) =3000
Speed (Knots) = 41 , Power (kW) =3000
Speed (Knots) = 42 , Power (kW) =3000
Speed (Knots) = 43 , Power (kW) =3000
Speed (Knots) = 44 , Power (kW) =3000
Speed (Knots) = 45 , Power (kW) =3000
Speed (Knots) = 46 , Power (kW) =3000
Speed (Knots) = 47 , Power (kW) =3000
Speed (Knots) = 48 , Power (kW) =3000
Speed (Knots) = 49 , Power (kW) =0
Speed (Knots) = 50 , Power (kW) =0
Speed (Knots) = 51 , Power (kW) =0
Speed (Knots) = 52 , Power (kW) =0
Speed (Knots) = 53 , Power (kW) =0
Speed (Knots) = 54 , Power (kW) =0
Speed (Knots) = 55 , Power (kW) =0
Speed (Knots) = 56 , Power (kW) =0
Speed (Knots) = 57 , Power (kW) =0
Speed (Knots) = 58 , Power (kW) =0
Speed (Knots) = 59 , Power (kW) =0
Speed (Knots) = 60 , Power (kW) =0
The scale is 1.0
Wind power at 10 knots in kilowatts is 207.0
Wind power in-cut-out test 0.0
Class name:edu.pitt.cs.people.guy.wind.benchmarks.Static
Success: /Noise_Allowed_Time_Definitions_All_Stations.csv found.
The station is the record is KLAX
Success: /Noise_Allowed_Time_Definitions_All_Stations.csv found.
The station is the record is KLAX
I have found the membership file for NOT WINDY.
Windspeed (knots) [0,1), Membership Value =1.00000000,1.0
Windspeed (knots) [1,2), Membership Value =0.99989871,0.99989873
Windspeed (knots) [2,3), Membership Value =0.99837459,0.9983746
Windspeed (knots) [3,4), Membership Value =0.99140114,0.99140114
Windspeed (knots) [4,5), Membership Value =0.97521952,0.97521955
Windspeed (knots) [5,6), Membership Value =0.94833654,0.94833654
Windspeed (knots) [6,7), Membership Value =0.91015038,0.9101504
Windspeed (knots) [7,8), Membership Value =0.85735640,0.8573564
Windspeed (knots) [8,9), Membership Value =0.78517047,0.7851705
Windspeed (knots) [9,10), Membership Value =0.68245432,0.68245435
Windspeed (knots) [10,11), Membership Value =0.55940406,0.5594041
Windspeed (knots) [11,12), Membership Value =0.42146572,0.42146572
Windspeed (knots) [12,13), Membership Value =0.29265055,0.29265055
Windspeed (knots) [13,14), Membership Value =0.18273665,0.18273665
Windspeed (knots) [14,15), Membership Value =0.09731320,0.0973132
Windspeed (knots) [15,16), Membership Value =0.03512187,0.03512187
Windspeed (knots) [16,17), Membership Value =0.00000000,0.0
Windspeed (knots) [17,18), Membership Value =0.00000000,0.0
Windspeed (knots) [18,19), Membership Value =0.00000000,0.0
Windspeed (knots) [19,20), Membership Value =0.00000000,0.0
Windspeed (knots) [20,21), Membership Value =0.00000000,0.0
Windspeed (knots) [21,22), Membership Value =0.00000000,0.0
Windspeed (knots) [22,23), Membership Value =0.00000000,0.0
Windspeed (knots) [23,24), Membership Value =0.00000000,0.0
Windspeed (knots) [24,25), Membership Value =0.00000000,0.0
Windspeed (knots) [25,26), Membership Value =0.00000000,0.0
Windspeed (knots) [26,27), Membership Value =0.00000000,0.0
Windspeed (knots) [27,28), Membership Value =0.00000000,0.0
Windspeed (knots) [28,29), Membership Value =0.00000000,0.0
Windspeed (knots) [29,30), Membership Value =0.00000000,0.0
Windspeed (knots) [30,31), Membership Value =0.00000000,0.0
Windspeed (knots) [31,32), Membership Value =0.00000000,0.0
Windspeed (knots) [32,33), Membership Value =0.00000000,0.0
Windspeed (knots) [33,34), Membership Value =0.00000000,0.0
Windspeed (knots) [34,35), Membership Value =0.00000000,0.0
Windspeed (knots) [35,36), Membership Value =0.00000000,0.0
Windspeed (knots) [36,37), Membership Value =0.00000000,0.0
Windspeed (knots) [37,38), Membership Value =0.00000000,0.0
Windspeed (knots) [38,39), Membership Value =0.00000000,0.0
Windspeed (knots) [39,40), Membership Value =0.00000000,0.0
Windspeed (knots) [40,41), Membership Value =0.00000000,0.0
Windspeed (knots) [41,42), Membership Value =0.00000000,0.0
Windspeed (knots) [42,43), Membership Value =0.00000000,0.0
Windspeed (knots) [43,44), Membership Value =0.00000000,0.0
Windspeed (knots) [44,45), Membership Value =0.00000000,0.0
Windspeed (knots) [45,46), Membership Value =0.00000000,0.0
Windspeed (knots) [46,47), Membership Value =0.00000000,0.0
Windspeed (knots) [47,48), Membership Value =0.00000000,0.0
Windspeed (knots) [48,49), Membership Value =0.00000000,0.0
Windspeed (knots) [49,50), Membership Value =0.00000000,0.0
Windspeed (knots) [50,51), Membership Value =0.00000000,0.0
Windspeed (knots) [51,52), Membership Value =0.00000000,0.0
Windspeed (knots) [52,53), Membership Value =0.00000000,0.0
Windspeed (knots) [53,54), Membership Value =0.00000000,0.0
Windspeed (knots) [54,55), Membership Value =0.00000000,0.0
Windspeed (knots) [55,56), Membership Value =0.00000000,0.0
Windspeed (knots) [56,57), Membership Value =0.00000000,0.0
Windspeed (knots) [57,58), Membership Value =0.00000000,0.0
Windspeed (knots) [58,59), Membership Value =0.00000000,0.0
Windspeed (knots) [59,60), Membership Value =0.00000000,0.0
Windspeed (knots) [60,61), Membership Value =0.00000000,0.0
Windspeed (knots) [61,62), Membership Value =0.00000000,0.0
Windspeed (knots) [62,63), Membership Value =0.00000000,0.0
Windspeed (knots) [63,64), Membership Value =0.00000000,0.0
Windspeed (knots) [64,65), Membership Value =0.00000000,0.0
Windspeed (knots) [65,66), Membership Value =0.00000000,0.0
Windspeed (knots) [66,67), Membership Value =0.00000000,0.0
Windspeed (knots) [67,68), Membership Value =0.00000000,0.0
Windspeed (knots) [68,69), Membership Value =0.00000000,0.0
Windspeed (knots) [69,70), Membership Value =0.00000000,0.0
Windspeed (knots) [70,71), Membership Value =0.00000000,0.0
Windspeed (knots) [71,72), Membership Value =0.00000000,0.0
Windspeed (knots) [72,73), Membership Value =0.00000000,0.0
Windspeed (knots) [73,74), Membership Value =0.00000000,0.0
Windspeed (knots) [74,75), Membership Value =0.00000000,0.0
Windspeed (knots) [75,76), Membership Value =0.00000000,0.0
Windspeed (knots) [76,77), Membership Value =0.00000000,0.0
Windspeed (knots) [77,78), Membership Value =0.00000000,0.0
Windspeed (knots) [78,79), Membership Value =0.00000000,0.0
Windspeed (knots) [79,80), Membership Value =0.00000000,0.0
Windspeed (knots) [80,81), Membership Value =0.00000000,0.0
Windspeed (knots) [81,82), Membership Value =0.00000000,0.0
Windspeed (knots) [82,83), Membership Value =0.00000000,0.0
Windspeed (knots) [83,84), Membership Value =0.00000000,0.0
Windspeed (knots) [84,85), Membership Value =0.00000000,0.0
Windspeed (knots) [85,86), Membership Value =0.00000000,0.0
Windspeed (knots) [86,87), Membership Value =0.00000000,0.0
Windspeed (knots) [87,88), Membership Value =0.00000000,0.0
Windspeed (knots) [88,89), Membership Value =0.00000000,0.0
Windspeed (knots) [89,90), Membership Value =0.00000000,0.0
Windspeed (knots) [90,91), Membership Value =0.00000000,0.0
Windspeed (knots) [91,92), Membership Value =0.00000000,0.0
Windspeed (knots) [92,93), Membership Value =0.00000000,0.0
Windspeed (knots) [93,94), Membership Value =0.00000000,0.0
Windspeed (knots) [94,95), Membership Value =0.00000000,0.0
Windspeed (knots) [95,96), Membership Value =0.00000000,0.0
Windspeed (knots) [96,97), Membership Value =0.00000000,0.0
Windspeed (knots) [97,98), Membership Value =0.00000000,0.0
Windspeed (knots) [98,99), Membership Value =0.00000000,0.0
Windspeed (knots) [99,100), Membership Value =0.00000000,0.0
Windspeed (knots) [100,101), Membership Value =0.00000000,0.0
Windspeed (knots) [101,102), Membership Value =0.00000000,0.0
Windspeed (knots) [102,103), Membership Value =0.00000000,0.0
Windspeed (knots) [103,104), Membership Value =0.00000000,0.0
Windspeed (knots) [104,105), Membership Value =0.00000000,0.0
Windspeed (knots) [105,106), Membership Value =0.00000000,0.0
Windspeed (knots) [106,107), Membership Value =0.00000000,0.0
Windspeed (knots) [107,108), Membership Value =0.00000000,0.0
Windspeed (knots) [108,109), Membership Value =0.00000000,0.0
Windspeed (knots) [109,110), Membership Value =0.00000000,0.0
Windspeed (knots) [110,111), Membership Value =0.00000000,0.0
Windspeed (knots) [111,112), Membership Value =0.00000000,0.0
Windspeed (knots) [112,113), Membership Value =0.00000000,0.0
Windspeed (knots) [113,114), Membership Value =0.00000000,0.0
Windspeed (knots) [114,115), Membership Value =0.00000000,0.0
Windspeed (knots) [115,116), Membership Value =0.00000000,0.0
Windspeed (knots) [116,117), Membership Value =0.00000000,0.0
Windspeed (knots) [117,118), Membership Value =0.00000000,0.0
Windspeed (knots) [118,119), Membership Value =0.00000000,0.0
Windspeed (knots) [119,120), Membership Value =0.00000000,0.0
Windspeed (knots) [120,121), Membership Value =0.00000000,0.0
Windspeed (knots) [121,122), Membership Value =0.00000000,0.0
Windspeed (knots) [122,123), Membership Value =0.00000000,0.0
Windspeed (knots) [123,124), Membership Value =0.00000000,0.0
Windspeed (knots) [124,125), Membership Value =0.00000000,0.0
LowestWindspeedThatIsWindyKnots for station KLAX is 7 knots.
Transition limited :false
bUseWeatherPrediction:false
The running average is 1
The y-int is 7
Energy harvested: 3827646.6322155357
iGeneratingEnergyWhenGridNeedsEnergyMinutes =753227
iGeneratingEnergyWhenGridNeedsEnergyMinutes =753227
iUsingEnergyWhenGridNeedsEnergyMinutes =75407
iGeneratingEnergyWhenGridHasExcessEnergyMinutes = 2094
iUsingEnergyWhenGridHasExcessEnergyMinutes = 155
iIdleWhenGridDoesNotNeedEnergyMinutes = 43831
iIdleWhenGridNeedsEnergyMinutes = 3858722
iEnergyPriceIsZeroMinutes = 240
harvester.getEnergyHarvestedAVAILABLEKilowattHours( ): 9040475.866666667
harvester.getEnergyHarvestedKilowattHours(): 3827646.6322155357
The y-int is 17
Energy harvested: 1246308.9666666666
iGeneratingEnergyWhenGridNeedsEnergyMinutes =39361
iGeneratingEnergyWhenGridNeedsEnergyMinutes =39361
iUsingEnergyWhenGridNeedsEnergyMinutes =1
iGeneratingEnergyWhenGridHasExcessEnergyMinutes = 360
iUsingEnergyWhenGridHasExcessEnergyMinutes = 0
iIdleWhenGridDoesNotNeedEnergyMinutes = 45720
iIdleWhenGridNeedsEnergyMinutes = 4647994
iEnergyPriceIsZeroMinutes = 240
harvester.getEnergyHarvestedAVAILABLEKilowattHours( ): 9040475.866666667
harvester.getEnergyHarvestedKilowattHours(): 1246308.9666666666
The y-int is 27
Energy harvested: 89208.51666666666
iGeneratingEnergyWhenGridNeedsEnergyMinutes =1797
iGeneratingEnergyWhenGridNeedsEnergyMinutes =1797
iUsingEnergyWhenGridNeedsEnergyMinutes =1
iGeneratingEnergyWhenGridHasExcessEnergyMinutes = 0
iUsingEnergyWhenGridHasExcessEnergyMinutes = 0
iIdleWhenGridDoesNotNeedEnergyMinutes = 46080
iIdleWhenGridNeedsEnergyMinutes = 4685558
iEnergyPriceIsZeroMinutes = 240
harvester.getEnergyHarvestedAVAILABLEKilowattHours( ): 9040475.866666667
harvester.getEnergyHarvestedKilowattHours(): 89208.51666666666
The y-int is 37
Energy harvested: 0.0
iGeneratingEnergyWhenGridNeedsEnergyMinutes =0
iGeneratingEnergyWhenGridNeedsEnergyMinutes =0
iUsingEnergyWhenGridNeedsEnergyMinutes =1
iGeneratingEnergyWhenGridHasExcessEnergyMinutes = 0
iUsingEnergyWhenGridHasExcessEnergyMinutes = 0
iIdleWhenGridDoesNotNeedEnergyMinutes = 46080
iIdleWhenGridNeedsEnergyMinutes = 4687355
iEnergyPriceIsZeroMinutes = 240
harvester.getEnergyHarvestedAVAILABLEKilowattHours( ): 9040475.866666667
harvester.getEnergyHarvestedKilowattHours(): 0.0
The running average is 31
The y-int is 7
Energy harvested: 3933641.9294400057
iGeneratingEnergyWhenGridNeedsEnergyMinutes =767824
iGeneratingEnergyWhenGridNeedsEnergyMinutes =767824
iUsingEnergyWhenGridNeedsEnergyMinutes =48557
iGeneratingEnergyWhenGridHasExcessEnergyMinutes = 2056
iUsingEnergyWhenGridHasExcessEnergyMinutes = 76
iIdleWhenGridDoesNotNeedEnergyMinutes = 43948
iIdleWhenGridNeedsEnergyMinutes = 3870975
iEnergyPriceIsZeroMinutes = 240
harvester.getEnergyHarvestedAVAILABLEKilowattHours( ): 9040475.866666667
harvester.getEnergyHarvestedKilowattHours(): 3933641.9294400057
The y-int is 17
Energy harvested: 1259566.0833333372
iGeneratingEnergyWhenGridNeedsEnergyMinutes =42795
iGeneratingEnergyWhenGridNeedsEnergyMinutes =42795
iUsingEnergyWhenGridNeedsEnergyMinutes =276
iGeneratingEnergyWhenGridHasExcessEnergyMinutes = 360
iUsingEnergyWhenGridHasExcessEnergyMinutes = 0
iIdleWhenGridDoesNotNeedEnergyMinutes = 45720
iIdleWhenGridNeedsEnergyMinutes = 4644285
iEnergyPriceIsZeroMinutes = 240
harvester.getEnergyHarvestedAVAILABLEKilowattHours( ): 9040475.866666667
harvester.getEnergyHarvestedKilowattHours(): 1259566.0833333372
The y-int is 27
Energy harvested: 110136.88333333333
iGeneratingEnergyWhenGridNeedsEnergyMinutes =2262
iGeneratingEnergyWhenGridNeedsEnergyMinutes =2262
iUsingEnergyWhenGridNeedsEnergyMinutes =1
iGeneratingEnergyWhenGridHasExcessEnergyMinutes = 0
iUsingEnergyWhenGridHasExcessEnergyMinutes = 0
iIdleWhenGridDoesNotNeedEnergyMinutes = 46080
iIdleWhenGridNeedsEnergyMinutes = 4685093
iEnergyPriceIsZeroMinutes = 240
harvester.getEnergyHarvestedAVAILABLEKilowattHours( ): 9040475.866666667
harvester.getEnergyHarvestedKilowattHours(): 110136.88333333333
The y-int is 37
Energy harvested: 0.0
iGeneratingEnergyWhenGridNeedsEnergyMinutes =0
iGeneratingEnergyWhenGridNeedsEnergyMinutes =0
iUsingEnergyWhenGridNeedsEnergyMinutes =1
iGeneratingEnergyWhenGridHasExcessEnergyMinutes = 0
iUsingEnergyWhenGridHasExcessEnergyMinutes = 0
iIdleWhenGridDoesNotNeedEnergyMinutes = 46080
iIdleWhenGridNeedsEnergyMinutes = 4687355
iEnergyPriceIsZeroMinutes = 240
harvester.getEnergyHarvestedAVAILABLEKilowattHours( ): 9040475.866666667
harvester.getEnergyHarvestedKilowattHours(): 0.0
The running average is 61
The y-int is 7
Energy harvested: 3956284.290551611
iGeneratingEnergyWhenGridNeedsEnergyMinutes =759742
iGeneratingEnergyWhenGridNeedsEnergyMinutes =759742
iUsingEnergyWhenGridNeedsEnergyMinutes =42088
iGeneratingEnergyWhenGridHasExcessEnergyMinutes = 1993
iUsingEnergyWhenGridHasExcessEnergyMinutes = 89
iIdleWhenGridDoesNotNeedEnergyMinutes = 43998
iIdleWhenGridNeedsEnergyMinutes = 3885526
iEnergyPriceIsZeroMinutes = 240
harvester.getEnergyHarvestedAVAILABLEKilowattHours( ): 9040475.866666667
harvester.getEnergyHarvestedKilowattHours(): 3956284.290551611
The y-int is 17
Energy harvested: 1211237.7677777798
iGeneratingEnergyWhenGridNeedsEnergyMinutes =42279
iGeneratingEnergyWhenGridNeedsEnergyMinutes =42279
iUsingEnergyWhenGridNeedsEnergyMinutes =219
iGeneratingEnergyWhenGridHasExcessEnergyMinutes = 360
iUsingEnergyWhenGridHasExcessEnergyMinutes = 0
iIdleWhenGridDoesNotNeedEnergyMinutes = 45720
iIdleWhenGridNeedsEnergyMinutes = 4644858
iEnergyPriceIsZeroMinutes = 240
harvester.getEnergyHarvestedAVAILABLEKilowattHours( ): 9040475.866666667
harvester.getEnergyHarvestedKilowattHours(): 1211237.7677777798
The y-int is 27
Energy harvested: 104676.03333333334
iGeneratingEnergyWhenGridNeedsEnergyMinutes =2182
iGeneratingEnergyWhenGridNeedsEnergyMinutes =2182
iUsingEnergyWhenGridNeedsEnergyMinutes =1
iGeneratingEnergyWhenGridHasExcessEnergyMinutes = 0
iUsingEnergyWhenGridHasExcessEnergyMinutes = 0
iIdleWhenGridDoesNotNeedEnergyMinutes = 46080
iIdleWhenGridNeedsEnergyMinutes = 4685173
iEnergyPriceIsZeroMinutes = 240
harvester.getEnergyHarvestedAVAILABLEKilowattHours( ): 9040475.866666667
harvester.getEnergyHarvestedKilowattHours(): 104676.03333333334
The y-int is 37
Energy harvested: 0.0
iGeneratingEnergyWhenGridNeedsEnergyMinutes =0
iGeneratingEnergyWhenGridNeedsEnergyMinutes =0
iUsingEnergyWhenGridNeedsEnergyMinutes =1
iGeneratingEnergyWhenGridHasExcessEnergyMinutes = 0
iUsingEnergyWhenGridHasExcessEnergyMinutes = 0
iIdleWhenGridDoesNotNeedEnergyMinutes = 46080
iIdleWhenGridNeedsEnergyMinutes = 4687355
iEnergyPriceIsZeroMinutes = 240
harvester.getEnergyHarvestedAVAILABLEKilowattHours( ): 9040475.866666667
harvester.getEnergyHarvestedKilowattHours(): 0.0
The running average is 91
The y-int is 7
Energy harvested: 3956691.016107323
iGeneratingEnergyWhenGridNeedsEnergyMinutes =745591
iGeneratingEnergyWhenGridNeedsEnergyMinutes =745591
iUsingEnergyWhenGridNeedsEnergyMinutes =39954
iGeneratingEnergyWhenGridHasExcessEnergyMinutes = 1958
iUsingEnergyWhenGridHasExcessEnergyMinutes = 86
iIdleWhenGridDoesNotNeedEnergyMinutes = 44036
iIdleWhenGridNeedsEnergyMinutes = 3901811
iEnergyPriceIsZeroMinutes = 240
harvester.getEnergyHarvestedAVAILABLEKilowattHours( ): 9040475.866666667
harvester.getEnergyHarvestedKilowattHours(): 3956691.016107323
The y-int is 17
Energy harvested: 1128549.6044444465
iGeneratingEnergyWhenGridNeedsEnergyMinutes =39947
iGeneratingEnergyWhenGridNeedsEnergyMinutes =39947
iUsingEnergyWhenGridNeedsEnergyMinutes =153
iGeneratingEnergyWhenGridHasExcessEnergyMinutes = 360
iUsingEnergyWhenGridHasExcessEnergyMinutes = 0
iIdleWhenGridDoesNotNeedEnergyMinutes = 45720
iIdleWhenGridNeedsEnergyMinutes = 4647256
iEnergyPriceIsZeroMinutes = 240
harvester.getEnergyHarvestedAVAILABLEKilowattHours( ): 9040475.866666667
harvester.getEnergyHarvestedKilowattHours(): 1128549.6044444465
The y-int is 27
Energy harvested: 95661.28333333334
iGeneratingEnergyWhenGridNeedsEnergyMinutes =2016
iGeneratingEnergyWhenGridNeedsEnergyMinutes =2016
iUsingEnergyWhenGridNeedsEnergyMinutes =1
iGeneratingEnergyWhenGridHasExcessEnergyMinutes = 0
iUsingEnergyWhenGridHasExcessEnergyMinutes = 0
iIdleWhenGridDoesNotNeedEnergyMinutes = 46080
iIdleWhenGridNeedsEnergyMinutes = 4685339
iEnergyPriceIsZeroMinutes = 240
harvester.getEnergyHarvestedAVAILABLEKilowattHours( ): 9040475.866666667
harvester.getEnergyHarvestedKilowattHours(): 95661.28333333334
The y-int is 37
Energy harvested: 0.0
iGeneratingEnergyWhenGridNeedsEnergyMinutes =0
iGeneratingEnergyWhenGridNeedsEnergyMinutes =0
iUsingEnergyWhenGridNeedsEnergyMinutes =1
iGeneratingEnergyWhenGridHasExcessEnergyMinutes = 0
iUsingEnergyWhenGridHasExcessEnergyMinutes = 0
iIdleWhenGridDoesNotNeedEnergyMinutes = 46080
iIdleWhenGridNeedsEnergyMinutes = 4687355
iEnergyPriceIsZeroMinutes = 240
harvester.getEnergyHarvestedAVAILABLEKilowattHours( ): 9040475.866666667
harvester.getEnergyHarvestedKilowattHours(): 0.0
The running average is 121
The y-int is 7
Energy harvested: 3972653.673885166
iGeneratingEnergyWhenGridNeedsEnergyMinutes =732751
iGeneratingEnergyWhenGridNeedsEnergyMinutes =732751
iUsingEnergyWhenGridNeedsEnergyMinutes =38830
iGeneratingEnergyWhenGridHasExcessEnergyMinutes = 1947
iUsingEnergyWhenGridHasExcessEnergyMinutes = 75
iIdleWhenGridDoesNotNeedEnergyMinutes = 44058
iIdleWhenGridNeedsEnergyMinutes = 3915775
iEnergyPriceIsZeroMinutes = 240
harvester.getEnergyHarvestedAVAILABLEKilowattHours( ): 9040475.866666667
harvester.getEnergyHarvestedKilowattHours(): 3972653.673885166
The y-int is 17
Energy harvested: 1063276.392222224
iGeneratingEnergyWhenGridNeedsEnergyMinutes =38258
iGeneratingEnergyWhenGridNeedsEnergyMinutes =38258
iUsingEnergyWhenGridNeedsEnergyMinutes =138
iGeneratingEnergyWhenGridHasExcessEnergyMinutes = 345
iUsingEnergyWhenGridHasExcessEnergyMinutes = 0
iIdleWhenGridDoesNotNeedEnergyMinutes = 45735
iIdleWhenGridNeedsEnergyMinutes = 4648960
iEnergyPriceIsZeroMinutes = 240
harvester.getEnergyHarvestedAVAILABLEKilowattHours( ): 9040475.866666667
harvester.getEnergyHarvestedKilowattHours(): 1063276.392222224
The y-int is 27
Energy harvested: 81425.91472222221
iGeneratingEnergyWhenGridNeedsEnergyMinutes =1721
iGeneratingEnergyWhenGridNeedsEnergyMinutes =1721
iUsingEnergyWhenGridNeedsEnergyMinutes =8
iGeneratingEnergyWhenGridHasExcessEnergyMinutes = 0
iUsingEnergyWhenGridHasExcessEnergyMinutes = 0
iIdleWhenGridDoesNotNeedEnergyMinutes = 46080
iIdleWhenGridNeedsEnergyMinutes = 4685627
iEnergyPriceIsZeroMinutes = 240
harvester.getEnergyHarvestedAVAILABLEKilowattHours( ): 9040475.866666667
harvester.getEnergyHarvestedKilowattHours(): 81425.91472222221
The y-int is 37
Energy harvested: 0.0
iGeneratingEnergyWhenGridNeedsEnergyMinutes =0
iGeneratingEnergyWhenGridNeedsEnergyMinutes =0
iUsingEnergyWhenGridNeedsEnergyMinutes =1
iGeneratingEnergyWhenGridHasExcessEnergyMinutes = 0
iUsingEnergyWhenGridHasExcessEnergyMinutes = 0
iIdleWhenGridDoesNotNeedEnergyMinutes = 46080
iIdleWhenGridNeedsEnergyMinutes = 4687355
iEnergyPriceIsZeroMinutes = 240
harvester.getEnergyHarvestedAVAILABLEKilowattHours( ): 9040475.866666667
harvester.getEnergyHarvestedKilowattHours(): 0.0
Beginning testing mode:
station,&,y_intercept_for_month_1,&,running_average_size_minutes_for_month_1,&,y_intercept_for_month_2,&,running_average_size_minutes_for_month_2,&,y_intercept_for_month_3,&,running_average_size_minutes_for_month_3,&,y_intercept_for_month_4,&,running_average_size_minutes_for_month_4,&,y_intercept_for_month_5,&,running_average_size_minutes_for_month_5,&,y_intercept_for_month_6,&,running_average_size_minutes_for_month_6,&,y_intercept_for_month_7,&,running_average_size_minutes_for_month_7,&,y_intercept_for_month_8,&,running_average_size_minutes_for_month_8,&,y_intercept_for_month_9,&,running_average_size_minutes_for_month_9,&,y_intercept_for_month_10,&,running_average_size_minutes_for_month_10,&,y_intercept_for_month_11,&,running_average_size_minutes_for_month_11,&,y_intercept_for_month_12,&,running_average_size_minutes_for_month_12,&,dNetNorm,&,dMarketBalancePercentage,&,dMarketNetNorm,
results: KLAX,&,7,&,121,&,7,&,121,&,7,&,121,&,7,&,121,&,7,&,121,&,7,&,121,&,7,&,121,&,7,&,121,&,7,&,121,&,7,&,121,&,7,&,121,&,7,&,121,&,0.45085456120110207,&,0.9272675104409093,&,0.4180627865358745
monthly visible minutes:KLAX,&,2013,&,8672,&,8672,&,8658,&,8672,&,8672,&,8672,&,8672,&,8672,&,8672,&,8672,&,8672,&,7533,&,
monthly visible minutes:KLAX,&,2014,&,6386,&,8672,&,8672,&,8672,&,8672,&,8672,&,8672,&,8672,&,8672,&,8672,&,8672,&,8672,&,
monthly minutes harvester between states:KLAX,&,2013,&,1102,&,760,&,722,&,570,&,532,&,608,&,570,&,608,&,570,&,684,&,874,&,1102,&,
monthly minutes harvester between states:KLAX,&,2014,&,1026,&,912,&,798,&,570,&,608,&,570,&,570,&,570,&,570,&,684,&,836,&,874,&,
station,&,y_intercept_for_month_1,&,running_average_size_minutes_for_month_1,&,y_intercept_for_month_2,&,running_average_size_minutes_for_month_2,&,y_intercept_for_month_3,&,running_average_size_minutes_for_month_3,&,y_intercept_for_month_4,&,running_average_size_minutes_for_month_4,&,y_intercept_for_month_5,&,running_average_size_minutes_for_month_5,&,y_intercept_for_month_6,&,running_average_size_minutes_for_month_6,&,y_intercept_for_month_7,&,running_average_size_minutes_for_month_7,&,y_intercept_for_month_8,&,running_average_size_minutes_for_month_8,&,y_intercept_for_month_9,&,running_average_size_minutes_for_month_9,&,y_intercept_for_month_10,&,running_average_size_minutes_for_month_10,&,y_intercept_for_month_11,&,running_average_size_minutes_for_month_11,&,y_intercept_for_month_12,&,running_average_size_minutes_for_month_12,&,dNetNorm,&,dMarketBalancePercentage,&,dMarketNetNorm,
results: KLAX,&,7,&,121,&,7,&,121,&,7,&,121,&,7,&,121,&,7,&,121,&,7,&,121,&,7,&,121,&,7,&,121,&,7,&,121,&,7,&,121,&,7,&,121,&,7,&,121,&,0.45085456120110207,&,0.9272611343131316,&,0.41805991182958313
monthly visible minutes:KLAX,&,2013,&,8672,&,8672,&,8658,&,8672,&,8672,&,8672,&,8672,&,8672,&,8672,&,8672,&,8672,&,7533,&,
monthly visible minutes:KLAX,&,2014,&,6386,&,8672,&,8672,&,8672,&,8672,&,8672,&,8672,&,8672,&,8672,&,8672,&,8672,&,8672,&,
monthly minutes harvester between states:KLAX,&,2013,&,1102,&,760,&,722,&,570,&,532,&,608,&,570,&,608,&,570,&,684,&,874,&,1102,&,
monthly minutes harvester between states:KLAX,&,2014,&,1026,&,912,&,798,&,570,&,608,&,570,&,570,&,570,&,570,&,684,&,836,&,874,&,
Station: KLGA
abc: The current path is /home/guy/retractable-wind
I have found the property file.
The training windspeed filename is /trainingKLGA2004-2012in.csv
The testing windspeed filename is /testingKLGA2013-2014in.csv
Yes, the station is KLGA
Warning: The bAlsoUsePrediction no longer has any effect
iUsedAllItsAllocatedVisibilityMinutesPerMonth: 8760
Visibility Allocation Minutes:8760
HARVESTER_SIZE_SQM is 6362
Reading file
Success: /Wind turbine power curves - wind turbine power output against wind speed in knots.csv found.
Speed (Knots) = Speed(knots) vs power (kW) , Power (kW) =V90
Speed (Knots) = 0 , Power (kW) =0
Speed (Knots) = 1 , Power (kW) =0
Speed (Knots) = 2 , Power (kW) =0
Speed (Knots) = 3 , Power (kW) =0
Speed (Knots) = 4 , Power (kW) =0
Speed (Knots) = 5 , Power (kW) =0
Speed (Knots) = 6 , Power (kW) =0
Speed (Knots) = 7 , Power (kW) =38
Speed (Knots) = 8 , Power (kW) =87
Speed (Knots) = 9 , Power (kW) =141
Speed (Knots) = 10 , Power (kW) =207
Speed (Knots) = 11 , Power (kW) =286
Speed (Knots) = 12 , Power (kW) =382
Speed (Knots) = 13 , Power (kW) =496
Speed (Knots) = 14 , Power (kW) =628
Speed (Knots) = 15 , Power (kW) =781
Speed (Knots) = 16 , Power (kW) =957
Speed (Knots) = 17 , Power (kW) =1153
Speed (Knots) = 18 , Power (kW) =1366
Speed (Knots) = 19 , Power (kW) =1589
Speed (Knots) = 20 , Power (kW) =1814
Speed (Knots) = 21 , Power (kW) =2035
Speed (Knots) = 22 , Power (kW) =2250
Speed (Knots) = 23 , Power (kW) =2452
Speed (Knots) = 24 , Power (kW) =2634
Speed (Knots) = 25 , Power (kW) =2784
Speed (Knots) = 26 , Power (kW) =2888
Speed (Knots) = 27 , Power (kW) =2949
Speed (Knots) = 28 , Power (kW) =2980
Speed (Knots) = 29 , Power (kW) =2993
Speed (Knots) = 30 , Power (kW) =3000
Speed (Knots) = 31 , Power (kW) =3000
Speed (Knots) = 32 , Power (kW) =3000
Speed (Knots) = 33 , Power (kW) =3000
Speed (Knots) = 34 , Power (kW) =3000
Speed (Knots) = 35 , Power (kW) =3000
Speed (Knots) = 36 , Power (kW) =3000
Speed (Knots) = 37 , Power (kW) =3000
Speed (Knots) = 38 , Power (kW) =3000
Speed (Knots) = 39 , Power (kW) =3000
Speed (Knots) = 40 , Power (kW) =3000
Speed (Knots) = 41 , Power (kW) =3000
Speed (Knots) = 42 , Power (kW) =3000
Speed (Knots) = 43 , Power (kW) =3000
Speed (Knots) = 44 , Power (kW) =3000
Speed (Knots) = 45 , Power (kW) =3000
Speed (Knots) = 46 , Power (kW) =3000
Speed (Knots) = 47 , Power (kW) =3000
Speed (Knots) = 48 , Power (kW) =3000
Speed (Knots) = 49 , Power (kW) =0
Speed (Knots) = 50 , Power (kW) =0
Speed (Knots) = 51 , Power (kW) =0
Speed (Knots) = 52 , Power (kW) =0
Speed (Knots) = 53 , Power (kW) =0
Speed (Knots) = 54 , Power (kW) =0
Speed (Knots) = 55 , Power (kW) =0
Speed (Knots) = 56 , Power (kW) =0
Speed (Knots) = 57 , Power (kW) =0
Speed (Knots) = 58 , Power (kW) =0
Speed (Knots) = 59 , Power (kW) =0
Speed (Knots) = 60 , Power (kW) =0
The scale is 1.0
Wind power at 10 knots in kilowatts is 207.0
Wind power in-cut-out test 0.0
Class name:edu.pitt.cs.people.guy.wind.benchmarks.Static
Success: /Noise_Allowed_Time_Definitions_All_Stations.csv found.
The station is the record is KLGA
Success: /Noise_Allowed_Time_Definitions_All_Stations.csv found.
The station is the record is KLGA
I have found the membership file for NOT WINDY.
Windspeed (knots) [0,1), Membership Value =1.00000000,1.0
Windspeed (knots) [1,2), Membership Value =0.99999030,0.9999903
Windspeed (knots) [2,3), Membership Value =0.99983586,0.99983585
Windspeed (knots) [3,4), Membership Value =0.99896311,0.9989631
Windspeed (knots) [4,5), Membership Value =0.99585529,0.9958553
Windspeed (knots) [5,6), Membership Value =0.98809748,0.9880975
Windspeed (knots) [6,7), Membership Value =0.97214940,0.9721494
Windspeed (knots) [7,8), Membership Value =0.94498727,0.9449873
Windspeed (knots) [8,9), Membership Value =0.90291974,0.90291977
Windspeed (knots) [9,10), Membership Value =0.84773545,0.84773546
Windspeed (knots) [10,11), Membership Value =0.78144970,0.7814497
Windspeed (knots) [11,12), Membership Value =0.70288628,0.7028863
Windspeed (knots) [12,13), Membership Value =0.61769336,0.61769336
Windspeed (knots) [13,14), Membership Value =0.52980379,0.5298038
Windspeed (knots) [14,15), Membership Value =0.44055494,0.44055495
Windspeed (knots) [15,16), Membership Value =0.35444121,0.3544412
Windspeed (knots) [16,17), Membership Value =0.27128060,0.2712806
Windspeed (knots) [17,18), Membership Value =0.19481438,0.19481438
Windspeed (knots) [18,19), Membership Value =0.11987781,0.11987781
Windspeed (knots) [19,20), Membership Value =0.05612127,0.05612127
Windspeed (knots) [20,21), Membership Value =0.00000000,0.0
Windspeed (knots) [21,22), Membership Value =0.00000000,0.0
Windspeed (knots) [22,23), Membership Value =0.00000000,0.0
Windspeed (knots) [23,24), Membership Value =0.00000000,0.0
Windspeed (knots) [24,25), Membership Value =0.00000000,0.0
Windspeed (knots) [25,26), Membership Value =0.00000000,0.0
Windspeed (knots) [26,27), Membership Value =0.00000000,0.0
Windspeed (knots) [27,28), Membership Value =0.00000000,0.0
Windspeed (knots) [28,29), Membership Value =0.00000000,0.0
Windspeed (knots) [29,30), Membership Value =0.00000000,0.0
Windspeed (knots) [30,31), Membership Value =0.00000000,0.0
Windspeed (knots) [31,32), Membership Value =0.00000000,0.0
Windspeed (knots) [32,33), Membership Value =0.00000000,0.0
Windspeed (knots) [33,34), Membership Value =0.00000000,0.0
Windspeed (knots) [34,35), Membership Value =0.00000000,0.0
Windspeed (knots) [35,36), Membership Value =0.00000000,0.0
Windspeed (knots) [36,37), Membership Value =0.00000000,0.0
Windspeed (knots) [37,38), Membership Value =0.00000000,0.0
Windspeed (knots) [38,39), Membership Value =0.00000000,0.0
Windspeed (knots) [39,40), Membership Value =0.00000000,0.0
Windspeed (knots) [40,41), Membership Value =0.00000000,0.0
Windspeed (knots) [41,42), Membership Value =0.00000000,0.0
Windspeed (knots) [42,43), Membership Value =0.00000000,0.0
Windspeed (knots) [43,44), Membership Value =0.00000000,0.0
Windspeed (knots) [44,45), Membership Value =0.00000000,0.0
Windspeed (knots) [45,46), Membership Value =0.00000000,0.0
Windspeed (knots) [46,47), Membership Value =0.00000000,0.0
Windspeed (knots) [47,48), Membership Value =0.00000000,0.0
Windspeed (knots) [48,49), Membership Value =0.00000000,0.0
Windspeed (knots) [49,50), Membership Value =0.00000000,0.0
Windspeed (knots) [50,51), Membership Value =0.00000000,0.0
Windspeed (knots) [51,52), Membership Value =0.00000000,0.0
Windspeed (knots) [52,53), Membership Value =0.00000000,0.0
Windspeed (knots) [53,54), Membership Value =0.00000000,0.0
Windspeed (knots) [54,55), Membership Value =0.00000000,0.0
Windspeed (knots) [55,56), Membership Value =0.00000000,0.0
Windspeed (knots) [56,57), Membership Value =0.00000000,0.0
Windspeed (knots) [57,58), Membership Value =0.00000000,0.0
Windspeed (knots) [58,59), Membership Value =0.00000000,0.0
Windspeed (knots) [59,60), Membership Value =0.00000000,0.0
Windspeed (knots) [60,61), Membership Value =0.00000000,0.0
Windspeed (knots) [61,62), Membership Value =0.00000000,0.0
Windspeed (knots) [62,63), Membership Value =0.00000000,0.0
Windspeed (knots) [63,64), Membership Value =0.00000000,0.0
Windspeed (knots) [64,65), Membership Value =0.00000000,0.0
Windspeed (knots) [65,66), Membership Value =0.00000000,0.0
Windspeed (knots) [66,67), Membership Value =0.00000000,0.0
Windspeed (knots) [67,68), Membership Value =0.00000000,0.0
Windspeed (knots) [68,69), Membership Value =0.00000000,0.0
Windspeed (knots) [69,70), Membership Value =0.00000000,0.0
Windspeed (knots) [70,71), Membership Value =0.00000000,0.0
Windspeed (knots) [71,72), Membership Value =0.00000000,0.0
Windspeed (knots) [72,73), Membership Value =0.00000000,0.0
Windspeed (knots) [73,74), Membership Value =0.00000000,0.0
Windspeed (knots) [74,75), Membership Value =0.00000000,0.0
Windspeed (knots) [75,76), Membership Value =0.00000000,0.0
Windspeed (knots) [76,77), Membership Value =0.00000000,0.0
Windspeed (knots) [77,78), Membership Value =0.00000000,0.0
Windspeed (knots) [78,79), Membership Value =0.00000000,0.0
Windspeed (knots) [79,80), Membership Value =0.00000000,0.0
Windspeed (knots) [80,81), Membership Value =0.00000000,0.0
Windspeed (knots) [81,82), Membership Value =0.00000000,0.0
Windspeed (knots) [82,83), Membership Value =0.00000000,0.0
Windspeed (knots) [83,84), Membership Value =0.00000000,0.0
Windspeed (knots) [84,85), Membership Value =0.00000000,0.0
Windspeed (knots) [85,86), Membership Value =0.00000000,0.0
Windspeed (knots) [86,87), Membership Value =0.00000000,0.0
Windspeed (knots) [87,88), Membership Value =0.00000000,0.0
Windspeed (knots) [88,89), Membership Value =0.00000000,0.0
Windspeed (knots) [89,90), Membership Value =0.00000000,0.0
Windspeed (knots) [90,91), Membership Value =0.00000000,0.0
Windspeed (knots) [91,92), Membership Value =0.00000000,0.0
Windspeed (knots) [92,93), Membership Value =0.00000000,0.0
Windspeed (knots) [93,94), Membership Value =0.00000000,0.0
Windspeed (knots) [94,95), Membership Value =0.00000000,0.0
Windspeed (knots) [95,96), Membership Value =0.00000000,0.0
Windspeed (knots) [96,97), Membership Value =0.00000000,0.0
Windspeed (knots) [97,98), Membership Value =0.00000000,0.0
Windspeed (knots) [98,99), Membership Value =0.00000000,0.0
Windspeed (knots) [99,100), Membership Value =0.00000000,0.0
Windspeed (knots) [100,101), Membership Value =0.00000000,0.0
Windspeed (knots) [101,102), Membership Value =0.00000000,0.0
Windspeed (knots) [102,103), Membership Value =0.00000000,0.0
Windspeed (knots) [103,104), Membership Value =0.00000000,0.0
Windspeed (knots) [104,105), Membership Value =0.00000000,0.0
Windspeed (knots) [105,106), Membership Value =0.00000000,0.0
Windspeed (knots) [106,107), Membership Value =0.00000000,0.0
Windspeed (knots) [107,108), Membership Value =0.00000000,0.0
Windspeed (knots) [108,109), Membership Value =0.00000000,0.0
Windspeed (knots) [109,110), Membership Value =0.00000000,0.0
Windspeed (knots) [110,111), Membership Value =0.00000000,0.0
Windspeed (knots) [111,112), Membership Value =0.00000000,0.0
Windspeed (knots) [112,113), Membership Value =0.00000000,0.0
Windspeed (knots) [113,114), Membership Value =0.00000000,0.0
Windspeed (knots) [114,115), Membership Value =0.00000000,0.0
Windspeed (knots) [115,116), Membership Value =0.00000000,0.0
Windspeed (knots) [116,117), Membership Value =0.00000000,0.0
Windspeed (knots) [117,118), Membership Value =0.00000000,0.0
Windspeed (knots) [118,119), Membership Value =0.00000000,0.0
Windspeed (knots) [119,120), Membership Value =0.00000000,0.0
Windspeed (knots) [120,121), Membership Value =0.00000000,0.0
Windspeed (knots) [121,122), Membership Value =0.00000000,0.0
Windspeed (knots) [122,123), Membership Value =0.00000000,0.0
Windspeed (knots) [123,124), Membership Value =0.00000000,0.0
Windspeed (knots) [124,125), Membership Value =0.00000000,0.0
LowestWindspeedThatIsWindyKnots for station KLGA is 9 knots.
Transition limited :false
bUseWeatherPrediction:false
The running average is 1
The y-int is 9
Energy harvested: 7486621.065284396
iGeneratingEnergyWhenGridNeedsEnergyMinutes =709997
iGeneratingEnergyWhenGridNeedsEnergyMinutes =709997
iUsingEnergyWhenGridNeedsEnergyMinutes =104389
iGeneratingEnergyWhenGridHasExcessEnergyMinutes = 1183
iUsingEnergyWhenGridHasExcessEnergyMinutes = 75
iIdleWhenGridDoesNotNeedEnergyMinutes = 44822
iIdleWhenGridNeedsEnergyMinutes = 3873992
iEnergyPriceIsZeroMinutes = 240
harvester.getEnergyHarvestedAVAILABLEKilowattHours( ): 2.4147111533333335E7
harvester.getEnergyHarvestedKilowattHours(): 7486621.065284396
The y-int is 19
Energy harvested: 1931942.3333333333
iGeneratingEnergyWhenGridNeedsEnergyMinutes =53165
iGeneratingEnergyWhenGridNeedsEnergyMinutes =53165
iUsingEnergyWhenGridNeedsEnergyMinutes =1
iGeneratingEnergyWhenGridHasExcessEnergyMinutes = 0
iUsingEnergyWhenGridHasExcessEnergyMinutes = 0
iIdleWhenGridDoesNotNeedEnergyMinutes = 46080
iIdleWhenGridNeedsEnergyMinutes = 4635212
iEnergyPriceIsZeroMinutes = 240
harvester.getEnergyHarvestedAVAILABLEKilowattHours( ): 2.4147111533333335E7
harvester.getEnergyHarvestedKilowattHours(): 1931942.3333333333
The y-int is 29
Energy harvested: 12981.483333333334
iGeneratingEnergyWhenGridNeedsEnergyMinutes =260
iGeneratingEnergyWhenGridNeedsEnergyMinutes =260
iUsingEnergyWhenGridNeedsEnergyMinutes =1
iGeneratingEnergyWhenGridHasExcessEnergyMinutes = 0
iUsingEnergyWhenGridHasExcessEnergyMinutes = 0
iIdleWhenGridDoesNotNeedEnergyMinutes = 46080
iIdleWhenGridNeedsEnergyMinutes = 4688117
iEnergyPriceIsZeroMinutes = 240
harvester.getEnergyHarvestedAVAILABLEKilowattHours( ): 2.4147111533333335E7
harvester.getEnergyHarvestedKilowattHours(): 12981.483333333334
The y-int is 39
Energy harvested: 0.0
iGeneratingEnergyWhenGridNeedsEnergyMinutes =0
iGeneratingEnergyWhenGridNeedsEnergyMinutes =0
iUsingEnergyWhenGridNeedsEnergyMinutes =1
iGeneratingEnergyWhenGridHasExcessEnergyMinutes = 0
iUsingEnergyWhenGridHasExcessEnergyMinutes = 0
iIdleWhenGridDoesNotNeedEnergyMinutes = 46080
iIdleWhenGridNeedsEnergyMinutes = 4688377
iEnergyPriceIsZeroMinutes = 240
harvester.getEnergyHarvestedAVAILABLEKilowattHours( ): 2.4147111533333335E7
harvester.getEnergyHarvestedKilowattHours(): 0.0
The running average is 31
The y-int is 9
Energy harvested: 8032315.462225745
iGeneratingEnergyWhenGridNeedsEnergyMinutes =794261
iGeneratingEnergyWhenGridNeedsEnergyMinutes =794261
iUsingEnergyWhenGridNeedsEnergyMinutes =54447
iGeneratingEnergyWhenGridHasExcessEnergyMinutes = 1296
iUsingEnergyWhenGridHasExcessEnergyMinutes = 23
iIdleWhenGridDoesNotNeedEnergyMinutes = 44761
iIdleWhenGridNeedsEnergyMinutes = 3839670
iEnergyPriceIsZeroMinutes = 240
harvester.getEnergyHarvestedAVAILABLEKilowattHours( ): 2.4147111533333335E7
harvester.getEnergyHarvestedKilowattHours(): 8032315.462225745
The y-int is 19
Energy harvested: 2273241.8019444486
iGeneratingEnergyWhenGridNeedsEnergyMinutes =69520
iGeneratingEnergyWhenGridNeedsEnergyMinutes =69520
iUsingEnergyWhenGridNeedsEnergyMinutes =274
iGeneratingEnergyWhenGridHasExcessEnergyMinutes = 0
iUsingEnergyWhenGridHasExcessEnergyMinutes = 0
iIdleWhenGridDoesNotNeedEnergyMinutes = 46080
iIdleWhenGridNeedsEnergyMinutes = 4618584
iEnergyPriceIsZeroMinutes = 240
harvester.getEnergyHarvestedAVAILABLEKilowattHours( ): 2.4147111533333335E7
harvester.getEnergyHarvestedKilowattHours(): 2273241.8019444486
The y-int is 29
Energy harvested: 29880.05
iGeneratingEnergyWhenGridNeedsEnergyMinutes =613
iGeneratingEnergyWhenGridNeedsEnergyMinutes =613
iUsingEnergyWhenGridNeedsEnergyMinutes =1
iGeneratingEnergyWhenGridHasExcessEnergyMinutes = 0
iUsingEnergyWhenGridHasExcessEnergyMinutes = 0
iIdleWhenGridDoesNotNeedEnergyMinutes = 46080
iIdleWhenGridNeedsEnergyMinutes = 4687764
iEnergyPriceIsZeroMinutes = 240
harvester.getEnergyHarvestedAVAILABLEKilowattHours( ): 2.4147111533333335E7
harvester.getEnergyHarvestedKilowattHours(): 29880.05
The y-int is 39
Energy harvested: 0.0
iGeneratingEnergyWhenGridNeedsEnergyMinutes =0
iGeneratingEnergyWhenGridNeedsEnergyMinutes =0
iUsingEnergyWhenGridNeedsEnergyMinutes =1
iGeneratingEnergyWhenGridHasExcessEnergyMinutes = 0
iUsingEnergyWhenGridHasExcessEnergyMinutes = 0
iIdleWhenGridDoesNotNeedEnergyMinutes = 46080
iIdleWhenGridNeedsEnergyMinutes = 4688377
iEnergyPriceIsZeroMinutes = 240
harvester.getEnergyHarvestedAVAILABLEKilowattHours( ): 2.4147111533333335E7
harvester.getEnergyHarvestedKilowattHours(): 0.0
The running average is 61
The y-int is 9
Energy harvested: 8126661.074169622
iGeneratingEnergyWhenGridNeedsEnergyMinutes =802038
iGeneratingEnergyWhenGridNeedsEnergyMinutes =802038
iUsingEnergyWhenGridNeedsEnergyMinutes =44857
iGeneratingEnergyWhenGridHasExcessEnergyMinutes = 1291
iUsingEnergyWhenGridHasExcessEnergyMinutes = 50
iIdleWhenGridDoesNotNeedEnergyMinutes = 44739
iIdleWhenGridNeedsEnergyMinutes = 3841483
iEnergyPriceIsZeroMinutes = 240
harvester.getEnergyHarvestedAVAILABLEKilowattHours( ): 2.4147111533333335E7
harvester.getEnergyHarvestedKilowattHours(): 8126661.074169622
The y-int is 19
Energy harvested: 2290821.978333335
iGeneratingEnergyWhenGridNeedsEnergyMinutes =71764
iGeneratingEnergyWhenGridNeedsEnergyMinutes =71764
iUsingEnergyWhenGridNeedsEnergyMinutes =173
iGeneratingEnergyWhenGridHasExcessEnergyMinutes = 0
iUsingEnergyWhenGridHasExcessEnergyMinutes = 0
iIdleWhenGridDoesNotNeedEnergyMinutes = 46080
iIdleWhenGridNeedsEnergyMinutes = 4616441
iEnergyPriceIsZeroMinutes = 240
harvester.getEnergyHarvestedAVAILABLEKilowattHours( ): 2.4147111533333335E7
harvester.getEnergyHarvestedKilowattHours(): 2290821.978333335
The y-int is 29
Energy harvested: 28328.633333333335
iGeneratingEnergyWhenGridNeedsEnergyMinutes =587
iGeneratingEnergyWhenGridNeedsEnergyMinutes =587
iUsingEnergyWhenGridNeedsEnergyMinutes =1
iGeneratingEnergyWhenGridHasExcessEnergyMinutes = 0
iUsingEnergyWhenGridHasExcessEnergyMinutes = 0
iIdleWhenGridDoesNotNeedEnergyMinutes = 46080
iIdleWhenGridNeedsEnergyMinutes = 4687790
iEnergyPriceIsZeroMinutes = 240
harvester.getEnergyHarvestedAVAILABLEKilowattHours( ): 2.4147111533333335E7
harvester.getEnergyHarvestedKilowattHours(): 28328.633333333335
The y-int is 39
Energy harvested: 0.0
iGeneratingEnergyWhenGridNeedsEnergyMinutes =0
iGeneratingEnergyWhenGridNeedsEnergyMinutes =0
iUsingEnergyWhenGridNeedsEnergyMinutes =1
iGeneratingEnergyWhenGridHasExcessEnergyMinutes = 0
iUsingEnergyWhenGridHasExcessEnergyMinutes = 0
iIdleWhenGridDoesNotNeedEnergyMinutes = 46080
iIdleWhenGridNeedsEnergyMinutes = 4688377
iEnergyPriceIsZeroMinutes = 240
harvester.getEnergyHarvestedAVAILABLEKilowattHours( ): 2.4147111533333335E7
harvester.getEnergyHarvestedKilowattHours(): 0.0
The running average is 91
The y-int is 9
Energy harvested: 8152221.095558295
iGeneratingEnergyWhenGridNeedsEnergyMinutes =797691
iGeneratingEnergyWhenGridNeedsEnergyMinutes =797691
iUsingEnergyWhenGridNeedsEnergyMinutes =41363
iGeneratingEnergyWhenGridHasExcessEnergyMinutes = 1332
iUsingEnergyWhenGridHasExcessEnergyMinutes = 38
iIdleWhenGridDoesNotNeedEnergyMinutes = 44710
iIdleWhenGridNeedsEnergyMinutes = 3849324
iEnergyPriceIsZeroMinutes = 240
harvester.getEnergyHarvestedAVAILABLEKilowattHours( ): 2.4147111533333335E7
harvester.getEnergyHarvestedKilowattHours(): 8152221.095558295
The y-int is 19
Energy harvested: 2229734.9325000015
iGeneratingEnergyWhenGridNeedsEnergyMinutes =70433
iGeneratingEnergyWhenGridNeedsEnergyMinutes =70433
iUsingEnergyWhenGridNeedsEnergyMinutes =113
iGeneratingEnergyWhenGridHasExcessEnergyMinutes = 0
iUsingEnergyWhenGridHasExcessEnergyMinutes = 0
iIdleWhenGridDoesNotNeedEnergyMinutes = 46080
iIdleWhenGridNeedsEnergyMinutes = 4617832
iEnergyPriceIsZeroMinutes = 240
harvester.getEnergyHarvestedAVAILABLEKilowattHours( ): 2.4147111533333335E7
harvester.getEnergyHarvestedKilowattHours(): 2229734.9325000015
The y-int is 29
Energy harvested: 20180.416666666668
iGeneratingEnergyWhenGridNeedsEnergyMinutes =422
iGeneratingEnergyWhenGridNeedsEnergyMinutes =422
iUsingEnergyWhenGridNeedsEnergyMinutes =1
iGeneratingEnergyWhenGridHasExcessEnergyMinutes = 0
iUsingEnergyWhenGridHasExcessEnergyMinutes = 0
iIdleWhenGridDoesNotNeedEnergyMinutes = 46080
iIdleWhenGridNeedsEnergyMinutes = 4687955
iEnergyPriceIsZeroMinutes = 240
harvester.getEnergyHarvestedAVAILABLEKilowattHours( ): 2.4147111533333335E7
harvester.getEnergyHarvestedKilowattHours(): 20180.416666666668
The y-int is 39
Energy harvested: 0.0
iGeneratingEnergyWhenGridNeedsEnergyMinutes =0
iGeneratingEnergyWhenGridNeedsEnergyMinutes =0
iUsingEnergyWhenGridNeedsEnergyMinutes =1
iGeneratingEnergyWhenGridHasExcessEnergyMinutes = 0
iUsingEnergyWhenGridHasExcessEnergyMinutes = 0
iIdleWhenGridDoesNotNeedEnergyMinutes = 46080
iIdleWhenGridNeedsEnergyMinutes = 4688377
iEnergyPriceIsZeroMinutes = 240
harvester.getEnergyHarvestedAVAILABLEKilowattHours( ): 2.4147111533333335E7
harvester.getEnergyHarvestedKilowattHours(): 0.0
The running average is 121
The y-int is 9
Energy harvested: 8134418.408057993
iGeneratingEnergyWhenGridNeedsEnergyMinutes =789771
iGeneratingEnergyWhenGridNeedsEnergyMinutes =789771
iUsingEnergyWhenGridNeedsEnergyMinutes =38687
iGeneratingEnergyWhenGridHasExcessEnergyMinutes = 1298
iUsingEnergyWhenGridHasExcessEnergyMinutes = 39
iIdleWhenGridDoesNotNeedEnergyMinutes = 44743
iIdleWhenGridNeedsEnergyMinutes = 3859920
iEnergyPriceIsZeroMinutes = 240
harvester.getEnergyHarvestedAVAILABLEKilowattHours( ): 2.4147111533333335E7
harvester.getEnergyHarvestedKilowattHours(): 8134418.408057993
The y-int is 19
Energy harvested: 2152751.520277779
iGeneratingEnergyWhenGridNeedsEnergyMinutes =68429
iGeneratingEnergyWhenGridNeedsEnergyMinutes =68429
iUsingEnergyWhenGridNeedsEnergyMinutes =99
iGeneratingEnergyWhenGridHasExcessEnergyMinutes = 0
iUsingEnergyWhenGridHasExcessEnergyMinutes = 0
iIdleWhenGridDoesNotNeedEnergyMinutes = 46080
iIdleWhenGridNeedsEnergyMinutes = 4619850
iEnergyPriceIsZeroMinutes = 240
harvester.getEnergyHarvestedAVAILABLEKilowattHours( ): 2.4147111533333335E7
harvester.getEnergyHarvestedKilowattHours(): 2152751.520277779
The y-int is 29
Energy harvested: 16278.133333333333
iGeneratingEnergyWhenGridNeedsEnergyMinutes =347
iGeneratingEnergyWhenGridNeedsEnergyMinutes =347
iUsingEnergyWhenGridNeedsEnergyMinutes =1
iGeneratingEnergyWhenGridHasExcessEnergyMinutes = 0
iUsingEnergyWhenGridHasExcessEnergyMinutes = 0
iIdleWhenGridDoesNotNeedEnergyMinutes = 46080
iIdleWhenGridNeedsEnergyMinutes = 4688030
iEnergyPriceIsZeroMinutes = 240
harvester.getEnergyHarvestedAVAILABLEKilowattHours( ): 2.4147111533333335E7
harvester.getEnergyHarvestedKilowattHours(): 16278.133333333333
The y-int is 39
Energy harvested: 0.0
iGeneratingEnergyWhenGridNeedsEnergyMinutes =0
iGeneratingEnergyWhenGridNeedsEnergyMinutes =0
iUsingEnergyWhenGridNeedsEnergyMinutes =1
iGeneratingEnergyWhenGridHasExcessEnergyMinutes = 0
iUsingEnergyWhenGridHasExcessEnergyMinutes = 0
iIdleWhenGridDoesNotNeedEnergyMinutes = 46080
iIdleWhenGridNeedsEnergyMinutes = 4688377
iEnergyPriceIsZeroMinutes = 240
harvester.getEnergyHarvestedAVAILABLEKilowattHours( ): 2.4147111533333335E7
harvester.getEnergyHarvestedKilowattHours(): 0.0
Beginning testing mode:
station,&,y_intercept_for_month_1,&,running_average_size_minutes_for_month_1,&,y_intercept_for_month_2,&,running_average_size_minutes_for_month_2,&,y_intercept_for_month_3,&,running_average_size_minutes_for_month_3,&,y_intercept_for_month_4,&,running_average_size_minutes_for_month_4,&,y_intercept_for_month_5,&,running_average_size_minutes_for_month_5,&,y_intercept_for_month_6,&,running_average_size_minutes_for_month_6,&,y_intercept_for_month_7,&,running_average_size_minutes_for_month_7,&,y_intercept_for_month_8,&,running_average_size_minutes_for_month_8,&,y_intercept_for_month_9,&,running_average_size_minutes_for_month_9,&,y_intercept_for_month_10,&,running_average_size_minutes_for_month_10,&,y_intercept_for_month_11,&,running_average_size_minutes_for_month_11,&,y_intercept_for_month_12,&,running_average_size_minutes_for_month_12,&,dNetNorm,&,dMarketBalancePercentage,&,dMarketNetNorm,
results: KLGA,&,9,&,91,&,9,&,91,&,9,&,91,&,9,&,91,&,9,&,91,&,9,&,91,&,9,&,91,&,9,&,91,&,9,&,91,&,9,&,91,&,9,&,91,&,9,&,91,&,0.35332482150479066,&,0.9203218827014081,&,0.3251725649324279
monthly visible minutes:KLGA,&,2013,&,8672,&,8672,&,8672,&,8672,&,8672,&,8672,&,8672,&,6705,&,7996,&,8664,&,8672,&,8672,&,
monthly visible minutes:KLGA,&,2014,&,8672,&,8672,&,8672,&,8672,&,8666,&,8672,&,8672,&,8026,&,8514,&,8672,&,8672,&,8663,&,
monthly minutes harvester between states:KLGA,&,2013,&,836,&,874,&,760,&,912,&,1178,&,1089,&,988,&,836,&,1102,&,760,&,722,&,988,&,
monthly minutes harvester between states:KLGA,&,2014,&,855,&,912,&,760,&,929,&,1167,&,1239,&,1140,&,1102,&,947,&,950,&,912,&,760,&,
station,&,y_intercept_for_month_1,&,running_average_size_minutes_for_month_1,&,y_intercept_for_month_2,&,running_average_size_minutes_for_month_2,&,y_intercept_for_month_3,&,running_average_size_minutes_for_month_3,&,y_intercept_for_month_4,&,running_average_size_minutes_for_month_4,&,y_intercept_for_month_5,&,running_average_size_minutes_for_month_5,&,y_intercept_for_month_6,&,running_average_size_minutes_for_month_6,&,y_intercept_for_month_7,&,running_average_size_minutes_for_month_7,&,y_intercept_for_month_8,&,running_average_size_minutes_for_month_8,&,y_intercept_for_month_9,&,running_average_size_minutes_for_month_9,&,y_intercept_for_month_10,&,running_average_size_minutes_for_month_10,&,y_intercept_for_month_11,&,running_average_size_minutes_for_month_11,&,y_intercept_for_month_12,&,running_average_size_minutes_for_month_12,&,dNetNorm,&,dMarketBalancePercentage,&,dMarketNetNorm,
results: KLGA,&,9,&,121,&,9,&,121,&,9,&,121,&,9,&,121,&,9,&,121,&,9,&,121,&,9,&,121,&,9,&,121,&,9,&,121,&,9,&,121,&,9,&,121,&,9,&,121,&,0.3555636118688614,&,0.9246823006894628,&,0.3287833786643539
monthly visible minutes:KLGA,&,2013,&,8672,&,8672,&,8672,&,8672,&,8672,&,8672,&,8672,&,6705,&,7996,&,8664,&,8672,&,8672,&,
monthly visible minutes:KLGA,&,2014,&,8672,&,8672,&,8672,&,8672,&,8666,&,8672,&,8672,&,8026,&,8514,&,8672,&,8672,&,8663,&,
monthly minutes harvester between states:KLGA,&,2013,&,836,&,874,&,760,&,912,&,1178,&,1089,&,988,&,836,&,1102,&,760,&,722,&,988,&,
monthly minutes harvester between states:KLGA,&,2014,&,855,&,912,&,760,&,929,&,1167,&,1239,&,1140,&,1102,&,947,&,950,&,912,&,760,&,
Station: KMCI
abc: The current path is /home/guy/retractable-wind
I have found the property file.
The training windspeed filename is /trainingKMCI2004-2012in.csv
The testing windspeed filename is /testingKMCI2013-2014in.csv
Yes, the station is KMCI
Warning: The bAlsoUsePrediction no longer has any effect
iUsedAllItsAllocatedVisibilityMinutesPerMonth: 8760
Visibility Allocation Minutes:8760
HARVESTER_SIZE_SQM is 6362
Reading file
Success: /Wind turbine power curves - wind turbine power output against wind speed in knots.csv found.
Speed (Knots) = Speed(knots) vs power (kW) , Power (kW) =V90
Speed (Knots) = 0 , Power (kW) =0
Speed (Knots) = 1 , Power (kW) =0
Speed (Knots) = 2 , Power (kW) =0
Speed (Knots) = 3 , Power (kW) =0
Speed (Knots) = 4 , Power (kW) =0
Speed (Knots) = 5 , Power (kW) =0
Speed (Knots) = 6 , Power (kW) =0
Speed (Knots) = 7 , Power (kW) =38
Speed (Knots) = 8 , Power (kW) =87
Speed (Knots) = 9 , Power (kW) =141
Speed (Knots) = 10 , Power (kW) =207
Speed (Knots) = 11 , Power (kW) =286
Speed (Knots) = 12 , Power (kW) =382
Speed (Knots) = 13 , Power (kW) =496
Speed (Knots) = 14 , Power (kW) =628
Speed (Knots) = 15 , Power (kW) =781
Speed (Knots) = 16 , Power (kW) =957
Speed (Knots) = 17 , Power (kW) =1153
Speed (Knots) = 18 , Power (kW) =1366
Speed (Knots) = 19 , Power (kW) =1589
Speed (Knots) = 20 , Power (kW) =1814
Speed (Knots) = 21 , Power (kW) =2035
Speed (Knots) = 22 , Power (kW) =2250
Speed (Knots) = 23 , Power (kW) =2452
Speed (Knots) = 24 , Power (kW) =2634
Speed (Knots) = 25 , Power (kW) =2784
Speed (Knots) = 26 , Power (kW) =2888
Speed (Knots) = 27 , Power (kW) =2949
Speed (Knots) = 28 , Power (kW) =2980
Speed (Knots) = 29 , Power (kW) =2993
Speed (Knots) = 30 , Power (kW) =3000
Speed (Knots) = 31 , Power (kW) =3000
Speed (Knots) = 32 , Power (kW) =3000
Speed (Knots) = 33 , Power (kW) =3000
Speed (Knots) = 34 , Power (kW) =3000
Speed (Knots) = 35 , Power (kW) =3000
Speed (Knots) = 36 , Power (kW) =3000
Speed (Knots) = 37 , Power (kW) =3000
Speed (Knots) = 38 , Power (kW) =3000
Speed (Knots) = 39 , Power (kW) =3000
Speed (Knots) = 40 , Power (kW) =3000
Speed (Knots) = 41 , Power (kW) =3000
Speed (Knots) = 42 , Power (kW) =3000
Speed (Knots) = 43 , Power (kW) =3000
Speed (Knots) = 44 , Power (kW) =3000
Speed (Knots) = 45 , Power (kW) =3000
Speed (Knots) = 46 , Power (kW) =3000
Speed (Knots) = 47 , Power (kW) =3000
Speed (Knots) = 48 , Power (kW) =3000
Speed (Knots) = 49 , Power (kW) =0
Speed (Knots) = 50 , Power (kW) =0
Speed (Knots) = 51 , Power (kW) =0
Speed (Knots) = 52 , Power (kW) =0
Speed (Knots) = 53 , Power (kW) =0
Speed (Knots) = 54 , Power (kW) =0
Speed (Knots) = 55 , Power (kW) =0
Speed (Knots) = 56 , Power (kW) =0
Speed (Knots) = 57 , Power (kW) =0
Speed (Knots) = 58 , Power (kW) =0
Speed (Knots) = 59 , Power (kW) =0
Speed (Knots) = 60 , Power (kW) =0
The scale is 1.0
Wind power at 10 knots in kilowatts is 207.0
Wind power in-cut-out test 0.0
Class name:edu.pitt.cs.people.guy.wind.benchmarks.Static
Success: /Noise_Allowed_Time_Definitions_All_Stations.csv found.
The station is the record is KMCI
Success: /Noise_Allowed_Time_Definitions_All_Stations.csv found.
The station is the record is KMCI
I have found the membership file for NOT WINDY.
Windspeed (knots) [0,1), Membership Value =1.00000000,1.0
Windspeed (knots) [1,2), Membership Value =0.99998869,0.9999887
Windspeed (knots) [2,3), Membership Value =0.99979958,0.9997996
Windspeed (knots) [3,4), Membership Value =0.99865857,0.9986586
Windspeed (knots) [4,5), Membership Value =0.99456780,0.9945678
Windspeed (knots) [5,6), Membership Value =0.98358930,0.9835893
Windspeed (knots) [6,7), Membership Value =0.96225896,0.96225893
Windspeed (knots) [7,8), Membership Value =0.92858650,0.9285865
Windspeed (knots) [8,9), Membership Value =0.88286373,0.8828637
Windspeed (knots) [9,10), Membership Value =0.82564946,0.82564944
Windspeed (knots) [10,11), Membership Value =0.75649507,0.75649506
Windspeed (knots) [11,12), Membership Value =0.67417317,0.6741732
Windspeed (knots) [12,13), Membership Value =0.58863346,0.5886335
Windspeed (knots) [13,14), Membership Value =0.49694818,0.49694818
Windspeed (knots) [14,15), Membership Value =0.40225520,0.4022552
Windspeed (knots) [15,16), Membership Value =0.30951428,0.30951428
Windspeed (knots) [16,17), Membership Value =0.22003528,0.22003528
Windspeed (knots) [17,18), Membership Value =0.13671631,0.1367163
Windspeed (knots) [18,19), Membership Value =0.06034575,0.06034575
Windspeed (knots) [19,20), Membership Value =0.00000000,0.0
Windspeed (knots) [20,21), Membership Value =0.00000000,0.0
Windspeed (knots) [21,22), Membership Value =0.00000000,0.0
Windspeed (knots) [22,23), Membership Value =0.00000000,0.0
Windspeed (knots) [23,24), Membership Value =0.00000000,0.0
Windspeed (knots) [24,25), Membership Value =0.00000000,0.0
Windspeed (knots) [25,26), Membership Value =0.00000000,0.0
Windspeed (knots) [26,27), Membership Value =0.00000000,0.0
Windspeed (knots) [27,28), Membership Value =0.00000000,0.0
Windspeed (knots) [28,29), Membership Value =0.00000000,0.0
Windspeed (knots) [29,30), Membership Value =0.00000000,0.0
Windspeed (knots) [30,31), Membership Value =0.00000000,0.0
Windspeed (knots) [31,32), Membership Value =0.00000000,0.0
Windspeed (knots) [32,33), Membership Value =0.00000000,0.0
Windspeed (knots) [33,34), Membership Value =0.00000000,0.0
Windspeed (knots) [34,35), Membership Value =0.00000000,0.0
Windspeed (knots) [35,36), Membership Value =0.00000000,0.0
Windspeed (knots) [36,37), Membership Value =0.00000000,0.0
Windspeed (knots) [37,38), Membership Value =0.00000000,0.0
Windspeed (knots) [38,39), Membership Value =0.00000000,0.0
Windspeed (knots) [39,40), Membership Value =0.00000000,0.0
Windspeed (knots) [40,41), Membership Value =0.00000000,0.0
Windspeed (knots) [41,42), Membership Value =0.00000000,0.0
Windspeed (knots) [42,43), Membership Value =0.00000000,0.0
Windspeed (knots) [43,44), Membership Value =0.00000000,0.0
Windspeed (knots) [44,45), Membership Value =0.00000000,0.0
Windspeed (knots) [45,46), Membership Value =0.00000000,0.0
Windspeed (knots) [46,47), Membership Value =0.00000000,0.0
Windspeed (knots) [47,48), Membership Value =0.00000000,0.0
Windspeed (knots) [48,49), Membership Value =0.00000000,0.0
Windspeed (knots) [49,50), Membership Value =0.00000000,0.0
Windspeed (knots) [50,51), Membership Value =0.00000000,0.0
Windspeed (knots) [51,52), Membership Value =0.00000000,0.0
Windspeed (knots) [52,53), Membership Value =0.00000000,0.0
Windspeed (knots) [53,54), Membership Value =0.00000000,0.0
Windspeed (knots) [54,55), Membership Value =0.00000000,0.0
Windspeed (knots) [55,56), Membership Value =0.00000000,0.0
Windspeed (knots) [56,57), Membership Value =0.00000000,0.0
Windspeed (knots) [57,58), Membership Value =0.00000000,0.0
Windspeed (knots) [58,59), Membership Value =0.00000000,0.0
Windspeed (knots) [59,60), Membership Value =0.00000000,0.0
Windspeed (knots) [60,61), Membership Value =0.00000000,0.0
Windspeed (knots) [61,62), Membership Value =0.00000000,0.0
Windspeed (knots) [62,63), Membership Value =0.00000000,0.0
Windspeed (knots) [63,64), Membership Value =0.00000000,0.0
Windspeed (knots) [64,65), Membership Value =0.00000000,0.0
Windspeed (knots) [65,66), Membership Value =0.00000000,0.0
Windspeed (knots) [66,67), Membership Value =0.00000000,0.0
Windspeed (knots) [67,68), Membership Value =0.00000000,0.0
Windspeed (knots) [68,69), Membership Value =0.00000000,0.0
Windspeed (knots) [69,70), Membership Value =0.00000000,0.0
Windspeed (knots) [70,71), Membership Value =0.00000000,0.0
Windspeed (knots) [71,72), Membership Value =0.00000000,0.0
Windspeed (knots) [72,73), Membership Value =0.00000000,0.0
Windspeed (knots) [73,74), Membership Value =0.00000000,0.0
Windspeed (knots) [74,75), Membership Value =0.00000000,0.0
Windspeed (knots) [75,76), Membership Value =0.00000000,0.0
Windspeed (knots) [76,77), Membership Value =0.00000000,0.0
Windspeed (knots) [77,78), Membership Value =0.00000000,0.0
Windspeed (knots) [78,79), Membership Value =0.00000000,0.0
Windspeed (knots) [79,80), Membership Value =0.00000000,0.0
Windspeed (knots) [80,81), Membership Value =0.00000000,0.0
Windspeed (knots) [81,82), Membership Value =0.00000000,0.0
Windspeed (knots) [82,83), Membership Value =0.00000000,0.0
Windspeed (knots) [83,84), Membership Value =0.00000000,0.0
Windspeed (knots) [84,85), Membership Value =0.00000000,0.0
Windspeed (knots) [85,86), Membership Value =0.00000000,0.0
Windspeed (knots) [86,87), Membership Value =0.00000000,0.0
Windspeed (knots) [87,88), Membership Value =0.00000000,0.0
Windspeed (knots) [88,89), Membership Value =0.00000000,0.0
Windspeed (knots) [89,90), Membership Value =0.00000000,0.0
Windspeed (knots) [90,91), Membership Value =0.00000000,0.0
Windspeed (knots) [91,92), Membership Value =0.00000000,0.0
Windspeed (knots) [92,93), Membership Value =0.00000000,0.0
Windspeed (knots) [93,94), Membership Value =0.00000000,0.0
Windspeed (knots) [94,95), Membership Value =0.00000000,0.0
Windspeed (knots) [95,96), Membership Value =0.00000000,0.0
Windspeed (knots) [96,97), Membership Value =0.00000000,0.0
Windspeed (knots) [97,98), Membership Value =0.00000000,0.0
Windspeed (knots) [98,99), Membership Value =0.00000000,0.0
Windspeed (knots) [99,100), Membership Value =0.00000000,0.0
Windspeed (knots) [100,101), Membership Value =0.00000000,0.0
Windspeed (knots) [101,102), Membership Value =0.00000000,0.0
Windspeed (knots) [102,103), Membership Value =0.00000000,0.0
Windspeed (knots) [103,104), Membership Value =0.00000000,0.0
Windspeed (knots) [104,105), Membership Value =0.00000000,0.0
Windspeed (knots) [105,106), Membership Value =0.00000000,0.0
Windspeed (knots) [106,107), Membership Value =0.00000000,0.0
Windspeed (knots) [107,108), Membership Value =0.00000000,0.0
Windspeed (knots) [108,109), Membership Value =0.00000000,0.0
Windspeed (knots) [109,110), Membership Value =0.00000000,0.0
Windspeed (knots) [110,111), Membership Value =0.00000000,0.0
Windspeed (knots) [111,112), Membership Value =0.00000000,0.0
Windspeed (knots) [112,113), Membership Value =0.00000000,0.0
Windspeed (knots) [113,114), Membership Value =0.00000000,0.0
Windspeed (knots) [114,115), Membership Value =0.00000000,0.0
Windspeed (knots) [115,116), Membership Value =0.00000000,0.0
Windspeed (knots) [116,117), Membership Value =0.00000000,0.0
Windspeed (knots) [117,118), Membership Value =0.00000000,0.0
Windspeed (knots) [118,119), Membership Value =0.00000000,0.0
Windspeed (knots) [119,120), Membership Value =0.00000000,0.0
Windspeed (knots) [120,121), Membership Value =0.00000000,0.0
Windspeed (knots) [121,122), Membership Value =0.00000000,0.0
Windspeed (knots) [122,123), Membership Value =0.00000000,0.0
Windspeed (knots) [123,124), Membership Value =0.00000000,0.0
Windspeed (knots) [124,125), Membership Value =0.00000000,0.0
LowestWindspeedThatIsWindyKnots for station KMCI is 8 knots.
Transition limited :false
bUseWeatherPrediction:false
The running average is 1
The y-int is 8
Energy harvested: 6593160.08833459
iGeneratingEnergyWhenGridNeedsEnergyMinutes =764100
iGeneratingEnergyWhenGridNeedsEnergyMinutes =764100
iUsingEnergyWhenGridNeedsEnergyMinutes =81051
iGeneratingEnergyWhenGridHasExcessEnergyMinutes = 2487
iUsingEnergyWhenGridHasExcessEnergyMinutes = 277
iIdleWhenGridDoesNotNeedEnergyMinutes = 43316
iIdleWhenGridNeedsEnergyMinutes = 3843248
iEnergyPriceIsZeroMinutes = 240
harvester.getEnergyHarvestedAVAILABLEKilowattHours( ): 2.116693805E7
harvester.getEnergyHarvestedKilowattHours(): 6593160.08833459
The y-int is 18
Energy harvested: 3139258.5
iGeneratingEnergyWhenGridNeedsEnergyMinutes =94636
iGeneratingEnergyWhenGridNeedsEnergyMinutes =94636
iUsingEnergyWhenGridNeedsEnergyMinutes =1
iGeneratingEnergyWhenGridHasExcessEnergyMinutes = 1011
iUsingEnergyWhenGridHasExcessEnergyMinutes = 0
iIdleWhenGridDoesNotNeedEnergyMinutes = 45069
iIdleWhenGridNeedsEnergyMinutes = 4593762
iEnergyPriceIsZeroMinutes = 240
harvester.getEnergyHarvestedAVAILABLEKilowattHours( ): 2.116693805E7
harvester.getEnergyHarvestedKilowattHours(): 3139258.5
The y-int is 28
Energy harvested: 13590.8
iGeneratingEnergyWhenGridNeedsEnergyMinutes =273
iGeneratingEnergyWhenGridNeedsEnergyMinutes =273
iUsingEnergyWhenGridNeedsEnergyMinutes =1
iGeneratingEnergyWhenGridHasExcessEnergyMinutes = 0
iUsingEnergyWhenGridHasExcessEnergyMinutes = 0
iIdleWhenGridDoesNotNeedEnergyMinutes = 46080
iIdleWhenGridNeedsEnergyMinutes = 4688125
iEnergyPriceIsZeroMinutes = 240
harvester.getEnergyHarvestedAVAILABLEKilowattHours( ): 2.116693805E7
harvester.getEnergyHarvestedKilowattHours(): 13590.8
The y-int is 38
Energy harvested: 0.0
iGeneratingEnergyWhenGridNeedsEnergyMinutes =0
iGeneratingEnergyWhenGridNeedsEnergyMinutes =0
iUsingEnergyWhenGridNeedsEnergyMinutes =1
iGeneratingEnergyWhenGridHasExcessEnergyMinutes = 0
iUsingEnergyWhenGridHasExcessEnergyMinutes = 0
iIdleWhenGridDoesNotNeedEnergyMinutes = 46080
iIdleWhenGridNeedsEnergyMinutes = 4688398
iEnergyPriceIsZeroMinutes = 240
harvester.getEnergyHarvestedAVAILABLEKilowattHours( ): 2.116693805E7
harvester.getEnergyHarvestedKilowattHours(): 0.0
The running average is 31
The y-int is 8
Energy harvested: 6901153.43416796
iGeneratingEnergyWhenGridNeedsEnergyMinutes =817682
iGeneratingEnergyWhenGridNeedsEnergyMinutes =817682
iUsingEnergyWhenGridNeedsEnergyMinutes =43097
iGeneratingEnergyWhenGridHasExcessEnergyMinutes = 2561
iUsingEnergyWhenGridHasExcessEnergyMinutes = 216
iIdleWhenGridDoesNotNeedEnergyMinutes = 43303
iIdleWhenGridNeedsEnergyMinutes = 3827620
iEnergyPriceIsZeroMinutes = 240
harvester.getEnergyHarvestedAVAILABLEKilowattHours( ): 2.116693805E7
harvester.getEnergyHarvestedKilowattHours(): 6901153.43416796
The y-int is 18
Energy harvested: 3660598.2655554786
iGeneratingEnergyWhenGridNeedsEnergyMinutes =123193
iGeneratingEnergyWhenGridNeedsEnergyMinutes =123193
iUsingEnergyWhenGridNeedsEnergyMinutes =907
iGeneratingEnergyWhenGridHasExcessEnergyMinutes = 1212
iUsingEnergyWhenGridHasExcessEnergyMinutes = 0
iIdleWhenGridDoesNotNeedEnergyMinutes = 44868
iIdleWhenGridNeedsEnergyMinutes = 4564299
iEnergyPriceIsZeroMinutes = 240
harvester.getEnergyHarvestedAVAILABLEKilowattHours( ): 2.116693805E7
harvester.getEnergyHarvestedKilowattHours(): 3660598.2655554786
The y-int is 28
Energy harvested: 26471.733333333334
iGeneratingEnergyWhenGridNeedsEnergyMinutes =551
iGeneratingEnergyWhenGridNeedsEnergyMinutes =551
iUsingEnergyWhenGridNeedsEnergyMinutes =1
iGeneratingEnergyWhenGridHasExcessEnergyMinutes = 0
iUsingEnergyWhenGridHasExcessEnergyMinutes = 0
iIdleWhenGridDoesNotNeedEnergyMinutes = 46080
iIdleWhenGridNeedsEnergyMinutes = 4687847
iEnergyPriceIsZeroMinutes = 240
harvester.getEnergyHarvestedAVAILABLEKilowattHours( ): 2.116693805E7
harvester.getEnergyHarvestedKilowattHours(): 26471.733333333334
The y-int is 38
Energy harvested: 0.0
iGeneratingEnergyWhenGridNeedsEnergyMinutes =0
iGeneratingEnergyWhenGridNeedsEnergyMinutes =0
iUsingEnergyWhenGridNeedsEnergyMinutes =1
iGeneratingEnergyWhenGridHasExcessEnergyMinutes = 0
iUsingEnergyWhenGridHasExcessEnergyMinutes = 0
iIdleWhenGridDoesNotNeedEnergyMinutes = 46080
iIdleWhenGridNeedsEnergyMinutes = 4688398
iEnergyPriceIsZeroMinutes = 240
harvester.getEnergyHarvestedAVAILABLEKilowattHours( ): 2.116693805E7
harvester.getEnergyHarvestedKilowattHours(): 0.0
The running average is 61
The y-int is 8
Energy harvested: 6943165.812779057
iGeneratingEnergyWhenGridNeedsEnergyMinutes =821402
iGeneratingEnergyWhenGridNeedsEnergyMinutes =821402
iUsingEnergyWhenGridNeedsEnergyMinutes =34961
iGeneratingEnergyWhenGridHasExcessEnergyMinutes = 2661
iUsingEnergyWhenGridHasExcessEnergyMinutes = 165
iIdleWhenGridDoesNotNeedEnergyMinutes = 43254
iIdleWhenGridNeedsEnergyMinutes = 3832036
iEnergyPriceIsZeroMinutes = 240
harvester.getEnergyHarvestedAVAILABLEKilowattHours( ): 2.116693805E7
harvester.getEnergyHarvestedKilowattHours(): 6943165.812779057
The y-int is 18
Energy harvested: 3600789.5991666266
iGeneratingEnergyWhenGridNeedsEnergyMinutes =123740
iGeneratingEnergyWhenGridNeedsEnergyMinutes =123740
iUsingEnergyWhenGridNeedsEnergyMinutes =390
iGeneratingEnergyWhenGridHasExcessEnergyMinutes = 1194
iUsingEnergyWhenGridHasExcessEnergyMinutes = 0
iIdleWhenGridDoesNotNeedEnergyMinutes = 44886
iIdleWhenGridNeedsEnergyMinutes = 4564269
iEnergyPriceIsZeroMinutes = 240
harvester.getEnergyHarvestedAVAILABLEKilowattHours( ): 2.116693805E7
harvester.getEnergyHarvestedKilowattHours(): 3600789.5991666266
The y-int is 28
Energy harvested: 26202.183333333334
iGeneratingEnergyWhenGridNeedsEnergyMinutes =553
iGeneratingEnergyWhenGridNeedsEnergyMinutes =553
iUsingEnergyWhenGridNeedsEnergyMinutes =1
iGeneratingEnergyWhenGridHasExcessEnergyMinutes = 0
iUsingEnergyWhenGridHasExcessEnergyMinutes = 0
iIdleWhenGridDoesNotNeedEnergyMinutes = 46080
iIdleWhenGridNeedsEnergyMinutes = 4687845
iEnergyPriceIsZeroMinutes = 240
harvester.getEnergyHarvestedAVAILABLEKilowattHours( ): 2.116693805E7
harvester.getEnergyHarvestedKilowattHours(): 26202.183333333334
The y-int is 38
Energy harvested: 0.0
iGeneratingEnergyWhenGridNeedsEnergyMinutes =0
iGeneratingEnergyWhenGridNeedsEnergyMinutes =0
iUsingEnergyWhenGridNeedsEnergyMinutes =1
iGeneratingEnergyWhenGridHasExcessEnergyMinutes = 0
iUsingEnergyWhenGridHasExcessEnergyMinutes = 0
iIdleWhenGridDoesNotNeedEnergyMinutes = 46080
iIdleWhenGridNeedsEnergyMinutes = 4688398
iEnergyPriceIsZeroMinutes = 240
harvester.getEnergyHarvestedAVAILABLEKilowattHours( ): 2.116693805E7
harvester.getEnergyHarvestedKilowattHours(): 0.0
The running average is 91
The y-int is 8
Energy harvested: 6932503.59889004
iGeneratingEnergyWhenGridNeedsEnergyMinutes =817773
iGeneratingEnergyWhenGridNeedsEnergyMinutes =817773
iUsingEnergyWhenGridNeedsEnergyMinutes =31719
iGeneratingEnergyWhenGridHasExcessEnergyMinutes = 2646
iUsingEnergyWhenGridHasExcessEnergyMinutes = 126
iIdleWhenGridDoesNotNeedEnergyMinutes = 43308
iIdleWhenGridNeedsEnergyMinutes = 3838907
iEnergyPriceIsZeroMinutes = 240
harvester.getEnergyHarvestedAVAILABLEKilowattHours( ): 2.116693805E7
harvester.getEnergyHarvestedKilowattHours(): 6932503.59889004
The y-int is 18
Energy harvested: 3498455.455833309
iGeneratingEnergyWhenGridNeedsEnergyMinutes =121649
iGeneratingEnergyWhenGridNeedsEnergyMinutes =121649
iUsingEnergyWhenGridNeedsEnergyMinutes =293
iGeneratingEnergyWhenGridHasExcessEnergyMinutes = 1198
iUsingEnergyWhenGridHasExcessEnergyMinutes = 19
iIdleWhenGridDoesNotNeedEnergyMinutes = 44863
iIdleWhenGridNeedsEnergyMinutes = 4566457
iEnergyPriceIsZeroMinutes = 240
harvester.getEnergyHarvestedAVAILABLEKilowattHours( ): 2.116693805E7
harvester.getEnergyHarvestedKilowattHours(): 3498455.455833309
The y-int is 28
Energy harvested: 17437.133333333335
iGeneratingEnergyWhenGridNeedsEnergyMinutes =379
iGeneratingEnergyWhenGridNeedsEnergyMinutes =379
iUsingEnergyWhenGridNeedsEnergyMinutes =1
iGeneratingEnergyWhenGridHasExcessEnergyMinutes = 0
iUsingEnergyWhenGridHasExcessEnergyMinutes = 0
iIdleWhenGridDoesNotNeedEnergyMinutes = 46080
iIdleWhenGridNeedsEnergyMinutes = 4688019
iEnergyPriceIsZeroMinutes = 240
harvester.getEnergyHarvestedAVAILABLEKilowattHours( ): 2.116693805E7
harvester.getEnergyHarvestedKilowattHours(): 17437.133333333335
The y-int is 38
Energy harvested: 0.0
iGeneratingEnergyWhenGridNeedsEnergyMinutes =0
iGeneratingEnergyWhenGridNeedsEnergyMinutes =0
iUsingEnergyWhenGridNeedsEnergyMinutes =1
iGeneratingEnergyWhenGridHasExcessEnergyMinutes = 0
iUsingEnergyWhenGridHasExcessEnergyMinutes = 0
iIdleWhenGridDoesNotNeedEnergyMinutes = 46080
iIdleWhenGridNeedsEnergyMinutes = 4688398
iEnergyPriceIsZeroMinutes = 240
harvester.getEnergyHarvestedAVAILABLEKilowattHours( ): 2.116693805E7
harvester.getEnergyHarvestedKilowattHours(): 0.0
The running average is 121
The y-int is 8
Energy harvested: 6906418.103334369
iGeneratingEnergyWhenGridNeedsEnergyMinutes =812584
iGeneratingEnergyWhenGridNeedsEnergyMinutes =812584
iUsingEnergyWhenGridNeedsEnergyMinutes =29753
iGeneratingEnergyWhenGridHasExcessEnergyMinutes = 2716
iUsingEnergyWhenGridHasExcessEnergyMinutes = 121
iIdleWhenGridDoesNotNeedEnergyMinutes = 43243
iIdleWhenGridNeedsEnergyMinutes = 3846062
iEnergyPriceIsZeroMinutes = 240
harvester.getEnergyHarvestedAVAILABLEKilowattHours( ): 2.116693805E7
harvester.getEnergyHarvestedKilowattHours(): 6906418.103334369
The y-int is 18
Energy harvested: 3388284.1233333214
iGeneratingEnergyWhenGridNeedsEnergyMinutes =119026
iGeneratingEnergyWhenGridNeedsEnergyMinutes =119026
iUsingEnergyWhenGridNeedsEnergyMinutes =184
iGeneratingEnergyWhenGridHasExcessEnergyMinutes = 1165
iUsingEnergyWhenGridHasExcessEnergyMinutes = 17
iIdleWhenGridDoesNotNeedEnergyMinutes = 44898
iIdleWhenGridNeedsEnergyMinutes = 4569189
iEnergyPriceIsZeroMinutes = 240
harvester.getEnergyHarvestedAVAILABLEKilowattHours( ): 2.116693805E7
harvester.getEnergyHarvestedKilowattHours(): 3388284.1233333214
The y-int is 28
Energy harvested: 13517.883333333333
iGeneratingEnergyWhenGridNeedsEnergyMinutes =293
iGeneratingEnergyWhenGridNeedsEnergyMinutes =293
iUsingEnergyWhenGridNeedsEnergyMinutes =1
iGeneratingEnergyWhenGridHasExcessEnergyMinutes = 0
iUsingEnergyWhenGridHasExcessEnergyMinutes = 0
iIdleWhenGridDoesNotNeedEnergyMinutes = 46080
iIdleWhenGridNeedsEnergyMinutes = 4688105
iEnergyPriceIsZeroMinutes = 240
harvester.getEnergyHarvestedAVAILABLEKilowattHours( ): 2.116693805E7
harvester.getEnergyHarvestedKilowattHours(): 13517.883333333333
The y-int is 38
Energy harvested: 0.0
iGeneratingEnergyWhenGridNeedsEnergyMinutes =0
iGeneratingEnergyWhenGridNeedsEnergyMinutes =0
iUsingEnergyWhenGridNeedsEnergyMinutes =1
iGeneratingEnergyWhenGridHasExcessEnergyMinutes = 0
iUsingEnergyWhenGridHasExcessEnergyMinutes = 0
iIdleWhenGridDoesNotNeedEnergyMinutes = 46080
iIdleWhenGridNeedsEnergyMinutes = 4688398
iEnergyPriceIsZeroMinutes = 240
harvester.getEnergyHarvestedAVAILABLEKilowattHours( ): 2.116693805E7
harvester.getEnergyHarvestedKilowattHours(): 0.0
Beginning testing mode:
station,&,y_intercept_for_month_1,&,running_average_size_minutes_for_month_1,&,y_intercept_for_month_2,&,running_average_size_minutes_for_month_2,&,y_intercept_for_month_3,&,running_average_size_minutes_for_month_3,&,y_intercept_for_month_4,&,running_average_size_minutes_for_month_4,&,y_intercept_for_month_5,&,running_average_size_minutes_for_month_5,&,y_intercept_for_month_6,&,running_average_size_minutes_for_month_6,&,y_intercept_for_month_7,&,running_average_size_minutes_for_month_7,&,y_intercept_for_month_8,&,running_average_size_minutes_for_month_8,&,y_intercept_for_month_9,&,running_average_size_minutes_for_month_9,&,y_intercept_for_month_10,&,running_average_size_minutes_for_month_10,&,y_intercept_for_month_11,&,running_average_size_minutes_for_month_11,&,y_intercept_for_month_12,&,running_average_size_minutes_for_month_12,&,dNetNorm,&,dMarketBalancePercentage,&,dMarketNetNorm,
results: KMCI,&,8,&,61,&,8,&,61,&,8,&,61,&,8,&,61,&,8,&,61,&,8,&,61,&,8,&,61,&,8,&,61,&,8,&,61,&,8,&,61,&,8,&,61,&,8,&,61,&,0.3160397304526847,&,0.9352835439777354,&,0.29558675913555515
monthly visible minutes:KMCI,&,2013,&,8672,&,8672,&,8672,&,8672,&,8672,&,8672,&,8672,&,8672,&,8672,&,8672,&,8672,&,8672,&,
monthly visible minutes:KMCI,&,2014,&,8672,&,8654,&,8672,&,8672,&,8672,&,8672,&,8672,&,8672,&,8672,&,8672,&,8672,&,8672,&,
monthly minutes harvester between states:KMCI,&,2013,&,719,&,646,&,701,&,683,&,646,&,798,&,570,&,1119,&,833,&,651,&,570,&,949,&,
monthly minutes harvester between states:KMCI,&,2014,&,646,&,611,&,722,&,608,&,475,&,821,&,722,&,950,&,646,&,867,&,456,&,793,&,
station,&,y_intercept_for_month_1,&,running_average_size_minutes_for_month_1,&,y_intercept_for_month_2,&,running_average_size_minutes_for_month_2,&,y_intercept_for_month_3,&,running_average_size_minutes_for_month_3,&,y_intercept_for_month_4,&,running_average_size_minutes_for_month_4,&,y_intercept_for_month_5,&,running_average_size_minutes_for_month_5,&,y_intercept_for_month_6,&,running_average_size_minutes_for_month_6,&,y_intercept_for_month_7,&,running_average_size_minutes_for_month_7,&,y_intercept_for_month_8,&,running_average_size_minutes_for_month_8,&,y_intercept_for_month_9,&,running_average_size_minutes_for_month_9,&,y_intercept_for_month_10,&,running_average_size_minutes_for_month_10,&,y_intercept_for_month_11,&,running_average_size_minutes_for_month_11,&,y_intercept_for_month_12,&,running_average_size_minutes_for_month_12,&,dNetNorm,&,dMarketBalancePercentage,&,dMarketNetNorm,
results: KMCI,&,8,&,61,&,8,&,61,&,8,&,61,&,8,&,61,&,8,&,61,&,8,&,61,&,8,&,61,&,8,&,61,&,8,&,61,&,8,&,61,&,8,&,61,&,8,&,61,&,0.3160397304526847,&,0.9352779442151653,&,0.2955849893881019
monthly visible minutes:KMCI,&,2013,&,8672,&,8672,&,8672,&,8672,&,8672,&,8672,&,8672,&,8672,&,8672,&,8672,&,8672,&,8672,&,
monthly visible minutes:KMCI,&,2014,&,8672,&,8654,&,8672,&,8672,&,8672,&,8672,&,8672,&,8672,&,8672,&,8672,&,8672,&,8672,&,
monthly minutes harvester between states:KMCI,&,2013,&,719,&,646,&,701,&,683,&,646,&,798,&,570,&,1119,&,833,&,651,&,570,&,949,&,
monthly minutes harvester between states:KMCI,&,2014,&,646,&,611,&,722,&,608,&,475,&,821,&,722,&,950,&,646,&,867,&,456,&,793,&,
Station: KMCO
abc: The current path is /home/guy/retractable-wind
I have found the property file.
The training windspeed filename is /trainingKMCO2004-2012in.csv
The testing windspeed filename is /testingKMCO2013-2014in.csv
Yes, the station is KMCO
Warning: The bAlsoUsePrediction no longer has any effect
iUsedAllItsAllocatedVisibilityMinutesPerMonth: 8760
Visibility Allocation Minutes:8760
HARVESTER_SIZE_SQM is 6362
Reading file
Success: /Wind turbine power curves - wind turbine power output against wind speed in knots.csv found.
Speed (Knots) = Speed(knots) vs power (kW) , Power (kW) =V90
Speed (Knots) = 0 , Power (kW) =0
Speed (Knots) = 1 , Power (kW) =0
Speed (Knots) = 2 , Power (kW) =0
Speed (Knots) = 3 , Power (kW) =0
Speed (Knots) = 4 , Power (kW) =0
Speed (Knots) = 5 , Power (kW) =0
Speed (Knots) = 6 , Power (kW) =0
Speed (Knots) = 7 , Power (kW) =38
Speed (Knots) = 8 , Power (kW) =87
Speed (Knots) = 9 , Power (kW) =141
Speed (Knots) = 10 , Power (kW) =207
Speed (Knots) = 11 , Power (kW) =286
Speed (Knots) = 12 , Power (kW) =382
Speed (Knots) = 13 , Power (kW) =496
Speed (Knots) = 14 , Power (kW) =628
Speed (Knots) = 15 , Power (kW) =781
Speed (Knots) = 16 , Power (kW) =957
Speed (Knots) = 17 , Power (kW) =1153
Speed (Knots) = 18 , Power (kW) =1366
Speed (Knots) = 19 , Power (kW) =1589
Speed (Knots) = 20 , Power (kW) =1814
Speed (Knots) = 21 , Power (kW) =2035
Speed (Knots) = 22 , Power (kW) =2250
Speed (Knots) = 23 , Power (kW) =2452
Speed (Knots) = 24 , Power (kW) =2634
Speed (Knots) = 25 , Power (kW) =2784
Speed (Knots) = 26 , Power (kW) =2888
Speed (Knots) = 27 , Power (kW) =2949
Speed (Knots) = 28 , Power (kW) =2980
Speed (Knots) = 29 , Power (kW) =2993
Speed (Knots) = 30 , Power (kW) =3000
Speed (Knots) = 31 , Power (kW) =3000
Speed (Knots) = 32 , Power (kW) =3000
Speed (Knots) = 33 , Power (kW) =3000
Speed (Knots) = 34 , Power (kW) =3000
Speed (Knots) = 35 , Power (kW) =3000
Speed (Knots) = 36 , Power (kW) =3000
Speed (Knots) = 37 , Power (kW) =3000
Speed (Knots) = 38 , Power (kW) =3000
Speed (Knots) = 39 , Power (kW) =3000
Speed (Knots) = 40 , Power (kW) =3000
Speed (Knots) = 41 , Power (kW) =3000
Speed (Knots) = 42 , Power (kW) =3000
Speed (Knots) = 43 , Power (kW) =3000
Speed (Knots) = 44 , Power (kW) =3000
Speed (Knots) = 45 , Power (kW) =3000
Speed (Knots) = 46 , Power (kW) =3000
Speed (Knots) = 47 , Power (kW) =3000
Speed (Knots) = 48 , Power (kW) =3000
Speed (Knots) = 49 , Power (kW) =0
Speed (Knots) = 50 , Power (kW) =0
Speed (Knots) = 51 , Power (kW) =0
Speed (Knots) = 52 , Power (kW) =0
Speed (Knots) = 53 , Power (kW) =0
Speed (Knots) = 54 , Power (kW) =0
Speed (Knots) = 55 , Power (kW) =0
Speed (Knots) = 56 , Power (kW) =0
Speed (Knots) = 57 , Power (kW) =0
Speed (Knots) = 58 , Power (kW) =0
Speed (Knots) = 59 , Power (kW) =0
Speed (Knots) = 60 , Power (kW) =0
The scale is 1.0
Wind power at 10 knots in kilowatts is 207.0
Wind power in-cut-out test 0.0
Class name:edu.pitt.cs.people.guy.wind.benchmarks.Static
Success: /Noise_Allowed_Time_Definitions_All_Stations.csv found.
The station is the record is KMCO
Success: /Noise_Allowed_Time_Definitions_All_Stations.csv found.
The station is the record is KMCO
I have found the membership file for NOT WINDY.
Windspeed (knots) [0,1), Membership Value =1.00000000,1.0
Windspeed (knots) [1,2), Membership Value =0.99991557,0.99991554
Windspeed (knots) [2,3), Membership Value =0.99877776,0.99877775
Windspeed (knots) [3,4), Membership Value =0.99366158,0.9936616
Windspeed (knots) [4,5), Membership Value =0.98013438,0.98013437
Windspeed (knots) [5,6), Membership Value =0.95466408,0.95466405
Windspeed (knots) [6,7), Membership Value =0.91365205,0.91365206
Windspeed (knots) [7,8), Membership Value =0.85799935,0.8579993
Windspeed (knots) [8,9), Membership Value =0.78919330,0.7891933
Windspeed (knots) [9,10), Membership Value =0.70626895,0.70626897
Windspeed (knots) [10,11), Membership Value =0.61206291,0.61206293
Windspeed (knots) [11,12), Membership Value =0.50791684,0.50791687
Windspeed (knots) [12,13), Membership Value =0.39947380,0.3994738
Windspeed (knots) [13,14), Membership Value =0.29446937,0.29446936
Windspeed (knots) [14,15), Membership Value =0.19709812,0.19709812
Windspeed (knots) [15,16), Membership Value =0.11167400,0.111674
Windspeed (knots) [16,17), Membership Value =0.03908221,0.03908221
Windspeed (knots) [17,18), Membership Value =0.00000000,0.0
Windspeed (knots) [18,19), Membership Value =0.00000000,0.0
Windspeed (knots) [19,20), Membership Value =0.00000000,0.0
Windspeed (knots) [20,21), Membership Value =0.00000000,0.0
Windspeed (knots) [21,22), Membership Value =0.00000000,0.0
Windspeed (knots) [22,23), Membership Value =0.00000000,0.0
Windspeed (knots) [23,24), Membership Value =0.00000000,0.0
Windspeed (knots) [24,25), Membership Value =0.00000000,0.0
Windspeed (knots) [25,26), Membership Value =0.00000000,0.0
Windspeed (knots) [26,27), Membership Value =0.00000000,0.0
Windspeed (knots) [27,28), Membership Value =0.00000000,0.0
Windspeed (knots) [28,29), Membership Value =0.00000000,0.0
Windspeed (knots) [29,30), Membership Value =0.00000000,0.0
Windspeed (knots) [30,31), Membership Value =0.00000000,0.0
Windspeed (knots) [31,32), Membership Value =0.00000000,0.0
Windspeed (knots) [32,33), Membership Value =0.00000000,0.0
Windspeed (knots) [33,34), Membership Value =0.00000000,0.0
Windspeed (knots) [34,35), Membership Value =0.00000000,0.0
Windspeed (knots) [35,36), Membership Value =0.00000000,0.0
Windspeed (knots) [36,37), Membership Value =0.00000000,0.0
Windspeed (knots) [37,38), Membership Value =0.00000000,0.0
Windspeed (knots) [38,39), Membership Value =0.00000000,0.0
Windspeed (knots) [39,40), Membership Value =0.00000000,0.0
Windspeed (knots) [40,41), Membership Value =0.00000000,0.0
Windspeed (knots) [41,42), Membership Value =0.00000000,0.0
Windspeed (knots) [42,43), Membership Value =0.00000000,0.0
Windspeed (knots) [43,44), Membership Value =0.00000000,0.0
Windspeed (knots) [44,45), Membership Value =0.00000000,0.0
Windspeed (knots) [45,46), Membership Value =0.00000000,0.0
Windspeed (knots) [46,47), Membership Value =0.00000000,0.0
Windspeed (knots) [47,48), Membership Value =0.00000000,0.0
Windspeed (knots) [48,49), Membership Value =0.00000000,0.0
Windspeed (knots) [49,50), Membership Value =0.00000000,0.0
Windspeed (knots) [50,51), Membership Value =0.00000000,0.0
Windspeed (knots) [51,52), Membership Value =0.00000000,0.0
Windspeed (knots) [52,53), Membership Value =0.00000000,0.0
Windspeed (knots) [53,54), Membership Value =0.00000000,0.0
Windspeed (knots) [54,55), Membership Value =0.00000000,0.0
Windspeed (knots) [55,56), Membership Value =0.00000000,0.0
Windspeed (knots) [56,57), Membership Value =0.00000000,0.0
Windspeed (knots) [57,58), Membership Value =0.00000000,0.0
Windspeed (knots) [58,59), Membership Value =0.00000000,0.0
Windspeed (knots) [59,60), Membership Value =0.00000000,0.0
Windspeed (knots) [60,61), Membership Value =0.00000000,0.0
Windspeed (knots) [61,62), Membership Value =0.00000000,0.0
Windspeed (knots) [62,63), Membership Value =0.00000000,0.0
Windspeed (knots) [63,64), Membership Value =0.00000000,0.0
Windspeed (knots) [64,65), Membership Value =0.00000000,0.0
Windspeed (knots) [65,66), Membership Value =0.00000000,0.0
Windspeed (knots) [66,67), Membership Value =0.00000000,0.0
Windspeed (knots) [67,68), Membership Value =0.00000000,0.0
Windspeed (knots) [68,69), Membership Value =0.00000000,0.0
Windspeed (knots) [69,70), Membership Value =0.00000000,0.0
Windspeed (knots) [70,71), Membership Value =0.00000000,0.0
Windspeed (knots) [71,72), Membership Value =0.00000000,0.0
Windspeed (knots) [72,73), Membership Value =0.00000000,0.0
Windspeed (knots) [73,74), Membership Value =0.00000000,0.0
Windspeed (knots) [74,75), Membership Value =0.00000000,0.0
Windspeed (knots) [75,76), Membership Value =0.00000000,0.0
Windspeed (knots) [76,77), Membership Value =0.00000000,0.0
Windspeed (knots) [77,78), Membership Value =0.00000000,0.0
Windspeed (knots) [78,79), Membership Value =0.00000000,0.0
Windspeed (knots) [79,80), Membership Value =0.00000000,0.0
Windspeed (knots) [80,81), Membership Value =0.00000000,0.0
Windspeed (knots) [81,82), Membership Value =0.00000000,0.0
Windspeed (knots) [82,83), Membership Value =0.00000000,0.0
Windspeed (knots) [83,84), Membership Value =0.00000000,0.0
Windspeed (knots) [84,85), Membership Value =0.00000000,0.0
Windspeed (knots) [85,86), Membership Value =0.00000000,0.0
Windspeed (knots) [86,87), Membership Value =0.00000000,0.0
Windspeed (knots) [87,88), Membership Value =0.00000000,0.0
Windspeed (knots) [88,89), Membership Value =0.00000000,0.0
Windspeed (knots) [89,90), Membership Value =0.00000000,0.0
Windspeed (knots) [90,91), Membership Value =0.00000000,0.0
Windspeed (knots) [91,92), Membership Value =0.00000000,0.0
Windspeed (knots) [92,93), Membership Value =0.00000000,0.0
Windspeed (knots) [93,94), Membership Value =0.00000000,0.0
Windspeed (knots) [94,95), Membership Value =0.00000000,0.0
Windspeed (knots) [95,96), Membership Value =0.00000000,0.0
Windspeed (knots) [96,97), Membership Value =0.00000000,0.0
Windspeed (knots) [97,98), Membership Value =0.00000000,0.0
Windspeed (knots) [98,99), Membership Value =0.00000000,0.0
Windspeed (knots) [99,100), Membership Value =0.00000000,0.0
Windspeed (knots) [100,101), Membership Value =0.00000000,0.0
Windspeed (knots) [101,102), Membership Value =0.00000000,0.0
Windspeed (knots) [102,103), Membership Value =0.00000000,0.0
Windspeed (knots) [103,104), Membership Value =0.00000000,0.0
Windspeed (knots) [104,105), Membership Value =0.00000000,0.0
Windspeed (knots) [105,106), Membership Value =0.00000000,0.0
Windspeed (knots) [106,107), Membership Value =0.00000000,0.0
Windspeed (knots) [107,108), Membership Value =0.00000000,0.0
Windspeed (knots) [108,109), Membership Value =0.00000000,0.0
Windspeed (knots) [109,110), Membership Value =0.00000000,0.0
Windspeed (knots) [110,111), Membership Value =0.00000000,0.0
Windspeed (knots) [111,112), Membership Value =0.00000000,0.0
Windspeed (knots) [112,113), Membership Value =0.00000000,0.0
Windspeed (knots) [113,114), Membership Value =0.00000000,0.0
Windspeed (knots) [114,115), Membership Value =0.00000000,0.0
Windspeed (knots) [115,116), Membership Value =0.00000000,0.0
Windspeed (knots) [116,117), Membership Value =0.00000000,0.0
Windspeed (knots) [117,118), Membership Value =0.00000000,0.0
Windspeed (knots) [118,119), Membership Value =0.00000000,0.0
Windspeed (knots) [119,120), Membership Value =0.00000000,0.0
Windspeed (knots) [120,121), Membership Value =0.00000000,0.0
Windspeed (knots) [121,122), Membership Value =0.00000000,0.0
Windspeed (knots) [122,123), Membership Value =0.00000000,0.0
Windspeed (knots) [123,124), Membership Value =0.00000000,0.0
Windspeed (knots) [124,125), Membership Value =0.00000000,0.0
LowestWindspeedThatIsWindyKnots for station KMCO is 7 knots.
Transition limited :false
bUseWeatherPrediction:false
The running average is 1
The y-int is 7
Energy harvested: 3998240.2980432054
iGeneratingEnergyWhenGridNeedsEnergyMinutes =682738
iGeneratingEnergyWhenGridNeedsEnergyMinutes =682738
iUsingEnergyWhenGridNeedsEnergyMinutes =106850
iGeneratingEnergyWhenGridHasExcessEnergyMinutes = 1133
iUsingEnergyWhenGridHasExcessEnergyMinutes = 127
iIdleWhenGridDoesNotNeedEnergyMinutes = 44820
iIdleWhenGridNeedsEnergyMinutes = 3898811
iEnergyPriceIsZeroMinutes = 240
harvester.getEnergyHarvestedAVAILABLEKilowattHours( ): 1.0062656633333333E7
harvester.getEnergyHarvestedKilowattHours(): 3998240.2980432054
The y-int is 17
Energy harvested: 731098.65
iGeneratingEnergyWhenGridNeedsEnergyMinutes =25488
iGeneratingEnergyWhenGridNeedsEnergyMinutes =25488
iUsingEnergyWhenGridNeedsEnergyMinutes =1
iGeneratingEnergyWhenGridHasExcessEnergyMinutes = 157
iUsingEnergyWhenGridHasExcessEnergyMinutes = 0
iIdleWhenGridDoesNotNeedEnergyMinutes = 45923
iIdleWhenGridNeedsEnergyMinutes = 4662910
iEnergyPriceIsZeroMinutes = 240
harvester.getEnergyHarvestedAVAILABLEKilowattHours( ): 1.0062656633333333E7
harvester.getEnergyHarvestedKilowattHours(): 731098.65
The y-int is 27
Energy harvested: 23568.8
iGeneratingEnergyWhenGridNeedsEnergyMinutes =478
iGeneratingEnergyWhenGridNeedsEnergyMinutes =478
iUsingEnergyWhenGridNeedsEnergyMinutes =1
iGeneratingEnergyWhenGridHasExcessEnergyMinutes = 0
iUsingEnergyWhenGridHasExcessEnergyMinutes = 0
iIdleWhenGridDoesNotNeedEnergyMinutes = 46080
iIdleWhenGridNeedsEnergyMinutes = 4687920
iEnergyPriceIsZeroMinutes = 240
harvester.getEnergyHarvestedAVAILABLEKilowattHours( ): 1.0062656633333333E7
harvester.getEnergyHarvestedKilowattHours(): 23568.8
The y-int is 37
Energy harvested: 0.0
iGeneratingEnergyWhenGridNeedsEnergyMinutes =0
iGeneratingEnergyWhenGridNeedsEnergyMinutes =0
iUsingEnergyWhenGridNeedsEnergyMinutes =1
iGeneratingEnergyWhenGridHasExcessEnergyMinutes = 0
iUsingEnergyWhenGridHasExcessEnergyMinutes = 0
iIdleWhenGridDoesNotNeedEnergyMinutes = 46080
iIdleWhenGridNeedsEnergyMinutes = 4688398
iEnergyPriceIsZeroMinutes = 240
harvester.getEnergyHarvestedAVAILABLEKilowattHours( ): 1.0062656633333333E7
harvester.getEnergyHarvestedKilowattHours(): 0.0
The running average is 31
The y-int is 7
Energy harvested: 4207566.587215892
iGeneratingEnergyWhenGridNeedsEnergyMinutes =728447
iGeneratingEnergyWhenGridNeedsEnergyMinutes =728447
iUsingEnergyWhenGridNeedsEnergyMinutes =55248
iGeneratingEnergyWhenGridHasExcessEnergyMinutes = 1171
iUsingEnergyWhenGridHasExcessEnergyMinutes = 60
iIdleWhenGridDoesNotNeedEnergyMinutes = 44849
iIdleWhenGridNeedsEnergyMinutes = 3904704
iEnergyPriceIsZeroMinutes = 240
harvester.getEnergyHarvestedAVAILABLEKilowattHours( ): 1.0062656633333333E7
harvester.getEnergyHarvestedKilowattHours(): 4207566.587215892
The y-int is 17
Energy harvested: 846360.7858333464
iGeneratingEnergyWhenGridNeedsEnergyMinutes =33951
iGeneratingEnergyWhenGridNeedsEnergyMinutes =33951
iUsingEnergyWhenGridNeedsEnergyMinutes =1191
iGeneratingEnergyWhenGridHasExcessEnergyMinutes = 219
iUsingEnergyWhenGridHasExcessEnergyMinutes = 0
iIdleWhenGridDoesNotNeedEnergyMinutes = 45861
iIdleWhenGridNeedsEnergyMinutes = 4653257
iEnergyPriceIsZeroMinutes = 240
harvester.getEnergyHarvestedAVAILABLEKilowattHours( ): 1.0062656633333333E7
harvester.getEnergyHarvestedKilowattHours(): 846360.7858333464
The y-int is 27
Energy harvested: 28215.416666666668
iGeneratingEnergyWhenGridNeedsEnergyMinutes =584
iGeneratingEnergyWhenGridNeedsEnergyMinutes =584
iUsingEnergyWhenGridNeedsEnergyMinutes =1
iGeneratingEnergyWhenGridHasExcessEnergyMinutes = 0
iUsingEnergyWhenGridHasExcessEnergyMinutes = 0
iIdleWhenGridDoesNotNeedEnergyMinutes = 46080
iIdleWhenGridNeedsEnergyMinutes = 4687814
iEnergyPriceIsZeroMinutes = 240
harvester.getEnergyHarvestedAVAILABLEKilowattHours( ): 1.0062656633333333E7
harvester.getEnergyHarvestedKilowattHours(): 28215.416666666668
The y-int is 37
Energy harvested: 0.0
iGeneratingEnergyWhenGridNeedsEnergyMinutes =0
iGeneratingEnergyWhenGridNeedsEnergyMinutes =0
iUsingEnergyWhenGridNeedsEnergyMinutes =1
iGeneratingEnergyWhenGridHasExcessEnergyMinutes = 0
iUsingEnergyWhenGridHasExcessEnergyMinutes = 0
iIdleWhenGridDoesNotNeedEnergyMinutes = 46080
iIdleWhenGridNeedsEnergyMinutes = 4688398
iEnergyPriceIsZeroMinutes = 240
harvester.getEnergyHarvestedAVAILABLEKilowattHours( ): 1.0062656633333333E7
harvester.getEnergyHarvestedKilowattHours(): 0.0
The running average is 61
The y-int is 7
Energy harvested: 4228091.910828167
iGeneratingEnergyWhenGridNeedsEnergyMinutes =725337
iGeneratingEnergyWhenGridNeedsEnergyMinutes =725337
iUsingEnergyWhenGridNeedsEnergyMinutes =44685
iGeneratingEnergyWhenGridHasExcessEnergyMinutes = 1152
iUsingEnergyWhenGridHasExcessEnergyMinutes = 58
iIdleWhenGridDoesNotNeedEnergyMinutes = 44870
iIdleWhenGridNeedsEnergyMinutes = 3918377
iEnergyPriceIsZeroMinutes = 240
harvester.getEnergyHarvestedAVAILABLEKilowattHours( ): 1.0062656633333333E7
harvester.getEnergyHarvestedKilowattHours(): 4228091.910828167
The y-int is 17
Energy harvested: 812602.8066666727
iGeneratingEnergyWhenGridNeedsEnergyMinutes =33194
iGeneratingEnergyWhenGridNeedsEnergyMinutes =33194
iUsingEnergyWhenGridNeedsEnergyMinutes =485
iGeneratingEnergyWhenGridHasExcessEnergyMinutes = 376
iUsingEnergyWhenGridHasExcessEnergyMinutes = 0
iIdleWhenGridDoesNotNeedEnergyMinutes = 45704
iIdleWhenGridNeedsEnergyMinutes = 4654720
iEnergyPriceIsZeroMinutes = 240
harvester.getEnergyHarvestedAVAILABLEKilowattHours( ): 1.0062656633333333E7
harvester.getEnergyHarvestedKilowattHours(): 812602.8066666727
The y-int is 27
Energy harvested: 28843.0
iGeneratingEnergyWhenGridNeedsEnergyMinutes =597
iGeneratingEnergyWhenGridNeedsEnergyMinutes =597
iUsingEnergyWhenGridNeedsEnergyMinutes =1
iGeneratingEnergyWhenGridHasExcessEnergyMinutes = 0
iUsingEnergyWhenGridHasExcessEnergyMinutes = 0
iIdleWhenGridDoesNotNeedEnergyMinutes = 46080
iIdleWhenGridNeedsEnergyMinutes = 4687801
iEnergyPriceIsZeroMinutes = 240
harvester.getEnergyHarvestedAVAILABLEKilowattHours( ): 1.0062656633333333E7
harvester.getEnergyHarvestedKilowattHours(): 28843.0
The y-int is 37
Energy harvested: 0.0
iGeneratingEnergyWhenGridNeedsEnergyMinutes =0
iGeneratingEnergyWhenGridNeedsEnergyMinutes =0
iUsingEnergyWhenGridNeedsEnergyMinutes =1
iGeneratingEnergyWhenGridHasExcessEnergyMinutes = 0
iUsingEnergyWhenGridHasExcessEnergyMinutes = 0
iIdleWhenGridDoesNotNeedEnergyMinutes = 46080
iIdleWhenGridNeedsEnergyMinutes = 4688398
iEnergyPriceIsZeroMinutes = 240
harvester.getEnergyHarvestedAVAILABLEKilowattHours( ): 1.0062656633333333E7
harvester.getEnergyHarvestedKilowattHours(): 0.0
The running average is 91
The y-int is 7
Energy harvested: 4233429.514717633
iGeneratingEnergyWhenGridNeedsEnergyMinutes =718638
iGeneratingEnergyWhenGridNeedsEnergyMinutes =718638
iUsingEnergyWhenGridNeedsEnergyMinutes =40175
iGeneratingEnergyWhenGridHasExcessEnergyMinutes = 1122
iUsingEnergyWhenGridHasExcessEnergyMinutes = 57
iIdleWhenGridDoesNotNeedEnergyMinutes = 44901
iIdleWhenGridNeedsEnergyMinutes = 3929586
iEnergyPriceIsZeroMinutes = 240
harvester.getEnergyHarvestedAVAILABLEKilowattHours( ): 1.0062656633333333E7
harvester.getEnergyHarvestedKilowattHours(): 4233429.514717633
The y-int is 17
Energy harvested: 762510.8783333356
iGeneratingEnergyWhenGridNeedsEnergyMinutes =31510
iGeneratingEnergyWhenGridNeedsEnergyMinutes =31510
iUsingEnergyWhenGridNeedsEnergyMinutes =186
iGeneratingEnergyWhenGridHasExcessEnergyMinutes = 400
iUsingEnergyWhenGridHasExcessEnergyMinutes = 0
iIdleWhenGridDoesNotNeedEnergyMinutes = 45680
iIdleWhenGridNeedsEnergyMinutes = 4656703
iEnergyPriceIsZeroMinutes = 240
harvester.getEnergyHarvestedAVAILABLEKilowattHours( ): 1.0062656633333333E7
harvester.getEnergyHarvestedKilowattHours(): 762510.8783333356
The y-int is 27
Energy harvested: 32700.9
iGeneratingEnergyWhenGridNeedsEnergyMinutes =677
iGeneratingEnergyWhenGridNeedsEnergyMinutes =677
iUsingEnergyWhenGridNeedsEnergyMinutes =1
iGeneratingEnergyWhenGridHasExcessEnergyMinutes = 0
iUsingEnergyWhenGridHasExcessEnergyMinutes = 0
iIdleWhenGridDoesNotNeedEnergyMinutes = 46080
iIdleWhenGridNeedsEnergyMinutes = 4687721
iEnergyPriceIsZeroMinutes = 240
harvester.getEnergyHarvestedAVAILABLEKilowattHours( ): 1.0062656633333333E7
harvester.getEnergyHarvestedKilowattHours(): 32700.9
The y-int is 37
Energy harvested: 0.0
iGeneratingEnergyWhenGridNeedsEnergyMinutes =0
iGeneratingEnergyWhenGridNeedsEnergyMinutes =0
iUsingEnergyWhenGridNeedsEnergyMinutes =1
iGeneratingEnergyWhenGridHasExcessEnergyMinutes = 0
iUsingEnergyWhenGridHasExcessEnergyMinutes = 0
iIdleWhenGridDoesNotNeedEnergyMinutes = 46080
iIdleWhenGridNeedsEnergyMinutes = 4688398
iEnergyPriceIsZeroMinutes = 240
harvester.getEnergyHarvestedAVAILABLEKilowattHours( ): 1.0062656633333333E7
harvester.getEnergyHarvestedKilowattHours(): 0.0
The running average is 121
The y-int is 7
Energy harvested: 4214292.849995691
iGeneratingEnergyWhenGridNeedsEnergyMinutes =709772
iGeneratingEnergyWhenGridNeedsEnergyMinutes =709772
iUsingEnergyWhenGridNeedsEnergyMinutes =38029
iGeneratingEnergyWhenGridHasExcessEnergyMinutes = 1167
iUsingEnergyWhenGridHasExcessEnergyMinutes = 58
iIdleWhenGridDoesNotNeedEnergyMinutes = 44855
iIdleWhenGridNeedsEnergyMinutes = 3940598
iEnergyPriceIsZeroMinutes = 240
harvester.getEnergyHarvestedAVAILABLEKilowattHours( ): 1.0062656633333333E7
harvester.getEnergyHarvestedKilowattHours(): 4214292.849995691
The y-int is 17
Energy harvested: 728303.7272222236
iGeneratingEnergyWhenGridNeedsEnergyMinutes =30536
iGeneratingEnergyWhenGridNeedsEnergyMinutes =30536
iUsingEnergyWhenGridNeedsEnergyMinutes =189
iGeneratingEnergyWhenGridHasExcessEnergyMinutes = 436
iUsingEnergyWhenGridHasExcessEnergyMinutes = 0
iIdleWhenGridDoesNotNeedEnergyMinutes = 45644
iIdleWhenGridNeedsEnergyMinutes = 4657674
iEnergyPriceIsZeroMinutes = 240
harvester.getEnergyHarvestedAVAILABLEKilowattHours( ): 1.0062656633333333E7
harvester.getEnergyHarvestedKilowattHours(): 728303.7272222236
The y-int is 27
Energy harvested: 33148.433333333334
iGeneratingEnergyWhenGridNeedsEnergyMinutes =690
iGeneratingEnergyWhenGridNeedsEnergyMinutes =690
iUsingEnergyWhenGridNeedsEnergyMinutes =1
iGeneratingEnergyWhenGridHasExcessEnergyMinutes = 0
iUsingEnergyWhenGridHasExcessEnergyMinutes = 0
iIdleWhenGridDoesNotNeedEnergyMinutes = 46080
iIdleWhenGridNeedsEnergyMinutes = 4687708
iEnergyPriceIsZeroMinutes = 240
harvester.getEnergyHarvestedAVAILABLEKilowattHours( ): 1.0062656633333333E7
harvester.getEnergyHarvestedKilowattHours(): 33148.433333333334
The y-int is 37
Energy harvested: 0.0
iGeneratingEnergyWhenGridNeedsEnergyMinutes =0
iGeneratingEnergyWhenGridNeedsEnergyMinutes =0
iUsingEnergyWhenGridNeedsEnergyMinutes =1
iGeneratingEnergyWhenGridHasExcessEnergyMinutes = 0
iUsingEnergyWhenGridHasExcessEnergyMinutes = 0
iIdleWhenGridDoesNotNeedEnergyMinutes = 46080
iIdleWhenGridNeedsEnergyMinutes = 4688398
iEnergyPriceIsZeroMinutes = 240
harvester.getEnergyHarvestedAVAILABLEKilowattHours( ): 1.0062656633333333E7
harvester.getEnergyHarvestedKilowattHours(): 0.0
Beginning testing mode:
station,&,y_intercept_for_month_1,&,running_average_size_minutes_for_month_1,&,y_intercept_for_month_2,&,running_average_size_minutes_for_month_2,&,y_intercept_for_month_3,&,running_average_size_minutes_for_month_3,&,y_intercept_for_month_4,&,running_average_size_minutes_for_month_4,&,y_intercept_for_month_5,&,running_average_size_minutes_for_month_5,&,y_intercept_for_month_6,&,running_average_size_minutes_for_month_6,&,y_intercept_for_month_7,&,running_average_size_minutes_for_month_7,&,y_intercept_for_month_8,&,running_average_size_minutes_for_month_8,&,y_intercept_for_month_9,&,running_average_size_minutes_for_month_9,&,y_intercept_for_month_10,&,running_average_size_minutes_for_month_10,&,y_intercept_for_month_11,&,running_average_size_minutes_for_month_11,&,y_intercept_for_month_12,&,running_average_size_minutes_for_month_12,&,dNetNorm,&,dMarketBalancePercentage,&,dMarketNetNorm,
results: KMCO,&,7,&,91,&,7,&,91,&,7,&,91,&,7,&,91,&,7,&,91,&,7,&,91,&,7,&,91,&,7,&,91,&,7,&,91,&,7,&,91,&,7,&,91,&,7,&,91,&,0.45065319791275155,&,0.9215160870662705,&,0.4152841715644604
monthly visible minutes:KMCO,&,2013,&,8661,&,8672,&,8672,&,8672,&,8672,&,8654,&,8672,&,8672,&,8672,&,8672,&,8672,&,8672,&,
monthly visible minutes:KMCO,&,2014,&,8672,&,8672,&,8672,&,8672,&,8672,&,8672,&,8672,&,8672,&,8672,&,8672,&,8672,&,8672,&,
monthly minutes harvester between states:KMCO,&,2013,&,701,&,722,&,798,&,570,&,988,&,1026,&,874,&,1076,&,831,&,807,&,608,&,912,&,
monthly minutes harvester between states:KMCO,&,2014,&,608,&,988,&,950,&,608,&,646,&,1140,&,1239,&,1064,&,1064,&,836,&,684,&,798,&,
station,&,y_intercept_for_month_1,&,running_average_size_minutes_for_month_1,&,y_intercept_for_month_2,&,running_average_size_minutes_for_month_2,&,y_intercept_for_month_3,&,running_average_size_minutes_for_month_3,&,y_intercept_for_month_4,&,running_average_size_minutes_for_month_4,&,y_intercept_for_month_5,&,running_average_size_minutes_for_month_5,&,y_intercept_for_month_6,&,running_average_size_minutes_for_month_6,&,y_intercept_for_month_7,&,running_average_size_minutes_for_month_7,&,y_intercept_for_month_8,&,running_average_size_minutes_for_month_8,&,y_intercept_for_month_9,&,running_average_size_minutes_for_month_9,&,y_intercept_for_month_10,&,running_average_size_minutes_for_month_10,&,y_intercept_for_month_11,&,running_average_size_minutes_for_month_11,&,y_intercept_for_month_12,&,running_average_size_minutes_for_month_12,&,dNetNorm,&,dMarketBalancePercentage,&,dMarketNetNorm,
results: KMCO,&,7,&,91,&,7,&,91,&,7,&,91,&,7,&,91,&,7,&,91,&,7,&,91,&,7,&,91,&,7,&,91,&,7,&,91,&,7,&,91,&,7,&,91,&,7,&,91,&,0.45065319791275155,&,0.9215096147000382,&,0.41528125477191974
monthly visible minutes:KMCO,&,2013,&,8661,&,8672,&,8672,&,8672,&,8672,&,8654,&,8672,&,8672,&,8672,&,8672,&,8672,&,8672,&,
monthly visible minutes:KMCO,&,2014,&,8672,&,8672,&,8672,&,8672,&,8672,&,8672,&,8672,&,8672,&,8672,&,8672,&,8672,&,8672,&,
monthly minutes harvester between states:KMCO,&,2013,&,701,&,722,&,798,&,570,&,988,&,1026,&,874,&,1076,&,831,&,807,&,608,&,912,&,
monthly minutes harvester between states:KMCO,&,2014,&,608,&,988,&,950,&,608,&,646,&,1140,&,1239,&,1064,&,1064,&,836,&,684,&,798,&,
Station: KMSP
abc: The current path is /home/guy/retractable-wind
I have found the property file.
The training windspeed filename is /trainingKMSP2004-2012in.csv
The testing windspeed filename is /testingKMSP2013-2014in.csv
Yes, the station is KMSP
Warning: The bAlsoUsePrediction no longer has any effect
iUsedAllItsAllocatedVisibilityMinutesPerMonth: 8760
Visibility Allocation Minutes:8760
HARVESTER_SIZE_SQM is 6362
Reading file
Success: /Wind turbine power curves - wind turbine power output against wind speed in knots.csv found.
Speed (Knots) = Speed(knots) vs power (kW) , Power (kW) =V90
Speed (Knots) = 0 , Power (kW) =0
Speed (Knots) = 1 , Power (kW) =0
Speed (Knots) = 2 , Power (kW) =0
Speed (Knots) = 3 , Power (kW) =0
Speed (Knots) = 4 , Power (kW) =0
Speed (Knots) = 5 , Power (kW) =0
Speed (Knots) = 6 , Power (kW) =0
Speed (Knots) = 7 , Power (kW) =38
Speed (Knots) = 8 , Power (kW) =87
Speed (Knots) = 9 , Power (kW) =141
Speed (Knots) = 10 , Power (kW) =207
Speed (Knots) = 11 , Power (kW) =286
Speed (Knots) = 12 , Power (kW) =382
Speed (Knots) = 13 , Power (kW) =496
Speed (Knots) = 14 , Power (kW) =628
Speed (Knots) = 15 , Power (kW) =781
Speed (Knots) = 16 , Power (kW) =957
Speed (Knots) = 17 , Power (kW) =1153
Speed (Knots) = 18 , Power (kW) =1366
Speed (Knots) = 19 , Power (kW) =1589
Speed (Knots) = 20 , Power (kW) =1814
Speed (Knots) = 21 , Power (kW) =2035
Speed (Knots) = 22 , Power (kW) =2250
Speed (Knots) = 23 , Power (kW) =2452
Speed (Knots) = 24 , Power (kW) =2634
Speed (Knots) = 25 , Power (kW) =2784
Speed (Knots) = 26 , Power (kW) =2888
Speed (Knots) = 27 , Power (kW) =2949
Speed (Knots) = 28 , Power (kW) =2980
Speed (Knots) = 29 , Power (kW) =2993
Speed (Knots) = 30 , Power (kW) =3000
Speed (Knots) = 31 , Power (kW) =3000
Speed (Knots) = 32 , Power (kW) =3000
Speed (Knots) = 33 , Power (kW) =3000
Speed (Knots) = 34 , Power (kW) =3000
Speed (Knots) = 35 , Power (kW) =3000
Speed (Knots) = 36 , Power (kW) =3000
Speed (Knots) = 37 , Power (kW) =3000
Speed (Knots) = 38 , Power (kW) =3000
Speed (Knots) = 39 , Power (kW) =3000
Speed (Knots) = 40 , Power (kW) =3000
Speed (Knots) = 41 , Power (kW) =3000
Speed (Knots) = 42 , Power (kW) =3000
Speed (Knots) = 43 , Power (kW) =3000
Speed (Knots) = 44 , Power (kW) =3000
Speed (Knots) = 45 , Power (kW) =3000
Speed (Knots) = 46 , Power (kW) =3000
Speed (Knots) = 47 , Power (kW) =3000
Speed (Knots) = 48 , Power (kW) =3000
Speed (Knots) = 49 , Power (kW) =0
Speed (Knots) = 50 , Power (kW) =0
Speed (Knots) = 51 , Power (kW) =0
Speed (Knots) = 52 , Power (kW) =0
Speed (Knots) = 53 , Power (kW) =0
Speed (Knots) = 54 , Power (kW) =0
Speed (Knots) = 55 , Power (kW) =0
Speed (Knots) = 56 , Power (kW) =0
Speed (Knots) = 57 , Power (kW) =0
Speed (Knots) = 58 , Power (kW) =0
Speed (Knots) = 59 , Power (kW) =0
Speed (Knots) = 60 , Power (kW) =0
The scale is 1.0
Wind power at 10 knots in kilowatts is 207.0
Wind power in-cut-out test 0.0
Class name:edu.pitt.cs.people.guy.wind.benchmarks.Static
Success: /Noise_Allowed_Time_Definitions_All_Stations.csv found.
The station is the record is KMSP
Success: /Noise_Allowed_Time_Definitions_All_Stations.csv found.
The station is the record is KMSP
I have found the membership file for NOT WINDY.
Windspeed (knots) [0,1), Membership Value =1.00000000,1.0
Windspeed (knots) [1,2), Membership Value =0.99996261,0.9999626
Windspeed (knots) [2,3), Membership Value =0.99943432,0.9994343
Windspeed (knots) [3,4), Membership Value =0.99690141,0.9969014
Windspeed (knots) [4,5), Membership Value =0.98964388,0.9896439
Windspeed (knots) [5,6), Membership Value =0.97415422,0.97415423
Windspeed (knots) [6,7), Membership Value =0.94700907,0.9470091
Windspeed (knots) [7,8), Membership Value =0.90469875,0.9046987
Windspeed (knots) [8,9), Membership Value =0.84617782,0.8461778
Windspeed (knots) [9,10), Membership Value =0.77179805,0.7717981
Windspeed (knots) [10,11), Membership Value =0.68340598,0.683406
Windspeed (knots) [11,12), Membership Value =0.58175701,0.581757
Windspeed (knots) [12,13), Membership Value =0.47518733,0.47518733
Windspeed (knots) [13,14), Membership Value =0.37199182,0.3719918
Windspeed (knots) [14,15), Membership Value =0.27014333,0.27014333
Windspeed (knots) [15,16), Membership Value =0.17485441,0.17485441
Windspeed (knots) [16,17), Membership Value =0.08835086,0.08835086
Windspeed (knots) [17,18), Membership Value =0.01405258,0.01405258
Windspeed (knots) [18,19), Membership Value =0.00000000,0.0
Windspeed (knots) [19,20), Membership Value =0.00000000,0.0
Windspeed (knots) [20,21), Membership Value =0.00000000,0.0
Windspeed (knots) [21,22), Membership Value =0.00000000,0.0
Windspeed (knots) [22,23), Membership Value =0.00000000,0.0
Windspeed (knots) [23,24), Membership Value =0.00000000,0.0
Windspeed (knots) [24,25), Membership Value =0.00000000,0.0
Windspeed (knots) [25,26), Membership Value =0.00000000,0.0
Windspeed (knots) [26,27), Membership Value =0.00000000,0.0
Windspeed (knots) [27,28), Membership Value =0.00000000,0.0
Windspeed (knots) [28,29), Membership Value =0.00000000,0.0
Windspeed (knots) [29,30), Membership Value =0.00000000,0.0
Windspeed (knots) [30,31), Membership Value =0.00000000,0.0
Windspeed (knots) [31,32), Membership Value =0.00000000,0.0
Windspeed (knots) [32,33), Membership Value =0.00000000,0.0
Windspeed (knots) [33,34), Membership Value =0.00000000,0.0
Windspeed (knots) [34,35), Membership Value =0.00000000,0.0
Windspeed (knots) [35,36), Membership Value =0.00000000,0.0
Windspeed (knots) [36,37), Membership Value =0.00000000,0.0
Windspeed (knots) [37,38), Membership Value =0.00000000,0.0
Windspeed (knots) [38,39), Membership Value =0.00000000,0.0
Windspeed (knots) [39,40), Membership Value =0.00000000,0.0
Windspeed (knots) [40,41), Membership Value =0.00000000,0.0
Windspeed (knots) [41,42), Membership Value =0.00000000,0.0
Windspeed (knots) [42,43), Membership Value =0.00000000,0.0
Windspeed (knots) [43,44), Membership Value =0.00000000,0.0
Windspeed (knots) [44,45), Membership Value =0.00000000,0.0
Windspeed (knots) [45,46), Membership Value =0.00000000,0.0
Windspeed (knots) [46,47), Membership Value =0.00000000,0.0
Windspeed (knots) [47,48), Membership Value =0.00000000,0.0
Windspeed (knots) [48,49), Membership Value =0.00000000,0.0
Windspeed (knots) [49,50), Membership Value =0.00000000,0.0
Windspeed (knots) [50,51), Membership Value =0.00000000,0.0
Windspeed (knots) [51,52), Membership Value =0.00000000,0.0
Windspeed (knots) [52,53), Membership Value =0.00000000,0.0
Windspeed (knots) [53,54), Membership Value =0.00000000,0.0
Windspeed (knots) [54,55), Membership Value =0.00000000,0.0
Windspeed (knots) [55,56), Membership Value =0.00000000,0.0
Windspeed (knots) [56,57), Membership Value =0.00000000,0.0
Windspeed (knots) [57,58), Membership Value =0.00000000,0.0
Windspeed (knots) [58,59), Membership Value =0.00000000,0.0
Windspeed (knots) [59,60), Membership Value =0.00000000,0.0
Windspeed (knots) [60,61), Membership Value =0.00000000,0.0
Windspeed (knots) [61,62), Membership Value =0.00000000,0.0
Windspeed (knots) [62,63), Membership Value =0.00000000,0.0
Windspeed (knots) [63,64), Membership Value =0.00000000,0.0
Windspeed (knots) [64,65), Membership Value =0.00000000,0.0
Windspeed (knots) [65,66), Membership Value =0.00000000,0.0
Windspeed (knots) [66,67), Membership Value =0.00000000,0.0
Windspeed (knots) [67,68), Membership Value =0.00000000,0.0
Windspeed (knots) [68,69), Membership Value =0.00000000,0.0
Windspeed (knots) [69,70), Membership Value =0.00000000,0.0
Windspeed (knots) [70,71), Membership Value =0.00000000,0.0
Windspeed (knots) [71,72), Membership Value =0.00000000,0.0
Windspeed (knots) [72,73), Membership Value =0.00000000,0.0
Windspeed (knots) [73,74), Membership Value =0.00000000,0.0
Windspeed (knots) [74,75), Membership Value =0.00000000,0.0
Windspeed (knots) [75,76), Membership Value =0.00000000,0.0
Windspeed (knots) [76,77), Membership Value =0.00000000,0.0
Windspeed (knots) [77,78), Membership Value =0.00000000,0.0
Windspeed (knots) [78,79), Membership Value =0.00000000,0.0
Windspeed (knots) [79,80), Membership Value =0.00000000,0.0
Windspeed (knots) [80,81), Membership Value =0.00000000,0.0
Windspeed (knots) [81,82), Membership Value =0.00000000,0.0
Windspeed (knots) [82,83), Membership Value =0.00000000,0.0
Windspeed (knots) [83,84), Membership Value =0.00000000,0.0
Windspeed (knots) [84,85), Membership Value =0.00000000,0.0
Windspeed (knots) [85,86), Membership Value =0.00000000,0.0
Windspeed (knots) [86,87), Membership Value =0.00000000,0.0
Windspeed (knots) [87,88), Membership Value =0.00000000,0.0
Windspeed (knots) [88,89), Membership Value =0.00000000,0.0
Windspeed (knots) [89,90), Membership Value =0.00000000,0.0
Windspeed (knots) [90,91), Membership Value =0.00000000,0.0
Windspeed (knots) [91,92), Membership Value =0.00000000,0.0
Windspeed (knots) [92,93), Membership Value =0.00000000,0.0
Windspeed (knots) [93,94), Membership Value =0.00000000,0.0
Windspeed (knots) [94,95), Membership Value =0.00000000,0.0
Windspeed (knots) [95,96), Membership Value =0.00000000,0.0
Windspeed (knots) [96,97), Membership Value =0.00000000,0.0
Windspeed (knots) [97,98), Membership Value =0.00000000,0.0
Windspeed (knots) [98,99), Membership Value =0.00000000,0.0
Windspeed (knots) [99,100), Membership Value =0.00000000,0.0
Windspeed (knots) [100,101), Membership Value =0.00000000,0.0
Windspeed (knots) [101,102), Membership Value =0.00000000,0.0
Windspeed (knots) [102,103), Membership Value =0.00000000,0.0
Windspeed (knots) [103,104), Membership Value =0.00000000,0.0
Windspeed (knots) [104,105), Membership Value =0.00000000,0.0
Windspeed (knots) [105,106), Membership Value =0.00000000,0.0
Windspeed (knots) [106,107), Membership Value =0.00000000,0.0
Windspeed (knots) [107,108), Membership Value =0.00000000,0.0
Windspeed (knots) [108,109), Membership Value =0.00000000,0.0
Windspeed (knots) [109,110), Membership Value =0.00000000,0.0
Windspeed (knots) [110,111), Membership Value =0.00000000,0.0
Windspeed (knots) [111,112), Membership Value =0.00000000,0.0
Windspeed (knots) [112,113), Membership Value =0.00000000,0.0
Windspeed (knots) [113,114), Membership Value =0.00000000,0.0
Windspeed (knots) [114,115), Membership Value =0.00000000,0.0
Windspeed (knots) [115,116), Membership Value =0.00000000,0.0
Windspeed (knots) [116,117), Membership Value =0.00000000,0.0
Windspeed (knots) [117,118), Membership Value =0.00000000,0.0
Windspeed (knots) [118,119), Membership Value =0.00000000,0.0
Windspeed (knots) [119,120), Membership Value =0.00000000,0.0
Windspeed (knots) [120,121), Membership Value =0.00000000,0.0
Windspeed (knots) [121,122), Membership Value =0.00000000,0.0
Windspeed (knots) [122,123), Membership Value =0.00000000,0.0
Windspeed (knots) [123,124), Membership Value =0.00000000,0.0
Windspeed (knots) [124,125), Membership Value =0.00000000,0.0
LowestWindspeedThatIsWindyKnots for station KMSP is 8 knots.
Transition limited :false
bUseWeatherPrediction:false
The running average is 1
The y-int is 8
Energy harvested: 5379979.914717232
iGeneratingEnergyWhenGridNeedsEnergyMinutes =671792
iGeneratingEnergyWhenGridNeedsEnergyMinutes =671792
iUsingEnergyWhenGridNeedsEnergyMinutes =96791
iGeneratingEnergyWhenGridHasExcessEnergyMinutes = 868
iUsingEnergyWhenGridHasExcessEnergyMinutes = 86
iIdleWhenGridDoesNotNeedEnergyMinutes = 45126
iIdleWhenGridNeedsEnergyMinutes = 3918643
iEnergyPriceIsZeroMinutes = 240
harvester.getEnergyHarvestedAVAILABLEKilowattHours( ): 1.5343929966666667E7
harvester.getEnergyHarvestedKilowattHours(): 5379979.914717232
The y-int is 18
Energy harvested: 802726.8333333334
iGeneratingEnergyWhenGridNeedsEnergyMinutes =25270
iGeneratingEnergyWhenGridNeedsEnergyMinutes =25270
iUsingEnergyWhenGridNeedsEnergyMinutes =1
iGeneratingEnergyWhenGridHasExcessEnergyMinutes = 0
iUsingEnergyWhenGridHasExcessEnergyMinutes = 0
iIdleWhenGridDoesNotNeedEnergyMinutes = 46080
iIdleWhenGridNeedsEnergyMinutes = 4661955
iEnergyPriceIsZeroMinutes = 240
harvester.getEnergyHarvestedAVAILABLEKilowattHours( ): 1.5343929966666667E7
harvester.getEnergyHarvestedKilowattHours(): 802726.8333333334
The y-int is 28
Energy harvested: 0.0
iGeneratingEnergyWhenGridNeedsEnergyMinutes =0
iGeneratingEnergyWhenGridNeedsEnergyMinutes =0
iUsingEnergyWhenGridNeedsEnergyMinutes =1
iGeneratingEnergyWhenGridHasExcessEnergyMinutes = 0
iUsingEnergyWhenGridHasExcessEnergyMinutes = 0
iIdleWhenGridDoesNotNeedEnergyMinutes = 46080
iIdleWhenGridNeedsEnergyMinutes = 4687225
iEnergyPriceIsZeroMinutes = 240
harvester.getEnergyHarvestedAVAILABLEKilowattHours( ): 1.5343929966666667E7
harvester.getEnergyHarvestedKilowattHours(): 0.0
The y-int is 38
Energy harvested: 0.0
iGeneratingEnergyWhenGridNeedsEnergyMinutes =0
iGeneratingEnergyWhenGridNeedsEnergyMinutes =0
iUsingEnergyWhenGridNeedsEnergyMinutes =0
iGeneratingEnergyWhenGridHasExcessEnergyMinutes = 0
iUsingEnergyWhenGridHasExcessEnergyMinutes = 0
iIdleWhenGridDoesNotNeedEnergyMinutes = 46080
iIdleWhenGridNeedsEnergyMinutes = 4687226
iEnergyPriceIsZeroMinutes = 240
harvester.getEnergyHarvestedAVAILABLEKilowattHours( ): 1.5343929966666667E7
harvester.getEnergyHarvestedKilowattHours(): 0.0
The running average is 31
The y-int is 8
Energy harvested: 5553706.728609038
iGeneratingEnergyWhenGridNeedsEnergyMinutes =715828
iGeneratingEnergyWhenGridNeedsEnergyMinutes =715828
iUsingEnergyWhenGridNeedsEnergyMinutes =45233
iGeneratingEnergyWhenGridHasExcessEnergyMinutes = 939
iUsingEnergyWhenGridHasExcessEnergyMinutes = 26
iIdleWhenGridDoesNotNeedEnergyMinutes = 45115
iIdleWhenGridNeedsEnergyMinutes = 3926165
iEnergyPriceIsZeroMinutes = 240
harvester.getEnergyHarvestedAVAILABLEKilowattHours( ): 1.5343929966666667E7
harvester.getEnergyHarvestedKilowattHours(): 5553706.728609038
The y-int is 18
Energy harvested: 1001468.9800000052
iGeneratingEnergyWhenGridNeedsEnergyMinutes =35908
iGeneratingEnergyWhenGridNeedsEnergyMinutes =35908
iUsingEnergyWhenGridNeedsEnergyMinutes =413
iGeneratingEnergyWhenGridHasExcessEnergyMinutes = 0
iUsingEnergyWhenGridHasExcessEnergyMinutes = 0
iIdleWhenGridDoesNotNeedEnergyMinutes = 46080
iIdleWhenGridNeedsEnergyMinutes = 4650905
iEnergyPriceIsZeroMinutes = 240
harvester.getEnergyHarvestedAVAILABLEKilowattHours( ): 1.5343929966666667E7
harvester.getEnergyHarvestedKilowattHours(): 1001468.9800000052
The y-int is 28
Energy harvested: 0.0
iGeneratingEnergyWhenGridNeedsEnergyMinutes =0
iGeneratingEnergyWhenGridNeedsEnergyMinutes =0
iUsingEnergyWhenGridNeedsEnergyMinutes =1
iGeneratingEnergyWhenGridHasExcessEnergyMinutes = 0
iUsingEnergyWhenGridHasExcessEnergyMinutes = 0
iIdleWhenGridDoesNotNeedEnergyMinutes = 46080
iIdleWhenGridNeedsEnergyMinutes = 4687225
iEnergyPriceIsZeroMinutes = 240
harvester.getEnergyHarvestedAVAILABLEKilowattHours( ): 1.5343929966666667E7
harvester.getEnergyHarvestedKilowattHours(): 0.0
The y-int is 38
Energy harvested: 0.0
iGeneratingEnergyWhenGridNeedsEnergyMinutes =0
iGeneratingEnergyWhenGridNeedsEnergyMinutes =0
iUsingEnergyWhenGridNeedsEnergyMinutes =0
iGeneratingEnergyWhenGridHasExcessEnergyMinutes = 0
iUsingEnergyWhenGridHasExcessEnergyMinutes = 0
iIdleWhenGridDoesNotNeedEnergyMinutes = 46080
iIdleWhenGridNeedsEnergyMinutes = 4687226
iEnergyPriceIsZeroMinutes = 240
harvester.getEnergyHarvestedAVAILABLEKilowattHours( ): 1.5343929966666667E7
harvester.getEnergyHarvestedKilowattHours(): 0.0
The running average is 61
The y-int is 8
Energy harvested: 5558773.92805385
iGeneratingEnergyWhenGridNeedsEnergyMinutes =711255
iGeneratingEnergyWhenGridNeedsEnergyMinutes =711255
iUsingEnergyWhenGridNeedsEnergyMinutes =37283
iGeneratingEnergyWhenGridHasExcessEnergyMinutes = 878
iUsingEnergyWhenGridHasExcessEnergyMinutes = 39
iIdleWhenGridDoesNotNeedEnergyMinutes = 45163
iIdleWhenGridNeedsEnergyMinutes = 3938688
iEnergyPriceIsZeroMinutes = 240
harvester.getEnergyHarvestedAVAILABLEKilowattHours( ): 1.5343929966666667E7
harvester.getEnergyHarvestedKilowattHours(): 5558773.92805385
The y-int is 18
Energy harvested: 977117.7094444471
iGeneratingEnergyWhenGridNeedsEnergyMinutes =35734
iGeneratingEnergyWhenGridNeedsEnergyMinutes =35734
iUsingEnergyWhenGridNeedsEnergyMinutes =193
iGeneratingEnergyWhenGridHasExcessEnergyMinutes = 0
iUsingEnergyWhenGridHasExcessEnergyMinutes = 0
iIdleWhenGridDoesNotNeedEnergyMinutes = 46080
iIdleWhenGridNeedsEnergyMinutes = 4651299
iEnergyPriceIsZeroMinutes = 240
harvester.getEnergyHarvestedAVAILABLEKilowattHours( ): 1.5343929966666667E7
harvester.getEnergyHarvestedKilowattHours(): 977117.7094444471
The y-int is 28
Energy harvested: 0.0
iGeneratingEnergyWhenGridNeedsEnergyMinutes =0
iGeneratingEnergyWhenGridNeedsEnergyMinutes =0
iUsingEnergyWhenGridNeedsEnergyMinutes =1
iGeneratingEnergyWhenGridHasExcessEnergyMinutes = 0
iUsingEnergyWhenGridHasExcessEnergyMinutes = 0
iIdleWhenGridDoesNotNeedEnergyMinutes = 46080
iIdleWhenGridNeedsEnergyMinutes = 4687225
iEnergyPriceIsZeroMinutes = 240
harvester.getEnergyHarvestedAVAILABLEKilowattHours( ): 1.5343929966666667E7
harvester.getEnergyHarvestedKilowattHours(): 0.0
The y-int is 38
Energy harvested: 0.0
iGeneratingEnergyWhenGridNeedsEnergyMinutes =0
iGeneratingEnergyWhenGridNeedsEnergyMinutes =0
iUsingEnergyWhenGridNeedsEnergyMinutes =0
iGeneratingEnergyWhenGridHasExcessEnergyMinutes = 0
iUsingEnergyWhenGridHasExcessEnergyMinutes = 0
iIdleWhenGridDoesNotNeedEnergyMinutes = 46080
iIdleWhenGridNeedsEnergyMinutes = 4687226
iEnergyPriceIsZeroMinutes = 240
harvester.getEnergyHarvestedAVAILABLEKilowattHours( ): 1.5343929966666667E7
harvester.getEnergyHarvestedKilowattHours(): 0.0
The running average is 91
The y-int is 8
Energy harvested: 5548695.900554041
iGeneratingEnergyWhenGridNeedsEnergyMinutes =703022
iGeneratingEnergyWhenGridNeedsEnergyMinutes =703022
iUsingEnergyWhenGridNeedsEnergyMinutes =34043
iGeneratingEnergyWhenGridHasExcessEnergyMinutes = 853
iUsingEnergyWhenGridHasExcessEnergyMinutes = 38
iIdleWhenGridDoesNotNeedEnergyMinutes = 45189
iIdleWhenGridNeedsEnergyMinutes = 3950161
iEnergyPriceIsZeroMinutes = 240
harvester.getEnergyHarvestedAVAILABLEKilowattHours( ): 1.5343929966666667E7
harvester.getEnergyHarvestedKilowattHours(): 5548695.900554041
The y-int is 18
Energy harvested: 934093.6847222245
iGeneratingEnergyWhenGridNeedsEnergyMinutes =34369
iGeneratingEnergyWhenGridNeedsEnergyMinutes =34369
iUsingEnergyWhenGridNeedsEnergyMinutes =161
iGeneratingEnergyWhenGridHasExcessEnergyMinutes = 0
iUsingEnergyWhenGridHasExcessEnergyMinutes = 0
iIdleWhenGridDoesNotNeedEnergyMinutes = 46080
iIdleWhenGridNeedsEnergyMinutes = 4652696
iEnergyPriceIsZeroMinutes = 240
harvester.getEnergyHarvestedAVAILABLEKilowattHours( ): 1.5343929966666667E7
harvester.getEnergyHarvestedKilowattHours(): 934093.6847222245
The y-int is 28
Energy harvested: 0.0
iGeneratingEnergyWhenGridNeedsEnergyMinutes =0
iGeneratingEnergyWhenGridNeedsEnergyMinutes =0
iUsingEnergyWhenGridNeedsEnergyMinutes =1
iGeneratingEnergyWhenGridHasExcessEnergyMinutes = 0
iUsingEnergyWhenGridHasExcessEnergyMinutes = 0
iIdleWhenGridDoesNotNeedEnergyMinutes = 46080
iIdleWhenGridNeedsEnergyMinutes = 4687225
iEnergyPriceIsZeroMinutes = 240
harvester.getEnergyHarvestedAVAILABLEKilowattHours( ): 1.5343929966666667E7
harvester.getEnergyHarvestedKilowattHours(): 0.0
The y-int is 38
Energy harvested: 0.0
iGeneratingEnergyWhenGridNeedsEnergyMinutes =0
iGeneratingEnergyWhenGridNeedsEnergyMinutes =0
iUsingEnergyWhenGridNeedsEnergyMinutes =0
iGeneratingEnergyWhenGridHasExcessEnergyMinutes = 0
iUsingEnergyWhenGridHasExcessEnergyMinutes = 0
iIdleWhenGridDoesNotNeedEnergyMinutes = 46080
iIdleWhenGridNeedsEnergyMinutes = 4687226
iEnergyPriceIsZeroMinutes = 240
harvester.getEnergyHarvestedAVAILABLEKilowattHours( ): 1.5343929966666667E7
harvester.getEnergyHarvestedKilowattHours(): 0.0
The running average is 121
The y-int is 8
Energy harvested: 5532689.025276371
iGeneratingEnergyWhenGridNeedsEnergyMinutes =694169
iGeneratingEnergyWhenGridNeedsEnergyMinutes =694169
iUsingEnergyWhenGridNeedsEnergyMinutes =32173
iGeneratingEnergyWhenGridHasExcessEnergyMinutes = 823
iUsingEnergyWhenGridHasExcessEnergyMinutes = 38
iIdleWhenGridDoesNotNeedEnergyMinutes = 45219
iIdleWhenGridNeedsEnergyMinutes = 3960884
iEnergyPriceIsZeroMinutes = 240
harvester.getEnergyHarvestedAVAILABLEKilowattHours( ): 1.5343929966666667E7
harvester.getEnergyHarvestedKilowattHours(): 5532689.025276371
The y-int is 18
Energy harvested: 889189.0436111119
iGeneratingEnergyWhenGridNeedsEnergyMinutes =32868
iGeneratingEnergyWhenGridNeedsEnergyMinutes =32868
iUsingEnergyWhenGridNeedsEnergyMinutes =77
iGeneratingEnergyWhenGridHasExcessEnergyMinutes = 0
iUsingEnergyWhenGridHasExcessEnergyMinutes = 0
iIdleWhenGridDoesNotNeedEnergyMinutes = 46080
iIdleWhenGridNeedsEnergyMinutes = 4654281
iEnergyPriceIsZeroMinutes = 240
harvester.getEnergyHarvestedAVAILABLEKilowattHours( ): 1.5343929966666667E7
harvester.getEnergyHarvestedKilowattHours(): 889189.0436111119
The y-int is 28
Energy harvested: 0.0
iGeneratingEnergyWhenGridNeedsEnergyMinutes =0
iGeneratingEnergyWhenGridNeedsEnergyMinutes =0
iUsingEnergyWhenGridNeedsEnergyMinutes =1
iGeneratingEnergyWhenGridHasExcessEnergyMinutes = 0
iUsingEnergyWhenGridHasExcessEnergyMinutes = 0
iIdleWhenGridDoesNotNeedEnergyMinutes = 46080
iIdleWhenGridNeedsEnergyMinutes = 4687225
iEnergyPriceIsZeroMinutes = 240
harvester.getEnergyHarvestedAVAILABLEKilowattHours( ): 1.5343929966666667E7
harvester.getEnergyHarvestedKilowattHours(): 0.0
The y-int is 38
Energy harvested: 0.0
iGeneratingEnergyWhenGridNeedsEnergyMinutes =0
iGeneratingEnergyWhenGridNeedsEnergyMinutes =0
iUsingEnergyWhenGridNeedsEnergyMinutes =0
iGeneratingEnergyWhenGridHasExcessEnergyMinutes = 0
iUsingEnergyWhenGridHasExcessEnergyMinutes = 0
iIdleWhenGridDoesNotNeedEnergyMinutes = 46080
iIdleWhenGridNeedsEnergyMinutes = 4687226
iEnergyPriceIsZeroMinutes = 240
harvester.getEnergyHarvestedAVAILABLEKilowattHours( ): 1.5343929966666667E7
harvester.getEnergyHarvestedKilowattHours(): 0.0
Beginning testing mode:
station,&,y_intercept_for_month_1,&,running_average_size_minutes_for_month_1,&,y_intercept_for_month_2,&,running_average_size_minutes_for_month_2,&,y_intercept_for_month_3,&,running_average_size_minutes_for_month_3,&,y_intercept_for_month_4,&,running_average_size_minutes_for_month_4,&,y_intercept_for_month_5,&,running_average_size_minutes_for_month_5,&,y_intercept_for_month_6,&,running_average_size_minutes_for_month_6,&,y_intercept_for_month_7,&,running_average_size_minutes_for_month_7,&,y_intercept_for_month_8,&,running_average_size_minutes_for_month_8,&,y_intercept_for_month_9,&,running_average_size_minutes_for_month_9,&,y_intercept_for_month_10,&,running_average_size_minutes_for_month_10,&,y_intercept_for_month_11,&,running_average_size_minutes_for_month_11,&,y_intercept_for_month_12,&,running_average_size_minutes_for_month_12,&,dNetNorm,&,dMarketBalancePercentage,&,dMarketNetNorm,
results: KMSP,&,8,&,61,&,8,&,61,&,8,&,61,&,8,&,61,&,8,&,61,&,8,&,61,&,8,&,61,&,8,&,61,&,8,&,61,&,8,&,61,&,8,&,61,&,8,&,61,&,0.3511913263526804,&,0.9292884438579264,&,0.3263580411626836
monthly visible minutes:KMSP,&,2013,&,7658,&,7176,&,7192,&,8672,&,8672,&,6021,&,8265,&,5624,&,8239,&,8672,&,8672,&,7026,&,
monthly visible minutes:KMSP,&,2014,&,8336,&,6259,&,8672,&,8672,&,8323,&,7508,&,8672,&,5518,&,8672,&,8672,&,8672,&,8590,&,
monthly minutes harvester between states:KMSP,&,2013,&,798,&,627,&,684,&,646,&,902,&,691,&,760,&,684,&,874,&,836,&,725,&,760,&,
monthly minutes harvester between states:KMSP,&,2014,&,608,&,706,&,1064,&,684,&,803,&,798,&,783,&,798,&,874,&,798,&,608,&,819,&,
station,&,y_intercept_for_month_1,&,running_average_size_minutes_for_month_1,&,y_intercept_for_month_2,&,running_average_size_minutes_for_month_2,&,y_intercept_for_month_3,&,running_average_size_minutes_for_month_3,&,y_intercept_for_month_4,&,running_average_size_minutes_for_month_4,&,y_intercept_for_month_5,&,running_average_size_minutes_for_month_5,&,y_intercept_for_month_6,&,running_average_size_minutes_for_month_6,&,y_intercept_for_month_7,&,running_average_size_minutes_for_month_7,&,y_intercept_for_month_8,&,running_average_size_minutes_for_month_8,&,y_intercept_for_month_9,&,running_average_size_minutes_for_month_9,&,y_intercept_for_month_10,&,running_average_size_minutes_for_month_10,&,y_intercept_for_month_11,&,running_average_size_minutes_for_month_11,&,y_intercept_for_month_12,&,running_average_size_minutes_for_month_12,&,dNetNorm,&,dMarketBalancePercentage,&,dMarketNetNorm,
results: KMSP,&,8,&,91,&,8,&,91,&,8,&,91,&,8,&,91,&,8,&,91,&,8,&,91,&,8,&,91,&,8,&,91,&,8,&,91,&,8,&,91,&,8,&,91,&,8,&,91,&,0.35103209433573646,&,0.9332436086994983,&,0.3275984584872254
monthly visible minutes:KMSP,&,2013,&,7658,&,7176,&,7192,&,8672,&,8672,&,6021,&,8265,&,5624,&,8239,&,8672,&,8672,&,7026,&,
monthly visible minutes:KMSP,&,2014,&,8336,&,6259,&,8672,&,8672,&,8323,&,7508,&,8672,&,5518,&,8672,&,8672,&,8672,&,8590,&,
monthly minutes harvester between states:KMSP,&,2013,&,798,&,627,&,684,&,646,&,902,&,691,&,760,&,684,&,874,&,836,&,725,&,760,&,
monthly minutes harvester between states:KMSP,&,2014,&,608,&,706,&,1064,&,684,&,803,&,798,&,783,&,798,&,874,&,798,&,608,&,819,&,
Station: KORD
abc: The current path is /home/guy/retractable-wind
I have found the property file.
The training windspeed filename is /trainingKORD2004-2012in.csv
The testing windspeed filename is /testingKORD2013-2014in.csv
Yes, the station is KORD
Warning: The bAlsoUsePrediction no longer has any effect
iUsedAllItsAllocatedVisibilityMinutesPerMonth: 8760
Visibility Allocation Minutes:8760
HARVESTER_SIZE_SQM is 6362
Reading file
Success: /Wind turbine power curves - wind turbine power output against wind speed in knots.csv found.
Speed (Knots) = Speed(knots) vs power (kW) , Power (kW) =V90
Speed (Knots) = 0 , Power (kW) =0
Speed (Knots) = 1 , Power (kW) =0
Speed (Knots) = 2 , Power (kW) =0
Speed (Knots) = 3 , Power (kW) =0
Speed (Knots) = 4 , Power (kW) =0
Speed (Knots) = 5 , Power (kW) =0
Speed (Knots) = 6 , Power (kW) =0
Speed (Knots) = 7 , Power (kW) =38
Speed (Knots) = 8 , Power (kW) =87
Speed (Knots) = 9 , Power (kW) =141
Speed (Knots) = 10 , Power (kW) =207
Speed (Knots) = 11 , Power (kW) =286
Speed (Knots) = 12 , Power (kW) =382
Speed (Knots) = 13 , Power (kW) =496
Speed (Knots) = 14 , Power (kW) =628
Speed (Knots) = 15 , Power (kW) =781
Speed (Knots) = 16 , Power (kW) =957
Speed (Knots) = 17 , Power (kW) =1153
Speed (Knots) = 18 , Power (kW) =1366
Speed (Knots) = 19 , Power (kW) =1589
Speed (Knots) = 20 , Power (kW) =1814
Speed (Knots) = 21 , Power (kW) =2035
Speed (Knots) = 22 , Power (kW) =2250
Speed (Knots) = 23 , Power (kW) =2452
Speed (Knots) = 24 , Power (kW) =2634
Speed (Knots) = 25 , Power (kW) =2784
Speed (Knots) = 26 , Power (kW) =2888
Speed (Knots) = 27 , Power (kW) =2949
Speed (Knots) = 28 , Power (kW) =2980
Speed (Knots) = 29 , Power (kW) =2993
Speed (Knots) = 30 , Power (kW) =3000
Speed (Knots) = 31 , Power (kW) =3000
Speed (Knots) = 32 , Power (kW) =3000
Speed (Knots) = 33 , Power (kW) =3000
Speed (Knots) = 34 , Power (kW) =3000
Speed (Knots) = 35 , Power (kW) =3000
Speed (Knots) = 36 , Power (kW) =3000
Speed (Knots) = 37 , Power (kW) =3000
Speed (Knots) = 38 , Power (kW) =3000
Speed (Knots) = 39 , Power (kW) =3000
Speed (Knots) = 40 , Power (kW) =3000
Speed (Knots) = 41 , Power (kW) =3000
Speed (Knots) = 42 , Power (kW) =3000
Speed (Knots) = 43 , Power (kW) =3000
Speed (Knots) = 44 , Power (kW) =3000
Speed (Knots) = 45 , Power (kW) =3000
Speed (Knots) = 46 , Power (kW) =3000
Speed (Knots) = 47 , Power (kW) =3000
Speed (Knots) = 48 , Power (kW) =3000
Speed (Knots) = 49 , Power (kW) =0
Speed (Knots) = 50 , Power (kW) =0
Speed (Knots) = 51 , Power (kW) =0
Speed (Knots) = 52 , Power (kW) =0
Speed (Knots) = 53 , Power (kW) =0
Speed (Knots) = 54 , Power (kW) =0
Speed (Knots) = 55 , Power (kW) =0
Speed (Knots) = 56 , Power (kW) =0
Speed (Knots) = 57 , Power (kW) =0
Speed (Knots) = 58 , Power (kW) =0
Speed (Knots) = 59 , Power (kW) =0
Speed (Knots) = 60 , Power (kW) =0
The scale is 1.0
Wind power at 10 knots in kilowatts is 207.0
Wind power in-cut-out test 0.0
Class name:edu.pitt.cs.people.guy.wind.benchmarks.Static
Success: /Noise_Allowed_Time_Definitions_All_Stations.csv found.
The station is the record is KORD
Success: /Noise_Allowed_Time_Definitions_All_Stations.csv found.
The station is the record is KORD
I have found the membership file for NOT WINDY.
Windspeed (knots) [0,1), Membership Value =1.00000000,1.0
Windspeed (knots) [1,2), Membership Value =0.99997533,0.9999753
Windspeed (knots) [2,3), Membership Value =0.99960506,0.99960506
Windspeed (knots) [3,4), Membership Value =0.99771125,0.99771124
Windspeed (knots) [4,5), Membership Value =0.99179612,0.99179614
Windspeed (knots) [5,6), Membership Value =0.97771872,0.9777187
Windspeed (knots) [6,7), Membership Value =0.95321127,0.95321125
Windspeed (knots) [7,8), Membership Value =0.91504208,0.9150421
Windspeed (knots) [8,9), Membership Value =0.86135187,0.86135185
Windspeed (knots) [9,10), Membership Value =0.79135992,0.7913599
Windspeed (knots) [10,11), Membership Value =0.70759926,0.7075993
Windspeed (knots) [11,12), Membership Value =0.61289660,0.6128966
Windspeed (knots) [12,13), Membership Value =0.51111605,0.511116
Windspeed (knots) [13,14), Membership Value =0.41162103,0.41162103
Windspeed (knots) [14,15), Membership Value =0.31438982,0.31438982
Windspeed (knots) [15,16), Membership Value =0.22247083,0.22247083
Windspeed (knots) [16,17), Membership Value =0.13821041,0.13821042
Windspeed (knots) [17,18), Membership Value =0.06188268,0.06188268
Windspeed (knots) [18,19), Membership Value =0.00000000,0.0
Windspeed (knots) [19,20), Membership Value =0.00000000,0.0
Windspeed (knots) [20,21), Membership Value =0.00000000,0.0
Windspeed (knots) [21,22), Membership Value =0.00000000,0.0
Windspeed (knots) [22,23), Membership Value =0.00000000,0.0
Windspeed (knots) [23,24), Membership Value =0.00000000,0.0
Windspeed (knots) [24,25), Membership Value =0.00000000,0.0
Windspeed (knots) [25,26), Membership Value =0.00000000,0.0
Windspeed (knots) [26,27), Membership Value =0.00000000,0.0
Windspeed (knots) [27,28), Membership Value =0.00000000,0.0
Windspeed (knots) [28,29), Membership Value =0.00000000,0.0
Windspeed (knots) [29,30), Membership Value =0.00000000,0.0
Windspeed (knots) [30,31), Membership Value =0.00000000,0.0
Windspeed (knots) [31,32), Membership Value =0.00000000,0.0
Windspeed (knots) [32,33), Membership Value =0.00000000,0.0
Windspeed (knots) [33,34), Membership Value =0.00000000,0.0
Windspeed (knots) [34,35), Membership Value =0.00000000,0.0
Windspeed (knots) [35,36), Membership Value =0.00000000,0.0
Windspeed (knots) [36,37), Membership Value =0.00000000,0.0
Windspeed (knots) [37,38), Membership Value =0.00000000,0.0
Windspeed (knots) [38,39), Membership Value =0.00000000,0.0
Windspeed (knots) [39,40), Membership Value =0.00000000,0.0
Windspeed (knots) [40,41), Membership Value =0.00000000,0.0
Windspeed (knots) [41,42), Membership Value =0.00000000,0.0
Windspeed (knots) [42,43), Membership Value =0.00000000,0.0
Windspeed (knots) [43,44), Membership Value =0.00000000,0.0
Windspeed (knots) [44,45), Membership Value =0.00000000,0.0
Windspeed (knots) [45,46), Membership Value =0.00000000,0.0
Windspeed (knots) [46,47), Membership Value =0.00000000,0.0
Windspeed (knots) [47,48), Membership Value =0.00000000,0.0
Windspeed (knots) [48,49), Membership Value =0.00000000,0.0
Windspeed (knots) [49,50), Membership Value =0.00000000,0.0
Windspeed (knots) [50,51), Membership Value =0.00000000,0.0
Windspeed (knots) [51,52), Membership Value =0.00000000,0.0
Windspeed (knots) [52,53), Membership Value =0.00000000,0.0
Windspeed (knots) [53,54), Membership Value =0.00000000,0.0
Windspeed (knots) [54,55), Membership Value =0.00000000,0.0
Windspeed (knots) [55,56), Membership Value =0.00000000,0.0
Windspeed (knots) [56,57), Membership Value =0.00000000,0.0
Windspeed (knots) [57,58), Membership Value =0.00000000,0.0
Windspeed (knots) [58,59), Membership Value =0.00000000,0.0
Windspeed (knots) [59,60), Membership Value =0.00000000,0.0
Windspeed (knots) [60,61), Membership Value =0.00000000,0.0
Windspeed (knots) [61,62), Membership Value =0.00000000,0.0
Windspeed (knots) [62,63), Membership Value =0.00000000,0.0
Windspeed (knots) [63,64), Membership Value =0.00000000,0.0
Windspeed (knots) [64,65), Membership Value =0.00000000,0.0
Windspeed (knots) [65,66), Membership Value =0.00000000,0.0
Windspeed (knots) [66,67), Membership Value =0.00000000,0.0
Windspeed (knots) [67,68), Membership Value =0.00000000,0.0
Windspeed (knots) [68,69), Membership Value =0.00000000,0.0
Windspeed (knots) [69,70), Membership Value =0.00000000,0.0
Windspeed (knots) [70,71), Membership Value =0.00000000,0.0
Windspeed (knots) [71,72), Membership Value =0.00000000,0.0
Windspeed (knots) [72,73), Membership Value =0.00000000,0.0
Windspeed (knots) [73,74), Membership Value =0.00000000,0.0
Windspeed (knots) [74,75), Membership Value =0.00000000,0.0
Windspeed (knots) [75,76), Membership Value =0.00000000,0.0
Windspeed (knots) [76,77), Membership Value =0.00000000,0.0
Windspeed (knots) [77,78), Membership Value =0.00000000,0.0
Windspeed (knots) [78,79), Membership Value =0.00000000,0.0
Windspeed (knots) [79,80), Membership Value =0.00000000,0.0
Windspeed (knots) [80,81), Membership Value =0.00000000,0.0
Windspeed (knots) [81,82), Membership Value =0.00000000,0.0
Windspeed (knots) [82,83), Membership Value =0.00000000,0.0
Windspeed (knots) [83,84), Membership Value =0.00000000,0.0
Windspeed (knots) [84,85), Membership Value =0.00000000,0.0
Windspeed (knots) [85,86), Membership Value =0.00000000,0.0
Windspeed (knots) [86,87), Membership Value =0.00000000,0.0
Windspeed (knots) [87,88), Membership Value =0.00000000,0.0
Windspeed (knots) [88,89), Membership Value =0.00000000,0.0
Windspeed (knots) [89,90), Membership Value =0.00000000,0.0
Windspeed (knots) [90,91), Membership Value =0.00000000,0.0
Windspeed (knots) [91,92), Membership Value =0.00000000,0.0
Windspeed (knots) [92,93), Membership Value =0.00000000,0.0
Windspeed (knots) [93,94), Membership Value =0.00000000,0.0
Windspeed (knots) [94,95), Membership Value =0.00000000,0.0
Windspeed (knots) [95,96), Membership Value =0.00000000,0.0
Windspeed (knots) [96,97), Membership Value =0.00000000,0.0
Windspeed (knots) [97,98), Membership Value =0.00000000,0.0
Windspeed (knots) [98,99), Membership Value =0.00000000,0.0
Windspeed (knots) [99,100), Membership Value =0.00000000,0.0
Windspeed (knots) [100,101), Membership Value =0.00000000,0.0
Windspeed (knots) [101,102), Membership Value =0.00000000,0.0
Windspeed (knots) [102,103), Membership Value =0.00000000,0.0
Windspeed (knots) [103,104), Membership Value =0.00000000,0.0
Windspeed (knots) [104,105), Membership Value =0.00000000,0.0
Windspeed (knots) [105,106), Membership Value =0.00000000,0.0
Windspeed (knots) [106,107), Membership Value =0.00000000,0.0
Windspeed (knots) [107,108), Membership Value =0.00000000,0.0
Windspeed (knots) [108,109), Membership Value =0.00000000,0.0
Windspeed (knots) [109,110), Membership Value =0.00000000,0.0
Windspeed (knots) [110,111), Membership Value =0.00000000,0.0
Windspeed (knots) [111,112), Membership Value =0.00000000,0.0
Windspeed (knots) [112,113), Membership Value =0.00000000,0.0
Windspeed (knots) [113,114), Membership Value =0.00000000,0.0
Windspeed (knots) [114,115), Membership Value =0.00000000,0.0
Windspeed (knots) [115,116), Membership Value =0.00000000,0.0
Windspeed (knots) [116,117), Membership Value =0.00000000,0.0
Windspeed (knots) [117,118), Membership Value =0.00000000,0.0
Windspeed (knots) [118,119), Membership Value =0.00000000,0.0
Windspeed (knots) [119,120), Membership Value =0.00000000,0.0
Windspeed (knots) [120,121), Membership Value =0.00000000,0.0
Windspeed (knots) [121,122), Membership Value =0.00000000,0.0
Windspeed (knots) [122,123), Membership Value =0.00000000,0.0
Windspeed (knots) [123,124), Membership Value =0.00000000,0.0
Windspeed (knots) [124,125), Membership Value =0.00000000,0.0
LowestWindspeedThatIsWindyKnots for station KORD is 8 knots.
Transition limited :false
bUseWeatherPrediction:false
The running average is 1
The y-int is 8
Energy harvested: 5805274.492496405
iGeneratingEnergyWhenGridNeedsEnergyMinutes =738093
iGeneratingEnergyWhenGridNeedsEnergyMinutes =738093
iUsingEnergyWhenGridNeedsEnergyMinutes =94234
iGeneratingEnergyWhenGridHasExcessEnergyMinutes = 2281
iUsingEnergyWhenGridHasExcessEnergyMinutes = 115
iIdleWhenGridDoesNotNeedEnergyMinutes = 43684
iIdleWhenGridNeedsEnergyMinutes = 3856037
iEnergyPriceIsZeroMinutes = 240
harvester.getEnergyHarvestedAVAILABLEKilowattHours( ): 1.7193785366666667E7
harvester.getEnergyHarvestedKilowattHours(): 5805274.492496405
The y-int is 18
Energy harvested: 1742387.8833333333
iGeneratingEnergyWhenGridNeedsEnergyMinutes =52877
iGeneratingEnergyWhenGridNeedsEnergyMinutes =52877
iUsingEnergyWhenGridNeedsEnergyMinutes =1
iGeneratingEnergyWhenGridHasExcessEnergyMinutes = 654
iUsingEnergyWhenGridHasExcessEnergyMinutes = 0
iIdleWhenGridDoesNotNeedEnergyMinutes = 45426
iIdleWhenGridNeedsEnergyMinutes = 4635486
iEnergyPriceIsZeroMinutes = 240
harvester.getEnergyHarvestedAVAILABLEKilowattHours( ): 1.7193785366666667E7
harvester.getEnergyHarvestedKilowattHours(): 1742387.8833333333
The y-int is 28
Energy harvested: 2516.2
iGeneratingEnergyWhenGridNeedsEnergyMinutes =51
iGeneratingEnergyWhenGridNeedsEnergyMinutes =51
iUsingEnergyWhenGridNeedsEnergyMinutes =1
iGeneratingEnergyWhenGridHasExcessEnergyMinutes = 0
iUsingEnergyWhenGridHasExcessEnergyMinutes = 0
iIdleWhenGridDoesNotNeedEnergyMinutes = 46080
iIdleWhenGridNeedsEnergyMinutes = 4688312
iEnergyPriceIsZeroMinutes = 240
harvester.getEnergyHarvestedAVAILABLEKilowattHours( ): 1.7193785366666667E7
harvester.getEnergyHarvestedKilowattHours(): 2516.2
The y-int is 38
Energy harvested: 0.0
iGeneratingEnergyWhenGridNeedsEnergyMinutes =0
iGeneratingEnergyWhenGridNeedsEnergyMinutes =0
iUsingEnergyWhenGridNeedsEnergyMinutes =1
iGeneratingEnergyWhenGridHasExcessEnergyMinutes = 0
iUsingEnergyWhenGridHasExcessEnergyMinutes = 0
iIdleWhenGridDoesNotNeedEnergyMinutes = 46080
iIdleWhenGridNeedsEnergyMinutes = 4688363
iEnergyPriceIsZeroMinutes = 240
harvester.getEnergyHarvestedAVAILABLEKilowattHours( ): 1.7193785366666667E7
harvester.getEnergyHarvestedKilowattHours(): 0.0
The running average is 31
The y-int is 8
Energy harvested: 6112006.864998977
iGeneratingEnergyWhenGridNeedsEnergyMinutes =806789
iGeneratingEnergyWhenGridNeedsEnergyMinutes =806789
iUsingEnergyWhenGridNeedsEnergyMinutes =46257
iGeneratingEnergyWhenGridHasExcessEnergyMinutes = 2312
iUsingEnergyWhenGridHasExcessEnergyMinutes = 87
iIdleWhenGridDoesNotNeedEnergyMinutes = 43681
iIdleWhenGridNeedsEnergyMinutes = 3835318
iEnergyPriceIsZeroMinutes = 240
harvester.getEnergyHarvestedAVAILABLEKilowattHours( ): 1.7193785366666667E7
harvester.getEnergyHarvestedKilowattHours(): 6112006.864998977
The y-int is 18
Energy harvested: 2121236.0352777895
iGeneratingEnergyWhenGridNeedsEnergyMinutes =72616
iGeneratingEnergyWhenGridNeedsEnergyMinutes =72616
iUsingEnergyWhenGridNeedsEnergyMinutes =734
iGeneratingEnergyWhenGridHasExcessEnergyMinutes = 929
iUsingEnergyWhenGridHasExcessEnergyMinutes = 1
iIdleWhenGridDoesNotNeedEnergyMinutes = 45150
iIdleWhenGridNeedsEnergyMinutes = 4615014
iEnergyPriceIsZeroMinutes = 240
harvester.getEnergyHarvestedAVAILABLEKilowattHours( ): 1.7193785366666667E7
harvester.getEnergyHarvestedKilowattHours(): 2121236.0352777895
The y-int is 28
Energy harvested: 1014.45
iGeneratingEnergyWhenGridNeedsEnergyMinutes =22
iGeneratingEnergyWhenGridNeedsEnergyMinutes =22
iUsingEnergyWhenGridNeedsEnergyMinutes =1
iGeneratingEnergyWhenGridHasExcessEnergyMinutes = 0
iUsingEnergyWhenGridHasExcessEnergyMinutes = 0
iIdleWhenGridDoesNotNeedEnergyMinutes = 46080
iIdleWhenGridNeedsEnergyMinutes = 4688341
iEnergyPriceIsZeroMinutes = 240
harvester.getEnergyHarvestedAVAILABLEKilowattHours( ): 1.7193785366666667E7
harvester.getEnergyHarvestedKilowattHours(): 1014.45
The y-int is 38
Energy harvested: 0.0
iGeneratingEnergyWhenGridNeedsEnergyMinutes =0
iGeneratingEnergyWhenGridNeedsEnergyMinutes =0
iUsingEnergyWhenGridNeedsEnergyMinutes =1
iGeneratingEnergyWhenGridHasExcessEnergyMinutes = 0
iUsingEnergyWhenGridHasExcessEnergyMinutes = 0
iIdleWhenGridDoesNotNeedEnergyMinutes = 46080
iIdleWhenGridNeedsEnergyMinutes = 4688363
iEnergyPriceIsZeroMinutes = 240
harvester.getEnergyHarvestedAVAILABLEKilowattHours( ): 1.7193785366666667E7
harvester.getEnergyHarvestedKilowattHours(): 0.0
The running average is 61
The y-int is 8
Energy harvested: 6117261.310832578
iGeneratingEnergyWhenGridNeedsEnergyMinutes =808797
iGeneratingEnergyWhenGridNeedsEnergyMinutes =808797
iUsingEnergyWhenGridNeedsEnergyMinutes =38694
iGeneratingEnergyWhenGridHasExcessEnergyMinutes = 2286
iUsingEnergyWhenGridHasExcessEnergyMinutes = 87
iIdleWhenGridDoesNotNeedEnergyMinutes = 43707
iIdleWhenGridNeedsEnergyMinutes = 3840873
iEnergyPriceIsZeroMinutes = 240
harvester.getEnergyHarvestedAVAILABLEKilowattHours( ): 1.7193785366666667E7
harvester.getEnergyHarvestedKilowattHours(): 6117261.310832578
The y-int is 18
Energy harvested: 2104485.30805556
iGeneratingEnergyWhenGridNeedsEnergyMinutes =73289
iGeneratingEnergyWhenGridNeedsEnergyMinutes =73289
iUsingEnergyWhenGridNeedsEnergyMinutes =309
iGeneratingEnergyWhenGridHasExcessEnergyMinutes = 965
iUsingEnergyWhenGridHasExcessEnergyMinutes = 0
iIdleWhenGridDoesNotNeedEnergyMinutes = 45115
iIdleWhenGridNeedsEnergyMinutes = 4614766
iEnergyPriceIsZeroMinutes = 240
harvester.getEnergyHarvestedAVAILABLEKilowattHours( ): 1.7193785366666667E7
harvester.getEnergyHarvestedKilowattHours(): 2104485.30805556
The y-int is 28
Energy harvested: 0.0
iGeneratingEnergyWhenGridNeedsEnergyMinutes =0
iGeneratingEnergyWhenGridNeedsEnergyMinutes =0
iUsingEnergyWhenGridNeedsEnergyMinutes =1
iGeneratingEnergyWhenGridHasExcessEnergyMinutes = 0
iUsingEnergyWhenGridHasExcessEnergyMinutes = 0
iIdleWhenGridDoesNotNeedEnergyMinutes = 46080
iIdleWhenGridNeedsEnergyMinutes = 4688363
iEnergyPriceIsZeroMinutes = 240
harvester.getEnergyHarvestedAVAILABLEKilowattHours( ): 1.7193785366666667E7
harvester.getEnergyHarvestedKilowattHours(): 0.0
The y-int is 38
Energy harvested: 0.0
iGeneratingEnergyWhenGridNeedsEnergyMinutes =0
iGeneratingEnergyWhenGridNeedsEnergyMinutes =0
iUsingEnergyWhenGridNeedsEnergyMinutes =0
iGeneratingEnergyWhenGridHasExcessEnergyMinutes = 0
iUsingEnergyWhenGridHasExcessEnergyMinutes = 0
iIdleWhenGridDoesNotNeedEnergyMinutes = 46080
iIdleWhenGridNeedsEnergyMinutes = 4688364
iEnergyPriceIsZeroMinutes = 240
harvester.getEnergyHarvestedAVAILABLEKilowattHours( ): 1.7193785366666667E7
harvester.getEnergyHarvestedKilowattHours(): 0.0
The running average is 91
The y-int is 8
Energy harvested: 6134157.918888242
iGeneratingEnergyWhenGridNeedsEnergyMinutes =804076
iGeneratingEnergyWhenGridNeedsEnergyMinutes =804076
iUsingEnergyWhenGridNeedsEnergyMinutes =36042
iGeneratingEnergyWhenGridHasExcessEnergyMinutes = 2240
iUsingEnergyWhenGridHasExcessEnergyMinutes = 87
iIdleWhenGridDoesNotNeedEnergyMinutes = 43753
iIdleWhenGridNeedsEnergyMinutes = 3848246
iEnergyPriceIsZeroMinutes = 240
harvester.getEnergyHarvestedAVAILABLEKilowattHours( ): 1.7193785366666667E7
harvester.getEnergyHarvestedKilowattHours(): 6134157.918888242
The y-int is 18
Energy harvested: 2035154.3130555584
iGeneratingEnergyWhenGridNeedsEnergyMinutes =71768
iGeneratingEnergyWhenGridNeedsEnergyMinutes =71768
iUsingEnergyWhenGridNeedsEnergyMinutes =176
iGeneratingEnergyWhenGridHasExcessEnergyMinutes = 939
iUsingEnergyWhenGridHasExcessEnergyMinutes = 0
iIdleWhenGridDoesNotNeedEnergyMinutes = 45141
iIdleWhenGridNeedsEnergyMinutes = 4616420
iEnergyPriceIsZeroMinutes = 240
harvester.getEnergyHarvestedAVAILABLEKilowattHours( ): 1.7193785366666667E7
harvester.getEnergyHarvestedKilowattHours(): 2035154.3130555584
The y-int is 28
Energy harvested: 0.0
iGeneratingEnergyWhenGridNeedsEnergyMinutes =0
iGeneratingEnergyWhenGridNeedsEnergyMinutes =0
iUsingEnergyWhenGridNeedsEnergyMinutes =1
iGeneratingEnergyWhenGridHasExcessEnergyMinutes = 0
iUsingEnergyWhenGridHasExcessEnergyMinutes = 0
iIdleWhenGridDoesNotNeedEnergyMinutes = 46080
iIdleWhenGridNeedsEnergyMinutes = 4688363
iEnergyPriceIsZeroMinutes = 240
harvester.getEnergyHarvestedAVAILABLEKilowattHours( ): 1.7193785366666667E7
harvester.getEnergyHarvestedKilowattHours(): 0.0
The y-int is 38
Energy harvested: 0.0
iGeneratingEnergyWhenGridNeedsEnergyMinutes =0
iGeneratingEnergyWhenGridNeedsEnergyMinutes =0
iUsingEnergyWhenGridNeedsEnergyMinutes =0
iGeneratingEnergyWhenGridHasExcessEnergyMinutes = 0
iUsingEnergyWhenGridHasExcessEnergyMinutes = 0
iIdleWhenGridDoesNotNeedEnergyMinutes = 46080
iIdleWhenGridNeedsEnergyMinutes = 4688364
iEnergyPriceIsZeroMinutes = 240
harvester.getEnergyHarvestedAVAILABLEKilowattHours( ): 1.7193785366666667E7
harvester.getEnergyHarvestedKilowattHours(): 0.0
The running average is 121
The y-int is 8
Energy harvested: 6151777.11805501
iGeneratingEnergyWhenGridNeedsEnergyMinutes =798841
iGeneratingEnergyWhenGridNeedsEnergyMinutes =798841
iUsingEnergyWhenGridNeedsEnergyMinutes =34297
iGeneratingEnergyWhenGridHasExcessEnergyMinutes = 2189
iUsingEnergyWhenGridHasExcessEnergyMinutes = 87
iIdleWhenGridDoesNotNeedEnergyMinutes = 43804
iIdleWhenGridNeedsEnergyMinutes = 3855226
iEnergyPriceIsZeroMinutes = 240
harvester.getEnergyHarvestedAVAILABLEKilowattHours( ): 1.7193785366666667E7
harvester.getEnergyHarvestedKilowattHours(): 6151777.11805501
The y-int is 18
Energy harvested: 1962367.6283333353
iGeneratingEnergyWhenGridNeedsEnergyMinutes =70020
iGeneratingEnergyWhenGridNeedsEnergyMinutes =70020
iUsingEnergyWhenGridNeedsEnergyMinutes =125
iGeneratingEnergyWhenGridHasExcessEnergyMinutes = 884
iUsingEnergyWhenGridHasExcessEnergyMinutes = 0
iIdleWhenGridDoesNotNeedEnergyMinutes = 45196
iIdleWhenGridNeedsEnergyMinutes = 4618219
iEnergyPriceIsZeroMinutes = 240
harvester.getEnergyHarvestedAVAILABLEKilowattHours( ): 1.7193785366666667E7
harvester.getEnergyHarvestedKilowattHours(): 1962367.6283333353
The y-int is 28
Energy harvested: 0.0
iGeneratingEnergyWhenGridNeedsEnergyMinutes =0
iGeneratingEnergyWhenGridNeedsEnergyMinutes =0
iUsingEnergyWhenGridNeedsEnergyMinutes =1
iGeneratingEnergyWhenGridHasExcessEnergyMinutes = 0
iUsingEnergyWhenGridHasExcessEnergyMinutes = 0
iIdleWhenGridDoesNotNeedEnergyMinutes = 46080
iIdleWhenGridNeedsEnergyMinutes = 4688363
iEnergyPriceIsZeroMinutes = 240
harvester.getEnergyHarvestedAVAILABLEKilowattHours( ): 1.7193785366666667E7
harvester.getEnergyHarvestedKilowattHours(): 0.0
The y-int is 38
Energy harvested: 0.0
iGeneratingEnergyWhenGridNeedsEnergyMinutes =0
iGeneratingEnergyWhenGridNeedsEnergyMinutes =0
iUsingEnergyWhenGridNeedsEnergyMinutes =0
iGeneratingEnergyWhenGridHasExcessEnergyMinutes = 0
iUsingEnergyWhenGridHasExcessEnergyMinutes = 0
iIdleWhenGridDoesNotNeedEnergyMinutes = 46080
iIdleWhenGridNeedsEnergyMinutes = 4688364
iEnergyPriceIsZeroMinutes = 240
harvester.getEnergyHarvestedAVAILABLEKilowattHours( ): 1.7193785366666667E7
harvester.getEnergyHarvestedKilowattHours(): 0.0
Beginning testing mode:
station,&,y_intercept_for_month_1,&,running_average_size_minutes_for_month_1,&,y_intercept_for_month_2,&,running_average_size_minutes_for_month_2,&,y_intercept_for_month_3,&,running_average_size_minutes_for_month_3,&,y_intercept_for_month_4,&,running_average_size_minutes_for_month_4,&,y_intercept_for_month_5,&,running_average_size_minutes_for_month_5,&,y_intercept_for_month_6,&,running_average_size_minutes_for_month_6,&,y_intercept_for_month_7,&,running_average_size_minutes_for_month_7,&,y_intercept_for_month_8,&,running_average_size_minutes_for_month_8,&,y_intercept_for_month_9,&,running_average_size_minutes_for_month_9,&,y_intercept_for_month_10,&,running_average_size_minutes_for_month_10,&,y_intercept_for_month_11,&,running_average_size_minutes_for_month_11,&,y_intercept_for_month_12,&,running_average_size_minutes_for_month_12,&,dNetNorm,&,dMarketBalancePercentage,&,dMarketNetNorm,
results: KORD,&,8,&,121,&,8,&,121,&,8,&,121,&,8,&,121,&,8,&,121,&,8,&,121,&,8,&,121,&,8,&,121,&,8,&,121,&,8,&,121,&,8,&,121,&,8,&,121,&,0.3221620674507233,&,0.9284020061681826,&,0.29909590973254085
monthly visible minutes:KORD,&,2013,&,8672,&,8672,&,8672,&,8672,&,8672,&,8672,&,8672,&,8672,&,8672,&,8672,&,8672,&,8672,&,
monthly visible minutes:KORD,&,2014,&,8672,&,8672,&,0,&,8672,&,8672,&,8672,&,8672,&,8672,&,8672,&,8672,&,8672,&,8661,&,
monthly minutes harvester between states:KORD,&,2013,&,646,&,599,&,684,&,684,&,646,&,950,&,874,&,760,&,684,&,798,&,646,&,608,&,
monthly minutes harvester between states:KORD,&,2014,&,570,&,665,&,0,&,570,&,608,&,722,&,684,&,760,&,874,&,646,&,646,&,570,&,
station,&,y_intercept_for_month_1,&,running_average_size_minutes_for_month_1,&,y_intercept_for_month_2,&,running_average_size_minutes_for_month_2,&,y_intercept_for_month_3,&,running_average_size_minutes_for_month_3,&,y_intercept_for_month_4,&,running_average_size_minutes_for_month_4,&,y_intercept_for_month_5,&,running_average_size_minutes_for_month_5,&,y_intercept_for_month_6,&,running_average_size_minutes_for_month_6,&,y_intercept_for_month_7,&,running_average_size_minutes_for_month_7,&,y_intercept_for_month_8,&,running_average_size_minutes_for_month_8,&,y_intercept_for_month_9,&,running_average_size_minutes_for_month_9,&,y_intercept_for_month_10,&,running_average_size_minutes_for_month_10,&,y_intercept_for_month_11,&,running_average_size_minutes_for_month_11,&,y_intercept_for_month_12,&,running_average_size_minutes_for_month_12,&,dNetNorm,&,dMarketBalancePercentage,&,dMarketNetNorm,
results: KORD,&,8,&,121,&,8,&,121,&,8,&,121,&,8,&,121,&,8,&,121,&,8,&,121,&,8,&,121,&,8,&,121,&,8,&,121,&,8,&,121,&,8,&,121,&,8,&,121,&,0.3221620674507233,&,0.9283959707645045,&,0.299093965354414
monthly visible minutes:KORD,&,2013,&,8672,&,8672,&,8672,&,8672,&,8672,&,8672,&,8672,&,8672,&,8672,&,8672,&,8672,&,8672,&,
monthly visible minutes:KORD,&,2014,&,8672,&,8672,&,0,&,8672,&,8672,&,8672,&,8672,&,8672,&,8672,&,8672,&,8672,&,8661,&,
monthly minutes harvester between states:KORD,&,2013,&,646,&,599,&,684,&,684,&,646,&,950,&,874,&,760,&,684,&,798,&,646,&,608,&,
monthly minutes harvester between states:KORD,&,2014,&,570,&,665,&,0,&,570,&,608,&,722,&,684,&,760,&,874,&,646,&,646,&,570,&,
Station: KPHL
abc: The current path is /home/guy/retractable-wind
I have found the property file.
The training windspeed filename is /trainingKPHL2004-2012in.csv
The testing windspeed filename is /testingKPHL2013-2014in.csv
Yes, the station is KPHL
Warning: The bAlsoUsePrediction no longer has any effect
iUsedAllItsAllocatedVisibilityMinutesPerMonth: 8760
Visibility Allocation Minutes:8760
HARVESTER_SIZE_SQM is 6362
Reading file
Success: /Wind turbine power curves - wind turbine power output against wind speed in knots.csv found.
Speed (Knots) = Speed(knots) vs power (kW) , Power (kW) =V90
Speed (Knots) = 0 , Power (kW) =0
Speed (Knots) = 1 , Power (kW) =0
Speed (Knots) = 2 , Power (kW) =0
Speed (Knots) = 3 , Power (kW) =0
Speed (Knots) = 4 , Power (kW) =0
Speed (Knots) = 5 , Power (kW) =0
Speed (Knots) = 6 , Power (kW) =0
Speed (Knots) = 7 , Power (kW) =38
Speed (Knots) = 8 , Power (kW) =87
Speed (Knots) = 9 , Power (kW) =141
Speed (Knots) = 10 , Power (kW) =207
Speed (Knots) = 11 , Power (kW) =286
Speed (Knots) = 12 , Power (kW) =382
Speed (Knots) = 13 , Power (kW) =496
Speed (Knots) = 14 , Power (kW) =628
Speed (Knots) = 15 , Power (kW) =781
Speed (Knots) = 16 , Power (kW) =957
Speed (Knots) = 17 , Power (kW) =1153
Speed (Knots) = 18 , Power (kW) =1366
Speed (Knots) = 19 , Power (kW) =1589
Speed (Knots) = 20 , Power (kW) =1814
Speed (Knots) = 21 , Power (kW) =2035
Speed (Knots) = 22 , Power (kW) =2250
Speed (Knots) = 23 , Power (kW) =2452
Speed (Knots) = 24 , Power (kW) =2634
Speed (Knots) = 25 , Power (kW) =2784
Speed (Knots) = 26 , Power (kW) =2888
Speed (Knots) = 27 , Power (kW) =2949
Speed (Knots) = 28 , Power (kW) =2980
Speed (Knots) = 29 , Power (kW) =2993
Speed (Knots) = 30 , Power (kW) =3000
Speed (Knots) = 31 , Power (kW) =3000
Speed (Knots) = 32 , Power (kW) =3000
Speed (Knots) = 33 , Power (kW) =3000
Speed (Knots) = 34 , Power (kW) =3000
Speed (Knots) = 35 , Power (kW) =3000
Speed (Knots) = 36 , Power (kW) =3000
Speed (Knots) = 37 , Power (kW) =3000
Speed (Knots) = 38 , Power (kW) =3000
Speed (Knots) = 39 , Power (kW) =3000
Speed (Knots) = 40 , Power (kW) =3000
Speed (Knots) = 41 , Power (kW) =3000
Speed (Knots) = 42 , Power (kW) =3000
Speed (Knots) = 43 , Power (kW) =3000
Speed (Knots) = 44 , Power (kW) =3000
Speed (Knots) = 45 , Power (kW) =3000
Speed (Knots) = 46 , Power (kW) =3000
Speed (Knots) = 47 , Power (kW) =3000
Speed (Knots) = 48 , Power (kW) =3000
Speed (Knots) = 49 , Power (kW) =0
Speed (Knots) = 50 , Power (kW) =0
Speed (Knots) = 51 , Power (kW) =0
Speed (Knots) = 52 , Power (kW) =0
Speed (Knots) = 53 , Power (kW) =0
Speed (Knots) = 54 , Power (kW) =0
Speed (Knots) = 55 , Power (kW) =0
Speed (Knots) = 56 , Power (kW) =0
Speed (Knots) = 57 , Power (kW) =0
Speed (Knots) = 58 , Power (kW) =0
Speed (Knots) = 59 , Power (kW) =0
Speed (Knots) = 60 , Power (kW) =0
The scale is 1.0
Wind power at 10 knots in kilowatts is 207.0
Wind power in-cut-out test 0.0
Class name:edu.pitt.cs.people.guy.wind.benchmarks.Static
Success: /Noise_Allowed_Time_Definitions_All_Stations.csv found.
The station is the record is KPHL
Success: /Noise_Allowed_Time_Definitions_All_Stations.csv found.
The station is the record is KPHL
I have found the membership file for NOT WINDY.
Windspeed (knots) [0,1), Membership Value =1.00000000,1.0
Windspeed (knots) [1,2), Membership Value =0.99997352,0.99997354
Windspeed (knots) [2,3), Membership Value =0.99956678,0.9995668
Windspeed (knots) [3,4), Membership Value =0.99747780,0.9974778
Windspeed (knots) [4,5), Membership Value =0.99096298,0.990963
Windspeed (knots) [5,6), Membership Value =0.97618897,0.97618896
Windspeed (knots) [6,7), Membership Value =0.94988473,0.9498847
Windspeed (knots) [7,8), Membership Value =0.91036394,0.9103639
Windspeed (knots) [8,9), Membership Value =0.85486817,0.8548682
Windspeed (knots) [9,10), Membership Value =0.78422207,0.78422207
Windspeed (knots) [10,11), Membership Value =0.70316518,0.7031652
Windspeed (knots) [11,12), Membership Value =0.61778189,0.6177819
Windspeed (knots) [12,13), Membership Value =0.52900270,0.5290027
Windspeed (knots) [13,14), Membership Value =0.43975275,0.43975276
Windspeed (knots) [14,15), Membership Value =0.35215236,0.35215235
Windspeed (knots) [15,16), Membership Value =0.26714747,0.26714748
Windspeed (knots) [16,17), Membership Value =0.18851818,0.18851818
Windspeed (knots) [17,18), Membership Value =0.11670629,0.11670629
Windspeed (knots) [18,19), Membership Value =0.05307307,0.05307307
Windspeed (knots) [19,20), Membership Value =0.00000000,0.0
Windspeed (knots) [20,21), Membership Value =0.00000000,0.0
Windspeed (knots) [21,22), Membership Value =0.00000000,0.0
Windspeed (knots) [22,23), Membership Value =0.00000000,0.0
Windspeed (knots) [23,24), Membership Value =0.00000000,0.0
Windspeed (knots) [24,25), Membership Value =0.00000000,0.0
Windspeed (knots) [25,26), Membership Value =0.00000000,0.0
Windspeed (knots) [26,27), Membership Value =0.00000000,0.0
Windspeed (knots) [27,28), Membership Value =0.00000000,0.0
Windspeed (knots) [28,29), Membership Value =0.00000000,0.0
Windspeed (knots) [29,30), Membership Value =0.00000000,0.0
Windspeed (knots) [30,31), Membership Value =0.00000000,0.0
Windspeed (knots) [31,32), Membership Value =0.00000000,0.0
Windspeed (knots) [32,33), Membership Value =0.00000000,0.0
Windspeed (knots) [33,34), Membership Value =0.00000000,0.0
Windspeed (knots) [34,35), Membership Value =0.00000000,0.0
Windspeed (knots) [35,36), Membership Value =0.00000000,0.0
Windspeed (knots) [36,37), Membership Value =0.00000000,0.0
Windspeed (knots) [37,38), Membership Value =0.00000000,0.0
Windspeed (knots) [38,39), Membership Value =0.00000000,0.0
Windspeed (knots) [39,40), Membership Value =0.00000000,0.0
Windspeed (knots) [40,41), Membership Value =0.00000000,0.0
Windspeed (knots) [41,42), Membership Value =0.00000000,0.0
Windspeed (knots) [42,43), Membership Value =0.00000000,0.0
Windspeed (knots) [43,44), Membership Value =0.00000000,0.0
Windspeed (knots) [44,45), Membership Value =0.00000000,0.0
Windspeed (knots) [45,46), Membership Value =0.00000000,0.0
Windspeed (knots) [46,47), Membership Value =0.00000000,0.0
Windspeed (knots) [47,48), Membership Value =0.00000000,0.0
Windspeed (knots) [48,49), Membership Value =0.00000000,0.0
Windspeed (knots) [49,50), Membership Value =0.00000000,0.0
Windspeed (knots) [50,51), Membership Value =0.00000000,0.0
Windspeed (knots) [51,52), Membership Value =0.00000000,0.0
Windspeed (knots) [52,53), Membership Value =0.00000000,0.0
Windspeed (knots) [53,54), Membership Value =0.00000000,0.0
Windspeed (knots) [54,55), Membership Value =0.00000000,0.0
Windspeed (knots) [55,56), Membership Value =0.00000000,0.0
Windspeed (knots) [56,57), Membership Value =0.00000000,0.0
Windspeed (knots) [57,58), Membership Value =0.00000000,0.0
Windspeed (knots) [58,59), Membership Value =0.00000000,0.0
Windspeed (knots) [59,60), Membership Value =0.00000000,0.0
Windspeed (knots) [60,61), Membership Value =0.00000000,0.0
Windspeed (knots) [61,62), Membership Value =0.00000000,0.0
Windspeed (knots) [62,63), Membership Value =0.00000000,0.0
Windspeed (knots) [63,64), Membership Value =0.00000000,0.0
Windspeed (knots) [64,65), Membership Value =0.00000000,0.0
Windspeed (knots) [65,66), Membership Value =0.00000000,0.0
Windspeed (knots) [66,67), Membership Value =0.00000000,0.0
Windspeed (knots) [67,68), Membership Value =0.00000000,0.0
Windspeed (knots) [68,69), Membership Value =0.00000000,0.0
Windspeed (knots) [69,70), Membership Value =0.00000000,0.0
Windspeed (knots) [70,71), Membership Value =0.00000000,0.0
Windspeed (knots) [71,72), Membership Value =0.00000000,0.0
Windspeed (knots) [72,73), Membership Value =0.00000000,0.0
Windspeed (knots) [73,74), Membership Value =0.00000000,0.0
Windspeed (knots) [74,75), Membership Value =0.00000000,0.0
Windspeed (knots) [75,76), Membership Value =0.00000000,0.0
Windspeed (knots) [76,77), Membership Value =0.00000000,0.0
Windspeed (knots) [77,78), Membership Value =0.00000000,0.0
Windspeed (knots) [78,79), Membership Value =0.00000000,0.0
Windspeed (knots) [79,80), Membership Value =0.00000000,0.0
Windspeed (knots) [80,81), Membership Value =0.00000000,0.0
Windspeed (knots) [81,82), Membership Value =0.00000000,0.0
Windspeed (knots) [82,83), Membership Value =0.00000000,0.0
Windspeed (knots) [83,84), Membership Value =0.00000000,0.0
Windspeed (knots) [84,85), Membership Value =0.00000000,0.0
Windspeed (knots) [85,86), Membership Value =0.00000000,0.0
Windspeed (knots) [86,87), Membership Value =0.00000000,0.0
Windspeed (knots) [87,88), Membership Value =0.00000000,0.0
Windspeed (knots) [88,89), Membership Value =0.00000000,0.0
Windspeed (knots) [89,90), Membership Value =0.00000000,0.0
Windspeed (knots) [90,91), Membership Value =0.00000000,0.0
Windspeed (knots) [91,92), Membership Value =0.00000000,0.0
Windspeed (knots) [92,93), Membership Value =0.00000000,0.0
Windspeed (knots) [93,94), Membership Value =0.00000000,0.0
Windspeed (knots) [94,95), Membership Value =0.00000000,0.0
Windspeed (knots) [95,96), Membership Value =0.00000000,0.0
Windspeed (knots) [96,97), Membership Value =0.00000000,0.0
Windspeed (knots) [97,98), Membership Value =0.00000000,0.0
Windspeed (knots) [98,99), Membership Value =0.00000000,0.0
Windspeed (knots) [99,100), Membership Value =0.00000000,0.0
Windspeed (knots) [100,101), Membership Value =0.00000000,0.0
Windspeed (knots) [101,102), Membership Value =0.00000000,0.0
Windspeed (knots) [102,103), Membership Value =0.00000000,0.0
Windspeed (knots) [103,104), Membership Value =0.00000000,0.0
Windspeed (knots) [104,105), Membership Value =0.00000000,0.0
Windspeed (knots) [105,106), Membership Value =0.00000000,0.0
Windspeed (knots) [106,107), Membership Value =0.00000000,0.0
Windspeed (knots) [107,108), Membership Value =0.00000000,0.0
Windspeed (knots) [108,109), Membership Value =0.00000000,0.0
Windspeed (knots) [109,110), Membership Value =0.00000000,0.0
Windspeed (knots) [110,111), Membership Value =0.00000000,0.0
Windspeed (knots) [111,112), Membership Value =0.00000000,0.0
Windspeed (knots) [112,113), Membership Value =0.00000000,0.0
Windspeed (knots) [113,114), Membership Value =0.00000000,0.0
Windspeed (knots) [114,115), Membership Value =0.00000000,0.0
Windspeed (knots) [115,116), Membership Value =0.00000000,0.0
Windspeed (knots) [116,117), Membership Value =0.00000000,0.0
Windspeed (knots) [117,118), Membership Value =0.00000000,0.0
Windspeed (knots) [118,119), Membership Value =0.00000000,0.0
Windspeed (knots) [119,120), Membership Value =0.00000000,0.0
Windspeed (knots) [120,121), Membership Value =0.00000000,0.0
Windspeed (knots) [121,122), Membership Value =0.00000000,0.0
Windspeed (knots) [122,123), Membership Value =0.00000000,0.0
Windspeed (knots) [123,124), Membership Value =0.00000000,0.0
Windspeed (knots) [124,125), Membership Value =0.00000000,0.0
LowestWindspeedThatIsWindyKnots for station KPHL is 8 knots.
Transition limited :false
bUseWeatherPrediction:false
The running average is 1
The y-int is 8
Energy harvested: 6137690.025833899
iGeneratingEnergyWhenGridNeedsEnergyMinutes =740318
iGeneratingEnergyWhenGridNeedsEnergyMinutes =740318
iUsingEnergyWhenGridNeedsEnergyMinutes =93578
iGeneratingEnergyWhenGridHasExcessEnergyMinutes = 1695
iUsingEnergyWhenGridHasExcessEnergyMinutes = 88
iIdleWhenGridDoesNotNeedEnergyMinutes = 44297
iIdleWhenGridNeedsEnergyMinutes = 3853120
iEnergyPriceIsZeroMinutes = 240
harvester.getEnergyHarvestedAVAILABLEKilowattHours( ): 1.66037386E7
harvester.getEnergyHarvestedKilowattHours(): 6137690.025833899
The y-int is 18
Energy harvested: 2193932.9166666665
iGeneratingEnergyWhenGridNeedsEnergyMinutes =64904
iGeneratingEnergyWhenGridNeedsEnergyMinutes =64904
iUsingEnergyWhenGridNeedsEnergyMinutes =1
iGeneratingEnergyWhenGridHasExcessEnergyMinutes = 6
iUsingEnergyWhenGridHasExcessEnergyMinutes = 0
iIdleWhenGridDoesNotNeedEnergyMinutes = 46074
iIdleWhenGridNeedsEnergyMinutes = 4622111
iEnergyPriceIsZeroMinutes = 240
harvester.getEnergyHarvestedAVAILABLEKilowattHours( ): 1.66037386E7
harvester.getEnergyHarvestedKilowattHours(): 2193932.9166666665
The y-int is 28
Energy harvested: 36310.65
iGeneratingEnergyWhenGridNeedsEnergyMinutes =728
iGeneratingEnergyWhenGridNeedsEnergyMinutes =728
iUsingEnergyWhenGridNeedsEnergyMinutes =1
iGeneratingEnergyWhenGridHasExcessEnergyMinutes = 0
iUsingEnergyWhenGridHasExcessEnergyMinutes = 0
iIdleWhenGridDoesNotNeedEnergyMinutes = 46080
iIdleWhenGridNeedsEnergyMinutes = 4686287
iEnergyPriceIsZeroMinutes = 240
harvester.getEnergyHarvestedAVAILABLEKilowattHours( ): 1.66037386E7
harvester.getEnergyHarvestedKilowattHours(): 36310.65
The y-int is 38
Energy harvested: 0.0
iGeneratingEnergyWhenGridNeedsEnergyMinutes =0
iGeneratingEnergyWhenGridNeedsEnergyMinutes =0
iUsingEnergyWhenGridNeedsEnergyMinutes =1
iGeneratingEnergyWhenGridHasExcessEnergyMinutes = 0
iUsingEnergyWhenGridHasExcessEnergyMinutes = 0
iIdleWhenGridDoesNotNeedEnergyMinutes = 46080
iIdleWhenGridNeedsEnergyMinutes = 4687015
iEnergyPriceIsZeroMinutes = 240
harvester.getEnergyHarvestedAVAILABLEKilowattHours( ): 1.66037386E7
harvester.getEnergyHarvestedKilowattHours(): 0.0
The running average is 31
The y-int is 8
Energy harvested: 6404515.413056177
iGeneratingEnergyWhenGridNeedsEnergyMinutes =801581
iGeneratingEnergyWhenGridNeedsEnergyMinutes =801581
iUsingEnergyWhenGridNeedsEnergyMinutes =49727
iGeneratingEnergyWhenGridHasExcessEnergyMinutes = 1690
iUsingEnergyWhenGridHasExcessEnergyMinutes = 57
iIdleWhenGridDoesNotNeedEnergyMinutes = 44333
iIdleWhenGridNeedsEnergyMinutes = 3835708
iEnergyPriceIsZeroMinutes = 240
harvester.getEnergyHarvestedAVAILABLEKilowattHours( ): 1.66037386E7
harvester.getEnergyHarvestedKilowattHours(): 6404515.413056177
The y-int is 18
Energy harvested: 2550358.9488888765
iGeneratingEnergyWhenGridNeedsEnergyMinutes =85074
iGeneratingEnergyWhenGridNeedsEnergyMinutes =85074
iUsingEnergyWhenGridNeedsEnergyMinutes =794
iGeneratingEnergyWhenGridHasExcessEnergyMinutes = 23
iUsingEnergyWhenGridHasExcessEnergyMinutes = 0
iIdleWhenGridDoesNotNeedEnergyMinutes = 46057
iIdleWhenGridNeedsEnergyMinutes = 4601148
iEnergyPriceIsZeroMinutes = 240
harvester.getEnergyHarvestedAVAILABLEKilowattHours( ): 1.66037386E7
harvester.getEnergyHarvestedKilowattHours(): 2550358.9488888765
The y-int is 28
Energy harvested: 56157.38333333333
iGeneratingEnergyWhenGridNeedsEnergyMinutes =1174
iGeneratingEnergyWhenGridNeedsEnergyMinutes =1174
iUsingEnergyWhenGridNeedsEnergyMinutes =1
iGeneratingEnergyWhenGridHasExcessEnergyMinutes = 0
iUsingEnergyWhenGridHasExcessEnergyMinutes = 0
iIdleWhenGridDoesNotNeedEnergyMinutes = 46080
iIdleWhenGridNeedsEnergyMinutes = 4685841
iEnergyPriceIsZeroMinutes = 240
harvester.getEnergyHarvestedAVAILABLEKilowattHours( ): 1.66037386E7
harvester.getEnergyHarvestedKilowattHours(): 56157.38333333333
The y-int is 38
Energy harvested: 0.0
iGeneratingEnergyWhenGridNeedsEnergyMinutes =0
iGeneratingEnergyWhenGridNeedsEnergyMinutes =0
iUsingEnergyWhenGridNeedsEnergyMinutes =1
iGeneratingEnergyWhenGridHasExcessEnergyMinutes = 0
iUsingEnergyWhenGridHasExcessEnergyMinutes = 0
iIdleWhenGridDoesNotNeedEnergyMinutes = 46080
iIdleWhenGridNeedsEnergyMinutes = 4687015
iEnergyPriceIsZeroMinutes = 240
harvester.getEnergyHarvestedAVAILABLEKilowattHours( ): 1.66037386E7
harvester.getEnergyHarvestedKilowattHours(): 0.0
The running average is 61
The y-int is 8
Energy harvested: 6440567.394722858
iGeneratingEnergyWhenGridNeedsEnergyMinutes =807607
iGeneratingEnergyWhenGridNeedsEnergyMinutes =807607
iUsingEnergyWhenGridNeedsEnergyMinutes =40455
iGeneratingEnergyWhenGridHasExcessEnergyMinutes = 1673
iUsingEnergyWhenGridHasExcessEnergyMinutes = 53
iIdleWhenGridDoesNotNeedEnergyMinutes = 44354
iIdleWhenGridNeedsEnergyMinutes = 3838954
iEnergyPriceIsZeroMinutes = 240
harvester.getEnergyHarvestedAVAILABLEKilowattHours( ): 1.66037386E7
harvester.getEnergyHarvestedKilowattHours(): 6440567.394722858
The y-int is 18
Energy harvested: 2547015.596388884
iGeneratingEnergyWhenGridNeedsEnergyMinutes =86687
iGeneratingEnergyWhenGridNeedsEnergyMinutes =86687
iUsingEnergyWhenGridNeedsEnergyMinutes =339
iGeneratingEnergyWhenGridHasExcessEnergyMinutes = 28
iUsingEnergyWhenGridHasExcessEnergyMinutes = 7
iIdleWhenGridDoesNotNeedEnergyMinutes = 46045
iIdleWhenGridNeedsEnergyMinutes = 4599990
iEnergyPriceIsZeroMinutes = 240
harvester.getEnergyHarvestedAVAILABLEKilowattHours( ): 1.66037386E7
harvester.getEnergyHarvestedKilowattHours(): 2547015.596388884
The y-int is 28
Energy harvested: 61402.65
iGeneratingEnergyWhenGridNeedsEnergyMinutes =1297
iGeneratingEnergyWhenGridNeedsEnergyMinutes =1297
iUsingEnergyWhenGridNeedsEnergyMinutes =1
iGeneratingEnergyWhenGridHasExcessEnergyMinutes = 0
iUsingEnergyWhenGridHasExcessEnergyMinutes = 0
iIdleWhenGridDoesNotNeedEnergyMinutes = 46080
iIdleWhenGridNeedsEnergyMinutes = 4685718
iEnergyPriceIsZeroMinutes = 240
harvester.getEnergyHarvestedAVAILABLEKilowattHours( ): 1.66037386E7
harvester.getEnergyHarvestedKilowattHours(): 61402.65
The y-int is 38
Energy harvested: 0.0
iGeneratingEnergyWhenGridNeedsEnergyMinutes =0
iGeneratingEnergyWhenGridNeedsEnergyMinutes =0
iUsingEnergyWhenGridNeedsEnergyMinutes =1
iGeneratingEnergyWhenGridHasExcessEnergyMinutes = 0
iUsingEnergyWhenGridHasExcessEnergyMinutes = 0
iIdleWhenGridDoesNotNeedEnergyMinutes = 46080
iIdleWhenGridNeedsEnergyMinutes = 4687015
iEnergyPriceIsZeroMinutes = 240
harvester.getEnergyHarvestedAVAILABLEKilowattHours( ): 1.66037386E7
harvester.getEnergyHarvestedKilowattHours(): 0.0
The running average is 91
The y-int is 8
Energy harvested: 6440415.664722792
iGeneratingEnergyWhenGridNeedsEnergyMinutes =805788
iGeneratingEnergyWhenGridNeedsEnergyMinutes =805788
iUsingEnergyWhenGridNeedsEnergyMinutes =36606
iGeneratingEnergyWhenGridHasExcessEnergyMinutes = 1652
iUsingEnergyWhenGridHasExcessEnergyMinutes = 57
iIdleWhenGridDoesNotNeedEnergyMinutes = 44371
iIdleWhenGridNeedsEnergyMinutes = 3844622
iEnergyPriceIsZeroMinutes = 240
harvester.getEnergyHarvestedAVAILABLEKilowattHours( ): 1.66037386E7
harvester.getEnergyHarvestedKilowattHours(): 6440415.664722792
The y-int is 18
Energy harvested: 2480258.3397222133
iGeneratingEnergyWhenGridNeedsEnergyMinutes =85749
iGeneratingEnergyWhenGridNeedsEnergyMinutes =85749
iUsingEnergyWhenGridNeedsEnergyMinutes =258
iGeneratingEnergyWhenGridHasExcessEnergyMinutes = 0
iUsingEnergyWhenGridHasExcessEnergyMinutes = 0
iIdleWhenGridDoesNotNeedEnergyMinutes = 46080
iIdleWhenGridNeedsEnergyMinutes = 4601009
iEnergyPriceIsZeroMinutes = 240
harvester.getEnergyHarvestedAVAILABLEKilowattHours( ): 1.66037386E7
harvester.getEnergyHarvestedKilowattHours(): 2480258.3397222133
The y-int is 28
Energy harvested: 54449.25
iGeneratingEnergyWhenGridNeedsEnergyMinutes =1161
iGeneratingEnergyWhenGridNeedsEnergyMinutes =1161
iUsingEnergyWhenGridNeedsEnergyMinutes =1
iGeneratingEnergyWhenGridHasExcessEnergyMinutes = 0
iUsingEnergyWhenGridHasExcessEnergyMinutes = 0
iIdleWhenGridDoesNotNeedEnergyMinutes = 46080
iIdleWhenGridNeedsEnergyMinutes = 4685854
iEnergyPriceIsZeroMinutes = 240
harvester.getEnergyHarvestedAVAILABLEKilowattHours( ): 1.66037386E7
harvester.getEnergyHarvestedKilowattHours(): 54449.25
The y-int is 38
Energy harvested: 0.0
iGeneratingEnergyWhenGridNeedsEnergyMinutes =0
iGeneratingEnergyWhenGridNeedsEnergyMinutes =0
iUsingEnergyWhenGridNeedsEnergyMinutes =1
iGeneratingEnergyWhenGridHasExcessEnergyMinutes = 0
iUsingEnergyWhenGridHasExcessEnergyMinutes = 0
iIdleWhenGridDoesNotNeedEnergyMinutes = 46080
iIdleWhenGridNeedsEnergyMinutes = 4687015
iEnergyPriceIsZeroMinutes = 240
harvester.getEnergyHarvestedAVAILABLEKilowattHours( ): 1.66037386E7
harvester.getEnergyHarvestedKilowattHours(): 0.0
The running average is 121
The y-int is 8
Energy harvested: 6442213.276667151
iGeneratingEnergyWhenGridNeedsEnergyMinutes =803832
iGeneratingEnergyWhenGridNeedsEnergyMinutes =803832
iUsingEnergyWhenGridNeedsEnergyMinutes =34268
iGeneratingEnergyWhenGridHasExcessEnergyMinutes = 1608
iUsingEnergyWhenGridHasExcessEnergyMinutes = 57
iIdleWhenGridDoesNotNeedEnergyMinutes = 44415
iIdleWhenGridNeedsEnergyMinutes = 3848916
iEnergyPriceIsZeroMinutes = 240
harvester.getEnergyHarvestedAVAILABLEKilowattHours( ): 1.66037386E7
harvester.getEnergyHarvestedKilowattHours(): 6442213.276667151
The y-int is 18
Energy harvested: 2398769.818333336
iGeneratingEnergyWhenGridNeedsEnergyMinutes =83739
iGeneratingEnergyWhenGridNeedsEnergyMinutes =83739
iUsingEnergyWhenGridNeedsEnergyMinutes =212
iGeneratingEnergyWhenGridHasExcessEnergyMinutes = 0
iUsingEnergyWhenGridHasExcessEnergyMinutes = 0
iIdleWhenGridDoesNotNeedEnergyMinutes = 46080
iIdleWhenGridNeedsEnergyMinutes = 4603065
iEnergyPriceIsZeroMinutes = 240
harvester.getEnergyHarvestedAVAILABLEKilowattHours( ): 1.66037386E7
harvester.getEnergyHarvestedKilowattHours(): 2398769.818333336
The y-int is 28
Energy harvested: 51589.01666666667
iGeneratingEnergyWhenGridNeedsEnergyMinutes =1109
iGeneratingEnergyWhenGridNeedsEnergyMinutes =1109
iUsingEnergyWhenGridNeedsEnergyMinutes =1
iGeneratingEnergyWhenGridHasExcessEnergyMinutes = 0
iUsingEnergyWhenGridHasExcessEnergyMinutes = 0
iIdleWhenGridDoesNotNeedEnergyMinutes = 46080
iIdleWhenGridNeedsEnergyMinutes = 4685906
iEnergyPriceIsZeroMinutes = 240
harvester.getEnergyHarvestedAVAILABLEKilowattHours( ): 1.66037386E7
harvester.getEnergyHarvestedKilowattHours(): 51589.01666666667
The y-int is 38
Energy harvested: 0.0
iGeneratingEnergyWhenGridNeedsEnergyMinutes =0
iGeneratingEnergyWhenGridNeedsEnergyMinutes =0
iUsingEnergyWhenGridNeedsEnergyMinutes =1
iGeneratingEnergyWhenGridHasExcessEnergyMinutes = 0
iUsingEnergyWhenGridHasExcessEnergyMinutes = 0
iIdleWhenGridDoesNotNeedEnergyMinutes = 46080
iIdleWhenGridNeedsEnergyMinutes = 4687015
iEnergyPriceIsZeroMinutes = 240
harvester.getEnergyHarvestedAVAILABLEKilowattHours( ): 1.66037386E7
harvester.getEnergyHarvestedKilowattHours(): 0.0
Beginning testing mode:
station,&,y_intercept_for_month_1,&,running_average_size_minutes_for_month_1,&,y_intercept_for_month_2,&,running_average_size_minutes_for_month_2,&,y_intercept_for_month_3,&,running_average_size_minutes_for_month_3,&,y_intercept_for_month_4,&,running_average_size_minutes_for_month_4,&,y_intercept_for_month_5,&,running_average_size_minutes_for_month_5,&,y_intercept_for_month_6,&,running_average_size_minutes_for_month_6,&,y_intercept_for_month_7,&,running_average_size_minutes_for_month_7,&,y_intercept_for_month_8,&,running_average_size_minutes_for_month_8,&,y_intercept_for_month_9,&,running_average_size_minutes_for_month_9,&,y_intercept_for_month_10,&,running_average_size_minutes_for_month_10,&,y_intercept_for_month_11,&,running_average_size_minutes_for_month_11,&,y_intercept_for_month_12,&,running_average_size_minutes_for_month_12,&,dNetNorm,&,dMarketBalancePercentage,&,dMarketNetNorm,
results: KPHL,&,8,&,121,&,8,&,121,&,8,&,121,&,8,&,121,&,8,&,121,&,8,&,121,&,8,&,121,&,8,&,121,&,8,&,121,&,8,&,121,&,8,&,121,&,8,&,121,&,0.4024708999887969,&,0.9294138836598573,&,0.3740620422186658
monthly visible minutes:KPHL,&,2013,&,8672,&,8672,&,8672,&,8672,&,8672,&,8672,&,8672,&,8672,&,8672,&,8672,&,8672,&,8672,&,
monthly visible minutes:KPHL,&,2014,&,8672,&,8672,&,8672,&,8672,&,8672,&,8672,&,8672,&,8672,&,8672,&,8672,&,8672,&,8672,&,
monthly minutes harvester between states:KPHL,&,2013,&,760,&,684,&,532,&,646,&,684,&,950,&,760,&,798,&,798,&,623,&,571,&,722,&,
monthly minutes harvester between states:KPHL,&,2014,&,646,&,646,&,608,&,608,&,836,&,988,&,836,&,836,&,836,&,684,&,760,&,655,&,
station,&,y_intercept_for_month_1,&,running_average_size_minutes_for_month_1,&,y_intercept_for_month_2,&,running_average_size_minutes_for_month_2,&,y_intercept_for_month_3,&,running_average_size_minutes_for_month_3,&,y_intercept_for_month_4,&,running_average_size_minutes_for_month_4,&,y_intercept_for_month_5,&,running_average_size_minutes_for_month_5,&,y_intercept_for_month_6,&,running_average_size_minutes_for_month_6,&,y_intercept_for_month_7,&,running_average_size_minutes_for_month_7,&,y_intercept_for_month_8,&,running_average_size_minutes_for_month_8,&,y_intercept_for_month_9,&,running_average_size_minutes_for_month_9,&,y_intercept_for_month_10,&,running_average_size_minutes_for_month_10,&,y_intercept_for_month_11,&,running_average_size_minutes_for_month_11,&,y_intercept_for_month_12,&,running_average_size_minutes_for_month_12,&,dNetNorm,&,dMarketBalancePercentage,&,dMarketNetNorm,
results: KPHL,&,8,&,121,&,8,&,121,&,8,&,121,&,8,&,121,&,8,&,121,&,8,&,121,&,8,&,121,&,8,&,121,&,8,&,121,&,8,&,121,&,8,&,121,&,8,&,121,&,0.4024708999887969,&,0.9294080736247647,&,0.3740597038486131
monthly visible minutes:KPHL,&,2013,&,8672,&,8672,&,8672,&,8672,&,8672,&,8672,&,8672,&,8672,&,8672,&,8672,&,8672,&,8672,&,
monthly visible minutes:KPHL,&,2014,&,8672,&,8672,&,8672,&,8672,&,8672,&,8672,&,8672,&,8672,&,8672,&,8672,&,8672,&,8672,&,
monthly minutes harvester between states:KPHL,&,2013,&,760,&,684,&,532,&,646,&,684,&,950,&,760,&,798,&,798,&,623,&,571,&,722,&,
monthly minutes harvester between states:KPHL,&,2014,&,646,&,646,&,608,&,608,&,836,&,988,&,836,&,836,&,836,&,684,&,760,&,655,&,
Station: KPHX
abc: The current path is /home/guy/retractable-wind
I have found the property file.
The training windspeed filename is /trainingKPHX2004-2012in.csv
The testing windspeed filename is /testingKPHX2013-2014in.csv
Yes, the station is KPHX
Warning: The bAlsoUsePrediction no longer has any effect
iUsedAllItsAllocatedVisibilityMinutesPerMonth: 8760
Visibility Allocation Minutes:8760
HARVESTER_SIZE_SQM is 6362
Reading file
Success: /Wind turbine power curves - wind turbine power output against wind speed in knots.csv found.
Speed (Knots) = Speed(knots) vs power (kW) , Power (kW) =V90
Speed (Knots) = 0 , Power (kW) =0
Speed (Knots) = 1 , Power (kW) =0
Speed (Knots) = 2 , Power (kW) =0
Speed (Knots) = 3 , Power (kW) =0
Speed (Knots) = 4 , Power (kW) =0
Speed (Knots) = 5 , Power (kW) =0
Speed (Knots) = 6 , Power (kW) =0
Speed (Knots) = 7 , Power (kW) =38
Speed (Knots) = 8 , Power (kW) =87
Speed (Knots) = 9 , Power (kW) =141
Speed (Knots) = 10 , Power (kW) =207
Speed (Knots) = 11 , Power (kW) =286
Speed (Knots) = 12 , Power (kW) =382
Speed (Knots) = 13 , Power (kW) =496
Speed (Knots) = 14 , Power (kW) =628
Speed (Knots) = 15 , Power (kW) =781
Speed (Knots) = 16 , Power (kW) =957
Speed (Knots) = 17 , Power (kW) =1153
Speed (Knots) = 18 , Power (kW) =1366
Speed (Knots) = 19 , Power (kW) =1589
Speed (Knots) = 20 , Power (kW) =1814
Speed (Knots) = 21 , Power (kW) =2035
Speed (Knots) = 22 , Power (kW) =2250
Speed (Knots) = 23 , Power (kW) =2452
Speed (Knots) = 24 , Power (kW) =2634
Speed (Knots) = 25 , Power (kW) =2784
Speed (Knots) = 26 , Power (kW) =2888
Speed (Knots) = 27 , Power (kW) =2949
Speed (Knots) = 28 , Power (kW) =2980
Speed (Knots) = 29 , Power (kW) =2993
Speed (Knots) = 30 , Power (kW) =3000
Speed (Knots) = 31 , Power (kW) =3000
Speed (Knots) = 32 , Power (kW) =3000
Speed (Knots) = 33 , Power (kW) =3000
Speed (Knots) = 34 , Power (kW) =3000
Speed (Knots) = 35 , Power (kW) =3000
Speed (Knots) = 36 , Power (kW) =3000
Speed (Knots) = 37 , Power (kW) =3000
Speed (Knots) = 38 , Power (kW) =3000
Speed (Knots) = 39 , Power (kW) =3000
Speed (Knots) = 40 , Power (kW) =3000
Speed (Knots) = 41 , Power (kW) =3000
Speed (Knots) = 42 , Power (kW) =3000
Speed (Knots) = 43 , Power (kW) =3000
Speed (Knots) = 44 , Power (kW) =3000
Speed (Knots) = 45 , Power (kW) =3000
Speed (Knots) = 46 , Power (kW) =3000
Speed (Knots) = 47 , Power (kW) =3000
Speed (Knots) = 48 , Power (kW) =3000
Speed (Knots) = 49 , Power (kW) =0
Speed (Knots) = 50 , Power (kW) =0
Speed (Knots) = 51 , Power (kW) =0
Speed (Knots) = 52 , Power (kW) =0
Speed (Knots) = 53 , Power (kW) =0
Speed (Knots) = 54 , Power (kW) =0
Speed (Knots) = 55 , Power (kW) =0
Speed (Knots) = 56 , Power (kW) =0
Speed (Knots) = 57 , Power (kW) =0
Speed (Knots) = 58 , Power (kW) =0
Speed (Knots) = 59 , Power (kW) =0
Speed (Knots) = 60 , Power (kW) =0
The scale is 1.0
Wind power at 10 knots in kilowatts is 207.0
Wind power in-cut-out test 0.0
Class name:edu.pitt.cs.people.guy.wind.benchmarks.Static
Success: /Noise_Allowed_Time_Definitions_All_Stations.csv found.
The station is the record is KPHX
Success: /Noise_Allowed_Time_Definitions_All_Stations.csv found.
The station is the record is KPHX
I have found the membership file for NOT WINDY.
Windspeed (knots) [0,1), Membership Value =1.000000000,1.0
Windspeed (knots) [1,2), Membership Value =0.999840232,0.99984026
Windspeed (knots) [2,3), Membership Value =0.997643830,0.9976438
Windspeed (knots) [3,4), Membership Value =0.988018066,0.9880181
Windspeed (knots) [4,5), Membership Value =0.963276854,0.96327686
Windspeed (knots) [5,6), Membership Value =0.915232731,0.9152327
Windspeed (knots) [6,7), Membership Value =0.841737190,0.8417372
Windspeed (knots) [7,8), Membership Value =0.752394815,0.7523948
Windspeed (knots) [8,9), Membership Value =0.655846350,0.65584636
Windspeed (knots) [9,10), Membership Value =0.559982578,0.5599826
Windspeed (knots) [10,11), Membership Value =0.465538138,0.46553814
Windspeed (knots) [11,12), Membership Value =0.373370176,0.37337017
Windspeed (knots) [12,13), Membership Value =0.284243261,0.28424326
Windspeed (knots) [13,14), Membership Value =0.202735662,0.20273566
Windspeed (knots) [14,15), Membership Value =0.125601648,0.12560165
Windspeed (knots) [15,16), Membership Value =0.060810185,0.060810186
Windspeed (knots) [16,17), Membership Value =0.005957039,0.005957039
Windspeed (knots) [17,18), Membership Value =0.000000000,0.0
Windspeed (knots) [18,19), Membership Value =0.000000000,0.0
Windspeed (knots) [19,20), Membership Value =0.000000000,0.0
Windspeed (knots) [20,21), Membership Value =0.000000000,0.0
Windspeed (knots) [21,22), Membership Value =0.000000000,0.0
Windspeed (knots) [22,23), Membership Value =0.000000000,0.0
Windspeed (knots) [23,24), Membership Value =0.000000000,0.0
Windspeed (knots) [24,25), Membership Value =0.000000000,0.0
Windspeed (knots) [25,26), Membership Value =0.000000000,0.0
Windspeed (knots) [26,27), Membership Value =0.000000000,0.0
Windspeed (knots) [27,28), Membership Value =0.000000000,0.0
Windspeed (knots) [28,29), Membership Value =0.000000000,0.0
Windspeed (knots) [29,30), Membership Value =0.000000000,0.0
Windspeed (knots) [30,31), Membership Value =0.000000000,0.0
Windspeed (knots) [31,32), Membership Value =0.000000000,0.0
Windspeed (knots) [32,33), Membership Value =0.000000000,0.0
Windspeed (knots) [33,34), Membership Value =0.000000000,0.0
Windspeed (knots) [34,35), Membership Value =0.000000000,0.0
Windspeed (knots) [35,36), Membership Value =0.000000000,0.0
Windspeed (knots) [36,37), Membership Value =0.000000000,0.0
Windspeed (knots) [37,38), Membership Value =0.000000000,0.0
Windspeed (knots) [38,39), Membership Value =0.000000000,0.0
Windspeed (knots) [39,40), Membership Value =0.000000000,0.0
Windspeed (knots) [40,41), Membership Value =0.000000000,0.0
Windspeed (knots) [41,42), Membership Value =0.000000000,0.0
Windspeed (knots) [42,43), Membership Value =0.000000000,0.0
Windspeed (knots) [43,44), Membership Value =0.000000000,0.0
Windspeed (knots) [44,45), Membership Value =0.000000000,0.0
Windspeed (knots) [45,46), Membership Value =0.000000000,0.0
Windspeed (knots) [46,47), Membership Value =0.000000000,0.0
Windspeed (knots) [47,48), Membership Value =0.000000000,0.0
Windspeed (knots) [48,49), Membership Value =0.000000000,0.0
Windspeed (knots) [49,50), Membership Value =0.000000000,0.0
Windspeed (knots) [50,51), Membership Value =0.000000000,0.0
Windspeed (knots) [51,52), Membership Value =0.000000000,0.0
Windspeed (knots) [52,53), Membership Value =0.000000000,0.0
Windspeed (knots) [53,54), Membership Value =0.000000000,0.0
Windspeed (knots) [54,55), Membership Value =0.000000000,0.0
Windspeed (knots) [55,56), Membership Value =0.000000000,0.0
Windspeed (knots) [56,57), Membership Value =0.000000000,0.0
Windspeed (knots) [57,58), Membership Value =0.000000000,0.0
Windspeed (knots) [58,59), Membership Value =0.000000000,0.0
Windspeed (knots) [59,60), Membership Value =0.000000000,0.0
Windspeed (knots) [60,61), Membership Value =0.000000000,0.0
Windspeed (knots) [61,62), Membership Value =0.000000000,0.0
Windspeed (knots) [62,63), Membership Value =0.000000000,0.0
Windspeed (knots) [63,64), Membership Value =0.000000000,0.0
Windspeed (knots) [64,65), Membership Value =0.000000000,0.0
Windspeed (knots) [65,66), Membership Value =0.000000000,0.0
Windspeed (knots) [66,67), Membership Value =0.000000000,0.0
Windspeed (knots) [67,68), Membership Value =0.000000000,0.0
Windspeed (knots) [68,69), Membership Value =0.000000000,0.0
Windspeed (knots) [69,70), Membership Value =0.000000000,0.0
Windspeed (knots) [70,71), Membership Value =0.000000000,0.0
Windspeed (knots) [71,72), Membership Value =0.000000000,0.0
Windspeed (knots) [72,73), Membership Value =0.000000000,0.0
Windspeed (knots) [73,74), Membership Value =0.000000000,0.0
Windspeed (knots) [74,75), Membership Value =0.000000000,0.0
Windspeed (knots) [75,76), Membership Value =0.000000000,0.0
Windspeed (knots) [76,77), Membership Value =0.000000000,0.0
Windspeed (knots) [77,78), Membership Value =0.000000000,0.0
Windspeed (knots) [78,79), Membership Value =0.000000000,0.0
Windspeed (knots) [79,80), Membership Value =0.000000000,0.0
Windspeed (knots) [80,81), Membership Value =0.000000000,0.0
Windspeed (knots) [81,82), Membership Value =0.000000000,0.0
Windspeed (knots) [82,83), Membership Value =0.000000000,0.0
Windspeed (knots) [83,84), Membership Value =0.000000000,0.0
Windspeed (knots) [84,85), Membership Value =0.000000000,0.0
Windspeed (knots) [85,86), Membership Value =0.000000000,0.0
Windspeed (knots) [86,87), Membership Value =0.000000000,0.0
Windspeed (knots) [87,88), Membership Value =0.000000000,0.0
Windspeed (knots) [88,89), Membership Value =0.000000000,0.0
Windspeed (knots) [89,90), Membership Value =0.000000000,0.0
Windspeed (knots) [90,91), Membership Value =0.000000000,0.0
Windspeed (knots) [91,92), Membership Value =0.000000000,0.0
Windspeed (knots) [92,93), Membership Value =0.000000000,0.0
Windspeed (knots) [93,94), Membership Value =0.000000000,0.0
Windspeed (knots) [94,95), Membership Value =0.000000000,0.0
Windspeed (knots) [95,96), Membership Value =0.000000000,0.0
Windspeed (knots) [96,97), Membership Value =0.000000000,0.0
Windspeed (knots) [97,98), Membership Value =0.000000000,0.0
Windspeed (knots) [98,99), Membership Value =0.000000000,0.0
Windspeed (knots) [99,100), Membership Value =0.000000000,0.0
Windspeed (knots) [100,101), Membership Value =0.000000000,0.0
Windspeed (knots) [101,102), Membership Value =0.000000000,0.0
Windspeed (knots) [102,103), Membership Value =0.000000000,0.0
Windspeed (knots) [103,104), Membership Value =0.000000000,0.0
Windspeed (knots) [104,105), Membership Value =0.000000000,0.0
Windspeed (knots) [105,106), Membership Value =0.000000000,0.0
Windspeed (knots) [106,107), Membership Value =0.000000000,0.0
Windspeed (knots) [107,108), Membership Value =0.000000000,0.0
Windspeed (knots) [108,109), Membership Value =0.000000000,0.0
Windspeed (knots) [109,110), Membership Value =0.000000000,0.0
Windspeed (knots) [110,111), Membership Value =0.000000000,0.0
Windspeed (knots) [111,112), Membership Value =0.000000000,0.0
Windspeed (knots) [112,113), Membership Value =0.000000000,0.0
Windspeed (knots) [113,114), Membership Value =0.000000000,0.0
Windspeed (knots) [114,115), Membership Value =0.000000000,0.0
Windspeed (knots) [115,116), Membership Value =0.000000000,0.0
Windspeed (knots) [116,117), Membership Value =0.000000000,0.0
Windspeed (knots) [117,118), Membership Value =0.000000000,0.0
Windspeed (knots) [118,119), Membership Value =0.000000000,0.0
Windspeed (knots) [119,120), Membership Value =0.000000000,0.0
Windspeed (knots) [120,121), Membership Value =0.000000000,0.0
Windspeed (knots) [121,122), Membership Value =0.000000000,0.0
Windspeed (knots) [122,123), Membership Value =0.000000000,0.0
Windspeed (knots) [123,124), Membership Value =0.000000000,0.0
Windspeed (knots) [124,125), Membership Value =0.000000000,0.0
LowestWindspeedThatIsWindyKnots for station KPHX is 6 knots.
Transition limited :false
bUseWeatherPrediction:false
The running average is 1
The y-int is 6
Energy harvested: 2118716.682502268
iGeneratingEnergyWhenGridNeedsEnergyMinutes =424274
iGeneratingEnergyWhenGridNeedsEnergyMinutes =424274
iUsingEnergyWhenGridNeedsEnergyMinutes =163222
iGeneratingEnergyWhenGridHasExcessEnergyMinutes = 939
iUsingEnergyWhenGridHasExcessEnergyMinutes = 80
iIdleWhenGridDoesNotNeedEnergyMinutes = 45061
iIdleWhenGridNeedsEnergyMinutes = 4100903
iEnergyPriceIsZeroMinutes = 240
harvester.getEnergyHarvestedAVAILABLEKilowattHours( ): 6110979.783333333
harvester.getEnergyHarvestedKilowattHours(): 2118716.682502268
The y-int is 16
Energy harvested: 490041.95
iGeneratingEnergyWhenGridNeedsEnergyMinutes =18260
iGeneratingEnergyWhenGridNeedsEnergyMinutes =18260
iUsingEnergyWhenGridNeedsEnergyMinutes =1
iGeneratingEnergyWhenGridHasExcessEnergyMinutes = 189
iUsingEnergyWhenGridHasExcessEnergyMinutes = 0
iIdleWhenGridDoesNotNeedEnergyMinutes = 45891
iIdleWhenGridNeedsEnergyMinutes = 4670138
iEnergyPriceIsZeroMinutes = 240
harvester.getEnergyHarvestedAVAILABLEKilowattHours( ): 6110979.783333333
harvester.getEnergyHarvestedKilowattHours(): 490041.95
The y-int is 26
Energy harvested: 8253.55
iGeneratingEnergyWhenGridNeedsEnergyMinutes =167
iGeneratingEnergyWhenGridNeedsEnergyMinutes =167
iUsingEnergyWhenGridNeedsEnergyMinutes =1
iGeneratingEnergyWhenGridHasExcessEnergyMinutes = 0
iUsingEnergyWhenGridHasExcessEnergyMinutes = 0
iIdleWhenGridDoesNotNeedEnergyMinutes = 46080
iIdleWhenGridNeedsEnergyMinutes = 4688231
iEnergyPriceIsZeroMinutes = 240
harvester.getEnergyHarvestedAVAILABLEKilowattHours( ): 6110979.783333333
harvester.getEnergyHarvestedKilowattHours(): 8253.55
The y-int is 36
Energy harvested: 0.0
iGeneratingEnergyWhenGridNeedsEnergyMinutes =0
iGeneratingEnergyWhenGridNeedsEnergyMinutes =0
iUsingEnergyWhenGridNeedsEnergyMinutes =1
iGeneratingEnergyWhenGridHasExcessEnergyMinutes = 0
iUsingEnergyWhenGridHasExcessEnergyMinutes = 0
iIdleWhenGridDoesNotNeedEnergyMinutes = 46080
iIdleWhenGridNeedsEnergyMinutes = 4688398
iEnergyPriceIsZeroMinutes = 240
harvester.getEnergyHarvestedAVAILABLEKilowattHours( ): 6110979.783333333
harvester.getEnergyHarvestedKilowattHours(): 0.0
The running average is 31
The y-int is 6
Energy harvested: 2311187.2072222107
iGeneratingEnergyWhenGridNeedsEnergyMinutes =464014
iGeneratingEnergyWhenGridNeedsEnergyMinutes =464014
iUsingEnergyWhenGridNeedsEnergyMinutes =76153
iGeneratingEnergyWhenGridHasExcessEnergyMinutes = 962
iUsingEnergyWhenGridHasExcessEnergyMinutes = 21
iIdleWhenGridDoesNotNeedEnergyMinutes = 45097
iIdleWhenGridNeedsEnergyMinutes = 4148232
iEnergyPriceIsZeroMinutes = 240
harvester.getEnergyHarvestedAVAILABLEKilowattHours( ): 6110979.783333333
harvester.getEnergyHarvestedKilowattHours(): 2311187.2072222107
The y-int is 16
Energy harvested: 514672.8716666699
iGeneratingEnergyWhenGridNeedsEnergyMinutes =22113
iGeneratingEnergyWhenGridNeedsEnergyMinutes =22113
iUsingEnergyWhenGridNeedsEnergyMinutes =884
iGeneratingEnergyWhenGridHasExcessEnergyMinutes = 208
iUsingEnergyWhenGridHasExcessEnergyMinutes = 8
iIdleWhenGridDoesNotNeedEnergyMinutes = 45864
iIdleWhenGridNeedsEnergyMinutes = 4665402
iEnergyPriceIsZeroMinutes = 240
harvester.getEnergyHarvestedAVAILABLEKilowattHours( ): 6110979.783333333
harvester.getEnergyHarvestedKilowattHours(): 514672.8716666699
The y-int is 26
Energy harvested: 9018.966666666667
iGeneratingEnergyWhenGridNeedsEnergyMinutes =197
iGeneratingEnergyWhenGridNeedsEnergyMinutes =197
iUsingEnergyWhenGridNeedsEnergyMinutes =1
iGeneratingEnergyWhenGridHasExcessEnergyMinutes = 0
iUsingEnergyWhenGridHasExcessEnergyMinutes = 0
iIdleWhenGridDoesNotNeedEnergyMinutes = 46080
iIdleWhenGridNeedsEnergyMinutes = 4688201
iEnergyPriceIsZeroMinutes = 240
harvester.getEnergyHarvestedAVAILABLEKilowattHours( ): 6110979.783333333
harvester.getEnergyHarvestedKilowattHours(): 9018.966666666667
The y-int is 36
Energy harvested: 0.0
iGeneratingEnergyWhenGridNeedsEnergyMinutes =0
iGeneratingEnergyWhenGridNeedsEnergyMinutes =0
iUsingEnergyWhenGridNeedsEnergyMinutes =1
iGeneratingEnergyWhenGridHasExcessEnergyMinutes = 0
iUsingEnergyWhenGridHasExcessEnergyMinutes = 0
iIdleWhenGridDoesNotNeedEnergyMinutes = 46080
iIdleWhenGridNeedsEnergyMinutes = 4688398
iEnergyPriceIsZeroMinutes = 240
harvester.getEnergyHarvestedAVAILABLEKilowattHours( ): 6110979.783333333
harvester.getEnergyHarvestedKilowattHours(): 0.0
The running average is 61
The y-int is 6
Energy harvested: 2308711.4033333044
iGeneratingEnergyWhenGridNeedsEnergyMinutes =458234
iGeneratingEnergyWhenGridNeedsEnergyMinutes =458234
iUsingEnergyWhenGridNeedsEnergyMinutes =57775
iGeneratingEnergyWhenGridHasExcessEnergyMinutes = 962
iUsingEnergyWhenGridHasExcessEnergyMinutes = 11
iIdleWhenGridDoesNotNeedEnergyMinutes = 45107
iIdleWhenGridNeedsEnergyMinutes = 4172390
iEnergyPriceIsZeroMinutes = 240
harvester.getEnergyHarvestedAVAILABLEKilowattHours( ): 6110979.783333333
harvester.getEnergyHarvestedKilowattHours(): 2308711.4033333044
The y-int is 16
Energy harvested: 462009.41500000044
iGeneratingEnergyWhenGridNeedsEnergyMinutes =20366
iGeneratingEnergyWhenGridNeedsEnergyMinutes =20366
iUsingEnergyWhenGridNeedsEnergyMinutes =438
iGeneratingEnergyWhenGridHasExcessEnergyMinutes = 153
iUsingEnergyWhenGridHasExcessEnergyMinutes = 11
iIdleWhenGridDoesNotNeedEnergyMinutes = 45916
iIdleWhenGridNeedsEnergyMinutes = 4667595
iEnergyPriceIsZeroMinutes = 240
harvester.getEnergyHarvestedAVAILABLEKilowattHours( ): 6110979.783333333
harvester.getEnergyHarvestedKilowattHours(): 462009.41500000044
The y-int is 26
Energy harvested: 5574.55
iGeneratingEnergyWhenGridNeedsEnergyMinutes =122
iGeneratingEnergyWhenGridNeedsEnergyMinutes =122
iUsingEnergyWhenGridNeedsEnergyMinutes =1
iGeneratingEnergyWhenGridHasExcessEnergyMinutes = 0
iUsingEnergyWhenGridHasExcessEnergyMinutes = 0
iIdleWhenGridDoesNotNeedEnergyMinutes = 46080
iIdleWhenGridNeedsEnergyMinutes = 4688276
iEnergyPriceIsZeroMinutes = 240
harvester.getEnergyHarvestedAVAILABLEKilowattHours( ): 6110979.783333333
harvester.getEnergyHarvestedKilowattHours(): 5574.55
The y-int is 36
Energy harvested: 0.0
iGeneratingEnergyWhenGridNeedsEnergyMinutes =0
iGeneratingEnergyWhenGridNeedsEnergyMinutes =0
iUsingEnergyWhenGridNeedsEnergyMinutes =1
iGeneratingEnergyWhenGridHasExcessEnergyMinutes = 0
iUsingEnergyWhenGridHasExcessEnergyMinutes = 0
iIdleWhenGridDoesNotNeedEnergyMinutes = 46080
iIdleWhenGridNeedsEnergyMinutes = 4688398
iEnergyPriceIsZeroMinutes = 240
harvester.getEnergyHarvestedAVAILABLEKilowattHours( ): 6110979.783333333
harvester.getEnergyHarvestedKilowattHours(): 0.0
The running average is 91
The y-int is 6
Energy harvested: 2287536.4683334883
iGeneratingEnergyWhenGridNeedsEnergyMinutes =446386
iGeneratingEnergyWhenGridNeedsEnergyMinutes =446386
iUsingEnergyWhenGridNeedsEnergyMinutes =51365
iGeneratingEnergyWhenGridHasExcessEnergyMinutes = 962
iUsingEnergyWhenGridHasExcessEnergyMinutes = 0
iIdleWhenGridDoesNotNeedEnergyMinutes = 45118
iIdleWhenGridNeedsEnergyMinutes = 4190648
iEnergyPriceIsZeroMinutes = 240
harvester.getEnergyHarvestedAVAILABLEKilowattHours( ): 6110979.783333333
harvester.getEnergyHarvestedKilowattHours(): 2287536.4683334883
The y-int is 16
Energy harvested: 408193.4488888883
iGeneratingEnergyWhenGridNeedsEnergyMinutes =18072
iGeneratingEnergyWhenGridNeedsEnergyMinutes =18072
iUsingEnergyWhenGridNeedsEnergyMinutes =447
iGeneratingEnergyWhenGridHasExcessEnergyMinutes = 115
iUsingEnergyWhenGridHasExcessEnergyMinutes = 4
iIdleWhenGridDoesNotNeedEnergyMinutes = 45961
iIdleWhenGridNeedsEnergyMinutes = 4669880
iEnergyPriceIsZeroMinutes = 240
harvester.getEnergyHarvestedAVAILABLEKilowattHours( ): 6110979.783333333
harvester.getEnergyHarvestedKilowattHours(): 408193.4488888883
The y-int is 26
Energy harvested: 2498.8333333333335
iGeneratingEnergyWhenGridNeedsEnergyMinutes =56
iGeneratingEnergyWhenGridNeedsEnergyMinutes =56
iUsingEnergyWhenGridNeedsEnergyMinutes =1
iGeneratingEnergyWhenGridHasExcessEnergyMinutes = 0
iUsingEnergyWhenGridHasExcessEnergyMinutes = 0
iIdleWhenGridDoesNotNeedEnergyMinutes = 46080
iIdleWhenGridNeedsEnergyMinutes = 4688342
iEnergyPriceIsZeroMinutes = 240
harvester.getEnergyHarvestedAVAILABLEKilowattHours( ): 6110979.783333333
harvester.getEnergyHarvestedKilowattHours(): 2498.8333333333335
The y-int is 36
Energy harvested: 0.0
iGeneratingEnergyWhenGridNeedsEnergyMinutes =0
iGeneratingEnergyWhenGridNeedsEnergyMinutes =0
iUsingEnergyWhenGridNeedsEnergyMinutes =1
iGeneratingEnergyWhenGridHasExcessEnergyMinutes = 0
iUsingEnergyWhenGridHasExcessEnergyMinutes = 0
iIdleWhenGridDoesNotNeedEnergyMinutes = 46080
iIdleWhenGridNeedsEnergyMinutes = 4688398
iEnergyPriceIsZeroMinutes = 240
harvester.getEnergyHarvestedAVAILABLEKilowattHours( ): 6110979.783333333
harvester.getEnergyHarvestedKilowattHours(): 0.0
The running average is 121
The y-int is 6
Energy harvested: 2267847.096111446
iGeneratingEnergyWhenGridNeedsEnergyMinutes =434636
iGeneratingEnergyWhenGridNeedsEnergyMinutes =434636
iUsingEnergyWhenGridNeedsEnergyMinutes =47385
iGeneratingEnergyWhenGridHasExcessEnergyMinutes = 959
iUsingEnergyWhenGridHasExcessEnergyMinutes = 3
iIdleWhenGridDoesNotNeedEnergyMinutes = 45118
iIdleWhenGridNeedsEnergyMinutes = 4206378
iEnergyPriceIsZeroMinutes = 240
harvester.getEnergyHarvestedAVAILABLEKilowattHours( ): 6110979.783333333
harvester.getEnergyHarvestedKilowattHours(): 2267847.096111446
The y-int is 16
Energy harvested: 362933.3519444438
iGeneratingEnergyWhenGridNeedsEnergyMinutes =15981
iGeneratingEnergyWhenGridNeedsEnergyMinutes =15981
iUsingEnergyWhenGridNeedsEnergyMinutes =392
iGeneratingEnergyWhenGridHasExcessEnergyMinutes = 78
iUsingEnergyWhenGridHasExcessEnergyMinutes = 0
iIdleWhenGridDoesNotNeedEnergyMinutes = 46002
iIdleWhenGridNeedsEnergyMinutes = 4672026
iEnergyPriceIsZeroMinutes = 240
harvester.getEnergyHarvestedAVAILABLEKilowattHours( ): 6110979.783333333
harvester.getEnergyHarvestedKilowattHours(): 362933.3519444438
The y-int is 26
Energy harvested: 298.7
iGeneratingEnergyWhenGridNeedsEnergyMinutes =6
iGeneratingEnergyWhenGridNeedsEnergyMinutes =6
iUsingEnergyWhenGridNeedsEnergyMinutes =1
iGeneratingEnergyWhenGridHasExcessEnergyMinutes = 0
iUsingEnergyWhenGridHasExcessEnergyMinutes = 0
iIdleWhenGridDoesNotNeedEnergyMinutes = 46080
iIdleWhenGridNeedsEnergyMinutes = 4688392
iEnergyPriceIsZeroMinutes = 240
harvester.getEnergyHarvestedAVAILABLEKilowattHours( ): 6110979.783333333
harvester.getEnergyHarvestedKilowattHours(): 298.7
The y-int is 36
Energy harvested: 0.0
iGeneratingEnergyWhenGridNeedsEnergyMinutes =0
iGeneratingEnergyWhenGridNeedsEnergyMinutes =0
iUsingEnergyWhenGridNeedsEnergyMinutes =1
iGeneratingEnergyWhenGridHasExcessEnergyMinutes = 0
iUsingEnergyWhenGridHasExcessEnergyMinutes = 0
iIdleWhenGridDoesNotNeedEnergyMinutes = 46080
iIdleWhenGridNeedsEnergyMinutes = 4688398
iEnergyPriceIsZeroMinutes = 240
harvester.getEnergyHarvestedAVAILABLEKilowattHours( ): 6110979.783333333
harvester.getEnergyHarvestedKilowattHours(): 0.0
Beginning testing mode:
station,&,y_intercept_for_month_1,&,running_average_size_minutes_for_month_1,&,y_intercept_for_month_2,&,running_average_size_minutes_for_month_2,&,y_intercept_for_month_3,&,running_average_size_minutes_for_month_3,&,y_intercept_for_month_4,&,running_average_size_minutes_for_month_4,&,y_intercept_for_month_5,&,running_average_size_minutes_for_month_5,&,y_intercept_for_month_6,&,running_average_size_minutes_for_month_6,&,y_intercept_for_month_7,&,running_average_size_minutes_for_month_7,&,y_intercept_for_month_8,&,running_average_size_minutes_for_month_8,&,y_intercept_for_month_9,&,running_average_size_minutes_for_month_9,&,y_intercept_for_month_10,&,running_average_size_minutes_for_month_10,&,y_intercept_for_month_11,&,running_average_size_minutes_for_month_11,&,y_intercept_for_month_12,&,running_average_size_minutes_for_month_12,&,dNetNorm,&,dMarketBalancePercentage,&,dMarketNetNorm,
results: KPHX,&,6,&,31,&,6,&,31,&,6,&,31,&,6,&,31,&,6,&,31,&,6,&,31,&,6,&,31,&,6,&,31,&,6,&,31,&,6,&,31,&,6,&,31,&,6,&,31,&,0.3406095066023703,&,0.8016367603002119,&,0.2730451014001778
monthly visible minutes:KPHX,&,2013,&,6334,&,5441,&,4768,&,8672,&,8672,&,8610,&,8672,&,8671,&,8672,&,8412,&,6693,&,6274,&,
monthly visible minutes:KPHX,&,2014,&,4420,&,5744,&,7325,&,8672,&,8668,&,8672,&,8672,&,8658,&,7366,&,6329,&,4675,&,5587,&,
monthly minutes harvester between states:KPHX,&,2013,&,1064,&,1164,&,1111,&,1571,&,1532,&,2388,&,1373,&,1879,&,1806,&,1771,&,1093,&,988,&,
monthly minutes harvester between states:KPHX,&,2014,&,917,&,1436,&,1664,&,1856,&,1476,&,1965,&,1723,&,1905,&,1943,&,1584,&,948,&,1342,&,
station,&,y_intercept_for_month_1,&,running_average_size_minutes_for_month_1,&,y_intercept_for_month_2,&,running_average_size_minutes_for_month_2,&,y_intercept_for_month_3,&,running_average_size_minutes_for_month_3,&,y_intercept_for_month_4,&,running_average_size_minutes_for_month_4,&,y_intercept_for_month_5,&,running_average_size_minutes_for_month_5,&,y_intercept_for_month_6,&,running_average_size_minutes_for_month_6,&,y_intercept_for_month_7,&,running_average_size_minutes_for_month_7,&,y_intercept_for_month_8,&,running_average_size_minutes_for_month_8,&,y_intercept_for_month_9,&,running_average_size_minutes_for_month_9,&,y_intercept_for_month_10,&,running_average_size_minutes_for_month_10,&,y_intercept_for_month_11,&,running_average_size_minutes_for_month_11,&,y_intercept_for_month_12,&,running_average_size_minutes_for_month_12,&,dNetNorm,&,dMarketBalancePercentage,&,dMarketNetNorm,
results: KPHX,&,6,&,121,&,6,&,121,&,6,&,121,&,6,&,121,&,6,&,121,&,6,&,121,&,6,&,121,&,6,&,121,&,6,&,121,&,6,&,121,&,6,&,121,&,6,&,121,&,0.33216593586517984,&,0.8720450197464842,&,0.28966365010066014
monthly visible minutes:KPHX,&,2013,&,6334,&,5441,&,4768,&,8672,&,8672,&,8610,&,8672,&,8671,&,8672,&,8412,&,6693,&,6274,&,
monthly visible minutes:KPHX,&,2014,&,4420,&,5744,&,7325,&,8672,&,8668,&,8672,&,8672,&,8658,&,7366,&,6329,&,4675,&,5587,&,
monthly minutes harvester between states:KPHX,&,2013,&,1064,&,1164,&,1111,&,1571,&,1532,&,2388,&,1373,&,1879,&,1806,&,1771,&,1093,&,988,&,
monthly minutes harvester between states:KPHX,&,2014,&,917,&,1436,&,1664,&,1856,&,1476,&,1965,&,1723,&,1905,&,1943,&,1584,&,948,&,1342,&,
Station: KPIT
abc: The current path is /home/guy/retractable-wind
I have found the property file.
The training windspeed filename is /trainingKPIT2004-2012in.csv
The testing windspeed filename is /testingKPIT2013-2014in.csv
Yes, the station is KPIT
Warning: The bAlsoUsePrediction no longer has any effect
iUsedAllItsAllocatedVisibilityMinutesPerMonth: 8760
Visibility Allocation Minutes:8760
HARVESTER_SIZE_SQM is 6362
Reading file
Success: /Wind turbine power curves - wind turbine power output against wind speed in knots.csv found.
Speed (Knots) = Speed(knots) vs power (kW) , Power (kW) =V90
Speed (Knots) = 0 , Power (kW) =0
Speed (Knots) = 1 , Power (kW) =0
Speed (Knots) = 2 , Power (kW) =0
Speed (Knots) = 3 , Power (kW) =0
Speed (Knots) = 4 , Power (kW) =0
Speed (Knots) = 5 , Power (kW) =0
Speed (Knots) = 6 , Power (kW) =0
Speed (Knots) = 7 , Power (kW) =38
Speed (Knots) = 8 , Power (kW) =87
Speed (Knots) = 9 , Power (kW) =141
Speed (Knots) = 10 , Power (kW) =207
Speed (Knots) = 11 , Power (kW) =286
Speed (Knots) = 12 , Power (kW) =382
Speed (Knots) = 13 , Power (kW) =496
Speed (Knots) = 14 , Power (kW) =628
Speed (Knots) = 15 , Power (kW) =781
Speed (Knots) = 16 , Power (kW) =957
Speed (Knots) = 17 , Power (kW) =1153
Speed (Knots) = 18 , Power (kW) =1366
Speed (Knots) = 19 , Power (kW) =1589
Speed (Knots) = 20 , Power (kW) =1814
Speed (Knots) = 21 , Power (kW) =2035
Speed (Knots) = 22 , Power (kW) =2250
Speed (Knots) = 23 , Power (kW) =2452
Speed (Knots) = 24 , Power (kW) =2634
Speed (Knots) = 25 , Power (kW) =2784
Speed (Knots) = 26 , Power (kW) =2888
Speed (Knots) = 27 , Power (kW) =2949
Speed (Knots) = 28 , Power (kW) =2980
Speed (Knots) = 29 , Power (kW) =2993
Speed (Knots) = 30 , Power (kW) =3000
Speed (Knots) = 31 , Power (kW) =3000
Speed (Knots) = 32 , Power (kW) =3000
Speed (Knots) = 33 , Power (kW) =3000
Speed (Knots) = 34 , Power (kW) =3000
Speed (Knots) = 35 , Power (kW) =3000
Speed (Knots) = 36 , Power (kW) =3000
Speed (Knots) = 37 , Power (kW) =3000
Speed (Knots) = 38 , Power (kW) =3000
Speed (Knots) = 39 , Power (kW) =3000
Speed (Knots) = 40 , Power (kW) =3000
Speed (Knots) = 41 , Power (kW) =3000
Speed (Knots) = 42 , Power (kW) =3000
Speed (Knots) = 43 , Power (kW) =3000
Speed (Knots) = 44 , Power (kW) =3000
Speed (Knots) = 45 , Power (kW) =3000
Speed (Knots) = 46 , Power (kW) =3000
Speed (Knots) = 47 , Power (kW) =3000
Speed (Knots) = 48 , Power (kW) =3000
Speed (Knots) = 49 , Power (kW) =0
Speed (Knots) = 50 , Power (kW) =0
Speed (Knots) = 51 , Power (kW) =0
Speed (Knots) = 52 , Power (kW) =0
Speed (Knots) = 53 , Power (kW) =0
Speed (Knots) = 54 , Power (kW) =0
Speed (Knots) = 55 , Power (kW) =0
Speed (Knots) = 56 , Power (kW) =0
Speed (Knots) = 57 , Power (kW) =0
Speed (Knots) = 58 , Power (kW) =0
Speed (Knots) = 59 , Power (kW) =0
Speed (Knots) = 60 , Power (kW) =0
The scale is 1.0
Wind power at 10 knots in kilowatts is 207.0
Wind power in-cut-out test 0.0
Class name:edu.pitt.cs.people.guy.wind.benchmarks.Static
Success: /Noise_Allowed_Time_Definitions_All_Stations.csv found.
The station is the record is KPIT
Success: /Noise_Allowed_Time_Definitions_All_Stations.csv found.
The station is the record is KPIT
I have found the membership file for NOT WINDY.
Windspeed (knots) [0,1), Membership Value =1.00000000,1.0
Windspeed (knots) [1,2), Membership Value =0.99989125,0.9998912
Windspeed (knots) [2,3), Membership Value =0.99872371,0.9987237
Windspeed (knots) [3,4), Membership Value =0.99363806,0.99363804
Windspeed (knots) [4,5), Membership Value =0.98028956,0.9802896
Windspeed (knots) [5,6), Membership Value =0.95471914,0.9547191
Windspeed (knots) [6,7), Membership Value =0.91492798,0.91492796
Windspeed (knots) [7,8), Membership Value =0.85881581,0.8588158
Windspeed (knots) [8,9), Membership Value =0.78766839,0.7876684
Windspeed (knots) [9,10), Membership Value =0.70331211,0.7033121
Windspeed (knots) [10,11), Membership Value =0.61076914,0.61076915
Windspeed (knots) [11,12), Membership Value =0.51436454,0.51436454
Windspeed (knots) [12,13), Membership Value =0.41845409,0.41845408
Windspeed (knots) [13,14), Membership Value =0.32501766,0.32501766
Windspeed (knots) [14,15), Membership Value =0.23678359,0.2367836
Windspeed (knots) [15,16), Membership Value =0.15551457,0.15551457
Windspeed (knots) [16,17), Membership Value =0.08122689,0.08122689
Windspeed (knots) [17,18), Membership Value =0.01593995,0.01593995
Windspeed (knots) [18,19), Membership Value =0.00000000,0.0
Windspeed (knots) [19,20), Membership Value =0.00000000,0.0
Windspeed (knots) [20,21), Membership Value =0.00000000,0.0
Windspeed (knots) [21,22), Membership Value =0.00000000,0.0
Windspeed (knots) [22,23), Membership Value =0.00000000,0.0
Windspeed (knots) [23,24), Membership Value =0.00000000,0.0
Windspeed (knots) [24,25), Membership Value =0.00000000,0.0
Windspeed (knots) [25,26), Membership Value =0.00000000,0.0
Windspeed (knots) [26,27), Membership Value =0.00000000,0.0
Windspeed (knots) [27,28), Membership Value =0.00000000,0.0
Windspeed (knots) [28,29), Membership Value =0.00000000,0.0
Windspeed (knots) [29,30), Membership Value =0.00000000,0.0
Windspeed (knots) [30,31), Membership Value =0.00000000,0.0
Windspeed (knots) [31,32), Membership Value =0.00000000,0.0
Windspeed (knots) [32,33), Membership Value =0.00000000,0.0
Windspeed (knots) [33,34), Membership Value =0.00000000,0.0
Windspeed (knots) [34,35), Membership Value =0.00000000,0.0
Windspeed (knots) [35,36), Membership Value =0.00000000,0.0
Windspeed (knots) [36,37), Membership Value =0.00000000,0.0
Windspeed (knots) [37,38), Membership Value =0.00000000,0.0
Windspeed (knots) [38,39), Membership Value =0.00000000,0.0
Windspeed (knots) [39,40), Membership Value =0.00000000,0.0
Windspeed (knots) [40,41), Membership Value =0.00000000,0.0
Windspeed (knots) [41,42), Membership Value =0.00000000,0.0
Windspeed (knots) [42,43), Membership Value =0.00000000,0.0
Windspeed (knots) [43,44), Membership Value =0.00000000,0.0
Windspeed (knots) [44,45), Membership Value =0.00000000,0.0
Windspeed (knots) [45,46), Membership Value =0.00000000,0.0
Windspeed (knots) [46,47), Membership Value =0.00000000,0.0
Windspeed (knots) [47,48), Membership Value =0.00000000,0.0
Windspeed (knots) [48,49), Membership Value =0.00000000,0.0
Windspeed (knots) [49,50), Membership Value =0.00000000,0.0
Windspeed (knots) [50,51), Membership Value =0.00000000,0.0
Windspeed (knots) [51,52), Membership Value =0.00000000,0.0
Windspeed (knots) [52,53), Membership Value =0.00000000,0.0
Windspeed (knots) [53,54), Membership Value =0.00000000,0.0
Windspeed (knots) [54,55), Membership Value =0.00000000,0.0
Windspeed (knots) [55,56), Membership Value =0.00000000,0.0
Windspeed (knots) [56,57), Membership Value =0.00000000,0.0
Windspeed (knots) [57,58), Membership Value =0.00000000,0.0
Windspeed (knots) [58,59), Membership Value =0.00000000,0.0
Windspeed (knots) [59,60), Membership Value =0.00000000,0.0
Windspeed (knots) [60,61), Membership Value =0.00000000,0.0
Windspeed (knots) [61,62), Membership Value =0.00000000,0.0
Windspeed (knots) [62,63), Membership Value =0.00000000,0.0
Windspeed (knots) [63,64), Membership Value =0.00000000,0.0
Windspeed (knots) [64,65), Membership Value =0.00000000,0.0
Windspeed (knots) [65,66), Membership Value =0.00000000,0.0
Windspeed (knots) [66,67), Membership Value =0.00000000,0.0
Windspeed (knots) [67,68), Membership Value =0.00000000,0.0
Windspeed (knots) [68,69), Membership Value =0.00000000,0.0
Windspeed (knots) [69,70), Membership Value =0.00000000,0.0
Windspeed (knots) [70,71), Membership Value =0.00000000,0.0
Windspeed (knots) [71,72), Membership Value =0.00000000,0.0
Windspeed (knots) [72,73), Membership Value =0.00000000,0.0
Windspeed (knots) [73,74), Membership Value =0.00000000,0.0
Windspeed (knots) [74,75), Membership Value =0.00000000,0.0
Windspeed (knots) [75,76), Membership Value =0.00000000,0.0
Windspeed (knots) [76,77), Membership Value =0.00000000,0.0
Windspeed (knots) [77,78), Membership Value =0.00000000,0.0
Windspeed (knots) [78,79), Membership Value =0.00000000,0.0
Windspeed (knots) [79,80), Membership Value =0.00000000,0.0
Windspeed (knots) [80,81), Membership Value =0.00000000,0.0
Windspeed (knots) [81,82), Membership Value =0.00000000,0.0
Windspeed (knots) [82,83), Membership Value =0.00000000,0.0
Windspeed (knots) [83,84), Membership Value =0.00000000,0.0
Windspeed (knots) [84,85), Membership Value =0.00000000,0.0
Windspeed (knots) [85,86), Membership Value =0.00000000,0.0
Windspeed (knots) [86,87), Membership Value =0.00000000,0.0
Windspeed (knots) [87,88), Membership Value =0.00000000,0.0
Windspeed (knots) [88,89), Membership Value =0.00000000,0.0
Windspeed (knots) [89,90), Membership Value =0.00000000,0.0
Windspeed (knots) [90,91), Membership Value =0.00000000,0.0
Windspeed (knots) [91,92), Membership Value =0.00000000,0.0
Windspeed (knots) [92,93), Membership Value =0.00000000,0.0
Windspeed (knots) [93,94), Membership Value =0.00000000,0.0
Windspeed (knots) [94,95), Membership Value =0.00000000,0.0
Windspeed (knots) [95,96), Membership Value =0.00000000,0.0
Windspeed (knots) [96,97), Membership Value =0.00000000,0.0
Windspeed (knots) [97,98), Membership Value =0.00000000,0.0
Windspeed (knots) [98,99), Membership Value =0.00000000,0.0
Windspeed (knots) [99,100), Membership Value =0.00000000,0.0
Windspeed (knots) [100,101), Membership Value =0.00000000,0.0
Windspeed (knots) [101,102), Membership Value =0.00000000,0.0
Windspeed (knots) [102,103), Membership Value =0.00000000,0.0
Windspeed (knots) [103,104), Membership Value =0.00000000,0.0
Windspeed (knots) [104,105), Membership Value =0.00000000,0.0
Windspeed (knots) [105,106), Membership Value =0.00000000,0.0
Windspeed (knots) [106,107), Membership Value =0.00000000,0.0
Windspeed (knots) [107,108), Membership Value =0.00000000,0.0
Windspeed (knots) [108,109), Membership Value =0.00000000,0.0
Windspeed (knots) [109,110), Membership Value =0.00000000,0.0
Windspeed (knots) [110,111), Membership Value =0.00000000,0.0
Windspeed (knots) [111,112), Membership Value =0.00000000,0.0
Windspeed (knots) [112,113), Membership Value =0.00000000,0.0
Windspeed (knots) [113,114), Membership Value =0.00000000,0.0
Windspeed (knots) [114,115), Membership Value =0.00000000,0.0
Windspeed (knots) [115,116), Membership Value =0.00000000,0.0
Windspeed (knots) [116,117), Membership Value =0.00000000,0.0
Windspeed (knots) [117,118), Membership Value =0.00000000,0.0
Windspeed (knots) [118,119), Membership Value =0.00000000,0.0
Windspeed (knots) [119,120), Membership Value =0.00000000,0.0
Windspeed (knots) [120,121), Membership Value =0.00000000,0.0
Windspeed (knots) [121,122), Membership Value =0.00000000,0.0
Windspeed (knots) [122,123), Membership Value =0.00000000,0.0
Windspeed (knots) [123,124), Membership Value =0.00000000,0.0
Windspeed (knots) [124,125), Membership Value =0.00000000,0.0
LowestWindspeedThatIsWindyKnots for station KPIT is 7 knots.
Transition limited :false
bUseWeatherPrediction:false
The running average is 1
The y-int is 7
Energy harvested: 4040943.920265167
iGeneratingEnergyWhenGridNeedsEnergyMinutes =669402
iGeneratingEnergyWhenGridNeedsEnergyMinutes =669402
iUsingEnergyWhenGridNeedsEnergyMinutes =112223
iGeneratingEnergyWhenGridHasExcessEnergyMinutes = 1673
iUsingEnergyWhenGridHasExcessEnergyMinutes = 260
iIdleWhenGridDoesNotNeedEnergyMinutes = 44147
iIdleWhenGridNeedsEnergyMinutes = 3906774
iEnergyPriceIsZeroMinutes = 240
harvester.getEnergyHarvestedAVAILABLEKilowattHours( ): 9992927.966666667
harvester.getEnergyHarvestedKilowattHours(): 4040943.920265167
The y-int is 17
Energy harvested: 1211090.5666666667
iGeneratingEnergyWhenGridNeedsEnergyMinutes =41453
iGeneratingEnergyWhenGridNeedsEnergyMinutes =41453
iUsingEnergyWhenGridNeedsEnergyMinutes =1
iGeneratingEnergyWhenGridHasExcessEnergyMinutes = 81
iUsingEnergyWhenGridHasExcessEnergyMinutes = 0
iIdleWhenGridDoesNotNeedEnergyMinutes = 45999
iIdleWhenGridNeedsEnergyMinutes = 4646945
iEnergyPriceIsZeroMinutes = 240
harvester.getEnergyHarvestedAVAILABLEKilowattHours( ): 9992927.966666667
harvester.getEnergyHarvestedKilowattHours(): 1211090.5666666667
The y-int is 27
Energy harvested: 10694.766666666666
iGeneratingEnergyWhenGridNeedsEnergyMinutes =215
iGeneratingEnergyWhenGridNeedsEnergyMinutes =215
iUsingEnergyWhenGridNeedsEnergyMinutes =1
iGeneratingEnergyWhenGridHasExcessEnergyMinutes = 0
iUsingEnergyWhenGridHasExcessEnergyMinutes = 0
iIdleWhenGridDoesNotNeedEnergyMinutes = 46080
iIdleWhenGridNeedsEnergyMinutes = 4688183
iEnergyPriceIsZeroMinutes = 240
harvester.getEnergyHarvestedAVAILABLEKilowattHours( ): 9992927.966666667
harvester.getEnergyHarvestedKilowattHours(): 10694.766666666666
The y-int is 37
Energy harvested: 0.0
iGeneratingEnergyWhenGridNeedsEnergyMinutes =0
iGeneratingEnergyWhenGridNeedsEnergyMinutes =0
iUsingEnergyWhenGridNeedsEnergyMinutes =1
iGeneratingEnergyWhenGridHasExcessEnergyMinutes = 0
iUsingEnergyWhenGridHasExcessEnergyMinutes = 0
iIdleWhenGridDoesNotNeedEnergyMinutes = 46080
iIdleWhenGridNeedsEnergyMinutes = 4688398
iEnergyPriceIsZeroMinutes = 240
harvester.getEnergyHarvestedAVAILABLEKilowattHours( ): 9992927.966666667
harvester.getEnergyHarvestedKilowattHours(): 0.0
The running average is 31
The y-int is 7
Energy harvested: 4273383.499160403
iGeneratingEnergyWhenGridNeedsEnergyMinutes =727885
iGeneratingEnergyWhenGridNeedsEnergyMinutes =727885
iUsingEnergyWhenGridNeedsEnergyMinutes =52771
iGeneratingEnergyWhenGridHasExcessEnergyMinutes = 1937
iUsingEnergyWhenGridHasExcessEnergyMinutes = 152
iIdleWhenGridDoesNotNeedEnergyMinutes = 43991
iIdleWhenGridNeedsEnergyMinutes = 3907743
iEnergyPriceIsZeroMinutes = 240
harvester.getEnergyHarvestedAVAILABLEKilowattHours( ): 9992927.966666667
harvester.getEnergyHarvestedKilowattHours(): 4273383.499160403
The y-int is 17
Energy harvested: 1449999.2961111355
iGeneratingEnergyWhenGridNeedsEnergyMinutes =58111
iGeneratingEnergyWhenGridNeedsEnergyMinutes =58111
iUsingEnergyWhenGridNeedsEnergyMinutes =1868
iGeneratingEnergyWhenGridHasExcessEnergyMinutes = 141
iUsingEnergyWhenGridHasExcessEnergyMinutes = 19
iIdleWhenGridDoesNotNeedEnergyMinutes = 45920
iIdleWhenGridNeedsEnergyMinutes = 4628420
iEnergyPriceIsZeroMinutes = 240
harvester.getEnergyHarvestedAVAILABLEKilowattHours( ): 9992927.966666667
harvester.getEnergyHarvestedKilowattHours(): 1449999.2961111355
The y-int is 27
Energy harvested: 21675.333333333332
iGeneratingEnergyWhenGridNeedsEnergyMinutes =458
iGeneratingEnergyWhenGridNeedsEnergyMinutes =458
iUsingEnergyWhenGridNeedsEnergyMinutes =1
iGeneratingEnergyWhenGridHasExcessEnergyMinutes = 0
iUsingEnergyWhenGridHasExcessEnergyMinutes = 0
iIdleWhenGridDoesNotNeedEnergyMinutes = 46080
iIdleWhenGridNeedsEnergyMinutes = 4687940
iEnergyPriceIsZeroMinutes = 240
harvester.getEnergyHarvestedAVAILABLEKilowattHours( ): 9992927.966666667
harvester.getEnergyHarvestedKilowattHours(): 21675.333333333332
The y-int is 37
Energy harvested: 0.0
iGeneratingEnergyWhenGridNeedsEnergyMinutes =0
iGeneratingEnergyWhenGridNeedsEnergyMinutes =0
iUsingEnergyWhenGridNeedsEnergyMinutes =1
iGeneratingEnergyWhenGridHasExcessEnergyMinutes = 0
iUsingEnergyWhenGridHasExcessEnergyMinutes = 0
iIdleWhenGridDoesNotNeedEnergyMinutes = 46080
iIdleWhenGridNeedsEnergyMinutes = 4688398
iEnergyPriceIsZeroMinutes = 240
harvester.getEnergyHarvestedAVAILABLEKilowattHours( ): 9992927.966666667
harvester.getEnergyHarvestedKilowattHours(): 0.0
The running average is 61
The y-int is 7
Energy harvested: 4299150.689995169
iGeneratingEnergyWhenGridNeedsEnergyMinutes =727180
iGeneratingEnergyWhenGridNeedsEnergyMinutes =727180
iUsingEnergyWhenGridNeedsEnergyMinutes =41340
iGeneratingEnergyWhenGridHasExcessEnergyMinutes = 1898
iUsingEnergyWhenGridHasExcessEnergyMinutes = 136
iIdleWhenGridDoesNotNeedEnergyMinutes = 44046
iIdleWhenGridNeedsEnergyMinutes = 3919879
iEnergyPriceIsZeroMinutes = 240
harvester.getEnergyHarvestedAVAILABLEKilowattHours( ): 9992927.966666667
harvester.getEnergyHarvestedKilowattHours(): 4299150.689995169
The y-int is 17
Energy harvested: 1434527.4033333461
iGeneratingEnergyWhenGridNeedsEnergyMinutes =59233
iGeneratingEnergyWhenGridNeedsEnergyMinutes =59233
iUsingEnergyWhenGridNeedsEnergyMinutes =1006
iGeneratingEnergyWhenGridHasExcessEnergyMinutes = 124
iUsingEnergyWhenGridHasExcessEnergyMinutes = 1
iIdleWhenGridDoesNotNeedEnergyMinutes = 45955
iIdleWhenGridNeedsEnergyMinutes = 4628160
iEnergyPriceIsZeroMinutes = 240
harvester.getEnergyHarvestedAVAILABLEKilowattHours( ): 9992927.966666667
harvester.getEnergyHarvestedKilowattHours(): 1434527.4033333461
The y-int is 27
Energy harvested: 23204.6
iGeneratingEnergyWhenGridNeedsEnergyMinutes =497
iGeneratingEnergyWhenGridNeedsEnergyMinutes =497
iUsingEnergyWhenGridNeedsEnergyMinutes =1
iGeneratingEnergyWhenGridHasExcessEnergyMinutes = 0
iUsingEnergyWhenGridHasExcessEnergyMinutes = 0
iIdleWhenGridDoesNotNeedEnergyMinutes = 46080
iIdleWhenGridNeedsEnergyMinutes = 4687901
iEnergyPriceIsZeroMinutes = 240
harvester.getEnergyHarvestedAVAILABLEKilowattHours( ): 9992927.966666667
harvester.getEnergyHarvestedKilowattHours(): 23204.6
The y-int is 37
Energy harvested: 0.0
iGeneratingEnergyWhenGridNeedsEnergyMinutes =0
iGeneratingEnergyWhenGridNeedsEnergyMinutes =0
iUsingEnergyWhenGridNeedsEnergyMinutes =1
iGeneratingEnergyWhenGridHasExcessEnergyMinutes = 0
iUsingEnergyWhenGridHasExcessEnergyMinutes = 0
iIdleWhenGridDoesNotNeedEnergyMinutes = 46080
iIdleWhenGridNeedsEnergyMinutes = 4688398
iEnergyPriceIsZeroMinutes = 240
harvester.getEnergyHarvestedAVAILABLEKilowattHours( ): 9992927.966666667
harvester.getEnergyHarvestedKilowattHours(): 0.0
The running average is 91
The y-int is 7
Energy harvested: 4316258.783884586
iGeneratingEnergyWhenGridNeedsEnergyMinutes =721222
iGeneratingEnergyWhenGridNeedsEnergyMinutes =721222
iUsingEnergyWhenGridNeedsEnergyMinutes =37016
iGeneratingEnergyWhenGridHasExcessEnergyMinutes = 1871
iUsingEnergyWhenGridHasExcessEnergyMinutes = 126
iIdleWhenGridDoesNotNeedEnergyMinutes = 44083
iIdleWhenGridNeedsEnergyMinutes = 3930161
iEnergyPriceIsZeroMinutes = 240
harvester.getEnergyHarvestedAVAILABLEKilowattHours( ): 9992927.966666667
harvester.getEnergyHarvestedKilowattHours(): 4316258.783884586
The y-int is 17
Energy harvested: 1366837.6544444533
iGeneratingEnergyWhenGridNeedsEnergyMinutes =57257
iGeneratingEnergyWhenGridNeedsEnergyMinutes =57257
iUsingEnergyWhenGridNeedsEnergyMinutes =656
iGeneratingEnergyWhenGridHasExcessEnergyMinutes = 49
iUsingEnergyWhenGridHasExcessEnergyMinutes = 5
iIdleWhenGridDoesNotNeedEnergyMinutes = 46026
iIdleWhenGridNeedsEnergyMinutes = 4630486
iEnergyPriceIsZeroMinutes = 240
harvester.getEnergyHarvestedAVAILABLEKilowattHours( ): 9992927.966666667
harvester.getEnergyHarvestedKilowattHours(): 1366837.6544444533
The y-int is 27
Energy harvested: 24633.933333333334
iGeneratingEnergyWhenGridNeedsEnergyMinutes =533
iGeneratingEnergyWhenGridNeedsEnergyMinutes =533
iUsingEnergyWhenGridNeedsEnergyMinutes =1
iGeneratingEnergyWhenGridHasExcessEnergyMinutes = 0
iUsingEnergyWhenGridHasExcessEnergyMinutes = 0
iIdleWhenGridDoesNotNeedEnergyMinutes = 46080
iIdleWhenGridNeedsEnergyMinutes = 4687865
iEnergyPriceIsZeroMinutes = 240
harvester.getEnergyHarvestedAVAILABLEKilowattHours( ): 9992927.966666667
harvester.getEnergyHarvestedKilowattHours(): 24633.933333333334
The y-int is 37
Energy harvested: 0.0
iGeneratingEnergyWhenGridNeedsEnergyMinutes =0
iGeneratingEnergyWhenGridNeedsEnergyMinutes =0
iUsingEnergyWhenGridNeedsEnergyMinutes =1
iGeneratingEnergyWhenGridHasExcessEnergyMinutes = 0
iUsingEnergyWhenGridHasExcessEnergyMinutes = 0
iIdleWhenGridDoesNotNeedEnergyMinutes = 46080
iIdleWhenGridNeedsEnergyMinutes = 4688398
iEnergyPriceIsZeroMinutes = 240
harvester.getEnergyHarvestedAVAILABLEKilowattHours( ): 9992927.966666667
harvester.getEnergyHarvestedKilowattHours(): 0.0
The running average is 121
The y-int is 7
Energy harvested: 4301787.258051628
iGeneratingEnergyWhenGridNeedsEnergyMinutes =712665
iGeneratingEnergyWhenGridNeedsEnergyMinutes =712665
iUsingEnergyWhenGridNeedsEnergyMinutes =34246
iGeneratingEnergyWhenGridHasExcessEnergyMinutes = 1854
iUsingEnergyWhenGridHasExcessEnergyMinutes = 133
iIdleWhenGridDoesNotNeedEnergyMinutes = 44093
iIdleWhenGridNeedsEnergyMinutes = 3941488
iEnergyPriceIsZeroMinutes = 240
harvester.getEnergyHarvestedAVAILABLEKilowattHours( ): 9992927.966666667
harvester.getEnergyHarvestedKilowattHours(): 4301787.258051628
The y-int is 17
Energy harvested: 1298938.588333338
iGeneratingEnergyWhenGridNeedsEnergyMinutes =55185
iGeneratingEnergyWhenGridNeedsEnergyMinutes =55185
iUsingEnergyWhenGridNeedsEnergyMinutes =374
iGeneratingEnergyWhenGridHasExcessEnergyMinutes = 35
iUsingEnergyWhenGridHasExcessEnergyMinutes = 1
iIdleWhenGridDoesNotNeedEnergyMinutes = 46044
iIdleWhenGridNeedsEnergyMinutes = 4632840
iEnergyPriceIsZeroMinutes = 240
harvester.getEnergyHarvestedAVAILABLEKilowattHours( ): 9992927.966666667
harvester.getEnergyHarvestedKilowattHours(): 1298938.588333338
The y-int is 27
Energy harvested: 25028.65
iGeneratingEnergyWhenGridNeedsEnergyMinutes =544
iGeneratingEnergyWhenGridNeedsEnergyMinutes =544
iUsingEnergyWhenGridNeedsEnergyMinutes =1
iGeneratingEnergyWhenGridHasExcessEnergyMinutes = 0
iUsingEnergyWhenGridHasExcessEnergyMinutes = 0
iIdleWhenGridDoesNotNeedEnergyMinutes = 46080
iIdleWhenGridNeedsEnergyMinutes = 4687854
iEnergyPriceIsZeroMinutes = 240
harvester.getEnergyHarvestedAVAILABLEKilowattHours( ): 9992927.966666667
harvester.getEnergyHarvestedKilowattHours(): 25028.65
The y-int is 37
Energy harvested: 0.0
iGeneratingEnergyWhenGridNeedsEnergyMinutes =0
iGeneratingEnergyWhenGridNeedsEnergyMinutes =0
iUsingEnergyWhenGridNeedsEnergyMinutes =1
iGeneratingEnergyWhenGridHasExcessEnergyMinutes = 0
iUsingEnergyWhenGridHasExcessEnergyMinutes = 0
iIdleWhenGridDoesNotNeedEnergyMinutes = 46080
iIdleWhenGridNeedsEnergyMinutes = 4688398
iEnergyPriceIsZeroMinutes = 240
harvester.getEnergyHarvestedAVAILABLEKilowattHours( ): 9992927.966666667
harvester.getEnergyHarvestedKilowattHours(): 0.0
Beginning testing mode:
station,&,y_intercept_for_month_1,&,running_average_size_minutes_for_month_1,&,y_intercept_for_month_2,&,running_average_size_minutes_for_month_2,&,y_intercept_for_month_3,&,running_average_size_minutes_for_month_3,&,y_intercept_for_month_4,&,running_average_size_minutes_for_month_4,&,y_intercept_for_month_5,&,running_average_size_minutes_for_month_5,&,y_intercept_for_month_6,&,running_average_size_minutes_for_month_6,&,y_intercept_for_month_7,&,running_average_size_minutes_for_month_7,&,y_intercept_for_month_8,&,running_average_size_minutes_for_month_8,&,y_intercept_for_month_9,&,running_average_size_minutes_for_month_9,&,y_intercept_for_month_10,&,running_average_size_minutes_for_month_10,&,y_intercept_for_month_11,&,running_average_size_minutes_for_month_11,&,y_intercept_for_month_12,&,running_average_size_minutes_for_month_12,&,dNetNorm,&,dMarketBalancePercentage,&,dMarketNetNorm,
results: KPIT,&,7,&,91,&,7,&,91,&,7,&,91,&,7,&,91,&,7,&,91,&,7,&,91,&,7,&,91,&,7,&,91,&,7,&,91,&,7,&,91,&,7,&,91,&,7,&,91,&,0.3932939048591703,&,0.9140150800517848,&,0.35947655993373356
monthly visible minutes:KPIT,&,2013,&,8672,&,8672,&,8672,&,8672,&,8672,&,8666,&,7889,&,8308,&,8059,&,8672,&,8662,&,8672,&,
monthly visible minutes:KPIT,&,2014,&,8672,&,8672,&,8672,&,8672,&,8672,&,8672,&,8668,&,8656,&,8672,&,8672,&,8672,&,8672,&,
monthly minutes harvester between states:KPIT,&,2013,&,760,&,760,&,456,&,637,&,570,&,684,&,950,&,912,&,836,&,874,&,578,&,697,&,
monthly minutes harvester between states:KPIT,&,2014,&,722,&,836,&,570,&,494,&,798,&,836,&,760,&,836,&,722,&,715,&,646,&,760,&,
station,&,y_intercept_for_month_1,&,running_average_size_minutes_for_month_1,&,y_intercept_for_month_2,&,running_average_size_minutes_for_month_2,&,y_intercept_for_month_3,&,running_average_size_minutes_for_month_3,&,y_intercept_for_month_4,&,running_average_size_minutes_for_month_4,&,y_intercept_for_month_5,&,running_average_size_minutes_for_month_5,&,y_intercept_for_month_6,&,running_average_size_minutes_for_month_6,&,y_intercept_for_month_7,&,running_average_size_minutes_for_month_7,&,y_intercept_for_month_8,&,running_average_size_minutes_for_month_8,&,y_intercept_for_month_9,&,running_average_size_minutes_for_month_9,&,y_intercept_for_month_10,&,running_average_size_minutes_for_month_10,&,y_intercept_for_month_11,&,running_average_size_minutes_for_month_11,&,y_intercept_for_month_12,&,running_average_size_minutes_for_month_12,&,dNetNorm,&,dMarketBalancePercentage,&,dMarketNetNorm,
results: KPIT,&,7,&,91,&,7,&,91,&,7,&,91,&,7,&,91,&,7,&,91,&,7,&,91,&,7,&,91,&,7,&,91,&,7,&,91,&,7,&,91,&,7,&,91,&,7,&,91,&,0.3932939048591703,&,0.9140085744211616,&,0.3594740013088622
monthly visible minutes:KPIT,&,2013,&,8672,&,8672,&,8672,&,8672,&,8672,&,8666,&,7889,&,8308,&,8059,&,8672,&,8662,&,8672,&,
monthly visible minutes:KPIT,&,2014,&,8672,&,8672,&,8672,&,8672,&,8672,&,8672,&,8668,&,8656,&,8672,&,8672,&,8672,&,8672,&,
monthly minutes harvester between states:KPIT,&,2013,&,760,&,760,&,456,&,637,&,570,&,684,&,950,&,912,&,836,&,874,&,578,&,697,&,
monthly minutes harvester between states:KPIT,&,2014,&,722,&,836,&,570,&,494,&,798,&,836,&,760,&,836,&,722,&,715,&,646,&,760,&,
Station: KSAC
abc: The current path is /home/guy/retractable-wind
I have found the property file.
The training windspeed filename is /trainingKSAC2004-2012in.csv
The testing windspeed filename is /testingKSAC2013-2014in.csv
Yes, the station is KSAC
Warning: The bAlsoUsePrediction no longer has any effect
iUsedAllItsAllocatedVisibilityMinutesPerMonth: 8760
Visibility Allocation Minutes:8760
HARVESTER_SIZE_SQM is 6362
Reading file
Success: /Wind turbine power curves - wind turbine power output against wind speed in knots.csv found.
Speed (Knots) = Speed(knots) vs power (kW) , Power (kW) =V90
Speed (Knots) = 0 , Power (kW) =0
Speed (Knots) = 1 , Power (kW) =0
Speed (Knots) = 2 , Power (kW) =0
Speed (Knots) = 3 , Power (kW) =0
Speed (Knots) = 4 , Power (kW) =0
Speed (Knots) = 5 , Power (kW) =0
Speed (Knots) = 6 , Power (kW) =0
Speed (Knots) = 7 , Power (kW) =38
Speed (Knots) = 8 , Power (kW) =87
Speed (Knots) = 9 , Power (kW) =141
Speed (Knots) = 10 , Power (kW) =207
Speed (Knots) = 11 , Power (kW) =286
Speed (Knots) = 12 , Power (kW) =382
Speed (Knots) = 13 , Power (kW) =496
Speed (Knots) = 14 , Power (kW) =628
Speed (Knots) = 15 , Power (kW) =781
Speed (Knots) = 16 , Power (kW) =957
Speed (Knots) = 17 , Power (kW) =1153
Speed (Knots) = 18 , Power (kW) =1366
Speed (Knots) = 19 , Power (kW) =1589
Speed (Knots) = 20 , Power (kW) =1814
Speed (Knots) = 21 , Power (kW) =2035
Speed (Knots) = 22 , Power (kW) =2250
Speed (Knots) = 23 , Power (kW) =2452
Speed (Knots) = 24 , Power (kW) =2634
Speed (Knots) = 25 , Power (kW) =2784
Speed (Knots) = 26 , Power (kW) =2888
Speed (Knots) = 27 , Power (kW) =2949
Speed (Knots) = 28 , Power (kW) =2980
Speed (Knots) = 29 , Power (kW) =2993
Speed (Knots) = 30 , Power (kW) =3000
Speed (Knots) = 31 , Power (kW) =3000
Speed (Knots) = 32 , Power (kW) =3000
Speed (Knots) = 33 , Power (kW) =3000
Speed (Knots) = 34 , Power (kW) =3000
Speed (Knots) = 35 , Power (kW) =3000
Speed (Knots) = 36 , Power (kW) =3000
Speed (Knots) = 37 , Power (kW) =3000
Speed (Knots) = 38 , Power (kW) =3000
Speed (Knots) = 39 , Power (kW) =3000
Speed (Knots) = 40 , Power (kW) =3000
Speed (Knots) = 41 , Power (kW) =3000
Speed (Knots) = 42 , Power (kW) =3000
Speed (Knots) = 43 , Power (kW) =3000
Speed (Knots) = 44 , Power (kW) =3000
Speed (Knots) = 45 , Power (kW) =3000
Speed (Knots) = 46 , Power (kW) =3000
Speed (Knots) = 47 , Power (kW) =3000
Speed (Knots) = 48 , Power (kW) =3000
Speed (Knots) = 49 , Power (kW) =0
Speed (Knots) = 50 , Power (kW) =0
Speed (Knots) = 51 , Power (kW) =0
Speed (Knots) = 52 , Power (kW) =0
Speed (Knots) = 53 , Power (kW) =0
Speed (Knots) = 54 , Power (kW) =0
Speed (Knots) = 55 , Power (kW) =0
Speed (Knots) = 56 , Power (kW) =0
Speed (Knots) = 57 , Power (kW) =0
Speed (Knots) = 58 , Power (kW) =0
Speed (Knots) = 59 , Power (kW) =0
Speed (Knots) = 60 , Power (kW) =0
The scale is 1.0
Wind power at 10 knots in kilowatts is 207.0
Wind power in-cut-out test 0.0
Class name:edu.pitt.cs.people.guy.wind.benchmarks.Static
Success: /Noise_Allowed_Time_Definitions_All_Stations.csv found.
The station is the record is KSAC
Success: /Noise_Allowed_Time_Definitions_All_Stations.csv found.
The station is the record is KSAC
I have found the membership file for NOT WINDY.
Windspeed (knots) [0,1), Membership Value =1.00000000,1.0
Windspeed (knots) [1,2), Membership Value =0.99973311,0.9997331
Windspeed (knots) [2,3), Membership Value =0.99693987,0.9969399
Windspeed (knots) [3,4), Membership Value =0.98644995,0.98644996
Windspeed (knots) [4,5), Membership Value =0.96259099,0.962591
Windspeed (knots) [5,6), Membership Value =0.92142306,0.9214231
Windspeed (knots) [6,7), Membership Value =0.86200159,0.8620016
Windspeed (knots) [7,8), Membership Value =0.78174397,0.78174394
Windspeed (knots) [8,9), Membership Value =0.68863577,0.68863577
Windspeed (knots) [9,10), Membership Value =0.58899832,0.5889983
Windspeed (knots) [10,11), Membership Value =0.48746724,0.48746723
Windspeed (knots) [11,12), Membership Value =0.38885905,0.38885906
Windspeed (knots) [12,13), Membership Value =0.29687558,0.29687557
Windspeed (knots) [13,14), Membership Value =0.21325590,0.2132559
Windspeed (knots) [14,15), Membership Value =0.13810953,0.13810953
Windspeed (knots) [15,16), Membership Value =0.07087199,0.07087199
Windspeed (knots) [16,17), Membership Value =0.01076194,0.01076194
Windspeed (knots) [17,18), Membership Value =0.00000000,0.0
Windspeed (knots) [18,19), Membership Value =0.00000000,0.0
Windspeed (knots) [19,20), Membership Value =0.00000000,0.0
Windspeed (knots) [20,21), Membership Value =0.00000000,0.0
Windspeed (knots) [21,22), Membership Value =0.00000000,0.0
Windspeed (knots) [22,23), Membership Value =0.00000000,0.0
Windspeed (knots) [23,24), Membership Value =0.00000000,0.0
Windspeed (knots) [24,25), Membership Value =0.00000000,0.0
Windspeed (knots) [25,26), Membership Value =0.00000000,0.0
Windspeed (knots) [26,27), Membership Value =0.00000000,0.0
Windspeed (knots) [27,28), Membership Value =0.00000000,0.0
Windspeed (knots) [28,29), Membership Value =0.00000000,0.0
Windspeed (knots) [29,30), Membership Value =0.00000000,0.0
Windspeed (knots) [30,31), Membership Value =0.00000000,0.0
Windspeed (knots) [31,32), Membership Value =0.00000000,0.0
Windspeed (knots) [32,33), Membership Value =0.00000000,0.0
Windspeed (knots) [33,34), Membership Value =0.00000000,0.0
Windspeed (knots) [34,35), Membership Value =0.00000000,0.0
Windspeed (knots) [35,36), Membership Value =0.00000000,0.0
Windspeed (knots) [36,37), Membership Value =0.00000000,0.0
Windspeed (knots) [37,38), Membership Value =0.00000000,0.0
Windspeed (knots) [38,39), Membership Value =0.00000000,0.0
Windspeed (knots) [39,40), Membership Value =0.00000000,0.0
Windspeed (knots) [40,41), Membership Value =0.00000000,0.0
Windspeed (knots) [41,42), Membership Value =0.00000000,0.0
Windspeed (knots) [42,43), Membership Value =0.00000000,0.0
Windspeed (knots) [43,44), Membership Value =0.00000000,0.0
Windspeed (knots) [44,45), Membership Value =0.00000000,0.0
Windspeed (knots) [45,46), Membership Value =0.00000000,0.0
Windspeed (knots) [46,47), Membership Value =0.00000000,0.0
Windspeed (knots) [47,48), Membership Value =0.00000000,0.0
Windspeed (knots) [48,49), Membership Value =0.00000000,0.0
Windspeed (knots) [49,50), Membership Value =0.00000000,0.0
Windspeed (knots) [50,51), Membership Value =0.00000000,0.0
Windspeed (knots) [51,52), Membership Value =0.00000000,0.0
Windspeed (knots) [52,53), Membership Value =0.00000000,0.0
Windspeed (knots) [53,54), Membership Value =0.00000000,0.0
Windspeed (knots) [54,55), Membership Value =0.00000000,0.0
Windspeed (knots) [55,56), Membership Value =0.00000000,0.0
Windspeed (knots) [56,57), Membership Value =0.00000000,0.0
Windspeed (knots) [57,58), Membership Value =0.00000000,0.0
Windspeed (knots) [58,59), Membership Value =0.00000000,0.0
Windspeed (knots) [59,60), Membership Value =0.00000000,0.0
Windspeed (knots) [60,61), Membership Value =0.00000000,0.0
Windspeed (knots) [61,62), Membership Value =0.00000000,0.0
Windspeed (knots) [62,63), Membership Value =0.00000000,0.0
Windspeed (knots) [63,64), Membership Value =0.00000000,0.0
Windspeed (knots) [64,65), Membership Value =0.00000000,0.0
Windspeed (knots) [65,66), Membership Value =0.00000000,0.0
Windspeed (knots) [66,67), Membership Value =0.00000000,0.0
Windspeed (knots) [67,68), Membership Value =0.00000000,0.0
Windspeed (knots) [68,69), Membership Value =0.00000000,0.0
Windspeed (knots) [69,70), Membership Value =0.00000000,0.0
Windspeed (knots) [70,71), Membership Value =0.00000000,0.0
Windspeed (knots) [71,72), Membership Value =0.00000000,0.0
Windspeed (knots) [72,73), Membership Value =0.00000000,0.0
Windspeed (knots) [73,74), Membership Value =0.00000000,0.0
Windspeed (knots) [74,75), Membership Value =0.00000000,0.0
Windspeed (knots) [75,76), Membership Value =0.00000000,0.0
Windspeed (knots) [76,77), Membership Value =0.00000000,0.0
Windspeed (knots) [77,78), Membership Value =0.00000000,0.0
Windspeed (knots) [78,79), Membership Value =0.00000000,0.0
Windspeed (knots) [79,80), Membership Value =0.00000000,0.0
Windspeed (knots) [80,81), Membership Value =0.00000000,0.0
Windspeed (knots) [81,82), Membership Value =0.00000000,0.0
Windspeed (knots) [82,83), Membership Value =0.00000000,0.0
Windspeed (knots) [83,84), Membership Value =0.00000000,0.0
Windspeed (knots) [84,85), Membership Value =0.00000000,0.0
Windspeed (knots) [85,86), Membership Value =0.00000000,0.0
Windspeed (knots) [86,87), Membership Value =0.00000000,0.0
Windspeed (knots) [87,88), Membership Value =0.00000000,0.0
Windspeed (knots) [88,89), Membership Value =0.00000000,0.0
Windspeed (knots) [89,90), Membership Value =0.00000000,0.0
Windspeed (knots) [90,91), Membership Value =0.00000000,0.0
Windspeed (knots) [91,92), Membership Value =0.00000000,0.0
Windspeed (knots) [92,93), Membership Value =0.00000000,0.0
Windspeed (knots) [93,94), Membership Value =0.00000000,0.0
Windspeed (knots) [94,95), Membership Value =0.00000000,0.0
Windspeed (knots) [95,96), Membership Value =0.00000000,0.0
Windspeed (knots) [96,97), Membership Value =0.00000000,0.0
Windspeed (knots) [97,98), Membership Value =0.00000000,0.0
Windspeed (knots) [98,99), Membership Value =0.00000000,0.0
Windspeed (knots) [99,100), Membership Value =0.00000000,0.0
Windspeed (knots) [100,101), Membership Value =0.00000000,0.0
Windspeed (knots) [101,102), Membership Value =0.00000000,0.0
Windspeed (knots) [102,103), Membership Value =0.00000000,0.0
Windspeed (knots) [103,104), Membership Value =0.00000000,0.0
Windspeed (knots) [104,105), Membership Value =0.00000000,0.0
Windspeed (knots) [105,106), Membership Value =0.00000000,0.0
Windspeed (knots) [106,107), Membership Value =0.00000000,0.0
Windspeed (knots) [107,108), Membership Value =0.00000000,0.0
Windspeed (knots) [108,109), Membership Value =0.00000000,0.0
Windspeed (knots) [109,110), Membership Value =0.00000000,0.0
Windspeed (knots) [110,111), Membership Value =0.00000000,0.0
Windspeed (knots) [111,112), Membership Value =0.00000000,0.0
Windspeed (knots) [112,113), Membership Value =0.00000000,0.0
Windspeed (knots) [113,114), Membership Value =0.00000000,0.0
Windspeed (knots) [114,115), Membership Value =0.00000000,0.0
Windspeed (knots) [115,116), Membership Value =0.00000000,0.0
Windspeed (knots) [116,117), Membership Value =0.00000000,0.0
Windspeed (knots) [117,118), Membership Value =0.00000000,0.0
Windspeed (knots) [118,119), Membership Value =0.00000000,0.0
Windspeed (knots) [119,120), Membership Value =0.00000000,0.0
Windspeed (knots) [120,121), Membership Value =0.00000000,0.0
Windspeed (knots) [121,122), Membership Value =0.00000000,0.0
Windspeed (knots) [122,123), Membership Value =0.00000000,0.0
Windspeed (knots) [123,124), Membership Value =0.00000000,0.0
Windspeed (knots) [124,125), Membership Value =0.00000000,0.0
LowestWindspeedThatIsWindyKnots for station KSAC is 6 knots.
Transition limited :false
bUseWeatherPrediction:false
The running average is 1
The y-int is 6
Energy harvested: 2763900.513327959
iGeneratingEnergyWhenGridNeedsEnergyMinutes =571934
iGeneratingEnergyWhenGridNeedsEnergyMinutes =571934
iUsingEnergyWhenGridNeedsEnergyMinutes =114032
iGeneratingEnergyWhenGridHasExcessEnergyMinutes = 1432
iUsingEnergyWhenGridHasExcessEnergyMinutes = 314
iIdleWhenGridDoesNotNeedEnergyMinutes = 44334
iIdleWhenGridNeedsEnergyMinutes = 4001316
iEnergyPriceIsZeroMinutes = 240
harvester.getEnergyHarvestedAVAILABLEKilowattHours( ): 6023616.266666667
harvester.getEnergyHarvestedKilowattHours(): 2763900.513327959
The y-int is 16
Energy harvested: 1010887.3166666667
iGeneratingEnergyWhenGridNeedsEnergyMinutes =38165
iGeneratingEnergyWhenGridNeedsEnergyMinutes =38165
iUsingEnergyWhenGridNeedsEnergyMinutes =1
iGeneratingEnergyWhenGridHasExcessEnergyMinutes = 568
iUsingEnergyWhenGridHasExcessEnergyMinutes = 0
iIdleWhenGridDoesNotNeedEnergyMinutes = 45512
iIdleWhenGridNeedsEnergyMinutes = 4649116
iEnergyPriceIsZeroMinutes = 240
harvester.getEnergyHarvestedAVAILABLEKilowattHours( ): 6023616.266666667
harvester.getEnergyHarvestedKilowattHours(): 1010887.3166666667
The y-int is 26
Energy harvested: 5285.416666666667
iGeneratingEnergyWhenGridNeedsEnergyMinutes =108
iGeneratingEnergyWhenGridNeedsEnergyMinutes =108
iUsingEnergyWhenGridNeedsEnergyMinutes =1
iGeneratingEnergyWhenGridHasExcessEnergyMinutes = 0
iUsingEnergyWhenGridHasExcessEnergyMinutes = 0
iIdleWhenGridDoesNotNeedEnergyMinutes = 46080
iIdleWhenGridNeedsEnergyMinutes = 4687173
iEnergyPriceIsZeroMinutes = 240
harvester.getEnergyHarvestedAVAILABLEKilowattHours( ): 6023616.266666667
harvester.getEnergyHarvestedKilowattHours(): 5285.416666666667
The y-int is 36
Energy harvested: 0.0
iGeneratingEnergyWhenGridNeedsEnergyMinutes =0
iGeneratingEnergyWhenGridNeedsEnergyMinutes =0
iUsingEnergyWhenGridNeedsEnergyMinutes =1
iGeneratingEnergyWhenGridHasExcessEnergyMinutes = 0
iUsingEnergyWhenGridHasExcessEnergyMinutes = 0
iIdleWhenGridDoesNotNeedEnergyMinutes = 46080
iIdleWhenGridNeedsEnergyMinutes = 4687281
iEnergyPriceIsZeroMinutes = 240
harvester.getEnergyHarvestedAVAILABLEKilowattHours( ): 6023616.266666667
harvester.getEnergyHarvestedKilowattHours(): 0.0
The running average is 31
The y-int is 6
Energy harvested: 2988975.0413856595
iGeneratingEnergyWhenGridNeedsEnergyMinutes =613972
iGeneratingEnergyWhenGridNeedsEnergyMinutes =613972
iUsingEnergyWhenGridNeedsEnergyMinutes =51895
iGeneratingEnergyWhenGridHasExcessEnergyMinutes = 1453
iUsingEnergyWhenGridHasExcessEnergyMinutes = 197
iIdleWhenGridDoesNotNeedEnergyMinutes = 44430
iIdleWhenGridNeedsEnergyMinutes = 4021415
iEnergyPriceIsZeroMinutes = 240
harvester.getEnergyHarvestedAVAILABLEKilowattHours( ): 6023616.266666667
harvester.getEnergyHarvestedKilowattHours(): 2988975.0413856595
The y-int is 16
Energy harvested: 1144674.121111124
iGeneratingEnergyWhenGridNeedsEnergyMinutes =48892
iGeneratingEnergyWhenGridNeedsEnergyMinutes =48892
iUsingEnergyWhenGridNeedsEnergyMinutes =1114
iGeneratingEnergyWhenGridHasExcessEnergyMinutes = 626
iUsingEnergyWhenGridHasExcessEnergyMinutes = 0
iIdleWhenGridDoesNotNeedEnergyMinutes = 45454
iIdleWhenGridNeedsEnergyMinutes = 4637276
iEnergyPriceIsZeroMinutes = 240
harvester.getEnergyHarvestedAVAILABLEKilowattHours( ): 6023616.266666667
harvester.getEnergyHarvestedKilowattHours(): 1144674.121111124
The y-int is 26
Energy harvested: 7577.397777777778
iGeneratingEnergyWhenGridNeedsEnergyMinutes =172
iGeneratingEnergyWhenGridNeedsEnergyMinutes =172
iUsingEnergyWhenGridNeedsEnergyMinutes =9
iGeneratingEnergyWhenGridHasExcessEnergyMinutes = 0
iUsingEnergyWhenGridHasExcessEnergyMinutes = 0
iIdleWhenGridDoesNotNeedEnergyMinutes = 46080
iIdleWhenGridNeedsEnergyMinutes = 4687101
iEnergyPriceIsZeroMinutes = 240
harvester.getEnergyHarvestedAVAILABLEKilowattHours( ): 6023616.266666667
harvester.getEnergyHarvestedKilowattHours(): 7577.397777777778
The y-int is 36
Energy harvested: 0.0
iGeneratingEnergyWhenGridNeedsEnergyMinutes =0
iGeneratingEnergyWhenGridNeedsEnergyMinutes =0
iUsingEnergyWhenGridNeedsEnergyMinutes =1
iGeneratingEnergyWhenGridHasExcessEnergyMinutes = 0
iUsingEnergyWhenGridHasExcessEnergyMinutes = 0
iIdleWhenGridDoesNotNeedEnergyMinutes = 46080
iIdleWhenGridNeedsEnergyMinutes = 4687281
iEnergyPriceIsZeroMinutes = 240
harvester.getEnergyHarvestedAVAILABLEKilowattHours( ): 6023616.266666667
harvester.getEnergyHarvestedKilowattHours(): 0.0
The running average is 61
The y-int is 6
Energy harvested: 3039157.0622195704
iGeneratingEnergyWhenGridNeedsEnergyMinutes =614740
iGeneratingEnergyWhenGridNeedsEnergyMinutes =614740
iUsingEnergyWhenGridNeedsEnergyMinutes =41052
iGeneratingEnergyWhenGridHasExcessEnergyMinutes = 1424
iUsingEnergyWhenGridHasExcessEnergyMinutes = 137
iIdleWhenGridDoesNotNeedEnergyMinutes = 44519
iIdleWhenGridNeedsEnergyMinutes = 4031490
iEnergyPriceIsZeroMinutes = 240
harvester.getEnergyHarvestedAVAILABLEKilowattHours( ): 6023616.266666667
harvester.getEnergyHarvestedKilowattHours(): 3039157.0622195704
The y-int is 16
Energy harvested: 1121798.8161111155
iGeneratingEnergyWhenGridNeedsEnergyMinutes =49000
iGeneratingEnergyWhenGridNeedsEnergyMinutes =49000
iUsingEnergyWhenGridNeedsEnergyMinutes =562
iGeneratingEnergyWhenGridHasExcessEnergyMinutes = 573
iUsingEnergyWhenGridHasExcessEnergyMinutes = 1
iIdleWhenGridDoesNotNeedEnergyMinutes = 45506
iIdleWhenGridNeedsEnergyMinutes = 4637720
iEnergyPriceIsZeroMinutes = 240
harvester.getEnergyHarvestedAVAILABLEKilowattHours( ): 6023616.266666667
harvester.getEnergyHarvestedKilowattHours(): 1121798.8161111155
The y-int is 26
Energy harvested: 5030.833333333333
iGeneratingEnergyWhenGridNeedsEnergyMinutes =121
iGeneratingEnergyWhenGridNeedsEnergyMinutes =121
iUsingEnergyWhenGridNeedsEnergyMinutes =1
iGeneratingEnergyWhenGridHasExcessEnergyMinutes = 0
iUsingEnergyWhenGridHasExcessEnergyMinutes = 0
iIdleWhenGridDoesNotNeedEnergyMinutes = 46080
iIdleWhenGridNeedsEnergyMinutes = 4687160
iEnergyPriceIsZeroMinutes = 240
harvester.getEnergyHarvestedAVAILABLEKilowattHours( ): 6023616.266666667
harvester.getEnergyHarvestedKilowattHours(): 5030.833333333333
The y-int is 36
Energy harvested: 0.0
iGeneratingEnergyWhenGridNeedsEnergyMinutes =0
iGeneratingEnergyWhenGridNeedsEnergyMinutes =0
iUsingEnergyWhenGridNeedsEnergyMinutes =1
iGeneratingEnergyWhenGridHasExcessEnergyMinutes = 0
iUsingEnergyWhenGridHasExcessEnergyMinutes = 0
iIdleWhenGridDoesNotNeedEnergyMinutes = 46080
iIdleWhenGridNeedsEnergyMinutes = 4687281
iEnergyPriceIsZeroMinutes = 240
harvester.getEnergyHarvestedAVAILABLEKilowattHours( ): 6023616.266666667
harvester.getEnergyHarvestedKilowattHours(): 0.0
The running average is 91
The y-int is 6
Energy harvested: 3060419.308886556
iGeneratingEnergyWhenGridNeedsEnergyMinutes =611618
iGeneratingEnergyWhenGridNeedsEnergyMinutes =611618
iUsingEnergyWhenGridNeedsEnergyMinutes =36791
iGeneratingEnergyWhenGridHasExcessEnergyMinutes = 1391
iUsingEnergyWhenGridHasExcessEnergyMinutes = 105
iIdleWhenGridDoesNotNeedEnergyMinutes = 44584
iIdleWhenGridNeedsEnergyMinutes = 4038873
iEnergyPriceIsZeroMinutes = 240
harvester.getEnergyHarvestedAVAILABLEKilowattHours( ): 6023616.266666667
harvester.getEnergyHarvestedKilowattHours(): 3060419.308886556
The y-int is 16
Energy harvested: 1089871.244722225
iGeneratingEnergyWhenGridNeedsEnergyMinutes =48435
iGeneratingEnergyWhenGridNeedsEnergyMinutes =48435
iUsingEnergyWhenGridNeedsEnergyMinutes =355
iGeneratingEnergyWhenGridHasExcessEnergyMinutes = 498
iUsingEnergyWhenGridHasExcessEnergyMinutes = 4
iIdleWhenGridDoesNotNeedEnergyMinutes = 45578
iIdleWhenGridNeedsEnergyMinutes = 4638492
iEnergyPriceIsZeroMinutes = 240
harvester.getEnergyHarvestedAVAILABLEKilowattHours( ): 6023616.266666667
harvester.getEnergyHarvestedKilowattHours(): 1089871.244722225
The y-int is 26
Energy harvested: 1563.9166666666667
iGeneratingEnergyWhenGridNeedsEnergyMinutes =47
iGeneratingEnergyWhenGridNeedsEnergyMinutes =47
iUsingEnergyWhenGridNeedsEnergyMinutes =1
iGeneratingEnergyWhenGridHasExcessEnergyMinutes = 0
iUsingEnergyWhenGridHasExcessEnergyMinutes = 0
iIdleWhenGridDoesNotNeedEnergyMinutes = 46080
iIdleWhenGridNeedsEnergyMinutes = 4687234
iEnergyPriceIsZeroMinutes = 240
harvester.getEnergyHarvestedAVAILABLEKilowattHours( ): 6023616.266666667
harvester.getEnergyHarvestedKilowattHours(): 1563.9166666666667
The y-int is 36
Energy harvested: 0.0
iGeneratingEnergyWhenGridNeedsEnergyMinutes =0
iGeneratingEnergyWhenGridNeedsEnergyMinutes =0
iUsingEnergyWhenGridNeedsEnergyMinutes =1
iGeneratingEnergyWhenGridHasExcessEnergyMinutes = 0
iUsingEnergyWhenGridHasExcessEnergyMinutes = 0
iIdleWhenGridDoesNotNeedEnergyMinutes = 46080
iIdleWhenGridNeedsEnergyMinutes = 4687281
iEnergyPriceIsZeroMinutes = 240
harvester.getEnergyHarvestedAVAILABLEKilowattHours( ): 6023616.266666667
harvester.getEnergyHarvestedKilowattHours(): 0.0
The running average is 121
The y-int is 6
Energy harvested: 3063964.467497816
iGeneratingEnergyWhenGridNeedsEnergyMinutes =605361
iGeneratingEnergyWhenGridNeedsEnergyMinutes =605361
iUsingEnergyWhenGridNeedsEnergyMinutes =34577
iGeneratingEnergyWhenGridHasExcessEnergyMinutes = 1371
iUsingEnergyWhenGridHasExcessEnergyMinutes = 97
iIdleWhenGridDoesNotNeedEnergyMinutes = 44612
iIdleWhenGridNeedsEnergyMinutes = 4047344
iEnergyPriceIsZeroMinutes = 240
harvester.getEnergyHarvestedAVAILABLEKilowattHours( ): 6023616.266666667
harvester.getEnergyHarvestedKilowattHours(): 3063964.467497816
The y-int is 16
Energy harvested: 1049490.827500003
iGeneratingEnergyWhenGridNeedsEnergyMinutes =47466
iGeneratingEnergyWhenGridNeedsEnergyMinutes =47466
iUsingEnergyWhenGridNeedsEnergyMinutes =302
iGeneratingEnergyWhenGridHasExcessEnergyMinutes = 467
iUsingEnergyWhenGridHasExcessEnergyMinutes = 0
iIdleWhenGridDoesNotNeedEnergyMinutes = 45613
iIdleWhenGridNeedsEnergyMinutes = 4639514
iEnergyPriceIsZeroMinutes = 240
harvester.getEnergyHarvestedAVAILABLEKilowattHours( ): 6023616.266666667
harvester.getEnergyHarvestedKilowattHours(): 1049490.827500003
The y-int is 26
Energy harvested: 1240.2833333333333
iGeneratingEnergyWhenGridNeedsEnergyMinutes =42
iGeneratingEnergyWhenGridNeedsEnergyMinutes =42
iUsingEnergyWhenGridNeedsEnergyMinutes =1
iGeneratingEnergyWhenGridHasExcessEnergyMinutes = 0
iUsingEnergyWhenGridHasExcessEnergyMinutes = 0
iIdleWhenGridDoesNotNeedEnergyMinutes = 46080
iIdleWhenGridNeedsEnergyMinutes = 4687239
iEnergyPriceIsZeroMinutes = 240
harvester.getEnergyHarvestedAVAILABLEKilowattHours( ): 6023616.266666667
harvester.getEnergyHarvestedKilowattHours(): 1240.2833333333333
The y-int is 36
Energy harvested: 0.0
iGeneratingEnergyWhenGridNeedsEnergyMinutes =0
iGeneratingEnergyWhenGridNeedsEnergyMinutes =0
iUsingEnergyWhenGridNeedsEnergyMinutes =1
iGeneratingEnergyWhenGridHasExcessEnergyMinutes = 0
iUsingEnergyWhenGridHasExcessEnergyMinutes = 0
iIdleWhenGridDoesNotNeedEnergyMinutes = 46080
iIdleWhenGridNeedsEnergyMinutes = 4687281
iEnergyPriceIsZeroMinutes = 240
harvester.getEnergyHarvestedAVAILABLEKilowattHours( ): 6023616.266666667
harvester.getEnergyHarvestedKilowattHours(): 0.0
Beginning testing mode:
station,&,y_intercept_for_month_1,&,running_average_size_minutes_for_month_1,&,y_intercept_for_month_2,&,running_average_size_minutes_for_month_2,&,y_intercept_for_month_3,&,running_average_size_minutes_for_month_3,&,y_intercept_for_month_4,&,running_average_size_minutes_for_month_4,&,y_intercept_for_month_5,&,running_average_size_minutes_for_month_5,&,y_intercept_for_month_6,&,running_average_size_minutes_for_month_6,&,y_intercept_for_month_7,&,running_average_size_minutes_for_month_7,&,y_intercept_for_month_8,&,running_average_size_minutes_for_month_8,&,y_intercept_for_month_9,&,running_average_size_minutes_for_month_9,&,y_intercept_for_month_10,&,running_average_size_minutes_for_month_10,&,y_intercept_for_month_11,&,running_average_size_minutes_for_month_11,&,y_intercept_for_month_12,&,running_average_size_minutes_for_month_12,&,dNetNorm,&,dMarketBalancePercentage,&,dMarketNetNorm,
results: KSAC,&,6,&,121,&,6,&,121,&,6,&,121,&,6,&,121,&,6,&,121,&,6,&,121,&,6,&,121,&,6,&,121,&,6,&,121,&,6,&,121,&,6,&,121,&,6,&,121,&,0.5130492277786075,&,0.9299718504617512,&,0.4771213397352441
monthly visible minutes:KSAC,&,2013,&,5284,&,8467,&,8672,&,8672,&,8672,&,8672,&,8672,&,8672,&,8663,&,7394,&,5194,&,5035,&,
monthly visible minutes:KSAC,&,2014,&,3208,&,8672,&,8672,&,8672,&,8672,&,8672,&,8672,&,8672,&,8672,&,5998,&,4223,&,8672,&,
monthly minutes harvester between states:KSAC,&,2013,&,570,&,722,&,684,&,608,&,684,&,684,&,570,&,646,&,608,&,570,&,380,&,418,&,
monthly minutes harvester between states:KSAC,&,2014,&,228,&,722,&,608,&,684,&,646,&,722,&,646,&,760,&,697,&,608,&,456,&,722,&,
station,&,y_intercept_for_month_1,&,running_average_size_minutes_for_month_1,&,y_intercept_for_month_2,&,running_average_size_minutes_for_month_2,&,y_intercept_for_month_3,&,running_average_size_minutes_for_month_3,&,y_intercept_for_month_4,&,running_average_size_minutes_for_month_4,&,y_intercept_for_month_5,&,running_average_size_minutes_for_month_5,&,y_intercept_for_month_6,&,running_average_size_minutes_for_month_6,&,y_intercept_for_month_7,&,running_average_size_minutes_for_month_7,&,y_intercept_for_month_8,&,running_average_size_minutes_for_month_8,&,y_intercept_for_month_9,&,running_average_size_minutes_for_month_9,&,y_intercept_for_month_10,&,running_average_size_minutes_for_month_10,&,y_intercept_for_month_11,&,running_average_size_minutes_for_month_11,&,y_intercept_for_month_12,&,running_average_size_minutes_for_month_12,&,dNetNorm,&,dMarketBalancePercentage,&,dMarketNetNorm,
results: KSAC,&,6,&,121,&,6,&,121,&,6,&,121,&,6,&,121,&,6,&,121,&,6,&,121,&,6,&,121,&,6,&,121,&,6,&,121,&,6,&,121,&,6,&,121,&,6,&,121,&,0.5130492277786075,&,0.9299636196026141,&,0.47711711689931985
monthly visible minutes:KSAC,&,2013,&,5284,&,8467,&,8672,&,8672,&,8672,&,8672,&,8672,&,8672,&,8663,&,7394,&,5194,&,5035,&,
monthly visible minutes:KSAC,&,2014,&,3208,&,8672,&,8672,&,8672,&,8672,&,8672,&,8672,&,8672,&,8672,&,5998,&,4223,&,8672,&,
monthly minutes harvester between states:KSAC,&,2013,&,570,&,722,&,684,&,608,&,684,&,684,&,570,&,646,&,608,&,570,&,380,&,418,&,
monthly minutes harvester between states:KSAC,&,2014,&,228,&,722,&,608,&,684,&,646,&,722,&,646,&,760,&,697,&,608,&,456,&,722,&,
Station: KSAN
abc: The current path is /home/guy/retractable-wind
I have found the property file.
The training windspeed filename is /trainingKSAN2004-2012in.csv
The testing windspeed filename is /testingKSAN2013-2014in.csv
Yes, the station is KSAN
Warning: The bAlsoUsePrediction no longer has any effect
iUsedAllItsAllocatedVisibilityMinutesPerMonth: 8760
Visibility Allocation Minutes:8760
HARVESTER_SIZE_SQM is 6362
Reading file
Success: /Wind turbine power curves - wind turbine power output against wind speed in knots.csv found.
Speed (Knots) = Speed(knots) vs power (kW) , Power (kW) =V90
Speed (Knots) = 0 , Power (kW) =0
Speed (Knots) = 1 , Power (kW) =0
Speed (Knots) = 2 , Power (kW) =0
Speed (Knots) = 3 , Power (kW) =0
Speed (Knots) = 4 , Power (kW) =0
Speed (Knots) = 5 , Power (kW) =0
Speed (Knots) = 6 , Power (kW) =0
Speed (Knots) = 7 , Power (kW) =38
Speed (Knots) = 8 , Power (kW) =87
Speed (Knots) = 9 , Power (kW) =141
Speed (Knots) = 10 , Power (kW) =207
Speed (Knots) = 11 , Power (kW) =286
Speed (Knots) = 12 , Power (kW) =382
Speed (Knots) = 13 , Power (kW) =496
Speed (Knots) = 14 , Power (kW) =628
Speed (Knots) = 15 , Power (kW) =781
Speed (Knots) = 16 , Power (kW) =957
Speed (Knots) = 17 , Power (kW) =1153
Speed (Knots) = 18 , Power (kW) =1366
Speed (Knots) = 19 , Power (kW) =1589
Speed (Knots) = 20 , Power (kW) =1814
Speed (Knots) = 21 , Power (kW) =2035
Speed (Knots) = 22 , Power (kW) =2250
Speed (Knots) = 23 , Power (kW) =2452
Speed (Knots) = 24 , Power (kW) =2634
Speed (Knots) = 25 , Power (kW) =2784
Speed (Knots) = 26 , Power (kW) =2888
Speed (Knots) = 27 , Power (kW) =2949
Speed (Knots) = 28 , Power (kW) =2980
Speed (Knots) = 29 , Power (kW) =2993
Speed (Knots) = 30 , Power (kW) =3000
Speed (Knots) = 31 , Power (kW) =3000
Speed (Knots) = 32 , Power (kW) =3000
Speed (Knots) = 33 , Power (kW) =3000
Speed (Knots) = 34 , Power (kW) =3000
Speed (Knots) = 35 , Power (kW) =3000
Speed (Knots) = 36 , Power (kW) =3000
Speed (Knots) = 37 , Power (kW) =3000
Speed (Knots) = 38 , Power (kW) =3000
Speed (Knots) = 39 , Power (kW) =3000
Speed (Knots) = 40 , Power (kW) =3000
Speed (Knots) = 41 , Power (kW) =3000
Speed (Knots) = 42 , Power (kW) =3000
Speed (Knots) = 43 , Power (kW) =3000
Speed (Knots) = 44 , Power (kW) =3000
Speed (Knots) = 45 , Power (kW) =3000
Speed (Knots) = 46 , Power (kW) =3000
Speed (Knots) = 47 , Power (kW) =3000
Speed (Knots) = 48 , Power (kW) =3000
Speed (Knots) = 49 , Power (kW) =0
Speed (Knots) = 50 , Power (kW) =0
Speed (Knots) = 51 , Power (kW) =0
Speed (Knots) = 52 , Power (kW) =0
Speed (Knots) = 53 , Power (kW) =0
Speed (Knots) = 54 , Power (kW) =0
Speed (Knots) = 55 , Power (kW) =0
Speed (Knots) = 56 , Power (kW) =0
Speed (Knots) = 57 , Power (kW) =0
Speed (Knots) = 58 , Power (kW) =0
Speed (Knots) = 59 , Power (kW) =0
Speed (Knots) = 60 , Power (kW) =0
The scale is 1.0
Wind power at 10 knots in kilowatts is 207.0
Wind power in-cut-out test 0.0
Class name:edu.pitt.cs.people.guy.wind.benchmarks.Static
Success: /Noise_Allowed_Time_Definitions_All_Stations.csv found.
The station is the record is KSAN
Success: /Noise_Allowed_Time_Definitions_All_Stations.csv found.
The station is the record is KSAN
I have found the membership file for NOT WINDY.
Windspeed (knots) [0,1), Membership Value =1.00000000,1.0
Windspeed (knots) [1,2), Membership Value =0.99969692,0.9996969
Windspeed (knots) [2,3), Membership Value =0.99611795,0.99611795
Windspeed (knots) [3,4), Membership Value =0.98306339,0.9830634
Windspeed (knots) [4,5), Membership Value =0.95248416,0.95248413
Windspeed (knots) [5,6), Membership Value =0.89824335,0.89824337
Windspeed (knots) [6,7), Membership Value =0.81762056,0.8176206
Windspeed (knots) [7,8), Membership Value =0.70590716,0.70590717
Windspeed (knots) [8,9), Membership Value =0.56347230,0.5634723
Windspeed (knots) [9,10), Membership Value =0.40870040,0.4087004
Windspeed (knots) [10,11), Membership Value =0.26055232,0.26055232
Windspeed (knots) [11,12), Membership Value =0.13012901,0.13012901
Windspeed (knots) [12,13), Membership Value =0.03512288,0.03512288
Windspeed (knots) [13,14), Membership Value =0.00000000,0.0
Windspeed (knots) [14,15), Membership Value =0.00000000,0.0
Windspeed (knots) [15,16), Membership Value =0.00000000,0.0
Windspeed (knots) [16,17), Membership Value =0.00000000,0.0
Windspeed (knots) [17,18), Membership Value =0.00000000,0.0
Windspeed (knots) [18,19), Membership Value =0.00000000,0.0
Windspeed (knots) [19,20), Membership Value =0.00000000,0.0
Windspeed (knots) [20,21), Membership Value =0.00000000,0.0
Windspeed (knots) [21,22), Membership Value =0.00000000,0.0
Windspeed (knots) [22,23), Membership Value =0.00000000,0.0
Windspeed (knots) [23,24), Membership Value =0.00000000,0.0
Windspeed (knots) [24,25), Membership Value =0.00000000,0.0
Windspeed (knots) [25,26), Membership Value =0.00000000,0.0
Windspeed (knots) [26,27), Membership Value =0.00000000,0.0
Windspeed (knots) [27,28), Membership Value =0.00000000,0.0
Windspeed (knots) [28,29), Membership Value =0.00000000,0.0
Windspeed (knots) [29,30), Membership Value =0.00000000,0.0
Windspeed (knots) [30,31), Membership Value =0.00000000,0.0
Windspeed (knots) [31,32), Membership Value =0.00000000,0.0
Windspeed (knots) [32,33), Membership Value =0.00000000,0.0
Windspeed (knots) [33,34), Membership Value =0.00000000,0.0
Windspeed (knots) [34,35), Membership Value =0.00000000,0.0
Windspeed (knots) [35,36), Membership Value =0.00000000,0.0
Windspeed (knots) [36,37), Membership Value =0.00000000,0.0
Windspeed (knots) [37,38), Membership Value =0.00000000,0.0
Windspeed (knots) [38,39), Membership Value =0.00000000,0.0
Windspeed (knots) [39,40), Membership Value =0.00000000,0.0
Windspeed (knots) [40,41), Membership Value =0.00000000,0.0
Windspeed (knots) [41,42), Membership Value =0.00000000,0.0
Windspeed (knots) [42,43), Membership Value =0.00000000,0.0
Windspeed (knots) [43,44), Membership Value =0.00000000,0.0
Windspeed (knots) [44,45), Membership Value =0.00000000,0.0
Windspeed (knots) [45,46), Membership Value =0.00000000,0.0
Windspeed (knots) [46,47), Membership Value =0.00000000,0.0
Windspeed (knots) [47,48), Membership Value =0.00000000,0.0
Windspeed (knots) [48,49), Membership Value =0.00000000,0.0
Windspeed (knots) [49,50), Membership Value =0.00000000,0.0
Windspeed (knots) [50,51), Membership Value =0.00000000,0.0
Windspeed (knots) [51,52), Membership Value =0.00000000,0.0
Windspeed (knots) [52,53), Membership Value =0.00000000,0.0
Windspeed (knots) [53,54), Membership Value =0.00000000,0.0
Windspeed (knots) [54,55), Membership Value =0.00000000,0.0
Windspeed (knots) [55,56), Membership Value =0.00000000,0.0
Windspeed (knots) [56,57), Membership Value =0.00000000,0.0
Windspeed (knots) [57,58), Membership Value =0.00000000,0.0
Windspeed (knots) [58,59), Membership Value =0.00000000,0.0
Windspeed (knots) [59,60), Membership Value =0.00000000,0.0
Windspeed (knots) [60,61), Membership Value =0.00000000,0.0
Windspeed (knots) [61,62), Membership Value =0.00000000,0.0
Windspeed (knots) [62,63), Membership Value =0.00000000,0.0
Windspeed (knots) [63,64), Membership Value =0.00000000,0.0
Windspeed (knots) [64,65), Membership Value =0.00000000,0.0
Windspeed (knots) [65,66), Membership Value =0.00000000,0.0
Windspeed (knots) [66,67), Membership Value =0.00000000,0.0
Windspeed (knots) [67,68), Membership Value =0.00000000,0.0
Windspeed (knots) [68,69), Membership Value =0.00000000,0.0
Windspeed (knots) [69,70), Membership Value =0.00000000,0.0
Windspeed (knots) [70,71), Membership Value =0.00000000,0.0
Windspeed (knots) [71,72), Membership Value =0.00000000,0.0
Windspeed (knots) [72,73), Membership Value =0.00000000,0.0
Windspeed (knots) [73,74), Membership Value =0.00000000,0.0
Windspeed (knots) [74,75), Membership Value =0.00000000,0.0
Windspeed (knots) [75,76), Membership Value =0.00000000,0.0
Windspeed (knots) [76,77), Membership Value =0.00000000,0.0
Windspeed (knots) [77,78), Membership Value =0.00000000,0.0
Windspeed (knots) [78,79), Membership Value =0.00000000,0.0
Windspeed (knots) [79,80), Membership Value =0.00000000,0.0
Windspeed (knots) [80,81), Membership Value =0.00000000,0.0
Windspeed (knots) [81,82), Membership Value =0.00000000,0.0
Windspeed (knots) [82,83), Membership Value =0.00000000,0.0
Windspeed (knots) [83,84), Membership Value =0.00000000,0.0
Windspeed (knots) [84,85), Membership Value =0.00000000,0.0
Windspeed (knots) [85,86), Membership Value =0.00000000,0.0
Windspeed (knots) [86,87), Membership Value =0.00000000,0.0
Windspeed (knots) [87,88), Membership Value =0.00000000,0.0
Windspeed (knots) [88,89), Membership Value =0.00000000,0.0
Windspeed (knots) [89,90), Membership Value =0.00000000,0.0
Windspeed (knots) [90,91), Membership Value =0.00000000,0.0
Windspeed (knots) [91,92), Membership Value =0.00000000,0.0
Windspeed (knots) [92,93), Membership Value =0.00000000,0.0
Windspeed (knots) [93,94), Membership Value =0.00000000,0.0
Windspeed (knots) [94,95), Membership Value =0.00000000,0.0
Windspeed (knots) [95,96), Membership Value =0.00000000,0.0
Windspeed (knots) [96,97), Membership Value =0.00000000,0.0
Windspeed (knots) [97,98), Membership Value =0.00000000,0.0
Windspeed (knots) [98,99), Membership Value =0.00000000,0.0
Windspeed (knots) [99,100), Membership Value =0.00000000,0.0
Windspeed (knots) [100,101), Membership Value =0.00000000,0.0
Windspeed (knots) [101,102), Membership Value =0.00000000,0.0
Windspeed (knots) [102,103), Membership Value =0.00000000,0.0
Windspeed (knots) [103,104), Membership Value =0.00000000,0.0
Windspeed (knots) [104,105), Membership Value =0.00000000,0.0
Windspeed (knots) [105,106), Membership Value =0.00000000,0.0
Windspeed (knots) [106,107), Membership Value =0.00000000,0.0
Windspeed (knots) [107,108), Membership Value =0.00000000,0.0
Windspeed (knots) [108,109), Membership Value =0.00000000,0.0
Windspeed (knots) [109,110), Membership Value =0.00000000,0.0
Windspeed (knots) [110,111), Membership Value =0.00000000,0.0
Windspeed (knots) [111,112), Membership Value =0.00000000,0.0
Windspeed (knots) [112,113), Membership Value =0.00000000,0.0
Windspeed (knots) [113,114), Membership Value =0.00000000,0.0
Windspeed (knots) [114,115), Membership Value =0.00000000,0.0
Windspeed (knots) [115,116), Membership Value =0.00000000,0.0
Windspeed (knots) [116,117), Membership Value =0.00000000,0.0
Windspeed (knots) [117,118), Membership Value =0.00000000,0.0
Windspeed (knots) [118,119), Membership Value =0.00000000,0.0
Windspeed (knots) [119,120), Membership Value =0.00000000,0.0
Windspeed (knots) [120,121), Membership Value =0.00000000,0.0
Windspeed (knots) [121,122), Membership Value =0.00000000,0.0
Windspeed (knots) [122,123), Membership Value =0.00000000,0.0
Windspeed (knots) [123,124), Membership Value =0.00000000,0.0
Windspeed (knots) [124,125), Membership Value =0.00000000,0.0
LowestWindspeedThatIsWindyKnots for station KSAN is 5 knots.
Transition limited :false
bUseWeatherPrediction:false
The running average is 1
The y-int is 5
Energy harvested: 1732679.518612014
iGeneratingEnergyWhenGridNeedsEnergyMinutes =585371
iGeneratingEnergyWhenGridNeedsEnergyMinutes =585371
iUsingEnergyWhenGridNeedsEnergyMinutes =67662
iGeneratingEnergyWhenGridHasExcessEnergyMinutes = 1062
iUsingEnergyWhenGridHasExcessEnergyMinutes = 105
iIdleWhenGridDoesNotNeedEnergyMinutes = 44913
iIdleWhenGridNeedsEnergyMinutes = 4034280
iEnergyPriceIsZeroMinutes = 240
harvester.getEnergyHarvestedAVAILABLEKilowattHours( ): 4329993.183333334
harvester.getEnergyHarvestedKilowattHours(): 1732679.518612014
The y-int is 15
Energy harvested: 265391.4038888788
iGeneratingEnergyWhenGridNeedsEnergyMinutes =12528
iGeneratingEnergyWhenGridNeedsEnergyMinutes =12528
iUsingEnergyWhenGridNeedsEnergyMinutes =1491
iGeneratingEnergyWhenGridHasExcessEnergyMinutes = 0
iUsingEnergyWhenGridHasExcessEnergyMinutes = 0
iIdleWhenGridDoesNotNeedEnergyMinutes = 46080
iIdleWhenGridNeedsEnergyMinutes = 4673294
iEnergyPriceIsZeroMinutes = 240
harvester.getEnergyHarvestedAVAILABLEKilowattHours( ): 4329993.183333334
harvester.getEnergyHarvestedKilowattHours(): 265391.4038888788
The y-int is 25
Energy harvested: 2386.7
iGeneratingEnergyWhenGridNeedsEnergyMinutes =53
iGeneratingEnergyWhenGridNeedsEnergyMinutes =53
iUsingEnergyWhenGridNeedsEnergyMinutes =1
iGeneratingEnergyWhenGridHasExcessEnergyMinutes = 0
iUsingEnergyWhenGridHasExcessEnergyMinutes = 0
iIdleWhenGridDoesNotNeedEnergyMinutes = 46080
iIdleWhenGridNeedsEnergyMinutes = 4687259
iEnergyPriceIsZeroMinutes = 240
harvester.getEnergyHarvestedAVAILABLEKilowattHours( ): 4329993.183333334
harvester.getEnergyHarvestedKilowattHours(): 2386.7
The y-int is 35
Energy harvested: 0.0
iGeneratingEnergyWhenGridNeedsEnergyMinutes =0
iGeneratingEnergyWhenGridNeedsEnergyMinutes =0
iUsingEnergyWhenGridNeedsEnergyMinutes =1
iGeneratingEnergyWhenGridHasExcessEnergyMinutes = 0
iUsingEnergyWhenGridHasExcessEnergyMinutes = 0
iIdleWhenGridDoesNotNeedEnergyMinutes = 46080
iIdleWhenGridNeedsEnergyMinutes = 4687312
iEnergyPriceIsZeroMinutes = 240
harvester.getEnergyHarvestedAVAILABLEKilowattHours( ): 4329993.183333334
harvester.getEnergyHarvestedKilowattHours(): 0.0
The running average is 31
The y-int is 5
Energy harvested: 1772746.8316672603
iGeneratingEnergyWhenGridNeedsEnergyMinutes =598476
iGeneratingEnergyWhenGridNeedsEnergyMinutes =598476
iUsingEnergyWhenGridNeedsEnergyMinutes =43832
iGeneratingEnergyWhenGridHasExcessEnergyMinutes = 1052
iUsingEnergyWhenGridHasExcessEnergyMinutes = 50
iIdleWhenGridDoesNotNeedEnergyMinutes = 44978
iIdleWhenGridNeedsEnergyMinutes = 4045005
iEnergyPriceIsZeroMinutes = 240
harvester.getEnergyHarvestedAVAILABLEKilowattHours( ): 4329993.183333334
harvester.getEnergyHarvestedKilowattHours(): 1772746.8316672603
The y-int is 15
Energy harvested: 292087.5088888839
iGeneratingEnergyWhenGridNeedsEnergyMinutes =15800
iGeneratingEnergyWhenGridNeedsEnergyMinutes =15800
iUsingEnergyWhenGridNeedsEnergyMinutes =763
iGeneratingEnergyWhenGridHasExcessEnergyMinutes = 0
iUsingEnergyWhenGridHasExcessEnergyMinutes = 0
iIdleWhenGridDoesNotNeedEnergyMinutes = 46080
iIdleWhenGridNeedsEnergyMinutes = 4670750
iEnergyPriceIsZeroMinutes = 240
harvester.getEnergyHarvestedAVAILABLEKilowattHours( ): 4329993.183333334
harvester.getEnergyHarvestedKilowattHours(): 292087.5088888839
The y-int is 25
Energy harvested: 2427.5666666666666
iGeneratingEnergyWhenGridNeedsEnergyMinutes =54
iGeneratingEnergyWhenGridNeedsEnergyMinutes =54
iUsingEnergyWhenGridNeedsEnergyMinutes =1
iGeneratingEnergyWhenGridHasExcessEnergyMinutes = 0
iUsingEnergyWhenGridHasExcessEnergyMinutes = 0
iIdleWhenGridDoesNotNeedEnergyMinutes = 46080
iIdleWhenGridNeedsEnergyMinutes = 4687258
iEnergyPriceIsZeroMinutes = 240
harvester.getEnergyHarvestedAVAILABLEKilowattHours( ): 4329993.183333334
harvester.getEnergyHarvestedKilowattHours(): 2427.5666666666666
The y-int is 35
Energy harvested: 0.0
iGeneratingEnergyWhenGridNeedsEnergyMinutes =0
iGeneratingEnergyWhenGridNeedsEnergyMinutes =0
iUsingEnergyWhenGridNeedsEnergyMinutes =1
iGeneratingEnergyWhenGridHasExcessEnergyMinutes = 0
iUsingEnergyWhenGridHasExcessEnergyMinutes = 0
iIdleWhenGridDoesNotNeedEnergyMinutes = 46080
iIdleWhenGridNeedsEnergyMinutes = 4687312
iEnergyPriceIsZeroMinutes = 240
harvester.getEnergyHarvestedAVAILABLEKilowattHours( ): 4329993.183333334
harvester.getEnergyHarvestedKilowattHours(): 0.0
The running average is 61
The y-int is 5
Energy harvested: 1794549.9791671904
iGeneratingEnergyWhenGridNeedsEnergyMinutes =602200
iGeneratingEnergyWhenGridNeedsEnergyMinutes =602200
iUsingEnergyWhenGridNeedsEnergyMinutes =38690
iGeneratingEnergyWhenGridHasExcessEnergyMinutes = 1048
iUsingEnergyWhenGridHasExcessEnergyMinutes = 51
iIdleWhenGridDoesNotNeedEnergyMinutes = 44981
iIdleWhenGridNeedsEnergyMinutes = 4046423
iEnergyPriceIsZeroMinutes = 240
harvester.getEnergyHarvestedAVAILABLEKilowattHours( ): 4329993.183333334
harvester.getEnergyHarvestedKilowattHours(): 1794549.9791671904
The y-int is 15
Energy harvested: 287803.57472221996
iGeneratingEnergyWhenGridNeedsEnergyMinutes =16013
iGeneratingEnergyWhenGridNeedsEnergyMinutes =16013
iUsingEnergyWhenGridNeedsEnergyMinutes =422
iGeneratingEnergyWhenGridHasExcessEnergyMinutes = 0
iUsingEnergyWhenGridHasExcessEnergyMinutes = 0
iIdleWhenGridDoesNotNeedEnergyMinutes = 46080
iIdleWhenGridNeedsEnergyMinutes = 4670878
iEnergyPriceIsZeroMinutes = 240
harvester.getEnergyHarvestedAVAILABLEKilowattHours( ): 4329993.183333334
harvester.getEnergyHarvestedKilowattHours(): 287803.57472221996
The y-int is 25
Energy harvested: 3040.5666666666666
iGeneratingEnergyWhenGridNeedsEnergyMinutes =69
iGeneratingEnergyWhenGridNeedsEnergyMinutes =69
iUsingEnergyWhenGridNeedsEnergyMinutes =1
iGeneratingEnergyWhenGridHasExcessEnergyMinutes = 0
iUsingEnergyWhenGridHasExcessEnergyMinutes = 0
iIdleWhenGridDoesNotNeedEnergyMinutes = 46080
iIdleWhenGridNeedsEnergyMinutes = 4687243
iEnergyPriceIsZeroMinutes = 240
harvester.getEnergyHarvestedAVAILABLEKilowattHours( ): 4329993.183333334
harvester.getEnergyHarvestedKilowattHours(): 3040.5666666666666
The y-int is 35
Energy harvested: 0.0
iGeneratingEnergyWhenGridNeedsEnergyMinutes =0
iGeneratingEnergyWhenGridNeedsEnergyMinutes =0
iUsingEnergyWhenGridNeedsEnergyMinutes =1
iGeneratingEnergyWhenGridHasExcessEnergyMinutes = 0
iUsingEnergyWhenGridHasExcessEnergyMinutes = 0
iIdleWhenGridDoesNotNeedEnergyMinutes = 46080
iIdleWhenGridNeedsEnergyMinutes = 4687312
iEnergyPriceIsZeroMinutes = 240
harvester.getEnergyHarvestedAVAILABLEKilowattHours( ): 4329993.183333334
harvester.getEnergyHarvestedKilowattHours(): 0.0
The running average is 91
The y-int is 5
Energy harvested: 1809921.376389396
iGeneratingEnergyWhenGridNeedsEnergyMinutes =602407
iGeneratingEnergyWhenGridNeedsEnergyMinutes =602407
iUsingEnergyWhenGridNeedsEnergyMinutes =37289
iGeneratingEnergyWhenGridHasExcessEnergyMinutes = 1045
iUsingEnergyWhenGridHasExcessEnergyMinutes = 29
iIdleWhenGridDoesNotNeedEnergyMinutes = 45006
iIdleWhenGridNeedsEnergyMinutes = 4047617
iEnergyPriceIsZeroMinutes = 240
harvester.getEnergyHarvestedAVAILABLEKilowattHours( ): 4329993.183333334
harvester.getEnergyHarvestedKilowattHours(): 1809921.376389396
The y-int is 15
Energy harvested: 269485.7897222204
iGeneratingEnergyWhenGridNeedsEnergyMinutes =15191
iGeneratingEnergyWhenGridNeedsEnergyMinutes =15191
iUsingEnergyWhenGridNeedsEnergyMinutes =318
iGeneratingEnergyWhenGridHasExcessEnergyMinutes = 0
iUsingEnergyWhenGridHasExcessEnergyMinutes = 0
iIdleWhenGridDoesNotNeedEnergyMinutes = 46080
iIdleWhenGridNeedsEnergyMinutes = 4671804
iEnergyPriceIsZeroMinutes = 240
harvester.getEnergyHarvestedAVAILABLEKilowattHours( ): 4329993.183333334
harvester.getEnergyHarvestedKilowattHours(): 269485.7897222204
The y-int is 25
Energy harvested: 3650.2
iGeneratingEnergyWhenGridNeedsEnergyMinutes =84
iGeneratingEnergyWhenGridNeedsEnergyMinutes =84
iUsingEnergyWhenGridNeedsEnergyMinutes =1
iGeneratingEnergyWhenGridHasExcessEnergyMinutes = 0
iUsingEnergyWhenGridHasExcessEnergyMinutes = 0
iIdleWhenGridDoesNotNeedEnergyMinutes = 46080
iIdleWhenGridNeedsEnergyMinutes = 4687228
iEnergyPriceIsZeroMinutes = 240
harvester.getEnergyHarvestedAVAILABLEKilowattHours( ): 4329993.183333334
harvester.getEnergyHarvestedKilowattHours(): 3650.2
The y-int is 35
Energy harvested: 0.0
iGeneratingEnergyWhenGridNeedsEnergyMinutes =0
iGeneratingEnergyWhenGridNeedsEnergyMinutes =0
iUsingEnergyWhenGridNeedsEnergyMinutes =1
iGeneratingEnergyWhenGridHasExcessEnergyMinutes = 0
iUsingEnergyWhenGridHasExcessEnergyMinutes = 0
iIdleWhenGridDoesNotNeedEnergyMinutes = 46080
iIdleWhenGridNeedsEnergyMinutes = 4687312
iEnergyPriceIsZeroMinutes = 240
harvester.getEnergyHarvestedAVAILABLEKilowattHours( ): 4329993.183333334
harvester.getEnergyHarvestedKilowattHours(): 0.0
The running average is 121
The y-int is 5
Energy harvested: 1819948.8155560559
iGeneratingEnergyWhenGridNeedsEnergyMinutes =599952
iGeneratingEnergyWhenGridNeedsEnergyMinutes =599952
iUsingEnergyWhenGridNeedsEnergyMinutes =36680
iGeneratingEnergyWhenGridHasExcessEnergyMinutes = 1045
iUsingEnergyWhenGridHasExcessEnergyMinutes = 20
iIdleWhenGridDoesNotNeedEnergyMinutes = 45015
iIdleWhenGridNeedsEnergyMinutes = 4050681
iEnergyPriceIsZeroMinutes = 240
harvester.getEnergyHarvestedAVAILABLEKilowattHours( ): 4329993.183333334
harvester.getEnergyHarvestedKilowattHours(): 1819948.8155560559
The y-int is 15
Energy harvested: 254752.93333333154
iGeneratingEnergyWhenGridNeedsEnergyMinutes =14620
iGeneratingEnergyWhenGridNeedsEnergyMinutes =14620
iUsingEnergyWhenGridNeedsEnergyMinutes =338
iGeneratingEnergyWhenGridHasExcessEnergyMinutes = 0
iUsingEnergyWhenGridHasExcessEnergyMinutes = 0
iIdleWhenGridDoesNotNeedEnergyMinutes = 46080
iIdleWhenGridNeedsEnergyMinutes = 4672355
iEnergyPriceIsZeroMinutes = 240
harvester.getEnergyHarvestedAVAILABLEKilowattHours( ): 4329993.183333334
harvester.getEnergyHarvestedKilowattHours(): 254752.93333333154
The y-int is 25
Energy harvested: 4212.7
iGeneratingEnergyWhenGridNeedsEnergyMinutes =99
iGeneratingEnergyWhenGridNeedsEnergyMinutes =99
iUsingEnergyWhenGridNeedsEnergyMinutes =1
iGeneratingEnergyWhenGridHasExcessEnergyMinutes = 0
iUsingEnergyWhenGridHasExcessEnergyMinutes = 0
iIdleWhenGridDoesNotNeedEnergyMinutes = 46080
iIdleWhenGridNeedsEnergyMinutes = 4687213
iEnergyPriceIsZeroMinutes = 240
harvester.getEnergyHarvestedAVAILABLEKilowattHours( ): 4329993.183333334
harvester.getEnergyHarvestedKilowattHours(): 4212.7
The y-int is 35
Energy harvested: 0.0
iGeneratingEnergyWhenGridNeedsEnergyMinutes =0
iGeneratingEnergyWhenGridNeedsEnergyMinutes =0
iUsingEnergyWhenGridNeedsEnergyMinutes =1
iGeneratingEnergyWhenGridHasExcessEnergyMinutes = 0
iUsingEnergyWhenGridHasExcessEnergyMinutes = 0
iIdleWhenGridDoesNotNeedEnergyMinutes = 46080
iIdleWhenGridNeedsEnergyMinutes = 4687312
iEnergyPriceIsZeroMinutes = 240
harvester.getEnergyHarvestedAVAILABLEKilowattHours( ): 4329993.183333334
harvester.getEnergyHarvestedKilowattHours(): 0.0
Beginning testing mode:
station,&,y_intercept_for_month_1,&,running_average_size_minutes_for_month_1,&,y_intercept_for_month_2,&,running_average_size_minutes_for_month_2,&,y_intercept_for_month_3,&,running_average_size_minutes_for_month_3,&,y_intercept_for_month_4,&,running_average_size_minutes_for_month_4,&,y_intercept_for_month_5,&,running_average_size_minutes_for_month_5,&,y_intercept_for_month_6,&,running_average_size_minutes_for_month_6,&,y_intercept_for_month_7,&,running_average_size_minutes_for_month_7,&,y_intercept_for_month_8,&,running_average_size_minutes_for_month_8,&,y_intercept_for_month_9,&,running_average_size_minutes_for_month_9,&,y_intercept_for_month_10,&,running_average_size_minutes_for_month_10,&,y_intercept_for_month_11,&,running_average_size_minutes_for_month_11,&,y_intercept_for_month_12,&,running_average_size_minutes_for_month_12,&,dNetNorm,&,dMarketBalancePercentage,&,dMarketNetNorm,
results: KSAN,&,5,&,121,&,5,&,121,&,5,&,121,&,5,&,121,&,5,&,121,&,5,&,121,&,5,&,121,&,5,&,121,&,5,&,121,&,5,&,121,&,5,&,121,&,5,&,121,&,0.43484206762607475,&,0.9182098151404948,&,0.3992762545302486
monthly visible minutes:KSAN,&,2013,&,8672,&,8672,&,8672,&,8672,&,8672,&,8672,&,8672,&,8672,&,8672,&,8672,&,8672,&,8670,&,
monthly visible minutes:KSAN,&,2014,&,8080,&,8672,&,8672,&,8672,&,8672,&,8672,&,8672,&,8672,&,8672,&,8672,&,8672,&,8662,&,
monthly minutes harvester between states:KSAN,&,2013,&,836,&,760,&,722,&,532,&,532,&,532,&,684,&,646,&,646,&,608,&,722,&,798,&,
monthly minutes harvester between states:KSAN,&,2014,&,912,&,760,&,684,&,608,&,608,&,570,&,608,&,646,&,608,&,684,&,760,&,1007,&,
station,&,y_intercept_for_month_1,&,running_average_size_minutes_for_month_1,&,y_intercept_for_month_2,&,running_average_size_minutes_for_month_2,&,y_intercept_for_month_3,&,running_average_size_minutes_for_month_3,&,y_intercept_for_month_4,&,running_average_size_minutes_for_month_4,&,y_intercept_for_month_5,&,running_average_size_minutes_for_month_5,&,y_intercept_for_month_6,&,running_average_size_minutes_for_month_6,&,y_intercept_for_month_7,&,running_average_size_minutes_for_month_7,&,y_intercept_for_month_8,&,running_average_size_minutes_for_month_8,&,y_intercept_for_month_9,&,running_average_size_minutes_for_month_9,&,y_intercept_for_month_10,&,running_average_size_minutes_for_month_10,&,y_intercept_for_month_11,&,running_average_size_minutes_for_month_11,&,y_intercept_for_month_12,&,running_average_size_minutes_for_month_12,&,dNetNorm,&,dMarketBalancePercentage,&,dMarketNetNorm,
results: KSAN,&,5,&,91,&,5,&,91,&,5,&,91,&,5,&,91,&,5,&,91,&,5,&,91,&,5,&,91,&,5,&,91,&,5,&,91,&,5,&,91,&,5,&,91,&,5,&,91,&,0.43316810305357184,&,0.9165219184492509,&,0.3970080608216825
monthly visible minutes:KSAN,&,2013,&,8672,&,8672,&,8672,&,8672,&,8672,&,8672,&,8672,&,8672,&,8672,&,8672,&,8672,&,8670,&,
monthly visible minutes:KSAN,&,2014,&,8080,&,8672,&,8672,&,8672,&,8672,&,8672,&,8672,&,8672,&,8672,&,8672,&,8672,&,8662,&,
monthly minutes harvester between states:KSAN,&,2013,&,836,&,760,&,722,&,532,&,532,&,532,&,684,&,646,&,646,&,608,&,722,&,798,&,
monthly minutes harvester between states:KSAN,&,2014,&,912,&,760,&,684,&,608,&,608,&,570,&,608,&,646,&,608,&,684,&,760,&,1007,&,
Station: KSAT
abc: The current path is /home/guy/retractable-wind
I have found the property file.
The training windspeed filename is /trainingKSAT2004-2012in.csv
The testing windspeed filename is /testingKSAT2013-2014in.csv
Yes, the station is KSAT
Warning: The bAlsoUsePrediction no longer has any effect
iUsedAllItsAllocatedVisibilityMinutesPerMonth: 8760
Visibility Allocation Minutes:8760
HARVESTER_SIZE_SQM is 6362
Reading file
Success: /Wind turbine power curves - wind turbine power output against wind speed in knots.csv found.
Speed (Knots) = Speed(knots) vs power (kW) , Power (kW) =V90
Speed (Knots) = 0 , Power (kW) =0
Speed (Knots) = 1 , Power (kW) =0
Speed (Knots) = 2 , Power (kW) =0
Speed (Knots) = 3 , Power (kW) =0
Speed (Knots) = 4 , Power (kW) =0
Speed (Knots) = 5 , Power (kW) =0
Speed (Knots) = 6 , Power (kW) =0
Speed (Knots) = 7 , Power (kW) =38
Speed (Knots) = 8 , Power (kW) =87
Speed (Knots) = 9 , Power (kW) =141
Speed (Knots) = 10 , Power (kW) =207
Speed (Knots) = 11 , Power (kW) =286
Speed (Knots) = 12 , Power (kW) =382
Speed (Knots) = 13 , Power (kW) =496
Speed (Knots) = 14 , Power (kW) =628
Speed (Knots) = 15 , Power (kW) =781
Speed (Knots) = 16 , Power (kW) =957
Speed (Knots) = 17 , Power (kW) =1153
Speed (Knots) = 18 , Power (kW) =1366
Speed (Knots) = 19 , Power (kW) =1589
Speed (Knots) = 20 , Power (kW) =1814
Speed (Knots) = 21 , Power (kW) =2035
Speed (Knots) = 22 , Power (kW) =2250
Speed (Knots) = 23 , Power (kW) =2452
Speed (Knots) = 24 , Power (kW) =2634
Speed (Knots) = 25 , Power (kW) =2784
Speed (Knots) = 26 , Power (kW) =2888
Speed (Knots) = 27 , Power (kW) =2949
Speed (Knots) = 28 , Power (kW) =2980
Speed (Knots) = 29 , Power (kW) =2993
Speed (Knots) = 30 , Power (kW) =3000
Speed (Knots) = 31 , Power (kW) =3000
Speed (Knots) = 32 , Power (kW) =3000
Speed (Knots) = 33 , Power (kW) =3000
Speed (Knots) = 34 , Power (kW) =3000
Speed (Knots) = 35 , Power (kW) =3000
Speed (Knots) = 36 , Power (kW) =3000
Speed (Knots) = 37 , Power (kW) =3000
Speed (Knots) = 38 , Power (kW) =3000
Speed (Knots) = 39 , Power (kW) =3000
Speed (Knots) = 40 , Power (kW) =3000
Speed (Knots) = 41 , Power (kW) =3000
Speed (Knots) = 42 , Power (kW) =3000
Speed (Knots) = 43 , Power (kW) =3000
Speed (Knots) = 44 , Power (kW) =3000
Speed (Knots) = 45 , Power (kW) =3000
Speed (Knots) = 46 , Power (kW) =3000
Speed (Knots) = 47 , Power (kW) =3000
Speed (Knots) = 48 , Power (kW) =3000
Speed (Knots) = 49 , Power (kW) =0
Speed (Knots) = 50 , Power (kW) =0
Speed (Knots) = 51 , Power (kW) =0
Speed (Knots) = 52 , Power (kW) =0
Speed (Knots) = 53 , Power (kW) =0
Speed (Knots) = 54 , Power (kW) =0
Speed (Knots) = 55 , Power (kW) =0
Speed (Knots) = 56 , Power (kW) =0
Speed (Knots) = 57 , Power (kW) =0
Speed (Knots) = 58 , Power (kW) =0
Speed (Knots) = 59 , Power (kW) =0
Speed (Knots) = 60 , Power (kW) =0
The scale is 1.0
Wind power at 10 knots in kilowatts is 207.0
Wind power in-cut-out test 0.0
Class name:edu.pitt.cs.people.guy.wind.benchmarks.Static
Success: /Noise_Allowed_Time_Definitions_All_Stations.csv found.
The station is the record is KSAT
Success: /Noise_Allowed_Time_Definitions_All_Stations.csv found.
The station is the record is KSAT
I have found the membership file for NOT WINDY.
Windspeed (knots) [0,1), Membership Value =1.00000000,1.0
Windspeed (knots) [1,2), Membership Value =0.99995887,0.9999589
Windspeed (knots) [2,3), Membership Value =0.99931529,0.99931526
Windspeed (knots) [3,4), Membership Value =0.99624311,0.9962431
Windspeed (knots) [4,5), Membership Value =0.98768339,0.9876834
Windspeed (knots) [5,6), Membership Value =0.96985384,0.9698538
Windspeed (knots) [6,7), Membership Value =0.93900826,0.93900824
Windspeed (knots) [7,8), Membership Value =0.89280119,0.89280117
Windspeed (knots) [8,9), Membership Value =0.82763838,0.8276384
Windspeed (knots) [9,10), Membership Value =0.74421802,0.744218
Windspeed (knots) [10,11), Membership Value =0.64457283,0.64457285
Windspeed (knots) [11,12), Membership Value =0.53265537,0.53265536
Windspeed (knots) [12,13), Membership Value =0.41474766,0.41474766
Windspeed (knots) [13,14), Membership Value =0.30061695,0.30061695
Windspeed (knots) [14,15), Membership Value =0.19417100,0.194171
Windspeed (knots) [15,16), Membership Value =0.09676980,0.0967698
Windspeed (knots) [16,17), Membership Value =0.01186371,0.01186371
Windspeed (knots) [17,18), Membership Value =0.00000000,0.0
Windspeed (knots) [18,19), Membership Value =0.00000000,0.0
Windspeed (knots) [19,20), Membership Value =0.00000000,0.0
Windspeed (knots) [20,21), Membership Value =0.00000000,0.0
Windspeed (knots) [21,22), Membership Value =0.00000000,0.0
Windspeed (knots) [22,23), Membership Value =0.00000000,0.0
Windspeed (knots) [23,24), Membership Value =0.00000000,0.0
Windspeed (knots) [24,25), Membership Value =0.00000000,0.0
Windspeed (knots) [25,26), Membership Value =0.00000000,0.0
Windspeed (knots) [26,27), Membership Value =0.00000000,0.0
Windspeed (knots) [27,28), Membership Value =0.00000000,0.0
Windspeed (knots) [28,29), Membership Value =0.00000000,0.0
Windspeed (knots) [29,30), Membership Value =0.00000000,0.0
Windspeed (knots) [30,31), Membership Value =0.00000000,0.0
Windspeed (knots) [31,32), Membership Value =0.00000000,0.0
Windspeed (knots) [32,33), Membership Value =0.00000000,0.0
Windspeed (knots) [33,34), Membership Value =0.00000000,0.0
Windspeed (knots) [34,35), Membership Value =0.00000000,0.0
Windspeed (knots) [35,36), Membership Value =0.00000000,0.0
Windspeed (knots) [36,37), Membership Value =0.00000000,0.0
Windspeed (knots) [37,38), Membership Value =0.00000000,0.0
Windspeed (knots) [38,39), Membership Value =0.00000000,0.0
Windspeed (knots) [39,40), Membership Value =0.00000000,0.0
Windspeed (knots) [40,41), Membership Value =0.00000000,0.0
Windspeed (knots) [41,42), Membership Value =0.00000000,0.0
Windspeed (knots) [42,43), Membership Value =0.00000000,0.0
Windspeed (knots) [43,44), Membership Value =0.00000000,0.0
Windspeed (knots) [44,45), Membership Value =0.00000000,0.0
Windspeed (knots) [45,46), Membership Value =0.00000000,0.0
Windspeed (knots) [46,47), Membership Value =0.00000000,0.0
Windspeed (knots) [47,48), Membership Value =0.00000000,0.0
Windspeed (knots) [48,49), Membership Value =0.00000000,0.0
Windspeed (knots) [49,50), Membership Value =0.00000000,0.0
Windspeed (knots) [50,51), Membership Value =0.00000000,0.0
Windspeed (knots) [51,52), Membership Value =0.00000000,0.0
Windspeed (knots) [52,53), Membership Value =0.00000000,0.0
Windspeed (knots) [53,54), Membership Value =0.00000000,0.0
Windspeed (knots) [54,55), Membership Value =0.00000000,0.0
Windspeed (knots) [55,56), Membership Value =0.00000000,0.0
Windspeed (knots) [56,57), Membership Value =0.00000000,0.0
Windspeed (knots) [57,58), Membership Value =0.00000000,0.0
Windspeed (knots) [58,59), Membership Value =0.00000000,0.0
Windspeed (knots) [59,60), Membership Value =0.00000000,0.0
Windspeed (knots) [60,61), Membership Value =0.00000000,0.0
Windspeed (knots) [61,62), Membership Value =0.00000000,0.0
Windspeed (knots) [62,63), Membership Value =0.00000000,0.0
Windspeed (knots) [63,64), Membership Value =0.00000000,0.0
Windspeed (knots) [64,65), Membership Value =0.00000000,0.0
Windspeed (knots) [65,66), Membership Value =0.00000000,0.0
Windspeed (knots) [66,67), Membership Value =0.00000000,0.0
Windspeed (knots) [67,68), Membership Value =0.00000000,0.0
Windspeed (knots) [68,69), Membership Value =0.00000000,0.0
Windspeed (knots) [69,70), Membership Value =0.00000000,0.0
Windspeed (knots) [70,71), Membership Value =0.00000000,0.0
Windspeed (knots) [71,72), Membership Value =0.00000000,0.0
Windspeed (knots) [72,73), Membership Value =0.00000000,0.0
Windspeed (knots) [73,74), Membership Value =0.00000000,0.0
Windspeed (knots) [74,75), Membership Value =0.00000000,0.0
Windspeed (knots) [75,76), Membership Value =0.00000000,0.0
Windspeed (knots) [76,77), Membership Value =0.00000000,0.0
Windspeed (knots) [77,78), Membership Value =0.00000000,0.0
Windspeed (knots) [78,79), Membership Value =0.00000000,0.0
Windspeed (knots) [79,80), Membership Value =0.00000000,0.0
Windspeed (knots) [80,81), Membership Value =0.00000000,0.0
Windspeed (knots) [81,82), Membership Value =0.00000000,0.0
Windspeed (knots) [82,83), Membership Value =0.00000000,0.0
Windspeed (knots) [83,84), Membership Value =0.00000000,0.0
Windspeed (knots) [84,85), Membership Value =0.00000000,0.0
Windspeed (knots) [85,86), Membership Value =0.00000000,0.0
Windspeed (knots) [86,87), Membership Value =0.00000000,0.0
Windspeed (knots) [87,88), Membership Value =0.00000000,0.0
Windspeed (knots) [88,89), Membership Value =0.00000000,0.0
Windspeed (knots) [89,90), Membership Value =0.00000000,0.0
Windspeed (knots) [90,91), Membership Value =0.00000000,0.0
Windspeed (knots) [91,92), Membership Value =0.00000000,0.0
Windspeed (knots) [92,93), Membership Value =0.00000000,0.0
Windspeed (knots) [93,94), Membership Value =0.00000000,0.0
Windspeed (knots) [94,95), Membership Value =0.00000000,0.0
Windspeed (knots) [95,96), Membership Value =0.00000000,0.0
Windspeed (knots) [96,97), Membership Value =0.00000000,0.0
Windspeed (knots) [97,98), Membership Value =0.00000000,0.0
Windspeed (knots) [98,99), Membership Value =0.00000000,0.0
Windspeed (knots) [99,100), Membership Value =0.00000000,0.0
Windspeed (knots) [100,101), Membership Value =0.00000000,0.0
Windspeed (knots) [101,102), Membership Value =0.00000000,0.0
Windspeed (knots) [102,103), Membership Value =0.00000000,0.0
Windspeed (knots) [103,104), Membership Value =0.00000000,0.0
Windspeed (knots) [104,105), Membership Value =0.00000000,0.0
Windspeed (knots) [105,106), Membership Value =0.00000000,0.0
Windspeed (knots) [106,107), Membership Value =0.00000000,0.0
Windspeed (knots) [107,108), Membership Value =0.00000000,0.0
Windspeed (knots) [108,109), Membership Value =0.00000000,0.0
Windspeed (knots) [109,110), Membership Value =0.00000000,0.0
Windspeed (knots) [110,111), Membership Value =0.00000000,0.0
Windspeed (knots) [111,112), Membership Value =0.00000000,0.0
Windspeed (knots) [112,113), Membership Value =0.00000000,0.0
Windspeed (knots) [113,114), Membership Value =0.00000000,0.0
Windspeed (knots) [114,115), Membership Value =0.00000000,0.0
Windspeed (knots) [115,116), Membership Value =0.00000000,0.0
Windspeed (knots) [116,117), Membership Value =0.00000000,0.0
Windspeed (knots) [117,118), Membership Value =0.00000000,0.0
Windspeed (knots) [118,119), Membership Value =0.00000000,0.0
Windspeed (knots) [119,120), Membership Value =0.00000000,0.0
Windspeed (knots) [120,121), Membership Value =0.00000000,0.0
Windspeed (knots) [121,122), Membership Value =0.00000000,0.0
Windspeed (knots) [122,123), Membership Value =0.00000000,0.0
Windspeed (knots) [123,124), Membership Value =0.00000000,0.0
Windspeed (knots) [124,125), Membership Value =0.00000000,0.0
LowestWindspeedThatIsWindyKnots for station KSAT is 7 knots.
Transition limited :false
bUseWeatherPrediction:false
The running average is 1
The y-int is 7
Energy harvested: 4303506.046655514
iGeneratingEnergyWhenGridNeedsEnergyMinutes =691278
iGeneratingEnergyWhenGridNeedsEnergyMinutes =691278
iUsingEnergyWhenGridNeedsEnergyMinutes =103719
iGeneratingEnergyWhenGridHasExcessEnergyMinutes = 2120
iUsingEnergyWhenGridHasExcessEnergyMinutes = 157
iIdleWhenGridDoesNotNeedEnergyMinutes = 43803
iIdleWhenGridNeedsEnergyMinutes = 3892178
iEnergyPriceIsZeroMinutes = 240
harvester.getEnergyHarvestedAVAILABLEKilowattHours( ): 1.3569723666666666E7
harvester.getEnergyHarvestedKilowattHours(): 4303506.046655514
The y-int is 17
Energy harvested: 915981.0333333333
iGeneratingEnergyWhenGridNeedsEnergyMinutes =33250
iGeneratingEnergyWhenGridNeedsEnergyMinutes =33250
iUsingEnergyWhenGridNeedsEnergyMinutes =1
iGeneratingEnergyWhenGridHasExcessEnergyMinutes = 0
iUsingEnergyWhenGridHasExcessEnergyMinutes = 0
iIdleWhenGridDoesNotNeedEnergyMinutes = 46080
iIdleWhenGridNeedsEnergyMinutes = 4653924
iEnergyPriceIsZeroMinutes = 240
harvester.getEnergyHarvestedAVAILABLEKilowattHours( ): 1.3569723666666666E7
harvester.getEnergyHarvestedKilowattHours(): 915981.0333333333
The y-int is 27
Energy harvested: 3348.25
iGeneratingEnergyWhenGridNeedsEnergyMinutes =67
iGeneratingEnergyWhenGridNeedsEnergyMinutes =67
iUsingEnergyWhenGridNeedsEnergyMinutes =1
iGeneratingEnergyWhenGridHasExcessEnergyMinutes = 0
iUsingEnergyWhenGridHasExcessEnergyMinutes = 0
iIdleWhenGridDoesNotNeedEnergyMinutes = 46080
iIdleWhenGridNeedsEnergyMinutes = 4687107
iEnergyPriceIsZeroMinutes = 240
harvester.getEnergyHarvestedAVAILABLEKilowattHours( ): 1.3569723666666666E7
harvester.getEnergyHarvestedKilowattHours(): 3348.25
The y-int is 37
Energy harvested: 0.0
iGeneratingEnergyWhenGridNeedsEnergyMinutes =0
iGeneratingEnergyWhenGridNeedsEnergyMinutes =0
iUsingEnergyWhenGridNeedsEnergyMinutes =1
iGeneratingEnergyWhenGridHasExcessEnergyMinutes = 0
iUsingEnergyWhenGridHasExcessEnergyMinutes = 0
iIdleWhenGridDoesNotNeedEnergyMinutes = 46080
iIdleWhenGridNeedsEnergyMinutes = 4687174
iEnergyPriceIsZeroMinutes = 240
harvester.getEnergyHarvestedAVAILABLEKilowattHours( ): 1.3569723666666666E7
harvester.getEnergyHarvestedKilowattHours(): 0.0
The running average is 31
The y-int is 7
Energy harvested: 4591047.151939748
iGeneratingEnergyWhenGridNeedsEnergyMinutes =751031
iGeneratingEnergyWhenGridNeedsEnergyMinutes =751031
iUsingEnergyWhenGridNeedsEnergyMinutes =48345
iGeneratingEnergyWhenGridHasExcessEnergyMinutes = 2187
iUsingEnergyWhenGridHasExcessEnergyMinutes = 113
iIdleWhenGridDoesNotNeedEnergyMinutes = 43780
iIdleWhenGridNeedsEnergyMinutes = 3887799
iEnergyPriceIsZeroMinutes = 240
harvester.getEnergyHarvestedAVAILABLEKilowattHours( ): 1.3569723666666666E7
harvester.getEnergyHarvestedKilowattHours(): 4591047.151939748
The y-int is 17
Energy harvested: 1088574.7291666793
iGeneratingEnergyWhenGridNeedsEnergyMinutes =45812
iGeneratingEnergyWhenGridNeedsEnergyMinutes =45812
iUsingEnergyWhenGridNeedsEnergyMinutes =1206
iGeneratingEnergyWhenGridHasExcessEnergyMinutes = 9
iUsingEnergyWhenGridHasExcessEnergyMinutes = 0
iIdleWhenGridDoesNotNeedEnergyMinutes = 46071
iIdleWhenGridNeedsEnergyMinutes = 4640157
iEnergyPriceIsZeroMinutes = 240
harvester.getEnergyHarvestedAVAILABLEKilowattHours( ): 1.3569723666666666E7
harvester.getEnergyHarvestedKilowattHours(): 1088574.7291666793
The y-int is 27
Energy harvested: 3787.1
iGeneratingEnergyWhenGridNeedsEnergyMinutes =78
iGeneratingEnergyWhenGridNeedsEnergyMinutes =78
iUsingEnergyWhenGridNeedsEnergyMinutes =1
iGeneratingEnergyWhenGridHasExcessEnergyMinutes = 0
iUsingEnergyWhenGridHasExcessEnergyMinutes = 0
iIdleWhenGridDoesNotNeedEnergyMinutes = 46080
iIdleWhenGridNeedsEnergyMinutes = 4687096
iEnergyPriceIsZeroMinutes = 240
harvester.getEnergyHarvestedAVAILABLEKilowattHours( ): 1.3569723666666666E7
harvester.getEnergyHarvestedKilowattHours(): 3787.1
The y-int is 37
Energy harvested: 0.0
iGeneratingEnergyWhenGridNeedsEnergyMinutes =0
iGeneratingEnergyWhenGridNeedsEnergyMinutes =0
iUsingEnergyWhenGridNeedsEnergyMinutes =1
iGeneratingEnergyWhenGridHasExcessEnergyMinutes = 0
iUsingEnergyWhenGridHasExcessEnergyMinutes = 0
iIdleWhenGridDoesNotNeedEnergyMinutes = 46080
iIdleWhenGridNeedsEnergyMinutes = 4687174
iEnergyPriceIsZeroMinutes = 240
harvester.getEnergyHarvestedAVAILABLEKilowattHours( ): 1.3569723666666666E7
harvester.getEnergyHarvestedKilowattHours(): 0.0
The running average is 61
The y-int is 7
Energy harvested: 4626124.655829856
iGeneratingEnergyWhenGridNeedsEnergyMinutes =751718
iGeneratingEnergyWhenGridNeedsEnergyMinutes =751718
iUsingEnergyWhenGridNeedsEnergyMinutes =38840
iGeneratingEnergyWhenGridHasExcessEnergyMinutes = 2181
iUsingEnergyWhenGridHasExcessEnergyMinutes = 97
iIdleWhenGridDoesNotNeedEnergyMinutes = 43802
iIdleWhenGridNeedsEnergyMinutes = 3896617
iEnergyPriceIsZeroMinutes = 240
harvester.getEnergyHarvestedAVAILABLEKilowattHours( ): 1.3569723666666666E7
harvester.getEnergyHarvestedKilowattHours(): 4626124.655829856
The y-int is 17
Energy harvested: 1025795.2702777836
iGeneratingEnergyWhenGridNeedsEnergyMinutes =44208
iGeneratingEnergyWhenGridNeedsEnergyMinutes =44208
iUsingEnergyWhenGridNeedsEnergyMinutes =660
iGeneratingEnergyWhenGridHasExcessEnergyMinutes = 7
iUsingEnergyWhenGridHasExcessEnergyMinutes = 0
iIdleWhenGridDoesNotNeedEnergyMinutes = 46073
iIdleWhenGridNeedsEnergyMinutes = 4642307
iEnergyPriceIsZeroMinutes = 240
harvester.getEnergyHarvestedAVAILABLEKilowattHours( ): 1.3569723666666666E7
harvester.getEnergyHarvestedKilowattHours(): 1025795.2702777836
The y-int is 27
Energy harvested: 3794.5333333333333
iGeneratingEnergyWhenGridNeedsEnergyMinutes =83
iGeneratingEnergyWhenGridNeedsEnergyMinutes =83
iUsingEnergyWhenGridNeedsEnergyMinutes =1
iGeneratingEnergyWhenGridHasExcessEnergyMinutes = 0
iUsingEnergyWhenGridHasExcessEnergyMinutes = 0
iIdleWhenGridDoesNotNeedEnergyMinutes = 46080
iIdleWhenGridNeedsEnergyMinutes = 4687091
iEnergyPriceIsZeroMinutes = 240
harvester.getEnergyHarvestedAVAILABLEKilowattHours( ): 1.3569723666666666E7
harvester.getEnergyHarvestedKilowattHours(): 3794.5333333333333
The y-int is 37
Energy harvested: 0.0
iGeneratingEnergyWhenGridNeedsEnergyMinutes =0
iGeneratingEnergyWhenGridNeedsEnergyMinutes =0
iUsingEnergyWhenGridNeedsEnergyMinutes =1
iGeneratingEnergyWhenGridHasExcessEnergyMinutes = 0
iUsingEnergyWhenGridHasExcessEnergyMinutes = 0
iIdleWhenGridDoesNotNeedEnergyMinutes = 46080
iIdleWhenGridNeedsEnergyMinutes = 4687174
iEnergyPriceIsZeroMinutes = 240
harvester.getEnergyHarvestedAVAILABLEKilowattHours( ): 1.3569723666666666E7
harvester.getEnergyHarvestedKilowattHours(): 0.0
The running average is 91
The y-int is 7
Energy harvested: 4627220.21083016
iGeneratingEnergyWhenGridNeedsEnergyMinutes =746293
iGeneratingEnergyWhenGridNeedsEnergyMinutes =746293
iUsingEnergyWhenGridNeedsEnergyMinutes =34596
iGeneratingEnergyWhenGridHasExcessEnergyMinutes = 2180
iUsingEnergyWhenGridHasExcessEnergyMinutes = 94
iIdleWhenGridDoesNotNeedEnergyMinutes = 43806
iIdleWhenGridNeedsEnergyMinutes = 3906286
iEnergyPriceIsZeroMinutes = 240
harvester.getEnergyHarvestedAVAILABLEKilowattHours( ): 1.3569723666666666E7
harvester.getEnergyHarvestedKilowattHours(): 4627220.21083016
The y-int is 17
Energy harvested: 955939.7191666715
iGeneratingEnergyWhenGridNeedsEnergyMinutes =41751
iGeneratingEnergyWhenGridNeedsEnergyMinutes =41751
iUsingEnergyWhenGridNeedsEnergyMinutes =440
iGeneratingEnergyWhenGridHasExcessEnergyMinutes = 42
iUsingEnergyWhenGridHasExcessEnergyMinutes = 0
iIdleWhenGridDoesNotNeedEnergyMinutes = 46038
iIdleWhenGridNeedsEnergyMinutes = 4644984
iEnergyPriceIsZeroMinutes = 240
harvester.getEnergyHarvestedAVAILABLEKilowattHours( ): 1.3569723666666666E7
harvester.getEnergyHarvestedKilowattHours(): 955939.7191666715
The y-int is 27
Energy harvested: 3571.983333333333
iGeneratingEnergyWhenGridNeedsEnergyMinutes =87
iGeneratingEnergyWhenGridNeedsEnergyMinutes =87
iUsingEnergyWhenGridNeedsEnergyMinutes =1
iGeneratingEnergyWhenGridHasExcessEnergyMinutes = 0
iUsingEnergyWhenGridHasExcessEnergyMinutes = 0
iIdleWhenGridDoesNotNeedEnergyMinutes = 46080
iIdleWhenGridNeedsEnergyMinutes = 4687087
iEnergyPriceIsZeroMinutes = 240
harvester.getEnergyHarvestedAVAILABLEKilowattHours( ): 1.3569723666666666E7
harvester.getEnergyHarvestedKilowattHours(): 3571.983333333333
The y-int is 37
Energy harvested: 0.0
iGeneratingEnergyWhenGridNeedsEnergyMinutes =0
iGeneratingEnergyWhenGridNeedsEnergyMinutes =0
iUsingEnergyWhenGridNeedsEnergyMinutes =1
iGeneratingEnergyWhenGridHasExcessEnergyMinutes = 0
iUsingEnergyWhenGridHasExcessEnergyMinutes = 0
iIdleWhenGridDoesNotNeedEnergyMinutes = 46080
iIdleWhenGridNeedsEnergyMinutes = 4687174
iEnergyPriceIsZeroMinutes = 240
harvester.getEnergyHarvestedAVAILABLEKilowattHours( ): 1.3569723666666666E7
harvester.getEnergyHarvestedKilowattHours(): 0.0
The running average is 121
The y-int is 7
Energy harvested: 4632716.702497035
iGeneratingEnergyWhenGridNeedsEnergyMinutes =742454
iGeneratingEnergyWhenGridNeedsEnergyMinutes =742454
iUsingEnergyWhenGridNeedsEnergyMinutes =31974
iGeneratingEnergyWhenGridHasExcessEnergyMinutes = 2165
iUsingEnergyWhenGridHasExcessEnergyMinutes = 94
iIdleWhenGridDoesNotNeedEnergyMinutes = 43821
iIdleWhenGridNeedsEnergyMinutes = 3912747
iEnergyPriceIsZeroMinutes = 240
harvester.getEnergyHarvestedAVAILABLEKilowattHours( ): 1.3569723666666666E7
harvester.getEnergyHarvestedKilowattHours(): 4632716.702497035
The y-int is 17
Energy harvested: 885541.2802777819
iGeneratingEnergyWhenGridNeedsEnergyMinutes =39039
iGeneratingEnergyWhenGridNeedsEnergyMinutes =39039
iUsingEnergyWhenGridNeedsEnergyMinutes =350
iGeneratingEnergyWhenGridHasExcessEnergyMinutes = 86
iUsingEnergyWhenGridHasExcessEnergyMinutes = 0
iIdleWhenGridDoesNotNeedEnergyMinutes = 45994
iIdleWhenGridNeedsEnergyMinutes = 4647786
iEnergyPriceIsZeroMinutes = 240
harvester.getEnergyHarvestedAVAILABLEKilowattHours( ): 1.3569723666666666E7
harvester.getEnergyHarvestedKilowattHours(): 885541.2802777819
The y-int is 27
Energy harvested: 3216.633333333333
iGeneratingEnergyWhenGridNeedsEnergyMinutes =90
iGeneratingEnergyWhenGridNeedsEnergyMinutes =90
iUsingEnergyWhenGridNeedsEnergyMinutes =1
iGeneratingEnergyWhenGridHasExcessEnergyMinutes = 0
iUsingEnergyWhenGridHasExcessEnergyMinutes = 0
iIdleWhenGridDoesNotNeedEnergyMinutes = 46080
iIdleWhenGridNeedsEnergyMinutes = 4687084
iEnergyPriceIsZeroMinutes = 240
harvester.getEnergyHarvestedAVAILABLEKilowattHours( ): 1.3569723666666666E7
harvester.getEnergyHarvestedKilowattHours(): 3216.633333333333
The y-int is 37
Energy harvested: 0.0
iGeneratingEnergyWhenGridNeedsEnergyMinutes =0
iGeneratingEnergyWhenGridNeedsEnergyMinutes =0
iUsingEnergyWhenGridNeedsEnergyMinutes =1
iGeneratingEnergyWhenGridHasExcessEnergyMinutes = 0
iUsingEnergyWhenGridHasExcessEnergyMinutes = 0
iIdleWhenGridDoesNotNeedEnergyMinutes = 46080
iIdleWhenGridNeedsEnergyMinutes = 4687174
iEnergyPriceIsZeroMinutes = 240
harvester.getEnergyHarvestedAVAILABLEKilowattHours( ): 1.3569723666666666E7
harvester.getEnergyHarvestedKilowattHours(): 0.0
Beginning testing mode:
station,&,y_intercept_for_month_1,&,running_average_size_minutes_for_month_1,&,y_intercept_for_month_2,&,running_average_size_minutes_for_month_2,&,y_intercept_for_month_3,&,running_average_size_minutes_for_month_3,&,y_intercept_for_month_4,&,running_average_size_minutes_for_month_4,&,y_intercept_for_month_5,&,running_average_size_minutes_for_month_5,&,y_intercept_for_month_6,&,running_average_size_minutes_for_month_6,&,y_intercept_for_month_7,&,running_average_size_minutes_for_month_7,&,y_intercept_for_month_8,&,running_average_size_minutes_for_month_8,&,y_intercept_for_month_9,&,running_average_size_minutes_for_month_9,&,y_intercept_for_month_10,&,running_average_size_minutes_for_month_10,&,y_intercept_for_month_11,&,running_average_size_minutes_for_month_11,&,y_intercept_for_month_12,&,running_average_size_minutes_for_month_12,&,dNetNorm,&,dMarketBalancePercentage,&,dMarketNetNorm,
results: KSAT,&,7,&,121,&,7,&,121,&,7,&,121,&,7,&,121,&,7,&,121,&,7,&,121,&,7,&,121,&,7,&,121,&,7,&,121,&,7,&,121,&,7,&,121,&,7,&,121,&,0.32488448575877604,&,0.9363625007807133,&,0.30420964954994356
monthly visible minutes:KSAT,&,2013,&,8672,&,8672,&,8672,&,8672,&,8672,&,8672,&,8672,&,8672,&,8672,&,8672,&,8672,&,6470,&,
monthly visible minutes:KSAT,&,2014,&,8672,&,8672,&,8672,&,8653,&,8672,&,8672,&,8672,&,8672,&,8672,&,8672,&,8672,&,8672,&,
monthly minutes harvester between states:KSAT,&,2013,&,697,&,836,&,609,&,570,&,601,&,684,&,684,&,750,&,684,&,619,&,770,&,494,&,
monthly minutes harvester between states:KSAT,&,2014,&,836,&,684,&,646,&,532,&,456,&,418,&,646,&,731,&,608,&,570,&,570,&,703,&,
station,&,y_intercept_for_month_1,&,running_average_size_minutes_for_month_1,&,y_intercept_for_month_2,&,running_average_size_minutes_for_month_2,&,y_intercept_for_month_3,&,running_average_size_minutes_for_month_3,&,y_intercept_for_month_4,&,running_average_size_minutes_for_month_4,&,y_intercept_for_month_5,&,running_average_size_minutes_for_month_5,&,y_intercept_for_month_6,&,running_average_size_minutes_for_month_6,&,y_intercept_for_month_7,&,running_average_size_minutes_for_month_7,&,y_intercept_for_month_8,&,running_average_size_minutes_for_month_8,&,y_intercept_for_month_9,&,running_average_size_minutes_for_month_9,&,y_intercept_for_month_10,&,running_average_size_minutes_for_month_10,&,y_intercept_for_month_11,&,running_average_size_minutes_for_month_11,&,y_intercept_for_month_12,&,running_average_size_minutes_for_month_12,&,dNetNorm,&,dMarketBalancePercentage,&,dMarketNetNorm,
results: KSAT,&,7,&,121,&,7,&,121,&,7,&,121,&,7,&,121,&,7,&,121,&,7,&,121,&,7,&,121,&,7,&,121,&,7,&,121,&,7,&,121,&,7,&,121,&,7,&,121,&,0.32488448575877604,&,0.9363562550746362,&,0.3042076204169365
monthly visible minutes:KSAT,&,2013,&,8672,&,8672,&,8672,&,8672,&,8672,&,8672,&,8672,&,8672,&,8672,&,8672,&,8672,&,6470,&,
monthly visible minutes:KSAT,&,2014,&,8672,&,8672,&,8672,&,8653,&,8672,&,8672,&,8672,&,8672,&,8672,&,8672,&,8672,&,8672,&,
monthly minutes harvester between states:KSAT,&,2013,&,697,&,836,&,609,&,570,&,601,&,684,&,684,&,750,&,684,&,619,&,770,&,494,&,
monthly minutes harvester between states:KSAT,&,2014,&,836,&,684,&,646,&,532,&,456,&,418,&,646,&,731,&,608,&,570,&,570,&,703,&,
Station: KSEA
abc: The current path is /home/guy/retractable-wind
I have found the property file.
The training windspeed filename is /trainingKSEA2004-2012in.csv
The testing windspeed filename is /testingKSEA2013-2014in.csv
Yes, the station is KSEA
Warning: The bAlsoUsePrediction no longer has any effect
iUsedAllItsAllocatedVisibilityMinutesPerMonth: 8760
Visibility Allocation Minutes:8760
HARVESTER_SIZE_SQM is 6362
Reading file
Success: /Wind turbine power curves - wind turbine power output against wind speed in knots.csv found.
Speed (Knots) = Speed(knots) vs power (kW) , Power (kW) =V90
Speed (Knots) = 0 , Power (kW) =0
Speed (Knots) = 1 , Power (kW) =0
Speed (Knots) = 2 , Power (kW) =0
Speed (Knots) = 3 , Power (kW) =0
Speed (Knots) = 4 , Power (kW) =0
Speed (Knots) = 5 , Power (kW) =0
Speed (Knots) = 6 , Power (kW) =0
Speed (Knots) = 7 , Power (kW) =38
Speed (Knots) = 8 , Power (kW) =87
Speed (Knots) = 9 , Power (kW) =141
Speed (Knots) = 10 , Power (kW) =207
Speed (Knots) = 11 , Power (kW) =286
Speed (Knots) = 12 , Power (kW) =382
Speed (Knots) = 13 , Power (kW) =496
Speed (Knots) = 14 , Power (kW) =628
Speed (Knots) = 15 , Power (kW) =781
Speed (Knots) = 16 , Power (kW) =957
Speed (Knots) = 17 , Power (kW) =1153
Speed (Knots) = 18 , Power (kW) =1366
Speed (Knots) = 19 , Power (kW) =1589
Speed (Knots) = 20 , Power (kW) =1814
Speed (Knots) = 21 , Power (kW) =2035
Speed (Knots) = 22 , Power (kW) =2250
Speed (Knots) = 23 , Power (kW) =2452
Speed (Knots) = 24 , Power (kW) =2634
Speed (Knots) = 25 , Power (kW) =2784
Speed (Knots) = 26 , Power (kW) =2888
Speed (Knots) = 27 , Power (kW) =2949
Speed (Knots) = 28 , Power (kW) =2980
Speed (Knots) = 29 , Power (kW) =2993
Speed (Knots) = 30 , Power (kW) =3000
Speed (Knots) = 31 , Power (kW) =3000
Speed (Knots) = 32 , Power (kW) =3000
Speed (Knots) = 33 , Power (kW) =3000
Speed (Knots) = 34 , Power (kW) =3000
Speed (Knots) = 35 , Power (kW) =3000
Speed (Knots) = 36 , Power (kW) =3000
Speed (Knots) = 37 , Power (kW) =3000
Speed (Knots) = 38 , Power (kW) =3000
Speed (Knots) = 39 , Power (kW) =3000
Speed (Knots) = 40 , Power (kW) =3000
Speed (Knots) = 41 , Power (kW) =3000
Speed (Knots) = 42 , Power (kW) =3000
Speed (Knots) = 43 , Power (kW) =3000
Speed (Knots) = 44 , Power (kW) =3000
Speed (Knots) = 45 , Power (kW) =3000
Speed (Knots) = 46 , Power (kW) =3000
Speed (Knots) = 47 , Power (kW) =3000
Speed (Knots) = 48 , Power (kW) =3000
Speed (Knots) = 49 , Power (kW) =0
Speed (Knots) = 50 , Power (kW) =0
Speed (Knots) = 51 , Power (kW) =0
Speed (Knots) = 52 , Power (kW) =0
Speed (Knots) = 53 , Power (kW) =0
Speed (Knots) = 54 , Power (kW) =0
Speed (Knots) = 55 , Power (kW) =0
Speed (Knots) = 56 , Power (kW) =0
Speed (Knots) = 57 , Power (kW) =0
Speed (Knots) = 58 , Power (kW) =0
Speed (Knots) = 59 , Power (kW) =0
Speed (Knots) = 60 , Power (kW) =0
The scale is 1.0
Wind power at 10 knots in kilowatts is 207.0
Wind power in-cut-out test 0.0
Class name:edu.pitt.cs.people.guy.wind.benchmarks.Static
Success: /Noise_Allowed_Time_Definitions_All_Stations.csv found.
The station is the record is KSEA
Success: /Noise_Allowed_Time_Definitions_All_Stations.csv found.
The station is the record is KSEA
I have found the membership file for NOT WINDY.
Windspeed (knots) [0,1), Membership Value =1.00000000,1.0
Windspeed (knots) [1,2), Membership Value =0.99993277,0.99993277
Windspeed (knots) [2,3), Membership Value =0.99892165,0.99892163
Windspeed (knots) [3,4), Membership Value =0.99387290,0.9938729
Windspeed (knots) [4,5), Membership Value =0.97894836,0.97894835
Windspeed (knots) [5,6), Membership Value =0.94800931,0.9480093
Windspeed (knots) [6,7), Membership Value =0.89672655,0.89672655
Windspeed (knots) [7,8), Membership Value =0.82453767,0.8245377
Windspeed (knots) [8,9), Membership Value =0.73707467,0.7370747
Windspeed (knots) [9,10), Membership Value =0.63973627,0.6397363
Windspeed (knots) [10,11), Membership Value =0.53478148,0.53478146
Windspeed (knots) [11,12), Membership Value =0.42858798,0.42858797
Windspeed (knots) [12,13), Membership Value =0.32600889,0.3260089
Windspeed (knots) [13,14), Membership Value =0.22910875,0.22910875
Windspeed (knots) [14,15), Membership Value =0.14142866,0.14142866
Windspeed (knots) [15,16), Membership Value =0.06309132,0.06309132
Windspeed (knots) [16,17), Membership Value =0.00000000,0.0
Windspeed (knots) [17,18), Membership Value =0.00000000,0.0
Windspeed (knots) [18,19), Membership Value =0.00000000,0.0
Windspeed (knots) [19,20), Membership Value =0.00000000,0.0
Windspeed (knots) [20,21), Membership Value =0.00000000,0.0
Windspeed (knots) [21,22), Membership Value =0.00000000,0.0
Windspeed (knots) [22,23), Membership Value =0.00000000,0.0
Windspeed (knots) [23,24), Membership Value =0.00000000,0.0
Windspeed (knots) [24,25), Membership Value =0.00000000,0.0
Windspeed (knots) [25,26), Membership Value =0.00000000,0.0
Windspeed (knots) [26,27), Membership Value =0.00000000,0.0
Windspeed (knots) [27,28), Membership Value =0.00000000,0.0
Windspeed (knots) [28,29), Membership Value =0.00000000,0.0
Windspeed (knots) [29,30), Membership Value =0.00000000,0.0
Windspeed (knots) [30,31), Membership Value =0.00000000,0.0
Windspeed (knots) [31,32), Membership Value =0.00000000,0.0
Windspeed (knots) [32,33), Membership Value =0.00000000,0.0
Windspeed (knots) [33,34), Membership Value =0.00000000,0.0
Windspeed (knots) [34,35), Membership Value =0.00000000,0.0
Windspeed (knots) [35,36), Membership Value =0.00000000,0.0
Windspeed (knots) [36,37), Membership Value =0.00000000,0.0
Windspeed (knots) [37,38), Membership Value =0.00000000,0.0
Windspeed (knots) [38,39), Membership Value =0.00000000,0.0
Windspeed (knots) [39,40), Membership Value =0.00000000,0.0
Windspeed (knots) [40,41), Membership Value =0.00000000,0.0
Windspeed (knots) [41,42), Membership Value =0.00000000,0.0
Windspeed (knots) [42,43), Membership Value =0.00000000,0.0
Windspeed (knots) [43,44), Membership Value =0.00000000,0.0
Windspeed (knots) [44,45), Membership Value =0.00000000,0.0
Windspeed (knots) [45,46), Membership Value =0.00000000,0.0
Windspeed (knots) [46,47), Membership Value =0.00000000,0.0
Windspeed (knots) [47,48), Membership Value =0.00000000,0.0
Windspeed (knots) [48,49), Membership Value =0.00000000,0.0
Windspeed (knots) [49,50), Membership Value =0.00000000,0.0
Windspeed (knots) [50,51), Membership Value =0.00000000,0.0
Windspeed (knots) [51,52), Membership Value =0.00000000,0.0
Windspeed (knots) [52,53), Membership Value =0.00000000,0.0
Windspeed (knots) [53,54), Membership Value =0.00000000,0.0
Windspeed (knots) [54,55), Membership Value =0.00000000,0.0
Windspeed (knots) [55,56), Membership Value =0.00000000,0.0
Windspeed (knots) [56,57), Membership Value =0.00000000,0.0
Windspeed (knots) [57,58), Membership Value =0.00000000,0.0
Windspeed (knots) [58,59), Membership Value =0.00000000,0.0
Windspeed (knots) [59,60), Membership Value =0.00000000,0.0
Windspeed (knots) [60,61), Membership Value =0.00000000,0.0
Windspeed (knots) [61,62), Membership Value =0.00000000,0.0
Windspeed (knots) [62,63), Membership Value =0.00000000,0.0
Windspeed (knots) [63,64), Membership Value =0.00000000,0.0
Windspeed (knots) [64,65), Membership Value =0.00000000,0.0
Windspeed (knots) [65,66), Membership Value =0.00000000,0.0
Windspeed (knots) [66,67), Membership Value =0.00000000,0.0
Windspeed (knots) [67,68), Membership Value =0.00000000,0.0
Windspeed (knots) [68,69), Membership Value =0.00000000,0.0
Windspeed (knots) [69,70), Membership Value =0.00000000,0.0
Windspeed (knots) [70,71), Membership Value =0.00000000,0.0
Windspeed (knots) [71,72), Membership Value =0.00000000,0.0
Windspeed (knots) [72,73), Membership Value =0.00000000,0.0
Windspeed (knots) [73,74), Membership Value =0.00000000,0.0
Windspeed (knots) [74,75), Membership Value =0.00000000,0.0
Windspeed (knots) [75,76), Membership Value =0.00000000,0.0
Windspeed (knots) [76,77), Membership Value =0.00000000,0.0
Windspeed (knots) [77,78), Membership Value =0.00000000,0.0
Windspeed (knots) [78,79), Membership Value =0.00000000,0.0
Windspeed (knots) [79,80), Membership Value =0.00000000,0.0
Windspeed (knots) [80,81), Membership Value =0.00000000,0.0
Windspeed (knots) [81,82), Membership Value =0.00000000,0.0
Windspeed (knots) [82,83), Membership Value =0.00000000,0.0
Windspeed (knots) [83,84), Membership Value =0.00000000,0.0
Windspeed (knots) [84,85), Membership Value =0.00000000,0.0
Windspeed (knots) [85,86), Membership Value =0.00000000,0.0
Windspeed (knots) [86,87), Membership Value =0.00000000,0.0
Windspeed (knots) [87,88), Membership Value =0.00000000,0.0
Windspeed (knots) [88,89), Membership Value =0.00000000,0.0
Windspeed (knots) [89,90), Membership Value =0.00000000,0.0
Windspeed (knots) [90,91), Membership Value =0.00000000,0.0
Windspeed (knots) [91,92), Membership Value =0.00000000,0.0
Windspeed (knots) [92,93), Membership Value =0.00000000,0.0
Windspeed (knots) [93,94), Membership Value =0.00000000,0.0
Windspeed (knots) [94,95), Membership Value =0.00000000,0.0
Windspeed (knots) [95,96), Membership Value =0.00000000,0.0
Windspeed (knots) [96,97), Membership Value =0.00000000,0.0
Windspeed (knots) [97,98), Membership Value =0.00000000,0.0
Windspeed (knots) [98,99), Membership Value =0.00000000,0.0
Windspeed (knots) [99,100), Membership Value =0.00000000,0.0
Windspeed (knots) [100,101), Membership Value =0.00000000,0.0
Windspeed (knots) [101,102), Membership Value =0.00000000,0.0
Windspeed (knots) [102,103), Membership Value =0.00000000,0.0
Windspeed (knots) [103,104), Membership Value =0.00000000,0.0
Windspeed (knots) [104,105), Membership Value =0.00000000,0.0
Windspeed (knots) [105,106), Membership Value =0.00000000,0.0
Windspeed (knots) [106,107), Membership Value =0.00000000,0.0
Windspeed (knots) [107,108), Membership Value =0.00000000,0.0
Windspeed (knots) [108,109), Membership Value =0.00000000,0.0
Windspeed (knots) [109,110), Membership Value =0.00000000,0.0
Windspeed (knots) [110,111), Membership Value =0.00000000,0.0
Windspeed (knots) [111,112), Membership Value =0.00000000,0.0
Windspeed (knots) [112,113), Membership Value =0.00000000,0.0
Windspeed (knots) [113,114), Membership Value =0.00000000,0.0
Windspeed (knots) [114,115), Membership Value =0.00000000,0.0
Windspeed (knots) [115,116), Membership Value =0.00000000,0.0
Windspeed (knots) [116,117), Membership Value =0.00000000,0.0
Windspeed (knots) [117,118), Membership Value =0.00000000,0.0
Windspeed (knots) [118,119), Membership Value =0.00000000,0.0
Windspeed (knots) [119,120), Membership Value =0.00000000,0.0
Windspeed (knots) [120,121), Membership Value =0.00000000,0.0
Windspeed (knots) [121,122), Membership Value =0.00000000,0.0
Windspeed (knots) [122,123), Membership Value =0.00000000,0.0
Windspeed (knots) [123,124), Membership Value =0.00000000,0.0
Windspeed (knots) [124,125), Membership Value =0.00000000,0.0
LowestWindspeedThatIsWindyKnots for station KSEA is 6 knots.
Transition limited :false
bUseWeatherPrediction:false
The running average is 1
The y-int is 6
Energy harvested: 3118103.2577715158
iGeneratingEnergyWhenGridNeedsEnergyMinutes =622246
iGeneratingEnergyWhenGridNeedsEnergyMinutes =622246
iUsingEnergyWhenGridNeedsEnergyMinutes =95864
iGeneratingEnergyWhenGridHasExcessEnergyMinutes = 1622
iUsingEnergyWhenGridHasExcessEnergyMinutes = 165
iIdleWhenGridDoesNotNeedEnergyMinutes = 44293
iIdleWhenGridNeedsEnergyMinutes = 3970289
iEnergyPriceIsZeroMinutes = 240
harvester.getEnergyHarvestedAVAILABLEKilowattHours( ): 9219178.416666666
harvester.getEnergyHarvestedKilowattHours(): 3118103.2577715158
The y-int is 16
Energy harvested: 1113564.85
iGeneratingEnergyWhenGridNeedsEnergyMinutes =45388
iGeneratingEnergyWhenGridNeedsEnergyMinutes =45388
iUsingEnergyWhenGridNeedsEnergyMinutes =1
iGeneratingEnergyWhenGridHasExcessEnergyMinutes = 12
iUsingEnergyWhenGridHasExcessEnergyMinutes = 0
iIdleWhenGridDoesNotNeedEnergyMinutes = 46068
iIdleWhenGridNeedsEnergyMinutes = 4643010
iEnergyPriceIsZeroMinutes = 240
harvester.getEnergyHarvestedAVAILABLEKilowattHours( ): 9219178.416666666
harvester.getEnergyHarvestedKilowattHours(): 1113564.85
The y-int is 26
Energy harvested: 13102.4
iGeneratingEnergyWhenGridNeedsEnergyMinutes =267
iGeneratingEnergyWhenGridNeedsEnergyMinutes =267
iUsingEnergyWhenGridNeedsEnergyMinutes =1
iGeneratingEnergyWhenGridHasExcessEnergyMinutes = 0
iUsingEnergyWhenGridHasExcessEnergyMinutes = 0
iIdleWhenGridDoesNotNeedEnergyMinutes = 46080
iIdleWhenGridNeedsEnergyMinutes = 4688131
iEnergyPriceIsZeroMinutes = 240
harvester.getEnergyHarvestedAVAILABLEKilowattHours( ): 9219178.416666666
harvester.getEnergyHarvestedKilowattHours(): 13102.4
The y-int is 36
Energy harvested: 0.0
iGeneratingEnergyWhenGridNeedsEnergyMinutes =0
iGeneratingEnergyWhenGridNeedsEnergyMinutes =0
iUsingEnergyWhenGridNeedsEnergyMinutes =1
iGeneratingEnergyWhenGridHasExcessEnergyMinutes = 0
iUsingEnergyWhenGridHasExcessEnergyMinutes = 0
iIdleWhenGridDoesNotNeedEnergyMinutes = 46080
iIdleWhenGridNeedsEnergyMinutes = 4688398
iEnergyPriceIsZeroMinutes = 240
harvester.getEnergyHarvestedAVAILABLEKilowattHours( ): 9219178.416666666
harvester.getEnergyHarvestedKilowattHours(): 0.0
The running average is 31
The y-int is 6
Energy harvested: 3227717.07971861
iGeneratingEnergyWhenGridNeedsEnergyMinutes =648391
iGeneratingEnergyWhenGridNeedsEnergyMinutes =648391
iUsingEnergyWhenGridNeedsEnergyMinutes =55516
iGeneratingEnergyWhenGridHasExcessEnergyMinutes = 1613
iUsingEnergyWhenGridHasExcessEnergyMinutes = 116
iIdleWhenGridDoesNotNeedEnergyMinutes = 44351
iIdleWhenGridNeedsEnergyMinutes = 3984492
iEnergyPriceIsZeroMinutes = 240
harvester.getEnergyHarvestedAVAILABLEKilowattHours( ): 9219178.416666666
harvester.getEnergyHarvestedKilowattHours(): 3227717.07971861
The y-int is 16
Energy harvested: 1223157.1450000242
iGeneratingEnergyWhenGridNeedsEnergyMinutes =57010
iGeneratingEnergyWhenGridNeedsEnergyMinutes =57010
iUsingEnergyWhenGridNeedsEnergyMinutes =1826
iGeneratingEnergyWhenGridHasExcessEnergyMinutes = 15
iUsingEnergyWhenGridHasExcessEnergyMinutes = 0
iIdleWhenGridDoesNotNeedEnergyMinutes = 46065
iIdleWhenGridNeedsEnergyMinutes = 4629563
iEnergyPriceIsZeroMinutes = 240
harvester.getEnergyHarvestedAVAILABLEKilowattHours( ): 9219178.416666666
harvester.getEnergyHarvestedKilowattHours(): 1223157.1450000242
The y-int is 26
Energy harvested: 16043.379722222211
iGeneratingEnergyWhenGridNeedsEnergyMinutes =347
iGeneratingEnergyWhenGridNeedsEnergyMinutes =347
iUsingEnergyWhenGridNeedsEnergyMinutes =14
iGeneratingEnergyWhenGridHasExcessEnergyMinutes = 0
iUsingEnergyWhenGridHasExcessEnergyMinutes = 0
iIdleWhenGridDoesNotNeedEnergyMinutes = 46080
iIdleWhenGridNeedsEnergyMinutes = 4688038
iEnergyPriceIsZeroMinutes = 240
harvester.getEnergyHarvestedAVAILABLEKilowattHours( ): 9219178.416666666
harvester.getEnergyHarvestedKilowattHours(): 16043.379722222211
The y-int is 36
Energy harvested: 0.0
iGeneratingEnergyWhenGridNeedsEnergyMinutes =0
iGeneratingEnergyWhenGridNeedsEnergyMinutes =0
iUsingEnergyWhenGridNeedsEnergyMinutes =1
iGeneratingEnergyWhenGridHasExcessEnergyMinutes = 0
iUsingEnergyWhenGridHasExcessEnergyMinutes = 0
iIdleWhenGridDoesNotNeedEnergyMinutes = 46080
iIdleWhenGridNeedsEnergyMinutes = 4688398
iEnergyPriceIsZeroMinutes = 240
harvester.getEnergyHarvestedAVAILABLEKilowattHours( ): 9219178.416666666
harvester.getEnergyHarvestedKilowattHours(): 0.0
The running average is 61
The y-int is 6
Energy harvested: 3268202.7574971244
iGeneratingEnergyWhenGridNeedsEnergyMinutes =652436
iGeneratingEnergyWhenGridNeedsEnergyMinutes =652436
iUsingEnergyWhenGridNeedsEnergyMinutes =43965
iGeneratingEnergyWhenGridHasExcessEnergyMinutes = 1553
iUsingEnergyWhenGridHasExcessEnergyMinutes = 111
iIdleWhenGridDoesNotNeedEnergyMinutes = 44416
iIdleWhenGridNeedsEnergyMinutes = 3991998
iEnergyPriceIsZeroMinutes = 240
harvester.getEnergyHarvestedAVAILABLEKilowattHours( ): 9219178.416666666
harvester.getEnergyHarvestedKilowattHours(): 3268202.7574971244
The y-int is 16
Energy harvested: 1188677.9186111237
iGeneratingEnergyWhenGridNeedsEnergyMinutes =57289
iGeneratingEnergyWhenGridNeedsEnergyMinutes =57289
iUsingEnergyWhenGridNeedsEnergyMinutes =1057
iGeneratingEnergyWhenGridHasExcessEnergyMinutes = 0
iUsingEnergyWhenGridHasExcessEnergyMinutes = 0
iIdleWhenGridDoesNotNeedEnergyMinutes = 46080
iIdleWhenGridNeedsEnergyMinutes = 4630053
iEnergyPriceIsZeroMinutes = 240
harvester.getEnergyHarvestedAVAILABLEKilowattHours( ): 9219178.416666666
harvester.getEnergyHarvestedKilowattHours(): 1188677.9186111237
The y-int is 26
Energy harvested: 14248.683333333332
iGeneratingEnergyWhenGridNeedsEnergyMinutes =321
iGeneratingEnergyWhenGridNeedsEnergyMinutes =321
iUsingEnergyWhenGridNeedsEnergyMinutes =1
iGeneratingEnergyWhenGridHasExcessEnergyMinutes = 0
iUsingEnergyWhenGridHasExcessEnergyMinutes = 0
iIdleWhenGridDoesNotNeedEnergyMinutes = 46080
iIdleWhenGridNeedsEnergyMinutes = 4688077
iEnergyPriceIsZeroMinutes = 240
harvester.getEnergyHarvestedAVAILABLEKilowattHours( ): 9219178.416666666
harvester.getEnergyHarvestedKilowattHours(): 14248.683333333332
The y-int is 36
Energy harvested: 0.0
iGeneratingEnergyWhenGridNeedsEnergyMinutes =0
iGeneratingEnergyWhenGridNeedsEnergyMinutes =0
iUsingEnergyWhenGridNeedsEnergyMinutes =1
iGeneratingEnergyWhenGridHasExcessEnergyMinutes = 0
iUsingEnergyWhenGridHasExcessEnergyMinutes = 0
iIdleWhenGridDoesNotNeedEnergyMinutes = 46080
iIdleWhenGridNeedsEnergyMinutes = 4688398
iEnergyPriceIsZeroMinutes = 240
harvester.getEnergyHarvestedAVAILABLEKilowattHours( ): 9219178.416666666
harvester.getEnergyHarvestedKilowattHours(): 0.0
The running average is 91
The y-int is 6
Energy harvested: 3303330.9636085546
iGeneratingEnergyWhenGridNeedsEnergyMinutes =652505
iGeneratingEnergyWhenGridNeedsEnergyMinutes =652505
iUsingEnergyWhenGridNeedsEnergyMinutes =38558
iGeneratingEnergyWhenGridHasExcessEnergyMinutes = 1571
iUsingEnergyWhenGridHasExcessEnergyMinutes = 100
iIdleWhenGridDoesNotNeedEnergyMinutes = 44409
iIdleWhenGridNeedsEnergyMinutes = 3997336
iEnergyPriceIsZeroMinutes = 240
harvester.getEnergyHarvestedAVAILABLEKilowattHours( ): 9219178.416666666
harvester.getEnergyHarvestedKilowattHours(): 3303330.9636085546
The y-int is 16
Energy harvested: 1137516.2483333414
iGeneratingEnergyWhenGridNeedsEnergyMinutes =55823
iGeneratingEnergyWhenGridNeedsEnergyMinutes =55823
iUsingEnergyWhenGridNeedsEnergyMinutes =737
iGeneratingEnergyWhenGridHasExcessEnergyMinutes = 0
iUsingEnergyWhenGridHasExcessEnergyMinutes = 0
iIdleWhenGridDoesNotNeedEnergyMinutes = 46080
iIdleWhenGridNeedsEnergyMinutes = 4631839
iEnergyPriceIsZeroMinutes = 240
harvester.getEnergyHarvestedAVAILABLEKilowattHours( ): 9219178.416666666
harvester.getEnergyHarvestedKilowattHours(): 1137516.2483333414
The y-int is 26
Energy harvested: 10545.916666666666
iGeneratingEnergyWhenGridNeedsEnergyMinutes =240
iGeneratingEnergyWhenGridNeedsEnergyMinutes =240
iUsingEnergyWhenGridNeedsEnergyMinutes =1
iGeneratingEnergyWhenGridHasExcessEnergyMinutes = 0
iUsingEnergyWhenGridHasExcessEnergyMinutes = 0
iIdleWhenGridDoesNotNeedEnergyMinutes = 46080
iIdleWhenGridNeedsEnergyMinutes = 4688158
iEnergyPriceIsZeroMinutes = 240
harvester.getEnergyHarvestedAVAILABLEKilowattHours( ): 9219178.416666666
harvester.getEnergyHarvestedKilowattHours(): 10545.916666666666
The y-int is 36
Energy harvested: 0.0
iGeneratingEnergyWhenGridNeedsEnergyMinutes =0
iGeneratingEnergyWhenGridNeedsEnergyMinutes =0
iUsingEnergyWhenGridNeedsEnergyMinutes =1
iGeneratingEnergyWhenGridHasExcessEnergyMinutes = 0
iUsingEnergyWhenGridHasExcessEnergyMinutes = 0
iIdleWhenGridDoesNotNeedEnergyMinutes = 46080
iIdleWhenGridNeedsEnergyMinutes = 4688398
iEnergyPriceIsZeroMinutes = 240
harvester.getEnergyHarvestedAVAILABLEKilowattHours( ): 9219178.416666666
harvester.getEnergyHarvestedKilowattHours(): 0.0
The running average is 121
The y-int is 6
Energy harvested: 3309845.1161087444
iGeneratingEnergyWhenGridNeedsEnergyMinutes =649298
iGeneratingEnergyWhenGridNeedsEnergyMinutes =649298
iUsingEnergyWhenGridNeedsEnergyMinutes =35514
iGeneratingEnergyWhenGridHasExcessEnergyMinutes = 1555
iUsingEnergyWhenGridHasExcessEnergyMinutes = 77
iIdleWhenGridDoesNotNeedEnergyMinutes = 44448
iIdleWhenGridNeedsEnergyMinutes = 4003587
iEnergyPriceIsZeroMinutes = 240
harvester.getEnergyHarvestedAVAILABLEKilowattHours( ): 9219178.416666666
harvester.getEnergyHarvestedKilowattHours(): 3309845.1161087444
The y-int is 16
Energy harvested: 1087425.2022222297
iGeneratingEnergyWhenGridNeedsEnergyMinutes =54239
iGeneratingEnergyWhenGridNeedsEnergyMinutes =54239
iUsingEnergyWhenGridNeedsEnergyMinutes =605
iGeneratingEnergyWhenGridHasExcessEnergyMinutes = 0
iUsingEnergyWhenGridHasExcessEnergyMinutes = 0
iIdleWhenGridDoesNotNeedEnergyMinutes = 46080
iIdleWhenGridNeedsEnergyMinutes = 4633555
iEnergyPriceIsZeroMinutes = 240
harvester.getEnergyHarvestedAVAILABLEKilowattHours( ): 9219178.416666666
harvester.getEnergyHarvestedKilowattHours(): 1087425.2022222297
The y-int is 26
Energy harvested: 7556.35
iGeneratingEnergyWhenGridNeedsEnergyMinutes =180
iGeneratingEnergyWhenGridNeedsEnergyMinutes =180
iUsingEnergyWhenGridNeedsEnergyMinutes =1
iGeneratingEnergyWhenGridHasExcessEnergyMinutes = 0
iUsingEnergyWhenGridHasExcessEnergyMinutes = 0
iIdleWhenGridDoesNotNeedEnergyMinutes = 46080
iIdleWhenGridNeedsEnergyMinutes = 4688218
iEnergyPriceIsZeroMinutes = 240
harvester.getEnergyHarvestedAVAILABLEKilowattHours( ): 9219178.416666666
harvester.getEnergyHarvestedKilowattHours(): 7556.35
The y-int is 36
Energy harvested: 0.0
iGeneratingEnergyWhenGridNeedsEnergyMinutes =0
iGeneratingEnergyWhenGridNeedsEnergyMinutes =0
iUsingEnergyWhenGridNeedsEnergyMinutes =1
iGeneratingEnergyWhenGridHasExcessEnergyMinutes = 0
iUsingEnergyWhenGridHasExcessEnergyMinutes = 0
iIdleWhenGridDoesNotNeedEnergyMinutes = 46080
iIdleWhenGridNeedsEnergyMinutes = 4688398
iEnergyPriceIsZeroMinutes = 240
harvester.getEnergyHarvestedAVAILABLEKilowattHours( ): 9219178.416666666
harvester.getEnergyHarvestedKilowattHours(): 0.0
Beginning testing mode:
station,&,y_intercept_for_month_1,&,running_average_size_minutes_for_month_1,&,y_intercept_for_month_2,&,running_average_size_minutes_for_month_2,&,y_intercept_for_month_3,&,running_average_size_minutes_for_month_3,&,y_intercept_for_month_4,&,running_average_size_minutes_for_month_4,&,y_intercept_for_month_5,&,running_average_size_minutes_for_month_5,&,y_intercept_for_month_6,&,running_average_size_minutes_for_month_6,&,y_intercept_for_month_7,&,running_average_size_minutes_for_month_7,&,y_intercept_for_month_8,&,running_average_size_minutes_for_month_8,&,y_intercept_for_month_9,&,running_average_size_minutes_for_month_9,&,y_intercept_for_month_10,&,running_average_size_minutes_for_month_10,&,y_intercept_for_month_11,&,running_average_size_minutes_for_month_11,&,y_intercept_for_month_12,&,running_average_size_minutes_for_month_12,&,dNetNorm,&,dMarketBalancePercentage,&,dMarketNetNorm,
results: KSEA,&,6,&,121,&,6,&,121,&,6,&,121,&,6,&,121,&,6,&,121,&,6,&,121,&,6,&,121,&,6,&,121,&,6,&,121,&,6,&,121,&,6,&,121,&,6,&,121,&,0.3807909702801668,&,0.9252839124690457,&,0.3523397588137168
monthly visible minutes:KSEA,&,2013,&,8672,&,8672,&,8672,&,8672,&,8672,&,8672,&,8672,&,8672,&,8672,&,7712,&,8657,&,8672,&,
monthly visible minutes:KSEA,&,2014,&,8672,&,8672,&,8672,&,8672,&,8655,&,8672,&,8672,&,8672,&,8672,&,8672,&,8672,&,8672,&,
monthly minutes harvester between states:KSEA,&,2013,&,874,&,760,&,608,&,646,&,608,&,760,&,798,&,775,&,722,&,646,&,570,&,684,&,
monthly minutes harvester between states:KSEA,&,2014,&,760,&,570,&,722,&,684,&,727,&,773,&,646,&,646,&,734,&,769,&,532,&,684,&,
station,&,y_intercept_for_month_1,&,running_average_size_minutes_for_month_1,&,y_intercept_for_month_2,&,running_average_size_minutes_for_month_2,&,y_intercept_for_month_3,&,running_average_size_minutes_for_month_3,&,y_intercept_for_month_4,&,running_average_size_minutes_for_month_4,&,y_intercept_for_month_5,&,running_average_size_minutes_for_month_5,&,y_intercept_for_month_6,&,running_average_size_minutes_for_month_6,&,y_intercept_for_month_7,&,running_average_size_minutes_for_month_7,&,y_intercept_for_month_8,&,running_average_size_minutes_for_month_8,&,y_intercept_for_month_9,&,running_average_size_minutes_for_month_9,&,y_intercept_for_month_10,&,running_average_size_minutes_for_month_10,&,y_intercept_for_month_11,&,running_average_size_minutes_for_month_11,&,y_intercept_for_month_12,&,running_average_size_minutes_for_month_12,&,dNetNorm,&,dMarketBalancePercentage,&,dMarketNetNorm,
results: KSEA,&,6,&,121,&,6,&,121,&,6,&,121,&,6,&,121,&,6,&,121,&,6,&,121,&,6,&,121,&,6,&,121,&,6,&,121,&,6,&,121,&,6,&,121,&,6,&,121,&,0.3807909702801668,&,0.9252766928258406,&,0.3523370096387757
monthly visible minutes:KSEA,&,2013,&,8672,&,8672,&,8672,&,8672,&,8672,&,8672,&,8672,&,8672,&,8672,&,7712,&,8657,&,8672,&,
monthly visible minutes:KSEA,&,2014,&,8672,&,8672,&,8672,&,8672,&,8655,&,8672,&,8672,&,8672,&,8672,&,8672,&,8672,&,8672,&,
monthly minutes harvester between states:KSEA,&,2013,&,874,&,760,&,608,&,646,&,608,&,760,&,798,&,775,&,722,&,646,&,570,&,684,&,
monthly minutes harvester between states:KSEA,&,2014,&,760,&,570,&,722,&,684,&,727,&,773,&,646,&,646,&,734,&,769,&,532,&,684,&,
Station: KSFO
abc: The current path is /home/guy/retractable-wind
I have found the property file.
The training windspeed filename is /trainingKSFO2004-2012in.csv
The testing windspeed filename is /testingKSFO2013-2014in.csv
Yes, the station is KSFO
Warning: The bAlsoUsePrediction no longer has any effect
iUsedAllItsAllocatedVisibilityMinutesPerMonth: 8760
Visibility Allocation Minutes:8760
HARVESTER_SIZE_SQM is 6362
Reading file
Success: /Wind turbine power curves - wind turbine power output against wind speed in knots.csv found.
Speed (Knots) = Speed(knots) vs power (kW) , Power (kW) =V90
Speed (Knots) = 0 , Power (kW) =0
Speed (Knots) = 1 , Power (kW) =0
Speed (Knots) = 2 , Power (kW) =0
Speed (Knots) = 3 , Power (kW) =0
Speed (Knots) = 4 , Power (kW) =0
Speed (Knots) = 5 , Power (kW) =0
Speed (Knots) = 6 , Power (kW) =0
Speed (Knots) = 7 , Power (kW) =38
Speed (Knots) = 8 , Power (kW) =87
Speed (Knots) = 9 , Power (kW) =141
Speed (Knots) = 10 , Power (kW) =207
Speed (Knots) = 11 , Power (kW) =286
Speed (Knots) = 12 , Power (kW) =382
Speed (Knots) = 13 , Power (kW) =496
Speed (Knots) = 14 , Power (kW) =628
Speed (Knots) = 15 , Power (kW) =781
Speed (Knots) = 16 , Power (kW) =957
Speed (Knots) = 17 , Power (kW) =1153
Speed (Knots) = 18 , Power (kW) =1366
Speed (Knots) = 19 , Power (kW) =1589
Speed (Knots) = 20 , Power (kW) =1814
Speed (Knots) = 21 , Power (kW) =2035
Speed (Knots) = 22 , Power (kW) =2250
Speed (Knots) = 23 , Power (kW) =2452
Speed (Knots) = 24 , Power (kW) =2634
Speed (Knots) = 25 , Power (kW) =2784
Speed (Knots) = 26 , Power (kW) =2888
Speed (Knots) = 27 , Power (kW) =2949
Speed (Knots) = 28 , Power (kW) =2980
Speed (Knots) = 29 , Power (kW) =2993
Speed (Knots) = 30 , Power (kW) =3000
Speed (Knots) = 31 , Power (kW) =3000
Speed (Knots) = 32 , Power (kW) =3000
Speed (Knots) = 33 , Power (kW) =3000
Speed (Knots) = 34 , Power (kW) =3000
Speed (Knots) = 35 , Power (kW) =3000
Speed (Knots) = 36 , Power (kW) =3000
Speed (Knots) = 37 , Power (kW) =3000
Speed (Knots) = 38 , Power (kW) =3000
Speed (Knots) = 39 , Power (kW) =3000
Speed (Knots) = 40 , Power (kW) =3000
Speed (Knots) = 41 , Power (kW) =3000
Speed (Knots) = 42 , Power (kW) =3000
Speed (Knots) = 43 , Power (kW) =3000
Speed (Knots) = 44 , Power (kW) =3000
Speed (Knots) = 45 , Power (kW) =3000
Speed (Knots) = 46 , Power (kW) =3000
Speed (Knots) = 47 , Power (kW) =3000
Speed (Knots) = 48 , Power (kW) =3000
Speed (Knots) = 49 , Power (kW) =0
Speed (Knots) = 50 , Power (kW) =0
Speed (Knots) = 51 , Power (kW) =0
Speed (Knots) = 52 , Power (kW) =0
Speed (Knots) = 53 , Power (kW) =0
Speed (Knots) = 54 , Power (kW) =0
Speed (Knots) = 55 , Power (kW) =0
Speed (Knots) = 56 , Power (kW) =0
Speed (Knots) = 57 , Power (kW) =0
Speed (Knots) = 58 , Power (kW) =0
Speed (Knots) = 59 , Power (kW) =0
Speed (Knots) = 60 , Power (kW) =0
The scale is 1.0
Wind power at 10 knots in kilowatts is 207.0
Wind power in-cut-out test 0.0
Class name:edu.pitt.cs.people.guy.wind.benchmarks.Static
Success: /Noise_Allowed_Time_Definitions_All_Stations.csv found.
The station is the record is KSFO
Success: /Noise_Allowed_Time_Definitions_All_Stations.csv found.
The station is the record is KSFO
I have found the membership file for NOT WINDY.
Windspeed (knots) [0,1), Membership Value =1.00000000,1.0
Windspeed (knots) [1,2), Membership Value =0.99996969,0.99996966
Windspeed (knots) [2,3), Membership Value =0.99957051,0.9995705
Windspeed (knots) [3,4), Membership Value =0.99801138,0.99801135
Windspeed (knots) [4,5), Membership Value =0.99467864,0.9946786
Windspeed (knots) [5,6), Membership Value =0.98887177,0.98887175
Windspeed (knots) [6,7), Membership Value =0.97951150,0.9795115
Windspeed (knots) [7,8), Membership Value =0.96524237,0.9652424
Windspeed (knots) [8,9), Membership Value =0.94494139,0.9449414
Windspeed (knots) [9,10), Membership Value =0.91725713,0.91725713
Windspeed (knots) [10,11), Membership Value =0.88074036,0.88074034
Windspeed (knots) [11,12), Membership Value =0.83558029,0.8355803
Windspeed (knots) [12,13), Membership Value =0.78138256,0.78138256
Windspeed (knots) [13,14), Membership Value =0.71758838,0.71758837
Windspeed (knots) [14,15), Membership Value =0.64648835,0.64648837
Windspeed (knots) [15,16), Membership Value =0.56605603,0.566056
Windspeed (knots) [16,17), Membership Value =0.48026860,0.4802686
Windspeed (knots) [17,18), Membership Value =0.39188199,0.391882
Windspeed (knots) [18,19), Membership Value =0.30389209,0.30389208
Windspeed (knots) [19,20), Membership Value =0.21823395,0.21823394
Windspeed (knots) [20,21), Membership Value =0.14138764,0.14138764
Windspeed (knots) [21,22), Membership Value =0.07292651,0.07292651
Windspeed (knots) [22,23), Membership Value =0.01592513,0.01592513
Windspeed (knots) [23,24), Membership Value =0.00000000,0.0
Windspeed (knots) [24,25), Membership Value =0.00000000,0.0
Windspeed (knots) [25,26), Membership Value =0.00000000,0.0
Windspeed (knots) [26,27), Membership Value =0.00000000,0.0
Windspeed (knots) [27,28), Membership Value =0.00000000,0.0
Windspeed (knots) [28,29), Membership Value =0.00000000,0.0
Windspeed (knots) [29,30), Membership Value =0.00000000,0.0
Windspeed (knots) [30,31), Membership Value =0.00000000,0.0
Windspeed (knots) [31,32), Membership Value =0.00000000,0.0
Windspeed (knots) [32,33), Membership Value =0.00000000,0.0
Windspeed (knots) [33,34), Membership Value =0.00000000,0.0
Windspeed (knots) [34,35), Membership Value =0.00000000,0.0
Windspeed (knots) [35,36), Membership Value =0.00000000,0.0
Windspeed (knots) [36,37), Membership Value =0.00000000,0.0
Windspeed (knots) [37,38), Membership Value =0.00000000,0.0
Windspeed (knots) [38,39), Membership Value =0.00000000,0.0
Windspeed (knots) [39,40), Membership Value =0.00000000,0.0
Windspeed (knots) [40,41), Membership Value =0.00000000,0.0
Windspeed (knots) [41,42), Membership Value =0.00000000,0.0
Windspeed (knots) [42,43), Membership Value =0.00000000,0.0
Windspeed (knots) [43,44), Membership Value =0.00000000,0.0
Windspeed (knots) [44,45), Membership Value =0.00000000,0.0
Windspeed (knots) [45,46), Membership Value =0.00000000,0.0
Windspeed (knots) [46,47), Membership Value =0.00000000,0.0
Windspeed (knots) [47,48), Membership Value =0.00000000,0.0
Windspeed (knots) [48,49), Membership Value =0.00000000,0.0
Windspeed (knots) [49,50), Membership Value =0.00000000,0.0
Windspeed (knots) [50,51), Membership Value =0.00000000,0.0
Windspeed (knots) [51,52), Membership Value =0.00000000,0.0
Windspeed (knots) [52,53), Membership Value =0.00000000,0.0
Windspeed (knots) [53,54), Membership Value =0.00000000,0.0
Windspeed (knots) [54,55), Membership Value =0.00000000,0.0
Windspeed (knots) [55,56), Membership Value =0.00000000,0.0
Windspeed (knots) [56,57), Membership Value =0.00000000,0.0
Windspeed (knots) [57,58), Membership Value =0.00000000,0.0
Windspeed (knots) [58,59), Membership Value =0.00000000,0.0
Windspeed (knots) [59,60), Membership Value =0.00000000,0.0
Windspeed (knots) [60,61), Membership Value =0.00000000,0.0
Windspeed (knots) [61,62), Membership Value =0.00000000,0.0
Windspeed (knots) [62,63), Membership Value =0.00000000,0.0
Windspeed (knots) [63,64), Membership Value =0.00000000,0.0
Windspeed (knots) [64,65), Membership Value =0.00000000,0.0
Windspeed (knots) [65,66), Membership Value =0.00000000,0.0
Windspeed (knots) [66,67), Membership Value =0.00000000,0.0
Windspeed (knots) [67,68), Membership Value =0.00000000,0.0
Windspeed (knots) [68,69), Membership Value =0.00000000,0.0
Windspeed (knots) [69,70), Membership Value =0.00000000,0.0
Windspeed (knots) [70,71), Membership Value =0.00000000,0.0
Windspeed (knots) [71,72), Membership Value =0.00000000,0.0
Windspeed (knots) [72,73), Membership Value =0.00000000,0.0
Windspeed (knots) [73,74), Membership Value =0.00000000,0.0
Windspeed (knots) [74,75), Membership Value =0.00000000,0.0
Windspeed (knots) [75,76), Membership Value =0.00000000,0.0
Windspeed (knots) [76,77), Membership Value =0.00000000,0.0
Windspeed (knots) [77,78), Membership Value =0.00000000,0.0
Windspeed (knots) [78,79), Membership Value =0.00000000,0.0
Windspeed (knots) [79,80), Membership Value =0.00000000,0.0
Windspeed (knots) [80,81), Membership Value =0.00000000,0.0
Windspeed (knots) [81,82), Membership Value =0.00000000,0.0
Windspeed (knots) [82,83), Membership Value =0.00000000,0.0
Windspeed (knots) [83,84), Membership Value =0.00000000,0.0
Windspeed (knots) [84,85), Membership Value =0.00000000,0.0
Windspeed (knots) [85,86), Membership Value =0.00000000,0.0
Windspeed (knots) [86,87), Membership Value =0.00000000,0.0
Windspeed (knots) [87,88), Membership Value =0.00000000,0.0
Windspeed (knots) [88,89), Membership Value =0.00000000,0.0
Windspeed (knots) [89,90), Membership Value =0.00000000,0.0
Windspeed (knots) [90,91), Membership Value =0.00000000,0.0
Windspeed (knots) [91,92), Membership Value =0.00000000,0.0
Windspeed (knots) [92,93), Membership Value =0.00000000,0.0
Windspeed (knots) [93,94), Membership Value =0.00000000,0.0
Windspeed (knots) [94,95), Membership Value =0.00000000,0.0
Windspeed (knots) [95,96), Membership Value =0.00000000,0.0
Windspeed (knots) [96,97), Membership Value =0.00000000,0.0
Windspeed (knots) [97,98), Membership Value =0.00000000,0.0
Windspeed (knots) [98,99), Membership Value =0.00000000,0.0
Windspeed (knots) [99,100), Membership Value =0.00000000,0.0
Windspeed (knots) [100,101), Membership Value =0.00000000,0.0
Windspeed (knots) [101,102), Membership Value =0.00000000,0.0
Windspeed (knots) [102,103), Membership Value =0.00000000,0.0
Windspeed (knots) [103,104), Membership Value =0.00000000,0.0
Windspeed (knots) [104,105), Membership Value =0.00000000,0.0
Windspeed (knots) [105,106), Membership Value =0.00000000,0.0
Windspeed (knots) [106,107), Membership Value =0.00000000,0.0
Windspeed (knots) [107,108), Membership Value =0.00000000,0.0
Windspeed (knots) [108,109), Membership Value =0.00000000,0.0
Windspeed (knots) [109,110), Membership Value =0.00000000,0.0
Windspeed (knots) [110,111), Membership Value =0.00000000,0.0
Windspeed (knots) [111,112), Membership Value =0.00000000,0.0
Windspeed (knots) [112,113), Membership Value =0.00000000,0.0
Windspeed (knots) [113,114), Membership Value =0.00000000,0.0
Windspeed (knots) [114,115), Membership Value =0.00000000,0.0
Windspeed (knots) [115,116), Membership Value =0.00000000,0.0
Windspeed (knots) [116,117), Membership Value =0.00000000,0.0
Windspeed (knots) [117,118), Membership Value =0.00000000,0.0
Windspeed (knots) [118,119), Membership Value =0.00000000,0.0
Windspeed (knots) [119,120), Membership Value =0.00000000,0.0
Windspeed (knots) [120,121), Membership Value =0.00000000,0.0
Windspeed (knots) [121,122), Membership Value =0.00000000,0.0
Windspeed (knots) [122,123), Membership Value =0.00000000,0.0
Windspeed (knots) [123,124), Membership Value =0.00000000,0.0
Windspeed (knots) [124,125), Membership Value =0.00000000,0.0
LowestWindspeedThatIsWindyKnots for station KSFO is 10 knots.
Transition limited :false
bUseWeatherPrediction:false
The running average is 1
The y-int is 10
Energy harvested: 1.1907099394175269E7
iGeneratingEnergyWhenGridNeedsEnergyMinutes =718726
iGeneratingEnergyWhenGridNeedsEnergyMinutes =718726
iUsingEnergyWhenGridNeedsEnergyMinutes =68956
iGeneratingEnergyWhenGridHasExcessEnergyMinutes = 1519
iUsingEnergyWhenGridHasExcessEnergyMinutes = 214
iIdleWhenGridDoesNotNeedEnergyMinutes = 44347
iIdleWhenGridNeedsEnergyMinutes = 3900717
iEnergyPriceIsZeroMinutes = 240
harvester.getEnergyHarvestedAVAILABLEKilowattHours( ): 2.9176973966666665E7
harvester.getEnergyHarvestedKilowattHours(): 1.1907099394175269E7
The y-int is 20
Energy harvested: 5699592.566666666
iGeneratingEnergyWhenGridNeedsEnergyMinutes =142961
iGeneratingEnergyWhenGridNeedsEnergyMinutes =142961
iUsingEnergyWhenGridNeedsEnergyMinutes =1
iGeneratingEnergyWhenGridHasExcessEnergyMinutes = 827
iUsingEnergyWhenGridHasExcessEnergyMinutes = 0
iIdleWhenGridDoesNotNeedEnergyMinutes = 45253
iIdleWhenGridNeedsEnergyMinutes = 4545437
iEnergyPriceIsZeroMinutes = 240
harvester.getEnergyHarvestedAVAILABLEKilowattHours( ): 2.9176973966666665E7
harvester.getEnergyHarvestedKilowattHours(): 5699592.566666666
The y-int is 30
Energy harvested: 305550.4166666667
iGeneratingEnergyWhenGridNeedsEnergyMinutes =6086
iGeneratingEnergyWhenGridNeedsEnergyMinutes =6086
iUsingEnergyWhenGridNeedsEnergyMinutes =1
iGeneratingEnergyWhenGridHasExcessEnergyMinutes = 26
iUsingEnergyWhenGridHasExcessEnergyMinutes = 0
iIdleWhenGridDoesNotNeedEnergyMinutes = 46054
iIdleWhenGridNeedsEnergyMinutes = 4682312
iEnergyPriceIsZeroMinutes = 240
harvester.getEnergyHarvestedAVAILABLEKilowattHours( ): 2.9176973966666665E7
harvester.getEnergyHarvestedKilowattHours(): 305550.4166666667
The y-int is 40
Energy harvested: 300.0
iGeneratingEnergyWhenGridNeedsEnergyMinutes =6
iGeneratingEnergyWhenGridNeedsEnergyMinutes =6
iUsingEnergyWhenGridNeedsEnergyMinutes =1
iGeneratingEnergyWhenGridHasExcessEnergyMinutes = 0
iUsingEnergyWhenGridHasExcessEnergyMinutes = 0
iIdleWhenGridDoesNotNeedEnergyMinutes = 46080
iIdleWhenGridNeedsEnergyMinutes = 4688392
iEnergyPriceIsZeroMinutes = 240
harvester.getEnergyHarvestedAVAILABLEKilowattHours( ): 2.9176973966666665E7
harvester.getEnergyHarvestedKilowattHours(): 300.0
The running average is 31
The y-int is 10
Energy harvested: 1.2172421855005134E7
iGeneratingEnergyWhenGridNeedsEnergyMinutes =750785
iGeneratingEnergyWhenGridNeedsEnergyMinutes =750785
iUsingEnergyWhenGridNeedsEnergyMinutes =42297
iGeneratingEnergyWhenGridHasExcessEnergyMinutes = 1561
iUsingEnergyWhenGridHasExcessEnergyMinutes = 122
iIdleWhenGridDoesNotNeedEnergyMinutes = 44397
iIdleWhenGridNeedsEnergyMinutes = 3895317
iEnergyPriceIsZeroMinutes = 240
harvester.getEnergyHarvestedAVAILABLEKilowattHours( ): 2.9176973966666665E7
harvester.getEnergyHarvestedKilowattHours(): 1.2172421855005134E7
The y-int is 20
Energy harvested: 5941682.670833335
iGeneratingEnergyWhenGridNeedsEnergyMinutes =158542
iGeneratingEnergyWhenGridNeedsEnergyMinutes =158542
iUsingEnergyWhenGridNeedsEnergyMinutes =96
iGeneratingEnergyWhenGridHasExcessEnergyMinutes = 823
iUsingEnergyWhenGridHasExcessEnergyMinutes = 0
iIdleWhenGridDoesNotNeedEnergyMinutes = 45257
iIdleWhenGridNeedsEnergyMinutes = 4529761
iEnergyPriceIsZeroMinutes = 240
harvester.getEnergyHarvestedAVAILABLEKilowattHours( ): 2.9176973966666665E7
harvester.getEnergyHarvestedKilowattHours(): 5941682.670833335
The y-int is 30
Energy harvested: 369934.26666666666
iGeneratingEnergyWhenGridNeedsEnergyMinutes =7384
iGeneratingEnergyWhenGridNeedsEnergyMinutes =7384
iUsingEnergyWhenGridNeedsEnergyMinutes =1
iGeneratingEnergyWhenGridHasExcessEnergyMinutes = 50
iUsingEnergyWhenGridHasExcessEnergyMinutes = 0
iIdleWhenGridDoesNotNeedEnergyMinutes = 46030
iIdleWhenGridNeedsEnergyMinutes = 4681014
iEnergyPriceIsZeroMinutes = 240
harvester.getEnergyHarvestedAVAILABLEKilowattHours( ): 2.9176973966666665E7
harvester.getEnergyHarvestedKilowattHours(): 369934.26666666666
The y-int is 40
Energy harvested: 1150.0
iGeneratingEnergyWhenGridNeedsEnergyMinutes =23
iGeneratingEnergyWhenGridNeedsEnergyMinutes =23
iUsingEnergyWhenGridNeedsEnergyMinutes =1
iGeneratingEnergyWhenGridHasExcessEnergyMinutes = 0
iUsingEnergyWhenGridHasExcessEnergyMinutes = 0
iIdleWhenGridDoesNotNeedEnergyMinutes = 46080
iIdleWhenGridNeedsEnergyMinutes = 4688375
iEnergyPriceIsZeroMinutes = 240
harvester.getEnergyHarvestedAVAILABLEKilowattHours( ): 2.9176973966666665E7
harvester.getEnergyHarvestedKilowattHours(): 1150.0
The running average is 61
The y-int is 10
Energy harvested: 1.2261339608893104E7
iGeneratingEnergyWhenGridNeedsEnergyMinutes =751511
iGeneratingEnergyWhenGridNeedsEnergyMinutes =751511
iUsingEnergyWhenGridNeedsEnergyMinutes =34179
iGeneratingEnergyWhenGridHasExcessEnergyMinutes = 1553
iUsingEnergyWhenGridHasExcessEnergyMinutes = 95
iIdleWhenGridDoesNotNeedEnergyMinutes = 44432
iIdleWhenGridNeedsEnergyMinutes = 3902709
iEnergyPriceIsZeroMinutes = 240
harvester.getEnergyHarvestedAVAILABLEKilowattHours( ): 2.9176973966666665E7
harvester.getEnergyHarvestedKilowattHours(): 1.2261339608893104E7
The y-int is 20
Energy harvested: 5685286.481388885
iGeneratingEnergyWhenGridNeedsEnergyMinutes =155105
iGeneratingEnergyWhenGridNeedsEnergyMinutes =155105
iUsingEnergyWhenGridNeedsEnergyMinutes =63
iGeneratingEnergyWhenGridHasExcessEnergyMinutes = 768
iUsingEnergyWhenGridHasExcessEnergyMinutes = 0
iIdleWhenGridDoesNotNeedEnergyMinutes = 45312
iIdleWhenGridNeedsEnergyMinutes = 4533231
iEnergyPriceIsZeroMinutes = 240
harvester.getEnergyHarvestedAVAILABLEKilowattHours( ): 2.9176973966666665E7
harvester.getEnergyHarvestedKilowattHours(): 5685286.481388885
The y-int is 30
Energy harvested: 367601.25
iGeneratingEnergyWhenGridNeedsEnergyMinutes =7357
iGeneratingEnergyWhenGridNeedsEnergyMinutes =7357
iUsingEnergyWhenGridNeedsEnergyMinutes =1
iGeneratingEnergyWhenGridHasExcessEnergyMinutes = 60
iUsingEnergyWhenGridHasExcessEnergyMinutes = 0
iIdleWhenGridDoesNotNeedEnergyMinutes = 46020
iIdleWhenGridNeedsEnergyMinutes = 4681041
iEnergyPriceIsZeroMinutes = 240
harvester.getEnergyHarvestedAVAILABLEKilowattHours( ): 2.9176973966666665E7
harvester.getEnergyHarvestedKilowattHours(): 367601.25
The y-int is 40
Energy harvested: 1100.0
iGeneratingEnergyWhenGridNeedsEnergyMinutes =22
iGeneratingEnergyWhenGridNeedsEnergyMinutes =22
iUsingEnergyWhenGridNeedsEnergyMinutes =1
iGeneratingEnergyWhenGridHasExcessEnergyMinutes = 0
iUsingEnergyWhenGridHasExcessEnergyMinutes = 0
iIdleWhenGridDoesNotNeedEnergyMinutes = 46080
iIdleWhenGridNeedsEnergyMinutes = 4688376
iEnergyPriceIsZeroMinutes = 240
harvester.getEnergyHarvestedAVAILABLEKilowattHours( ): 2.9176973966666665E7
harvester.getEnergyHarvestedKilowattHours(): 1100.0
The running average is 91
The y-int is 10
Energy harvested: 1.2273917270559223E7
iGeneratingEnergyWhenGridNeedsEnergyMinutes =746547
iGeneratingEnergyWhenGridNeedsEnergyMinutes =746547
iUsingEnergyWhenGridNeedsEnergyMinutes =29442
iGeneratingEnergyWhenGridHasExcessEnergyMinutes = 1472
iUsingEnergyWhenGridHasExcessEnergyMinutes = 87
iIdleWhenGridDoesNotNeedEnergyMinutes = 44521
iIdleWhenGridNeedsEnergyMinutes = 3912410
iEnergyPriceIsZeroMinutes = 240
harvester.getEnergyHarvestedAVAILABLEKilowattHours( ): 2.9176973966666665E7
harvester.getEnergyHarvestedKilowattHours(): 1.2273917270559223E7
The y-int is 20
Energy harvested: 5412309.573888888
iGeneratingEnergyWhenGridNeedsEnergyMinutes =150122
iGeneratingEnergyWhenGridNeedsEnergyMinutes =150122
iUsingEnergyWhenGridNeedsEnergyMinutes =30
iGeneratingEnergyWhenGridHasExcessEnergyMinutes = 720
iUsingEnergyWhenGridHasExcessEnergyMinutes = 0
iIdleWhenGridDoesNotNeedEnergyMinutes = 45360
iIdleWhenGridNeedsEnergyMinutes = 4538247
iEnergyPriceIsZeroMinutes = 240
harvester.getEnergyHarvestedAVAILABLEKilowattHours( ): 2.9176973966666665E7
harvester.getEnergyHarvestedKilowattHours(): 5412309.573888888
The y-int is 30
Energy harvested: 346487.55
iGeneratingEnergyWhenGridNeedsEnergyMinutes =6954
iGeneratingEnergyWhenGridNeedsEnergyMinutes =6954
iUsingEnergyWhenGridNeedsEnergyMinutes =1
iGeneratingEnergyWhenGridHasExcessEnergyMinutes = 60
iUsingEnergyWhenGridHasExcessEnergyMinutes = 0
iIdleWhenGridDoesNotNeedEnergyMinutes = 46020
iIdleWhenGridNeedsEnergyMinutes = 4681444
iEnergyPriceIsZeroMinutes = 240
harvester.getEnergyHarvestedAVAILABLEKilowattHours( ): 2.9176973966666665E7
harvester.getEnergyHarvestedKilowattHours(): 346487.55
The y-int is 40
Energy harvested: 0.0
iGeneratingEnergyWhenGridNeedsEnergyMinutes =0
iGeneratingEnergyWhenGridNeedsEnergyMinutes =0
iUsingEnergyWhenGridNeedsEnergyMinutes =1
iGeneratingEnergyWhenGridHasExcessEnergyMinutes = 0
iUsingEnergyWhenGridHasExcessEnergyMinutes = 0
iIdleWhenGridDoesNotNeedEnergyMinutes = 46080
iIdleWhenGridNeedsEnergyMinutes = 4688398
iEnergyPriceIsZeroMinutes = 240
harvester.getEnergyHarvestedAVAILABLEKilowattHours( ): 2.9176973966666665E7
harvester.getEnergyHarvestedKilowattHours(): 0.0
The running average is 121
The y-int is 10
Energy harvested: 1.2293301012503399E7
iGeneratingEnergyWhenGridNeedsEnergyMinutes =739475
iGeneratingEnergyWhenGridNeedsEnergyMinutes =739475
iUsingEnergyWhenGridNeedsEnergyMinutes =26829
iGeneratingEnergyWhenGridHasExcessEnergyMinutes = 1412
iUsingEnergyWhenGridHasExcessEnergyMinutes = 98
iIdleWhenGridDoesNotNeedEnergyMinutes = 44570
iIdleWhenGridNeedsEnergyMinutes = 3922095
iEnergyPriceIsZeroMinutes = 240
harvester.getEnergyHarvestedAVAILABLEKilowattHours( ): 2.9176973966666665E7
harvester.getEnergyHarvestedKilowattHours(): 1.2293301012503399E7
The y-int is 20
Energy harvested: 5109429.900555552
iGeneratingEnergyWhenGridNeedsEnergyMinutes =143656
iGeneratingEnergyWhenGridNeedsEnergyMinutes =143656
iUsingEnergyWhenGridNeedsEnergyMinutes =54
iGeneratingEnergyWhenGridHasExcessEnergyMinutes = 668
iUsingEnergyWhenGridHasExcessEnergyMinutes = 0
iIdleWhenGridDoesNotNeedEnergyMinutes = 45412
iIdleWhenGridNeedsEnergyMinutes = 4544689
iEnergyPriceIsZeroMinutes = 240
harvester.getEnergyHarvestedAVAILABLEKilowattHours( ): 2.9176973966666665E7
harvester.getEnergyHarvestedKilowattHours(): 5109429.900555552
The y-int is 30
Energy harvested: 315104.06666666665
iGeneratingEnergyWhenGridNeedsEnergyMinutes =6352
iGeneratingEnergyWhenGridNeedsEnergyMinutes =6352
iUsingEnergyWhenGridNeedsEnergyMinutes =1
iGeneratingEnergyWhenGridHasExcessEnergyMinutes = 60
iUsingEnergyWhenGridHasExcessEnergyMinutes = 0
iIdleWhenGridDoesNotNeedEnergyMinutes = 46020
iIdleWhenGridNeedsEnergyMinutes = 4682046
iEnergyPriceIsZeroMinutes = 240
harvester.getEnergyHarvestedAVAILABLEKilowattHours( ): 2.9176973966666665E7
harvester.getEnergyHarvestedKilowattHours(): 315104.06666666665
The y-int is 40
Energy harvested: 0.0
iGeneratingEnergyWhenGridNeedsEnergyMinutes =0
iGeneratingEnergyWhenGridNeedsEnergyMinutes =0
iUsingEnergyWhenGridNeedsEnergyMinutes =1
iGeneratingEnergyWhenGridHasExcessEnergyMinutes = 0
iUsingEnergyWhenGridHasExcessEnergyMinutes = 0
iIdleWhenGridDoesNotNeedEnergyMinutes = 46080
iIdleWhenGridNeedsEnergyMinutes = 4688398
iEnergyPriceIsZeroMinutes = 240
harvester.getEnergyHarvestedAVAILABLEKilowattHours( ): 2.9176973966666665E7
harvester.getEnergyHarvestedKilowattHours(): 0.0
Beginning testing mode:
station,&,y_intercept_for_month_1,&,running_average_size_minutes_for_month_1,&,y_intercept_for_month_2,&,running_average_size_minutes_for_month_2,&,y_intercept_for_month_3,&,running_average_size_minutes_for_month_3,&,y_intercept_for_month_4,&,running_average_size_minutes_for_month_4,&,y_intercept_for_month_5,&,running_average_size_minutes_for_month_5,&,y_intercept_for_month_6,&,running_average_size_minutes_for_month_6,&,y_intercept_for_month_7,&,running_average_size_minutes_for_month_7,&,y_intercept_for_month_8,&,running_average_size_minutes_for_month_8,&,y_intercept_for_month_9,&,running_average_size_minutes_for_month_9,&,y_intercept_for_month_10,&,running_average_size_minutes_for_month_10,&,y_intercept_for_month_11,&,running_average_size_minutes_for_month_11,&,y_intercept_for_month_12,&,running_average_size_minutes_for_month_12,&,dNetNorm,&,dMarketBalancePercentage,&,dMarketNetNorm,
results: KSFO,&,10,&,121,&,10,&,121,&,10,&,121,&,10,&,121,&,10,&,121,&,10,&,121,&,10,&,121,&,10,&,121,&,10,&,121,&,10,&,121,&,10,&,121,&,10,&,121,&,0.40499175136908655,&,0.9426049129989764,&,0.3817472145645609
monthly visible minutes:KSFO,&,2013,&,4136,&,8523,&,7858,&,8672,&,8672,&,8672,&,8672,&,8672,&,8672,&,8672,&,5586,&,3990,&,
monthly visible minutes:KSFO,&,2014,&,1669,&,7986,&,8672,&,8672,&,8672,&,8672,&,8672,&,8672,&,8661,&,8449,&,4895,&,6006,&,
monthly minutes harvester between states:KSFO,&,2013,&,531,&,1102,&,819,&,608,&,684,&,747,&,722,&,608,&,570,&,988,&,684,&,494,&,
monthly minutes harvester between states:KSFO,&,2014,&,380,&,1140,&,1292,&,798,&,641,&,722,&,798,&,684,&,815,&,1064,&,579,&,646,&,
station,&,y_intercept_for_month_1,&,running_average_size_minutes_for_month_1,&,y_intercept_for_month_2,&,running_average_size_minutes_for_month_2,&,y_intercept_for_month_3,&,running_average_size_minutes_for_month_3,&,y_intercept_for_month_4,&,running_average_size_minutes_for_month_4,&,y_intercept_for_month_5,&,running_average_size_minutes_for_month_5,&,y_intercept_for_month_6,&,running_average_size_minutes_for_month_6,&,y_intercept_for_month_7,&,running_average_size_minutes_for_month_7,&,y_intercept_for_month_8,&,running_average_size_minutes_for_month_8,&,y_intercept_for_month_9,&,running_average_size_minutes_for_month_9,&,y_intercept_for_month_10,&,running_average_size_minutes_for_month_10,&,y_intercept_for_month_11,&,running_average_size_minutes_for_month_11,&,y_intercept_for_month_12,&,running_average_size_minutes_for_month_12,&,dNetNorm,&,dMarketBalancePercentage,&,dMarketNetNorm,
results: KSFO,&,10,&,121,&,10,&,121,&,10,&,121,&,10,&,121,&,10,&,121,&,10,&,121,&,10,&,121,&,10,&,121,&,10,&,121,&,10,&,121,&,10,&,121,&,10,&,121,&,0.40499175136908655,&,0.9425985158648925,&,0.38174462377802454
monthly visible minutes:KSFO,&,2013,&,4136,&,8523,&,7858,&,8672,&,8672,&,8672,&,8672,&,8672,&,8672,&,8672,&,5586,&,3990,&,
monthly visible minutes:KSFO,&,2014,&,1669,&,7986,&,8672,&,8672,&,8672,&,8672,&,8672,&,8672,&,8661,&,8449,&,4895,&,6006,&,
monthly minutes harvester between states:KSFO,&,2013,&,531,&,1102,&,819,&,608,&,684,&,747,&,722,&,608,&,570,&,988,&,684,&,494,&,
monthly minutes harvester between states:KSFO,&,2014,&,380,&,1140,&,1292,&,798,&,641,&,722,&,798,&,684,&,815,&,1064,&,579,&,646,&,
Station: KSMX
abc: The current path is /home/guy/retractable-wind
I have found the property file.
The training windspeed filename is /trainingKSMX2004-2012in.csv
The testing windspeed filename is /testingKSMX2013-2014in.csv
Yes, the station is KSMX
Warning: The bAlsoUsePrediction no longer has any effect
iUsedAllItsAllocatedVisibilityMinutesPerMonth: 8760
Visibility Allocation Minutes:8760
HARVESTER_SIZE_SQM is 6362
Reading file
Success: /Wind turbine power curves - wind turbine power output against wind speed in knots.csv found.
Speed (Knots) = Speed(knots) vs power (kW) , Power (kW) =V90
Speed (Knots) = 0 , Power (kW) =0
Speed (Knots) = 1 , Power (kW) =0
Speed (Knots) = 2 , Power (kW) =0
Speed (Knots) = 3 , Power (kW) =0
Speed (Knots) = 4 , Power (kW) =0
Speed (Knots) = 5 , Power (kW) =0
Speed (Knots) = 6 , Power (kW) =0
Speed (Knots) = 7 , Power (kW) =38
Speed (Knots) = 8 , Power (kW) =87
Speed (Knots) = 9 , Power (kW) =141
Speed (Knots) = 10 , Power (kW) =207
Speed (Knots) = 11 , Power (kW) =286
Speed (Knots) = 12 , Power (kW) =382
Speed (Knots) = 13 , Power (kW) =496
Speed (Knots) = 14 , Power (kW) =628
Speed (Knots) = 15 , Power (kW) =781
Speed (Knots) = 16 , Power (kW) =957
Speed (Knots) = 17 , Power (kW) =1153
Speed (Knots) = 18 , Power (kW) =1366
Speed (Knots) = 19 , Power (kW) =1589
Speed (Knots) = 20 , Power (kW) =1814
Speed (Knots) = 21 , Power (kW) =2035
Speed (Knots) = 22 , Power (kW) =2250
Speed (Knots) = 23 , Power (kW) =2452
Speed (Knots) = 24 , Power (kW) =2634
Speed (Knots) = 25 , Power (kW) =2784
Speed (Knots) = 26 , Power (kW) =2888
Speed (Knots) = 27 , Power (kW) =2949
Speed (Knots) = 28 , Power (kW) =2980
Speed (Knots) = 29 , Power (kW) =2993
Speed (Knots) = 30 , Power (kW) =3000
Speed (Knots) = 31 , Power (kW) =3000
Speed (Knots) = 32 , Power (kW) =3000
Speed (Knots) = 33 , Power (kW) =3000
Speed (Knots) = 34 , Power (kW) =3000
Speed (Knots) = 35 , Power (kW) =3000
Speed (Knots) = 36 , Power (kW) =3000
Speed (Knots) = 37 , Power (kW) =3000
Speed (Knots) = 38 , Power (kW) =3000
Speed (Knots) = 39 , Power (kW) =3000
Speed (Knots) = 40 , Power (kW) =3000
Speed (Knots) = 41 , Power (kW) =3000
Speed (Knots) = 42 , Power (kW) =3000
Speed (Knots) = 43 , Power (kW) =3000
Speed (Knots) = 44 , Power (kW) =3000
Speed (Knots) = 45 , Power (kW) =3000
Speed (Knots) = 46 , Power (kW) =3000
Speed (Knots) = 47 , Power (kW) =3000
Speed (Knots) = 48 , Power (kW) =3000
Speed (Knots) = 49 , Power (kW) =0
Speed (Knots) = 50 , Power (kW) =0
Speed (Knots) = 51 , Power (kW) =0
Speed (Knots) = 52 , Power (kW) =0
Speed (Knots) = 53 , Power (kW) =0
Speed (Knots) = 54 , Power (kW) =0
Speed (Knots) = 55 , Power (kW) =0
Speed (Knots) = 56 , Power (kW) =0
Speed (Knots) = 57 , Power (kW) =0
Speed (Knots) = 58 , Power (kW) =0
Speed (Knots) = 59 , Power (kW) =0
Speed (Knots) = 60 , Power (kW) =0
The scale is 1.0
Wind power at 10 knots in kilowatts is 207.0
Wind power in-cut-out test 0.0
Class name:edu.pitt.cs.people.guy.wind.benchmarks.Static
Success: /Noise_Allowed_Time_Definitions_All_Stations.csv found.
The station is the record is KSMX
Success: /Noise_Allowed_Time_Definitions_All_Stations.csv found.
The station is the record is KSMX
I have found the membership file for NOT WINDY.
Windspeed (knots) [0,1), Membership Value =1.00000000,1.0
Windspeed (knots) [1,2), Membership Value =0.99984152,0.9998415
Windspeed (knots) [2,3), Membership Value =0.99797592,0.99797595
Windspeed (knots) [3,4), Membership Value =0.99176306,0.99176306
Windspeed (knots) [4,5), Membership Value =0.98075195,0.98075193
Windspeed (knots) [5,6), Membership Value =0.96501569,0.9650157
Windspeed (knots) [6,7), Membership Value =0.94321174,0.94321173
Windspeed (knots) [7,8), Membership Value =0.91253429,0.9125343
Windspeed (knots) [8,9), Membership Value =0.86896919,0.8689692
Windspeed (knots) [9,10), Membership Value =0.81232688,0.8123269
Windspeed (knots) [10,11), Membership Value =0.74433181,0.74433184
Windspeed (knots) [11,12), Membership Value =0.67016768,0.6701677
Windspeed (knots) [12,13), Membership Value =0.58838001,0.58838004
Windspeed (knots) [13,14), Membership Value =0.50484257,0.5048426
Windspeed (knots) [14,15), Membership Value =0.42222281,0.42222282
Windspeed (knots) [15,16), Membership Value =0.34158479,0.3415848
Windspeed (knots) [16,17), Membership Value =0.26171593,0.26171592
Windspeed (knots) [17,18), Membership Value =0.18446758,0.18446758
Windspeed (knots) [18,19), Membership Value =0.11059148,0.11059148
Windspeed (knots) [19,20), Membership Value =0.04170878,0.04170878
Windspeed (knots) [20,21), Membership Value =0.00000000,0.0
Windspeed (knots) [21,22), Membership Value =0.00000000,0.0
Windspeed (knots) [22,23), Membership Value =0.00000000,0.0
Windspeed (knots) [23,24), Membership Value =0.00000000,0.0
Windspeed (knots) [24,25), Membership Value =0.00000000,0.0
Windspeed (knots) [25,26), Membership Value =0.00000000,0.0
Windspeed (knots) [26,27), Membership Value =0.00000000,0.0
Windspeed (knots) [27,28), Membership Value =0.00000000,0.0
Windspeed (knots) [28,29), Membership Value =0.00000000,0.0
Windspeed (knots) [29,30), Membership Value =0.00000000,0.0
Windspeed (knots) [30,31), Membership Value =0.00000000,0.0
Windspeed (knots) [31,32), Membership Value =0.00000000,0.0
Windspeed (knots) [32,33), Membership Value =0.00000000,0.0
Windspeed (knots) [33,34), Membership Value =0.00000000,0.0
Windspeed (knots) [34,35), Membership Value =0.00000000,0.0
Windspeed (knots) [35,36), Membership Value =0.00000000,0.0
Windspeed (knots) [36,37), Membership Value =0.00000000,0.0
Windspeed (knots) [37,38), Membership Value =0.00000000,0.0
Windspeed (knots) [38,39), Membership Value =0.00000000,0.0
Windspeed (knots) [39,40), Membership Value =0.00000000,0.0
Windspeed (knots) [40,41), Membership Value =0.00000000,0.0
Windspeed (knots) [41,42), Membership Value =0.00000000,0.0
Windspeed (knots) [42,43), Membership Value =0.00000000,0.0
Windspeed (knots) [43,44), Membership Value =0.00000000,0.0
Windspeed (knots) [44,45), Membership Value =0.00000000,0.0
Windspeed (knots) [45,46), Membership Value =0.00000000,0.0
Windspeed (knots) [46,47), Membership Value =0.00000000,0.0
Windspeed (knots) [47,48), Membership Value =0.00000000,0.0
Windspeed (knots) [48,49), Membership Value =0.00000000,0.0
Windspeed (knots) [49,50), Membership Value =0.00000000,0.0
Windspeed (knots) [50,51), Membership Value =0.00000000,0.0
Windspeed (knots) [51,52), Membership Value =0.00000000,0.0
Windspeed (knots) [52,53), Membership Value =0.00000000,0.0
Windspeed (knots) [53,54), Membership Value =0.00000000,0.0
Windspeed (knots) [54,55), Membership Value =0.00000000,0.0
Windspeed (knots) [55,56), Membership Value =0.00000000,0.0
Windspeed (knots) [56,57), Membership Value =0.00000000,0.0
Windspeed (knots) [57,58), Membership Value =0.00000000,0.0
Windspeed (knots) [58,59), Membership Value =0.00000000,0.0
Windspeed (knots) [59,60), Membership Value =0.00000000,0.0
Windspeed (knots) [60,61), Membership Value =0.00000000,0.0
Windspeed (knots) [61,62), Membership Value =0.00000000,0.0
Windspeed (knots) [62,63), Membership Value =0.00000000,0.0
Windspeed (knots) [63,64), Membership Value =0.00000000,0.0
Windspeed (knots) [64,65), Membership Value =0.00000000,0.0
Windspeed (knots) [65,66), Membership Value =0.00000000,0.0
Windspeed (knots) [66,67), Membership Value =0.00000000,0.0
Windspeed (knots) [67,68), Membership Value =0.00000000,0.0
Windspeed (knots) [68,69), Membership Value =0.00000000,0.0
Windspeed (knots) [69,70), Membership Value =0.00000000,0.0
Windspeed (knots) [70,71), Membership Value =0.00000000,0.0
Windspeed (knots) [71,72), Membership Value =0.00000000,0.0
Windspeed (knots) [72,73), Membership Value =0.00000000,0.0
Windspeed (knots) [73,74), Membership Value =0.00000000,0.0
Windspeed (knots) [74,75), Membership Value =0.00000000,0.0
Windspeed (knots) [75,76), Membership Value =0.00000000,0.0
Windspeed (knots) [76,77), Membership Value =0.00000000,0.0
Windspeed (knots) [77,78), Membership Value =0.00000000,0.0
Windspeed (knots) [78,79), Membership Value =0.00000000,0.0
Windspeed (knots) [79,80), Membership Value =0.00000000,0.0
Windspeed (knots) [80,81), Membership Value =0.00000000,0.0
Windspeed (knots) [81,82), Membership Value =0.00000000,0.0
Windspeed (knots) [82,83), Membership Value =0.00000000,0.0
Windspeed (knots) [83,84), Membership Value =0.00000000,0.0
Windspeed (knots) [84,85), Membership Value =0.00000000,0.0
Windspeed (knots) [85,86), Membership Value =0.00000000,0.0
Windspeed (knots) [86,87), Membership Value =0.00000000,0.0
Windspeed (knots) [87,88), Membership Value =0.00000000,0.0
Windspeed (knots) [88,89), Membership Value =0.00000000,0.0
Windspeed (knots) [89,90), Membership Value =0.00000000,0.0
Windspeed (knots) [90,91), Membership Value =0.00000000,0.0
Windspeed (knots) [91,92), Membership Value =0.00000000,0.0
Windspeed (knots) [92,93), Membership Value =0.00000000,0.0
Windspeed (knots) [93,94), Membership Value =0.00000000,0.0
Windspeed (knots) [94,95), Membership Value =0.00000000,0.0
Windspeed (knots) [95,96), Membership Value =0.00000000,0.0
Windspeed (knots) [96,97), Membership Value =0.00000000,0.0
Windspeed (knots) [97,98), Membership Value =0.00000000,0.0
Windspeed (knots) [98,99), Membership Value =0.00000000,0.0
Windspeed (knots) [99,100), Membership Value =0.00000000,0.0
Windspeed (knots) [100,101), Membership Value =0.00000000,0.0
Windspeed (knots) [101,102), Membership Value =0.00000000,0.0
Windspeed (knots) [102,103), Membership Value =0.00000000,0.0
Windspeed (knots) [103,104), Membership Value =0.00000000,0.0
Windspeed (knots) [104,105), Membership Value =0.00000000,0.0
Windspeed (knots) [105,106), Membership Value =0.00000000,0.0
Windspeed (knots) [106,107), Membership Value =0.00000000,0.0
Windspeed (knots) [107,108), Membership Value =0.00000000,0.0
Windspeed (knots) [108,109), Membership Value =0.00000000,0.0
Windspeed (knots) [109,110), Membership Value =0.00000000,0.0
Windspeed (knots) [110,111), Membership Value =0.00000000,0.0
Windspeed (knots) [111,112), Membership Value =0.00000000,0.0
Windspeed (knots) [112,113), Membership Value =0.00000000,0.0
Windspeed (knots) [113,114), Membership Value =0.00000000,0.0
Windspeed (knots) [114,115), Membership Value =0.00000000,0.0
Windspeed (knots) [115,116), Membership Value =0.00000000,0.0
Windspeed (knots) [116,117), Membership Value =0.00000000,0.0
Windspeed (knots) [117,118), Membership Value =0.00000000,0.0
Windspeed (knots) [118,119), Membership Value =0.00000000,0.0
Windspeed (knots) [119,120), Membership Value =0.00000000,0.0
Windspeed (knots) [120,121), Membership Value =0.00000000,0.0
Windspeed (knots) [121,122), Membership Value =0.00000000,0.0
Windspeed (knots) [122,123), Membership Value =0.00000000,0.0
Windspeed (knots) [123,124), Membership Value =0.00000000,0.0
Windspeed (knots) [124,125), Membership Value =0.00000000,0.0
LowestWindspeedThatIsWindyKnots for station KSMX is 8 knots.
Transition limited :false
bUseWeatherPrediction:false
The running average is 1
The y-int is 8
Energy harvested: 6984216.126394546
iGeneratingEnergyWhenGridNeedsEnergyMinutes =720456
iGeneratingEnergyWhenGridNeedsEnergyMinutes =720456
iUsingEnergyWhenGridNeedsEnergyMinutes =91729
iGeneratingEnergyWhenGridHasExcessEnergyMinutes = 1227
iUsingEnergyWhenGridHasExcessEnergyMinutes = 65
iIdleWhenGridDoesNotNeedEnergyMinutes = 44788
iIdleWhenGridNeedsEnergyMinutes = 3876214
iEnergyPriceIsZeroMinutes = 240
harvester.getEnergyHarvestedAVAILABLEKilowattHours( ): 1.1707182983333332E7
harvester.getEnergyHarvestedKilowattHours(): 6984216.126394546
The y-int is 18
Energy harvested: 2854556.1666666665
iGeneratingEnergyWhenGridNeedsEnergyMinutes =86179
iGeneratingEnergyWhenGridNeedsEnergyMinutes =86179
iUsingEnergyWhenGridNeedsEnergyMinutes =1
iGeneratingEnergyWhenGridHasExcessEnergyMinutes = 575
iUsingEnergyWhenGridHasExcessEnergyMinutes = 0
iIdleWhenGridDoesNotNeedEnergyMinutes = 45505
iIdleWhenGridNeedsEnergyMinutes = 4602219
iEnergyPriceIsZeroMinutes = 240
harvester.getEnergyHarvestedAVAILABLEKilowattHours( ): 1.1707182983333332E7
harvester.getEnergyHarvestedKilowattHours(): 2854556.1666666665
The y-int is 28
Energy harvested: 26145.416666666668
iGeneratingEnergyWhenGridNeedsEnergyMinutes =525
iGeneratingEnergyWhenGridNeedsEnergyMinutes =525
iUsingEnergyWhenGridNeedsEnergyMinutes =1
iGeneratingEnergyWhenGridHasExcessEnergyMinutes = 0
iUsingEnergyWhenGridHasExcessEnergyMinutes = 0
iIdleWhenGridDoesNotNeedEnergyMinutes = 46080
iIdleWhenGridNeedsEnergyMinutes = 4687873
iEnergyPriceIsZeroMinutes = 240
harvester.getEnergyHarvestedAVAILABLEKilowattHours( ): 1.1707182983333332E7
harvester.getEnergyHarvestedKilowattHours(): 26145.416666666668
The y-int is 38
Energy harvested: 0.0
iGeneratingEnergyWhenGridNeedsEnergyMinutes =0
iGeneratingEnergyWhenGridNeedsEnergyMinutes =0
iUsingEnergyWhenGridNeedsEnergyMinutes =1
iGeneratingEnergyWhenGridHasExcessEnergyMinutes = 0
iUsingEnergyWhenGridHasExcessEnergyMinutes = 0
iIdleWhenGridDoesNotNeedEnergyMinutes = 46080
iIdleWhenGridNeedsEnergyMinutes = 4688398
iEnergyPriceIsZeroMinutes = 240
harvester.getEnergyHarvestedAVAILABLEKilowattHours( ): 1.1707182983333332E7
harvester.getEnergyHarvestedKilowattHours(): 0.0
The running average is 31
The y-int is 8
Energy harvested: 7236041.380281555
iGeneratingEnergyWhenGridNeedsEnergyMinutes =747345
iGeneratingEnergyWhenGridNeedsEnergyMinutes =747345
iUsingEnergyWhenGridNeedsEnergyMinutes =59432
iGeneratingEnergyWhenGridHasExcessEnergyMinutes = 1213
iUsingEnergyWhenGridHasExcessEnergyMinutes = 25
iIdleWhenGridDoesNotNeedEnergyMinutes = 44842
iIdleWhenGridNeedsEnergyMinutes = 3881622
iEnergyPriceIsZeroMinutes = 240
harvester.getEnergyHarvestedAVAILABLEKilowattHours( ): 1.1707182983333332E7
harvester.getEnergyHarvestedKilowattHours(): 7236041.380281555
The y-int is 18
Energy harvested: 2962243.8663888504
iGeneratingEnergyWhenGridNeedsEnergyMinutes =95238
iGeneratingEnergyWhenGridNeedsEnergyMinutes =95238
iUsingEnergyWhenGridNeedsEnergyMinutes =280
iGeneratingEnergyWhenGridHasExcessEnergyMinutes = 579
iUsingEnergyWhenGridHasExcessEnergyMinutes = 0
iIdleWhenGridDoesNotNeedEnergyMinutes = 45501
iIdleWhenGridNeedsEnergyMinutes = 4592881
iEnergyPriceIsZeroMinutes = 240
harvester.getEnergyHarvestedAVAILABLEKilowattHours( ): 1.1707182983333332E7
harvester.getEnergyHarvestedKilowattHours(): 2962243.8663888504
The y-int is 28
Energy harvested: 43542.183333333334
iGeneratingEnergyWhenGridNeedsEnergyMinutes =888
iGeneratingEnergyWhenGridNeedsEnergyMinutes =888
iUsingEnergyWhenGridNeedsEnergyMinutes =1
iGeneratingEnergyWhenGridHasExcessEnergyMinutes = 0
iUsingEnergyWhenGridHasExcessEnergyMinutes = 0
iIdleWhenGridDoesNotNeedEnergyMinutes = 46080
iIdleWhenGridNeedsEnergyMinutes = 4687510
iEnergyPriceIsZeroMinutes = 240
harvester.getEnergyHarvestedAVAILABLEKilowattHours( ): 1.1707182983333332E7
harvester.getEnergyHarvestedKilowattHours(): 43542.183333333334
The y-int is 38
Energy harvested: 0.0
iGeneratingEnergyWhenGridNeedsEnergyMinutes =0
iGeneratingEnergyWhenGridNeedsEnergyMinutes =0
iUsingEnergyWhenGridNeedsEnergyMinutes =1
iGeneratingEnergyWhenGridHasExcessEnergyMinutes = 0
iUsingEnergyWhenGridHasExcessEnergyMinutes = 0
iIdleWhenGridDoesNotNeedEnergyMinutes = 46080
iIdleWhenGridNeedsEnergyMinutes = 4688398
iEnergyPriceIsZeroMinutes = 240
harvester.getEnergyHarvestedAVAILABLEKilowattHours( ): 1.1707182983333332E7
harvester.getEnergyHarvestedKilowattHours(): 0.0
The running average is 61
The y-int is 8
Energy harvested: 7304902.0761141665
iGeneratingEnergyWhenGridNeedsEnergyMinutes =736597
iGeneratingEnergyWhenGridNeedsEnergyMinutes =736597
iUsingEnergyWhenGridNeedsEnergyMinutes =52329
iGeneratingEnergyWhenGridHasExcessEnergyMinutes = 1191
iUsingEnergyWhenGridHasExcessEnergyMinutes = 23
iIdleWhenGridDoesNotNeedEnergyMinutes = 44866
iIdleWhenGridNeedsEnergyMinutes = 3899473
iEnergyPriceIsZeroMinutes = 240
harvester.getEnergyHarvestedAVAILABLEKilowattHours( ): 1.1707182983333332E7
harvester.getEnergyHarvestedKilowattHours(): 7304902.0761141665
The y-int is 18
Energy harvested: 2775706.2099999893
iGeneratingEnergyWhenGridNeedsEnergyMinutes =90119
iGeneratingEnergyWhenGridNeedsEnergyMinutes =90119
iUsingEnergyWhenGridNeedsEnergyMinutes =130
iGeneratingEnergyWhenGridHasExcessEnergyMinutes = 538
iUsingEnergyWhenGridHasExcessEnergyMinutes = 0
iIdleWhenGridDoesNotNeedEnergyMinutes = 45542
iIdleWhenGridNeedsEnergyMinutes = 4598150
iEnergyPriceIsZeroMinutes = 240
harvester.getEnergyHarvestedAVAILABLEKilowattHours( ): 1.1707182983333332E7
harvester.getEnergyHarvestedKilowattHours(): 2775706.2099999893
The y-int is 28
Energy harvested: 37074.01666666667
iGeneratingEnergyWhenGridNeedsEnergyMinutes =762
iGeneratingEnergyWhenGridNeedsEnergyMinutes =762
iUsingEnergyWhenGridNeedsEnergyMinutes =1
iGeneratingEnergyWhenGridHasExcessEnergyMinutes = 0
iUsingEnergyWhenGridHasExcessEnergyMinutes = 0
iIdleWhenGridDoesNotNeedEnergyMinutes = 46080
iIdleWhenGridNeedsEnergyMinutes = 4687636
iEnergyPriceIsZeroMinutes = 240
harvester.getEnergyHarvestedAVAILABLEKilowattHours( ): 1.1707182983333332E7
harvester.getEnergyHarvestedKilowattHours(): 37074.01666666667
The y-int is 38
Energy harvested: 0.0
iGeneratingEnergyWhenGridNeedsEnergyMinutes =0
iGeneratingEnergyWhenGridNeedsEnergyMinutes =0
iUsingEnergyWhenGridNeedsEnergyMinutes =1
iGeneratingEnergyWhenGridHasExcessEnergyMinutes = 0
iUsingEnergyWhenGridHasExcessEnergyMinutes = 0
iIdleWhenGridDoesNotNeedEnergyMinutes = 46080
iIdleWhenGridNeedsEnergyMinutes = 4688398
iEnergyPriceIsZeroMinutes = 240
harvester.getEnergyHarvestedAVAILABLEKilowattHours( ): 1.1707182983333332E7
harvester.getEnergyHarvestedKilowattHours(): 0.0
The running average is 91
The y-int is 8
Energy harvested: 7302744.630002763
iGeneratingEnergyWhenGridNeedsEnergyMinutes =720215
iGeneratingEnergyWhenGridNeedsEnergyMinutes =720215
iUsingEnergyWhenGridNeedsEnergyMinutes =49389
iGeneratingEnergyWhenGridHasExcessEnergyMinutes = 1170
iUsingEnergyWhenGridHasExcessEnergyMinutes = 27
iIdleWhenGridDoesNotNeedEnergyMinutes = 44883
iIdleWhenGridNeedsEnergyMinutes = 3918795
iEnergyPriceIsZeroMinutes = 240
harvester.getEnergyHarvestedAVAILABLEKilowattHours( ): 1.1707182983333332E7
harvester.getEnergyHarvestedKilowattHours(): 7302744.630002763
The y-int is 18
Energy harvested: 2582131.985833329
iGeneratingEnergyWhenGridNeedsEnergyMinutes =84402
iGeneratingEnergyWhenGridNeedsEnergyMinutes =84402
iUsingEnergyWhenGridNeedsEnergyMinutes =101
iGeneratingEnergyWhenGridHasExcessEnergyMinutes = 510
iUsingEnergyWhenGridHasExcessEnergyMinutes = 0
iIdleWhenGridDoesNotNeedEnergyMinutes = 45570
iIdleWhenGridNeedsEnergyMinutes = 4603896
iEnergyPriceIsZeroMinutes = 240
harvester.getEnergyHarvestedAVAILABLEKilowattHours( ): 1.1707182983333332E7
harvester.getEnergyHarvestedKilowattHours(): 2582131.985833329
The y-int is 28
Energy harvested: 35275.01666666667
iGeneratingEnergyWhenGridNeedsEnergyMinutes =728
iGeneratingEnergyWhenGridNeedsEnergyMinutes =728
iUsingEnergyWhenGridNeedsEnergyMinutes =1
iGeneratingEnergyWhenGridHasExcessEnergyMinutes = 0
iUsingEnergyWhenGridHasExcessEnergyMinutes = 0
iIdleWhenGridDoesNotNeedEnergyMinutes = 46080
iIdleWhenGridNeedsEnergyMinutes = 4687670
iEnergyPriceIsZeroMinutes = 240
harvester.getEnergyHarvestedAVAILABLEKilowattHours( ): 1.1707182983333332E7
harvester.getEnergyHarvestedKilowattHours(): 35275.01666666667
The y-int is 38
Energy harvested: 0.0
iGeneratingEnergyWhenGridNeedsEnergyMinutes =0
iGeneratingEnergyWhenGridNeedsEnergyMinutes =0
iUsingEnergyWhenGridNeedsEnergyMinutes =1
iGeneratingEnergyWhenGridHasExcessEnergyMinutes = 0
iUsingEnergyWhenGridHasExcessEnergyMinutes = 0
iIdleWhenGridDoesNotNeedEnergyMinutes = 46080
iIdleWhenGridNeedsEnergyMinutes = 4688398
iEnergyPriceIsZeroMinutes = 240
harvester.getEnergyHarvestedAVAILABLEKilowattHours( ): 1.1707182983333332E7
harvester.getEnergyHarvestedKilowattHours(): 0.0
The running average is 121
The y-int is 8
Energy harvested: 7280838.152224786
iGeneratingEnergyWhenGridNeedsEnergyMinutes =701935
iGeneratingEnergyWhenGridNeedsEnergyMinutes =701935
iUsingEnergyWhenGridNeedsEnergyMinutes =47258
iGeneratingEnergyWhenGridHasExcessEnergyMinutes = 1153
iUsingEnergyWhenGridHasExcessEnergyMinutes = 7
iIdleWhenGridDoesNotNeedEnergyMinutes = 44920
iIdleWhenGridNeedsEnergyMinutes = 3939206
iEnergyPriceIsZeroMinutes = 240
harvester.getEnergyHarvestedAVAILABLEKilowattHours( ): 1.1707182983333332E7
harvester.getEnergyHarvestedKilowattHours(): 7280838.152224786
The y-int is 18
Energy harvested: 2396186.9741666676
iGeneratingEnergyWhenGridNeedsEnergyMinutes =78515
iGeneratingEnergyWhenGridNeedsEnergyMinutes =78515
iUsingEnergyWhenGridNeedsEnergyMinutes =89
iGeneratingEnergyWhenGridHasExcessEnergyMinutes = 483
iUsingEnergyWhenGridHasExcessEnergyMinutes = 0
iIdleWhenGridDoesNotNeedEnergyMinutes = 45597
iIdleWhenGridNeedsEnergyMinutes = 4609795
iEnergyPriceIsZeroMinutes = 240
harvester.getEnergyHarvestedAVAILABLEKilowattHours( ): 1.1707182983333332E7
harvester.getEnergyHarvestedKilowattHours(): 2396186.9741666676
The y-int is 28
Energy harvested: 31353.483333333334
iGeneratingEnergyWhenGridNeedsEnergyMinutes =647
iGeneratingEnergyWhenGridNeedsEnergyMinutes =647
iUsingEnergyWhenGridNeedsEnergyMinutes =1
iGeneratingEnergyWhenGridHasExcessEnergyMinutes = 0
iUsingEnergyWhenGridHasExcessEnergyMinutes = 0
iIdleWhenGridDoesNotNeedEnergyMinutes = 46080
iIdleWhenGridNeedsEnergyMinutes = 4687751
iEnergyPriceIsZeroMinutes = 240
harvester.getEnergyHarvestedAVAILABLEKilowattHours( ): 1.1707182983333332E7
harvester.getEnergyHarvestedKilowattHours(): 31353.483333333334
The y-int is 38
Energy harvested: 0.0
iGeneratingEnergyWhenGridNeedsEnergyMinutes =0
iGeneratingEnergyWhenGridNeedsEnergyMinutes =0
iUsingEnergyWhenGridNeedsEnergyMinutes =1
iGeneratingEnergyWhenGridHasExcessEnergyMinutes = 0
iUsingEnergyWhenGridHasExcessEnergyMinutes = 0
iIdleWhenGridDoesNotNeedEnergyMinutes = 46080
iIdleWhenGridNeedsEnergyMinutes = 4688398
iEnergyPriceIsZeroMinutes = 240
harvester.getEnergyHarvestedAVAILABLEKilowattHours( ): 1.1707182983333332E7
harvester.getEnergyHarvestedKilowattHours(): 0.0
Beginning testing mode:
station,&,y_intercept_for_month_1,&,running_average_size_minutes_for_month_1,&,y_intercept_for_month_2,&,running_average_size_minutes_for_month_2,&,y_intercept_for_month_3,&,running_average_size_minutes_for_month_3,&,y_intercept_for_month_4,&,running_average_size_minutes_for_month_4,&,y_intercept_for_month_5,&,running_average_size_minutes_for_month_5,&,y_intercept_for_month_6,&,running_average_size_minutes_for_month_6,&,y_intercept_for_month_7,&,running_average_size_minutes_for_month_7,&,y_intercept_for_month_8,&,running_average_size_minutes_for_month_8,&,y_intercept_for_month_9,&,running_average_size_minutes_for_month_9,&,y_intercept_for_month_10,&,running_average_size_minutes_for_month_10,&,y_intercept_for_month_11,&,running_average_size_minutes_for_month_11,&,y_intercept_for_month_12,&,running_average_size_minutes_for_month_12,&,dNetNorm,&,dMarketBalancePercentage,&,dMarketNetNorm,
results: KSMX,&,8,&,61,&,8,&,61,&,8,&,61,&,8,&,61,&,8,&,61,&,8,&,61,&,8,&,61,&,8,&,61,&,8,&,61,&,8,&,61,&,8,&,61,&,8,&,61,&,0.6220106263519357,&,0.9118680466868714,&,0.567191614870017
monthly visible minutes:KSMX,&,2013,&,5474,&,7979,&,6968,&,8661,&,8672,&,8656,&,8672,&,8653,&,8672,&,8509,&,7048,&,5388,&,
monthly visible minutes:KSMX,&,2014,&,5915,&,8672,&,8672,&,8672,&,8657,&,8672,&,8672,&,8672,&,8672,&,8672,&,6397,&,7983,&,
monthly minutes harvester between states:KSMX,&,2013,&,836,&,1102,&,912,&,760,&,874,&,1026,&,1140,&,1026,&,937,&,1216,&,1140,&,874,&,
monthly minutes harvester between states:KSMX,&,2014,&,874,&,1026,&,1064,&,1064,&,722,&,1081,&,1026,&,1026,&,1026,&,1085,&,874,&,1066,&,
station,&,y_intercept_for_month_1,&,running_average_size_minutes_for_month_1,&,y_intercept_for_month_2,&,running_average_size_minutes_for_month_2,&,y_intercept_for_month_3,&,running_average_size_minutes_for_month_3,&,y_intercept_for_month_4,&,running_average_size_minutes_for_month_4,&,y_intercept_for_month_5,&,running_average_size_minutes_for_month_5,&,y_intercept_for_month_6,&,running_average_size_minutes_for_month_6,&,y_intercept_for_month_7,&,running_average_size_minutes_for_month_7,&,y_intercept_for_month_8,&,running_average_size_minutes_for_month_8,&,y_intercept_for_month_9,&,running_average_size_minutes_for_month_9,&,y_intercept_for_month_10,&,running_average_size_minutes_for_month_10,&,y_intercept_for_month_11,&,running_average_size_minutes_for_month_11,&,y_intercept_for_month_12,&,running_average_size_minutes_for_month_12,&,dNetNorm,&,dMarketBalancePercentage,&,dMarketNetNorm,
results: KSMX,&,8,&,121,&,8,&,121,&,8,&,121,&,8,&,121,&,8,&,121,&,8,&,121,&,8,&,121,&,8,&,121,&,8,&,121,&,8,&,121,&,8,&,121,&,8,&,121,&,0.6428185082289175,&,0.917094231837296,&,0.5895251460149956
monthly visible minutes:KSMX,&,2013,&,5474,&,7979,&,6968,&,8661,&,8672,&,8656,&,8672,&,8653,&,8672,&,8509,&,7048,&,5388,&,
monthly visible minutes:KSMX,&,2014,&,5915,&,8672,&,8672,&,8672,&,8657,&,8672,&,8672,&,8672,&,8672,&,8672,&,6397,&,7983,&,
monthly minutes harvester between states:KSMX,&,2013,&,836,&,1102,&,912,&,760,&,874,&,1026,&,1140,&,1026,&,937,&,1216,&,1140,&,874,&,
monthly minutes harvester between states:KSMX,&,2014,&,874,&,1026,&,1064,&,1064,&,722,&,1081,&,1026,&,1026,&,1026,&,1085,&,874,&,1066,&,
Station: KSTL
abc: The current path is /home/guy/retractable-wind
I have found the property file.
The training windspeed filename is /trainingKSTL2004-2012in.csv
The testing windspeed filename is /testingKSTL2013-2014in.csv
Yes, the station is KSTL
Warning: The bAlsoUsePrediction no longer has any effect
iUsedAllItsAllocatedVisibilityMinutesPerMonth: 8760
Visibility Allocation Minutes:8760
HARVESTER_SIZE_SQM is 6362
Reading file
Success: /Wind turbine power curves - wind turbine power output against wind speed in knots.csv found.
Speed (Knots) = Speed(knots) vs power (kW) , Power (kW) =V90
Speed (Knots) = 0 , Power (kW) =0
Speed (Knots) = 1 , Power (kW) =0
Speed (Knots) = 2 , Power (kW) =0
Speed (Knots) = 3 , Power (kW) =0
Speed (Knots) = 4 , Power (kW) =0
Speed (Knots) = 5 , Power (kW) =0
Speed (Knots) = 6 , Power (kW) =0
Speed (Knots) = 7 , Power (kW) =38
Speed (Knots) = 8 , Power (kW) =87
Speed (Knots) = 9 , Power (kW) =141
Speed (Knots) = 10 , Power (kW) =207
Speed (Knots) = 11 , Power (kW) =286
Speed (Knots) = 12 , Power (kW) =382
Speed (Knots) = 13 , Power (kW) =496
Speed (Knots) = 14 , Power (kW) =628
Speed (Knots) = 15 , Power (kW) =781
Speed (Knots) = 16 , Power (kW) =957
Speed (Knots) = 17 , Power (kW) =1153
Speed (Knots) = 18 , Power (kW) =1366
Speed (Knots) = 19 , Power (kW) =1589
Speed (Knots) = 20 , Power (kW) =1814
Speed (Knots) = 21 , Power (kW) =2035
Speed (Knots) = 22 , Power (kW) =2250
Speed (Knots) = 23 , Power (kW) =2452
Speed (Knots) = 24 , Power (kW) =2634
Speed (Knots) = 25 , Power (kW) =2784
Speed (Knots) = 26 , Power (kW) =2888
Speed (Knots) = 27 , Power (kW) =2949
Speed (Knots) = 28 , Power (kW) =2980
Speed (Knots) = 29 , Power (kW) =2993
Speed (Knots) = 30 , Power (kW) =3000
Speed (Knots) = 31 , Power (kW) =3000
Speed (Knots) = 32 , Power (kW) =3000
Speed (Knots) = 33 , Power (kW) =3000
Speed (Knots) = 34 , Power (kW) =3000
Speed (Knots) = 35 , Power (kW) =3000
Speed (Knots) = 36 , Power (kW) =3000
Speed (Knots) = 37 , Power (kW) =3000
Speed (Knots) = 38 , Power (kW) =3000
Speed (Knots) = 39 , Power (kW) =3000
Speed (Knots) = 40 , Power (kW) =3000
Speed (Knots) = 41 , Power (kW) =3000
Speed (Knots) = 42 , Power (kW) =3000
Speed (Knots) = 43 , Power (kW) =3000
Speed (Knots) = 44 , Power (kW) =3000
Speed (Knots) = 45 , Power (kW) =3000
Speed (Knots) = 46 , Power (kW) =3000
Speed (Knots) = 47 , Power (kW) =3000
Speed (Knots) = 48 , Power (kW) =3000
Speed (Knots) = 49 , Power (kW) =0
Speed (Knots) = 50 , Power (kW) =0
Speed (Knots) = 51 , Power (kW) =0
Speed (Knots) = 52 , Power (kW) =0
Speed (Knots) = 53 , Power (kW) =0
Speed (Knots) = 54 , Power (kW) =0
Speed (Knots) = 55 , Power (kW) =0
Speed (Knots) = 56 , Power (kW) =0
Speed (Knots) = 57 , Power (kW) =0
Speed (Knots) = 58 , Power (kW) =0
Speed (Knots) = 59 , Power (kW) =0
Speed (Knots) = 60 , Power (kW) =0
The scale is 1.0
Wind power at 10 knots in kilowatts is 207.0
Wind power in-cut-out test 0.0
Class name:edu.pitt.cs.people.guy.wind.benchmarks.Static
Success: /Noise_Allowed_Time_Definitions_All_Stations.csv found.
The station is the record is KSTL
Using sunset for all noise-allowed days
Using sunset for all noise-allowed days
Using sunset for all noise-allowed days
Reading sunset data for KSTL
Success: /STL_Sunset_Times.csv found.
Success: /Noise_Allowed_Time_Definitions_All_Stations.csv found.
The station is the record is KSTL
Using sunset for all noise-allowed days
Using sunset for all noise-allowed days
Using sunset for all noise-allowed days
Reading sunset data for KSTL
Success: /STL_Sunset_Times.csv found.
I have found the membership file for NOT WINDY.
Windspeed (knots) [0,1), Membership Value =1.00000000,1.0
Windspeed (knots) [1,2), Membership Value =0.99995164,0.99995166
Windspeed (knots) [2,3), Membership Value =0.99933553,0.9993355
Windspeed (knots) [3,4), Membership Value =0.99672278,0.99672276
Windspeed (knots) [4,5), Membership Value =0.98922296,0.98922294
Windspeed (knots) [5,6), Membership Value =0.97267884,0.97267884
Windspeed (knots) [6,7), Membership Value =0.94274286,0.9427429
Windspeed (knots) [7,8), Membership Value =0.89560317,0.8956032
Windspeed (knots) [8,9), Membership Value =0.83087053,0.8308705
Windspeed (knots) [9,10), Membership Value =0.74992761,0.7499276
Windspeed (knots) [10,11), Membership Value =0.65725868,0.6572587
Windspeed (knots) [11,12), Membership Value =0.55977955,0.5597795
Windspeed (knots) [12,13), Membership Value =0.46024850,0.4602485
Windspeed (knots) [13,14), Membership Value =0.36066227,0.36066228
Windspeed (knots) [14,15), Membership Value =0.26428382,0.2642838
Windspeed (knots) [15,16), Membership Value =0.17693071,0.17693071
Windspeed (knots) [16,17), Membership Value =0.09939847,0.09939847
Windspeed (knots) [17,18), Membership Value =0.03080972,0.03080972
Windspeed (knots) [18,19), Membership Value =0.00000000,0.0
Windspeed (knots) [19,20), Membership Value =0.00000000,0.0
Windspeed (knots) [20,21), Membership Value =0.00000000,0.0
Windspeed (knots) [21,22), Membership Value =0.00000000,0.0
Windspeed (knots) [22,23), Membership Value =0.00000000,0.0
Windspeed (knots) [23,24), Membership Value =0.00000000,0.0
Windspeed (knots) [24,25), Membership Value =0.00000000,0.0
Windspeed (knots) [25,26), Membership Value =0.00000000,0.0
Windspeed (knots) [26,27), Membership Value =0.00000000,0.0
Windspeed (knots) [27,28), Membership Value =0.00000000,0.0
Windspeed (knots) [28,29), Membership Value =0.00000000,0.0
Windspeed (knots) [29,30), Membership Value =0.00000000,0.0
Windspeed (knots) [30,31), Membership Value =0.00000000,0.0
Windspeed (knots) [31,32), Membership Value =0.00000000,0.0
Windspeed (knots) [32,33), Membership Value =0.00000000,0.0
Windspeed (knots) [33,34), Membership Value =0.00000000,0.0
Windspeed (knots) [34,35), Membership Value =0.00000000,0.0
Windspeed (knots) [35,36), Membership Value =0.00000000,0.0
Windspeed (knots) [36,37), Membership Value =0.00000000,0.0
Windspeed (knots) [37,38), Membership Value =0.00000000,0.0
Windspeed (knots) [38,39), Membership Value =0.00000000,0.0
Windspeed (knots) [39,40), Membership Value =0.00000000,0.0
Windspeed (knots) [40,41), Membership Value =0.00000000,0.0
Windspeed (knots) [41,42), Membership Value =0.00000000,0.0
Windspeed (knots) [42,43), Membership Value =0.00000000,0.0
Windspeed (knots) [43,44), Membership Value =0.00000000,0.0
Windspeed (knots) [44,45), Membership Value =0.00000000,0.0
Windspeed (knots) [45,46), Membership Value =0.00000000,0.0
Windspeed (knots) [46,47), Membership Value =0.00000000,0.0
Windspeed (knots) [47,48), Membership Value =0.00000000,0.0
Windspeed (knots) [48,49), Membership Value =0.00000000,0.0
Windspeed (knots) [49,50), Membership Value =0.00000000,0.0
Windspeed (knots) [50,51), Membership Value =0.00000000,0.0
Windspeed (knots) [51,52), Membership Value =0.00000000,0.0
Windspeed (knots) [52,53), Membership Value =0.00000000,0.0
Windspeed (knots) [53,54), Membership Value =0.00000000,0.0
Windspeed (knots) [54,55), Membership Value =0.00000000,0.0
Windspeed (knots) [55,56), Membership Value =0.00000000,0.0
Windspeed (knots) [56,57), Membership Value =0.00000000,0.0
Windspeed (knots) [57,58), Membership Value =0.00000000,0.0
Windspeed (knots) [58,59), Membership Value =0.00000000,0.0
Windspeed (knots) [59,60), Membership Value =0.00000000,0.0
Windspeed (knots) [60,61), Membership Value =0.00000000,0.0
Windspeed (knots) [61,62), Membership Value =0.00000000,0.0
Windspeed (knots) [62,63), Membership Value =0.00000000,0.0
Windspeed (knots) [63,64), Membership Value =0.00000000,0.0
Windspeed (knots) [64,65), Membership Value =0.00000000,0.0
Windspeed (knots) [65,66), Membership Value =0.00000000,0.0
Windspeed (knots) [66,67), Membership Value =0.00000000,0.0
Windspeed (knots) [67,68), Membership Value =0.00000000,0.0
Windspeed (knots) [68,69), Membership Value =0.00000000,0.0
Windspeed (knots) [69,70), Membership Value =0.00000000,0.0
Windspeed (knots) [70,71), Membership Value =0.00000000,0.0
Windspeed (knots) [71,72), Membership Value =0.00000000,0.0
Windspeed (knots) [72,73), Membership Value =0.00000000,0.0
Windspeed (knots) [73,74), Membership Value =0.00000000,0.0
Windspeed (knots) [74,75), Membership Value =0.00000000,0.0
Windspeed (knots) [75,76), Membership Value =0.00000000,0.0
Windspeed (knots) [76,77), Membership Value =0.00000000,0.0
Windspeed (knots) [77,78), Membership Value =0.00000000,0.0
Windspeed (knots) [78,79), Membership Value =0.00000000,0.0
Windspeed (knots) [79,80), Membership Value =0.00000000,0.0
Windspeed (knots) [80,81), Membership Value =0.00000000,0.0
Windspeed (knots) [81,82), Membership Value =0.00000000,0.0
Windspeed (knots) [82,83), Membership Value =0.00000000,0.0
Windspeed (knots) [83,84), Membership Value =0.00000000,0.0
Windspeed (knots) [84,85), Membership Value =0.00000000,0.0
Windspeed (knots) [85,86), Membership Value =0.00000000,0.0
Windspeed (knots) [86,87), Membership Value =0.00000000,0.0
Windspeed (knots) [87,88), Membership Value =0.00000000,0.0
Windspeed (knots) [88,89), Membership Value =0.00000000,0.0
Windspeed (knots) [89,90), Membership Value =0.00000000,0.0
Windspeed (knots) [90,91), Membership Value =0.00000000,0.0
Windspeed (knots) [91,92), Membership Value =0.00000000,0.0
Windspeed (knots) [92,93), Membership Value =0.00000000,0.0
Windspeed (knots) [93,94), Membership Value =0.00000000,0.0
Windspeed (knots) [94,95), Membership Value =0.00000000,0.0
Windspeed (knots) [95,96), Membership Value =0.00000000,0.0
Windspeed (knots) [96,97), Membership Value =0.00000000,0.0
Windspeed (knots) [97,98), Membership Value =0.00000000,0.0
Windspeed (knots) [98,99), Membership Value =0.00000000,0.0
Windspeed (knots) [99,100), Membership Value =0.00000000,0.0
Windspeed (knots) [100,101), Membership Value =0.00000000,0.0
Windspeed (knots) [101,102), Membership Value =0.00000000,0.0
Windspeed (knots) [102,103), Membership Value =0.00000000,0.0
Windspeed (knots) [103,104), Membership Value =0.00000000,0.0
Windspeed (knots) [104,105), Membership Value =0.00000000,0.0
Windspeed (knots) [105,106), Membership Value =0.00000000,0.0
Windspeed (knots) [106,107), Membership Value =0.00000000,0.0
Windspeed (knots) [107,108), Membership Value =0.00000000,0.0
Windspeed (knots) [108,109), Membership Value =0.00000000,0.0
Windspeed (knots) [109,110), Membership Value =0.00000000,0.0
Windspeed (knots) [110,111), Membership Value =0.00000000,0.0
Windspeed (knots) [111,112), Membership Value =0.00000000,0.0
Windspeed (knots) [112,113), Membership Value =0.00000000,0.0
Windspeed (knots) [113,114), Membership Value =0.00000000,0.0
Windspeed (knots) [114,115), Membership Value =0.00000000,0.0
Windspeed (knots) [115,116), Membership Value =0.00000000,0.0
Windspeed (knots) [116,117), Membership Value =0.00000000,0.0
Windspeed (knots) [117,118), Membership Value =0.00000000,0.0
Windspeed (knots) [118,119), Membership Value =0.00000000,0.0
Windspeed (knots) [119,120), Membership Value =0.00000000,0.0
Windspeed (knots) [120,121), Membership Value =0.00000000,0.0
Windspeed (knots) [121,122), Membership Value =0.00000000,0.0
Windspeed (knots) [122,123), Membership Value =0.00000000,0.0
Windspeed (knots) [123,124), Membership Value =0.00000000,0.0
Windspeed (knots) [124,125), Membership Value =0.00000000,0.0
LowestWindspeedThatIsWindyKnots for station KSTL is 7 knots.
Transition limited :false
bUseWeatherPrediction:false
The running average is 1
The y-int is 7
Energy harvested: 4615002.07721036
iGeneratingEnergyWhenGridNeedsEnergyMinutes =700725
iGeneratingEnergyWhenGridNeedsEnergyMinutes =700725
iUsingEnergyWhenGridNeedsEnergyMinutes =101282
iGeneratingEnergyWhenGridHasExcessEnergyMinutes = 1780
iUsingEnergyWhenGridHasExcessEnergyMinutes = 294
iIdleWhenGridDoesNotNeedEnergyMinutes = 44006
iIdleWhenGridNeedsEnergyMinutes = 3886392
iEnergyPriceIsZeroMinutes = 240
harvester.getEnergyHarvestedAVAILABLEKilowattHours( ): 1.4201779516666668E7
harvester.getEnergyHarvestedKilowattHours(): 4615002.07721036
The y-int is 17
Energy harvested: 1342263.1666666667
iGeneratingEnergyWhenGridNeedsEnergyMinutes =45393
iGeneratingEnergyWhenGridNeedsEnergyMinutes =45393
iUsingEnergyWhenGridNeedsEnergyMinutes =1
iGeneratingEnergyWhenGridHasExcessEnergyMinutes = 90
iUsingEnergyWhenGridHasExcessEnergyMinutes = 0
iIdleWhenGridDoesNotNeedEnergyMinutes = 45990
iIdleWhenGridNeedsEnergyMinutes = 4643005
iEnergyPriceIsZeroMinutes = 240
harvester.getEnergyHarvestedAVAILABLEKilowattHours( ): 1.4201779516666668E7
harvester.getEnergyHarvestedKilowattHours(): 1342263.1666666667
The y-int is 27
Energy harvested: 34129.78333333333
iGeneratingEnergyWhenGridNeedsEnergyMinutes =686
iGeneratingEnergyWhenGridNeedsEnergyMinutes =686
iUsingEnergyWhenGridNeedsEnergyMinutes =1
iGeneratingEnergyWhenGridHasExcessEnergyMinutes = 0
iUsingEnergyWhenGridHasExcessEnergyMinutes = 0
iIdleWhenGridDoesNotNeedEnergyMinutes = 46080
iIdleWhenGridNeedsEnergyMinutes = 4687712
iEnergyPriceIsZeroMinutes = 240
harvester.getEnergyHarvestedAVAILABLEKilowattHours( ): 1.4201779516666668E7
harvester.getEnergyHarvestedKilowattHours(): 34129.78333333333
The y-int is 37
Energy harvested: 0.0
iGeneratingEnergyWhenGridNeedsEnergyMinutes =0
iGeneratingEnergyWhenGridNeedsEnergyMinutes =0
iUsingEnergyWhenGridNeedsEnergyMinutes =1
iGeneratingEnergyWhenGridHasExcessEnergyMinutes = 0
iUsingEnergyWhenGridHasExcessEnergyMinutes = 0
iIdleWhenGridDoesNotNeedEnergyMinutes = 46080
iIdleWhenGridNeedsEnergyMinutes = 4688398
iEnergyPriceIsZeroMinutes = 240
harvester.getEnergyHarvestedAVAILABLEKilowattHours( ): 1.4201779516666668E7
harvester.getEnergyHarvestedKilowattHours(): 0.0
The running average is 31
The y-int is 7
Energy harvested: 4894730.471662962
iGeneratingEnergyWhenGridNeedsEnergyMinutes =756096
iGeneratingEnergyWhenGridNeedsEnergyMinutes =756096
iUsingEnergyWhenGridNeedsEnergyMinutes =51677
iGeneratingEnergyWhenGridHasExcessEnergyMinutes = 1875
iUsingEnergyWhenGridHasExcessEnergyMinutes = 134
iIdleWhenGridDoesNotNeedEnergyMinutes = 44071
iIdleWhenGridNeedsEnergyMinutes = 3880626
iEnergyPriceIsZeroMinutes = 240
harvester.getEnergyHarvestedAVAILABLEKilowattHours( ): 1.4201779516666668E7
harvester.getEnergyHarvestedKilowattHours(): 4894730.471662962
The y-int is 17
Energy harvested: 1583462.341388905
iGeneratingEnergyWhenGridNeedsEnergyMinutes =62032
iGeneratingEnergyWhenGridNeedsEnergyMinutes =62032
iUsingEnergyWhenGridNeedsEnergyMinutes =1375
iGeneratingEnergyWhenGridHasExcessEnergyMinutes = 127
iUsingEnergyWhenGridHasExcessEnergyMinutes = 13
iIdleWhenGridDoesNotNeedEnergyMinutes = 45940
iIdleWhenGridNeedsEnergyMinutes = 4624992
iEnergyPriceIsZeroMinutes = 240
harvester.getEnergyHarvestedAVAILABLEKilowattHours( ): 1.4201779516666668E7
harvester.getEnergyHarvestedKilowattHours(): 1583462.341388905
The y-int is 27
Energy harvested: 44567.25
iGeneratingEnergyWhenGridNeedsEnergyMinutes =923
iGeneratingEnergyWhenGridNeedsEnergyMinutes =923
iUsingEnergyWhenGridNeedsEnergyMinutes =1
iGeneratingEnergyWhenGridHasExcessEnergyMinutes = 0
iUsingEnergyWhenGridHasExcessEnergyMinutes = 0
iIdleWhenGridDoesNotNeedEnergyMinutes = 46080
iIdleWhenGridNeedsEnergyMinutes = 4687475
iEnergyPriceIsZeroMinutes = 240
harvester.getEnergyHarvestedAVAILABLEKilowattHours( ): 1.4201779516666668E7
harvester.getEnergyHarvestedKilowattHours(): 44567.25
The y-int is 37
Energy harvested: 0.0
iGeneratingEnergyWhenGridNeedsEnergyMinutes =0
iGeneratingEnergyWhenGridNeedsEnergyMinutes =0
iUsingEnergyWhenGridNeedsEnergyMinutes =1
iGeneratingEnergyWhenGridHasExcessEnergyMinutes = 0
iUsingEnergyWhenGridHasExcessEnergyMinutes = 0
iIdleWhenGridDoesNotNeedEnergyMinutes = 46080
iIdleWhenGridNeedsEnergyMinutes = 4688398
iEnergyPriceIsZeroMinutes = 240
harvester.getEnergyHarvestedAVAILABLEKilowattHours( ): 1.4201779516666668E7
harvester.getEnergyHarvestedKilowattHours(): 0.0
The running average is 61
The y-int is 7
Energy harvested: 4967688.385274901
iGeneratingEnergyWhenGridNeedsEnergyMinutes =761608
iGeneratingEnergyWhenGridNeedsEnergyMinutes =761608
iUsingEnergyWhenGridNeedsEnergyMinutes =42408
iGeneratingEnergyWhenGridHasExcessEnergyMinutes = 1921
iUsingEnergyWhenGridHasExcessEnergyMinutes = 133
iIdleWhenGridDoesNotNeedEnergyMinutes = 44026
iIdleWhenGridNeedsEnergyMinutes = 3884383
iEnergyPriceIsZeroMinutes = 240
harvester.getEnergyHarvestedAVAILABLEKilowattHours( ): 1.4201779516666668E7
harvester.getEnergyHarvestedKilowattHours(): 4967688.385274901
The y-int is 17
Energy harvested: 1541050.8469444548
iGeneratingEnergyWhenGridNeedsEnergyMinutes =61681
iGeneratingEnergyWhenGridNeedsEnergyMinutes =61681
iUsingEnergyWhenGridNeedsEnergyMinutes =792
iGeneratingEnergyWhenGridHasExcessEnergyMinutes = 103
iUsingEnergyWhenGridHasExcessEnergyMinutes = 1
iIdleWhenGridDoesNotNeedEnergyMinutes = 45976
iIdleWhenGridNeedsEnergyMinutes = 4625926
iEnergyPriceIsZeroMinutes = 240
harvester.getEnergyHarvestedAVAILABLEKilowattHours( ): 1.4201779516666668E7
harvester.getEnergyHarvestedKilowattHours(): 1541050.8469444548
The y-int is 27
Energy harvested: 41773.781111111115
iGeneratingEnergyWhenGridNeedsEnergyMinutes =867
iGeneratingEnergyWhenGridNeedsEnergyMinutes =867
iUsingEnergyWhenGridNeedsEnergyMinutes =9
iGeneratingEnergyWhenGridHasExcessEnergyMinutes = 0
iUsingEnergyWhenGridHasExcessEnergyMinutes = 0
iIdleWhenGridDoesNotNeedEnergyMinutes = 46080
iIdleWhenGridNeedsEnergyMinutes = 4687523
iEnergyPriceIsZeroMinutes = 240
harvester.getEnergyHarvestedAVAILABLEKilowattHours( ): 1.4201779516666668E7
harvester.getEnergyHarvestedKilowattHours(): 41773.781111111115
The y-int is 37
Energy harvested: 0.0
iGeneratingEnergyWhenGridNeedsEnergyMinutes =0
iGeneratingEnergyWhenGridNeedsEnergyMinutes =0
iUsingEnergyWhenGridNeedsEnergyMinutes =1
iGeneratingEnergyWhenGridHasExcessEnergyMinutes = 0
iUsingEnergyWhenGridHasExcessEnergyMinutes = 0
iIdleWhenGridDoesNotNeedEnergyMinutes = 46080
iIdleWhenGridNeedsEnergyMinutes = 4688398
iEnergyPriceIsZeroMinutes = 240
harvester.getEnergyHarvestedAVAILABLEKilowattHours( ): 1.4201779516666668E7
harvester.getEnergyHarvestedKilowattHours(): 0.0
The running average is 91
The y-int is 7
Energy harvested: 4996978.822497322
iGeneratingEnergyWhenGridNeedsEnergyMinutes =761097
iGeneratingEnergyWhenGridNeedsEnergyMinutes =761097
iUsingEnergyWhenGridNeedsEnergyMinutes =38770
iGeneratingEnergyWhenGridHasExcessEnergyMinutes = 1927
iUsingEnergyWhenGridHasExcessEnergyMinutes = 134
iIdleWhenGridDoesNotNeedEnergyMinutes = 44019
iIdleWhenGridNeedsEnergyMinutes = 3888532
iEnergyPriceIsZeroMinutes = 240
harvester.getEnergyHarvestedAVAILABLEKilowattHours( ): 1.4201779516666668E7
harvester.getEnergyHarvestedKilowattHours(): 4996978.822497322
The y-int is 17
Energy harvested: 1470276.3641666726
iGeneratingEnergyWhenGridNeedsEnergyMinutes =59562
iGeneratingEnergyWhenGridNeedsEnergyMinutes =59562
iUsingEnergyWhenGridNeedsEnergyMinutes =457
iGeneratingEnergyWhenGridHasExcessEnergyMinutes = 60
iUsingEnergyWhenGridHasExcessEnergyMinutes = 0
iIdleWhenGridDoesNotNeedEnergyMinutes = 46020
iIdleWhenGridNeedsEnergyMinutes = 4628380
iEnergyPriceIsZeroMinutes = 240
harvester.getEnergyHarvestedAVAILABLEKilowattHours( ): 1.4201779516666668E7
harvester.getEnergyHarvestedKilowattHours(): 1470276.3641666726
The y-int is 27
Energy harvested: 43752.25
iGeneratingEnergyWhenGridNeedsEnergyMinutes =917
iGeneratingEnergyWhenGridNeedsEnergyMinutes =917
iUsingEnergyWhenGridNeedsEnergyMinutes =1
iGeneratingEnergyWhenGridHasExcessEnergyMinutes = 0
iUsingEnergyWhenGridHasExcessEnergyMinutes = 0
iIdleWhenGridDoesNotNeedEnergyMinutes = 46080
iIdleWhenGridNeedsEnergyMinutes = 4687481
iEnergyPriceIsZeroMinutes = 240
harvester.getEnergyHarvestedAVAILABLEKilowattHours( ): 1.4201779516666668E7
harvester.getEnergyHarvestedKilowattHours(): 43752.25
The y-int is 37
Energy harvested: 0.0
iGeneratingEnergyWhenGridNeedsEnergyMinutes =0
iGeneratingEnergyWhenGridNeedsEnergyMinutes =0
iUsingEnergyWhenGridNeedsEnergyMinutes =1
iGeneratingEnergyWhenGridHasExcessEnergyMinutes = 0
iUsingEnergyWhenGridHasExcessEnergyMinutes = 0
iIdleWhenGridDoesNotNeedEnergyMinutes = 46080
iIdleWhenGridNeedsEnergyMinutes = 4688398
iEnergyPriceIsZeroMinutes = 240
harvester.getEnergyHarvestedAVAILABLEKilowattHours( ): 1.4201779516666668E7
harvester.getEnergyHarvestedKilowattHours(): 0.0
The running average is 121
The y-int is 7
Energy harvested: 5031738.8405530965
iGeneratingEnergyWhenGridNeedsEnergyMinutes =758655
iGeneratingEnergyWhenGridNeedsEnergyMinutes =758655
iUsingEnergyWhenGridNeedsEnergyMinutes =36941
iGeneratingEnergyWhenGridHasExcessEnergyMinutes = 1908
iUsingEnergyWhenGridHasExcessEnergyMinutes = 133
iIdleWhenGridDoesNotNeedEnergyMinutes = 44039
iIdleWhenGridNeedsEnergyMinutes = 3892803
iEnergyPriceIsZeroMinutes = 240
harvester.getEnergyHarvestedAVAILABLEKilowattHours( ): 1.4201779516666668E7
harvester.getEnergyHarvestedKilowattHours(): 5031738.8405530965
The y-int is 17
Energy harvested: 1384623.7169444489
iGeneratingEnergyWhenGridNeedsEnergyMinutes =56584
iGeneratingEnergyWhenGridNeedsEnergyMinutes =56584
iUsingEnergyWhenGridNeedsEnergyMinutes =326
iGeneratingEnergyWhenGridHasExcessEnergyMinutes = 60
iUsingEnergyWhenGridHasExcessEnergyMinutes = 0
iIdleWhenGridDoesNotNeedEnergyMinutes = 46020
iIdleWhenGridNeedsEnergyMinutes = 4631489
iEnergyPriceIsZeroMinutes = 240
harvester.getEnergyHarvestedAVAILABLEKilowattHours( ): 1.4201779516666668E7
harvester.getEnergyHarvestedKilowattHours(): 1384623.7169444489
The y-int is 27
Energy harvested: 43319.36666666667
iGeneratingEnergyWhenGridNeedsEnergyMinutes =917
iGeneratingEnergyWhenGridNeedsEnergyMinutes =917
iUsingEnergyWhenGridNeedsEnergyMinutes =1
iGeneratingEnergyWhenGridHasExcessEnergyMinutes = 0
iUsingEnergyWhenGridHasExcessEnergyMinutes = 0
iIdleWhenGridDoesNotNeedEnergyMinutes = 46080
iIdleWhenGridNeedsEnergyMinutes = 4687481
iEnergyPriceIsZeroMinutes = 240
harvester.getEnergyHarvestedAVAILABLEKilowattHours( ): 1.4201779516666668E7
harvester.getEnergyHarvestedKilowattHours(): 43319.36666666667
The y-int is 37
Energy harvested: 0.0
iGeneratingEnergyWhenGridNeedsEnergyMinutes =0
iGeneratingEnergyWhenGridNeedsEnergyMinutes =0
iUsingEnergyWhenGridNeedsEnergyMinutes =1
iGeneratingEnergyWhenGridHasExcessEnergyMinutes = 0
iUsingEnergyWhenGridHasExcessEnergyMinutes = 0
iIdleWhenGridDoesNotNeedEnergyMinutes = 46080
iIdleWhenGridNeedsEnergyMinutes = 4688398
iEnergyPriceIsZeroMinutes = 240
harvester.getEnergyHarvestedAVAILABLEKilowattHours( ): 1.4201779516666668E7
harvester.getEnergyHarvestedKilowattHours(): 0.0
Beginning testing mode:
station,&,y_intercept_for_month_1,&,running_average_size_minutes_for_month_1,&,y_intercept_for_month_2,&,running_average_size_minutes_for_month_2,&,y_intercept_for_month_3,&,running_average_size_minutes_for_month_3,&,y_intercept_for_month_4,&,running_average_size_minutes_for_month_4,&,y_intercept_for_month_5,&,running_average_size_minutes_for_month_5,&,y_intercept_for_month_6,&,running_average_size_minutes_for_month_6,&,y_intercept_for_month_7,&,running_average_size_minutes_for_month_7,&,y_intercept_for_month_8,&,running_average_size_minutes_for_month_8,&,y_intercept_for_month_9,&,running_average_size_minutes_for_month_9,&,y_intercept_for_month_10,&,running_average_size_minutes_for_month_10,&,y_intercept_for_month_11,&,running_average_size_minutes_for_month_11,&,y_intercept_for_month_12,&,running_average_size_minutes_for_month_12,&,dNetNorm,&,dMarketBalancePercentage,&,dMarketNetNorm,
results: KSTL,&,7,&,121,&,7,&,121,&,7,&,121,&,7,&,121,&,7,&,121,&,7,&,121,&,7,&,121,&,7,&,121,&,7,&,121,&,7,&,121,&,7,&,121,&,7,&,121,&,0.35990507320950943,&,0.9242061388274437,&,0.33262647805536916
monthly visible minutes:KSTL,&,2013,&,8672,&,8672,&,8672,&,8672,&,8672,&,8672,&,8672,&,8672,&,8672,&,8672,&,8672,&,8672,&,
monthly visible minutes:KSTL,&,2014,&,8672,&,8666,&,8672,&,8672,&,8672,&,8672,&,8672,&,8350,&,8672,&,8672,&,8672,&,7410,&,
monthly minutes harvester between states:KSTL,&,2013,&,760,&,646,&,570,&,684,&,722,&,791,&,684,&,950,&,879,&,760,&,684,&,777,&,
monthly minutes harvester between states:KSTL,&,2014,&,570,&,863,&,608,&,684,&,646,&,646,&,760,&,1095,&,684,&,646,&,684,&,608,&,
station,&,y_intercept_for_month_1,&,running_average_size_minutes_for_month_1,&,y_intercept_for_month_2,&,running_average_size_minutes_for_month_2,&,y_intercept_for_month_3,&,running_average_size_minutes_for_month_3,&,y_intercept_for_month_4,&,running_average_size_minutes_for_month_4,&,y_intercept_for_month_5,&,running_average_size_minutes_for_month_5,&,y_intercept_for_month_6,&,running_average_size_minutes_for_month_6,&,y_intercept_for_month_7,&,running_average_size_minutes_for_month_7,&,y_intercept_for_month_8,&,running_average_size_minutes_for_month_8,&,y_intercept_for_month_9,&,running_average_size_minutes_for_month_9,&,y_intercept_for_month_10,&,running_average_size_minutes_for_month_10,&,y_intercept_for_month_11,&,running_average_size_minutes_for_month_11,&,y_intercept_for_month_12,&,running_average_size_minutes_for_month_12,&,dNetNorm,&,dMarketBalancePercentage,&,dMarketNetNorm,
results: KSTL,&,7,&,121,&,7,&,121,&,7,&,121,&,7,&,121,&,7,&,121,&,7,&,121,&,7,&,121,&,7,&,121,&,7,&,121,&,7,&,121,&,7,&,121,&,7,&,121,&,0.35990507320950943,&,0.9242000450936302,&,0.3326242848896549
monthly visible minutes:KSTL,&,2013,&,8672,&,8672,&,8672,&,8672,&,8672,&,8672,&,8672,&,8672,&,8672,&,8672,&,8672,&,8672,&,
monthly visible minutes:KSTL,&,2014,&,8672,&,8666,&,8672,&,8672,&,8672,&,8672,&,8672,&,8350,&,8672,&,8672,&,8672,&,7410,&,
monthly minutes harvester between states:KSTL,&,2013,&,760,&,646,&,570,&,684,&,722,&,791,&,684,&,950,&,879,&,760,&,684,&,777,&,
monthly minutes harvester between states:KSTL,&,2014,&,570,&,863,&,608,&,684,&,646,&,646,&,760,&,1095,&,684,&,646,&,684,&,608,&,
Station: KTPA
abc: The current path is /home/guy/retractable-wind
I have found the property file.
The training windspeed filename is /trainingKTPA2004-2012in.csv
The testing windspeed filename is /testingKTPA2013-2014in.csv
Yes, the station is KTPA
Warning: The bAlsoUsePrediction no longer has any effect
iUsedAllItsAllocatedVisibilityMinutesPerMonth: 8760
Visibility Allocation Minutes:8760
HARVESTER_SIZE_SQM is 6362
Reading file
Success: /Wind turbine power curves - wind turbine power output against wind speed in knots.csv found.
Speed (Knots) = Speed(knots) vs power (kW) , Power (kW) =V90
Speed (Knots) = 0 , Power (kW) =0
Speed (Knots) = 1 , Power (kW) =0
Speed (Knots) = 2 , Power (kW) =0
Speed (Knots) = 3 , Power (kW) =0
Speed (Knots) = 4 , Power (kW) =0
Speed (Knots) = 5 , Power (kW) =0
Speed (Knots) = 6 , Power (kW) =0
Speed (Knots) = 7 , Power (kW) =38
Speed (Knots) = 8 , Power (kW) =87
Speed (Knots) = 9 , Power (kW) =141
Speed (Knots) = 10 , Power (kW) =207
Speed (Knots) = 11 , Power (kW) =286
Speed (Knots) = 12 , Power (kW) =382
Speed (Knots) = 13 , Power (kW) =496
Speed (Knots) = 14 , Power (kW) =628
Speed (Knots) = 15 , Power (kW) =781
Speed (Knots) = 16 , Power (kW) =957
Speed (Knots) = 17 , Power (kW) =1153
Speed (Knots) = 18 , Power (kW) =1366
Speed (Knots) = 19 , Power (kW) =1589
Speed (Knots) = 20 , Power (kW) =1814
Speed (Knots) = 21 , Power (kW) =2035
Speed (Knots) = 22 , Power (kW) =2250
Speed (Knots) = 23 , Power (kW) =2452
Speed (Knots) = 24 , Power (kW) =2634
Speed (Knots) = 25 , Power (kW) =2784
Speed (Knots) = 26 , Power (kW) =2888
Speed (Knots) = 27 , Power (kW) =2949
Speed (Knots) = 28 , Power (kW) =2980
Speed (Knots) = 29 , Power (kW) =2993
Speed (Knots) = 30 , Power (kW) =3000
Speed (Knots) = 31 , Power (kW) =3000
Speed (Knots) = 32 , Power (kW) =3000
Speed (Knots) = 33 , Power (kW) =3000
Speed (Knots) = 34 , Power (kW) =3000
Speed (Knots) = 35 , Power (kW) =3000
Speed (Knots) = 36 , Power (kW) =3000
Speed (Knots) = 37 , Power (kW) =3000
Speed (Knots) = 38 , Power (kW) =3000
Speed (Knots) = 39 , Power (kW) =3000
Speed (Knots) = 40 , Power (kW) =3000
Speed (Knots) = 41 , Power (kW) =3000
Speed (Knots) = 42 , Power (kW) =3000
Speed (Knots) = 43 , Power (kW) =3000
Speed (Knots) = 44 , Power (kW) =3000
Speed (Knots) = 45 , Power (kW) =3000
Speed (Knots) = 46 , Power (kW) =3000
Speed (Knots) = 47 , Power (kW) =3000
Speed (Knots) = 48 , Power (kW) =3000
Speed (Knots) = 49 , Power (kW) =0
Speed (Knots) = 50 , Power (kW) =0
Speed (Knots) = 51 , Power (kW) =0
Speed (Knots) = 52 , Power (kW) =0
Speed (Knots) = 53 , Power (kW) =0
Speed (Knots) = 54 , Power (kW) =0
Speed (Knots) = 55 , Power (kW) =0
Speed (Knots) = 56 , Power (kW) =0
Speed (Knots) = 57 , Power (kW) =0
Speed (Knots) = 58 , Power (kW) =0
Speed (Knots) = 59 , Power (kW) =0
Speed (Knots) = 60 , Power (kW) =0
The scale is 1.0
Wind power at 10 knots in kilowatts is 207.0
Wind power in-cut-out test 0.0
Class name:edu.pitt.cs.people.guy.wind.benchmarks.Static
Success: /Noise_Allowed_Time_Definitions_All_Stations.csv found.
The station is the record is KTPA
Success: /Noise_Allowed_Time_Definitions_All_Stations.csv found.
The station is the record is KTPA
I have found the membership file for NOT WINDY.
Windspeed (knots) [0,1), Membership Value =1.00000000,1.0
Windspeed (knots) [1,2), Membership Value =0.99987398,0.999874
Windspeed (knots) [2,3), Membership Value =0.99783640,0.9978364
Windspeed (knots) [3,4), Membership Value =0.98828031,0.9882803
Windspeed (knots) [4,5), Membership Value =0.96288128,0.96288127
Windspeed (knots) [5,6), Membership Value =0.91247289,0.9124729
Windspeed (knots) [6,7), Membership Value =0.83319585,0.83319587
Windspeed (knots) [7,8), Membership Value =0.72389264,0.7238926
Windspeed (knots) [8,9), Membership Value =0.59254789,0.5925479
Windspeed (knots) [9,10), Membership Value =0.45726188,0.4572619
Windspeed (knots) [10,11), Membership Value =0.32620510,0.3262051
Windspeed (knots) [11,12), Membership Value =0.21365425,0.21365425
Windspeed (knots) [12,13), Membership Value =0.11859946,0.11859946
Windspeed (knots) [13,14), Membership Value =0.04377518,0.04377518
Windspeed (knots) [14,15), Membership Value =0.00000000,0.0
Windspeed (knots) [15,16), Membership Value =0.00000000,0.0
Windspeed (knots) [16,17), Membership Value =0.00000000,0.0
Windspeed (knots) [17,18), Membership Value =0.00000000,0.0
Windspeed (knots) [18,19), Membership Value =0.00000000,0.0
Windspeed (knots) [19,20), Membership Value =0.00000000,0.0
Windspeed (knots) [20,21), Membership Value =0.00000000,0.0
Windspeed (knots) [21,22), Membership Value =0.00000000,0.0
Windspeed (knots) [22,23), Membership Value =0.00000000,0.0
Windspeed (knots) [23,24), Membership Value =0.00000000,0.0
Windspeed (knots) [24,25), Membership Value =0.00000000,0.0
Windspeed (knots) [25,26), Membership Value =0.00000000,0.0
Windspeed (knots) [26,27), Membership Value =0.00000000,0.0
Windspeed (knots) [27,28), Membership Value =0.00000000,0.0
Windspeed (knots) [28,29), Membership Value =0.00000000,0.0
Windspeed (knots) [29,30), Membership Value =0.00000000,0.0
Windspeed (knots) [30,31), Membership Value =0.00000000,0.0
Windspeed (knots) [31,32), Membership Value =0.00000000,0.0
Windspeed (knots) [32,33), Membership Value =0.00000000,0.0
Windspeed (knots) [33,34), Membership Value =0.00000000,0.0
Windspeed (knots) [34,35), Membership Value =0.00000000,0.0
Windspeed (knots) [35,36), Membership Value =0.00000000,0.0
Windspeed (knots) [36,37), Membership Value =0.00000000,0.0
Windspeed (knots) [37,38), Membership Value =0.00000000,0.0
Windspeed (knots) [38,39), Membership Value =0.00000000,0.0
Windspeed (knots) [39,40), Membership Value =0.00000000,0.0
Windspeed (knots) [40,41), Membership Value =0.00000000,0.0
Windspeed (knots) [41,42), Membership Value =0.00000000,0.0
Windspeed (knots) [42,43), Membership Value =0.00000000,0.0
Windspeed (knots) [43,44), Membership Value =0.00000000,0.0
Windspeed (knots) [44,45), Membership Value =0.00000000,0.0
Windspeed (knots) [45,46), Membership Value =0.00000000,0.0
Windspeed (knots) [46,47), Membership Value =0.00000000,0.0
Windspeed (knots) [47,48), Membership Value =0.00000000,0.0
Windspeed (knots) [48,49), Membership Value =0.00000000,0.0
Windspeed (knots) [49,50), Membership Value =0.00000000,0.0
Windspeed (knots) [50,51), Membership Value =0.00000000,0.0
Windspeed (knots) [51,52), Membership Value =0.00000000,0.0
Windspeed (knots) [52,53), Membership Value =0.00000000,0.0
Windspeed (knots) [53,54), Membership Value =0.00000000,0.0
Windspeed (knots) [54,55), Membership Value =0.00000000,0.0
Windspeed (knots) [55,56), Membership Value =0.00000000,0.0
Windspeed (knots) [56,57), Membership Value =0.00000000,0.0
Windspeed (knots) [57,58), Membership Value =0.00000000,0.0
Windspeed (knots) [58,59), Membership Value =0.00000000,0.0
Windspeed (knots) [59,60), Membership Value =0.00000000,0.0
Windspeed (knots) [60,61), Membership Value =0.00000000,0.0
Windspeed (knots) [61,62), Membership Value =0.00000000,0.0
Windspeed (knots) [62,63), Membership Value =0.00000000,0.0
Windspeed (knots) [63,64), Membership Value =0.00000000,0.0
Windspeed (knots) [64,65), Membership Value =0.00000000,0.0
Windspeed (knots) [65,66), Membership Value =0.00000000,0.0
Windspeed (knots) [66,67), Membership Value =0.00000000,0.0
Windspeed (knots) [67,68), Membership Value =0.00000000,0.0
Windspeed (knots) [68,69), Membership Value =0.00000000,0.0
Windspeed (knots) [69,70), Membership Value =0.00000000,0.0
Windspeed (knots) [70,71), Membership Value =0.00000000,0.0
Windspeed (knots) [71,72), Membership Value =0.00000000,0.0
Windspeed (knots) [72,73), Membership Value =0.00000000,0.0
Windspeed (knots) [73,74), Membership Value =0.00000000,0.0
Windspeed (knots) [74,75), Membership Value =0.00000000,0.0
Windspeed (knots) [75,76), Membership Value =0.00000000,0.0
Windspeed (knots) [76,77), Membership Value =0.00000000,0.0
Windspeed (knots) [77,78), Membership Value =0.00000000,0.0
Windspeed (knots) [78,79), Membership Value =0.00000000,0.0
Windspeed (knots) [79,80), Membership Value =0.00000000,0.0
Windspeed (knots) [80,81), Membership Value =0.00000000,0.0
Windspeed (knots) [81,82), Membership Value =0.00000000,0.0
Windspeed (knots) [82,83), Membership Value =0.00000000,0.0
Windspeed (knots) [83,84), Membership Value =0.00000000,0.0
Windspeed (knots) [84,85), Membership Value =0.00000000,0.0
Windspeed (knots) [85,86), Membership Value =0.00000000,0.0
Windspeed (knots) [86,87), Membership Value =0.00000000,0.0
Windspeed (knots) [87,88), Membership Value =0.00000000,0.0
Windspeed (knots) [88,89), Membership Value =0.00000000,0.0
Windspeed (knots) [89,90), Membership Value =0.00000000,0.0
Windspeed (knots) [90,91), Membership Value =0.00000000,0.0
Windspeed (knots) [91,92), Membership Value =0.00000000,0.0
Windspeed (knots) [92,93), Membership Value =0.00000000,0.0
Windspeed (knots) [93,94), Membership Value =0.00000000,0.0
Windspeed (knots) [94,95), Membership Value =0.00000000,0.0
Windspeed (knots) [95,96), Membership Value =0.00000000,0.0
Windspeed (knots) [96,97), Membership Value =0.00000000,0.0
Windspeed (knots) [97,98), Membership Value =0.00000000,0.0
Windspeed (knots) [98,99), Membership Value =0.00000000,0.0
Windspeed (knots) [99,100), Membership Value =0.00000000,0.0
Windspeed (knots) [100,101), Membership Value =0.00000000,0.0
Windspeed (knots) [101,102), Membership Value =0.00000000,0.0
Windspeed (knots) [102,103), Membership Value =0.00000000,0.0
Windspeed (knots) [103,104), Membership Value =0.00000000,0.0
Windspeed (knots) [104,105), Membership Value =0.00000000,0.0
Windspeed (knots) [105,106), Membership Value =0.00000000,0.0
Windspeed (knots) [106,107), Membership Value =0.00000000,0.0
Windspeed (knots) [107,108), Membership Value =0.00000000,0.0
Windspeed (knots) [108,109), Membership Value =0.00000000,0.0
Windspeed (knots) [109,110), Membership Value =0.00000000,0.0
Windspeed (knots) [110,111), Membership Value =0.00000000,0.0
Windspeed (knots) [111,112), Membership Value =0.00000000,0.0
Windspeed (knots) [112,113), Membership Value =0.00000000,0.0
Windspeed (knots) [113,114), Membership Value =0.00000000,0.0
Windspeed (knots) [114,115), Membership Value =0.00000000,0.0
Windspeed (knots) [115,116), Membership Value =0.00000000,0.0
Windspeed (knots) [116,117), Membership Value =0.00000000,0.0
Windspeed (knots) [117,118), Membership Value =0.00000000,0.0
Windspeed (knots) [118,119), Membership Value =0.00000000,0.0
Windspeed (knots) [119,120), Membership Value =0.00000000,0.0
Windspeed (knots) [120,121), Membership Value =0.00000000,0.0
Windspeed (knots) [121,122), Membership Value =0.00000000,0.0
Windspeed (knots) [122,123), Membership Value =0.00000000,0.0
Windspeed (knots) [123,124), Membership Value =0.00000000,0.0
Windspeed (knots) [124,125), Membership Value =0.00000000,0.0
LowestWindspeedThatIsWindyKnots for station KTPA is 6 knots.
Transition limited :false
bUseWeatherPrediction:false
The running average is 1
The y-int is 6
Energy harvested: 2007993.7138904557
iGeneratingEnergyWhenGridNeedsEnergyMinutes =593232
iGeneratingEnergyWhenGridNeedsEnergyMinutes =593232
iUsingEnergyWhenGridNeedsEnergyMinutes =106399
iGeneratingEnergyWhenGridHasExcessEnergyMinutes = 1372
iUsingEnergyWhenGridHasExcessEnergyMinutes = 151
iIdleWhenGridDoesNotNeedEnergyMinutes = 44557
iIdleWhenGridNeedsEnergyMinutes = 3978776
iEnergyPriceIsZeroMinutes = 240
harvester.getEnergyHarvestedAVAILABLEKilowattHours( ): 5465520.333333333
harvester.getEnergyHarvestedKilowattHours(): 2007993.7138904557
The y-int is 16
Energy harvested: 320596.6666666667
iGeneratingEnergyWhenGridNeedsEnergyMinutes =12271
iGeneratingEnergyWhenGridNeedsEnergyMinutes =12271
iUsingEnergyWhenGridNeedsEnergyMinutes =1
iGeneratingEnergyWhenGridHasExcessEnergyMinutes = 136
iUsingEnergyWhenGridHasExcessEnergyMinutes = 0
iIdleWhenGridDoesNotNeedEnergyMinutes = 45944
iIdleWhenGridNeedsEnergyMinutes = 4666135
iEnergyPriceIsZeroMinutes = 240
harvester.getEnergyHarvestedAVAILABLEKilowattHours( ): 5465520.333333333
harvester.getEnergyHarvestedKilowattHours(): 320596.6666666667
The y-int is 26
Energy harvested: 33618.566666666666
iGeneratingEnergyWhenGridNeedsEnergyMinutes =679
iGeneratingEnergyWhenGridNeedsEnergyMinutes =679
iUsingEnergyWhenGridNeedsEnergyMinutes =1
iGeneratingEnergyWhenGridHasExcessEnergyMinutes = 0
iUsingEnergyWhenGridHasExcessEnergyMinutes = 0
iIdleWhenGridDoesNotNeedEnergyMinutes = 46080
iIdleWhenGridNeedsEnergyMinutes = 4677727
iEnergyPriceIsZeroMinutes = 240
harvester.getEnergyHarvestedAVAILABLEKilowattHours( ): 5465520.333333333
harvester.getEnergyHarvestedKilowattHours(): 33618.566666666666
The y-int is 36
Energy harvested: 0.0
iGeneratingEnergyWhenGridNeedsEnergyMinutes =0
iGeneratingEnergyWhenGridNeedsEnergyMinutes =0
iUsingEnergyWhenGridNeedsEnergyMinutes =1
iGeneratingEnergyWhenGridHasExcessEnergyMinutes = 0
iUsingEnergyWhenGridHasExcessEnergyMinutes = 0
iIdleWhenGridDoesNotNeedEnergyMinutes = 46080
iIdleWhenGridNeedsEnergyMinutes = 4678406
iEnergyPriceIsZeroMinutes = 240
harvester.getEnergyHarvestedAVAILABLEKilowattHours( ): 5465520.333333333
harvester.getEnergyHarvestedKilowattHours(): 0.0
The running average is 31
The y-int is 6
Energy harvested: 2118251.0313897426
iGeneratingEnergyWhenGridNeedsEnergyMinutes =627886
iGeneratingEnergyWhenGridNeedsEnergyMinutes =627886
iUsingEnergyWhenGridNeedsEnergyMinutes =60098
iGeneratingEnergyWhenGridHasExcessEnergyMinutes = 1363
iUsingEnergyWhenGridHasExcessEnergyMinutes = 91
iIdleWhenGridDoesNotNeedEnergyMinutes = 44626
iIdleWhenGridNeedsEnergyMinutes = 3990423
iEnergyPriceIsZeroMinutes = 240
harvester.getEnergyHarvestedAVAILABLEKilowattHours( ): 5465520.333333333
harvester.getEnergyHarvestedKilowattHours(): 2118251.0313897426
The y-int is 16
Energy harvested: 364943.3163888864
iGeneratingEnergyWhenGridNeedsEnergyMinutes =15812
iGeneratingEnergyWhenGridNeedsEnergyMinutes =15812
iUsingEnergyWhenGridNeedsEnergyMinutes =628
iGeneratingEnergyWhenGridHasExcessEnergyMinutes = 254
iUsingEnergyWhenGridHasExcessEnergyMinutes = 4
iIdleWhenGridDoesNotNeedEnergyMinutes = 45822
iIdleWhenGridNeedsEnergyMinutes = 4661967
iEnergyPriceIsZeroMinutes = 240
harvester.getEnergyHarvestedAVAILABLEKilowattHours( ): 5465520.333333333
harvester.getEnergyHarvestedKilowattHours(): 364943.3163888864
The y-int is 26
Energy harvested: 38081.53333333333
iGeneratingEnergyWhenGridNeedsEnergyMinutes =780
iGeneratingEnergyWhenGridNeedsEnergyMinutes =780
iUsingEnergyWhenGridNeedsEnergyMinutes =1
iGeneratingEnergyWhenGridHasExcessEnergyMinutes = 0
iUsingEnergyWhenGridHasExcessEnergyMinutes = 0
iIdleWhenGridDoesNotNeedEnergyMinutes = 46080
iIdleWhenGridNeedsEnergyMinutes = 4677626
iEnergyPriceIsZeroMinutes = 240
harvester.getEnergyHarvestedAVAILABLEKilowattHours( ): 5465520.333333333
harvester.getEnergyHarvestedKilowattHours(): 38081.53333333333
The y-int is 36
Energy harvested: 0.0
iGeneratingEnergyWhenGridNeedsEnergyMinutes =0
iGeneratingEnergyWhenGridNeedsEnergyMinutes =0
iUsingEnergyWhenGridNeedsEnergyMinutes =1
iGeneratingEnergyWhenGridHasExcessEnergyMinutes = 0
iUsingEnergyWhenGridHasExcessEnergyMinutes = 0
iIdleWhenGridDoesNotNeedEnergyMinutes = 46080
iIdleWhenGridNeedsEnergyMinutes = 4678406
iEnergyPriceIsZeroMinutes = 240
harvester.getEnergyHarvestedAVAILABLEKilowattHours( ): 5465520.333333333
harvester.getEnergyHarvestedKilowattHours(): 0.0
The running average is 61
The y-int is 6
Energy harvested: 2157504.119167397
iGeneratingEnergyWhenGridNeedsEnergyMinutes =632564
iGeneratingEnergyWhenGridNeedsEnergyMinutes =632564
iUsingEnergyWhenGridNeedsEnergyMinutes =51157
iGeneratingEnergyWhenGridHasExcessEnergyMinutes = 1400
iUsingEnergyWhenGridHasExcessEnergyMinutes = 58
iIdleWhenGridDoesNotNeedEnergyMinutes = 44622
iIdleWhenGridNeedsEnergyMinutes = 3994686
iEnergyPriceIsZeroMinutes = 240
harvester.getEnergyHarvestedAVAILABLEKilowattHours( ): 5465520.333333333
harvester.getEnergyHarvestedKilowattHours(): 2157504.119167397
The y-int is 16
Energy harvested: 354819.86416666594
iGeneratingEnergyWhenGridNeedsEnergyMinutes =15549
iGeneratingEnergyWhenGridNeedsEnergyMinutes =15549
iUsingEnergyWhenGridNeedsEnergyMinutes =233
iGeneratingEnergyWhenGridHasExcessEnergyMinutes = 257
iUsingEnergyWhenGridHasExcessEnergyMinutes = 3
iIdleWhenGridDoesNotNeedEnergyMinutes = 45820
iIdleWhenGridNeedsEnergyMinutes = 4662625
iEnergyPriceIsZeroMinutes = 240
harvester.getEnergyHarvestedAVAILABLEKilowattHours( ): 5465520.333333333
harvester.getEnergyHarvestedKilowattHours(): 354819.86416666594
The y-int is 26
Energy harvested: 40360.85
iGeneratingEnergyWhenGridNeedsEnergyMinutes =831
iGeneratingEnergyWhenGridNeedsEnergyMinutes =831
iUsingEnergyWhenGridNeedsEnergyMinutes =1
iGeneratingEnergyWhenGridHasExcessEnergyMinutes = 0
iUsingEnergyWhenGridHasExcessEnergyMinutes = 0
iIdleWhenGridDoesNotNeedEnergyMinutes = 46080
iIdleWhenGridNeedsEnergyMinutes = 4677575
iEnergyPriceIsZeroMinutes = 240
harvester.getEnergyHarvestedAVAILABLEKilowattHours( ): 5465520.333333333
harvester.getEnergyHarvestedKilowattHours(): 40360.85
The y-int is 36
Energy harvested: 0.0
iGeneratingEnergyWhenGridNeedsEnergyMinutes =0
iGeneratingEnergyWhenGridNeedsEnergyMinutes =0
iUsingEnergyWhenGridNeedsEnergyMinutes =1
iGeneratingEnergyWhenGridHasExcessEnergyMinutes = 0
iUsingEnergyWhenGridHasExcessEnergyMinutes = 0
iIdleWhenGridDoesNotNeedEnergyMinutes = 46080
iIdleWhenGridNeedsEnergyMinutes = 4678406
iEnergyPriceIsZeroMinutes = 240
harvester.getEnergyHarvestedAVAILABLEKilowattHours( ): 5465520.333333333
harvester.getEnergyHarvestedKilowattHours(): 0.0
The running average is 91
The y-int is 6
Energy harvested: 2183182.032778461
iGeneratingEnergyWhenGridNeedsEnergyMinutes =632330
iGeneratingEnergyWhenGridNeedsEnergyMinutes =632330
iUsingEnergyWhenGridNeedsEnergyMinutes =47879
iGeneratingEnergyWhenGridHasExcessEnergyMinutes = 1389
iUsingEnergyWhenGridHasExcessEnergyMinutes = 57
iIdleWhenGridDoesNotNeedEnergyMinutes = 44634
iIdleWhenGridNeedsEnergyMinutes = 3998198
iEnergyPriceIsZeroMinutes = 240
harvester.getEnergyHarvestedAVAILABLEKilowattHours( ): 5465520.333333333
harvester.getEnergyHarvestedKilowattHours(): 2183182.032778461
The y-int is 16
Energy harvested: 345906.21833333216
iGeneratingEnergyWhenGridNeedsEnergyMinutes =15282
iGeneratingEnergyWhenGridNeedsEnergyMinutes =15282
iUsingEnergyWhenGridNeedsEnergyMinutes =160
iGeneratingEnergyWhenGridHasExcessEnergyMinutes = 242
iUsingEnergyWhenGridHasExcessEnergyMinutes = 6
iIdleWhenGridDoesNotNeedEnergyMinutes = 45832
iIdleWhenGridNeedsEnergyMinutes = 4662965
iEnergyPriceIsZeroMinutes = 240
harvester.getEnergyHarvestedAVAILABLEKilowattHours( ): 5465520.333333333
harvester.getEnergyHarvestedKilowattHours(): 345906.21833333216
The y-int is 26
Energy harvested: 41983.933333333334
iGeneratingEnergyWhenGridNeedsEnergyMinutes =871
iGeneratingEnergyWhenGridNeedsEnergyMinutes =871
iUsingEnergyWhenGridNeedsEnergyMinutes =1
iGeneratingEnergyWhenGridHasExcessEnergyMinutes = 0
iUsingEnergyWhenGridHasExcessEnergyMinutes = 0
iIdleWhenGridDoesNotNeedEnergyMinutes = 46080
iIdleWhenGridNeedsEnergyMinutes = 4677535
iEnergyPriceIsZeroMinutes = 240
harvester.getEnergyHarvestedAVAILABLEKilowattHours( ): 5465520.333333333
harvester.getEnergyHarvestedKilowattHours(): 41983.933333333334
The y-int is 36
Energy harvested: 0.0
iGeneratingEnergyWhenGridNeedsEnergyMinutes =0
iGeneratingEnergyWhenGridNeedsEnergyMinutes =0
iUsingEnergyWhenGridNeedsEnergyMinutes =1
iGeneratingEnergyWhenGridHasExcessEnergyMinutes = 0
iUsingEnergyWhenGridHasExcessEnergyMinutes = 0
iIdleWhenGridDoesNotNeedEnergyMinutes = 46080
iIdleWhenGridNeedsEnergyMinutes = 4678406
iEnergyPriceIsZeroMinutes = 240
harvester.getEnergyHarvestedAVAILABLEKilowattHours( ): 5465520.333333333
harvester.getEnergyHarvestedKilowattHours(): 0.0
The running average is 121
The y-int is 6
Energy harvested: 2206714.1516673323
iGeneratingEnergyWhenGridNeedsEnergyMinutes =630207
iGeneratingEnergyWhenGridNeedsEnergyMinutes =630207
iUsingEnergyWhenGridNeedsEnergyMinutes =46423
iGeneratingEnergyWhenGridHasExcessEnergyMinutes = 1378
iUsingEnergyWhenGridHasExcessEnergyMinutes = 57
iIdleWhenGridDoesNotNeedEnergyMinutes = 44645
iIdleWhenGridNeedsEnergyMinutes = 4001777
iEnergyPriceIsZeroMinutes = 240
harvester.getEnergyHarvestedAVAILABLEKilowattHours( ): 5465520.333333333
harvester.getEnergyHarvestedKilowattHours(): 2206714.1516673323
The y-int is 16
Energy harvested: 329453.9688888874
iGeneratingEnergyWhenGridNeedsEnergyMinutes =14589
iGeneratingEnergyWhenGridNeedsEnergyMinutes =14589
iUsingEnergyWhenGridNeedsEnergyMinutes =161
iGeneratingEnergyWhenGridHasExcessEnergyMinutes = 213
iUsingEnergyWhenGridHasExcessEnergyMinutes = 0
iIdleWhenGridDoesNotNeedEnergyMinutes = 45867
iIdleWhenGridNeedsEnergyMinutes = 4663657
iEnergyPriceIsZeroMinutes = 240
harvester.getEnergyHarvestedAVAILABLEKilowattHours( ): 5465520.333333333
harvester.getEnergyHarvestedKilowattHours(): 329453.9688888874
The y-int is 26
Energy harvested: 41829.45
iGeneratingEnergyWhenGridNeedsEnergyMinutes =874
iGeneratingEnergyWhenGridNeedsEnergyMinutes =874
iUsingEnergyWhenGridNeedsEnergyMinutes =1
iGeneratingEnergyWhenGridHasExcessEnergyMinutes = 0
iUsingEnergyWhenGridHasExcessEnergyMinutes = 0
iIdleWhenGridDoesNotNeedEnergyMinutes = 46080
iIdleWhenGridNeedsEnergyMinutes = 4677532
iEnergyPriceIsZeroMinutes = 240
harvester.getEnergyHarvestedAVAILABLEKilowattHours( ): 5465520.333333333
harvester.getEnergyHarvestedKilowattHours(): 41829.45
The y-int is 36
Energy harvested: 0.0
iGeneratingEnergyWhenGridNeedsEnergyMinutes =0
iGeneratingEnergyWhenGridNeedsEnergyMinutes =0
iUsingEnergyWhenGridNeedsEnergyMinutes =1
iGeneratingEnergyWhenGridHasExcessEnergyMinutes = 0
iUsingEnergyWhenGridHasExcessEnergyMinutes = 0
iIdleWhenGridDoesNotNeedEnergyMinutes = 46080
iIdleWhenGridNeedsEnergyMinutes = 4678406
iEnergyPriceIsZeroMinutes = 240
harvester.getEnergyHarvestedAVAILABLEKilowattHours( ): 5465520.333333333
harvester.getEnergyHarvestedKilowattHours(): 0.0
Beginning testing mode:
station,&,y_intercept_for_month_1,&,running_average_size_minutes_for_month_1,&,y_intercept_for_month_2,&,running_average_size_minutes_for_month_2,&,y_intercept_for_month_3,&,running_average_size_minutes_for_month_3,&,y_intercept_for_month_4,&,running_average_size_minutes_for_month_4,&,y_intercept_for_month_5,&,running_average_size_minutes_for_month_5,&,y_intercept_for_month_6,&,running_average_size_minutes_for_month_6,&,y_intercept_for_month_7,&,running_average_size_minutes_for_month_7,&,y_intercept_for_month_8,&,running_average_size_minutes_for_month_8,&,y_intercept_for_month_9,&,running_average_size_minutes_for_month_9,&,y_intercept_for_month_10,&,running_average_size_minutes_for_month_10,&,y_intercept_for_month_11,&,running_average_size_minutes_for_month_11,&,y_intercept_for_month_12,&,running_average_size_minutes_for_month_12,&,dNetNorm,&,dMarketBalancePercentage,&,dMarketNetNorm,
results: KTPA,&,6,&,121,&,6,&,121,&,6,&,121,&,6,&,121,&,6,&,121,&,6,&,121,&,6,&,121,&,6,&,121,&,6,&,121,&,6,&,121,&,6,&,121,&,6,&,121,&,0.46913776520825834,&,0.8998761121747945,&,0.4221658682299791
monthly visible minutes:KTPA,&,2013,&,8664,&,8672,&,8672,&,8672,&,8672,&,8672,&,8672,&,8672,&,8454,&,8672,&,8672,&,8672,&,
monthly visible minutes:KTPA,&,2014,&,8662,&,8672,&,8672,&,8672,&,8672,&,8672,&,8672,&,8672,&,8672,&,8672,&,8672,&,8672,&,
monthly minutes harvester between states:KTPA,&,2013,&,821,&,912,&,874,&,874,&,798,&,912,&,981,&,1330,&,1102,&,1102,&,836,&,874,&,
monthly minutes harvester between states:KTPA,&,2014,&,758,&,988,&,874,&,684,&,684,&,874,&,1026,&,1075,&,1124,&,1026,&,798,&,912,&,
station,&,y_intercept_for_month_1,&,running_average_size_minutes_for_month_1,&,y_intercept_for_month_2,&,running_average_size_minutes_for_month_2,&,y_intercept_for_month_3,&,running_average_size_minutes_for_month_3,&,y_intercept_for_month_4,&,running_average_size_minutes_for_month_4,&,y_intercept_for_month_5,&,running_average_size_minutes_for_month_5,&,y_intercept_for_month_6,&,running_average_size_minutes_for_month_6,&,y_intercept_for_month_7,&,running_average_size_minutes_for_month_7,&,y_intercept_for_month_8,&,running_average_size_minutes_for_month_8,&,y_intercept_for_month_9,&,running_average_size_minutes_for_month_9,&,y_intercept_for_month_10,&,running_average_size_minutes_for_month_10,&,y_intercept_for_month_11,&,running_average_size_minutes_for_month_11,&,y_intercept_for_month_12,&,running_average_size_minutes_for_month_12,&,dNetNorm,&,dMarketBalancePercentage,&,dMarketNetNorm,
results: KTPA,&,6,&,121,&,6,&,121,&,6,&,121,&,6,&,121,&,6,&,121,&,6,&,121,&,6,&,121,&,6,&,121,&,6,&,121,&,6,&,121,&,6,&,121,&,6,&,121,&,0.46913776520825834,&,0.8998686038217517,&,0.4221623457780122
monthly visible minutes:KTPA,&,2013,&,8664,&,8672,&,8672,&,8672,&,8672,&,8672,&,8672,&,8672,&,8454,&,8672,&,8672,&,8672,&,
monthly visible minutes:KTPA,&,2014,&,8662,&,8672,&,8672,&,8672,&,8672,&,8672,&,8672,&,8672,&,8672,&,8672,&,8672,&,8672,&,
monthly minutes harvester between states:KTPA,&,2013,&,821,&,912,&,874,&,874,&,798,&,912,&,981,&,1330,&,1102,&,1102,&,836,&,874,&,
monthly minutes harvester between states:KTPA,&,2014,&,758,&,988,&,874,&,684,&,684,&,874,&,1026,&,1075,&,1124,&,1026,&,798,&,912,&,
