Station_argument: ALL
lambda: 0.9
bUseWeatherPrediction: false
bTransitionLimited: false
cAlgorithm: f
Station: KATL
abc: The current path is /home/guy/retractable-wind
I have found the property file.
The training windspeed filename is /trainingKATL2004-2012in.csv
The testing windspeed filename is /testingKATL2013-2014in.csv
Yes, the station is KATL
Warning: The bAlsoUsePrediction no longer has any effect
iUsedAllItsAllocatedVisibilityMinutesPerMonth: 8760
Visibility Allocation Minutes:8760
HARVESTER_SIZE_SQM is 6362
Reading file
Success: /Wind turbine power curves - wind turbine power output against wind speed in knots.csv found.
Speed (Knots) = Speed(knots) vs power (kW) , Power (kW) =V90
Speed (Knots) = 0 , Power (kW) =0
Speed (Knots) = 1 , Power (kW) =0
Speed (Knots) = 2 , Power (kW) =0
Speed (Knots) = 3 , Power (kW) =0
Speed (Knots) = 4 , Power (kW) =0
Speed (Knots) = 5 , Power (kW) =0
Speed (Knots) = 6 , Power (kW) =0
Speed (Knots) = 7 , Power (kW) =38
Speed (Knots) = 8 , Power (kW) =87
Speed (Knots) = 9 , Power (kW) =141
Speed (Knots) = 10 , Power (kW) =207
Speed (Knots) = 11 , Power (kW) =286
Speed (Knots) = 12 , Power (kW) =382
Speed (Knots) = 13 , Power (kW) =496
Speed (Knots) = 14 , Power (kW) =628
Speed (Knots) = 15 , Power (kW) =781
Speed (Knots) = 16 , Power (kW) =957
Speed (Knots) = 17 , Power (kW) =1153
Speed (Knots) = 18 , Power (kW) =1366
Speed (Knots) = 19 , Power (kW) =1589
Speed (Knots) = 20 , Power (kW) =1814
Speed (Knots) = 21 , Power (kW) =2035
Speed (Knots) = 22 , Power (kW) =2250
Speed (Knots) = 23 , Power (kW) =2452
Speed (Knots) = 24 , Power (kW) =2634
Speed (Knots) = 25 , Power (kW) =2784
Speed (Knots) = 26 , Power (kW) =2888
Speed (Knots) = 27 , Power (kW) =2949
Speed (Knots) = 28 , Power (kW) =2980
Speed (Knots) = 29 , Power (kW) =2993
Speed (Knots) = 30 , Power (kW) =3000
Speed (Knots) = 31 , Power (kW) =3000
Speed (Knots) = 32 , Power (kW) =3000
Speed (Knots) = 33 , Power (kW) =3000
Speed (Knots) = 34 , Power (kW) =3000
Speed (Knots) = 35 , Power (kW) =3000
Speed (Knots) = 36 , Power (kW) =3000
Speed (Knots) = 37 , Power (kW) =3000
Speed (Knots) = 38 , Power (kW) =3000
Speed (Knots) = 39 , Power (kW) =3000
Speed (Knots) = 40 , Power (kW) =3000
Speed (Knots) = 41 , Power (kW) =3000
Speed (Knots) = 42 , Power (kW) =3000
Speed (Knots) = 43 , Power (kW) =3000
Speed (Knots) = 44 , Power (kW) =3000
Speed (Knots) = 45 , Power (kW) =3000
Speed (Knots) = 46 , Power (kW) =3000
Speed (Knots) = 47 , Power (kW) =3000
Speed (Knots) = 48 , Power (kW) =3000
Speed (Knots) = 49 , Power (kW) =0
Speed (Knots) = 50 , Power (kW) =0
Speed (Knots) = 51 , Power (kW) =0
Speed (Knots) = 52 , Power (kW) =0
Speed (Knots) = 53 , Power (kW) =0
Speed (Knots) = 54 , Power (kW) =0
Speed (Knots) = 55 , Power (kW) =0
Speed (Knots) = 56 , Power (kW) =0
Speed (Knots) = 57 , Power (kW) =0
Speed (Knots) = 58 , Power (kW) =0
Speed (Knots) = 59 , Power (kW) =0
Speed (Knots) = 60 , Power (kW) =0
The scale is 1.0
Wind power at 10 knots in kilowatts is 207.0
Wind power in-cut-out test 0.0
Fuzzy
Class name:edu.pitt.cs.people.guy.wind.benchmarks.Fuzzy5
Success: /Noise_Allowed_Time_Definitions_All_Stations.csv found.
The station is the record is KATL
Success: /Noise_Allowed_Time_Definitions_All_Stations.csv found.
The station is the record is KATL
I have found the membership file for NOT WINDY.
Windspeed (knots) [0,1), Membership Value =1.00000000,1.0
Windspeed (knots) [1,2), Membership Value =0.99995286,0.99995285
Windspeed (knots) [2,3), Membership Value =0.99918496,0.99918497
Windspeed (knots) [3,4), Membership Value =0.99526788,0.99526787
Windspeed (knots) [4,5), Membership Value =0.98383125,0.9838312
Windspeed (knots) [5,6), Membership Value =0.95856363,0.9585636
Windspeed (knots) [6,7), Membership Value =0.91443277,0.91443276
Windspeed (knots) [7,8), Membership Value =0.85177112,0.8517711
Windspeed (knots) [8,9), Membership Value =0.77242385,0.77242386
Windspeed (knots) [9,10), Membership Value =0.68323756,0.68323755
Windspeed (knots) [10,11), Membership Value =0.58520864,0.58520865
Windspeed (knots) [11,12), Membership Value =0.48424525,0.48424524
Windspeed (knots) [12,13), Membership Value =0.38309361,0.3830936
Windspeed (knots) [13,14), Membership Value =0.28631783,0.28631783
Windspeed (knots) [14,15), Membership Value =0.19460303,0.19460303
Windspeed (knots) [15,16), Membership Value =0.11077827,0.11077827
Windspeed (knots) [16,17), Membership Value =0.03581045,0.03581045
Windspeed (knots) [17,18), Membership Value =0.00000000,0.0
Windspeed (knots) [18,19), Membership Value =0.00000000,0.0
Windspeed (knots) [19,20), Membership Value =0.00000000,0.0
Windspeed (knots) [20,21), Membership Value =0.00000000,0.0
Windspeed (knots) [21,22), Membership Value =0.00000000,0.0
Windspeed (knots) [22,23), Membership Value =0.00000000,0.0
Windspeed (knots) [23,24), Membership Value =0.00000000,0.0
Windspeed (knots) [24,25), Membership Value =0.00000000,0.0
Windspeed (knots) [25,26), Membership Value =0.00000000,0.0
Windspeed (knots) [26,27), Membership Value =0.00000000,0.0
Windspeed (knots) [27,28), Membership Value =0.00000000,0.0
Windspeed (knots) [28,29), Membership Value =0.00000000,0.0
Windspeed (knots) [29,30), Membership Value =0.00000000,0.0
Windspeed (knots) [30,31), Membership Value =0.00000000,0.0
Windspeed (knots) [31,32), Membership Value =0.00000000,0.0
Windspeed (knots) [32,33), Membership Value =0.00000000,0.0
Windspeed (knots) [33,34), Membership Value =0.00000000,0.0
Windspeed (knots) [34,35), Membership Value =0.00000000,0.0
Windspeed (knots) [35,36), Membership Value =0.00000000,0.0
Windspeed (knots) [36,37), Membership Value =0.00000000,0.0
Windspeed (knots) [37,38), Membership Value =0.00000000,0.0
Windspeed (knots) [38,39), Membership Value =0.00000000,0.0
Windspeed (knots) [39,40), Membership Value =0.00000000,0.0
Windspeed (knots) [40,41), Membership Value =0.00000000,0.0
Windspeed (knots) [41,42), Membership Value =0.00000000,0.0
Windspeed (knots) [42,43), Membership Value =0.00000000,0.0
Windspeed (knots) [43,44), Membership Value =0.00000000,0.0
Windspeed (knots) [44,45), Membership Value =0.00000000,0.0
Windspeed (knots) [45,46), Membership Value =0.00000000,0.0
Windspeed (knots) [46,47), Membership Value =0.00000000,0.0
Windspeed (knots) [47,48), Membership Value =0.00000000,0.0
Windspeed (knots) [48,49), Membership Value =0.00000000,0.0
Windspeed (knots) [49,50), Membership Value =0.00000000,0.0
Windspeed (knots) [50,51), Membership Value =0.00000000,0.0
Windspeed (knots) [51,52), Membership Value =0.00000000,0.0
Windspeed (knots) [52,53), Membership Value =0.00000000,0.0
Windspeed (knots) [53,54), Membership Value =0.00000000,0.0
Windspeed (knots) [54,55), Membership Value =0.00000000,0.0
Windspeed (knots) [55,56), Membership Value =0.00000000,0.0
Windspeed (knots) [56,57), Membership Value =0.00000000,0.0
Windspeed (knots) [57,58), Membership Value =0.00000000,0.0
Windspeed (knots) [58,59), Membership Value =0.00000000,0.0
Windspeed (knots) [59,60), Membership Value =0.00000000,0.0
Windspeed (knots) [60,61), Membership Value =0.00000000,0.0
Windspeed (knots) [61,62), Membership Value =0.00000000,0.0
Windspeed (knots) [62,63), Membership Value =0.00000000,0.0
Windspeed (knots) [63,64), Membership Value =0.00000000,0.0
Windspeed (knots) [64,65), Membership Value =0.00000000,0.0
Windspeed (knots) [65,66), Membership Value =0.00000000,0.0
Windspeed (knots) [66,67), Membership Value =0.00000000,0.0
Windspeed (knots) [67,68), Membership Value =0.00000000,0.0
Windspeed (knots) [68,69), Membership Value =0.00000000,0.0
Windspeed (knots) [69,70), Membership Value =0.00000000,0.0
Windspeed (knots) [70,71), Membership Value =0.00000000,0.0
Windspeed (knots) [71,72), Membership Value =0.00000000,0.0
Windspeed (knots) [72,73), Membership Value =0.00000000,0.0
Windspeed (knots) [73,74), Membership Value =0.00000000,0.0
Windspeed (knots) [74,75), Membership Value =0.00000000,0.0
Windspeed (knots) [75,76), Membership Value =0.00000000,0.0
Windspeed (knots) [76,77), Membership Value =0.00000000,0.0
Windspeed (knots) [77,78), Membership Value =0.00000000,0.0
Windspeed (knots) [78,79), Membership Value =0.00000000,0.0
Windspeed (knots) [79,80), Membership Value =0.00000000,0.0
Windspeed (knots) [80,81), Membership Value =0.00000000,0.0
Windspeed (knots) [81,82), Membership Value =0.00000000,0.0
Windspeed (knots) [82,83), Membership Value =0.00000000,0.0
Windspeed (knots) [83,84), Membership Value =0.00000000,0.0
Windspeed (knots) [84,85), Membership Value =0.00000000,0.0
Windspeed (knots) [85,86), Membership Value =0.00000000,0.0
Windspeed (knots) [86,87), Membership Value =0.00000000,0.0
Windspeed (knots) [87,88), Membership Value =0.00000000,0.0
Windspeed (knots) [88,89), Membership Value =0.00000000,0.0
Windspeed (knots) [89,90), Membership Value =0.00000000,0.0
Windspeed (knots) [90,91), Membership Value =0.00000000,0.0
Windspeed (knots) [91,92), Membership Value =0.00000000,0.0
Windspeed (knots) [92,93), Membership Value =0.00000000,0.0
Windspeed (knots) [93,94), Membership Value =0.00000000,0.0
Windspeed (knots) [94,95), Membership Value =0.00000000,0.0
Windspeed (knots) [95,96), Membership Value =0.00000000,0.0
Windspeed (knots) [96,97), Membership Value =0.00000000,0.0
Windspeed (knots) [97,98), Membership Value =0.00000000,0.0
Windspeed (knots) [98,99), Membership Value =0.00000000,0.0
Windspeed (knots) [99,100), Membership Value =0.00000000,0.0
Windspeed (knots) [100,101), Membership Value =0.00000000,0.0
Windspeed (knots) [101,102), Membership Value =0.00000000,0.0
Windspeed (knots) [102,103), Membership Value =0.00000000,0.0
Windspeed (knots) [103,104), Membership Value =0.00000000,0.0
Windspeed (knots) [104,105), Membership Value =0.00000000,0.0
Windspeed (knots) [105,106), Membership Value =0.00000000,0.0
Windspeed (knots) [106,107), Membership Value =0.00000000,0.0
Windspeed (knots) [107,108), Membership Value =0.00000000,0.0
Windspeed (knots) [108,109), Membership Value =0.00000000,0.0
Windspeed (knots) [109,110), Membership Value =0.00000000,0.0
Windspeed (knots) [110,111), Membership Value =0.00000000,0.0
Windspeed (knots) [111,112), Membership Value =0.00000000,0.0
Windspeed (knots) [112,113), Membership Value =0.00000000,0.0
Windspeed (knots) [113,114), Membership Value =0.00000000,0.0
Windspeed (knots) [114,115), Membership Value =0.00000000,0.0
Windspeed (knots) [115,116), Membership Value =0.00000000,0.0
Windspeed (knots) [116,117), Membership Value =0.00000000,0.0
Windspeed (knots) [117,118), Membership Value =0.00000000,0.0
Windspeed (knots) [118,119), Membership Value =0.00000000,0.0
Windspeed (knots) [119,120), Membership Value =0.00000000,0.0
Windspeed (knots) [120,121), Membership Value =0.00000000,0.0
Windspeed (knots) [121,122), Membership Value =0.00000000,0.0
Windspeed (knots) [122,123), Membership Value =0.00000000,0.0
Windspeed (knots) [123,124), Membership Value =0.00000000,0.0
Windspeed (knots) [124,125), Membership Value =0.00000000,0.0
LowestWindspeedThatIsWindyKnots for station KATL is 7 knots.
Transition limited :false
bUseWeatherPrediction: false
The running average is 1
The membership_value_deployment_threshold is 0.5
Energy harvested: 4951052.545827697
iGeneratingEnergyWhenGridNeedsEnergyMinutes =684614
iGeneratingEnergyWhenGridNeedsEnergyMinutes =684614
iUsingEnergyWhenGridNeedsEnergyMinutes =80513
iGeneratingEnergyWhenGridHasExcessEnergyMinutes = 1964
iUsingEnergyWhenGridHasExcessEnergyMinutes = 111
iIdleWhenGridDoesNotNeedEnergyMinutes = 44005
iIdleWhenGridNeedsEnergyMinutes = 3921941
iEnergyPriceIsZeroMinutes = 240
harvester.getEnergyHarvestedAVAILABLEKilowattHours( ): 1.1081643733333332E7
harvester.getEnergyHarvestedKilowattHours(): 4951052.545827697
The running average is 31
The membership_value_deployment_threshold is 0.5
Energy harvested: 4993162.63305373
iGeneratingEnergyWhenGridNeedsEnergyMinutes =600781
iGeneratingEnergyWhenGridNeedsEnergyMinutes =600781
iUsingEnergyWhenGridNeedsEnergyMinutes =25902
iGeneratingEnergyWhenGridHasExcessEnergyMinutes = 2270
iUsingEnergyWhenGridHasExcessEnergyMinutes = 54
iIdleWhenGridDoesNotNeedEnergyMinutes = 43756
iIdleWhenGridNeedsEnergyMinutes = 4060385
iEnergyPriceIsZeroMinutes = 240
harvester.getEnergyHarvestedAVAILABLEKilowattHours( ): 1.1081643733333332E7
harvester.getEnergyHarvestedKilowattHours(): 4993162.63305373
The running average is 61
The membership_value_deployment_threshold is 0.5
Energy harvested: 4841226.617776012
iGeneratingEnergyWhenGridNeedsEnergyMinutes =561033
iGeneratingEnergyWhenGridNeedsEnergyMinutes =561033
iUsingEnergyWhenGridNeedsEnergyMinutes =21984
iGeneratingEnergyWhenGridHasExcessEnergyMinutes = 2102
iUsingEnergyWhenGridHasExcessEnergyMinutes = 35
iIdleWhenGridDoesNotNeedEnergyMinutes = 43943
iIdleWhenGridNeedsEnergyMinutes = 4104051
iEnergyPriceIsZeroMinutes = 240
harvester.getEnergyHarvestedAVAILABLEKilowattHours( ): 1.1081643733333332E7
harvester.getEnergyHarvestedKilowattHours(): 4841226.617776012
The running average is 91
The membership_value_deployment_threshold is 0.5
Energy harvested: 4727914.9622204285
iGeneratingEnergyWhenGridNeedsEnergyMinutes =528702
iGeneratingEnergyWhenGridNeedsEnergyMinutes =528702
iUsingEnergyWhenGridNeedsEnergyMinutes =19577
iGeneratingEnergyWhenGridHasExcessEnergyMinutes = 2077
iUsingEnergyWhenGridHasExcessEnergyMinutes = 35
iIdleWhenGridDoesNotNeedEnergyMinutes = 43968
iIdleWhenGridNeedsEnergyMinutes = 4138789
iEnergyPriceIsZeroMinutes = 240
harvester.getEnergyHarvestedAVAILABLEKilowattHours( ): 1.1081643733333332E7
harvester.getEnergyHarvestedKilowattHours(): 4727914.9622204285
The running average is 121
The membership_value_deployment_threshold is 0.5
Energy harvested: 4606320.857220214
iGeneratingEnergyWhenGridNeedsEnergyMinutes =502315
iGeneratingEnergyWhenGridNeedsEnergyMinutes =502315
iUsingEnergyWhenGridNeedsEnergyMinutes =17828
iGeneratingEnergyWhenGridHasExcessEnergyMinutes = 2060
iUsingEnergyWhenGridHasExcessEnergyMinutes = 50
iIdleWhenGridDoesNotNeedEnergyMinutes = 43970
iIdleWhenGridNeedsEnergyMinutes = 4166925
iEnergyPriceIsZeroMinutes = 240
harvester.getEnergyHarvestedAVAILABLEKilowattHours( ): 1.1081643733333332E7
harvester.getEnergyHarvestedKilowattHours(): 4606320.857220214
Beginning testing mode:
station,&,deployment_membership_value_threshold_array_for_month_1,&,running_average_size_minutes_for_month_1,&,deployment_membership_value_threshold_array_for_month_2,&,running_average_size_minutes_for_month_2,&,deployment_membership_value_threshold_array_for_month_3,&,running_average_size_minutes_for_month_3,&,deployment_membership_value_threshold_array_for_month_4,&,running_average_size_minutes_for_month_4,&,deployment_membership_value_threshold_array_for_month_5,&,running_average_size_minutes_for_month_5,&,deployment_membership_value_threshold_array_for_month_6,&,running_average_size_minutes_for_month_6,&,deployment_membership_value_threshold_array_for_month_7,&,running_average_size_minutes_for_month_7,&,deployment_membership_value_threshold_array_for_month_8,&,running_average_size_minutes_for_month_8,&,deployment_membership_value_threshold_array_for_month_9,&,running_average_size_minutes_for_month_9,&,deployment_membership_value_threshold_array_for_month_10,&,running_average_size_minutes_for_month_10,&,deployment_membership_value_threshold_array_for_month_11,&,running_average_size_minutes_for_month_11,&,deployment_membership_value_threshold_array_for_month_12,&,running_average_size_minutes_for_month_12,&,dNetNorm,&,dMarketBalancePercentage,&,dMarketNetNorm,
results: KATL,&,0.5,&,61,&,0.5,&,1,&,0.5,&,31,&,0.5,&,121,&,0.5,&,31,&,0.5,&,1,&,0.5,&,1,&,0.5,&,1,&,0.5,&,121,&,0.5,&,91,&,0.5,&,61,&,0.5,&,121,&,0.39509633704078945,&,0.9320316099082179,&,0.36824227508096685
monthly visible minutes:KATL,&,2013,&,7092,&,8248,&,8672,&,8058,&,5749,&,1385,&,670,&,1552,&,1740,&,4278,&,8165,&,6475,&,
monthly visible minutes:KATL,&,2014,&,8672,&,8672,&,8672,&,8672,&,4418,&,3037,&,3489,&,2555,&,3640,&,2692,&,6976,&,4478,&,
monthly minutes harvester between states:KATL,&,2013,&,570,&,1458,&,684,&,633,&,563,&,738,&,567,&,481,&,190,&,304,&,608,&,532,&,
monthly minutes harvester between states:KATL,&,2014,&,722,&,1209,&,684,&,570,&,380,&,1397,&,1357,&,1272,&,266,&,266,&,494,&,418,&,
FuzzyVsCrisp: KATL,1,true,true
station,&,deployment_membership_value_threshold_array_for_month_1,&,running_average_size_minutes_for_month_1,&,deployment_membership_value_threshold_array_for_month_2,&,running_average_size_minutes_for_month_2,&,deployment_membership_value_threshold_array_for_month_3,&,running_average_size_minutes_for_month_3,&,deployment_membership_value_threshold_array_for_month_4,&,running_average_size_minutes_for_month_4,&,deployment_membership_value_threshold_array_for_month_5,&,running_average_size_minutes_for_month_5,&,deployment_membership_value_threshold_array_for_month_6,&,running_average_size_minutes_for_month_6,&,deployment_membership_value_threshold_array_for_month_7,&,running_average_size_minutes_for_month_7,&,deployment_membership_value_threshold_array_for_month_8,&,running_average_size_minutes_for_month_8,&,deployment_membership_value_threshold_array_for_month_9,&,running_average_size_minutes_for_month_9,&,deployment_membership_value_threshold_array_for_month_10,&,running_average_size_minutes_for_month_10,&,deployment_membership_value_threshold_array_for_month_11,&,running_average_size_minutes_for_month_11,&,deployment_membership_value_threshold_array_for_month_12,&,running_average_size_minutes_for_month_12,&,dNetNorm,&,dMarketBalancePercentage,&,dMarketNetNorm,
results: KATL,&,0.5,&,61,&,0.5,&,31,&,0.5,&,31,&,0.5,&,121,&,0.5,&,31,&,0.5,&,1,&,0.5,&,1,&,0.5,&,31,&,0.5,&,121,&,0.5,&,91,&,0.5,&,61,&,0.5,&,121,&,0.4049912682583549,&,0.9429431734820957,&,0.3818837517240719
monthly visible minutes:KATL,&,2013,&,7092,&,8248,&,8672,&,8058,&,5749,&,1385,&,670,&,1552,&,1740,&,4278,&,8165,&,6475,&,
monthly visible minutes:KATL,&,2014,&,8672,&,8672,&,8672,&,8672,&,4418,&,3037,&,3489,&,2555,&,3640,&,2692,&,6976,&,4478,&,
monthly minutes harvester between states:KATL,&,2013,&,570,&,1458,&,684,&,633,&,563,&,738,&,567,&,481,&,190,&,304,&,608,&,532,&,
monthly minutes harvester between states:KATL,&,2014,&,722,&,1209,&,684,&,570,&,380,&,1397,&,1357,&,1272,&,266,&,266,&,494,&,418,&,
FuzzyVsCrisp: KATL,1,true,true
Station: KBOS
abc: The current path is /home/guy/retractable-wind
I have found the property file.
The training windspeed filename is /trainingKBOS2004-2012in.csv
The testing windspeed filename is /testingKBOS2013-2014in.csv
Yes, the station is KBOS
Warning: The bAlsoUsePrediction no longer has any effect
iUsedAllItsAllocatedVisibilityMinutesPerMonth: 8760
Visibility Allocation Minutes:8760
HARVESTER_SIZE_SQM is 6362
Reading file
Success: /Wind turbine power curves - wind turbine power output against wind speed in knots.csv found.
Speed (Knots) = Speed(knots) vs power (kW) , Power (kW) =V90
Speed (Knots) = 0 , Power (kW) =0
Speed (Knots) = 1 , Power (kW) =0
Speed (Knots) = 2 , Power (kW) =0
Speed (Knots) = 3 , Power (kW) =0
Speed (Knots) = 4 , Power (kW) =0
Speed (Knots) = 5 , Power (kW) =0
Speed (Knots) = 6 , Power (kW) =0
Speed (Knots) = 7 , Power (kW) =38
Speed (Knots) = 8 , Power (kW) =87
Speed (Knots) = 9 , Power (kW) =141
Speed (Knots) = 10 , Power (kW) =207
Speed (Knots) = 11 , Power (kW) =286
Speed (Knots) = 12 , Power (kW) =382
Speed (Knots) = 13 , Power (kW) =496
Speed (Knots) = 14 , Power (kW) =628
Speed (Knots) = 15 , Power (kW) =781
Speed (Knots) = 16 , Power (kW) =957
Speed (Knots) = 17 , Power (kW) =1153
Speed (Knots) = 18 , Power (kW) =1366
Speed (Knots) = 19 , Power (kW) =1589
Speed (Knots) = 20 , Power (kW) =1814
Speed (Knots) = 21 , Power (kW) =2035
Speed (Knots) = 22 , Power (kW) =2250
Speed (Knots) = 23 , Power (kW) =2452
Speed (Knots) = 24 , Power (kW) =2634
Speed (Knots) = 25 , Power (kW) =2784
Speed (Knots) = 26 , Power (kW) =2888
Speed (Knots) = 27 , Power (kW) =2949
Speed (Knots) = 28 , Power (kW) =2980
Speed (Knots) = 29 , Power (kW) =2993
Speed (Knots) = 30 , Power (kW) =3000
Speed (Knots) = 31 , Power (kW) =3000
Speed (Knots) = 32 , Power (kW) =3000
Speed (Knots) = 33 , Power (kW) =3000
Speed (Knots) = 34 , Power (kW) =3000
Speed (Knots) = 35 , Power (kW) =3000
Speed (Knots) = 36 , Power (kW) =3000
Speed (Knots) = 37 , Power (kW) =3000
Speed (Knots) = 38 , Power (kW) =3000
Speed (Knots) = 39 , Power (kW) =3000
Speed (Knots) = 40 , Power (kW) =3000
Speed (Knots) = 41 , Power (kW) =3000
Speed (Knots) = 42 , Power (kW) =3000
Speed (Knots) = 43 , Power (kW) =3000
Speed (Knots) = 44 , Power (kW) =3000
Speed (Knots) = 45 , Power (kW) =3000
Speed (Knots) = 46 , Power (kW) =3000
Speed (Knots) = 47 , Power (kW) =3000
Speed (Knots) = 48 , Power (kW) =3000
Speed (Knots) = 49 , Power (kW) =0
Speed (Knots) = 50 , Power (kW) =0
Speed (Knots) = 51 , Power (kW) =0
Speed (Knots) = 52 , Power (kW) =0
Speed (Knots) = 53 , Power (kW) =0
Speed (Knots) = 54 , Power (kW) =0
Speed (Knots) = 55 , Power (kW) =0
Speed (Knots) = 56 , Power (kW) =0
Speed (Knots) = 57 , Power (kW) =0
Speed (Knots) = 58 , Power (kW) =0
Speed (Knots) = 59 , Power (kW) =0
Speed (Knots) = 60 , Power (kW) =0
The scale is 1.0
Wind power at 10 knots in kilowatts is 207.0
Wind power in-cut-out test 0.0
Fuzzy
Class name:edu.pitt.cs.people.guy.wind.benchmarks.Fuzzy5
Success: /Noise_Allowed_Time_Definitions_All_Stations.csv found.
The station is the record is KBOS
Success: /Noise_Allowed_Time_Definitions_All_Stations.csv found.
The station is the record is KBOS
I have found the membership file for NOT WINDY.
Windspeed (knots) [0,1), Membership Value =1.00000000,1.0
Windspeed (knots) [1,2), Membership Value =0.99999164,0.99999166
Windspeed (knots) [2,3), Membership Value =0.99985340,0.9998534
Windspeed (knots) [3,4), Membership Value =0.99903368,0.9990337
Windspeed (knots) [4,5), Membership Value =0.99619593,0.9961959
Windspeed (knots) [5,6), Membership Value =0.98905971,0.9890597
Windspeed (knots) [6,7), Membership Value =0.97423011,0.9742301
Windspeed (knots) [7,8), Membership Value =0.94819371,0.9481937
Windspeed (knots) [8,9), Membership Value =0.90716984,0.9071698
Windspeed (knots) [9,10), Membership Value =0.85117041,0.8511704
Windspeed (knots) [10,11), Membership Value =0.78185869,0.7818587
Windspeed (knots) [11,12), Membership Value =0.70042207,0.70042205
Windspeed (knots) [12,13), Membership Value =0.61073236,0.6107324
Windspeed (knots) [13,14), Membership Value =0.51685881,0.5168588
Windspeed (knots) [14,15), Membership Value =0.42111941,0.42111942
Windspeed (knots) [15,16), Membership Value =0.32985274,0.32985273
Windspeed (knots) [16,17), Membership Value =0.24340895,0.24340895
Windspeed (knots) [17,18), Membership Value =0.16532034,0.16532034
Windspeed (knots) [18,19), Membership Value =0.09647823,0.09647823
Windspeed (knots) [19,20), Membership Value =0.03608529,0.03608529
Windspeed (knots) [20,21), Membership Value =0.00000000,0.0
Windspeed (knots) [21,22), Membership Value =0.00000000,0.0
Windspeed (knots) [22,23), Membership Value =0.00000000,0.0
Windspeed (knots) [23,24), Membership Value =0.00000000,0.0
Windspeed (knots) [24,25), Membership Value =0.00000000,0.0
Windspeed (knots) [25,26), Membership Value =0.00000000,0.0
Windspeed (knots) [26,27), Membership Value =0.00000000,0.0
Windspeed (knots) [27,28), Membership Value =0.00000000,0.0
Windspeed (knots) [28,29), Membership Value =0.00000000,0.0
Windspeed (knots) [29,30), Membership Value =0.00000000,0.0
Windspeed (knots) [30,31), Membership Value =0.00000000,0.0
Windspeed (knots) [31,32), Membership Value =0.00000000,0.0
Windspeed (knots) [32,33), Membership Value =0.00000000,0.0
Windspeed (knots) [33,34), Membership Value =0.00000000,0.0
Windspeed (knots) [34,35), Membership Value =0.00000000,0.0
Windspeed (knots) [35,36), Membership Value =0.00000000,0.0
Windspeed (knots) [36,37), Membership Value =0.00000000,0.0
Windspeed (knots) [37,38), Membership Value =0.00000000,0.0
Windspeed (knots) [38,39), Membership Value =0.00000000,0.0
Windspeed (knots) [39,40), Membership Value =0.00000000,0.0
Windspeed (knots) [40,41), Membership Value =0.00000000,0.0
Windspeed (knots) [41,42), Membership Value =0.00000000,0.0
Windspeed (knots) [42,43), Membership Value =0.00000000,0.0
Windspeed (knots) [43,44), Membership Value =0.00000000,0.0
Windspeed (knots) [44,45), Membership Value =0.00000000,0.0
Windspeed (knots) [45,46), Membership Value =0.00000000,0.0
Windspeed (knots) [46,47), Membership Value =0.00000000,0.0
Windspeed (knots) [47,48), Membership Value =0.00000000,0.0
Windspeed (knots) [48,49), Membership Value =0.00000000,0.0
Windspeed (knots) [49,50), Membership Value =0.00000000,0.0
Windspeed (knots) [50,51), Membership Value =0.00000000,0.0
Windspeed (knots) [51,52), Membership Value =0.00000000,0.0
Windspeed (knots) [52,53), Membership Value =0.00000000,0.0
Windspeed (knots) [53,54), Membership Value =0.00000000,0.0
Windspeed (knots) [54,55), Membership Value =0.00000000,0.0
Windspeed (knots) [55,56), Membership Value =0.00000000,0.0
Windspeed (knots) [56,57), Membership Value =0.00000000,0.0
Windspeed (knots) [57,58), Membership Value =0.00000000,0.0
Windspeed (knots) [58,59), Membership Value =0.00000000,0.0
Windspeed (knots) [59,60), Membership Value =0.00000000,0.0
Windspeed (knots) [60,61), Membership Value =0.00000000,0.0
Windspeed (knots) [61,62), Membership Value =0.00000000,0.0
Windspeed (knots) [62,63), Membership Value =0.00000000,0.0
Windspeed (knots) [63,64), Membership Value =0.00000000,0.0
Windspeed (knots) [64,65), Membership Value =0.00000000,0.0
Windspeed (knots) [65,66), Membership Value =0.00000000,0.0
Windspeed (knots) [66,67), Membership Value =0.00000000,0.0
Windspeed (knots) [67,68), Membership Value =0.00000000,0.0
Windspeed (knots) [68,69), Membership Value =0.00000000,0.0
Windspeed (knots) [69,70), Membership Value =0.00000000,0.0
Windspeed (knots) [70,71), Membership Value =0.00000000,0.0
Windspeed (knots) [71,72), Membership Value =0.00000000,0.0
Windspeed (knots) [72,73), Membership Value =0.00000000,0.0
Windspeed (knots) [73,74), Membership Value =0.00000000,0.0
Windspeed (knots) [74,75), Membership Value =0.00000000,0.0
Windspeed (knots) [75,76), Membership Value =0.00000000,0.0
Windspeed (knots) [76,77), Membership Value =0.00000000,0.0
Windspeed (knots) [77,78), Membership Value =0.00000000,0.0
Windspeed (knots) [78,79), Membership Value =0.00000000,0.0
Windspeed (knots) [79,80), Membership Value =0.00000000,0.0
Windspeed (knots) [80,81), Membership Value =0.00000000,0.0
Windspeed (knots) [81,82), Membership Value =0.00000000,0.0
Windspeed (knots) [82,83), Membership Value =0.00000000,0.0
Windspeed (knots) [83,84), Membership Value =0.00000000,0.0
Windspeed (knots) [84,85), Membership Value =0.00000000,0.0
Windspeed (knots) [85,86), Membership Value =0.00000000,0.0
Windspeed (knots) [86,87), Membership Value =0.00000000,0.0
Windspeed (knots) [87,88), Membership Value =0.00000000,0.0
Windspeed (knots) [88,89), Membership Value =0.00000000,0.0
Windspeed (knots) [89,90), Membership Value =0.00000000,0.0
Windspeed (knots) [90,91), Membership Value =0.00000000,0.0
Windspeed (knots) [91,92), Membership Value =0.00000000,0.0
Windspeed (knots) [92,93), Membership Value =0.00000000,0.0
Windspeed (knots) [93,94), Membership Value =0.00000000,0.0
Windspeed (knots) [94,95), Membership Value =0.00000000,0.0
Windspeed (knots) [95,96), Membership Value =0.00000000,0.0
Windspeed (knots) [96,97), Membership Value =0.00000000,0.0
Windspeed (knots) [97,98), Membership Value =0.00000000,0.0
Windspeed (knots) [98,99), Membership Value =0.00000000,0.0
Windspeed (knots) [99,100), Membership Value =0.00000000,0.0
Windspeed (knots) [100,101), Membership Value =0.00000000,0.0
Windspeed (knots) [101,102), Membership Value =0.00000000,0.0
Windspeed (knots) [102,103), Membership Value =0.00000000,0.0
Windspeed (knots) [103,104), Membership Value =0.00000000,0.0
Windspeed (knots) [104,105), Membership Value =0.00000000,0.0
Windspeed (knots) [105,106), Membership Value =0.00000000,0.0
Windspeed (knots) [106,107), Membership Value =0.00000000,0.0
Windspeed (knots) [107,108), Membership Value =0.00000000,0.0
Windspeed (knots) [108,109), Membership Value =0.00000000,0.0
Windspeed (knots) [109,110), Membership Value =0.00000000,0.0
Windspeed (knots) [110,111), Membership Value =0.00000000,0.0
Windspeed (knots) [111,112), Membership Value =0.00000000,0.0
Windspeed (knots) [112,113), Membership Value =0.00000000,0.0
Windspeed (knots) [113,114), Membership Value =0.00000000,0.0
Windspeed (knots) [114,115), Membership Value =0.00000000,0.0
Windspeed (knots) [115,116), Membership Value =0.00000000,0.0
Windspeed (knots) [116,117), Membership Value =0.00000000,0.0
Windspeed (knots) [117,118), Membership Value =0.00000000,0.0
Windspeed (knots) [118,119), Membership Value =0.00000000,0.0
Windspeed (knots) [119,120), Membership Value =0.00000000,0.0
Windspeed (knots) [120,121), Membership Value =0.00000000,0.0
Windspeed (knots) [121,122), Membership Value =0.00000000,0.0
Windspeed (knots) [122,123), Membership Value =0.00000000,0.0
Windspeed (knots) [123,124), Membership Value =0.00000000,0.0
Windspeed (knots) [124,125), Membership Value =0.00000000,0.0
LowestWindspeedThatIsWindyKnots for station KBOS is 9 knots.
Transition limited :false
bUseWeatherPrediction: false
The running average is 1
The membership_value_deployment_threshold is 0.5
Energy harvested: 7977912.329446575
iGeneratingEnergyWhenGridNeedsEnergyMinutes =604668
iGeneratingEnergyWhenGridNeedsEnergyMinutes =604668
iUsingEnergyWhenGridNeedsEnergyMinutes =35750
iGeneratingEnergyWhenGridHasExcessEnergyMinutes = 728
iUsingEnergyWhenGridHasExcessEnergyMinutes = 51
iIdleWhenGridDoesNotNeedEnergyMinutes = 45301
iIdleWhenGridNeedsEnergyMinutes = 4047981
iEnergyPriceIsZeroMinutes = 240
harvester.getEnergyHarvestedAVAILABLEKilowattHours( ): 2.462576615E7
harvester.getEnergyHarvestedKilowattHours(): 7977912.329446575
The running average is 31
The membership_value_deployment_threshold is 0.5
Energy harvested: 6960948.873055818
iGeneratingEnergyWhenGridNeedsEnergyMinutes =460177
iGeneratingEnergyWhenGridNeedsEnergyMinutes =460177
iUsingEnergyWhenGridNeedsEnergyMinutes =9273
iGeneratingEnergyWhenGridHasExcessEnergyMinutes = 746
iUsingEnergyWhenGridHasExcessEnergyMinutes = 13
iIdleWhenGridDoesNotNeedEnergyMinutes = 45321
iIdleWhenGridNeedsEnergyMinutes = 4218949
iEnergyPriceIsZeroMinutes = 240
harvester.getEnergyHarvestedAVAILABLEKilowattHours( ): 2.462576615E7
harvester.getEnergyHarvestedKilowattHours(): 6960948.873055818
The running average is 61
The membership_value_deployment_threshold is 0.5
Energy harvested: 6524746.235000166
iGeneratingEnergyWhenGridNeedsEnergyMinutes =411146
iGeneratingEnergyWhenGridNeedsEnergyMinutes =411146
iUsingEnergyWhenGridNeedsEnergyMinutes =6450
iGeneratingEnergyWhenGridHasExcessEnergyMinutes = 580
iUsingEnergyWhenGridHasExcessEnergyMinutes = 0
iIdleWhenGridDoesNotNeedEnergyMinutes = 45500
iIdleWhenGridNeedsEnergyMinutes = 4270803
iEnergyPriceIsZeroMinutes = 240
harvester.getEnergyHarvestedAVAILABLEKilowattHours( ): 2.462576615E7
harvester.getEnergyHarvestedKilowattHours(): 6524746.235000166
The running average is 91
The membership_value_deployment_threshold is 0.5
Energy harvested: 6257186.581944546
iGeneratingEnergyWhenGridNeedsEnergyMinutes =386378
iGeneratingEnergyWhenGridNeedsEnergyMinutes =386378
iUsingEnergyWhenGridNeedsEnergyMinutes =5552
iGeneratingEnergyWhenGridHasExcessEnergyMinutes = 582
iUsingEnergyWhenGridHasExcessEnergyMinutes = 0
iIdleWhenGridDoesNotNeedEnergyMinutes = 45498
iIdleWhenGridNeedsEnergyMinutes = 4296469
iEnergyPriceIsZeroMinutes = 240
harvester.getEnergyHarvestedAVAILABLEKilowattHours( ): 2.462576615E7
harvester.getEnergyHarvestedKilowattHours(): 6257186.581944546
The running average is 121
The membership_value_deployment_threshold is 0.5
Energy harvested: 5995656.0844444055
iGeneratingEnergyWhenGridNeedsEnergyMinutes =362342
iGeneratingEnergyWhenGridNeedsEnergyMinutes =362342
iUsingEnergyWhenGridNeedsEnergyMinutes =4984
iGeneratingEnergyWhenGridHasExcessEnergyMinutes = 577
iUsingEnergyWhenGridHasExcessEnergyMinutes = 0
iIdleWhenGridDoesNotNeedEnergyMinutes = 45503
iIdleWhenGridNeedsEnergyMinutes = 4321073
iEnergyPriceIsZeroMinutes = 240
harvester.getEnergyHarvestedAVAILABLEKilowattHours( ): 2.462576615E7
harvester.getEnergyHarvestedKilowattHours(): 5995656.0844444055
Beginning testing mode:
station,&,deployment_membership_value_threshold_array_for_month_1,&,running_average_size_minutes_for_month_1,&,deployment_membership_value_threshold_array_for_month_2,&,running_average_size_minutes_for_month_2,&,deployment_membership_value_threshold_array_for_month_3,&,running_average_size_minutes_for_month_3,&,deployment_membership_value_threshold_array_for_month_4,&,running_average_size_minutes_for_month_4,&,deployment_membership_value_threshold_array_for_month_5,&,running_average_size_minutes_for_month_5,&,deployment_membership_value_threshold_array_for_month_6,&,running_average_size_minutes_for_month_6,&,deployment_membership_value_threshold_array_for_month_7,&,running_average_size_minutes_for_month_7,&,deployment_membership_value_threshold_array_for_month_8,&,running_average_size_minutes_for_month_8,&,deployment_membership_value_threshold_array_for_month_9,&,running_average_size_minutes_for_month_9,&,deployment_membership_value_threshold_array_for_month_10,&,running_average_size_minutes_for_month_10,&,deployment_membership_value_threshold_array_for_month_11,&,running_average_size_minutes_for_month_11,&,deployment_membership_value_threshold_array_for_month_12,&,running_average_size_minutes_for_month_12,&,dNetNorm,&,dMarketBalancePercentage,&,dMarketNetNorm,
results: KBOS,&,0.5,&,31,&,0.5,&,1,&,0.5,&,31,&,0.5,&,31,&,0.5,&,1,&,0.5,&,1,&,0.5,&,1,&,0.5,&,1,&,0.5,&,1,&,0.5,&,1,&,0.5,&,31,&,0.5,&,1,&,0.3157513226073361,&,0.9361367005506142,&,0.2955864013401242
monthly visible minutes:KBOS,&,2013,&,7390,&,7054,&,5914,&,7316,&,7603,&,5505,&,7034,&,6369,&,5812,&,5312,&,5856,&,7401,&,
monthly visible minutes:KBOS,&,2014,&,6098,&,7206,&,5668,&,6826,&,8672,&,8672,&,8672,&,8672,&,8672,&,8672,&,4959,&,5296,&,
monthly minutes harvester between states:KBOS,&,2013,&,570,&,532,&,475,&,722,&,1199,&,793,&,952,&,1005,&,925,&,626,&,418,&,861,&,
monthly minutes harvester between states:KBOS,&,2014,&,456,&,744,&,456,&,570,&,859,&,532,&,733,&,815,&,807,&,532,&,380,&,776,&,
FuzzyVsCrisp: KBOS,1,true,true
station,&,deployment_membership_value_threshold_array_for_month_1,&,running_average_size_minutes_for_month_1,&,deployment_membership_value_threshold_array_for_month_2,&,running_average_size_minutes_for_month_2,&,deployment_membership_value_threshold_array_for_month_3,&,running_average_size_minutes_for_month_3,&,deployment_membership_value_threshold_array_for_month_4,&,running_average_size_minutes_for_month_4,&,deployment_membership_value_threshold_array_for_month_5,&,running_average_size_minutes_for_month_5,&,deployment_membership_value_threshold_array_for_month_6,&,running_average_size_minutes_for_month_6,&,deployment_membership_value_threshold_array_for_month_7,&,running_average_size_minutes_for_month_7,&,deployment_membership_value_threshold_array_for_month_8,&,running_average_size_minutes_for_month_8,&,deployment_membership_value_threshold_array_for_month_9,&,running_average_size_minutes_for_month_9,&,deployment_membership_value_threshold_array_for_month_10,&,running_average_size_minutes_for_month_10,&,deployment_membership_value_threshold_array_for_month_11,&,running_average_size_minutes_for_month_11,&,deployment_membership_value_threshold_array_for_month_12,&,running_average_size_minutes_for_month_12,&,dNetNorm,&,dMarketBalancePercentage,&,dMarketNetNorm,
results: KBOS,&,0.5,&,31,&,0.5,&,1,&,0.5,&,31,&,0.5,&,31,&,0.5,&,1,&,0.5,&,1,&,0.5,&,1,&,0.5,&,1,&,0.5,&,1,&,0.5,&,1,&,0.5,&,31,&,0.5,&,1,&,0.3157513226073361,&,0.9361367005506142,&,0.2955864013401242
monthly visible minutes:KBOS,&,2013,&,7390,&,7054,&,5914,&,7316,&,7603,&,5505,&,7034,&,6369,&,5812,&,5312,&,5856,&,7401,&,
monthly visible minutes:KBOS,&,2014,&,6098,&,7206,&,5668,&,6826,&,8672,&,8672,&,8672,&,8672,&,8672,&,8672,&,4959,&,5296,&,
monthly minutes harvester between states:KBOS,&,2013,&,570,&,532,&,475,&,722,&,1199,&,793,&,952,&,1005,&,925,&,626,&,418,&,861,&,
monthly minutes harvester between states:KBOS,&,2014,&,456,&,744,&,456,&,570,&,859,&,532,&,733,&,815,&,807,&,532,&,380,&,776,&,
FuzzyVsCrisp: KBOS,1,true,true
Station: KBWI
abc: The current path is /home/guy/retractable-wind
I have found the property file.
The training windspeed filename is /trainingKBWI2004-2012in.csv
The testing windspeed filename is /testingKBWI2013-2014in.csv
Yes, the station is KBWI
Warning: The bAlsoUsePrediction no longer has any effect
iUsedAllItsAllocatedVisibilityMinutesPerMonth: 8760
Visibility Allocation Minutes:8760
HARVESTER_SIZE_SQM is 6362
Reading file
Success: /Wind turbine power curves - wind turbine power output against wind speed in knots.csv found.
Speed (Knots) = Speed(knots) vs power (kW) , Power (kW) =V90
Speed (Knots) = 0 , Power (kW) =0
Speed (Knots) = 1 , Power (kW) =0
Speed (Knots) = 2 , Power (kW) =0
Speed (Knots) = 3 , Power (kW) =0
Speed (Knots) = 4 , Power (kW) =0
Speed (Knots) = 5 , Power (kW) =0
Speed (Knots) = 6 , Power (kW) =0
Speed (Knots) = 7 , Power (kW) =38
Speed (Knots) = 8 , Power (kW) =87
Speed (Knots) = 9 , Power (kW) =141
Speed (Knots) = 10 , Power (kW) =207
Speed (Knots) = 11 , Power (kW) =286
Speed (Knots) = 12 , Power (kW) =382
Speed (Knots) = 13 , Power (kW) =496
Speed (Knots) = 14 , Power (kW) =628
Speed (Knots) = 15 , Power (kW) =781
Speed (Knots) = 16 , Power (kW) =957
Speed (Knots) = 17 , Power (kW) =1153
Speed (Knots) = 18 , Power (kW) =1366
Speed (Knots) = 19 , Power (kW) =1589
Speed (Knots) = 20 , Power (kW) =1814
Speed (Knots) = 21 , Power (kW) =2035
Speed (Knots) = 22 , Power (kW) =2250
Speed (Knots) = 23 , Power (kW) =2452
Speed (Knots) = 24 , Power (kW) =2634
Speed (Knots) = 25 , Power (kW) =2784
Speed (Knots) = 26 , Power (kW) =2888
Speed (Knots) = 27 , Power (kW) =2949
Speed (Knots) = 28 , Power (kW) =2980
Speed (Knots) = 29 , Power (kW) =2993
Speed (Knots) = 30 , Power (kW) =3000
Speed (Knots) = 31 , Power (kW) =3000
Speed (Knots) = 32 , Power (kW) =3000
Speed (Knots) = 33 , Power (kW) =3000
Speed (Knots) = 34 , Power (kW) =3000
Speed (Knots) = 35 , Power (kW) =3000
Speed (Knots) = 36 , Power (kW) =3000
Speed (Knots) = 37 , Power (kW) =3000
Speed (Knots) = 38 , Power (kW) =3000
Speed (Knots) = 39 , Power (kW) =3000
Speed (Knots) = 40 , Power (kW) =3000
Speed (Knots) = 41 , Power (kW) =3000
Speed (Knots) = 42 , Power (kW) =3000
Speed (Knots) = 43 , Power (kW) =3000
Speed (Knots) = 44 , Power (kW) =3000
Speed (Knots) = 45 , Power (kW) =3000
Speed (Knots) = 46 , Power (kW) =3000
Speed (Knots) = 47 , Power (kW) =3000
Speed (Knots) = 48 , Power (kW) =3000
Speed (Knots) = 49 , Power (kW) =0
Speed (Knots) = 50 , Power (kW) =0
Speed (Knots) = 51 , Power (kW) =0
Speed (Knots) = 52 , Power (kW) =0
Speed (Knots) = 53 , Power (kW) =0
Speed (Knots) = 54 , Power (kW) =0
Speed (Knots) = 55 , Power (kW) =0
Speed (Knots) = 56 , Power (kW) =0
Speed (Knots) = 57 , Power (kW) =0
Speed (Knots) = 58 , Power (kW) =0
Speed (Knots) = 59 , Power (kW) =0
Speed (Knots) = 60 , Power (kW) =0
The scale is 1.0
Wind power at 10 knots in kilowatts is 207.0
Wind power in-cut-out test 0.0
Fuzzy
Class name:edu.pitt.cs.people.guy.wind.benchmarks.Fuzzy5
Success: /Noise_Allowed_Time_Definitions_All_Stations.csv found.
The station is the record is KBWI
Success: /Noise_Allowed_Time_Definitions_All_Stations.csv found.
The station is the record is KBWI
I have found the membership file for NOT WINDY.
Windspeed (knots) [0,1), Membership Value =1.0000000,1.0
Windspeed (knots) [1,2), Membership Value =0.9998161,0.9998161
Windspeed (knots) [2,3), Membership Value =0.9978543,0.9978543
Windspeed (knots) [3,4), Membership Value =0.9910165,0.9910165
Windspeed (knots) [4,5), Membership Value =0.9758631,0.9758631
Windspeed (knots) [5,6), Membership Value =0.9478741,0.9478741
Windspeed (knots) [6,7), Membership Value =0.9047102,0.9047102
Windspeed (knots) [7,8), Membership Value =0.8444605,0.8444605
Windspeed (knots) [8,9), Membership Value =0.7707480,0.770748
Windspeed (knots) [9,10), Membership Value =0.6887862,0.6887862
Windspeed (knots) [10,11), Membership Value =0.6022681,0.6022681
Windspeed (knots) [11,12), Membership Value =0.5149279,0.5149279
Windspeed (knots) [12,13), Membership Value =0.4278791,0.4278791
Windspeed (knots) [13,14), Membership Value =0.3435245,0.3435245
Windspeed (knots) [14,15), Membership Value =0.2628425,0.2628425
Windspeed (knots) [15,16), Membership Value =0.1871031,0.1871031
Windspeed (knots) [16,17), Membership Value =0.1167085,0.1167085
Windspeed (knots) [17,18), Membership Value =0.0533077,0.0533077
Windspeed (knots) [18,19), Membership Value =0.0000000,0.0
Windspeed (knots) [19,20), Membership Value =0.0000000,0.0
Windspeed (knots) [20,21), Membership Value =0.0000000,0.0
Windspeed (knots) [21,22), Membership Value =0.0000000,0.0
Windspeed (knots) [22,23), Membership Value =0.0000000,0.0
Windspeed (knots) [23,24), Membership Value =0.0000000,0.0
Windspeed (knots) [24,25), Membership Value =0.0000000,0.0
Windspeed (knots) [25,26), Membership Value =0.0000000,0.0
Windspeed (knots) [26,27), Membership Value =0.0000000,0.0
Windspeed (knots) [27,28), Membership Value =0.0000000,0.0
Windspeed (knots) [28,29), Membership Value =0.0000000,0.0
Windspeed (knots) [29,30), Membership Value =0.0000000,0.0
Windspeed (knots) [30,31), Membership Value =0.0000000,0.0
Windspeed (knots) [31,32), Membership Value =0.0000000,0.0
Windspeed (knots) [32,33), Membership Value =0.0000000,0.0
Windspeed (knots) [33,34), Membership Value =0.0000000,0.0
Windspeed (knots) [34,35), Membership Value =0.0000000,0.0
Windspeed (knots) [35,36), Membership Value =0.0000000,0.0
Windspeed (knots) [36,37), Membership Value =0.0000000,0.0
Windspeed (knots) [37,38), Membership Value =0.0000000,0.0
Windspeed (knots) [38,39), Membership Value =0.0000000,0.0
Windspeed (knots) [39,40), Membership Value =0.0000000,0.0
Windspeed (knots) [40,41), Membership Value =0.0000000,0.0
Windspeed (knots) [41,42), Membership Value =0.0000000,0.0
Windspeed (knots) [42,43), Membership Value =0.0000000,0.0
Windspeed (knots) [43,44), Membership Value =0.0000000,0.0
Windspeed (knots) [44,45), Membership Value =0.0000000,0.0
Windspeed (knots) [45,46), Membership Value =0.0000000,0.0
Windspeed (knots) [46,47), Membership Value =0.0000000,0.0
Windspeed (knots) [47,48), Membership Value =0.0000000,0.0
Windspeed (knots) [48,49), Membership Value =0.0000000,0.0
Windspeed (knots) [49,50), Membership Value =0.0000000,0.0
Windspeed (knots) [50,51), Membership Value =0.0000000,0.0
Windspeed (knots) [51,52), Membership Value =0.0000000,0.0
Windspeed (knots) [52,53), Membership Value =0.0000000,0.0
Windspeed (knots) [53,54), Membership Value =0.0000000,0.0
Windspeed (knots) [54,55), Membership Value =0.0000000,0.0
Windspeed (knots) [55,56), Membership Value =0.0000000,0.0
Windspeed (knots) [56,57), Membership Value =0.0000000,0.0
Windspeed (knots) [57,58), Membership Value =0.0000000,0.0
Windspeed (knots) [58,59), Membership Value =0.0000000,0.0
Windspeed (knots) [59,60), Membership Value =0.0000000,0.0
Windspeed (knots) [60,61), Membership Value =0.0000000,0.0
Windspeed (knots) [61,62), Membership Value =0.0000000,0.0
Windspeed (knots) [62,63), Membership Value =0.0000000,0.0
Windspeed (knots) [63,64), Membership Value =0.0000000,0.0
Windspeed (knots) [64,65), Membership Value =0.0000000,0.0
Windspeed (knots) [65,66), Membership Value =0.0000000,0.0
Windspeed (knots) [66,67), Membership Value =0.0000000,0.0
Windspeed (knots) [67,68), Membership Value =0.0000000,0.0
Windspeed (knots) [68,69), Membership Value =0.0000000,0.0
Windspeed (knots) [69,70), Membership Value =0.0000000,0.0
Windspeed (knots) [70,71), Membership Value =0.0000000,0.0
Windspeed (knots) [71,72), Membership Value =0.0000000,0.0
Windspeed (knots) [72,73), Membership Value =0.0000000,0.0
Windspeed (knots) [73,74), Membership Value =0.0000000,0.0
Windspeed (knots) [74,75), Membership Value =0.0000000,0.0
Windspeed (knots) [75,76), Membership Value =0.0000000,0.0
Windspeed (knots) [76,77), Membership Value =0.0000000,0.0
Windspeed (knots) [77,78), Membership Value =0.0000000,0.0
Windspeed (knots) [78,79), Membership Value =0.0000000,0.0
Windspeed (knots) [79,80), Membership Value =0.0000000,0.0
Windspeed (knots) [80,81), Membership Value =0.0000000,0.0
Windspeed (knots) [81,82), Membership Value =0.0000000,0.0
Windspeed (knots) [82,83), Membership Value =0.0000000,0.0
Windspeed (knots) [83,84), Membership Value =0.0000000,0.0
Windspeed (knots) [84,85), Membership Value =0.0000000,0.0
Windspeed (knots) [85,86), Membership Value =0.0000000,0.0
Windspeed (knots) [86,87), Membership Value =0.0000000,0.0
Windspeed (knots) [87,88), Membership Value =0.0000000,0.0
Windspeed (knots) [88,89), Membership Value =0.0000000,0.0
Windspeed (knots) [89,90), Membership Value =0.0000000,0.0
Windspeed (knots) [90,91), Membership Value =0.0000000,0.0
Windspeed (knots) [91,92), Membership Value =0.0000000,0.0
Windspeed (knots) [92,93), Membership Value =0.0000000,0.0
Windspeed (knots) [93,94), Membership Value =0.0000000,0.0
Windspeed (knots) [94,95), Membership Value =0.0000000,0.0
Windspeed (knots) [95,96), Membership Value =0.0000000,0.0
Windspeed (knots) [96,97), Membership Value =0.0000000,0.0
Windspeed (knots) [97,98), Membership Value =0.0000000,0.0
Windspeed (knots) [98,99), Membership Value =0.0000000,0.0
Windspeed (knots) [99,100), Membership Value =0.0000000,0.0
Windspeed (knots) [100,101), Membership Value =0.0000000,0.0
Windspeed (knots) [101,102), Membership Value =0.0000000,0.0
Windspeed (knots) [102,103), Membership Value =0.0000000,0.0
Windspeed (knots) [103,104), Membership Value =0.0000000,0.0
Windspeed (knots) [104,105), Membership Value =0.0000000,0.0
Windspeed (knots) [105,106), Membership Value =0.0000000,0.0
Windspeed (knots) [106,107), Membership Value =0.0000000,0.0
Windspeed (knots) [107,108), Membership Value =0.0000000,0.0
Windspeed (knots) [108,109), Membership Value =0.0000000,0.0
Windspeed (knots) [109,110), Membership Value =0.0000000,0.0
Windspeed (knots) [110,111), Membership Value =0.0000000,0.0
Windspeed (knots) [111,112), Membership Value =0.0000000,0.0
Windspeed (knots) [112,113), Membership Value =0.0000000,0.0
Windspeed (knots) [113,114), Membership Value =0.0000000,0.0
Windspeed (knots) [114,115), Membership Value =0.0000000,0.0
Windspeed (knots) [115,116), Membership Value =0.0000000,0.0
Windspeed (knots) [116,117), Membership Value =0.0000000,0.0
Windspeed (knots) [117,118), Membership Value =0.0000000,0.0
Windspeed (knots) [118,119), Membership Value =0.0000000,0.0
Windspeed (knots) [119,120), Membership Value =0.0000000,0.0
Windspeed (knots) [120,121), Membership Value =0.0000000,0.0
Windspeed (knots) [121,122), Membership Value =0.0000000,0.0
Windspeed (knots) [122,123), Membership Value =0.0000000,0.0
Windspeed (knots) [123,124), Membership Value =0.0000000,0.0
Windspeed (knots) [124,125), Membership Value =0.0000000,0.0
LowestWindspeedThatIsWindyKnots for station KBWI is 7 knots.
Transition limited :false
bUseWeatherPrediction: false
The running average is 1
The membership_value_deployment_threshold is 0.5
Energy harvested: 4883682.834439921
iGeneratingEnergyWhenGridNeedsEnergyMinutes =586145
iGeneratingEnergyWhenGridNeedsEnergyMinutes =586145
iUsingEnergyWhenGridNeedsEnergyMinutes =57062
iGeneratingEnergyWhenGridHasExcessEnergyMinutes = 992
iUsingEnergyWhenGridHasExcessEnergyMinutes = 169
iIdleWhenGridDoesNotNeedEnergyMinutes = 44919
iIdleWhenGridNeedsEnergyMinutes = 4043973
iEnergyPriceIsZeroMinutes = 240
harvester.getEnergyHarvestedAVAILABLEKilowattHours( ): 8529008.366666667
harvester.getEnergyHarvestedKilowattHours(): 4883682.834439921
The running average is 31
The membership_value_deployment_threshold is 0.5
Energy harvested: 4404776.309442549
iGeneratingEnergyWhenGridNeedsEnergyMinutes =445449
iGeneratingEnergyWhenGridNeedsEnergyMinutes =445449
iUsingEnergyWhenGridNeedsEnergyMinutes =15850
iGeneratingEnergyWhenGridHasExcessEnergyMinutes = 716
iUsingEnergyWhenGridHasExcessEnergyMinutes = 36
iIdleWhenGridDoesNotNeedEnergyMinutes = 45328
iIdleWhenGridNeedsEnergyMinutes = 4225881
iEnergyPriceIsZeroMinutes = 240
harvester.getEnergyHarvestedAVAILABLEKilowattHours( ): 8529008.366666667
harvester.getEnergyHarvestedKilowattHours(): 4404776.309442549
The running average is 61
The membership_value_deployment_threshold is 0.5
Energy harvested: 4177168.031387655
iGeneratingEnergyWhenGridNeedsEnergyMinutes =399604
iGeneratingEnergyWhenGridNeedsEnergyMinutes =399604
iUsingEnergyWhenGridNeedsEnergyMinutes =11653
iGeneratingEnergyWhenGridHasExcessEnergyMinutes = 692
iUsingEnergyWhenGridHasExcessEnergyMinutes = 29
iIdleWhenGridDoesNotNeedEnergyMinutes = 45359
iIdleWhenGridNeedsEnergyMinutes = 4275923
iEnergyPriceIsZeroMinutes = 240
harvester.getEnergyHarvestedAVAILABLEKilowattHours( ): 8529008.366666667
harvester.getEnergyHarvestedKilowattHours(): 4177168.031387655
The running average is 91
The membership_value_deployment_threshold is 0.5
Energy harvested: 4005061.524165702
iGeneratingEnergyWhenGridNeedsEnergyMinutes =369233
iGeneratingEnergyWhenGridNeedsEnergyMinutes =369233
iUsingEnergyWhenGridNeedsEnergyMinutes =9932
iGeneratingEnergyWhenGridHasExcessEnergyMinutes = 577
iUsingEnergyWhenGridHasExcessEnergyMinutes = 7
iIdleWhenGridDoesNotNeedEnergyMinutes = 45496
iIdleWhenGridNeedsEnergyMinutes = 4308015
iEnergyPriceIsZeroMinutes = 240
harvester.getEnergyHarvestedAVAILABLEKilowattHours( ): 8529008.366666667
harvester.getEnergyHarvestedKilowattHours(): 4005061.524165702
The running average is 121
The membership_value_deployment_threshold is 0.5
Energy harvested: 3846753.147776888
iGeneratingEnergyWhenGridNeedsEnergyMinutes =346379
iGeneratingEnergyWhenGridNeedsEnergyMinutes =346379
iUsingEnergyWhenGridNeedsEnergyMinutes =8817
iGeneratingEnergyWhenGridHasExcessEnergyMinutes = 555
iUsingEnergyWhenGridHasExcessEnergyMinutes = 2
iIdleWhenGridDoesNotNeedEnergyMinutes = 45523
iIdleWhenGridNeedsEnergyMinutes = 4331984
iEnergyPriceIsZeroMinutes = 240
harvester.getEnergyHarvestedAVAILABLEKilowattHours( ): 8529008.366666667
harvester.getEnergyHarvestedKilowattHours(): 3846753.147776888
Beginning testing mode:
station,&,deployment_membership_value_threshold_array_for_month_1,&,running_average_size_minutes_for_month_1,&,deployment_membership_value_threshold_array_for_month_2,&,running_average_size_minutes_for_month_2,&,deployment_membership_value_threshold_array_for_month_3,&,running_average_size_minutes_for_month_3,&,deployment_membership_value_threshold_array_for_month_4,&,running_average_size_minutes_for_month_4,&,deployment_membership_value_threshold_array_for_month_5,&,running_average_size_minutes_for_month_5,&,deployment_membership_value_threshold_array_for_month_6,&,running_average_size_minutes_for_month_6,&,deployment_membership_value_threshold_array_for_month_7,&,running_average_size_minutes_for_month_7,&,deployment_membership_value_threshold_array_for_month_8,&,running_average_size_minutes_for_month_8,&,deployment_membership_value_threshold_array_for_month_9,&,running_average_size_minutes_for_month_9,&,deployment_membership_value_threshold_array_for_month_10,&,running_average_size_minutes_for_month_10,&,deployment_membership_value_threshold_array_for_month_11,&,running_average_size_minutes_for_month_11,&,deployment_membership_value_threshold_array_for_month_12,&,running_average_size_minutes_for_month_12,&,dNetNorm,&,dMarketBalancePercentage,&,dMarketNetNorm,
results: KBWI,&,0.5,&,61,&,0.5,&,121,&,0.5,&,31,&,0.5,&,91,&,0.5,&,1,&,0.5,&,1,&,0.5,&,1,&,0.5,&,1,&,0.5,&,1,&,0.5,&,1,&,0.5,&,1,&,0.5,&,121,&,0.5343117462799808,&,0.9053178369894241,&,0.4837219544202342
monthly visible minutes:KBWI,&,2013,&,4752,&,6337,&,8672,&,5340,&,8663,&,7307,&,4658,&,6679,&,5623,&,8610,&,8672,&,3067,&,
monthly visible minutes:KBWI,&,2014,&,7130,&,3149,&,8488,&,6703,&,8672,&,7042,&,7663,&,5466,&,6195,&,8672,&,8672,&,3051,&,
monthly minutes harvester between states:KBWI,&,2013,&,304,&,418,&,608,&,418,&,1313,&,1541,&,1202,&,1442,&,1428,&,1379,&,1032,&,266,&,
monthly minutes harvester between states:KBWI,&,2014,&,494,&,266,&,608,&,456,&,2018,&,1309,&,1523,&,1315,&,1025,&,873,&,1200,&,190,&,
FuzzyVsCrisp: KBWI,1,true,true
station,&,deployment_membership_value_threshold_array_for_month_1,&,running_average_size_minutes_for_month_1,&,deployment_membership_value_threshold_array_for_month_2,&,running_average_size_minutes_for_month_2,&,deployment_membership_value_threshold_array_for_month_3,&,running_average_size_minutes_for_month_3,&,deployment_membership_value_threshold_array_for_month_4,&,running_average_size_minutes_for_month_4,&,deployment_membership_value_threshold_array_for_month_5,&,running_average_size_minutes_for_month_5,&,deployment_membership_value_threshold_array_for_month_6,&,running_average_size_minutes_for_month_6,&,deployment_membership_value_threshold_array_for_month_7,&,running_average_size_minutes_for_month_7,&,deployment_membership_value_threshold_array_for_month_8,&,running_average_size_minutes_for_month_8,&,deployment_membership_value_threshold_array_for_month_9,&,running_average_size_minutes_for_month_9,&,deployment_membership_value_threshold_array_for_month_10,&,running_average_size_minutes_for_month_10,&,deployment_membership_value_threshold_array_for_month_11,&,running_average_size_minutes_for_month_11,&,deployment_membership_value_threshold_array_for_month_12,&,running_average_size_minutes_for_month_12,&,dNetNorm,&,dMarketBalancePercentage,&,dMarketNetNorm,
results: KBWI,&,0.5,&,61,&,0.5,&,121,&,0.5,&,31,&,0.5,&,91,&,0.5,&,1,&,0.5,&,1,&,0.5,&,1,&,0.5,&,1,&,0.5,&,1,&,0.5,&,1,&,0.5,&,1,&,0.5,&,121,&,0.5343117462799808,&,0.9053178369894241,&,0.4837219544202342
monthly visible minutes:KBWI,&,2013,&,4752,&,6337,&,8672,&,5340,&,8663,&,7307,&,4658,&,6679,&,5623,&,8610,&,8672,&,3067,&,
monthly visible minutes:KBWI,&,2014,&,7130,&,3149,&,8488,&,6703,&,8672,&,7042,&,7663,&,5466,&,6195,&,8672,&,8672,&,3051,&,
monthly minutes harvester between states:KBWI,&,2013,&,304,&,418,&,608,&,418,&,1313,&,1541,&,1202,&,1442,&,1428,&,1379,&,1032,&,266,&,
monthly minutes harvester between states:KBWI,&,2014,&,494,&,266,&,608,&,456,&,2018,&,1309,&,1523,&,1315,&,1025,&,873,&,1200,&,190,&,
FuzzyVsCrisp: KBWI,1,true,true
Station: KCLE
abc: The current path is /home/guy/retractable-wind
I have found the property file.
The training windspeed filename is /trainingKCLE2004-2012in.csv
The testing windspeed filename is /testingKCLE2013-2014in.csv
Yes, the station is KCLE
Warning: The bAlsoUsePrediction no longer has any effect
iUsedAllItsAllocatedVisibilityMinutesPerMonth: 8760
Visibility Allocation Minutes:8760
HARVESTER_SIZE_SQM is 6362
Reading file
Success: /Wind turbine power curves - wind turbine power output against wind speed in knots.csv found.
Speed (Knots) = Speed(knots) vs power (kW) , Power (kW) =V90
Speed (Knots) = 0 , Power (kW) =0
Speed (Knots) = 1 , Power (kW) =0
Speed (Knots) = 2 , Power (kW) =0
Speed (Knots) = 3 , Power (kW) =0
Speed (Knots) = 4 , Power (kW) =0
Speed (Knots) = 5 , Power (kW) =0
Speed (Knots) = 6 , Power (kW) =0
Speed (Knots) = 7 , Power (kW) =38
Speed (Knots) = 8 , Power (kW) =87
Speed (Knots) = 9 , Power (kW) =141
Speed (Knots) = 10 , Power (kW) =207
Speed (Knots) = 11 , Power (kW) =286
Speed (Knots) = 12 , Power (kW) =382
Speed (Knots) = 13 , Power (kW) =496
Speed (Knots) = 14 , Power (kW) =628
Speed (Knots) = 15 , Power (kW) =781
Speed (Knots) = 16 , Power (kW) =957
Speed (Knots) = 17 , Power (kW) =1153
Speed (Knots) = 18 , Power (kW) =1366
Speed (Knots) = 19 , Power (kW) =1589
Speed (Knots) = 20 , Power (kW) =1814
Speed (Knots) = 21 , Power (kW) =2035
Speed (Knots) = 22 , Power (kW) =2250
Speed (Knots) = 23 , Power (kW) =2452
Speed (Knots) = 24 , Power (kW) =2634
Speed (Knots) = 25 , Power (kW) =2784
Speed (Knots) = 26 , Power (kW) =2888
Speed (Knots) = 27 , Power (kW) =2949
Speed (Knots) = 28 , Power (kW) =2980
Speed (Knots) = 29 , Power (kW) =2993
Speed (Knots) = 30 , Power (kW) =3000
Speed (Knots) = 31 , Power (kW) =3000
Speed (Knots) = 32 , Power (kW) =3000
Speed (Knots) = 33 , Power (kW) =3000
Speed (Knots) = 34 , Power (kW) =3000
Speed (Knots) = 35 , Power (kW) =3000
Speed (Knots) = 36 , Power (kW) =3000
Speed (Knots) = 37 , Power (kW) =3000
Speed (Knots) = 38 , Power (kW) =3000
Speed (Knots) = 39 , Power (kW) =3000
Speed (Knots) = 40 , Power (kW) =3000
Speed (Knots) = 41 , Power (kW) =3000
Speed (Knots) = 42 , Power (kW) =3000
Speed (Knots) = 43 , Power (kW) =3000
Speed (Knots) = 44 , Power (kW) =3000
Speed (Knots) = 45 , Power (kW) =3000
Speed (Knots) = 46 , Power (kW) =3000
Speed (Knots) = 47 , Power (kW) =3000
Speed (Knots) = 48 , Power (kW) =3000
Speed (Knots) = 49 , Power (kW) =0
Speed (Knots) = 50 , Power (kW) =0
Speed (Knots) = 51 , Power (kW) =0
Speed (Knots) = 52 , Power (kW) =0
Speed (Knots) = 53 , Power (kW) =0
Speed (Knots) = 54 , Power (kW) =0
Speed (Knots) = 55 , Power (kW) =0
Speed (Knots) = 56 , Power (kW) =0
Speed (Knots) = 57 , Power (kW) =0
Speed (Knots) = 58 , Power (kW) =0
Speed (Knots) = 59 , Power (kW) =0
Speed (Knots) = 60 , Power (kW) =0
The scale is 1.0
Wind power at 10 knots in kilowatts is 207.0
Wind power in-cut-out test 0.0
Fuzzy
Class name:edu.pitt.cs.people.guy.wind.benchmarks.Fuzzy5
Success: /Noise_Allowed_Time_Definitions_All_Stations.csv found.
The station is the record is KCLE
Success: /Noise_Allowed_Time_Definitions_All_Stations.csv found.
The station is the record is KCLE
I have found the membership file for NOT WINDY.
Windspeed (knots) [0,1), Membership Value =1.00000000,1.0
Windspeed (knots) [1,2), Membership Value =0.99997281,0.9999728
Windspeed (knots) [2,3), Membership Value =0.99957778,0.99957776
Windspeed (knots) [3,4), Membership Value =0.99766724,0.99766725
Windspeed (knots) [4,5), Membership Value =0.99198170,0.9919817
Windspeed (knots) [5,6), Membership Value =0.97895477,0.9789548
Windspeed (knots) [6,7), Membership Value =0.95560852,0.95560855
Windspeed (knots) [7,8), Membership Value =0.91908582,0.9190858
Windspeed (knots) [8,9), Membership Value =0.86803746,0.86803746
Windspeed (knots) [9,10), Membership Value =0.80333819,0.80333817
Windspeed (knots) [10,11), Membership Value =0.72374540,0.7237454
Windspeed (knots) [11,12), Membership Value =0.63479937,0.63479936
Windspeed (knots) [12,13), Membership Value =0.53806325,0.5380632
Windspeed (knots) [13,14), Membership Value =0.44012453,0.44012454
Windspeed (knots) [14,15), Membership Value =0.34663829,0.3466383
Windspeed (knots) [15,16), Membership Value =0.25707557,0.25707558
Windspeed (knots) [16,17), Membership Value =0.17381749,0.17381749
Windspeed (knots) [17,18), Membership Value =0.09744113,0.09744113
Windspeed (knots) [18,19), Membership Value =0.03045835,0.03045835
Windspeed (knots) [19,20), Membership Value =0.00000000,0.0
Windspeed (knots) [20,21), Membership Value =0.00000000,0.0
Windspeed (knots) [21,22), Membership Value =0.00000000,0.0
Windspeed (knots) [22,23), Membership Value =0.00000000,0.0
Windspeed (knots) [23,24), Membership Value =0.00000000,0.0
Windspeed (knots) [24,25), Membership Value =0.00000000,0.0
Windspeed (knots) [25,26), Membership Value =0.00000000,0.0
Windspeed (knots) [26,27), Membership Value =0.00000000,0.0
Windspeed (knots) [27,28), Membership Value =0.00000000,0.0
Windspeed (knots) [28,29), Membership Value =0.00000000,0.0
Windspeed (knots) [29,30), Membership Value =0.00000000,0.0
Windspeed (knots) [30,31), Membership Value =0.00000000,0.0
Windspeed (knots) [31,32), Membership Value =0.00000000,0.0
Windspeed (knots) [32,33), Membership Value =0.00000000,0.0
Windspeed (knots) [33,34), Membership Value =0.00000000,0.0
Windspeed (knots) [34,35), Membership Value =0.00000000,0.0
Windspeed (knots) [35,36), Membership Value =0.00000000,0.0
Windspeed (knots) [36,37), Membership Value =0.00000000,0.0
Windspeed (knots) [37,38), Membership Value =0.00000000,0.0
Windspeed (knots) [38,39), Membership Value =0.00000000,0.0
Windspeed (knots) [39,40), Membership Value =0.00000000,0.0
Windspeed (knots) [40,41), Membership Value =0.00000000,0.0
Windspeed (knots) [41,42), Membership Value =0.00000000,0.0
Windspeed (knots) [42,43), Membership Value =0.00000000,0.0
Windspeed (knots) [43,44), Membership Value =0.00000000,0.0
Windspeed (knots) [44,45), Membership Value =0.00000000,0.0
Windspeed (knots) [45,46), Membership Value =0.00000000,0.0
Windspeed (knots) [46,47), Membership Value =0.00000000,0.0
Windspeed (knots) [47,48), Membership Value =0.00000000,0.0
Windspeed (knots) [48,49), Membership Value =0.00000000,0.0
Windspeed (knots) [49,50), Membership Value =0.00000000,0.0
Windspeed (knots) [50,51), Membership Value =0.00000000,0.0
Windspeed (knots) [51,52), Membership Value =0.00000000,0.0
Windspeed (knots) [52,53), Membership Value =0.00000000,0.0
Windspeed (knots) [53,54), Membership Value =0.00000000,0.0
Windspeed (knots) [54,55), Membership Value =0.00000000,0.0
Windspeed (knots) [55,56), Membership Value =0.00000000,0.0
Windspeed (knots) [56,57), Membership Value =0.00000000,0.0
Windspeed (knots) [57,58), Membership Value =0.00000000,0.0
Windspeed (knots) [58,59), Membership Value =0.00000000,0.0
Windspeed (knots) [59,60), Membership Value =0.00000000,0.0
Windspeed (knots) [60,61), Membership Value =0.00000000,0.0
Windspeed (knots) [61,62), Membership Value =0.00000000,0.0
Windspeed (knots) [62,63), Membership Value =0.00000000,0.0
Windspeed (knots) [63,64), Membership Value =0.00000000,0.0
Windspeed (knots) [64,65), Membership Value =0.00000000,0.0
Windspeed (knots) [65,66), Membership Value =0.00000000,0.0
Windspeed (knots) [66,67), Membership Value =0.00000000,0.0
Windspeed (knots) [67,68), Membership Value =0.00000000,0.0
Windspeed (knots) [68,69), Membership Value =0.00000000,0.0
Windspeed (knots) [69,70), Membership Value =0.00000000,0.0
Windspeed (knots) [70,71), Membership Value =0.00000000,0.0
Windspeed (knots) [71,72), Membership Value =0.00000000,0.0
Windspeed (knots) [72,73), Membership Value =0.00000000,0.0
Windspeed (knots) [73,74), Membership Value =0.00000000,0.0
Windspeed (knots) [74,75), Membership Value =0.00000000,0.0
Windspeed (knots) [75,76), Membership Value =0.00000000,0.0
Windspeed (knots) [76,77), Membership Value =0.00000000,0.0
Windspeed (knots) [77,78), Membership Value =0.00000000,0.0
Windspeed (knots) [78,79), Membership Value =0.00000000,0.0
Windspeed (knots) [79,80), Membership Value =0.00000000,0.0
Windspeed (knots) [80,81), Membership Value =0.00000000,0.0
Windspeed (knots) [81,82), Membership Value =0.00000000,0.0
Windspeed (knots) [82,83), Membership Value =0.00000000,0.0
Windspeed (knots) [83,84), Membership Value =0.00000000,0.0
Windspeed (knots) [84,85), Membership Value =0.00000000,0.0
Windspeed (knots) [85,86), Membership Value =0.00000000,0.0
Windspeed (knots) [86,87), Membership Value =0.00000000,0.0
Windspeed (knots) [87,88), Membership Value =0.00000000,0.0
Windspeed (knots) [88,89), Membership Value =0.00000000,0.0
Windspeed (knots) [89,90), Membership Value =0.00000000,0.0
Windspeed (knots) [90,91), Membership Value =0.00000000,0.0
Windspeed (knots) [91,92), Membership Value =0.00000000,0.0
Windspeed (knots) [92,93), Membership Value =0.00000000,0.0
Windspeed (knots) [93,94), Membership Value =0.00000000,0.0
Windspeed (knots) [94,95), Membership Value =0.00000000,0.0
Windspeed (knots) [95,96), Membership Value =0.00000000,0.0
Windspeed (knots) [96,97), Membership Value =0.00000000,0.0
Windspeed (knots) [97,98), Membership Value =0.00000000,0.0
Windspeed (knots) [98,99), Membership Value =0.00000000,0.0
Windspeed (knots) [99,100), Membership Value =0.00000000,0.0
Windspeed (knots) [100,101), Membership Value =0.00000000,0.0
Windspeed (knots) [101,102), Membership Value =0.00000000,0.0
Windspeed (knots) [102,103), Membership Value =0.00000000,0.0
Windspeed (knots) [103,104), Membership Value =0.00000000,0.0
Windspeed (knots) [104,105), Membership Value =0.00000000,0.0
Windspeed (knots) [105,106), Membership Value =0.00000000,0.0
Windspeed (knots) [106,107), Membership Value =0.00000000,0.0
Windspeed (knots) [107,108), Membership Value =0.00000000,0.0
Windspeed (knots) [108,109), Membership Value =0.00000000,0.0
Windspeed (knots) [109,110), Membership Value =0.00000000,0.0
Windspeed (knots) [110,111), Membership Value =0.00000000,0.0
Windspeed (knots) [111,112), Membership Value =0.00000000,0.0
Windspeed (knots) [112,113), Membership Value =0.00000000,0.0
Windspeed (knots) [113,114), Membership Value =0.00000000,0.0
Windspeed (knots) [114,115), Membership Value =0.00000000,0.0
Windspeed (knots) [115,116), Membership Value =0.00000000,0.0
Windspeed (knots) [116,117), Membership Value =0.00000000,0.0
Windspeed (knots) [117,118), Membership Value =0.00000000,0.0
Windspeed (knots) [118,119), Membership Value =0.00000000,0.0
Windspeed (knots) [119,120), Membership Value =0.00000000,0.0
Windspeed (knots) [120,121), Membership Value =0.00000000,0.0
Windspeed (knots) [121,122), Membership Value =0.00000000,0.0
Windspeed (knots) [122,123), Membership Value =0.00000000,0.0
Windspeed (knots) [123,124), Membership Value =0.00000000,0.0
Windspeed (knots) [124,125), Membership Value =0.00000000,0.0
LowestWindspeedThatIsWindyKnots for station KCLE is 8 knots.
Transition limited :false
bUseWeatherPrediction: false
The running average is 1
The membership_value_deployment_threshold is 0.5
Energy harvested: 7637206.4086138345
iGeneratingEnergyWhenGridNeedsEnergyMinutes =746120
iGeneratingEnergyWhenGridNeedsEnergyMinutes =746120
iUsingEnergyWhenGridNeedsEnergyMinutes =46716
iGeneratingEnergyWhenGridHasExcessEnergyMinutes = 1740
iUsingEnergyWhenGridHasExcessEnergyMinutes = 194
iIdleWhenGridDoesNotNeedEnergyMinutes = 44146
iIdleWhenGridNeedsEnergyMinutes = 3894370
iEnergyPriceIsZeroMinutes = 240
harvester.getEnergyHarvestedAVAILABLEKilowattHours( ): 1.77525112E7
harvester.getEnergyHarvestedKilowattHours(): 7637206.4086138345
The running average is 31
The membership_value_deployment_threshold is 0.5
Energy harvested: 7313335.167500817
iGeneratingEnergyWhenGridNeedsEnergyMinutes =594570
iGeneratingEnergyWhenGridNeedsEnergyMinutes =594570
iUsingEnergyWhenGridNeedsEnergyMinutes =17192
iGeneratingEnergyWhenGridHasExcessEnergyMinutes = 1912
iUsingEnergyWhenGridHasExcessEnergyMinutes = 47
iIdleWhenGridDoesNotNeedEnergyMinutes = 44121
iIdleWhenGridNeedsEnergyMinutes = 4075444
iEnergyPriceIsZeroMinutes = 240
harvester.getEnergyHarvestedAVAILABLEKilowattHours( ): 1.77525112E7
harvester.getEnergyHarvestedKilowattHours(): 7313335.167500817
The running average is 61
The membership_value_deployment_threshold is 0.5
Energy harvested: 6997864.125278219
iGeneratingEnergyWhenGridNeedsEnergyMinutes =541708
iGeneratingEnergyWhenGridNeedsEnergyMinutes =541708
iUsingEnergyWhenGridNeedsEnergyMinutes =13257
iGeneratingEnergyWhenGridHasExcessEnergyMinutes = 1741
iUsingEnergyWhenGridHasExcessEnergyMinutes = 41
iIdleWhenGridDoesNotNeedEnergyMinutes = 44298
iIdleWhenGridNeedsEnergyMinutes = 4132241
iEnergyPriceIsZeroMinutes = 240
harvester.getEnergyHarvestedAVAILABLEKilowattHours( ): 1.77525112E7
harvester.getEnergyHarvestedKilowattHours(): 6997864.125278219
The running average is 91
The membership_value_deployment_threshold is 0.5
Energy harvested: 6778335.814166909
iGeneratingEnergyWhenGridNeedsEnergyMinutes =510488
iGeneratingEnergyWhenGridNeedsEnergyMinutes =510488
iUsingEnergyWhenGridNeedsEnergyMinutes =11160
iGeneratingEnergyWhenGridHasExcessEnergyMinutes = 1702
iUsingEnergyWhenGridHasExcessEnergyMinutes = 59
iIdleWhenGridDoesNotNeedEnergyMinutes = 44319
iIdleWhenGridNeedsEnergyMinutes = 4165558
iEnergyPriceIsZeroMinutes = 240
harvester.getEnergyHarvestedAVAILABLEKilowattHours( ): 1.77525112E7
harvester.getEnergyHarvestedKilowattHours(): 6778335.814166909
The running average is 121
The membership_value_deployment_threshold is 0.5
Energy harvested: 6590351.511111215
iGeneratingEnergyWhenGridNeedsEnergyMinutes =483417
iGeneratingEnergyWhenGridNeedsEnergyMinutes =483417
iUsingEnergyWhenGridNeedsEnergyMinutes =9918
iGeneratingEnergyWhenGridHasExcessEnergyMinutes = 1369
iUsingEnergyWhenGridHasExcessEnergyMinutes = 50
iIdleWhenGridDoesNotNeedEnergyMinutes = 44661
iIdleWhenGridNeedsEnergyMinutes = 4193871
iEnergyPriceIsZeroMinutes = 240
harvester.getEnergyHarvestedAVAILABLEKilowattHours( ): 1.77525112E7
harvester.getEnergyHarvestedKilowattHours(): 6590351.511111215
Beginning testing mode:
station,&,deployment_membership_value_threshold_array_for_month_1,&,running_average_size_minutes_for_month_1,&,deployment_membership_value_threshold_array_for_month_2,&,running_average_size_minutes_for_month_2,&,deployment_membership_value_threshold_array_for_month_3,&,running_average_size_minutes_for_month_3,&,deployment_membership_value_threshold_array_for_month_4,&,running_average_size_minutes_for_month_4,&,deployment_membership_value_threshold_array_for_month_5,&,running_average_size_minutes_for_month_5,&,deployment_membership_value_threshold_array_for_month_6,&,running_average_size_minutes_for_month_6,&,deployment_membership_value_threshold_array_for_month_7,&,running_average_size_minutes_for_month_7,&,deployment_membership_value_threshold_array_for_month_8,&,running_average_size_minutes_for_month_8,&,deployment_membership_value_threshold_array_for_month_9,&,running_average_size_minutes_for_month_9,&,deployment_membership_value_threshold_array_for_month_10,&,running_average_size_minutes_for_month_10,&,deployment_membership_value_threshold_array_for_month_11,&,running_average_size_minutes_for_month_11,&,deployment_membership_value_threshold_array_for_month_12,&,running_average_size_minutes_for_month_12,&,dNetNorm,&,dMarketBalancePercentage,&,dMarketNetNorm,
results: KCLE,&,0.5,&,31,&,0.5,&,31,&,0.5,&,31,&,0.5,&,121,&,0.5,&,1,&,0.5,&,1,&,0.5,&,1,&,0.5,&,1,&,0.5,&,1,&,0.5,&,31,&,0.5,&,121,&,0.5,&,1,&,0.4071659256566537,&,0.9258938147441702,&,0.37699241214008034
monthly visible minutes:KCLE,&,2013,&,8672,&,8360,&,8672,&,8672,&,6101,&,3225,&,2212,&,983,&,2244,&,5511,&,8672,&,8672,&,
monthly visible minutes:KCLE,&,2014,&,8672,&,8672,&,8672,&,8672,&,8672,&,8403,&,8672,&,7131,&,6307,&,7648,&,8672,&,8672,&,
monthly minutes harvester between states:KCLE,&,2013,&,722,&,570,&,608,&,657,&,1691,&,841,&,618,&,429,&,457,&,532,&,608,&,959,&,
monthly minutes harvester between states:KCLE,&,2014,&,570,&,683,&,608,&,683,&,1248,&,1432,&,1435,&,1182,&,813,&,532,&,684,&,760,&,
FuzzyVsCrisp: KCLE,1,true,true
station,&,deployment_membership_value_threshold_array_for_month_1,&,running_average_size_minutes_for_month_1,&,deployment_membership_value_threshold_array_for_month_2,&,running_average_size_minutes_for_month_2,&,deployment_membership_value_threshold_array_for_month_3,&,running_average_size_minutes_for_month_3,&,deployment_membership_value_threshold_array_for_month_4,&,running_average_size_minutes_for_month_4,&,deployment_membership_value_threshold_array_for_month_5,&,running_average_size_minutes_for_month_5,&,deployment_membership_value_threshold_array_for_month_6,&,running_average_size_minutes_for_month_6,&,deployment_membership_value_threshold_array_for_month_7,&,running_average_size_minutes_for_month_7,&,deployment_membership_value_threshold_array_for_month_8,&,running_average_size_minutes_for_month_8,&,deployment_membership_value_threshold_array_for_month_9,&,running_average_size_minutes_for_month_9,&,deployment_membership_value_threshold_array_for_month_10,&,running_average_size_minutes_for_month_10,&,deployment_membership_value_threshold_array_for_month_11,&,running_average_size_minutes_for_month_11,&,deployment_membership_value_threshold_array_for_month_12,&,running_average_size_minutes_for_month_12,&,dNetNorm,&,dMarketBalancePercentage,&,dMarketNetNorm,
results: KCLE,&,0.5,&,31,&,0.5,&,31,&,0.5,&,121,&,0.5,&,121,&,0.5,&,1,&,0.5,&,1,&,0.5,&,1,&,0.5,&,1,&,0.5,&,1,&,0.5,&,31,&,0.5,&,121,&,0.5,&,1,&,0.41035519173549745,&,0.9262433358230098,&,0.3800887616653779
monthly visible minutes:KCLE,&,2013,&,8672,&,8360,&,8672,&,8672,&,6101,&,3225,&,2212,&,983,&,2244,&,5511,&,8672,&,8672,&,
monthly visible minutes:KCLE,&,2014,&,8672,&,8672,&,8672,&,8672,&,8672,&,8403,&,8672,&,7131,&,6307,&,7648,&,8672,&,8672,&,
monthly minutes harvester between states:KCLE,&,2013,&,722,&,570,&,608,&,657,&,1691,&,841,&,618,&,429,&,457,&,532,&,608,&,959,&,
monthly minutes harvester between states:KCLE,&,2014,&,570,&,683,&,608,&,683,&,1248,&,1432,&,1435,&,1182,&,813,&,532,&,684,&,760,&,
FuzzyVsCrisp: KCLE,1,true,true
Station: KCLT
abc: The current path is /home/guy/retractable-wind
I have found the property file.
The training windspeed filename is /trainingKCLT2004-2012in.csv
The testing windspeed filename is /testingKCLT2013-2014in.csv
Yes, the station is KCLT
Warning: The bAlsoUsePrediction no longer has any effect
iUsedAllItsAllocatedVisibilityMinutesPerMonth: 8760
Visibility Allocation Minutes:8760
HARVESTER_SIZE_SQM is 6362
Reading file
Success: /Wind turbine power curves - wind turbine power output against wind speed in knots.csv found.
Speed (Knots) = Speed(knots) vs power (kW) , Power (kW) =V90
Speed (Knots) = 0 , Power (kW) =0
Speed (Knots) = 1 , Power (kW) =0
Speed (Knots) = 2 , Power (kW) =0
Speed (Knots) = 3 , Power (kW) =0
Speed (Knots) = 4 , Power (kW) =0
Speed (Knots) = 5 , Power (kW) =0
Speed (Knots) = 6 , Power (kW) =0
Speed (Knots) = 7 , Power (kW) =38
Speed (Knots) = 8 , Power (kW) =87
Speed (Knots) = 9 , Power (kW) =141
Speed (Knots) = 10 , Power (kW) =207
Speed (Knots) = 11 , Power (kW) =286
Speed (Knots) = 12 , Power (kW) =382
Speed (Knots) = 13 , Power (kW) =496
Speed (Knots) = 14 , Power (kW) =628
Speed (Knots) = 15 , Power (kW) =781
Speed (Knots) = 16 , Power (kW) =957
Speed (Knots) = 17 , Power (kW) =1153
Speed (Knots) = 18 , Power (kW) =1366
Speed (Knots) = 19 , Power (kW) =1589
Speed (Knots) = 20 , Power (kW) =1814
Speed (Knots) = 21 , Power (kW) =2035
Speed (Knots) = 22 , Power (kW) =2250
Speed (Knots) = 23 , Power (kW) =2452
Speed (Knots) = 24 , Power (kW) =2634
Speed (Knots) = 25 , Power (kW) =2784
Speed (Knots) = 26 , Power (kW) =2888
Speed (Knots) = 27 , Power (kW) =2949
Speed (Knots) = 28 , Power (kW) =2980
Speed (Knots) = 29 , Power (kW) =2993
Speed (Knots) = 30 , Power (kW) =3000
Speed (Knots) = 31 , Power (kW) =3000
Speed (Knots) = 32 , Power (kW) =3000
Speed (Knots) = 33 , Power (kW) =3000
Speed (Knots) = 34 , Power (kW) =3000
Speed (Knots) = 35 , Power (kW) =3000
Speed (Knots) = 36 , Power (kW) =3000
Speed (Knots) = 37 , Power (kW) =3000
Speed (Knots) = 38 , Power (kW) =3000
Speed (Knots) = 39 , Power (kW) =3000
Speed (Knots) = 40 , Power (kW) =3000
Speed (Knots) = 41 , Power (kW) =3000
Speed (Knots) = 42 , Power (kW) =3000
Speed (Knots) = 43 , Power (kW) =3000
Speed (Knots) = 44 , Power (kW) =3000
Speed (Knots) = 45 , Power (kW) =3000
Speed (Knots) = 46 , Power (kW) =3000
Speed (Knots) = 47 , Power (kW) =3000
Speed (Knots) = 48 , Power (kW) =3000
Speed (Knots) = 49 , Power (kW) =0
Speed (Knots) = 50 , Power (kW) =0
Speed (Knots) = 51 , Power (kW) =0
Speed (Knots) = 52 , Power (kW) =0
Speed (Knots) = 53 , Power (kW) =0
Speed (Knots) = 54 , Power (kW) =0
Speed (Knots) = 55 , Power (kW) =0
Speed (Knots) = 56 , Power (kW) =0
Speed (Knots) = 57 , Power (kW) =0
Speed (Knots) = 58 , Power (kW) =0
Speed (Knots) = 59 , Power (kW) =0
Speed (Knots) = 60 , Power (kW) =0
The scale is 1.0
Wind power at 10 knots in kilowatts is 207.0
Wind power in-cut-out test 0.0
Fuzzy
Class name:edu.pitt.cs.people.guy.wind.benchmarks.Fuzzy5
Success: /Noise_Allowed_Time_Definitions_All_Stations.csv found.
The station is the record is KCLT
Success: /Noise_Allowed_Time_Definitions_All_Stations.csv found.
The station is the record is KCLT
I have found the membership file for NOT WINDY.
Windspeed (knots) [0,1), Membership Value =1.000000000,1.0
Windspeed (knots) [1,2), Membership Value =0.999808973,0.99980897
Windspeed (knots) [2,3), Membership Value =0.996959454,0.99695945
Windspeed (knots) [3,4), Membership Value =0.984354107,0.9843541
Windspeed (knots) [4,5), Membership Value =0.953079203,0.9530792
Windspeed (knots) [5,6), Membership Value =0.896573364,0.89657336
Windspeed (knots) [6,7), Membership Value =0.816209435,0.81620944
Windspeed (knots) [7,8), Membership Value =0.716200374,0.71620035
Windspeed (knots) [8,9), Membership Value =0.601639809,0.6016398
Windspeed (knots) [9,10), Membership Value =0.483225306,0.48322532
Windspeed (knots) [10,11), Membership Value =0.366662968,0.36666298
Windspeed (knots) [11,12), Membership Value =0.258615751,0.25861576
Windspeed (knots) [12,13), Membership Value =0.160827277,0.16082728
Windspeed (knots) [13,14), Membership Value =0.078586080,0.07858608
Windspeed (knots) [14,15), Membership Value =0.009183443,0.009183443
Windspeed (knots) [15,16), Membership Value =0.000000000,0.0
Windspeed (knots) [16,17), Membership Value =0.000000000,0.0
Windspeed (knots) [17,18), Membership Value =0.000000000,0.0
Windspeed (knots) [18,19), Membership Value =0.000000000,0.0
Windspeed (knots) [19,20), Membership Value =0.000000000,0.0
Windspeed (knots) [20,21), Membership Value =0.000000000,0.0
Windspeed (knots) [21,22), Membership Value =0.000000000,0.0
Windspeed (knots) [22,23), Membership Value =0.000000000,0.0
Windspeed (knots) [23,24), Membership Value =0.000000000,0.0
Windspeed (knots) [24,25), Membership Value =0.000000000,0.0
Windspeed (knots) [25,26), Membership Value =0.000000000,0.0
Windspeed (knots) [26,27), Membership Value =0.000000000,0.0
Windspeed (knots) [27,28), Membership Value =0.000000000,0.0
Windspeed (knots) [28,29), Membership Value =0.000000000,0.0
Windspeed (knots) [29,30), Membership Value =0.000000000,0.0
Windspeed (knots) [30,31), Membership Value =0.000000000,0.0
Windspeed (knots) [31,32), Membership Value =0.000000000,0.0
Windspeed (knots) [32,33), Membership Value =0.000000000,0.0
Windspeed (knots) [33,34), Membership Value =0.000000000,0.0
Windspeed (knots) [34,35), Membership Value =0.000000000,0.0
Windspeed (knots) [35,36), Membership Value =0.000000000,0.0
Windspeed (knots) [36,37), Membership Value =0.000000000,0.0
Windspeed (knots) [37,38), Membership Value =0.000000000,0.0
Windspeed (knots) [38,39), Membership Value =0.000000000,0.0
Windspeed (knots) [39,40), Membership Value =0.000000000,0.0
Windspeed (knots) [40,41), Membership Value =0.000000000,0.0
Windspeed (knots) [41,42), Membership Value =0.000000000,0.0
Windspeed (knots) [42,43), Membership Value =0.000000000,0.0
Windspeed (knots) [43,44), Membership Value =0.000000000,0.0
Windspeed (knots) [44,45), Membership Value =0.000000000,0.0
Windspeed (knots) [45,46), Membership Value =0.000000000,0.0
Windspeed (knots) [46,47), Membership Value =0.000000000,0.0
Windspeed (knots) [47,48), Membership Value =0.000000000,0.0
Windspeed (knots) [48,49), Membership Value =0.000000000,0.0
Windspeed (knots) [49,50), Membership Value =0.000000000,0.0
Windspeed (knots) [50,51), Membership Value =0.000000000,0.0
Windspeed (knots) [51,52), Membership Value =0.000000000,0.0
Windspeed (knots) [52,53), Membership Value =0.000000000,0.0
Windspeed (knots) [53,54), Membership Value =0.000000000,0.0
Windspeed (knots) [54,55), Membership Value =0.000000000,0.0
Windspeed (knots) [55,56), Membership Value =0.000000000,0.0
Windspeed (knots) [56,57), Membership Value =0.000000000,0.0
Windspeed (knots) [57,58), Membership Value =0.000000000,0.0
Windspeed (knots) [58,59), Membership Value =0.000000000,0.0
Windspeed (knots) [59,60), Membership Value =0.000000000,0.0
Windspeed (knots) [60,61), Membership Value =0.000000000,0.0
Windspeed (knots) [61,62), Membership Value =0.000000000,0.0
Windspeed (knots) [62,63), Membership Value =0.000000000,0.0
Windspeed (knots) [63,64), Membership Value =0.000000000,0.0
Windspeed (knots) [64,65), Membership Value =0.000000000,0.0
Windspeed (knots) [65,66), Membership Value =0.000000000,0.0
Windspeed (knots) [66,67), Membership Value =0.000000000,0.0
Windspeed (knots) [67,68), Membership Value =0.000000000,0.0
Windspeed (knots) [68,69), Membership Value =0.000000000,0.0
Windspeed (knots) [69,70), Membership Value =0.000000000,0.0
Windspeed (knots) [70,71), Membership Value =0.000000000,0.0
Windspeed (knots) [71,72), Membership Value =0.000000000,0.0
Windspeed (knots) [72,73), Membership Value =0.000000000,0.0
Windspeed (knots) [73,74), Membership Value =0.000000000,0.0
Windspeed (knots) [74,75), Membership Value =0.000000000,0.0
Windspeed (knots) [75,76), Membership Value =0.000000000,0.0
Windspeed (knots) [76,77), Membership Value =0.000000000,0.0
Windspeed (knots) [77,78), Membership Value =0.000000000,0.0
Windspeed (knots) [78,79), Membership Value =0.000000000,0.0
Windspeed (knots) [79,80), Membership Value =0.000000000,0.0
Windspeed (knots) [80,81), Membership Value =0.000000000,0.0
Windspeed (knots) [81,82), Membership Value =0.000000000,0.0
Windspeed (knots) [82,83), Membership Value =0.000000000,0.0
Windspeed (knots) [83,84), Membership Value =0.000000000,0.0
Windspeed (knots) [84,85), Membership Value =0.000000000,0.0
Windspeed (knots) [85,86), Membership Value =0.000000000,0.0
Windspeed (knots) [86,87), Membership Value =0.000000000,0.0
Windspeed (knots) [87,88), Membership Value =0.000000000,0.0
Windspeed (knots) [88,89), Membership Value =0.000000000,0.0
Windspeed (knots) [89,90), Membership Value =0.000000000,0.0
Windspeed (knots) [90,91), Membership Value =0.000000000,0.0
Windspeed (knots) [91,92), Membership Value =0.000000000,0.0
Windspeed (knots) [92,93), Membership Value =0.000000000,0.0
Windspeed (knots) [93,94), Membership Value =0.000000000,0.0
Windspeed (knots) [94,95), Membership Value =0.000000000,0.0
Windspeed (knots) [95,96), Membership Value =0.000000000,0.0
Windspeed (knots) [96,97), Membership Value =0.000000000,0.0
Windspeed (knots) [97,98), Membership Value =0.000000000,0.0
Windspeed (knots) [98,99), Membership Value =0.000000000,0.0
Windspeed (knots) [99,100), Membership Value =0.000000000,0.0
Windspeed (knots) [100,101), Membership Value =0.000000000,0.0
Windspeed (knots) [101,102), Membership Value =0.000000000,0.0
Windspeed (knots) [102,103), Membership Value =0.000000000,0.0
Windspeed (knots) [103,104), Membership Value =0.000000000,0.0
Windspeed (knots) [104,105), Membership Value =0.000000000,0.0
Windspeed (knots) [105,106), Membership Value =0.000000000,0.0
Windspeed (knots) [106,107), Membership Value =0.000000000,0.0
Windspeed (knots) [107,108), Membership Value =0.000000000,0.0
Windspeed (knots) [108,109), Membership Value =0.000000000,0.0
Windspeed (knots) [109,110), Membership Value =0.000000000,0.0
Windspeed (knots) [110,111), Membership Value =0.000000000,0.0
Windspeed (knots) [111,112), Membership Value =0.000000000,0.0
Windspeed (knots) [112,113), Membership Value =0.000000000,0.0
Windspeed (knots) [113,114), Membership Value =0.000000000,0.0
Windspeed (knots) [114,115), Membership Value =0.000000000,0.0
Windspeed (knots) [115,116), Membership Value =0.000000000,0.0
Windspeed (knots) [116,117), Membership Value =0.000000000,0.0
Windspeed (knots) [117,118), Membership Value =0.000000000,0.0
Windspeed (knots) [118,119), Membership Value =0.000000000,0.0
Windspeed (knots) [119,120), Membership Value =0.000000000,0.0
Windspeed (knots) [120,121), Membership Value =0.000000000,0.0
Windspeed (knots) [121,122), Membership Value =0.000000000,0.0
Windspeed (knots) [122,123), Membership Value =0.000000000,0.0
Windspeed (knots) [123,124), Membership Value =0.000000000,0.0
Windspeed (knots) [124,125), Membership Value =0.000000000,0.0
LowestWindspeedThatIsWindyKnots for station KCLT is 5 knots.
Transition limited :false
bUseWeatherPrediction: false
The running average is 1
The membership_value_deployment_threshold is 0.5
Energy harvested: 2360171.6488883263
iGeneratingEnergyWhenGridNeedsEnergyMinutes =586719
iGeneratingEnergyWhenGridNeedsEnergyMinutes =586719
iUsingEnergyWhenGridNeedsEnergyMinutes =76667
iGeneratingEnergyWhenGridHasExcessEnergyMinutes = 1320
iUsingEnergyWhenGridHasExcessEnergyMinutes = 131
iIdleWhenGridDoesNotNeedEnergyMinutes = 44629
iIdleWhenGridNeedsEnergyMinutes = 4023837
iEnergyPriceIsZeroMinutes = 240
harvester.getEnergyHarvestedAVAILABLEKilowattHours( ): 4898122.183333334
harvester.getEnergyHarvestedKilowattHours(): 2360171.6488883263
The running average is 31
The membership_value_deployment_threshold is 0.5
Energy harvested: 2549849.333054917
iGeneratingEnergyWhenGridNeedsEnergyMinutes =538542
iGeneratingEnergyWhenGridNeedsEnergyMinutes =538542
iUsingEnergyWhenGridNeedsEnergyMinutes =31125
iGeneratingEnergyWhenGridHasExcessEnergyMinutes = 1258
iUsingEnergyWhenGridHasExcessEnergyMinutes = 30
iIdleWhenGridDoesNotNeedEnergyMinutes = 44792
iIdleWhenGridNeedsEnergyMinutes = 4117556
iEnergyPriceIsZeroMinutes = 240
harvester.getEnergyHarvestedAVAILABLEKilowattHours( ): 4898122.183333334
harvester.getEnergyHarvestedKilowattHours(): 2549849.333054917
The running average is 61
The membership_value_deployment_threshold is 0.5
Energy harvested: 2504892.498055066
iGeneratingEnergyWhenGridNeedsEnergyMinutes =499421
iGeneratingEnergyWhenGridNeedsEnergyMinutes =499421
iUsingEnergyWhenGridNeedsEnergyMinutes =26347
iGeneratingEnergyWhenGridHasExcessEnergyMinutes = 1239
iUsingEnergyWhenGridHasExcessEnergyMinutes = 38
iIdleWhenGridDoesNotNeedEnergyMinutes = 44803
iIdleWhenGridNeedsEnergyMinutes = 4161455
iEnergyPriceIsZeroMinutes = 240
harvester.getEnergyHarvestedAVAILABLEKilowattHours( ): 4898122.183333334
harvester.getEnergyHarvestedKilowattHours(): 2504892.498055066
The running average is 91
The membership_value_deployment_threshold is 0.5
Energy harvested: 2437850.52027743
iGeneratingEnergyWhenGridNeedsEnergyMinutes =470894
iGeneratingEnergyWhenGridNeedsEnergyMinutes =470894
iUsingEnergyWhenGridNeedsEnergyMinutes =23331
iGeneratingEnergyWhenGridHasExcessEnergyMinutes = 1271
iUsingEnergyWhenGridHasExcessEnergyMinutes = 37
iIdleWhenGridDoesNotNeedEnergyMinutes = 44772
iIdleWhenGridNeedsEnergyMinutes = 4192998
iEnergyPriceIsZeroMinutes = 240
harvester.getEnergyHarvestedAVAILABLEKilowattHours( ): 4898122.183333334
harvester.getEnergyHarvestedKilowattHours(): 2437850.52027743
The running average is 121
The membership_value_deployment_threshold is 0.5
Energy harvested: 2375359.816666442
iGeneratingEnergyWhenGridNeedsEnergyMinutes =446369
iGeneratingEnergyWhenGridNeedsEnergyMinutes =446369
iUsingEnergyWhenGridNeedsEnergyMinutes =21425
iGeneratingEnergyWhenGridHasExcessEnergyMinutes = 1193
iUsingEnergyWhenGridHasExcessEnergyMinutes = 60
iIdleWhenGridDoesNotNeedEnergyMinutes = 44827
iIdleWhenGridNeedsEnergyMinutes = 4219429
iEnergyPriceIsZeroMinutes = 240
harvester.getEnergyHarvestedAVAILABLEKilowattHours( ): 4898122.183333334
harvester.getEnergyHarvestedKilowattHours(): 2375359.816666442
Beginning testing mode:
station,&,deployment_membership_value_threshold_array_for_month_1,&,running_average_size_minutes_for_month_1,&,deployment_membership_value_threshold_array_for_month_2,&,running_average_size_minutes_for_month_2,&,deployment_membership_value_threshold_array_for_month_3,&,running_average_size_minutes_for_month_3,&,deployment_membership_value_threshold_array_for_month_4,&,running_average_size_minutes_for_month_4,&,deployment_membership_value_threshold_array_for_month_5,&,running_average_size_minutes_for_month_5,&,deployment_membership_value_threshold_array_for_month_6,&,running_average_size_minutes_for_month_6,&,deployment_membership_value_threshold_array_for_month_7,&,running_average_size_minutes_for_month_7,&,deployment_membership_value_threshold_array_for_month_8,&,running_average_size_minutes_for_month_8,&,deployment_membership_value_threshold_array_for_month_9,&,running_average_size_minutes_for_month_9,&,deployment_membership_value_threshold_array_for_month_10,&,running_average_size_minutes_for_month_10,&,deployment_membership_value_threshold_array_for_month_11,&,running_average_size_minutes_for_month_11,&,deployment_membership_value_threshold_array_for_month_12,&,running_average_size_minutes_for_month_12,&,dNetNorm,&,dMarketBalancePercentage,&,dMarketNetNorm,
results: KCLT,&,0.5,&,31,&,0.5,&,121,&,0.5,&,61,&,0.5,&,121,&,0.5,&,121,&,0.5,&,31,&,0.5,&,31,&,0.5,&,31,&,0.5,&,91,&,0.5,&,31,&,0.5,&,31,&,0.5,&,31,&,0.4916392157459711,&,0.9368431881488984,&,0.4605888502984797
monthly visible minutes:KCLT,&,2013,&,7652,&,6856,&,8672,&,8672,&,8415,&,8671,&,7972,&,7531,&,5225,&,5699,&,8672,&,7918,&,
monthly visible minutes:KCLT,&,2014,&,8545,&,8672,&,8653,&,8669,&,4315,&,5861,&,6962,&,4541,&,3026,&,8672,&,8672,&,6322,&,
monthly minutes harvester between states:KCLT,&,2013,&,722,&,494,&,684,&,570,&,608,&,949,&,836,&,608,&,342,&,418,&,653,&,608,&,
monthly minutes harvester between states:KCLT,&,2014,&,646,&,570,&,533,&,570,&,418,&,881,&,773,&,380,&,190,&,722,&,646,&,425,&,
FuzzyVsCrisp: KCLT,1,true,true
station,&,deployment_membership_value_threshold_array_for_month_1,&,running_average_size_minutes_for_month_1,&,deployment_membership_value_threshold_array_for_month_2,&,running_average_size_minutes_for_month_2,&,deployment_membership_value_threshold_array_for_month_3,&,running_average_size_minutes_for_month_3,&,deployment_membership_value_threshold_array_for_month_4,&,running_average_size_minutes_for_month_4,&,deployment_membership_value_threshold_array_for_month_5,&,running_average_size_minutes_for_month_5,&,deployment_membership_value_threshold_array_for_month_6,&,running_average_size_minutes_for_month_6,&,deployment_membership_value_threshold_array_for_month_7,&,running_average_size_minutes_for_month_7,&,deployment_membership_value_threshold_array_for_month_8,&,running_average_size_minutes_for_month_8,&,deployment_membership_value_threshold_array_for_month_9,&,running_average_size_minutes_for_month_9,&,deployment_membership_value_threshold_array_for_month_10,&,running_average_size_minutes_for_month_10,&,deployment_membership_value_threshold_array_for_month_11,&,running_average_size_minutes_for_month_11,&,deployment_membership_value_threshold_array_for_month_12,&,running_average_size_minutes_for_month_12,&,dNetNorm,&,dMarketBalancePercentage,&,dMarketNetNorm,
results: KCLT,&,0.5,&,31,&,0.5,&,121,&,0.5,&,61,&,0.5,&,121,&,0.5,&,121,&,0.5,&,31,&,0.5,&,31,&,0.5,&,31,&,0.5,&,91,&,0.5,&,31,&,0.5,&,31,&,0.5,&,31,&,0.4916392157459711,&,0.9368431881488984,&,0.4605888502984797
monthly visible minutes:KCLT,&,2013,&,7652,&,6856,&,8672,&,8672,&,8415,&,8671,&,7972,&,7531,&,5225,&,5699,&,8672,&,7918,&,
monthly visible minutes:KCLT,&,2014,&,8545,&,8672,&,8653,&,8669,&,4315,&,5861,&,6962,&,4541,&,3026,&,8672,&,8672,&,6322,&,
monthly minutes harvester between states:KCLT,&,2013,&,722,&,494,&,684,&,570,&,608,&,949,&,836,&,608,&,342,&,418,&,653,&,608,&,
monthly minutes harvester between states:KCLT,&,2014,&,646,&,570,&,533,&,570,&,418,&,881,&,773,&,380,&,190,&,722,&,646,&,425,&,
FuzzyVsCrisp: KCLT,1,true,true
Station: KCVG
abc: The current path is /home/guy/retractable-wind
I have found the property file.
The training windspeed filename is /trainingKCVG2004-2012in.csv
The testing windspeed filename is /testingKCVG2013-2014in.csv
Yes, the station is KCVG
Warning: The bAlsoUsePrediction no longer has any effect
iUsedAllItsAllocatedVisibilityMinutesPerMonth: 8760
Visibility Allocation Minutes:8760
HARVESTER_SIZE_SQM is 6362
Reading file
Success: /Wind turbine power curves - wind turbine power output against wind speed in knots.csv found.
Speed (Knots) = Speed(knots) vs power (kW) , Power (kW) =V90
Speed (Knots) = 0 , Power (kW) =0
Speed (Knots) = 1 , Power (kW) =0
Speed (Knots) = 2 , Power (kW) =0
Speed (Knots) = 3 , Power (kW) =0
Speed (Knots) = 4 , Power (kW) =0
Speed (Knots) = 5 , Power (kW) =0
Speed (Knots) = 6 , Power (kW) =0
Speed (Knots) = 7 , Power (kW) =38
Speed (Knots) = 8 , Power (kW) =87
Speed (Knots) = 9 , Power (kW) =141
Speed (Knots) = 10 , Power (kW) =207
Speed (Knots) = 11 , Power (kW) =286
Speed (Knots) = 12 , Power (kW) =382
Speed (Knots) = 13 , Power (kW) =496
Speed (Knots) = 14 , Power (kW) =628
Speed (Knots) = 15 , Power (kW) =781
Speed (Knots) = 16 , Power (kW) =957
Speed (Knots) = 17 , Power (kW) =1153
Speed (Knots) = 18 , Power (kW) =1366
Speed (Knots) = 19 , Power (kW) =1589
Speed (Knots) = 20 , Power (kW) =1814
Speed (Knots) = 21 , Power (kW) =2035
Speed (Knots) = 22 , Power (kW) =2250
Speed (Knots) = 23 , Power (kW) =2452
Speed (Knots) = 24 , Power (kW) =2634
Speed (Knots) = 25 , Power (kW) =2784
Speed (Knots) = 26 , Power (kW) =2888
Speed (Knots) = 27 , Power (kW) =2949
Speed (Knots) = 28 , Power (kW) =2980
Speed (Knots) = 29 , Power (kW) =2993
Speed (Knots) = 30 , Power (kW) =3000
Speed (Knots) = 31 , Power (kW) =3000
Speed (Knots) = 32 , Power (kW) =3000
Speed (Knots) = 33 , Power (kW) =3000
Speed (Knots) = 34 , Power (kW) =3000
Speed (Knots) = 35 , Power (kW) =3000
Speed (Knots) = 36 , Power (kW) =3000
Speed (Knots) = 37 , Power (kW) =3000
Speed (Knots) = 38 , Power (kW) =3000
Speed (Knots) = 39 , Power (kW) =3000
Speed (Knots) = 40 , Power (kW) =3000
Speed (Knots) = 41 , Power (kW) =3000
Speed (Knots) = 42 , Power (kW) =3000
Speed (Knots) = 43 , Power (kW) =3000
Speed (Knots) = 44 , Power (kW) =3000
Speed (Knots) = 45 , Power (kW) =3000
Speed (Knots) = 46 , Power (kW) =3000
Speed (Knots) = 47 , Power (kW) =3000
Speed (Knots) = 48 , Power (kW) =3000
Speed (Knots) = 49 , Power (kW) =0
Speed (Knots) = 50 , Power (kW) =0
Speed (Knots) = 51 , Power (kW) =0
Speed (Knots) = 52 , Power (kW) =0
Speed (Knots) = 53 , Power (kW) =0
Speed (Knots) = 54 , Power (kW) =0
Speed (Knots) = 55 , Power (kW) =0
Speed (Knots) = 56 , Power (kW) =0
Speed (Knots) = 57 , Power (kW) =0
Speed (Knots) = 58 , Power (kW) =0
Speed (Knots) = 59 , Power (kW) =0
Speed (Knots) = 60 , Power (kW) =0
The scale is 1.0
Wind power at 10 knots in kilowatts is 207.0
Wind power in-cut-out test 0.0
Fuzzy
Class name:edu.pitt.cs.people.guy.wind.benchmarks.Fuzzy5
Success: /Noise_Allowed_Time_Definitions_All_Stations.csv found.
The station is the record is KCVG
Success: /Noise_Allowed_Time_Definitions_All_Stations.csv found.
The station is the record is KCVG
I have found the membership file for NOT WINDY.
Windspeed (knots) [0,1), Membership Value =1.00000000,1.0
Windspeed (knots) [1,2), Membership Value =0.99993104,0.99993104
Windspeed (knots) [2,3), Membership Value =0.99910231,0.9991023
Windspeed (knots) [3,4), Membership Value =0.99547484,0.9954748
Windspeed (knots) [4,5), Membership Value =0.98504723,0.9850472
Windspeed (knots) [5,6), Membership Value =0.96273147,0.9627315
Windspeed (knots) [6,7), Membership Value =0.92411764,0.9241176
Windspeed (knots) [7,8), Membership Value =0.86470912,0.86470914
Windspeed (knots) [8,9), Membership Value =0.79230455,0.7923046
Windspeed (knots) [9,10), Membership Value =0.70498803,0.704988
Windspeed (knots) [10,11), Membership Value =0.60762089,0.6076209
Windspeed (knots) [11,12), Membership Value =0.50467934,0.5046793
Windspeed (knots) [12,13), Membership Value =0.40151416,0.40151417
Windspeed (knots) [13,14), Membership Value =0.30164158,0.30164158
Windspeed (knots) [14,15), Membership Value =0.21096897,0.21096897
Windspeed (knots) [15,16), Membership Value =0.12823072,0.12823072
Windspeed (knots) [16,17), Membership Value =0.05359591,0.05359591
Windspeed (knots) [17,18), Membership Value =0.00000000,0.0
Windspeed (knots) [18,19), Membership Value =0.00000000,0.0
Windspeed (knots) [19,20), Membership Value =0.00000000,0.0
Windspeed (knots) [20,21), Membership Value =0.00000000,0.0
Windspeed (knots) [21,22), Membership Value =0.00000000,0.0
Windspeed (knots) [22,23), Membership Value =0.00000000,0.0
Windspeed (knots) [23,24), Membership Value =0.00000000,0.0
Windspeed (knots) [24,25), Membership Value =0.00000000,0.0
Windspeed (knots) [25,26), Membership Value =0.00000000,0.0
Windspeed (knots) [26,27), Membership Value =0.00000000,0.0
Windspeed (knots) [27,28), Membership Value =0.00000000,0.0
Windspeed (knots) [28,29), Membership Value =0.00000000,0.0
Windspeed (knots) [29,30), Membership Value =0.00000000,0.0
Windspeed (knots) [30,31), Membership Value =0.00000000,0.0
Windspeed (knots) [31,32), Membership Value =0.00000000,0.0
Windspeed (knots) [32,33), Membership Value =0.00000000,0.0
Windspeed (knots) [33,34), Membership Value =0.00000000,0.0
Windspeed (knots) [34,35), Membership Value =0.00000000,0.0
Windspeed (knots) [35,36), Membership Value =0.00000000,0.0
Windspeed (knots) [36,37), Membership Value =0.00000000,0.0
Windspeed (knots) [37,38), Membership Value =0.00000000,0.0
Windspeed (knots) [38,39), Membership Value =0.00000000,0.0
Windspeed (knots) [39,40), Membership Value =0.00000000,0.0
Windspeed (knots) [40,41), Membership Value =0.00000000,0.0
Windspeed (knots) [41,42), Membership Value =0.00000000,0.0
Windspeed (knots) [42,43), Membership Value =0.00000000,0.0
Windspeed (knots) [43,44), Membership Value =0.00000000,0.0
Windspeed (knots) [44,45), Membership Value =0.00000000,0.0
Windspeed (knots) [45,46), Membership Value =0.00000000,0.0
Windspeed (knots) [46,47), Membership Value =0.00000000,0.0
Windspeed (knots) [47,48), Membership Value =0.00000000,0.0
Windspeed (knots) [48,49), Membership Value =0.00000000,0.0
Windspeed (knots) [49,50), Membership Value =0.00000000,0.0
Windspeed (knots) [50,51), Membership Value =0.00000000,0.0
Windspeed (knots) [51,52), Membership Value =0.00000000,0.0
Windspeed (knots) [52,53), Membership Value =0.00000000,0.0
Windspeed (knots) [53,54), Membership Value =0.00000000,0.0
Windspeed (knots) [54,55), Membership Value =0.00000000,0.0
Windspeed (knots) [55,56), Membership Value =0.00000000,0.0
Windspeed (knots) [56,57), Membership Value =0.00000000,0.0
Windspeed (knots) [57,58), Membership Value =0.00000000,0.0
Windspeed (knots) [58,59), Membership Value =0.00000000,0.0
Windspeed (knots) [59,60), Membership Value =0.00000000,0.0
Windspeed (knots) [60,61), Membership Value =0.00000000,0.0
Windspeed (knots) [61,62), Membership Value =0.00000000,0.0
Windspeed (knots) [62,63), Membership Value =0.00000000,0.0
Windspeed (knots) [63,64), Membership Value =0.00000000,0.0
Windspeed (knots) [64,65), Membership Value =0.00000000,0.0
Windspeed (knots) [65,66), Membership Value =0.00000000,0.0
Windspeed (knots) [66,67), Membership Value =0.00000000,0.0
Windspeed (knots) [67,68), Membership Value =0.00000000,0.0
Windspeed (knots) [68,69), Membership Value =0.00000000,0.0
Windspeed (knots) [69,70), Membership Value =0.00000000,0.0
Windspeed (knots) [70,71), Membership Value =0.00000000,0.0
Windspeed (knots) [71,72), Membership Value =0.00000000,0.0
Windspeed (knots) [72,73), Membership Value =0.00000000,0.0
Windspeed (knots) [73,74), Membership Value =0.00000000,0.0
Windspeed (knots) [74,75), Membership Value =0.00000000,0.0
Windspeed (knots) [75,76), Membership Value =0.00000000,0.0
Windspeed (knots) [76,77), Membership Value =0.00000000,0.0
Windspeed (knots) [77,78), Membership Value =0.00000000,0.0
Windspeed (knots) [78,79), Membership Value =0.00000000,0.0
Windspeed (knots) [79,80), Membership Value =0.00000000,0.0
Windspeed (knots) [80,81), Membership Value =0.00000000,0.0
Windspeed (knots) [81,82), Membership Value =0.00000000,0.0
Windspeed (knots) [82,83), Membership Value =0.00000000,0.0
Windspeed (knots) [83,84), Membership Value =0.00000000,0.0
Windspeed (knots) [84,85), Membership Value =0.00000000,0.0
Windspeed (knots) [85,86), Membership Value =0.00000000,0.0
Windspeed (knots) [86,87), Membership Value =0.00000000,0.0
Windspeed (knots) [87,88), Membership Value =0.00000000,0.0
Windspeed (knots) [88,89), Membership Value =0.00000000,0.0
Windspeed (knots) [89,90), Membership Value =0.00000000,0.0
Windspeed (knots) [90,91), Membership Value =0.00000000,0.0
Windspeed (knots) [91,92), Membership Value =0.00000000,0.0
Windspeed (knots) [92,93), Membership Value =0.00000000,0.0
Windspeed (knots) [93,94), Membership Value =0.00000000,0.0
Windspeed (knots) [94,95), Membership Value =0.00000000,0.0
Windspeed (knots) [95,96), Membership Value =0.00000000,0.0
Windspeed (knots) [96,97), Membership Value =0.00000000,0.0
Windspeed (knots) [97,98), Membership Value =0.00000000,0.0
Windspeed (knots) [98,99), Membership Value =0.00000000,0.0
Windspeed (knots) [99,100), Membership Value =0.00000000,0.0
Windspeed (knots) [100,101), Membership Value =0.00000000,0.0
Windspeed (knots) [101,102), Membership Value =0.00000000,0.0
Windspeed (knots) [102,103), Membership Value =0.00000000,0.0
Windspeed (knots) [103,104), Membership Value =0.00000000,0.0
Windspeed (knots) [104,105), Membership Value =0.00000000,0.0
Windspeed (knots) [105,106), Membership Value =0.00000000,0.0
Windspeed (knots) [106,107), Membership Value =0.00000000,0.0
Windspeed (knots) [107,108), Membership Value =0.00000000,0.0
Windspeed (knots) [108,109), Membership Value =0.00000000,0.0
Windspeed (knots) [109,110), Membership Value =0.00000000,0.0
Windspeed (knots) [110,111), Membership Value =0.00000000,0.0
Windspeed (knots) [111,112), Membership Value =0.00000000,0.0
Windspeed (knots) [112,113), Membership Value =0.00000000,0.0
Windspeed (knots) [113,114), Membership Value =0.00000000,0.0
Windspeed (knots) [114,115), Membership Value =0.00000000,0.0
Windspeed (knots) [115,116), Membership Value =0.00000000,0.0
Windspeed (knots) [116,117), Membership Value =0.00000000,0.0
Windspeed (knots) [117,118), Membership Value =0.00000000,0.0
Windspeed (knots) [118,119), Membership Value =0.00000000,0.0
Windspeed (knots) [119,120), Membership Value =0.00000000,0.0
Windspeed (knots) [120,121), Membership Value =0.00000000,0.0
Windspeed (knots) [121,122), Membership Value =0.00000000,0.0
Windspeed (knots) [122,123), Membership Value =0.00000000,0.0
Windspeed (knots) [123,124), Membership Value =0.00000000,0.0
Windspeed (knots) [124,125), Membership Value =0.00000000,0.0
LowestWindspeedThatIsWindyKnots for station KCVG is 7 knots.
Transition limited :false
bUseWeatherPrediction: false
The running average is 1
The membership_value_deployment_threshold is 0.5
Energy harvested: 5295044.135830534
iGeneratingEnergyWhenGridNeedsEnergyMinutes =713612
iGeneratingEnergyWhenGridNeedsEnergyMinutes =713612
iUsingEnergyWhenGridNeedsEnergyMinutes =53806
iGeneratingEnergyWhenGridHasExcessEnergyMinutes = 1413
iUsingEnergyWhenGridHasExcessEnergyMinutes = 200
iIdleWhenGridDoesNotNeedEnergyMinutes = 44467
iIdleWhenGridNeedsEnergyMinutes = 3919802
iEnergyPriceIsZeroMinutes = 240
harvester.getEnergyHarvestedAVAILABLEKilowattHours( ): 1.1543897016666668E7
harvester.getEnergyHarvestedKilowattHours(): 5295044.135830534
The running average is 31
The membership_value_deployment_threshold is 0.5
Energy harvested: 5149127.856387407
iGeneratingEnergyWhenGridNeedsEnergyMinutes =580682
iGeneratingEnergyWhenGridNeedsEnergyMinutes =580682
iUsingEnergyWhenGridNeedsEnergyMinutes =20041
iGeneratingEnergyWhenGridHasExcessEnergyMinutes = 941
iUsingEnergyWhenGridHasExcessEnergyMinutes = 50
iIdleWhenGridDoesNotNeedEnergyMinutes = 45089
iIdleWhenGridNeedsEnergyMinutes = 4086497
iEnergyPriceIsZeroMinutes = 240
harvester.getEnergyHarvestedAVAILABLEKilowattHours( ): 1.1543897016666668E7
harvester.getEnergyHarvestedKilowattHours(): 5149127.856387407
The running average is 61
The membership_value_deployment_threshold is 0.5
Energy harvested: 4960013.4761097925
iGeneratingEnergyWhenGridNeedsEnergyMinutes =536192
iGeneratingEnergyWhenGridNeedsEnergyMinutes =536192
iUsingEnergyWhenGridNeedsEnergyMinutes =16181
iGeneratingEnergyWhenGridHasExcessEnergyMinutes = 944
iUsingEnergyWhenGridHasExcessEnergyMinutes = 74
iIdleWhenGridDoesNotNeedEnergyMinutes = 45062
iIdleWhenGridNeedsEnergyMinutes = 4134847
iEnergyPriceIsZeroMinutes = 240
harvester.getEnergyHarvestedAVAILABLEKilowattHours( ): 1.1543897016666668E7
harvester.getEnergyHarvestedKilowattHours(): 4960013.4761097925
The running average is 91
The membership_value_deployment_threshold is 0.5
Energy harvested: 4784391.486109862
iGeneratingEnergyWhenGridNeedsEnergyMinutes =500141
iGeneratingEnergyWhenGridNeedsEnergyMinutes =500141
iUsingEnergyWhenGridNeedsEnergyMinutes =13711
iGeneratingEnergyWhenGridHasExcessEnergyMinutes = 788
iUsingEnergyWhenGridHasExcessEnergyMinutes = 63
iIdleWhenGridDoesNotNeedEnergyMinutes = 45229
iIdleWhenGridNeedsEnergyMinutes = 4173368
iEnergyPriceIsZeroMinutes = 240
harvester.getEnergyHarvestedAVAILABLEKilowattHours( ): 1.1543897016666668E7
harvester.getEnergyHarvestedKilowattHours(): 4784391.486109862
The running average is 121
The membership_value_deployment_threshold is 0.5
Energy harvested: 4680161.160831993
iGeneratingEnergyWhenGridNeedsEnergyMinutes =474129
iGeneratingEnergyWhenGridNeedsEnergyMinutes =474129
iUsingEnergyWhenGridNeedsEnergyMinutes =12423
iGeneratingEnergyWhenGridHasExcessEnergyMinutes = 971
iUsingEnergyWhenGridHasExcessEnergyMinutes = 83
iIdleWhenGridDoesNotNeedEnergyMinutes = 45026
iIdleWhenGridNeedsEnergyMinutes = 4200668
iEnergyPriceIsZeroMinutes = 240
harvester.getEnergyHarvestedAVAILABLEKilowattHours( ): 1.1543897016666668E7
harvester.getEnergyHarvestedKilowattHours(): 4680161.160831993
Beginning testing mode:
station,&,deployment_membership_value_threshold_array_for_month_1,&,running_average_size_minutes_for_month_1,&,deployment_membership_value_threshold_array_for_month_2,&,running_average_size_minutes_for_month_2,&,deployment_membership_value_threshold_array_for_month_3,&,running_average_size_minutes_for_month_3,&,deployment_membership_value_threshold_array_for_month_4,&,running_average_size_minutes_for_month_4,&,deployment_membership_value_threshold_array_for_month_5,&,running_average_size_minutes_for_month_5,&,deployment_membership_value_threshold_array_for_month_6,&,running_average_size_minutes_for_month_6,&,deployment_membership_value_threshold_array_for_month_7,&,running_average_size_minutes_for_month_7,&,deployment_membership_value_threshold_array_for_month_8,&,running_average_size_minutes_for_month_8,&,deployment_membership_value_threshold_array_for_month_9,&,running_average_size_minutes_for_month_9,&,deployment_membership_value_threshold_array_for_month_10,&,running_average_size_minutes_for_month_10,&,deployment_membership_value_threshold_array_for_month_11,&,running_average_size_minutes_for_month_11,&,deployment_membership_value_threshold_array_for_month_12,&,running_average_size_minutes_for_month_12,&,dNetNorm,&,dMarketBalancePercentage,&,dMarketNetNorm,
results: KCVG,&,0.5,&,121,&,0.5,&,91,&,0.5,&,121,&,0.5,&,91,&,0.5,&,31,&,0.5,&,1,&,0.5,&,1,&,0.5,&,1,&,0.5,&,1,&,0.5,&,31,&,0.5,&,121,&,0.5,&,31,&,0.4438373874406834,&,0.9243618631472971,&,0.41026635438909886
monthly visible minutes:KCVG,&,2013,&,7534,&,8672,&,7337,&,8672,&,8672,&,5597,&,4852,&,3834,&,3647,&,4313,&,6501,&,7890,&,
monthly visible minutes:KCVG,&,2014,&,8672,&,3903,&,8672,&,8672,&,7357,&,8672,&,8672,&,8672,&,8663,&,8672,&,8672,&,5358,&,
monthly minutes harvester between states:KCVG,&,2013,&,532,&,608,&,532,&,570,&,760,&,1505,&,1464,&,1007,&,648,&,342,&,455,&,743,&,
monthly minutes harvester between states:KCVG,&,2014,&,570,&,342,&,608,&,570,&,684,&,1249,&,780,&,1145,&,712,&,693,&,608,&,342,&,
FuzzyVsCrisp: KCVG,1,true,true
station,&,deployment_membership_value_threshold_array_for_month_1,&,running_average_size_minutes_for_month_1,&,deployment_membership_value_threshold_array_for_month_2,&,running_average_size_minutes_for_month_2,&,deployment_membership_value_threshold_array_for_month_3,&,running_average_size_minutes_for_month_3,&,deployment_membership_value_threshold_array_for_month_4,&,running_average_size_minutes_for_month_4,&,deployment_membership_value_threshold_array_for_month_5,&,running_average_size_minutes_for_month_5,&,deployment_membership_value_threshold_array_for_month_6,&,running_average_size_minutes_for_month_6,&,deployment_membership_value_threshold_array_for_month_7,&,running_average_size_minutes_for_month_7,&,deployment_membership_value_threshold_array_for_month_8,&,running_average_size_minutes_for_month_8,&,deployment_membership_value_threshold_array_for_month_9,&,running_average_size_minutes_for_month_9,&,deployment_membership_value_threshold_array_for_month_10,&,running_average_size_minutes_for_month_10,&,deployment_membership_value_threshold_array_for_month_11,&,running_average_size_minutes_for_month_11,&,deployment_membership_value_threshold_array_for_month_12,&,running_average_size_minutes_for_month_12,&,dNetNorm,&,dMarketBalancePercentage,&,dMarketNetNorm,
results: KCVG,&,0.5,&,121,&,0.5,&,91,&,0.5,&,121,&,0.5,&,91,&,0.5,&,31,&,0.5,&,1,&,0.5,&,1,&,0.5,&,1,&,0.5,&,1,&,0.5,&,31,&,0.5,&,121,&,0.5,&,31,&,0.4438373874406834,&,0.9243618631472971,&,0.41026635438909886
monthly visible minutes:KCVG,&,2013,&,7534,&,8672,&,7337,&,8672,&,8672,&,5597,&,4852,&,3834,&,3647,&,4313,&,6501,&,7890,&,
monthly visible minutes:KCVG,&,2014,&,8672,&,3903,&,8672,&,8672,&,7357,&,8672,&,8672,&,8672,&,8663,&,8672,&,8672,&,5358,&,
monthly minutes harvester between states:KCVG,&,2013,&,532,&,608,&,532,&,570,&,760,&,1505,&,1464,&,1007,&,648,&,342,&,455,&,743,&,
monthly minutes harvester between states:KCVG,&,2014,&,570,&,342,&,608,&,570,&,684,&,1249,&,780,&,1145,&,712,&,693,&,608,&,342,&,
FuzzyVsCrisp: KCVG,1,true,true
Station: KDCA
abc: The current path is /home/guy/retractable-wind
I have found the property file.
The training windspeed filename is /trainingKDCA2004-2012in.csv
The testing windspeed filename is /testingKDCA2013-2014in.csv
Yes, the station is KDCA
Warning: The bAlsoUsePrediction no longer has any effect
iUsedAllItsAllocatedVisibilityMinutesPerMonth: 8760
Visibility Allocation Minutes:8760
HARVESTER_SIZE_SQM is 6362
Reading file
Success: /Wind turbine power curves - wind turbine power output against wind speed in knots.csv found.
Speed (Knots) = Speed(knots) vs power (kW) , Power (kW) =V90
Speed (Knots) = 0 , Power (kW) =0
Speed (Knots) = 1 , Power (kW) =0
Speed (Knots) = 2 , Power (kW) =0
Speed (Knots) = 3 , Power (kW) =0
Speed (Knots) = 4 , Power (kW) =0
Speed (Knots) = 5 , Power (kW) =0
Speed (Knots) = 6 , Power (kW) =0
Speed (Knots) = 7 , Power (kW) =38
Speed (Knots) = 8 , Power (kW) =87
Speed (Knots) = 9 , Power (kW) =141
Speed (Knots) = 10 , Power (kW) =207
Speed (Knots) = 11 , Power (kW) =286
Speed (Knots) = 12 , Power (kW) =382
Speed (Knots) = 13 , Power (kW) =496
Speed (Knots) = 14 , Power (kW) =628
Speed (Knots) = 15 , Power (kW) =781
Speed (Knots) = 16 , Power (kW) =957
Speed (Knots) = 17 , Power (kW) =1153
Speed (Knots) = 18 , Power (kW) =1366
Speed (Knots) = 19 , Power (kW) =1589
Speed (Knots) = 20 , Power (kW) =1814
Speed (Knots) = 21 , Power (kW) =2035
Speed (Knots) = 22 , Power (kW) =2250
Speed (Knots) = 23 , Power (kW) =2452
Speed (Knots) = 24 , Power (kW) =2634
Speed (Knots) = 25 , Power (kW) =2784
Speed (Knots) = 26 , Power (kW) =2888
Speed (Knots) = 27 , Power (kW) =2949
Speed (Knots) = 28 , Power (kW) =2980
Speed (Knots) = 29 , Power (kW) =2993
Speed (Knots) = 30 , Power (kW) =3000
Speed (Knots) = 31 , Power (kW) =3000
Speed (Knots) = 32 , Power (kW) =3000
Speed (Knots) = 33 , Power (kW) =3000
Speed (Knots) = 34 , Power (kW) =3000
Speed (Knots) = 35 , Power (kW) =3000
Speed (Knots) = 36 , Power (kW) =3000
Speed (Knots) = 37 , Power (kW) =3000
Speed (Knots) = 38 , Power (kW) =3000
Speed (Knots) = 39 , Power (kW) =3000
Speed (Knots) = 40 , Power (kW) =3000
Speed (Knots) = 41 , Power (kW) =3000
Speed (Knots) = 42 , Power (kW) =3000
Speed (Knots) = 43 , Power (kW) =3000
Speed (Knots) = 44 , Power (kW) =3000
Speed (Knots) = 45 , Power (kW) =3000
Speed (Knots) = 46 , Power (kW) =3000
Speed (Knots) = 47 , Power (kW) =3000
Speed (Knots) = 48 , Power (kW) =3000
Speed (Knots) = 49 , Power (kW) =0
Speed (Knots) = 50 , Power (kW) =0
Speed (Knots) = 51 , Power (kW) =0
Speed (Knots) = 52 , Power (kW) =0
Speed (Knots) = 53 , Power (kW) =0
Speed (Knots) = 54 , Power (kW) =0
Speed (Knots) = 55 , Power (kW) =0
Speed (Knots) = 56 , Power (kW) =0
Speed (Knots) = 57 , Power (kW) =0
Speed (Knots) = 58 , Power (kW) =0
Speed (Knots) = 59 , Power (kW) =0
Speed (Knots) = 60 , Power (kW) =0
The scale is 1.0
Wind power at 10 knots in kilowatts is 207.0
Wind power in-cut-out test 0.0
Fuzzy
Class name:edu.pitt.cs.people.guy.wind.benchmarks.Fuzzy5
Success: /Noise_Allowed_Time_Definitions_All_Stations.csv found.
The station is the record is KDCA
Success: /Noise_Allowed_Time_Definitions_All_Stations.csv found.
The station is the record is KDCA
I have found the membership file for NOT WINDY.
Windspeed (knots) [0,1), Membership Value =1.00000000,1.0
Windspeed (knots) [1,2), Membership Value =0.99995870,0.9999587
Windspeed (knots) [2,3), Membership Value =0.99931406,0.99931407
Windspeed (knots) [3,4), Membership Value =0.99597394,0.99597394
Windspeed (knots) [4,5), Membership Value =0.98645224,0.9864522
Windspeed (knots) [5,6), Membership Value =0.96729674,0.9672967
Windspeed (knots) [6,7), Membership Value =0.93346797,0.933468
Windspeed (knots) [7,8), Membership Value =0.88326361,0.8832636
Windspeed (knots) [8,9), Membership Value =0.81258633,0.8125863
Windspeed (knots) [9,10), Membership Value =0.72894185,0.72894186
Windspeed (knots) [10,11), Membership Value =0.63205387,0.63205385
Windspeed (knots) [11,12), Membership Value =0.53365487,0.53365487
Windspeed (knots) [12,13), Membership Value =0.42929035,0.42929035
Windspeed (knots) [13,14), Membership Value =0.33305771,0.3330577
Windspeed (knots) [14,15), Membership Value =0.24499256,0.24499255
Windspeed (knots) [15,16), Membership Value =0.16346385,0.16346385
Windspeed (knots) [16,17), Membership Value =0.09114446,0.09114446
Windspeed (knots) [17,18), Membership Value =0.02753661,0.02753661
Windspeed (knots) [18,19), Membership Value =0.00000000,0.0
Windspeed (knots) [19,20), Membership Value =0.00000000,0.0
Windspeed (knots) [20,21), Membership Value =0.00000000,0.0
Windspeed (knots) [21,22), Membership Value =0.00000000,0.0
Windspeed (knots) [22,23), Membership Value =0.00000000,0.0
Windspeed (knots) [23,24), Membership Value =0.00000000,0.0
Windspeed (knots) [24,25), Membership Value =0.00000000,0.0
Windspeed (knots) [25,26), Membership Value =0.00000000,0.0
Windspeed (knots) [26,27), Membership Value =0.00000000,0.0
Windspeed (knots) [27,28), Membership Value =0.00000000,0.0
Windspeed (knots) [28,29), Membership Value =0.00000000,0.0
Windspeed (knots) [29,30), Membership Value =0.00000000,0.0
Windspeed (knots) [30,31), Membership Value =0.00000000,0.0
Windspeed (knots) [31,32), Membership Value =0.00000000,0.0
Windspeed (knots) [32,33), Membership Value =0.00000000,0.0
Windspeed (knots) [33,34), Membership Value =0.00000000,0.0
Windspeed (knots) [34,35), Membership Value =0.00000000,0.0
Windspeed (knots) [35,36), Membership Value =0.00000000,0.0
Windspeed (knots) [36,37), Membership Value =0.00000000,0.0
Windspeed (knots) [37,38), Membership Value =0.00000000,0.0
Windspeed (knots) [38,39), Membership Value =0.00000000,0.0
Windspeed (knots) [39,40), Membership Value =0.00000000,0.0
Windspeed (knots) [40,41), Membership Value =0.00000000,0.0
Windspeed (knots) [41,42), Membership Value =0.00000000,0.0
Windspeed (knots) [42,43), Membership Value =0.00000000,0.0
Windspeed (knots) [43,44), Membership Value =0.00000000,0.0
Windspeed (knots) [44,45), Membership Value =0.00000000,0.0
Windspeed (knots) [45,46), Membership Value =0.00000000,0.0
Windspeed (knots) [46,47), Membership Value =0.00000000,0.0
Windspeed (knots) [47,48), Membership Value =0.00000000,0.0
Windspeed (knots) [48,49), Membership Value =0.00000000,0.0
Windspeed (knots) [49,50), Membership Value =0.00000000,0.0
Windspeed (knots) [50,51), Membership Value =0.00000000,0.0
Windspeed (knots) [51,52), Membership Value =0.00000000,0.0
Windspeed (knots) [52,53), Membership Value =0.00000000,0.0
Windspeed (knots) [53,54), Membership Value =0.00000000,0.0
Windspeed (knots) [54,55), Membership Value =0.00000000,0.0
Windspeed (knots) [55,56), Membership Value =0.00000000,0.0
Windspeed (knots) [56,57), Membership Value =0.00000000,0.0
Windspeed (knots) [57,58), Membership Value =0.00000000,0.0
Windspeed (knots) [58,59), Membership Value =0.00000000,0.0
Windspeed (knots) [59,60), Membership Value =0.00000000,0.0
Windspeed (knots) [60,61), Membership Value =0.00000000,0.0
Windspeed (knots) [61,62), Membership Value =0.00000000,0.0
Windspeed (knots) [62,63), Membership Value =0.00000000,0.0
Windspeed (knots) [63,64), Membership Value =0.00000000,0.0
Windspeed (knots) [64,65), Membership Value =0.00000000,0.0
Windspeed (knots) [65,66), Membership Value =0.00000000,0.0
Windspeed (knots) [66,67), Membership Value =0.00000000,0.0
Windspeed (knots) [67,68), Membership Value =0.00000000,0.0
Windspeed (knots) [68,69), Membership Value =0.00000000,0.0
Windspeed (knots) [69,70), Membership Value =0.00000000,0.0
Windspeed (knots) [70,71), Membership Value =0.00000000,0.0
Windspeed (knots) [71,72), Membership Value =0.00000000,0.0
Windspeed (knots) [72,73), Membership Value =0.00000000,0.0
Windspeed (knots) [73,74), Membership Value =0.00000000,0.0
Windspeed (knots) [74,75), Membership Value =0.00000000,0.0
Windspeed (knots) [75,76), Membership Value =0.00000000,0.0
Windspeed (knots) [76,77), Membership Value =0.00000000,0.0
Windspeed (knots) [77,78), Membership Value =0.00000000,0.0
Windspeed (knots) [78,79), Membership Value =0.00000000,0.0
Windspeed (knots) [79,80), Membership Value =0.00000000,0.0
Windspeed (knots) [80,81), Membership Value =0.00000000,0.0
Windspeed (knots) [81,82), Membership Value =0.00000000,0.0
Windspeed (knots) [82,83), Membership Value =0.00000000,0.0
Windspeed (knots) [83,84), Membership Value =0.00000000,0.0
Windspeed (knots) [84,85), Membership Value =0.00000000,0.0
Windspeed (knots) [85,86), Membership Value =0.00000000,0.0
Windspeed (knots) [86,87), Membership Value =0.00000000,0.0
Windspeed (knots) [87,88), Membership Value =0.00000000,0.0
Windspeed (knots) [88,89), Membership Value =0.00000000,0.0
Windspeed (knots) [89,90), Membership Value =0.00000000,0.0
Windspeed (knots) [90,91), Membership Value =0.00000000,0.0
Windspeed (knots) [91,92), Membership Value =0.00000000,0.0
Windspeed (knots) [92,93), Membership Value =0.00000000,0.0
Windspeed (knots) [93,94), Membership Value =0.00000000,0.0
Windspeed (knots) [94,95), Membership Value =0.00000000,0.0
Windspeed (knots) [95,96), Membership Value =0.00000000,0.0
Windspeed (knots) [96,97), Membership Value =0.00000000,0.0
Windspeed (knots) [97,98), Membership Value =0.00000000,0.0
Windspeed (knots) [98,99), Membership Value =0.00000000,0.0
Windspeed (knots) [99,100), Membership Value =0.00000000,0.0
Windspeed (knots) [100,101), Membership Value =0.00000000,0.0
Windspeed (knots) [101,102), Membership Value =0.00000000,0.0
Windspeed (knots) [102,103), Membership Value =0.00000000,0.0
Windspeed (knots) [103,104), Membership Value =0.00000000,0.0
Windspeed (knots) [104,105), Membership Value =0.00000000,0.0
Windspeed (knots) [105,106), Membership Value =0.00000000,0.0
Windspeed (knots) [106,107), Membership Value =0.00000000,0.0
Windspeed (knots) [107,108), Membership Value =0.00000000,0.0
Windspeed (knots) [108,109), Membership Value =0.00000000,0.0
Windspeed (knots) [109,110), Membership Value =0.00000000,0.0
Windspeed (knots) [110,111), Membership Value =0.00000000,0.0
Windspeed (knots) [111,112), Membership Value =0.00000000,0.0
Windspeed (knots) [112,113), Membership Value =0.00000000,0.0
Windspeed (knots) [113,114), Membership Value =0.00000000,0.0
Windspeed (knots) [114,115), Membership Value =0.00000000,0.0
Windspeed (knots) [115,116), Membership Value =0.00000000,0.0
Windspeed (knots) [116,117), Membership Value =0.00000000,0.0
Windspeed (knots) [117,118), Membership Value =0.00000000,0.0
Windspeed (knots) [118,119), Membership Value =0.00000000,0.0
Windspeed (knots) [119,120), Membership Value =0.00000000,0.0
Windspeed (knots) [120,121), Membership Value =0.00000000,0.0
Windspeed (knots) [121,122), Membership Value =0.00000000,0.0
Windspeed (knots) [122,123), Membership Value =0.00000000,0.0
Windspeed (knots) [123,124), Membership Value =0.00000000,0.0
Windspeed (knots) [124,125), Membership Value =0.00000000,0.0
LowestWindspeedThatIsWindyKnots for station KDCA is 7 knots.
Transition limited :false
bUseWeatherPrediction: false
The running average is 1
The membership_value_deployment_threshold is 0.5
Energy harvested: 5528695.510831207
iGeneratingEnergyWhenGridNeedsEnergyMinutes =651942
iGeneratingEnergyWhenGridNeedsEnergyMinutes =651942
iUsingEnergyWhenGridNeedsEnergyMinutes =51643
iGeneratingEnergyWhenGridHasExcessEnergyMinutes = 650
iUsingEnergyWhenGridHasExcessEnergyMinutes = 50
iIdleWhenGridDoesNotNeedEnergyMinutes = 45380
iIdleWhenGridNeedsEnergyMinutes = 3984814
iEnergyPriceIsZeroMinutes = 240
harvester.getEnergyHarvestedAVAILABLEKilowattHours( ): 1.29294752E7
harvester.getEnergyHarvestedKilowattHours(): 5528695.510831207
The running average is 31
The membership_value_deployment_threshold is 0.5
Energy harvested: 5032921.494165287
iGeneratingEnergyWhenGridNeedsEnergyMinutes =509911
iGeneratingEnergyWhenGridNeedsEnergyMinutes =509911
iUsingEnergyWhenGridNeedsEnergyMinutes =18598
iGeneratingEnergyWhenGridHasExcessEnergyMinutes = 556
iUsingEnergyWhenGridHasExcessEnergyMinutes = 15
iIdleWhenGridDoesNotNeedEnergyMinutes = 45509
iIdleWhenGridNeedsEnergyMinutes = 4159890
iEnergyPriceIsZeroMinutes = 240
harvester.getEnergyHarvestedAVAILABLEKilowattHours( ): 1.29294752E7
harvester.getEnergyHarvestedKilowattHours(): 5032921.494165287
The running average is 61
The membership_value_deployment_threshold is 0.5
Energy harvested: 4741139.137776422
iGeneratingEnergyWhenGridNeedsEnergyMinutes =457164
iGeneratingEnergyWhenGridNeedsEnergyMinutes =457164
iUsingEnergyWhenGridNeedsEnergyMinutes =14704
iGeneratingEnergyWhenGridHasExcessEnergyMinutes = 540
iUsingEnergyWhenGridHasExcessEnergyMinutes = 19
iIdleWhenGridDoesNotNeedEnergyMinutes = 45521
iIdleWhenGridNeedsEnergyMinutes = 4216531
iEnergyPriceIsZeroMinutes = 240
harvester.getEnergyHarvestedAVAILABLEKilowattHours( ): 1.29294752E7
harvester.getEnergyHarvestedKilowattHours(): 4741139.137776422
The running average is 91
The membership_value_deployment_threshold is 0.5
Energy harvested: 4525369.092498569
iGeneratingEnergyWhenGridNeedsEnergyMinutes =424969
iGeneratingEnergyWhenGridNeedsEnergyMinutes =424969
iUsingEnergyWhenGridNeedsEnergyMinutes =12601
iGeneratingEnergyWhenGridHasExcessEnergyMinutes = 509
iUsingEnergyWhenGridHasExcessEnergyMinutes = 14
iIdleWhenGridDoesNotNeedEnergyMinutes = 45557
iIdleWhenGridNeedsEnergyMinutes = 4250829
iEnergyPriceIsZeroMinutes = 240
harvester.getEnergyHarvestedAVAILABLEKilowattHours( ): 1.29294752E7
harvester.getEnergyHarvestedKilowattHours(): 4525369.092498569
The running average is 121
The membership_value_deployment_threshold is 0.5
Energy harvested: 4343790.01916539
iGeneratingEnergyWhenGridNeedsEnergyMinutes =396782
iGeneratingEnergyWhenGridNeedsEnergyMinutes =396782
iUsingEnergyWhenGridNeedsEnergyMinutes =11126
iGeneratingEnergyWhenGridHasExcessEnergyMinutes = 494
iUsingEnergyWhenGridHasExcessEnergyMinutes = 19
iIdleWhenGridDoesNotNeedEnergyMinutes = 45567
iIdleWhenGridNeedsEnergyMinutes = 4280491
iEnergyPriceIsZeroMinutes = 240
harvester.getEnergyHarvestedAVAILABLEKilowattHours( ): 1.29294752E7
harvester.getEnergyHarvestedKilowattHours(): 4343790.01916539
Beginning testing mode:
station,&,deployment_membership_value_threshold_array_for_month_1,&,running_average_size_minutes_for_month_1,&,deployment_membership_value_threshold_array_for_month_2,&,running_average_size_minutes_for_month_2,&,deployment_membership_value_threshold_array_for_month_3,&,running_average_size_minutes_for_month_3,&,deployment_membership_value_threshold_array_for_month_4,&,running_average_size_minutes_for_month_4,&,deployment_membership_value_threshold_array_for_month_5,&,running_average_size_minutes_for_month_5,&,deployment_membership_value_threshold_array_for_month_6,&,running_average_size_minutes_for_month_6,&,deployment_membership_value_threshold_array_for_month_7,&,running_average_size_minutes_for_month_7,&,deployment_membership_value_threshold_array_for_month_8,&,running_average_size_minutes_for_month_8,&,deployment_membership_value_threshold_array_for_month_9,&,running_average_size_minutes_for_month_9,&,deployment_membership_value_threshold_array_for_month_10,&,running_average_size_minutes_for_month_10,&,deployment_membership_value_threshold_array_for_month_11,&,running_average_size_minutes_for_month_11,&,deployment_membership_value_threshold_array_for_month_12,&,running_average_size_minutes_for_month_12,&,dNetNorm,&,dMarketBalancePercentage,&,dMarketNetNorm,
results: KDCA,&,0.5,&,1,&,0.5,&,31,&,0.5,&,1,&,0.5,&,31,&,0.5,&,1,&,0.5,&,1,&,0.5,&,1,&,0.5,&,31,&,0.5,&,1,&,0.5,&,1,&,0.5,&,1,&,0.5,&,31,&,0.39758814374767387,&,0.9244735379484963,&,0.3675597178967874
monthly visible minutes:KDCA,&,2013,&,8672,&,6140,&,8672,&,6074,&,8060,&,5550,&,5909,&,3142,&,2508,&,3117,&,3979,&,3528,&,
monthly visible minutes:KDCA,&,2014,&,8672,&,7246,&,7965,&,6097,&,6205,&,6758,&,6739,&,1992,&,6069,&,8024,&,8672,&,3699,&,
monthly minutes harvester between states:KDCA,&,2013,&,1250,&,532,&,903,&,653,&,1296,&,1463,&,1183,&,342,&,616,&,390,&,266,&,342,&,
monthly minutes harvester between states:KDCA,&,2014,&,1081,&,532,&,895,&,532,&,1494,&,935,&,1197,&,190,&,804,&,952,&,1079,&,304,&,
FuzzyVsCrisp: KDCA,1,true,true
station,&,deployment_membership_value_threshold_array_for_month_1,&,running_average_size_minutes_for_month_1,&,deployment_membership_value_threshold_array_for_month_2,&,running_average_size_minutes_for_month_2,&,deployment_membership_value_threshold_array_for_month_3,&,running_average_size_minutes_for_month_3,&,deployment_membership_value_threshold_array_for_month_4,&,running_average_size_minutes_for_month_4,&,deployment_membership_value_threshold_array_for_month_5,&,running_average_size_minutes_for_month_5,&,deployment_membership_value_threshold_array_for_month_6,&,running_average_size_minutes_for_month_6,&,deployment_membership_value_threshold_array_for_month_7,&,running_average_size_minutes_for_month_7,&,deployment_membership_value_threshold_array_for_month_8,&,running_average_size_minutes_for_month_8,&,deployment_membership_value_threshold_array_for_month_9,&,running_average_size_minutes_for_month_9,&,deployment_membership_value_threshold_array_for_month_10,&,running_average_size_minutes_for_month_10,&,deployment_membership_value_threshold_array_for_month_11,&,running_average_size_minutes_for_month_11,&,deployment_membership_value_threshold_array_for_month_12,&,running_average_size_minutes_for_month_12,&,dNetNorm,&,dMarketBalancePercentage,&,dMarketNetNorm,
results: KDCA,&,0.5,&,1,&,0.5,&,31,&,0.5,&,61,&,0.5,&,31,&,0.5,&,1,&,0.5,&,1,&,0.5,&,1,&,0.5,&,31,&,0.5,&,1,&,0.5,&,1,&,0.5,&,1,&,0.5,&,31,&,0.4009278298314695,&,0.9277966337567553,&,0.37197949089703863
monthly visible minutes:KDCA,&,2013,&,8672,&,6140,&,8672,&,6074,&,8060,&,5550,&,5909,&,3142,&,2508,&,3117,&,3979,&,3528,&,
monthly visible minutes:KDCA,&,2014,&,8672,&,7246,&,7965,&,6097,&,6205,&,6758,&,6739,&,1992,&,6069,&,8024,&,8672,&,3699,&,
monthly minutes harvester between states:KDCA,&,2013,&,1250,&,532,&,903,&,653,&,1296,&,1463,&,1183,&,342,&,616,&,390,&,266,&,342,&,
monthly minutes harvester between states:KDCA,&,2014,&,1081,&,532,&,895,&,532,&,1494,&,935,&,1197,&,190,&,804,&,952,&,1079,&,304,&,
FuzzyVsCrisp: KDCA,1,true,true
Station: KDEN
abc: The current path is /home/guy/retractable-wind
I have found the property file.
The training windspeed filename is /trainingKDEN2004-2012in.csv
The testing windspeed filename is /testingKDEN2013-2014in.csv
Yes, the station is KDEN
Warning: The bAlsoUsePrediction no longer has any effect
iUsedAllItsAllocatedVisibilityMinutesPerMonth: 8760
Visibility Allocation Minutes:8760
HARVESTER_SIZE_SQM is 6362
Reading file
Success: /Wind turbine power curves - wind turbine power output against wind speed in knots.csv found.
Speed (Knots) = Speed(knots) vs power (kW) , Power (kW) =V90
Speed (Knots) = 0 , Power (kW) =0
Speed (Knots) = 1 , Power (kW) =0
Speed (Knots) = 2 , Power (kW) =0
Speed (Knots) = 3 , Power (kW) =0
Speed (Knots) = 4 , Power (kW) =0
Speed (Knots) = 5 , Power (kW) =0
Speed (Knots) = 6 , Power (kW) =0
Speed (Knots) = 7 , Power (kW) =38
Speed (Knots) = 8 , Power (kW) =87
Speed (Knots) = 9 , Power (kW) =141
Speed (Knots) = 10 , Power (kW) =207
Speed (Knots) = 11 , Power (kW) =286
Speed (Knots) = 12 , Power (kW) =382
Speed (Knots) = 13 , Power (kW) =496
Speed (Knots) = 14 , Power (kW) =628
Speed (Knots) = 15 , Power (kW) =781
Speed (Knots) = 16 , Power (kW) =957
Speed (Knots) = 17 , Power (kW) =1153
Speed (Knots) = 18 , Power (kW) =1366
Speed (Knots) = 19 , Power (kW) =1589
Speed (Knots) = 20 , Power (kW) =1814
Speed (Knots) = 21 , Power (kW) =2035
Speed (Knots) = 22 , Power (kW) =2250
Speed (Knots) = 23 , Power (kW) =2452
Speed (Knots) = 24 , Power (kW) =2634
Speed (Knots) = 25 , Power (kW) =2784
Speed (Knots) = 26 , Power (kW) =2888
Speed (Knots) = 27 , Power (kW) =2949
Speed (Knots) = 28 , Power (kW) =2980
Speed (Knots) = 29 , Power (kW) =2993
Speed (Knots) = 30 , Power (kW) =3000
Speed (Knots) = 31 , Power (kW) =3000
Speed (Knots) = 32 , Power (kW) =3000
Speed (Knots) = 33 , Power (kW) =3000
Speed (Knots) = 34 , Power (kW) =3000
Speed (Knots) = 35 , Power (kW) =3000
Speed (Knots) = 36 , Power (kW) =3000
Speed (Knots) = 37 , Power (kW) =3000
Speed (Knots) = 38 , Power (kW) =3000
Speed (Knots) = 39 , Power (kW) =3000
Speed (Knots) = 40 , Power (kW) =3000
Speed (Knots) = 41 , Power (kW) =3000
Speed (Knots) = 42 , Power (kW) =3000
Speed (Knots) = 43 , Power (kW) =3000
Speed (Knots) = 44 , Power (kW) =3000
Speed (Knots) = 45 , Power (kW) =3000
Speed (Knots) = 46 , Power (kW) =3000
Speed (Knots) = 47 , Power (kW) =3000
Speed (Knots) = 48 , Power (kW) =3000
Speed (Knots) = 49 , Power (kW) =0
Speed (Knots) = 50 , Power (kW) =0
Speed (Knots) = 51 , Power (kW) =0
Speed (Knots) = 52 , Power (kW) =0
Speed (Knots) = 53 , Power (kW) =0
Speed (Knots) = 54 , Power (kW) =0
Speed (Knots) = 55 , Power (kW) =0
Speed (Knots) = 56 , Power (kW) =0
Speed (Knots) = 57 , Power (kW) =0
Speed (Knots) = 58 , Power (kW) =0
Speed (Knots) = 59 , Power (kW) =0
Speed (Knots) = 60 , Power (kW) =0
The scale is 1.0
Wind power at 10 knots in kilowatts is 207.0
Wind power in-cut-out test 0.0
Fuzzy
Class name:edu.pitt.cs.people.guy.wind.benchmarks.Fuzzy5
Success: /Noise_Allowed_Time_Definitions_All_Stations.csv found.
The station is the record is KDEN
Success: /Noise_Allowed_Time_Definitions_All_Stations.csv found.
The station is the record is KDEN
I have found the membership file for NOT WINDY.
Windspeed (knots) [0,1), Membership Value =1.00000000,1.0
Windspeed (knots) [1,2), Membership Value =0.99998644,0.99998647
Windspeed (knots) [2,3), Membership Value =0.99976402,0.999764
Windspeed (knots) [3,4), Membership Value =0.99851785,0.9985179
Windspeed (knots) [4,5), Membership Value =0.99443778,0.99443775
Windspeed (knots) [5,6), Membership Value =0.98434553,0.98434556
Windspeed (knots) [6,7), Membership Value =0.96433251,0.9643325
Windspeed (knots) [7,8), Membership Value =0.93059785,0.93059784
Windspeed (knots) [8,9), Membership Value =0.88093671,0.8809367
Windspeed (knots) [9,10), Membership Value =0.81678561,0.81678563
Windspeed (knots) [10,11), Membership Value =0.74226802,0.742268
Windspeed (knots) [11,12), Membership Value =0.66316561,0.6631656
Windspeed (knots) [12,13), Membership Value =0.58504879,0.5850488
Windspeed (knots) [13,14), Membership Value =0.50700179,0.5070018
Windspeed (knots) [14,15), Membership Value =0.43250789,0.4325079
Windspeed (knots) [15,16), Membership Value =0.36365001,0.36365002
Windspeed (knots) [16,17), Membership Value =0.29941826,0.29941827
Windspeed (knots) [17,18), Membership Value =0.23939567,0.23939566
Windspeed (knots) [18,19), Membership Value =0.18171279,0.18171279
Windspeed (knots) [19,20), Membership Value =0.12777695,0.12777695
Windspeed (knots) [20,21), Membership Value =0.07727012,0.07727012
Windspeed (knots) [21,22), Membership Value =0.03241841,0.03241841
Windspeed (knots) [22,23), Membership Value =0.00000000,0.0
Windspeed (knots) [23,24), Membership Value =0.00000000,0.0
Windspeed (knots) [24,25), Membership Value =0.00000000,0.0
Windspeed (knots) [25,26), Membership Value =0.00000000,0.0
Windspeed (knots) [26,27), Membership Value =0.00000000,0.0
Windspeed (knots) [27,28), Membership Value =0.00000000,0.0
Windspeed (knots) [28,29), Membership Value =0.00000000,0.0
Windspeed (knots) [29,30), Membership Value =0.00000000,0.0
Windspeed (knots) [30,31), Membership Value =0.00000000,0.0
Windspeed (knots) [31,32), Membership Value =0.00000000,0.0
Windspeed (knots) [32,33), Membership Value =0.00000000,0.0
Windspeed (knots) [33,34), Membership Value =0.00000000,0.0
Windspeed (knots) [34,35), Membership Value =0.00000000,0.0
Windspeed (knots) [35,36), Membership Value =0.00000000,0.0
Windspeed (knots) [36,37), Membership Value =0.00000000,0.0
Windspeed (knots) [37,38), Membership Value =0.00000000,0.0
Windspeed (knots) [38,39), Membership Value =0.00000000,0.0
Windspeed (knots) [39,40), Membership Value =0.00000000,0.0
Windspeed (knots) [40,41), Membership Value =0.00000000,0.0
Windspeed (knots) [41,42), Membership Value =0.00000000,0.0
Windspeed (knots) [42,43), Membership Value =0.00000000,0.0
Windspeed (knots) [43,44), Membership Value =0.00000000,0.0
Windspeed (knots) [44,45), Membership Value =0.00000000,0.0
Windspeed (knots) [45,46), Membership Value =0.00000000,0.0
Windspeed (knots) [46,47), Membership Value =0.00000000,0.0
Windspeed (knots) [47,48), Membership Value =0.00000000,0.0
Windspeed (knots) [48,49), Membership Value =0.00000000,0.0
Windspeed (knots) [49,50), Membership Value =0.00000000,0.0
Windspeed (knots) [50,51), Membership Value =0.00000000,0.0
Windspeed (knots) [51,52), Membership Value =0.00000000,0.0
Windspeed (knots) [52,53), Membership Value =0.00000000,0.0
Windspeed (knots) [53,54), Membership Value =0.00000000,0.0
Windspeed (knots) [54,55), Membership Value =0.00000000,0.0
Windspeed (knots) [55,56), Membership Value =0.00000000,0.0
Windspeed (knots) [56,57), Membership Value =0.00000000,0.0
Windspeed (knots) [57,58), Membership Value =0.00000000,0.0
Windspeed (knots) [58,59), Membership Value =0.00000000,0.0
Windspeed (knots) [59,60), Membership Value =0.00000000,0.0
Windspeed (knots) [60,61), Membership Value =0.00000000,0.0
Windspeed (knots) [61,62), Membership Value =0.00000000,0.0
Windspeed (knots) [62,63), Membership Value =0.00000000,0.0
Windspeed (knots) [63,64), Membership Value =0.00000000,0.0
Windspeed (knots) [64,65), Membership Value =0.00000000,0.0
Windspeed (knots) [65,66), Membership Value =0.00000000,0.0
Windspeed (knots) [66,67), Membership Value =0.00000000,0.0
Windspeed (knots) [67,68), Membership Value =0.00000000,0.0
Windspeed (knots) [68,69), Membership Value =0.00000000,0.0
Windspeed (knots) [69,70), Membership Value =0.00000000,0.0
Windspeed (knots) [70,71), Membership Value =0.00000000,0.0
Windspeed (knots) [71,72), Membership Value =0.00000000,0.0
Windspeed (knots) [72,73), Membership Value =0.00000000,0.0
Windspeed (knots) [73,74), Membership Value =0.00000000,0.0
Windspeed (knots) [74,75), Membership Value =0.00000000,0.0
Windspeed (knots) [75,76), Membership Value =0.00000000,0.0
Windspeed (knots) [76,77), Membership Value =0.00000000,0.0
Windspeed (knots) [77,78), Membership Value =0.00000000,0.0
Windspeed (knots) [78,79), Membership Value =0.00000000,0.0
Windspeed (knots) [79,80), Membership Value =0.00000000,0.0
Windspeed (knots) [80,81), Membership Value =0.00000000,0.0
Windspeed (knots) [81,82), Membership Value =0.00000000,0.0
Windspeed (knots) [82,83), Membership Value =0.00000000,0.0
Windspeed (knots) [83,84), Membership Value =0.00000000,0.0
Windspeed (knots) [84,85), Membership Value =0.00000000,0.0
Windspeed (knots) [85,86), Membership Value =0.00000000,0.0
Windspeed (knots) [86,87), Membership Value =0.00000000,0.0
Windspeed (knots) [87,88), Membership Value =0.00000000,0.0
Windspeed (knots) [88,89), Membership Value =0.00000000,0.0
Windspeed (knots) [89,90), Membership Value =0.00000000,0.0
Windspeed (knots) [90,91), Membership Value =0.00000000,0.0
Windspeed (knots) [91,92), Membership Value =0.00000000,0.0
Windspeed (knots) [92,93), Membership Value =0.00000000,0.0
Windspeed (knots) [93,94), Membership Value =0.00000000,0.0
Windspeed (knots) [94,95), Membership Value =0.00000000,0.0
Windspeed (knots) [95,96), Membership Value =0.00000000,0.0
Windspeed (knots) [96,97), Membership Value =0.00000000,0.0
Windspeed (knots) [97,98), Membership Value =0.00000000,0.0
Windspeed (knots) [98,99), Membership Value =0.00000000,0.0
Windspeed (knots) [99,100), Membership Value =0.00000000,0.0
Windspeed (knots) [100,101), Membership Value =0.00000000,0.0
Windspeed (knots) [101,102), Membership Value =0.00000000,0.0
Windspeed (knots) [102,103), Membership Value =0.00000000,0.0
Windspeed (knots) [103,104), Membership Value =0.00000000,0.0
Windspeed (knots) [104,105), Membership Value =0.00000000,0.0
Windspeed (knots) [105,106), Membership Value =0.00000000,0.0
Windspeed (knots) [106,107), Membership Value =0.00000000,0.0
Windspeed (knots) [107,108), Membership Value =0.00000000,0.0
Windspeed (knots) [108,109), Membership Value =0.00000000,0.0
Windspeed (knots) [109,110), Membership Value =0.00000000,0.0
Windspeed (knots) [110,111), Membership Value =0.00000000,0.0
Windspeed (knots) [111,112), Membership Value =0.00000000,0.0
Windspeed (knots) [112,113), Membership Value =0.00000000,0.0
Windspeed (knots) [113,114), Membership Value =0.00000000,0.0
Windspeed (knots) [114,115), Membership Value =0.00000000,0.0
Windspeed (knots) [115,116), Membership Value =0.00000000,0.0
Windspeed (knots) [116,117), Membership Value =0.00000000,0.0
Windspeed (knots) [117,118), Membership Value =0.00000000,0.0
Windspeed (knots) [118,119), Membership Value =0.00000000,0.0
Windspeed (knots) [119,120), Membership Value =0.00000000,0.0
Windspeed (knots) [120,121), Membership Value =0.00000000,0.0
Windspeed (knots) [121,122), Membership Value =0.00000000,0.0
Windspeed (knots) [122,123), Membership Value =0.00000000,0.0
Windspeed (knots) [123,124), Membership Value =0.00000000,0.0
Windspeed (knots) [124,125), Membership Value =0.00000000,0.0
LowestWindspeedThatIsWindyKnots for station KDEN is 8 knots.
Transition limited :false
bUseWeatherPrediction: false
The running average is 1
The membership_value_deployment_threshold is 0.5
Energy harvested: 8932873.00389353
iGeneratingEnergyWhenGridNeedsEnergyMinutes =624861
iGeneratingEnergyWhenGridNeedsEnergyMinutes =624861
iUsingEnergyWhenGridNeedsEnergyMinutes =50505
iGeneratingEnergyWhenGridHasExcessEnergyMinutes = 1317
iUsingEnergyWhenGridHasExcessEnergyMinutes = 109
iIdleWhenGridDoesNotNeedEnergyMinutes = 44654
iIdleWhenGridNeedsEnergyMinutes = 4013033
iEnergyPriceIsZeroMinutes = 240
harvester.getEnergyHarvestedAVAILABLEKilowattHours( ): 2.052796085E7
harvester.getEnergyHarvestedKilowattHours(): 8932873.00389353
The running average is 31
The membership_value_deployment_threshold is 0.5
Energy harvested: 8228644.14555635
iGeneratingEnergyWhenGridNeedsEnergyMinutes =514923
iGeneratingEnergyWhenGridNeedsEnergyMinutes =514923
iUsingEnergyWhenGridNeedsEnergyMinutes =11896
iGeneratingEnergyWhenGridHasExcessEnergyMinutes = 1555
iUsingEnergyWhenGridHasExcessEnergyMinutes = 47
iIdleWhenGridDoesNotNeedEnergyMinutes = 44478
iIdleWhenGridNeedsEnergyMinutes = 4161580
iEnergyPriceIsZeroMinutes = 240
harvester.getEnergyHarvestedAVAILABLEKilowattHours( ): 2.052796085E7
harvester.getEnergyHarvestedKilowattHours(): 8228644.14555635
The running average is 61
The membership_value_deployment_threshold is 0.5
Energy harvested: 7715697.094167187
iGeneratingEnergyWhenGridNeedsEnergyMinutes =476754
iGeneratingEnergyWhenGridNeedsEnergyMinutes =476754
iUsingEnergyWhenGridNeedsEnergyMinutes =8993
iGeneratingEnergyWhenGridHasExcessEnergyMinutes = 1237
iUsingEnergyWhenGridHasExcessEnergyMinutes = 9
iIdleWhenGridDoesNotNeedEnergyMinutes = 44834
iIdleWhenGridNeedsEnergyMinutes = 4202652
iEnergyPriceIsZeroMinutes = 240
harvester.getEnergyHarvestedAVAILABLEKilowattHours( ): 2.052796085E7
harvester.getEnergyHarvestedKilowattHours(): 7715697.094167187
The running average is 91
The membership_value_deployment_threshold is 0.5
Energy harvested: 7258163.623333691
iGeneratingEnergyWhenGridNeedsEnergyMinutes =441923
iGeneratingEnergyWhenGridNeedsEnergyMinutes =441923
iUsingEnergyWhenGridNeedsEnergyMinutes =7570
iGeneratingEnergyWhenGridHasExcessEnergyMinutes = 1121
iUsingEnergyWhenGridHasExcessEnergyMinutes = 5
iIdleWhenGridDoesNotNeedEnergyMinutes = 44954
iIdleWhenGridNeedsEnergyMinutes = 4238906
iEnergyPriceIsZeroMinutes = 240
harvester.getEnergyHarvestedAVAILABLEKilowattHours( ): 2.052796085E7
harvester.getEnergyHarvestedKilowattHours(): 7258163.623333691
The running average is 121
The membership_value_deployment_threshold is 0.5
Energy harvested: 6844669.985000064
iGeneratingEnergyWhenGridNeedsEnergyMinutes =410854
iGeneratingEnergyWhenGridNeedsEnergyMinutes =410854
iUsingEnergyWhenGridNeedsEnergyMinutes =6368
iGeneratingEnergyWhenGridHasExcessEnergyMinutes = 1073
iUsingEnergyWhenGridHasExcessEnergyMinutes = 9
iIdleWhenGridDoesNotNeedEnergyMinutes = 44998
iIdleWhenGridNeedsEnergyMinutes = 4271177
iEnergyPriceIsZeroMinutes = 240
harvester.getEnergyHarvestedAVAILABLEKilowattHours( ): 2.052796085E7
harvester.getEnergyHarvestedKilowattHours(): 6844669.985000064
Beginning testing mode:
station,&,deployment_membership_value_threshold_array_for_month_1,&,running_average_size_minutes_for_month_1,&,deployment_membership_value_threshold_array_for_month_2,&,running_average_size_minutes_for_month_2,&,deployment_membership_value_threshold_array_for_month_3,&,running_average_size_minutes_for_month_3,&,deployment_membership_value_threshold_array_for_month_4,&,running_average_size_minutes_for_month_4,&,deployment_membership_value_threshold_array_for_month_5,&,running_average_size_minutes_for_month_5,&,deployment_membership_value_threshold_array_for_month_6,&,running_average_size_minutes_for_month_6,&,deployment_membership_value_threshold_array_for_month_7,&,running_average_size_minutes_for_month_7,&,deployment_membership_value_threshold_array_for_month_8,&,running_average_size_minutes_for_month_8,&,deployment_membership_value_threshold_array_for_month_9,&,running_average_size_minutes_for_month_9,&,deployment_membership_value_threshold_array_for_month_10,&,running_average_size_minutes_for_month_10,&,deployment_membership_value_threshold_array_for_month_11,&,running_average_size_minutes_for_month_11,&,deployment_membership_value_threshold_array_for_month_12,&,running_average_size_minutes_for_month_12,&,dNetNorm,&,dMarketBalancePercentage,&,dMarketNetNorm,
results: KDEN,&,0.5,&,1,&,0.5,&,1,&,0.5,&,31,&,0.5,&,61,&,0.5,&,31,&,0.5,&,1,&,0.5,&,1,&,0.5,&,1,&,0.5,&,1,&,0.5,&,1,&,0.5,&,31,&,0.5,&,1,&,0.386374497492252,&,0.9435043862073322,&,0.36454603310259365
monthly visible minutes:KDEN,&,2013,&,4604,&,6692,&,6885,&,7554,&,6182,&,8672,&,8672,&,8672,&,8672,&,8672,&,3150,&,4993,&,
monthly visible minutes:KDEN,&,2014,&,7680,&,8189,&,8656,&,8672,&,7781,&,5914,&,3011,&,2241,&,1580,&,1688,&,6640,&,7506,&,
monthly minutes harvester between states:KDEN,&,2013,&,901,&,1045,&,722,&,646,&,727,&,1447,&,1417,&,2097,&,1303,&,945,&,418,&,1025,&,
monthly minutes harvester between states:KDEN,&,2014,&,1225,&,1149,&,912,&,889,&,1039,&,1846,&,1212,&,982,&,561,&,503,&,646,&,825,&,
FuzzyVsCrisp: KDEN,1,true,true
station,&,deployment_membership_value_threshold_array_for_month_1,&,running_average_size_minutes_for_month_1,&,deployment_membership_value_threshold_array_for_month_2,&,running_average_size_minutes_for_month_2,&,deployment_membership_value_threshold_array_for_month_3,&,running_average_size_minutes_for_month_3,&,deployment_membership_value_threshold_array_for_month_4,&,running_average_size_minutes_for_month_4,&,deployment_membership_value_threshold_array_for_month_5,&,running_average_size_minutes_for_month_5,&,deployment_membership_value_threshold_array_for_month_6,&,running_average_size_minutes_for_month_6,&,deployment_membership_value_threshold_array_for_month_7,&,running_average_size_minutes_for_month_7,&,deployment_membership_value_threshold_array_for_month_8,&,running_average_size_minutes_for_month_8,&,deployment_membership_value_threshold_array_for_month_9,&,running_average_size_minutes_for_month_9,&,deployment_membership_value_threshold_array_for_month_10,&,running_average_size_minutes_for_month_10,&,deployment_membership_value_threshold_array_for_month_11,&,running_average_size_minutes_for_month_11,&,deployment_membership_value_threshold_array_for_month_12,&,running_average_size_minutes_for_month_12,&,dNetNorm,&,dMarketBalancePercentage,&,dMarketNetNorm,
results: KDEN,&,0.5,&,1,&,0.5,&,1,&,0.5,&,31,&,0.5,&,91,&,0.5,&,91,&,0.5,&,1,&,0.5,&,1,&,0.5,&,1,&,0.5,&,1,&,0.5,&,1,&,0.5,&,31,&,0.5,&,1,&,0.3988171081396017,&,0.9444605615188731,&,0.37666702989686135
monthly visible minutes:KDEN,&,2013,&,4604,&,6692,&,6885,&,7554,&,6182,&,8672,&,8672,&,8672,&,8672,&,8672,&,3150,&,4993,&,
monthly visible minutes:KDEN,&,2014,&,7680,&,8189,&,8656,&,8672,&,7781,&,5914,&,3011,&,2241,&,1580,&,1688,&,6640,&,7506,&,
monthly minutes harvester between states:KDEN,&,2013,&,901,&,1045,&,722,&,646,&,727,&,1447,&,1417,&,2097,&,1303,&,945,&,418,&,1025,&,
monthly minutes harvester between states:KDEN,&,2014,&,1225,&,1149,&,912,&,889,&,1039,&,1846,&,1212,&,982,&,561,&,503,&,646,&,825,&,
FuzzyVsCrisp: KDEN,1,true,true
Station: KDFW
abc: The current path is /home/guy/retractable-wind
I have found the property file.
The training windspeed filename is /trainingKDFW2004-2012in.csv
The testing windspeed filename is /testingKDFW2013-2014in.csv
Yes, the station is KDFW
Warning: The bAlsoUsePrediction no longer has any effect
iUsedAllItsAllocatedVisibilityMinutesPerMonth: 8760
Visibility Allocation Minutes:8760
HARVESTER_SIZE_SQM is 6362
Reading file
Success: /Wind turbine power curves - wind turbine power output against wind speed in knots.csv found.
Speed (Knots) = Speed(knots) vs power (kW) , Power (kW) =V90
Speed (Knots) = 0 , Power (kW) =0
Speed (Knots) = 1 , Power (kW) =0
Speed (Knots) = 2 , Power (kW) =0
Speed (Knots) = 3 , Power (kW) =0
Speed (Knots) = 4 , Power (kW) =0
Speed (Knots) = 5 , Power (kW) =0
Speed (Knots) = 6 , Power (kW) =0
Speed (Knots) = 7 , Power (kW) =38
Speed (Knots) = 8 , Power (kW) =87
Speed (Knots) = 9 , Power (kW) =141
Speed (Knots) = 10 , Power (kW) =207
Speed (Knots) = 11 , Power (kW) =286
Speed (Knots) = 12 , Power (kW) =382
Speed (Knots) = 13 , Power (kW) =496
Speed (Knots) = 14 , Power (kW) =628
Speed (Knots) = 15 , Power (kW) =781
Speed (Knots) = 16 , Power (kW) =957
Speed (Knots) = 17 , Power (kW) =1153
Speed (Knots) = 18 , Power (kW) =1366
Speed (Knots) = 19 , Power (kW) =1589
Speed (Knots) = 20 , Power (kW) =1814
Speed (Knots) = 21 , Power (kW) =2035
Speed (Knots) = 22 , Power (kW) =2250
Speed (Knots) = 23 , Power (kW) =2452
Speed (Knots) = 24 , Power (kW) =2634
Speed (Knots) = 25 , Power (kW) =2784
Speed (Knots) = 26 , Power (kW) =2888
Speed (Knots) = 27 , Power (kW) =2949
Speed (Knots) = 28 , Power (kW) =2980
Speed (Knots) = 29 , Power (kW) =2993
Speed (Knots) = 30 , Power (kW) =3000
Speed (Knots) = 31 , Power (kW) =3000
Speed (Knots) = 32 , Power (kW) =3000
Speed (Knots) = 33 , Power (kW) =3000
Speed (Knots) = 34 , Power (kW) =3000
Speed (Knots) = 35 , Power (kW) =3000
Speed (Knots) = 36 , Power (kW) =3000
Speed (Knots) = 37 , Power (kW) =3000
Speed (Knots) = 38 , Power (kW) =3000
Speed (Knots) = 39 , Power (kW) =3000
Speed (Knots) = 40 , Power (kW) =3000
Speed (Knots) = 41 , Power (kW) =3000
Speed (Knots) = 42 , Power (kW) =3000
Speed (Knots) = 43 , Power (kW) =3000
Speed (Knots) = 44 , Power (kW) =3000
Speed (Knots) = 45 , Power (kW) =3000
Speed (Knots) = 46 , Power (kW) =3000
Speed (Knots) = 47 , Power (kW) =3000
Speed (Knots) = 48 , Power (kW) =3000
Speed (Knots) = 49 , Power (kW) =0
Speed (Knots) = 50 , Power (kW) =0
Speed (Knots) = 51 , Power (kW) =0
Speed (Knots) = 52 , Power (kW) =0
Speed (Knots) = 53 , Power (kW) =0
Speed (Knots) = 54 , Power (kW) =0
Speed (Knots) = 55 , Power (kW) =0
Speed (Knots) = 56 , Power (kW) =0
Speed (Knots) = 57 , Power (kW) =0
Speed (Knots) = 58 , Power (kW) =0
Speed (Knots) = 59 , Power (kW) =0
Speed (Knots) = 60 , Power (kW) =0
The scale is 1.0
Wind power at 10 knots in kilowatts is 207.0
Wind power in-cut-out test 0.0
Fuzzy
Class name:edu.pitt.cs.people.guy.wind.benchmarks.Fuzzy5
Success: /Noise_Allowed_Time_Definitions_All_Stations.csv found.
The station is the record is KDFW
Success: /Noise_Allowed_Time_Definitions_All_Stations.csv found.
The station is the record is KDFW
I have found the membership file for NOT WINDY.
Windspeed (knots) [0,1), Membership Value =1.00000000,1.0
Windspeed (knots) [1,2), Membership Value =0.99998544,0.99998546
Windspeed (knots) [2,3), Membership Value =0.99976756,0.99976754
Windspeed (knots) [3,4), Membership Value =0.99867559,0.9986756
Windspeed (knots) [4,5), Membership Value =0.99529308,0.9952931
Windspeed (knots) [5,6), Membership Value =0.98756887,0.98756886
Windspeed (knots) [6,7), Membership Value =0.97221374,0.97221375
Windspeed (knots) [7,8), Membership Value =0.94777919,0.9477792
Windspeed (knots) [8,9), Membership Value =0.91291315,0.91291314
Windspeed (knots) [9,10), Membership Value =0.86600723,0.8660072
Windspeed (knots) [10,11), Membership Value =0.80840906,0.80840904
Windspeed (knots) [11,12), Membership Value =0.74102662,0.74102664
Windspeed (knots) [12,13), Membership Value =0.66476726,0.66476727
Windspeed (knots) [13,14), Membership Value =0.58088890,0.5808889
Windspeed (knots) [14,15), Membership Value =0.49271539,0.4927154
Windspeed (knots) [15,16), Membership Value =0.40051450,0.4005145
Windspeed (knots) [16,17), Membership Value =0.30825269,0.3082527
Windspeed (knots) [17,18), Membership Value =0.22172945,0.22172946
Windspeed (knots) [18,19), Membership Value =0.12917369,0.1291737
Windspeed (knots) [19,20), Membership Value =0.05659841,0.05659841
Windspeed (knots) [20,21), Membership Value =0.00000000,0.0
Windspeed (knots) [21,22), Membership Value =0.00000000,0.0
Windspeed (knots) [22,23), Membership Value =0.00000000,0.0
Windspeed (knots) [23,24), Membership Value =0.00000000,0.0
Windspeed (knots) [24,25), Membership Value =0.00000000,0.0
Windspeed (knots) [25,26), Membership Value =0.00000000,0.0
Windspeed (knots) [26,27), Membership Value =0.00000000,0.0
Windspeed (knots) [27,28), Membership Value =0.00000000,0.0
Windspeed (knots) [28,29), Membership Value =0.00000000,0.0
Windspeed (knots) [29,30), Membership Value =0.00000000,0.0
Windspeed (knots) [30,31), Membership Value =0.00000000,0.0
Windspeed (knots) [31,32), Membership Value =0.00000000,0.0
Windspeed (knots) [32,33), Membership Value =0.00000000,0.0
Windspeed (knots) [33,34), Membership Value =0.00000000,0.0
Windspeed (knots) [34,35), Membership Value =0.00000000,0.0
Windspeed (knots) [35,36), Membership Value =0.00000000,0.0
Windspeed (knots) [36,37), Membership Value =0.00000000,0.0
Windspeed (knots) [37,38), Membership Value =0.00000000,0.0
Windspeed (knots) [38,39), Membership Value =0.00000000,0.0
Windspeed (knots) [39,40), Membership Value =0.00000000,0.0
Windspeed (knots) [40,41), Membership Value =0.00000000,0.0
Windspeed (knots) [41,42), Membership Value =0.00000000,0.0
Windspeed (knots) [42,43), Membership Value =0.00000000,0.0
Windspeed (knots) [43,44), Membership Value =0.00000000,0.0
Windspeed (knots) [44,45), Membership Value =0.00000000,0.0
Windspeed (knots) [45,46), Membership Value =0.00000000,0.0
Windspeed (knots) [46,47), Membership Value =0.00000000,0.0
Windspeed (knots) [47,48), Membership Value =0.00000000,0.0
Windspeed (knots) [48,49), Membership Value =0.00000000,0.0
Windspeed (knots) [49,50), Membership Value =0.00000000,0.0
Windspeed (knots) [50,51), Membership Value =0.00000000,0.0
Windspeed (knots) [51,52), Membership Value =0.00000000,0.0
Windspeed (knots) [52,53), Membership Value =0.00000000,0.0
Windspeed (knots) [53,54), Membership Value =0.00000000,0.0
Windspeed (knots) [54,55), Membership Value =0.00000000,0.0
Windspeed (knots) [55,56), Membership Value =0.00000000,0.0
Windspeed (knots) [56,57), Membership Value =0.00000000,0.0
Windspeed (knots) [57,58), Membership Value =0.00000000,0.0
Windspeed (knots) [58,59), Membership Value =0.00000000,0.0
Windspeed (knots) [59,60), Membership Value =0.00000000,0.0
Windspeed (knots) [60,61), Membership Value =0.00000000,0.0
Windspeed (knots) [61,62), Membership Value =0.00000000,0.0
Windspeed (knots) [62,63), Membership Value =0.00000000,0.0
Windspeed (knots) [63,64), Membership Value =0.00000000,0.0
Windspeed (knots) [64,65), Membership Value =0.00000000,0.0
Windspeed (knots) [65,66), Membership Value =0.00000000,0.0
Windspeed (knots) [66,67), Membership Value =0.00000000,0.0
Windspeed (knots) [67,68), Membership Value =0.00000000,0.0
Windspeed (knots) [68,69), Membership Value =0.00000000,0.0
Windspeed (knots) [69,70), Membership Value =0.00000000,0.0
Windspeed (knots) [70,71), Membership Value =0.00000000,0.0
Windspeed (knots) [71,72), Membership Value =0.00000000,0.0
Windspeed (knots) [72,73), Membership Value =0.00000000,0.0
Windspeed (knots) [73,74), Membership Value =0.00000000,0.0
Windspeed (knots) [74,75), Membership Value =0.00000000,0.0
Windspeed (knots) [75,76), Membership Value =0.00000000,0.0
Windspeed (knots) [76,77), Membership Value =0.00000000,0.0
Windspeed (knots) [77,78), Membership Value =0.00000000,0.0
Windspeed (knots) [78,79), Membership Value =0.00000000,0.0
Windspeed (knots) [79,80), Membership Value =0.00000000,0.0
Windspeed (knots) [80,81), Membership Value =0.00000000,0.0
Windspeed (knots) [81,82), Membership Value =0.00000000,0.0
Windspeed (knots) [82,83), Membership Value =0.00000000,0.0
Windspeed (knots) [83,84), Membership Value =0.00000000,0.0
Windspeed (knots) [84,85), Membership Value =0.00000000,0.0
Windspeed (knots) [85,86), Membership Value =0.00000000,0.0
Windspeed (knots) [86,87), Membership Value =0.00000000,0.0
Windspeed (knots) [87,88), Membership Value =0.00000000,0.0
Windspeed (knots) [88,89), Membership Value =0.00000000,0.0
Windspeed (knots) [89,90), Membership Value =0.00000000,0.0
Windspeed (knots) [90,91), Membership Value =0.00000000,0.0
Windspeed (knots) [91,92), Membership Value =0.00000000,0.0
Windspeed (knots) [92,93), Membership Value =0.00000000,0.0
Windspeed (knots) [93,94), Membership Value =0.00000000,0.0
Windspeed (knots) [94,95), Membership Value =0.00000000,0.0
Windspeed (knots) [95,96), Membership Value =0.00000000,0.0
Windspeed (knots) [96,97), Membership Value =0.00000000,0.0
Windspeed (knots) [97,98), Membership Value =0.00000000,0.0
Windspeed (knots) [98,99), Membership Value =0.00000000,0.0
Windspeed (knots) [99,100), Membership Value =0.00000000,0.0
Windspeed (knots) [100,101), Membership Value =0.00000000,0.0
Windspeed (knots) [101,102), Membership Value =0.00000000,0.0
Windspeed (knots) [102,103), Membership Value =0.00000000,0.0
Windspeed (knots) [103,104), Membership Value =0.00000000,0.0
Windspeed (knots) [104,105), Membership Value =0.00000000,0.0
Windspeed (knots) [105,106), Membership Value =0.00000000,0.0
Windspeed (knots) [106,107), Membership Value =0.00000000,0.0
Windspeed (knots) [107,108), Membership Value =0.00000000,0.0
Windspeed (knots) [108,109), Membership Value =0.00000000,0.0
Windspeed (knots) [109,110), Membership Value =0.00000000,0.0
Windspeed (knots) [110,111), Membership Value =0.00000000,0.0
Windspeed (knots) [111,112), Membership Value =0.00000000,0.0
Windspeed (knots) [112,113), Membership Value =0.00000000,0.0
Windspeed (knots) [113,114), Membership Value =0.00000000,0.0
Windspeed (knots) [114,115), Membership Value =0.00000000,0.0
Windspeed (knots) [115,116), Membership Value =0.00000000,0.0
Windspeed (knots) [116,117), Membership Value =0.00000000,0.0
Windspeed (knots) [117,118), Membership Value =0.00000000,0.0
Windspeed (knots) [118,119), Membership Value =0.00000000,0.0
Windspeed (knots) [119,120), Membership Value =0.00000000,0.0
Windspeed (knots) [120,121), Membership Value =0.00000000,0.0
Windspeed (knots) [121,122), Membership Value =0.00000000,0.0
Windspeed (knots) [122,123), Membership Value =0.00000000,0.0
Windspeed (knots) [123,124), Membership Value =0.00000000,0.0
Windspeed (knots) [124,125), Membership Value =0.00000000,0.0
LowestWindspeedThatIsWindyKnots for station KDFW is 9 knots.
Transition limited :false
bUseWeatherPrediction: false
The running average is 1
The membership_value_deployment_threshold is 0.5
Energy harvested: 9627516.298892643
iGeneratingEnergyWhenGridNeedsEnergyMinutes =671728
iGeneratingEnergyWhenGridNeedsEnergyMinutes =671728
iUsingEnergyWhenGridNeedsEnergyMinutes =37842
iGeneratingEnergyWhenGridHasExcessEnergyMinutes = 1475
iUsingEnergyWhenGridHasExcessEnergyMinutes = 19
iIdleWhenGridDoesNotNeedEnergyMinutes = 44586
iIdleWhenGridNeedsEnergyMinutes = 3977700
iEnergyPriceIsZeroMinutes = 240
harvester.getEnergyHarvestedAVAILABLEKilowattHours( ): 2.5167150666666668E7
harvester.getEnergyHarvestedKilowattHours(): 9627516.298892643
The running average is 31
The membership_value_deployment_threshold is 0.5
Energy harvested: 9144943.396111898
iGeneratingEnergyWhenGridNeedsEnergyMinutes =571076
iGeneratingEnergyWhenGridNeedsEnergyMinutes =571076
iUsingEnergyWhenGridNeedsEnergyMinutes =9714
iGeneratingEnergyWhenGridHasExcessEnergyMinutes = 1403
iUsingEnergyWhenGridHasExcessEnergyMinutes = 24
iIdleWhenGridDoesNotNeedEnergyMinutes = 44653
iIdleWhenGridNeedsEnergyMinutes = 4106480
iEnergyPriceIsZeroMinutes = 240
harvester.getEnergyHarvestedAVAILABLEKilowattHours( ): 2.5167150666666668E7
harvester.getEnergyHarvestedKilowattHours(): 9144943.396111898
The running average is 61
The membership_value_deployment_threshold is 0.5
Energy harvested: 8871601.784167256
iGeneratingEnergyWhenGridNeedsEnergyMinutes =536629
iGeneratingEnergyWhenGridNeedsEnergyMinutes =536629
iUsingEnergyWhenGridNeedsEnergyMinutes =7234
iGeneratingEnergyWhenGridHasExcessEnergyMinutes = 1402
iUsingEnergyWhenGridHasExcessEnergyMinutes = 24
iIdleWhenGridDoesNotNeedEnergyMinutes = 44654
iIdleWhenGridNeedsEnergyMinutes = 4143407
iEnergyPriceIsZeroMinutes = 240
harvester.getEnergyHarvestedAVAILABLEKilowattHours( ): 2.5167150666666668E7
harvester.getEnergyHarvestedKilowattHours(): 8871601.784167256
The running average is 91
The membership_value_deployment_threshold is 0.5
Energy harvested: 8619348.361667192
iGeneratingEnergyWhenGridNeedsEnergyMinutes =508976
iGeneratingEnergyWhenGridNeedsEnergyMinutes =508976
iUsingEnergyWhenGridNeedsEnergyMinutes =6220
iGeneratingEnergyWhenGridHasExcessEnergyMinutes = 1551
iUsingEnergyWhenGridHasExcessEnergyMinutes = 24
iIdleWhenGridDoesNotNeedEnergyMinutes = 44505
iIdleWhenGridNeedsEnergyMinutes = 4172074
iEnergyPriceIsZeroMinutes = 240
harvester.getEnergyHarvestedAVAILABLEKilowattHours( ): 2.5167150666666668E7
harvester.getEnergyHarvestedKilowattHours(): 8619348.361667192
The running average is 121
The membership_value_deployment_threshold is 0.5
Energy harvested: 8427949.166111497
iGeneratingEnergyWhenGridNeedsEnergyMinutes =487165
iGeneratingEnergyWhenGridNeedsEnergyMinutes =487165
iUsingEnergyWhenGridNeedsEnergyMinutes =5320
iGeneratingEnergyWhenGridHasExcessEnergyMinutes = 1783
iUsingEnergyWhenGridHasExcessEnergyMinutes = 22
iIdleWhenGridDoesNotNeedEnergyMinutes = 44275
iIdleWhenGridNeedsEnergyMinutes = 4194785
iEnergyPriceIsZeroMinutes = 240
harvester.getEnergyHarvestedAVAILABLEKilowattHours( ): 2.5167150666666668E7
harvester.getEnergyHarvestedKilowattHours(): 8427949.166111497
Beginning testing mode:
station,&,deployment_membership_value_threshold_array_for_month_1,&,running_average_size_minutes_for_month_1,&,deployment_membership_value_threshold_array_for_month_2,&,running_average_size_minutes_for_month_2,&,deployment_membership_value_threshold_array_for_month_3,&,running_average_size_minutes_for_month_3,&,deployment_membership_value_threshold_array_for_month_4,&,running_average_size_minutes_for_month_4,&,deployment_membership_value_threshold_array_for_month_5,&,running_average_size_minutes_for_month_5,&,deployment_membership_value_threshold_array_for_month_6,&,running_average_size_minutes_for_month_6,&,deployment_membership_value_threshold_array_for_month_7,&,running_average_size_minutes_for_month_7,&,deployment_membership_value_threshold_array_for_month_8,&,running_average_size_minutes_for_month_8,&,deployment_membership_value_threshold_array_for_month_9,&,running_average_size_minutes_for_month_9,&,deployment_membership_value_threshold_array_for_month_10,&,running_average_size_minutes_for_month_10,&,deployment_membership_value_threshold_array_for_month_11,&,running_average_size_minutes_for_month_11,&,deployment_membership_value_threshold_array_for_month_12,&,running_average_size_minutes_for_month_12,&,dNetNorm,&,dMarketBalancePercentage,&,dMarketNetNorm,
results: KDFW,&,0.5,&,91,&,0.5,&,61,&,0.5,&,121,&,0.5,&,91,&,0.5,&,61,&,0.5,&,31,&,0.5,&,1,&,0.5,&,1,&,0.5,&,1,&,0.5,&,1,&,0.5,&,1,&,0.5,&,61,&,0.3204834285891281,&,0.9607977159293989,&,0.3079197461816569
monthly visible minutes:KDFW,&,2013,&,5336,&,8672,&,8672,&,8672,&,8672,&,7221,&,8672,&,8656,&,8670,&,8672,&,8672,&,3697,&,
monthly visible minutes:KDFW,&,2014,&,8417,&,7575,&,7592,&,8672,&,7440,&,8672,&,132,&,531,&,917,&,1776,&,2933,&,6010,&,
monthly minutes harvester between states:KDFW,&,2013,&,456,&,608,&,570,&,532,&,646,&,532,&,1492,&,2040,&,1518,&,731,&,570,&,266,&,
monthly minutes harvester between states:KDFW,&,2014,&,532,&,532,&,565,&,535,&,532,&,760,&,73,&,233,&,454,&,467,&,611,&,440,&,
FuzzyVsCrisp: KDFW,1,true,true
station,&,deployment_membership_value_threshold_array_for_month_1,&,running_average_size_minutes_for_month_1,&,deployment_membership_value_threshold_array_for_month_2,&,running_average_size_minutes_for_month_2,&,deployment_membership_value_threshold_array_for_month_3,&,running_average_size_minutes_for_month_3,&,deployment_membership_value_threshold_array_for_month_4,&,running_average_size_minutes_for_month_4,&,deployment_membership_value_threshold_array_for_month_5,&,running_average_size_minutes_for_month_5,&,deployment_membership_value_threshold_array_for_month_6,&,running_average_size_minutes_for_month_6,&,deployment_membership_value_threshold_array_for_month_7,&,running_average_size_minutes_for_month_7,&,deployment_membership_value_threshold_array_for_month_8,&,running_average_size_minutes_for_month_8,&,deployment_membership_value_threshold_array_for_month_9,&,running_average_size_minutes_for_month_9,&,deployment_membership_value_threshold_array_for_month_10,&,running_average_size_minutes_for_month_10,&,deployment_membership_value_threshold_array_for_month_11,&,running_average_size_minutes_for_month_11,&,deployment_membership_value_threshold_array_for_month_12,&,running_average_size_minutes_for_month_12,&,dNetNorm,&,dMarketBalancePercentage,&,dMarketNetNorm,
results: KDFW,&,0.5,&,91,&,0.5,&,61,&,0.5,&,121,&,0.5,&,61,&,0.5,&,61,&,0.5,&,31,&,0.5,&,1,&,0.5,&,1,&,0.5,&,1,&,0.5,&,1,&,0.5,&,61,&,0.5,&,61,&,0.32980144699200964,&,0.9620397592048159,&,0.3172821046495928
monthly visible minutes:KDFW,&,2013,&,5336,&,8672,&,8672,&,8672,&,8672,&,7221,&,8672,&,8656,&,8670,&,8672,&,8672,&,3697,&,
monthly visible minutes:KDFW,&,2014,&,8417,&,7575,&,7592,&,8672,&,7440,&,8672,&,132,&,531,&,917,&,1776,&,2933,&,6010,&,
monthly minutes harvester between states:KDFW,&,2013,&,456,&,608,&,570,&,532,&,646,&,532,&,1492,&,2040,&,1518,&,731,&,570,&,266,&,
monthly minutes harvester between states:KDFW,&,2014,&,532,&,532,&,565,&,535,&,532,&,760,&,73,&,233,&,454,&,467,&,611,&,440,&,
FuzzyVsCrisp: KDFW,1,true,true
Station: KDTW
abc: The current path is /home/guy/retractable-wind
I have found the property file.
The training windspeed filename is /trainingKDTW2004-2012in.csv
The testing windspeed filename is /testingKDTW2013-2014in.csv
Yes, the station is KDTW
Warning: The bAlsoUsePrediction no longer has any effect
iUsedAllItsAllocatedVisibilityMinutesPerMonth: 8760
Visibility Allocation Minutes:8760
HARVESTER_SIZE_SQM is 6362
Reading file
Success: /Wind turbine power curves - wind turbine power output against wind speed in knots.csv found.
Speed (Knots) = Speed(knots) vs power (kW) , Power (kW) =V90
Speed (Knots) = 0 , Power (kW) =0
Speed (Knots) = 1 , Power (kW) =0
Speed (Knots) = 2 , Power (kW) =0
Speed (Knots) = 3 , Power (kW) =0
Speed (Knots) = 4 , Power (kW) =0
Speed (Knots) = 5 , Power (kW) =0
Speed (Knots) = 6 , Power (kW) =0
Speed (Knots) = 7 , Power (kW) =38
Speed (Knots) = 8 , Power (kW) =87
Speed (Knots) = 9 , Power (kW) =141
Speed (Knots) = 10 , Power (kW) =207
Speed (Knots) = 11 , Power (kW) =286
Speed (Knots) = 12 , Power (kW) =382
Speed (Knots) = 13 , Power (kW) =496
Speed (Knots) = 14 , Power (kW) =628
Speed (Knots) = 15 , Power (kW) =781
Speed (Knots) = 16 , Power (kW) =957
Speed (Knots) = 17 , Power (kW) =1153
Speed (Knots) = 18 , Power (kW) =1366
Speed (Knots) = 19 , Power (kW) =1589
Speed (Knots) = 20 , Power (kW) =1814
Speed (Knots) = 21 , Power (kW) =2035
Speed (Knots) = 22 , Power (kW) =2250
Speed (Knots) = 23 , Power (kW) =2452
Speed (Knots) = 24 , Power (kW) =2634
Speed (Knots) = 25 , Power (kW) =2784
Speed (Knots) = 26 , Power (kW) =2888
Speed (Knots) = 27 , Power (kW) =2949
Speed (Knots) = 28 , Power (kW) =2980
Speed (Knots) = 29 , Power (kW) =2993
Speed (Knots) = 30 , Power (kW) =3000
Speed (Knots) = 31 , Power (kW) =3000
Speed (Knots) = 32 , Power (kW) =3000
Speed (Knots) = 33 , Power (kW) =3000
Speed (Knots) = 34 , Power (kW) =3000
Speed (Knots) = 35 , Power (kW) =3000
Speed (Knots) = 36 , Power (kW) =3000
Speed (Knots) = 37 , Power (kW) =3000
Speed (Knots) = 38 , Power (kW) =3000
Speed (Knots) = 39 , Power (kW) =3000
Speed (Knots) = 40 , Power (kW) =3000
Speed (Knots) = 41 , Power (kW) =3000
Speed (Knots) = 42 , Power (kW) =3000
Speed (Knots) = 43 , Power (kW) =3000
Speed (Knots) = 44 , Power (kW) =3000
Speed (Knots) = 45 , Power (kW) =3000
Speed (Knots) = 46 , Power (kW) =3000
Speed (Knots) = 47 , Power (kW) =3000
Speed (Knots) = 48 , Power (kW) =3000
Speed (Knots) = 49 , Power (kW) =0
Speed (Knots) = 50 , Power (kW) =0
Speed (Knots) = 51 , Power (kW) =0
Speed (Knots) = 52 , Power (kW) =0
Speed (Knots) = 53 , Power (kW) =0
Speed (Knots) = 54 , Power (kW) =0
Speed (Knots) = 55 , Power (kW) =0
Speed (Knots) = 56 , Power (kW) =0
Speed (Knots) = 57 , Power (kW) =0
Speed (Knots) = 58 , Power (kW) =0
Speed (Knots) = 59 , Power (kW) =0
Speed (Knots) = 60 , Power (kW) =0
The scale is 1.0
Wind power at 10 knots in kilowatts is 207.0
Wind power in-cut-out test 0.0
Fuzzy
Class name:edu.pitt.cs.people.guy.wind.benchmarks.Fuzzy5
Success: /Noise_Allowed_Time_Definitions_All_Stations.csv found.
The station is the record is KDTW
Success: /Noise_Allowed_Time_Definitions_All_Stations.csv found.
The station is the record is KDTW
I have found the membership file for NOT WINDY.
Windspeed (knots) [0,1), Membership Value =1.00000000,1.0
Windspeed (knots) [1,2), Membership Value =0.99995578,0.9999558
Windspeed (knots) [2,3), Membership Value =0.99934990,0.9993499
Windspeed (knots) [3,4), Membership Value =0.99649259,0.99649256
Windspeed (knots) [4,5), Membership Value =0.98852857,0.98852855
Windspeed (knots) [5,6), Membership Value =0.97172833,0.9717283
Windspeed (knots) [6,7), Membership Value =0.94325019,0.9432502
Windspeed (knots) [7,8), Membership Value =0.90218840,0.9021884
Windspeed (knots) [8,9), Membership Value =0.84490642,0.84490645
Windspeed (knots) [9,10), Membership Value =0.77526065,0.7752606
Windspeed (knots) [10,11), Membership Value =0.69778752,0.6977875
Windspeed (knots) [11,12), Membership Value =0.61243102,0.61243105
Windspeed (knots) [12,13), Membership Value =0.52156740,0.5215674
Windspeed (knots) [13,14), Membership Value =0.43012402,0.430124
Windspeed (knots) [14,15), Membership Value =0.34026869,0.3402687
Windspeed (knots) [15,16), Membership Value =0.25529087,0.25529087
Windspeed (knots) [16,17), Membership Value =0.17604379,0.1760438
Windspeed (knots) [17,18), Membership Value =0.10520752,0.10520752
Windspeed (knots) [18,19), Membership Value =0.04344817,0.04344817
Windspeed (knots) [19,20), Membership Value =0.00000000,0.0
Windspeed (knots) [20,21), Membership Value =0.00000000,0.0
Windspeed (knots) [21,22), Membership Value =0.00000000,0.0
Windspeed (knots) [22,23), Membership Value =0.00000000,0.0
Windspeed (knots) [23,24), Membership Value =0.00000000,0.0
Windspeed (knots) [24,25), Membership Value =0.00000000,0.0
Windspeed (knots) [25,26), Membership Value =0.00000000,0.0
Windspeed (knots) [26,27), Membership Value =0.00000000,0.0
Windspeed (knots) [27,28), Membership Value =0.00000000,0.0
Windspeed (knots) [28,29), Membership Value =0.00000000,0.0
Windspeed (knots) [29,30), Membership Value =0.00000000,0.0
Windspeed (knots) [30,31), Membership Value =0.00000000,0.0
Windspeed (knots) [31,32), Membership Value =0.00000000,0.0
Windspeed (knots) [32,33), Membership Value =0.00000000,0.0
Windspeed (knots) [33,34), Membership Value =0.00000000,0.0
Windspeed (knots) [34,35), Membership Value =0.00000000,0.0
Windspeed (knots) [35,36), Membership Value =0.00000000,0.0
Windspeed (knots) [36,37), Membership Value =0.00000000,0.0
Windspeed (knots) [37,38), Membership Value =0.00000000,0.0
Windspeed (knots) [38,39), Membership Value =0.00000000,0.0
Windspeed (knots) [39,40), Membership Value =0.00000000,0.0
Windspeed (knots) [40,41), Membership Value =0.00000000,0.0
Windspeed (knots) [41,42), Membership Value =0.00000000,0.0
Windspeed (knots) [42,43), Membership Value =0.00000000,0.0
Windspeed (knots) [43,44), Membership Value =0.00000000,0.0
Windspeed (knots) [44,45), Membership Value =0.00000000,0.0
Windspeed (knots) [45,46), Membership Value =0.00000000,0.0
Windspeed (knots) [46,47), Membership Value =0.00000000,0.0
Windspeed (knots) [47,48), Membership Value =0.00000000,0.0
Windspeed (knots) [48,49), Membership Value =0.00000000,0.0
Windspeed (knots) [49,50), Membership Value =0.00000000,0.0
Windspeed (knots) [50,51), Membership Value =0.00000000,0.0
Windspeed (knots) [51,52), Membership Value =0.00000000,0.0
Windspeed (knots) [52,53), Membership Value =0.00000000,0.0
Windspeed (knots) [53,54), Membership Value =0.00000000,0.0
Windspeed (knots) [54,55), Membership Value =0.00000000,0.0
Windspeed (knots) [55,56), Membership Value =0.00000000,0.0
Windspeed (knots) [56,57), Membership Value =0.00000000,0.0
Windspeed (knots) [57,58), Membership Value =0.00000000,0.0
Windspeed (knots) [58,59), Membership Value =0.00000000,0.0
Windspeed (knots) [59,60), Membership Value =0.00000000,0.0
Windspeed (knots) [60,61), Membership Value =0.00000000,0.0
Windspeed (knots) [61,62), Membership Value =0.00000000,0.0
Windspeed (knots) [62,63), Membership Value =0.00000000,0.0
Windspeed (knots) [63,64), Membership Value =0.00000000,0.0
Windspeed (knots) [64,65), Membership Value =0.00000000,0.0
Windspeed (knots) [65,66), Membership Value =0.00000000,0.0
Windspeed (knots) [66,67), Membership Value =0.00000000,0.0
Windspeed (knots) [67,68), Membership Value =0.00000000,0.0
Windspeed (knots) [68,69), Membership Value =0.00000000,0.0
Windspeed (knots) [69,70), Membership Value =0.00000000,0.0
Windspeed (knots) [70,71), Membership Value =0.00000000,0.0
Windspeed (knots) [71,72), Membership Value =0.00000000,0.0
Windspeed (knots) [72,73), Membership Value =0.00000000,0.0
Windspeed (knots) [73,74), Membership Value =0.00000000,0.0
Windspeed (knots) [74,75), Membership Value =0.00000000,0.0
Windspeed (knots) [75,76), Membership Value =0.00000000,0.0
Windspeed (knots) [76,77), Membership Value =0.00000000,0.0
Windspeed (knots) [77,78), Membership Value =0.00000000,0.0
Windspeed (knots) [78,79), Membership Value =0.00000000,0.0
Windspeed (knots) [79,80), Membership Value =0.00000000,0.0
Windspeed (knots) [80,81), Membership Value =0.00000000,0.0
Windspeed (knots) [81,82), Membership Value =0.00000000,0.0
Windspeed (knots) [82,83), Membership Value =0.00000000,0.0
Windspeed (knots) [83,84), Membership Value =0.00000000,0.0
Windspeed (knots) [84,85), Membership Value =0.00000000,0.0
Windspeed (knots) [85,86), Membership Value =0.00000000,0.0
Windspeed (knots) [86,87), Membership Value =0.00000000,0.0
Windspeed (knots) [87,88), Membership Value =0.00000000,0.0
Windspeed (knots) [88,89), Membership Value =0.00000000,0.0
Windspeed (knots) [89,90), Membership Value =0.00000000,0.0
Windspeed (knots) [90,91), Membership Value =0.00000000,0.0
Windspeed (knots) [91,92), Membership Value =0.00000000,0.0
Windspeed (knots) [92,93), Membership Value =0.00000000,0.0
Windspeed (knots) [93,94), Membership Value =0.00000000,0.0
Windspeed (knots) [94,95), Membership Value =0.00000000,0.0
Windspeed (knots) [95,96), Membership Value =0.00000000,0.0
Windspeed (knots) [96,97), Membership Value =0.00000000,0.0
Windspeed (knots) [97,98), Membership Value =0.00000000,0.0
Windspeed (knots) [98,99), Membership Value =0.00000000,0.0
Windspeed (knots) [99,100), Membership Value =0.00000000,0.0
Windspeed (knots) [100,101), Membership Value =0.00000000,0.0
Windspeed (knots) [101,102), Membership Value =0.00000000,0.0
Windspeed (knots) [102,103), Membership Value =0.00000000,0.0
Windspeed (knots) [103,104), Membership Value =0.00000000,0.0
Windspeed (knots) [104,105), Membership Value =0.00000000,0.0
Windspeed (knots) [105,106), Membership Value =0.00000000,0.0
Windspeed (knots) [106,107), Membership Value =0.00000000,0.0
Windspeed (knots) [107,108), Membership Value =0.00000000,0.0
Windspeed (knots) [108,109), Membership Value =0.00000000,0.0
Windspeed (knots) [109,110), Membership Value =0.00000000,0.0
Windspeed (knots) [110,111), Membership Value =0.00000000,0.0
Windspeed (knots) [111,112), Membership Value =0.00000000,0.0
Windspeed (knots) [112,113), Membership Value =0.00000000,0.0
Windspeed (knots) [113,114), Membership Value =0.00000000,0.0
Windspeed (knots) [114,115), Membership Value =0.00000000,0.0
Windspeed (knots) [115,116), Membership Value =0.00000000,0.0
Windspeed (knots) [116,117), Membership Value =0.00000000,0.0
Windspeed (knots) [117,118), Membership Value =0.00000000,0.0
Windspeed (knots) [118,119), Membership Value =0.00000000,0.0
Windspeed (knots) [119,120), Membership Value =0.00000000,0.0
Windspeed (knots) [120,121), Membership Value =0.00000000,0.0
Windspeed (knots) [121,122), Membership Value =0.00000000,0.0
Windspeed (knots) [122,123), Membership Value =0.00000000,0.0
Windspeed (knots) [123,124), Membership Value =0.00000000,0.0
Windspeed (knots) [124,125), Membership Value =0.00000000,0.0
LowestWindspeedThatIsWindyKnots for station KDTW is 8 knots.
Transition limited :false
bUseWeatherPrediction: false
The running average is 1
The membership_value_deployment_threshold is 0.5
Energy harvested: 6826318.957500694
iGeneratingEnergyWhenGridNeedsEnergyMinutes =688859
iGeneratingEnergyWhenGridNeedsEnergyMinutes =688859
iUsingEnergyWhenGridNeedsEnergyMinutes =43789
iGeneratingEnergyWhenGridHasExcessEnergyMinutes = 1774
iUsingEnergyWhenGridHasExcessEnergyMinutes = 114
iIdleWhenGridDoesNotNeedEnergyMinutes = 44192
iIdleWhenGridNeedsEnergyMinutes = 3954562
iEnergyPriceIsZeroMinutes = 240
harvester.getEnergyHarvestedAVAILABLEKilowattHours( ): 1.493492915E7
harvester.getEnergyHarvestedKilowattHours(): 6826318.957500694
The running average is 31
The membership_value_deployment_threshold is 0.5
Energy harvested: 6416931.2955555925
iGeneratingEnergyWhenGridNeedsEnergyMinutes =539080
iGeneratingEnergyWhenGridNeedsEnergyMinutes =539080
iUsingEnergyWhenGridNeedsEnergyMinutes =13524
iGeneratingEnergyWhenGridHasExcessEnergyMinutes = 1275
iUsingEnergyWhenGridHasExcessEnergyMinutes = 35
iIdleWhenGridDoesNotNeedEnergyMinutes = 44770
iIdleWhenGridNeedsEnergyMinutes = 4134606
iEnergyPriceIsZeroMinutes = 240
harvester.getEnergyHarvestedAVAILABLEKilowattHours( ): 1.493492915E7
harvester.getEnergyHarvestedKilowattHours(): 6416931.2955555925
The running average is 61
The membership_value_deployment_threshold is 0.5
Energy harvested: 6160286.851388802
iGeneratingEnergyWhenGridNeedsEnergyMinutes =496128
iGeneratingEnergyWhenGridNeedsEnergyMinutes =496128
iUsingEnergyWhenGridNeedsEnergyMinutes =10213
iGeneratingEnergyWhenGridHasExcessEnergyMinutes = 1074
iUsingEnergyWhenGridHasExcessEnergyMinutes = 19
iIdleWhenGridDoesNotNeedEnergyMinutes = 44987
iIdleWhenGridNeedsEnergyMinutes = 4180869
iEnergyPriceIsZeroMinutes = 240
harvester.getEnergyHarvestedAVAILABLEKilowattHours( ): 1.493492915E7
harvester.getEnergyHarvestedKilowattHours(): 6160286.851388802
The running average is 91
The membership_value_deployment_threshold is 0.5
Energy harvested: 5963866.202777664
iGeneratingEnergyWhenGridNeedsEnergyMinutes =471167
iGeneratingEnergyWhenGridNeedsEnergyMinutes =471167
iUsingEnergyWhenGridNeedsEnergyMinutes =8705
iGeneratingEnergyWhenGridHasExcessEnergyMinutes = 1044
iUsingEnergyWhenGridHasExcessEnergyMinutes = 19
iIdleWhenGridDoesNotNeedEnergyMinutes = 45017
iIdleWhenGridNeedsEnergyMinutes = 4207338
iEnergyPriceIsZeroMinutes = 240
harvester.getEnergyHarvestedAVAILABLEKilowattHours( ): 1.493492915E7
harvester.getEnergyHarvestedKilowattHours(): 5963866.202777664
The running average is 121
The membership_value_deployment_threshold is 0.5
Energy harvested: 5770077.721944248
iGeneratingEnergyWhenGridNeedsEnergyMinutes =444324
iGeneratingEnergyWhenGridNeedsEnergyMinutes =444324
iUsingEnergyWhenGridNeedsEnergyMinutes =7596
iGeneratingEnergyWhenGridHasExcessEnergyMinutes = 1020
iUsingEnergyWhenGridHasExcessEnergyMinutes = 13
iIdleWhenGridDoesNotNeedEnergyMinutes = 45047
iIdleWhenGridNeedsEnergyMinutes = 4235290
iEnergyPriceIsZeroMinutes = 240
harvester.getEnergyHarvestedAVAILABLEKilowattHours( ): 1.493492915E7
harvester.getEnergyHarvestedKilowattHours(): 5770077.721944248
Beginning testing mode:
station,&,deployment_membership_value_threshold_array_for_month_1,&,running_average_size_minutes_for_month_1,&,deployment_membership_value_threshold_array_for_month_2,&,running_average_size_minutes_for_month_2,&,deployment_membership_value_threshold_array_for_month_3,&,running_average_size_minutes_for_month_3,&,deployment_membership_value_threshold_array_for_month_4,&,running_average_size_minutes_for_month_4,&,deployment_membership_value_threshold_array_for_month_5,&,running_average_size_minutes_for_month_5,&,deployment_membership_value_threshold_array_for_month_6,&,running_average_size_minutes_for_month_6,&,deployment_membership_value_threshold_array_for_month_7,&,running_average_size_minutes_for_month_7,&,deployment_membership_value_threshold_array_for_month_8,&,running_average_size_minutes_for_month_8,&,deployment_membership_value_threshold_array_for_month_9,&,running_average_size_minutes_for_month_9,&,deployment_membership_value_threshold_array_for_month_10,&,running_average_size_minutes_for_month_10,&,deployment_membership_value_threshold_array_for_month_11,&,running_average_size_minutes_for_month_11,&,deployment_membership_value_threshold_array_for_month_12,&,running_average_size_minutes_for_month_12,&,dNetNorm,&,dMarketBalancePercentage,&,dMarketNetNorm,
results: KDTW,&,0.5,&,61,&,0.5,&,31,&,0.5,&,31,&,0.5,&,91,&,0.5,&,1,&,0.5,&,1,&,0.5,&,1,&,0.5,&,1,&,0.5,&,1,&,0.5,&,31,&,0.5,&,121,&,0.5,&,121,&,0.4366968968252866,&,0.9475790247697872,&,0.41380481961369747
monthly visible minutes:KDTW,&,2013,&,8474,&,7790,&,6492,&,8536,&,7264,&,3296,&,2847,&,2984,&,3018,&,5527,&,8672,&,6528,&,
monthly visible minutes:KDTW,&,2014,&,8672,&,7350,&,7689,&,7813,&,2672,&,1576,&,1515,&,608,&,1412,&,6572,&,7865,&,4285,&,
monthly minutes harvester between states:KDTW,&,2013,&,597,&,608,&,456,&,532,&,1008,&,854,&,871,&,583,&,618,&,418,&,532,&,418,&,
monthly minutes harvester between states:KDTW,&,2014,&,489,&,418,&,494,&,456,&,637,&,354,&,571,&,276,&,383,&,456,&,418,&,304,&,
FuzzyVsCrisp: KDTW,1,true,true
station,&,deployment_membership_value_threshold_array_for_month_1,&,running_average_size_minutes_for_month_1,&,deployment_membership_value_threshold_array_for_month_2,&,running_average_size_minutes_for_month_2,&,deployment_membership_value_threshold_array_for_month_3,&,running_average_size_minutes_for_month_3,&,deployment_membership_value_threshold_array_for_month_4,&,running_average_size_minutes_for_month_4,&,deployment_membership_value_threshold_array_for_month_5,&,running_average_size_minutes_for_month_5,&,deployment_membership_value_threshold_array_for_month_6,&,running_average_size_minutes_for_month_6,&,deployment_membership_value_threshold_array_for_month_7,&,running_average_size_minutes_for_month_7,&,deployment_membership_value_threshold_array_for_month_8,&,running_average_size_minutes_for_month_8,&,deployment_membership_value_threshold_array_for_month_9,&,running_average_size_minutes_for_month_9,&,deployment_membership_value_threshold_array_for_month_10,&,running_average_size_minutes_for_month_10,&,deployment_membership_value_threshold_array_for_month_11,&,running_average_size_minutes_for_month_11,&,deployment_membership_value_threshold_array_for_month_12,&,running_average_size_minutes_for_month_12,&,dNetNorm,&,dMarketBalancePercentage,&,dMarketNetNorm,
results: KDTW,&,0.5,&,61,&,0.5,&,31,&,0.5,&,31,&,0.5,&,91,&,0.5,&,1,&,0.5,&,1,&,0.5,&,1,&,0.5,&,1,&,0.5,&,1,&,0.5,&,31,&,0.5,&,121,&,0.5,&,121,&,0.4366968968252866,&,0.9475790247697872,&,0.41380481961369747
monthly visible minutes:KDTW,&,2013,&,8474,&,7790,&,6492,&,8536,&,7264,&,3296,&,2847,&,2984,&,3018,&,5527,&,8672,&,6528,&,
monthly visible minutes:KDTW,&,2014,&,8672,&,7350,&,7689,&,7813,&,2672,&,1576,&,1515,&,608,&,1412,&,6572,&,7865,&,4285,&,
monthly minutes harvester between states:KDTW,&,2013,&,597,&,608,&,456,&,532,&,1008,&,854,&,871,&,583,&,618,&,418,&,532,&,418,&,
monthly minutes harvester between states:KDTW,&,2014,&,489,&,418,&,494,&,456,&,637,&,354,&,571,&,276,&,383,&,456,&,418,&,304,&,
FuzzyVsCrisp: KDTW,1,true,true
Station: KEUG
abc: The current path is /home/guy/retractable-wind
I have found the property file.
The training windspeed filename is /trainingKEUG2004-2012in.csv
The testing windspeed filename is /testingKEUG2013-2014in.csv
Yes, the station is KEUG
Warning: The bAlsoUsePrediction no longer has any effect
iUsedAllItsAllocatedVisibilityMinutesPerMonth: 8760
Visibility Allocation Minutes:8760
HARVESTER_SIZE_SQM is 6362
Reading file
Success: /Wind turbine power curves - wind turbine power output against wind speed in knots.csv found.
Speed (Knots) = Speed(knots) vs power (kW) , Power (kW) =V90
Speed (Knots) = 0 , Power (kW) =0
Speed (Knots) = 1 , Power (kW) =0
Speed (Knots) = 2 , Power (kW) =0
Speed (Knots) = 3 , Power (kW) =0
Speed (Knots) = 4 , Power (kW) =0
Speed (Knots) = 5 , Power (kW) =0
Speed (Knots) = 6 , Power (kW) =0
Speed (Knots) = 7 , Power (kW) =38
Speed (Knots) = 8 , Power (kW) =87
Speed (Knots) = 9 , Power (kW) =141
Speed (Knots) = 10 , Power (kW) =207
Speed (Knots) = 11 , Power (kW) =286
Speed (Knots) = 12 , Power (kW) =382
Speed (Knots) = 13 , Power (kW) =496
Speed (Knots) = 14 , Power (kW) =628
Speed (Knots) = 15 , Power (kW) =781
Speed (Knots) = 16 , Power (kW) =957
Speed (Knots) = 17 , Power (kW) =1153
Speed (Knots) = 18 , Power (kW) =1366
Speed (Knots) = 19 , Power (kW) =1589
Speed (Knots) = 20 , Power (kW) =1814
Speed (Knots) = 21 , Power (kW) =2035
Speed (Knots) = 22 , Power (kW) =2250
Speed (Knots) = 23 , Power (kW) =2452
Speed (Knots) = 24 , Power (kW) =2634
Speed (Knots) = 25 , Power (kW) =2784
Speed (Knots) = 26 , Power (kW) =2888
Speed (Knots) = 27 , Power (kW) =2949
Speed (Knots) = 28 , Power (kW) =2980
Speed (Knots) = 29 , Power (kW) =2993
Speed (Knots) = 30 , Power (kW) =3000
Speed (Knots) = 31 , Power (kW) =3000
Speed (Knots) = 32 , Power (kW) =3000
Speed (Knots) = 33 , Power (kW) =3000
Speed (Knots) = 34 , Power (kW) =3000
Speed (Knots) = 35 , Power (kW) =3000
Speed (Knots) = 36 , Power (kW) =3000
Speed (Knots) = 37 , Power (kW) =3000
Speed (Knots) = 38 , Power (kW) =3000
Speed (Knots) = 39 , Power (kW) =3000
Speed (Knots) = 40 , Power (kW) =3000
Speed (Knots) = 41 , Power (kW) =3000
Speed (Knots) = 42 , Power (kW) =3000
Speed (Knots) = 43 , Power (kW) =3000
Speed (Knots) = 44 , Power (kW) =3000
Speed (Knots) = 45 , Power (kW) =3000
Speed (Knots) = 46 , Power (kW) =3000
Speed (Knots) = 47 , Power (kW) =3000
Speed (Knots) = 48 , Power (kW) =3000
Speed (Knots) = 49 , Power (kW) =0
Speed (Knots) = 50 , Power (kW) =0
Speed (Knots) = 51 , Power (kW) =0
Speed (Knots) = 52 , Power (kW) =0
Speed (Knots) = 53 , Power (kW) =0
Speed (Knots) = 54 , Power (kW) =0
Speed (Knots) = 55 , Power (kW) =0
Speed (Knots) = 56 , Power (kW) =0
Speed (Knots) = 57 , Power (kW) =0
Speed (Knots) = 58 , Power (kW) =0
Speed (Knots) = 59 , Power (kW) =0
Speed (Knots) = 60 , Power (kW) =0
The scale is 1.0
Wind power at 10 knots in kilowatts is 207.0
Wind power in-cut-out test 0.0
Fuzzy
Class name:edu.pitt.cs.people.guy.wind.benchmarks.Fuzzy5
Success: /Noise_Allowed_Time_Definitions_All_Stations.csv found.
The station is the record is KEUG
Success: /Noise_Allowed_Time_Definitions_All_Stations.csv found.
The station is the record is KEUG
I have found the membership file for NOT WINDY.
Windspeed (knots) [0,1), Membership Value =1.00000000,1.0
Windspeed (knots) [1,2), Membership Value =0.99982703,0.999827
Windspeed (knots) [2,3), Membership Value =0.99783840,0.9978384
Windspeed (knots) [3,4), Membership Value =0.99012511,0.9901251
Windspeed (knots) [4,5), Membership Value =0.97115019,0.9711502
Windspeed (knots) [5,6), Membership Value =0.93424135,0.93424135
Windspeed (knots) [6,7), Membership Value =0.87862914,0.87862915
Windspeed (knots) [7,8), Membership Value =0.80433593,0.80433595
Windspeed (knots) [8,9), Membership Value =0.71481927,0.71481925
Windspeed (knots) [9,10), Membership Value =0.61418090,0.6141809
Windspeed (knots) [10,11), Membership Value =0.50332803,0.503328
Windspeed (knots) [11,12), Membership Value =0.38900127,0.38900128
Windspeed (knots) [12,13), Membership Value =0.27898620,0.2789862
Windspeed (knots) [13,14), Membership Value =0.17851534,0.17851534
Windspeed (knots) [14,15), Membership Value =0.08885353,0.08885353
Windspeed (knots) [15,16), Membership Value =0.01449242,0.01449242
Windspeed (knots) [16,17), Membership Value =0.00000000,0.0
Windspeed (knots) [17,18), Membership Value =0.00000000,0.0
Windspeed (knots) [18,19), Membership Value =0.00000000,0.0
Windspeed (knots) [19,20), Membership Value =0.00000000,0.0
Windspeed (knots) [20,21), Membership Value =0.00000000,0.0
Windspeed (knots) [21,22), Membership Value =0.00000000,0.0
Windspeed (knots) [22,23), Membership Value =0.00000000,0.0
Windspeed (knots) [23,24), Membership Value =0.00000000,0.0
Windspeed (knots) [24,25), Membership Value =0.00000000,0.0
Windspeed (knots) [25,26), Membership Value =0.00000000,0.0
Windspeed (knots) [26,27), Membership Value =0.00000000,0.0
Windspeed (knots) [27,28), Membership Value =0.00000000,0.0
Windspeed (knots) [28,29), Membership Value =0.00000000,0.0
Windspeed (knots) [29,30), Membership Value =0.00000000,0.0
Windspeed (knots) [30,31), Membership Value =0.00000000,0.0
Windspeed (knots) [31,32), Membership Value =0.00000000,0.0
Windspeed (knots) [32,33), Membership Value =0.00000000,0.0
Windspeed (knots) [33,34), Membership Value =0.00000000,0.0
Windspeed (knots) [34,35), Membership Value =0.00000000,0.0
Windspeed (knots) [35,36), Membership Value =0.00000000,0.0
Windspeed (knots) [36,37), Membership Value =0.00000000,0.0
Windspeed (knots) [37,38), Membership Value =0.00000000,0.0
Windspeed (knots) [38,39), Membership Value =0.00000000,0.0
Windspeed (knots) [39,40), Membership Value =0.00000000,0.0
Windspeed (knots) [40,41), Membership Value =0.00000000,0.0
Windspeed (knots) [41,42), Membership Value =0.00000000,0.0
Windspeed (knots) [42,43), Membership Value =0.00000000,0.0
Windspeed (knots) [43,44), Membership Value =0.00000000,0.0
Windspeed (knots) [44,45), Membership Value =0.00000000,0.0
Windspeed (knots) [45,46), Membership Value =0.00000000,0.0
Windspeed (knots) [46,47), Membership Value =0.00000000,0.0
Windspeed (knots) [47,48), Membership Value =0.00000000,0.0
Windspeed (knots) [48,49), Membership Value =0.00000000,0.0
Windspeed (knots) [49,50), Membership Value =0.00000000,0.0
Windspeed (knots) [50,51), Membership Value =0.00000000,0.0
Windspeed (knots) [51,52), Membership Value =0.00000000,0.0
Windspeed (knots) [52,53), Membership Value =0.00000000,0.0
Windspeed (knots) [53,54), Membership Value =0.00000000,0.0
Windspeed (knots) [54,55), Membership Value =0.00000000,0.0
Windspeed (knots) [55,56), Membership Value =0.00000000,0.0
Windspeed (knots) [56,57), Membership Value =0.00000000,0.0
Windspeed (knots) [57,58), Membership Value =0.00000000,0.0
Windspeed (knots) [58,59), Membership Value =0.00000000,0.0
Windspeed (knots) [59,60), Membership Value =0.00000000,0.0
Windspeed (knots) [60,61), Membership Value =0.00000000,0.0
Windspeed (knots) [61,62), Membership Value =0.00000000,0.0
Windspeed (knots) [62,63), Membership Value =0.00000000,0.0
Windspeed (knots) [63,64), Membership Value =0.00000000,0.0
Windspeed (knots) [64,65), Membership Value =0.00000000,0.0
Windspeed (knots) [65,66), Membership Value =0.00000000,0.0
Windspeed (knots) [66,67), Membership Value =0.00000000,0.0
Windspeed (knots) [67,68), Membership Value =0.00000000,0.0
Windspeed (knots) [68,69), Membership Value =0.00000000,0.0
Windspeed (knots) [69,70), Membership Value =0.00000000,0.0
Windspeed (knots) [70,71), Membership Value =0.00000000,0.0
Windspeed (knots) [71,72), Membership Value =0.00000000,0.0
Windspeed (knots) [72,73), Membership Value =0.00000000,0.0
Windspeed (knots) [73,74), Membership Value =0.00000000,0.0
Windspeed (knots) [74,75), Membership Value =0.00000000,0.0
Windspeed (knots) [75,76), Membership Value =0.00000000,0.0
Windspeed (knots) [76,77), Membership Value =0.00000000,0.0
Windspeed (knots) [77,78), Membership Value =0.00000000,0.0
Windspeed (knots) [78,79), Membership Value =0.00000000,0.0
Windspeed (knots) [79,80), Membership Value =0.00000000,0.0
Windspeed (knots) [80,81), Membership Value =0.00000000,0.0
Windspeed (knots) [81,82), Membership Value =0.00000000,0.0
Windspeed (knots) [82,83), Membership Value =0.00000000,0.0
Windspeed (knots) [83,84), Membership Value =0.00000000,0.0
Windspeed (knots) [84,85), Membership Value =0.00000000,0.0
Windspeed (knots) [85,86), Membership Value =0.00000000,0.0
Windspeed (knots) [86,87), Membership Value =0.00000000,0.0
Windspeed (knots) [87,88), Membership Value =0.00000000,0.0
Windspeed (knots) [88,89), Membership Value =0.00000000,0.0
Windspeed (knots) [89,90), Membership Value =0.00000000,0.0
Windspeed (knots) [90,91), Membership Value =0.00000000,0.0
Windspeed (knots) [91,92), Membership Value =0.00000000,0.0
Windspeed (knots) [92,93), Membership Value =0.00000000,0.0
Windspeed (knots) [93,94), Membership Value =0.00000000,0.0
Windspeed (knots) [94,95), Membership Value =0.00000000,0.0
Windspeed (knots) [95,96), Membership Value =0.00000000,0.0
Windspeed (knots) [96,97), Membership Value =0.00000000,0.0
Windspeed (knots) [97,98), Membership Value =0.00000000,0.0
Windspeed (knots) [98,99), Membership Value =0.00000000,0.0
Windspeed (knots) [99,100), Membership Value =0.00000000,0.0
Windspeed (knots) [100,101), Membership Value =0.00000000,0.0
Windspeed (knots) [101,102), Membership Value =0.00000000,0.0
Windspeed (knots) [102,103), Membership Value =0.00000000,0.0
Windspeed (knots) [103,104), Membership Value =0.00000000,0.0
Windspeed (knots) [104,105), Membership Value =0.00000000,0.0
Windspeed (knots) [105,106), Membership Value =0.00000000,0.0
Windspeed (knots) [106,107), Membership Value =0.00000000,0.0
Windspeed (knots) [107,108), Membership Value =0.00000000,0.0
Windspeed (knots) [108,109), Membership Value =0.00000000,0.0
Windspeed (knots) [109,110), Membership Value =0.00000000,0.0
Windspeed (knots) [110,111), Membership Value =0.00000000,0.0
Windspeed (knots) [111,112), Membership Value =0.00000000,0.0
Windspeed (knots) [112,113), Membership Value =0.00000000,0.0
Windspeed (knots) [113,114), Membership Value =0.00000000,0.0
Windspeed (knots) [114,115), Membership Value =0.00000000,0.0
Windspeed (knots) [115,116), Membership Value =0.00000000,0.0
Windspeed (knots) [116,117), Membership Value =0.00000000,0.0
Windspeed (knots) [117,118), Membership Value =0.00000000,0.0
Windspeed (knots) [118,119), Membership Value =0.00000000,0.0
Windspeed (knots) [119,120), Membership Value =0.00000000,0.0
Windspeed (knots) [120,121), Membership Value =0.00000000,0.0
Windspeed (knots) [121,122), Membership Value =0.00000000,0.0
Windspeed (knots) [122,123), Membership Value =0.00000000,0.0
Windspeed (knots) [123,124), Membership Value =0.00000000,0.0
Windspeed (knots) [124,125), Membership Value =0.00000000,0.0
LowestWindspeedThatIsWindyKnots for station KEUG is 6 knots.
Transition limited :false
bUseWeatherPrediction: false
The running average is 1
The membership_value_deployment_threshold is 0.5
Energy harvested: 4105453.5166611983
iGeneratingEnergyWhenGridNeedsEnergyMinutes =670894
iGeneratingEnergyWhenGridNeedsEnergyMinutes =670894
iUsingEnergyWhenGridNeedsEnergyMinutes =49715
iGeneratingEnergyWhenGridHasExcessEnergyMinutes = 1092
iUsingEnergyWhenGridHasExcessEnergyMinutes = 109
iIdleWhenGridDoesNotNeedEnergyMinutes = 44879
iIdleWhenGridNeedsEnergyMinutes = 3967787
iEnergyPriceIsZeroMinutes = 240
harvester.getEnergyHarvestedAVAILABLEKilowattHours( ): 7234854.416666667
harvester.getEnergyHarvestedKilowattHours(): 4105453.5166611983
The running average is 31
The membership_value_deployment_threshold is 0.5
Energy harvested: 3835778.4886085703
iGeneratingEnergyWhenGridNeedsEnergyMinutes =518188
iGeneratingEnergyWhenGridNeedsEnergyMinutes =518188
iUsingEnergyWhenGridNeedsEnergyMinutes =26048
iGeneratingEnergyWhenGridHasExcessEnergyMinutes = 679
iUsingEnergyWhenGridHasExcessEnergyMinutes = 19
iIdleWhenGridDoesNotNeedEnergyMinutes = 45382
iIdleWhenGridNeedsEnergyMinutes = 4144160
iEnergyPriceIsZeroMinutes = 240
harvester.getEnergyHarvestedAVAILABLEKilowattHours( ): 7234854.416666667
harvester.getEnergyHarvestedKilowattHours(): 3835778.4886085703
The running average is 61
The membership_value_deployment_threshold is 0.5
Energy harvested: 3583102.0747204493
iGeneratingEnergyWhenGridNeedsEnergyMinutes =459037
iGeneratingEnergyWhenGridNeedsEnergyMinutes =459037
iUsingEnergyWhenGridNeedsEnergyMinutes =21465
iGeneratingEnergyWhenGridHasExcessEnergyMinutes = 1261
iUsingEnergyWhenGridHasExcessEnergyMinutes = 36
iIdleWhenGridDoesNotNeedEnergyMinutes = 44783
iIdleWhenGridNeedsEnergyMinutes = 4207894
iEnergyPriceIsZeroMinutes = 240
harvester.getEnergyHarvestedAVAILABLEKilowattHours( ): 7234854.416666667
harvester.getEnergyHarvestedKilowattHours(): 3583102.0747204493
The running average is 91
The membership_value_deployment_threshold is 0.5
Energy harvested: 3387625.8738876064
iGeneratingEnergyWhenGridNeedsEnergyMinutes =421191
iGeneratingEnergyWhenGridNeedsEnergyMinutes =421191
iUsingEnergyWhenGridNeedsEnergyMinutes =18989
iGeneratingEnergyWhenGridHasExcessEnergyMinutes = 1157
iUsingEnergyWhenGridHasExcessEnergyMinutes = 17
iIdleWhenGridDoesNotNeedEnergyMinutes = 44906
iIdleWhenGridNeedsEnergyMinutes = 4248216
iEnergyPriceIsZeroMinutes = 240
harvester.getEnergyHarvestedAVAILABLEKilowattHours( ): 7234854.416666667
harvester.getEnergyHarvestedKilowattHours(): 3387625.8738876064
The running average is 121
The membership_value_deployment_threshold is 0.5
Energy harvested: 3205819.139165641
iGeneratingEnergyWhenGridNeedsEnergyMinutes =388795
iGeneratingEnergyWhenGridNeedsEnergyMinutes =388795
iUsingEnergyWhenGridNeedsEnergyMinutes =17277
iGeneratingEnergyWhenGridHasExcessEnergyMinutes = 1145
iUsingEnergyWhenGridHasExcessEnergyMinutes = 21
iIdleWhenGridDoesNotNeedEnergyMinutes = 44914
iIdleWhenGridNeedsEnergyMinutes = 4282324
iEnergyPriceIsZeroMinutes = 240
harvester.getEnergyHarvestedAVAILABLEKilowattHours( ): 7234854.416666667
harvester.getEnergyHarvestedKilowattHours(): 3205819.139165641
Beginning testing mode:
station,&,deployment_membership_value_threshold_array_for_month_1,&,running_average_size_minutes_for_month_1,&,deployment_membership_value_threshold_array_for_month_2,&,running_average_size_minutes_for_month_2,&,deployment_membership_value_threshold_array_for_month_3,&,running_average_size_minutes_for_month_3,&,deployment_membership_value_threshold_array_for_month_4,&,running_average_size_minutes_for_month_4,&,deployment_membership_value_threshold_array_for_month_5,&,running_average_size_minutes_for_month_5,&,deployment_membership_value_threshold_array_for_month_6,&,running_average_size_minutes_for_month_6,&,deployment_membership_value_threshold_array_for_month_7,&,running_average_size_minutes_for_month_7,&,deployment_membership_value_threshold_array_for_month_8,&,running_average_size_minutes_for_month_8,&,deployment_membership_value_threshold_array_for_month_9,&,running_average_size_minutes_for_month_9,&,deployment_membership_value_threshold_array_for_month_10,&,running_average_size_minutes_for_month_10,&,deployment_membership_value_threshold_array_for_month_11,&,running_average_size_minutes_for_month_11,&,deployment_membership_value_threshold_array_for_month_12,&,running_average_size_minutes_for_month_12,&,dNetNorm,&,dMarketBalancePercentage,&,dMarketNetNorm,
results: KEUG,&,0.5,&,31,&,0.5,&,1,&,0.5,&,31,&,0.5,&,31,&,0.5,&,1,&,0.5,&,1,&,0.5,&,31,&,0.5,&,31,&,0.5,&,1,&,0.5,&,1,&,0.5,&,91,&,0.5,&,31,&,0.5300402925934539,&,0.9310419318751688,&,0.49348973798788903
monthly visible minutes:KEUG,&,2013,&,2181,&,8672,&,2470,&,5820,&,8672,&,8672,&,8672,&,3966,&,7172,&,2533,&,4065,&,1956,&,
monthly visible minutes:KEUG,&,2014,&,4266,&,8503,&,8672,&,8053,&,8672,&,8672,&,7431,&,5834,&,8672,&,8672,&,4610,&,5375,&,
monthly minutes harvester between states:KEUG,&,2013,&,190,&,798,&,190,&,532,&,983,&,983,&,722,&,608,&,1210,&,465,&,342,&,190,&,
monthly minutes harvester between states:KEUG,&,2014,&,342,&,802,&,760,&,722,&,570,&,494,&,768,&,798,&,903,&,874,&,342,&,456,&,
FuzzyVsCrisp: KEUG,1,true,true
station,&,deployment_membership_value_threshold_array_for_month_1,&,running_average_size_minutes_for_month_1,&,deployment_membership_value_threshold_array_for_month_2,&,running_average_size_minutes_for_month_2,&,deployment_membership_value_threshold_array_for_month_3,&,running_average_size_minutes_for_month_3,&,deployment_membership_value_threshold_array_for_month_4,&,running_average_size_minutes_for_month_4,&,deployment_membership_value_threshold_array_for_month_5,&,running_average_size_minutes_for_month_5,&,deployment_membership_value_threshold_array_for_month_6,&,running_average_size_minutes_for_month_6,&,deployment_membership_value_threshold_array_for_month_7,&,running_average_size_minutes_for_month_7,&,deployment_membership_value_threshold_array_for_month_8,&,running_average_size_minutes_for_month_8,&,deployment_membership_value_threshold_array_for_month_9,&,running_average_size_minutes_for_month_9,&,deployment_membership_value_threshold_array_for_month_10,&,running_average_size_minutes_for_month_10,&,deployment_membership_value_threshold_array_for_month_11,&,running_average_size_minutes_for_month_11,&,deployment_membership_value_threshold_array_for_month_12,&,running_average_size_minutes_for_month_12,&,dNetNorm,&,dMarketBalancePercentage,&,dMarketNetNorm,
results: KEUG,&,0.5,&,31,&,0.5,&,1,&,0.5,&,31,&,0.5,&,31,&,0.5,&,1,&,0.5,&,1,&,0.5,&,31,&,0.5,&,31,&,0.5,&,1,&,0.5,&,1,&,0.5,&,91,&,0.5,&,61,&,0.5292142149423711,&,0.9312154567832428,&,0.4928124569037453
monthly visible minutes:KEUG,&,2013,&,2181,&,8672,&,2470,&,5820,&,8672,&,8672,&,8672,&,3966,&,7172,&,2533,&,4065,&,1956,&,
monthly visible minutes:KEUG,&,2014,&,4266,&,8503,&,8672,&,8053,&,8672,&,8672,&,7431,&,5834,&,8672,&,8672,&,4610,&,5375,&,
monthly minutes harvester between states:KEUG,&,2013,&,190,&,798,&,190,&,532,&,983,&,983,&,722,&,608,&,1210,&,465,&,342,&,190,&,
monthly minutes harvester between states:KEUG,&,2014,&,342,&,802,&,760,&,722,&,570,&,494,&,768,&,798,&,903,&,874,&,342,&,456,&,
FuzzyVsCrisp: KEUG,1,true,true
Station: KIAH
abc: The current path is /home/guy/retractable-wind
I have found the property file.
The training windspeed filename is /trainingKIAH2004-2012in.csv
The testing windspeed filename is /testingKIAH2013-2014in.csv
Yes, the station is KIAH
Warning: The bAlsoUsePrediction no longer has any effect
iUsedAllItsAllocatedVisibilityMinutesPerMonth: 8760
Visibility Allocation Minutes:8760
HARVESTER_SIZE_SQM is 6362
Reading file
Success: /Wind turbine power curves - wind turbine power output against wind speed in knots.csv found.
Speed (Knots) = Speed(knots) vs power (kW) , Power (kW) =V90
Speed (Knots) = 0 , Power (kW) =0
Speed (Knots) = 1 , Power (kW) =0
Speed (Knots) = 2 , Power (kW) =0
Speed (Knots) = 3 , Power (kW) =0
Speed (Knots) = 4 , Power (kW) =0
Speed (Knots) = 5 , Power (kW) =0
Speed (Knots) = 6 , Power (kW) =0
Speed (Knots) = 7 , Power (kW) =38
Speed (Knots) = 8 , Power (kW) =87
Speed (Knots) = 9 , Power (kW) =141
Speed (Knots) = 10 , Power (kW) =207
Speed (Knots) = 11 , Power (kW) =286
Speed (Knots) = 12 , Power (kW) =382
Speed (Knots) = 13 , Power (kW) =496
Speed (Knots) = 14 , Power (kW) =628
Speed (Knots) = 15 , Power (kW) =781
Speed (Knots) = 16 , Power (kW) =957
Speed (Knots) = 17 , Power (kW) =1153
Speed (Knots) = 18 , Power (kW) =1366
Speed (Knots) = 19 , Power (kW) =1589
Speed (Knots) = 20 , Power (kW) =1814
Speed (Knots) = 21 , Power (kW) =2035
Speed (Knots) = 22 , Power (kW) =2250
Speed (Knots) = 23 , Power (kW) =2452
Speed (Knots) = 24 , Power (kW) =2634
Speed (Knots) = 25 , Power (kW) =2784
Speed (Knots) = 26 , Power (kW) =2888
Speed (Knots) = 27 , Power (kW) =2949
Speed (Knots) = 28 , Power (kW) =2980
Speed (Knots) = 29 , Power (kW) =2993
Speed (Knots) = 30 , Power (kW) =3000
Speed (Knots) = 31 , Power (kW) =3000
Speed (Knots) = 32 , Power (kW) =3000
Speed (Knots) = 33 , Power (kW) =3000
Speed (Knots) = 34 , Power (kW) =3000
Speed (Knots) = 35 , Power (kW) =3000
Speed (Knots) = 36 , Power (kW) =3000
Speed (Knots) = 37 , Power (kW) =3000
Speed (Knots) = 38 , Power (kW) =3000
Speed (Knots) = 39 , Power (kW) =3000
Speed (Knots) = 40 , Power (kW) =3000
Speed (Knots) = 41 , Power (kW) =3000
Speed (Knots) = 42 , Power (kW) =3000
Speed (Knots) = 43 , Power (kW) =3000
Speed (Knots) = 44 , Power (kW) =3000
Speed (Knots) = 45 , Power (kW) =3000
Speed (Knots) = 46 , Power (kW) =3000
Speed (Knots) = 47 , Power (kW) =3000
Speed (Knots) = 48 , Power (kW) =3000
Speed (Knots) = 49 , Power (kW) =0
Speed (Knots) = 50 , Power (kW) =0
Speed (Knots) = 51 , Power (kW) =0
Speed (Knots) = 52 , Power (kW) =0
Speed (Knots) = 53 , Power (kW) =0
Speed (Knots) = 54 , Power (kW) =0
Speed (Knots) = 55 , Power (kW) =0
Speed (Knots) = 56 , Power (kW) =0
Speed (Knots) = 57 , Power (kW) =0
Speed (Knots) = 58 , Power (kW) =0
Speed (Knots) = 59 , Power (kW) =0
Speed (Knots) = 60 , Power (kW) =0
The scale is 1.0
Wind power at 10 knots in kilowatts is 207.0
Wind power in-cut-out test 0.0
Fuzzy
Class name:edu.pitt.cs.people.guy.wind.benchmarks.Fuzzy5
Success: /Noise_Allowed_Time_Definitions_All_Stations.csv found.
The station is the record is KIAH
Success: /Noise_Allowed_Time_Definitions_All_Stations.csv found.
The station is the record is KIAH
I have found the membership file for NOT WINDY.
Windspeed (knots) [0,1), Membership Value =1.0000000,1.0
Windspeed (knots) [1,2), Membership Value =0.9999109,0.9999109
Windspeed (knots) [2,3), Membership Value =0.9988756,0.9988756
Windspeed (knots) [3,4), Membership Value =0.9945454,0.9945454
Windspeed (knots) [4,5), Membership Value =0.9829569,0.9829569
Windspeed (knots) [5,6), Membership Value =0.9618849,0.9618849
Windspeed (knots) [6,7), Membership Value =0.9273118,0.9273118
Windspeed (knots) [7,8), Membership Value =0.8764096,0.8764096
Windspeed (knots) [8,9), Membership Value =0.8096443,0.8096443
Windspeed (knots) [9,10), Membership Value =0.7237917,0.7237917
Windspeed (knots) [10,11), Membership Value =0.6274935,0.6274935
Windspeed (knots) [11,12), Membership Value =0.5243565,0.5243565
Windspeed (knots) [12,13), Membership Value =0.4135571,0.4135571
Windspeed (knots) [13,14), Membership Value =0.3044805,0.3044805
Windspeed (knots) [14,15), Membership Value =0.2053706,0.2053706
Windspeed (knots) [15,16), Membership Value =0.1178871,0.1178871
Windspeed (knots) [16,17), Membership Value =0.0430639,0.0430639
Windspeed (knots) [17,18), Membership Value =0.0000000,0.0
Windspeed (knots) [18,19), Membership Value =0.0000000,0.0
Windspeed (knots) [19,20), Membership Value =0.0000000,0.0
Windspeed (knots) [20,21), Membership Value =0.0000000,0.0
Windspeed (knots) [21,22), Membership Value =0.0000000,0.0
Windspeed (knots) [22,23), Membership Value =0.0000000,0.0
Windspeed (knots) [23,24), Membership Value =0.0000000,0.0
Windspeed (knots) [24,25), Membership Value =0.0000000,0.0
Windspeed (knots) [25,26), Membership Value =0.0000000,0.0
Windspeed (knots) [26,27), Membership Value =0.0000000,0.0
Windspeed (knots) [27,28), Membership Value =0.0000000,0.0
Windspeed (knots) [28,29), Membership Value =0.0000000,0.0
Windspeed (knots) [29,30), Membership Value =0.0000000,0.0
Windspeed (knots) [30,31), Membership Value =0.0000000,0.0
Windspeed (knots) [31,32), Membership Value =0.0000000,0.0
Windspeed (knots) [32,33), Membership Value =0.0000000,0.0
Windspeed (knots) [33,34), Membership Value =0.0000000,0.0
Windspeed (knots) [34,35), Membership Value =0.0000000,0.0
Windspeed (knots) [35,36), Membership Value =0.0000000,0.0
Windspeed (knots) [36,37), Membership Value =0.0000000,0.0
Windspeed (knots) [37,38), Membership Value =0.0000000,0.0
Windspeed (knots) [38,39), Membership Value =0.0000000,0.0
Windspeed (knots) [39,40), Membership Value =0.0000000,0.0
Windspeed (knots) [40,41), Membership Value =0.0000000,0.0
Windspeed (knots) [41,42), Membership Value =0.0000000,0.0
Windspeed (knots) [42,43), Membership Value =0.0000000,0.0
Windspeed (knots) [43,44), Membership Value =0.0000000,0.0
Windspeed (knots) [44,45), Membership Value =0.0000000,0.0
Windspeed (knots) [45,46), Membership Value =0.0000000,0.0
Windspeed (knots) [46,47), Membership Value =0.0000000,0.0
Windspeed (knots) [47,48), Membership Value =0.0000000,0.0
Windspeed (knots) [48,49), Membership Value =0.0000000,0.0
Windspeed (knots) [49,50), Membership Value =0.0000000,0.0
Windspeed (knots) [50,51), Membership Value =0.0000000,0.0
Windspeed (knots) [51,52), Membership Value =0.0000000,0.0
Windspeed (knots) [52,53), Membership Value =0.0000000,0.0
Windspeed (knots) [53,54), Membership Value =0.0000000,0.0
Windspeed (knots) [54,55), Membership Value =0.0000000,0.0
Windspeed (knots) [55,56), Membership Value =0.0000000,0.0
Windspeed (knots) [56,57), Membership Value =0.0000000,0.0
Windspeed (knots) [57,58), Membership Value =0.0000000,0.0
Windspeed (knots) [58,59), Membership Value =0.0000000,0.0
Windspeed (knots) [59,60), Membership Value =0.0000000,0.0
Windspeed (knots) [60,61), Membership Value =0.0000000,0.0
Windspeed (knots) [61,62), Membership Value =0.0000000,0.0
Windspeed (knots) [62,63), Membership Value =0.0000000,0.0
Windspeed (knots) [63,64), Membership Value =0.0000000,0.0
Windspeed (knots) [64,65), Membership Value =0.0000000,0.0
Windspeed (knots) [65,66), Membership Value =0.0000000,0.0
Windspeed (knots) [66,67), Membership Value =0.0000000,0.0
Windspeed (knots) [67,68), Membership Value =0.0000000,0.0
Windspeed (knots) [68,69), Membership Value =0.0000000,0.0
Windspeed (knots) [69,70), Membership Value =0.0000000,0.0
Windspeed (knots) [70,71), Membership Value =0.0000000,0.0
Windspeed (knots) [71,72), Membership Value =0.0000000,0.0
Windspeed (knots) [72,73), Membership Value =0.0000000,0.0
Windspeed (knots) [73,74), Membership Value =0.0000000,0.0
Windspeed (knots) [74,75), Membership Value =0.0000000,0.0
Windspeed (knots) [75,76), Membership Value =0.0000000,0.0
Windspeed (knots) [76,77), Membership Value =0.0000000,0.0
Windspeed (knots) [77,78), Membership Value =0.0000000,0.0
Windspeed (knots) [78,79), Membership Value =0.0000000,0.0
Windspeed (knots) [79,80), Membership Value =0.0000000,0.0
Windspeed (knots) [80,81), Membership Value =0.0000000,0.0
Windspeed (knots) [81,82), Membership Value =0.0000000,0.0
Windspeed (knots) [82,83), Membership Value =0.0000000,0.0
Windspeed (knots) [83,84), Membership Value =0.0000000,0.0
Windspeed (knots) [84,85), Membership Value =0.0000000,0.0
Windspeed (knots) [85,86), Membership Value =0.0000000,0.0
Windspeed (knots) [86,87), Membership Value =0.0000000,0.0
Windspeed (knots) [87,88), Membership Value =0.0000000,0.0
Windspeed (knots) [88,89), Membership Value =0.0000000,0.0
Windspeed (knots) [89,90), Membership Value =0.0000000,0.0
Windspeed (knots) [90,91), Membership Value =0.0000000,0.0
Windspeed (knots) [91,92), Membership Value =0.0000000,0.0
Windspeed (knots) [92,93), Membership Value =0.0000000,0.0
Windspeed (knots) [93,94), Membership Value =0.0000000,0.0
Windspeed (knots) [94,95), Membership Value =0.0000000,0.0
Windspeed (knots) [95,96), Membership Value =0.0000000,0.0
Windspeed (knots) [96,97), Membership Value =0.0000000,0.0
Windspeed (knots) [97,98), Membership Value =0.0000000,0.0
Windspeed (knots) [98,99), Membership Value =0.0000000,0.0
Windspeed (knots) [99,100), Membership Value =0.0000000,0.0
Windspeed (knots) [100,101), Membership Value =0.0000000,0.0
Windspeed (knots) [101,102), Membership Value =0.0000000,0.0
Windspeed (knots) [102,103), Membership Value =0.0000000,0.0
Windspeed (knots) [103,104), Membership Value =0.0000000,0.0
Windspeed (knots) [104,105), Membership Value =0.0000000,0.0
Windspeed (knots) [105,106), Membership Value =0.0000000,0.0
Windspeed (knots) [106,107), Membership Value =0.0000000,0.0
Windspeed (knots) [107,108), Membership Value =0.0000000,0.0
Windspeed (knots) [108,109), Membership Value =0.0000000,0.0
Windspeed (knots) [109,110), Membership Value =0.0000000,0.0
Windspeed (knots) [110,111), Membership Value =0.0000000,0.0
Windspeed (knots) [111,112), Membership Value =0.0000000,0.0
Windspeed (knots) [112,113), Membership Value =0.0000000,0.0
Windspeed (knots) [113,114), Membership Value =0.0000000,0.0
Windspeed (knots) [114,115), Membership Value =0.0000000,0.0
Windspeed (knots) [115,116), Membership Value =0.0000000,0.0
Windspeed (knots) [116,117), Membership Value =0.0000000,0.0
Windspeed (knots) [117,118), Membership Value =0.0000000,0.0
Windspeed (knots) [118,119), Membership Value =0.0000000,0.0
Windspeed (knots) [119,120), Membership Value =0.0000000,0.0
Windspeed (knots) [120,121), Membership Value =0.0000000,0.0
Windspeed (knots) [121,122), Membership Value =0.0000000,0.0
Windspeed (knots) [122,123), Membership Value =0.0000000,0.0
Windspeed (knots) [123,124), Membership Value =0.0000000,0.0
Windspeed (knots) [124,125), Membership Value =0.0000000,0.0
LowestWindspeedThatIsWindyKnots for station KIAH is 7 knots.
Transition limited :false
bUseWeatherPrediction: false
The running average is 1
The membership_value_deployment_threshold is 0.5
Energy harvested: 5253017.107219791
iGeneratingEnergyWhenGridNeedsEnergyMinutes =717550
iGeneratingEnergyWhenGridNeedsEnergyMinutes =717550
iUsingEnergyWhenGridNeedsEnergyMinutes =57979
iGeneratingEnergyWhenGridHasExcessEnergyMinutes = 1819
iUsingEnergyWhenGridHasExcessEnergyMinutes = 180
iIdleWhenGridDoesNotNeedEnergyMinutes = 44081
iIdleWhenGridNeedsEnergyMinutes = 3912870
iEnergyPriceIsZeroMinutes = 240
harvester.getEnergyHarvestedAVAILABLEKilowattHours( ): 1.0827120133333333E7
harvester.getEnergyHarvestedKilowattHours(): 5253017.107219791
The running average is 31
The membership_value_deployment_threshold is 0.5
Energy harvested: 5127340.523609605
iGeneratingEnergyWhenGridNeedsEnergyMinutes =588821
iGeneratingEnergyWhenGridNeedsEnergyMinutes =588821
iUsingEnergyWhenGridNeedsEnergyMinutes =24747
iGeneratingEnergyWhenGridHasExcessEnergyMinutes = 1800
iUsingEnergyWhenGridHasExcessEnergyMinutes = 68
iIdleWhenGridDoesNotNeedEnergyMinutes = 44212
iIdleWhenGridNeedsEnergyMinutes = 4074831
iEnergyPriceIsZeroMinutes = 240
harvester.getEnergyHarvestedAVAILABLEKilowattHours( ): 1.0827120133333333E7
harvester.getEnergyHarvestedKilowattHours(): 5127340.523609605
The running average is 61
The membership_value_deployment_threshold is 0.5
Energy harvested: 4853614.745831738
iGeneratingEnergyWhenGridNeedsEnergyMinutes =529773
iGeneratingEnergyWhenGridNeedsEnergyMinutes =529773
iUsingEnergyWhenGridNeedsEnergyMinutes =20217
iGeneratingEnergyWhenGridHasExcessEnergyMinutes = 1772
iUsingEnergyWhenGridHasExcessEnergyMinutes = 84
iIdleWhenGridDoesNotNeedEnergyMinutes = 44224
iIdleWhenGridNeedsEnergyMinutes = 4138409
iEnergyPriceIsZeroMinutes = 240
harvester.getEnergyHarvestedAVAILABLEKilowattHours( ): 1.0827120133333333E7
harvester.getEnergyHarvestedKilowattHours(): 4853614.745831738
The running average is 91
The membership_value_deployment_threshold is 0.5
Energy harvested: 4642797.921942792
iGeneratingEnergyWhenGridNeedsEnergyMinutes =488015
iGeneratingEnergyWhenGridNeedsEnergyMinutes =488015
iUsingEnergyWhenGridNeedsEnergyMinutes =17525
iGeneratingEnergyWhenGridHasExcessEnergyMinutes = 1570
iUsingEnergyWhenGridHasExcessEnergyMinutes = 83
iIdleWhenGridDoesNotNeedEnergyMinutes = 44427
iIdleWhenGridNeedsEnergyMinutes = 4182859
iEnergyPriceIsZeroMinutes = 240
harvester.getEnergyHarvestedAVAILABLEKilowattHours( ): 1.0827120133333333E7
harvester.getEnergyHarvestedKilowattHours(): 4642797.921942792
The running average is 121
The membership_value_deployment_threshold is 0.5
Energy harvested: 4433648.093331602
iGeneratingEnergyWhenGridNeedsEnergyMinutes =449830
iGeneratingEnergyWhenGridNeedsEnergyMinutes =449830
iUsingEnergyWhenGridNeedsEnergyMinutes =15481
iGeneratingEnergyWhenGridHasExcessEnergyMinutes = 1762
iUsingEnergyWhenGridHasExcessEnergyMinutes = 87
iIdleWhenGridDoesNotNeedEnergyMinutes = 44231
iIdleWhenGridNeedsEnergyMinutes = 4223088
iEnergyPriceIsZeroMinutes = 240
harvester.getEnergyHarvestedAVAILABLEKilowattHours( ): 1.0827120133333333E7
harvester.getEnergyHarvestedKilowattHours(): 4433648.093331602
Beginning testing mode:
station,&,deployment_membership_value_threshold_array_for_month_1,&,running_average_size_minutes_for_month_1,&,deployment_membership_value_threshold_array_for_month_2,&,running_average_size_minutes_for_month_2,&,deployment_membership_value_threshold_array_for_month_3,&,running_average_size_minutes_for_month_3,&,deployment_membership_value_threshold_array_for_month_4,&,running_average_size_minutes_for_month_4,&,deployment_membership_value_threshold_array_for_month_5,&,running_average_size_minutes_for_month_5,&,deployment_membership_value_threshold_array_for_month_6,&,running_average_size_minutes_for_month_6,&,deployment_membership_value_threshold_array_for_month_7,&,running_average_size_minutes_for_month_7,&,deployment_membership_value_threshold_array_for_month_8,&,running_average_size_minutes_for_month_8,&,deployment_membership_value_threshold_array_for_month_9,&,running_average_size_minutes_for_month_9,&,deployment_membership_value_threshold_array_for_month_10,&,running_average_size_minutes_for_month_10,&,deployment_membership_value_threshold_array_for_month_11,&,running_average_size_minutes_for_month_11,&,deployment_membership_value_threshold_array_for_month_12,&,running_average_size_minutes_for_month_12,&,dNetNorm,&,dMarketBalancePercentage,&,dMarketNetNorm,
results: KIAH,&,0.5,&,31,&,0.5,&,121,&,0.5,&,61,&,0.5,&,121,&,0.5,&,121,&,0.5,&,31,&,0.5,&,1,&,0.5,&,1,&,0.5,&,1,&,0.5,&,1,&,0.5,&,91,&,0.5,&,91,&,0.4666093431366966,&,0.9244658296161683,&,0.43136439350952155
monthly visible minutes:KIAH,&,2013,&,7787,&,6549,&,8672,&,8672,&,8672,&,4923,&,4098,&,3801,&,6079,&,4239,&,7997,&,3587,&,
monthly visible minutes:KIAH,&,2014,&,8672,&,6327,&,8672,&,8672,&,8667,&,7472,&,8353,&,8672,&,8672,&,8672,&,5431,&,5415,&,
monthly minutes harvester between states:KIAH,&,2013,&,617,&,532,&,646,&,724,&,722,&,798,&,1606,&,1005,&,1398,&,1100,&,532,&,304,&,
monthly minutes harvester between states:KIAH,&,2014,&,646,&,423,&,684,&,684,&,722,&,836,&,2272,&,1807,&,1220,&,1162,&,456,&,456,&,
FuzzyVsCrisp: KIAH,1,true,true
station,&,deployment_membership_value_threshold_array_for_month_1,&,running_average_size_minutes_for_month_1,&,deployment_membership_value_threshold_array_for_month_2,&,running_average_size_minutes_for_month_2,&,deployment_membership_value_threshold_array_for_month_3,&,running_average_size_minutes_for_month_3,&,deployment_membership_value_threshold_array_for_month_4,&,running_average_size_minutes_for_month_4,&,deployment_membership_value_threshold_array_for_month_5,&,running_average_size_minutes_for_month_5,&,deployment_membership_value_threshold_array_for_month_6,&,running_average_size_minutes_for_month_6,&,deployment_membership_value_threshold_array_for_month_7,&,running_average_size_minutes_for_month_7,&,deployment_membership_value_threshold_array_for_month_8,&,running_average_size_minutes_for_month_8,&,deployment_membership_value_threshold_array_for_month_9,&,running_average_size_minutes_for_month_9,&,deployment_membership_value_threshold_array_for_month_10,&,running_average_size_minutes_for_month_10,&,deployment_membership_value_threshold_array_for_month_11,&,running_average_size_minutes_for_month_11,&,deployment_membership_value_threshold_array_for_month_12,&,running_average_size_minutes_for_month_12,&,dNetNorm,&,dMarketBalancePercentage,&,dMarketNetNorm,
results: KIAH,&,0.5,&,31,&,0.5,&,121,&,0.5,&,61,&,0.5,&,121,&,0.5,&,121,&,0.5,&,31,&,0.5,&,1,&,0.5,&,1,&,0.5,&,1,&,0.5,&,31,&,0.5,&,121,&,0.5,&,91,&,0.4628642442633056,&,0.9320763686443937,&,0.4314248239682735
monthly visible minutes:KIAH,&,2013,&,7787,&,6549,&,8672,&,8672,&,8672,&,4923,&,4098,&,3801,&,6079,&,4239,&,7997,&,3587,&,
monthly visible minutes:KIAH,&,2014,&,8672,&,6327,&,8672,&,8672,&,8667,&,7472,&,8353,&,8672,&,8672,&,8672,&,5431,&,5415,&,
monthly minutes harvester between states:KIAH,&,2013,&,617,&,532,&,646,&,724,&,722,&,798,&,1606,&,1005,&,1398,&,1100,&,532,&,304,&,
monthly minutes harvester between states:KIAH,&,2014,&,646,&,423,&,684,&,684,&,722,&,836,&,2272,&,1807,&,1220,&,1162,&,456,&,456,&,
FuzzyVsCrisp: KIAH,1,true,true
Station: KLAS
abc: The current path is /home/guy/retractable-wind
I have found the property file.
The training windspeed filename is /trainingKLAS2004-2012in.csv
The testing windspeed filename is /testingKLAS2013-2014in.csv
Yes, the station is KLAS
Warning: The bAlsoUsePrediction no longer has any effect
iUsedAllItsAllocatedVisibilityMinutesPerMonth: 8760
Visibility Allocation Minutes:8760
HARVESTER_SIZE_SQM is 6362
Reading file
Success: /Wind turbine power curves - wind turbine power output against wind speed in knots.csv found.
Speed (Knots) = Speed(knots) vs power (kW) , Power (kW) =V90
Speed (Knots) = 0 , Power (kW) =0
Speed (Knots) = 1 , Power (kW) =0
Speed (Knots) = 2 , Power (kW) =0
Speed (Knots) = 3 , Power (kW) =0
Speed (Knots) = 4 , Power (kW) =0
Speed (Knots) = 5 , Power (kW) =0
Speed (Knots) = 6 , Power (kW) =0
Speed (Knots) = 7 , Power (kW) =38
Speed (Knots) = 8 , Power (kW) =87
Speed (Knots) = 9 , Power (kW) =141
Speed (Knots) = 10 , Power (kW) =207
Speed (Knots) = 11 , Power (kW) =286
Speed (Knots) = 12 , Power (kW) =382
Speed (Knots) = 13 , Power (kW) =496
Speed (Knots) = 14 , Power (kW) =628
Speed (Knots) = 15 , Power (kW) =781
Speed (Knots) = 16 , Power (kW) =957
Speed (Knots) = 17 , Power (kW) =1153
Speed (Knots) = 18 , Power (kW) =1366
Speed (Knots) = 19 , Power (kW) =1589
Speed (Knots) = 20 , Power (kW) =1814
Speed (Knots) = 21 , Power (kW) =2035
Speed (Knots) = 22 , Power (kW) =2250
Speed (Knots) = 23 , Power (kW) =2452
Speed (Knots) = 24 , Power (kW) =2634
Speed (Knots) = 25 , Power (kW) =2784
Speed (Knots) = 26 , Power (kW) =2888
Speed (Knots) = 27 , Power (kW) =2949
Speed (Knots) = 28 , Power (kW) =2980
Speed (Knots) = 29 , Power (kW) =2993
Speed (Knots) = 30 , Power (kW) =3000
Speed (Knots) = 31 , Power (kW) =3000
Speed (Knots) = 32 , Power (kW) =3000
Speed (Knots) = 33 , Power (kW) =3000
Speed (Knots) = 34 , Power (kW) =3000
Speed (Knots) = 35 , Power (kW) =3000
Speed (Knots) = 36 , Power (kW) =3000
Speed (Knots) = 37 , Power (kW) =3000
Speed (Knots) = 38 , Power (kW) =3000
Speed (Knots) = 39 , Power (kW) =3000
Speed (Knots) = 40 , Power (kW) =3000
Speed (Knots) = 41 , Power (kW) =3000
Speed (Knots) = 42 , Power (kW) =3000
Speed (Knots) = 43 , Power (kW) =3000
Speed (Knots) = 44 , Power (kW) =3000
Speed (Knots) = 45 , Power (kW) =3000
Speed (Knots) = 46 , Power (kW) =3000
Speed (Knots) = 47 , Power (kW) =3000
Speed (Knots) = 48 , Power (kW) =3000
Speed (Knots) = 49 , Power (kW) =0
Speed (Knots) = 50 , Power (kW) =0
Speed (Knots) = 51 , Power (kW) =0
Speed (Knots) = 52 , Power (kW) =0
Speed (Knots) = 53 , Power (kW) =0
Speed (Knots) = 54 , Power (kW) =0
Speed (Knots) = 55 , Power (kW) =0
Speed (Knots) = 56 , Power (kW) =0
Speed (Knots) = 57 , Power (kW) =0
Speed (Knots) = 58 , Power (kW) =0
Speed (Knots) = 59 , Power (kW) =0
Speed (Knots) = 60 , Power (kW) =0
The scale is 1.0
Wind power at 10 knots in kilowatts is 207.0
Wind power in-cut-out test 0.0
Fuzzy
Class name:edu.pitt.cs.people.guy.wind.benchmarks.Fuzzy5
Success: /Noise_Allowed_Time_Definitions_All_Stations.csv found.
The station is the record is KLAS
Success: /Noise_Allowed_Time_Definitions_All_Stations.csv found.
The station is the record is KLAS
I have found the membership file for NOT WINDY.
Windspeed (knots) [0,1), Membership Value =1.00000000,1.0
Windspeed (knots) [1,2), Membership Value =0.99993672,0.9999367
Windspeed (knots) [2,3), Membership Value =0.99891630,0.9989163
Windspeed (knots) [3,4), Membership Value =0.99447028,0.9944703
Windspeed (knots) [4,5), Membership Value =0.98365956,0.98365957
Windspeed (knots) [5,6), Membership Value =0.96444872,0.9644487
Windspeed (knots) [6,7), Membership Value =0.93727001,0.93727
Windspeed (knots) [7,8), Membership Value =0.90187574,0.90187573
Windspeed (knots) [8,9), Membership Value =0.85869003,0.85869
Windspeed (knots) [9,10), Membership Value =0.80683539,0.8068354
Windspeed (knots) [10,11), Membership Value =0.74522766,0.74522763
Windspeed (knots) [11,12), Membership Value =0.67345918,0.6734592
Windspeed (knots) [12,13), Membership Value =0.59550578,0.5955058
Windspeed (knots) [13,14), Membership Value =0.50924593,0.50924593
Windspeed (knots) [14,15), Membership Value =0.41684177,0.41684178
Windspeed (knots) [15,16), Membership Value =0.32060465,0.32060465
Windspeed (knots) [16,17), Membership Value =0.22534673,0.22534673
Windspeed (knots) [17,18), Membership Value =0.13578596,0.13578597
Windspeed (knots) [18,19), Membership Value =0.05736302,0.05736302
Windspeed (knots) [19,20), Membership Value =0.00000000,0.0
Windspeed (knots) [20,21), Membership Value =0.00000000,0.0
Windspeed (knots) [21,22), Membership Value =0.00000000,0.0
Windspeed (knots) [22,23), Membership Value =0.00000000,0.0
Windspeed (knots) [23,24), Membership Value =0.00000000,0.0
Windspeed (knots) [24,25), Membership Value =0.00000000,0.0
Windspeed (knots) [25,26), Membership Value =0.00000000,0.0
Windspeed (knots) [26,27), Membership Value =0.00000000,0.0
Windspeed (knots) [27,28), Membership Value =0.00000000,0.0
Windspeed (knots) [28,29), Membership Value =0.00000000,0.0
Windspeed (knots) [29,30), Membership Value =0.00000000,0.0
Windspeed (knots) [30,31), Membership Value =0.00000000,0.0
Windspeed (knots) [31,32), Membership Value =0.00000000,0.0
Windspeed (knots) [32,33), Membership Value =0.00000000,0.0
Windspeed (knots) [33,34), Membership Value =0.00000000,0.0
Windspeed (knots) [34,35), Membership Value =0.00000000,0.0
Windspeed (knots) [35,36), Membership Value =0.00000000,0.0
Windspeed (knots) [36,37), Membership Value =0.00000000,0.0
Windspeed (knots) [37,38), Membership Value =0.00000000,0.0
Windspeed (knots) [38,39), Membership Value =0.00000000,0.0
Windspeed (knots) [39,40), Membership Value =0.00000000,0.0
Windspeed (knots) [40,41), Membership Value =0.00000000,0.0
Windspeed (knots) [41,42), Membership Value =0.00000000,0.0
Windspeed (knots) [42,43), Membership Value =0.00000000,0.0
Windspeed (knots) [43,44), Membership Value =0.00000000,0.0
Windspeed (knots) [44,45), Membership Value =0.00000000,0.0
Windspeed (knots) [45,46), Membership Value =0.00000000,0.0
Windspeed (knots) [46,47), Membership Value =0.00000000,0.0
Windspeed (knots) [47,48), Membership Value =0.00000000,0.0
Windspeed (knots) [48,49), Membership Value =0.00000000,0.0
Windspeed (knots) [49,50), Membership Value =0.00000000,0.0
Windspeed (knots) [50,51), Membership Value =0.00000000,0.0
Windspeed (knots) [51,52), Membership Value =0.00000000,0.0
Windspeed (knots) [52,53), Membership Value =0.00000000,0.0
Windspeed (knots) [53,54), Membership Value =0.00000000,0.0
Windspeed (knots) [54,55), Membership Value =0.00000000,0.0
Windspeed (knots) [55,56), Membership Value =0.00000000,0.0
Windspeed (knots) [56,57), Membership Value =0.00000000,0.0
Windspeed (knots) [57,58), Membership Value =0.00000000,0.0
Windspeed (knots) [58,59), Membership Value =0.00000000,0.0
Windspeed (knots) [59,60), Membership Value =0.00000000,0.0
Windspeed (knots) [60,61), Membership Value =0.00000000,0.0
Windspeed (knots) [61,62), Membership Value =0.00000000,0.0
Windspeed (knots) [62,63), Membership Value =0.00000000,0.0
Windspeed (knots) [63,64), Membership Value =0.00000000,0.0
Windspeed (knots) [64,65), Membership Value =0.00000000,0.0
Windspeed (knots) [65,66), Membership Value =0.00000000,0.0
Windspeed (knots) [66,67), Membership Value =0.00000000,0.0
Windspeed (knots) [67,68), Membership Value =0.00000000,0.0
Windspeed (knots) [68,69), Membership Value =0.00000000,0.0
Windspeed (knots) [69,70), Membership Value =0.00000000,0.0
Windspeed (knots) [70,71), Membership Value =0.00000000,0.0
Windspeed (knots) [71,72), Membership Value =0.00000000,0.0
Windspeed (knots) [72,73), Membership Value =0.00000000,0.0
Windspeed (knots) [73,74), Membership Value =0.00000000,0.0
Windspeed (knots) [74,75), Membership Value =0.00000000,0.0
Windspeed (knots) [75,76), Membership Value =0.00000000,0.0
Windspeed (knots) [76,77), Membership Value =0.00000000,0.0
Windspeed (knots) [77,78), Membership Value =0.00000000,0.0
Windspeed (knots) [78,79), Membership Value =0.00000000,0.0
Windspeed (knots) [79,80), Membership Value =0.00000000,0.0
Windspeed (knots) [80,81), Membership Value =0.00000000,0.0
Windspeed (knots) [81,82), Membership Value =0.00000000,0.0
Windspeed (knots) [82,83), Membership Value =0.00000000,0.0
Windspeed (knots) [83,84), Membership Value =0.00000000,0.0
Windspeed (knots) [84,85), Membership Value =0.00000000,0.0
Windspeed (knots) [85,86), Membership Value =0.00000000,0.0
Windspeed (knots) [86,87), Membership Value =0.00000000,0.0
Windspeed (knots) [87,88), Membership Value =0.00000000,0.0
Windspeed (knots) [88,89), Membership Value =0.00000000,0.0
Windspeed (knots) [89,90), Membership Value =0.00000000,0.0
Windspeed (knots) [90,91), Membership Value =0.00000000,0.0
Windspeed (knots) [91,92), Membership Value =0.00000000,0.0
Windspeed (knots) [92,93), Membership Value =0.00000000,0.0
Windspeed (knots) [93,94), Membership Value =0.00000000,0.0
Windspeed (knots) [94,95), Membership Value =0.00000000,0.0
Windspeed (knots) [95,96), Membership Value =0.00000000,0.0
Windspeed (knots) [96,97), Membership Value =0.00000000,0.0
Windspeed (knots) [97,98), Membership Value =0.00000000,0.0
Windspeed (knots) [98,99), Membership Value =0.00000000,0.0
Windspeed (knots) [99,100), Membership Value =0.00000000,0.0
Windspeed (knots) [100,101), Membership Value =0.00000000,0.0
Windspeed (knots) [101,102), Membership Value =0.00000000,0.0
Windspeed (knots) [102,103), Membership Value =0.00000000,0.0
Windspeed (knots) [103,104), Membership Value =0.00000000,0.0
Windspeed (knots) [104,105), Membership Value =0.00000000,0.0
Windspeed (knots) [105,106), Membership Value =0.00000000,0.0
Windspeed (knots) [106,107), Membership Value =0.00000000,0.0
Windspeed (knots) [107,108), Membership Value =0.00000000,0.0
Windspeed (knots) [108,109), Membership Value =0.00000000,0.0
Windspeed (knots) [109,110), Membership Value =0.00000000,0.0
Windspeed (knots) [110,111), Membership Value =0.00000000,0.0
Windspeed (knots) [111,112), Membership Value =0.00000000,0.0
Windspeed (knots) [112,113), Membership Value =0.00000000,0.0
Windspeed (knots) [113,114), Membership Value =0.00000000,0.0
Windspeed (knots) [114,115), Membership Value =0.00000000,0.0
Windspeed (knots) [115,116), Membership Value =0.00000000,0.0
Windspeed (knots) [116,117), Membership Value =0.00000000,0.0
Windspeed (knots) [117,118), Membership Value =0.00000000,0.0
Windspeed (knots) [118,119), Membership Value =0.00000000,0.0
Windspeed (knots) [119,120), Membership Value =0.00000000,0.0
Windspeed (knots) [120,121), Membership Value =0.00000000,0.0
Windspeed (knots) [121,122), Membership Value =0.00000000,0.0
Windspeed (knots) [122,123), Membership Value =0.00000000,0.0
Windspeed (knots) [123,124), Membership Value =0.00000000,0.0
Windspeed (knots) [124,125), Membership Value =0.00000000,0.0
LowestWindspeedThatIsWindyKnots for station KLAS is 8 knots.
Transition limited :false
bUseWeatherPrediction: false
The running average is 1
The membership_value_deployment_threshold is 0.5
Energy harvested: 6173711.326388007
iGeneratingEnergyWhenGridNeedsEnergyMinutes =466286
iGeneratingEnergyWhenGridNeedsEnergyMinutes =466286
iUsingEnergyWhenGridNeedsEnergyMinutes =39576
iGeneratingEnergyWhenGridHasExcessEnergyMinutes = 1545
iUsingEnergyWhenGridHasExcessEnergyMinutes = 94
iIdleWhenGridDoesNotNeedEnergyMinutes = 44441
iIdleWhenGridNeedsEnergyMinutes = 4181503
iEnergyPriceIsZeroMinutes = 240
harvester.getEnergyHarvestedAVAILABLEKilowattHours( ): 1.410018065E7
harvester.getEnergyHarvestedKilowattHours(): 6173711.326388007
The running average is 31
The membership_value_deployment_threshold is 0.5
Energy harvested: 5442522.809999774
iGeneratingEnergyWhenGridNeedsEnergyMinutes =364188
iGeneratingEnergyWhenGridNeedsEnergyMinutes =364188
iUsingEnergyWhenGridNeedsEnergyMinutes =8279
iGeneratingEnergyWhenGridHasExcessEnergyMinutes = 1320
iUsingEnergyWhenGridHasExcessEnergyMinutes = 21
iIdleWhenGridDoesNotNeedEnergyMinutes = 44739
iIdleWhenGridNeedsEnergyMinutes = 4314898
iEnergyPriceIsZeroMinutes = 240
harvester.getEnergyHarvestedAVAILABLEKilowattHours( ): 1.410018065E7
harvester.getEnergyHarvestedKilowattHours(): 5442522.809999774
The running average is 61
The membership_value_deployment_threshold is 0.5
Energy harvested: 5088774.284444159
iGeneratingEnergyWhenGridNeedsEnergyMinutes =330349
iGeneratingEnergyWhenGridNeedsEnergyMinutes =330349
iUsingEnergyWhenGridNeedsEnergyMinutes =6434
iGeneratingEnergyWhenGridHasExcessEnergyMinutes = 1296
iUsingEnergyWhenGridHasExcessEnergyMinutes = 19
iIdleWhenGridDoesNotNeedEnergyMinutes = 44765
iIdleWhenGridNeedsEnergyMinutes = 4350582
iEnergyPriceIsZeroMinutes = 240
harvester.getEnergyHarvestedAVAILABLEKilowattHours( ): 1.410018065E7
harvester.getEnergyHarvestedKilowattHours(): 5088774.284444159
The running average is 91
The membership_value_deployment_threshold is 0.5
Energy harvested: 4818569.176110818
iGeneratingEnergyWhenGridNeedsEnergyMinutes =303581
iGeneratingEnergyWhenGridNeedsEnergyMinutes =303581
iUsingEnergyWhenGridNeedsEnergyMinutes =5326
iGeneratingEnergyWhenGridHasExcessEnergyMinutes = 1258
iUsingEnergyWhenGridHasExcessEnergyMinutes = 20
iIdleWhenGridDoesNotNeedEnergyMinutes = 44802
iIdleWhenGridNeedsEnergyMinutes = 4378458
iEnergyPriceIsZeroMinutes = 240
harvester.getEnergyHarvestedAVAILABLEKilowattHours( ): 1.410018065E7
harvester.getEnergyHarvestedKilowattHours(): 4818569.176110818
The running average is 121
The membership_value_deployment_threshold is 0.5
Energy harvested: 4587842.208055149
iGeneratingEnergyWhenGridNeedsEnergyMinutes =283240
iGeneratingEnergyWhenGridNeedsEnergyMinutes =283240
iUsingEnergyWhenGridNeedsEnergyMinutes =4668
iGeneratingEnergyWhenGridHasExcessEnergyMinutes = 1164
iUsingEnergyWhenGridHasExcessEnergyMinutes = 12
iIdleWhenGridDoesNotNeedEnergyMinutes = 44904
iIdleWhenGridNeedsEnergyMinutes = 4399457
iEnergyPriceIsZeroMinutes = 240
harvester.getEnergyHarvestedAVAILABLEKilowattHours( ): 1.410018065E7
harvester.getEnergyHarvestedKilowattHours(): 4587842.208055149
Beginning testing mode:
station,&,deployment_membership_value_threshold_array_for_month_1,&,running_average_size_minutes_for_month_1,&,deployment_membership_value_threshold_array_for_month_2,&,running_average_size_minutes_for_month_2,&,deployment_membership_value_threshold_array_for_month_3,&,running_average_size_minutes_for_month_3,&,deployment_membership_value_threshold_array_for_month_4,&,running_average_size_minutes_for_month_4,&,deployment_membership_value_threshold_array_for_month_5,&,running_average_size_minutes_for_month_5,&,deployment_membership_value_threshold_array_for_month_6,&,running_average_size_minutes_for_month_6,&,deployment_membership_value_threshold_array_for_month_7,&,running_average_size_minutes_for_month_7,&,deployment_membership_value_threshold_array_for_month_8,&,running_average_size_minutes_for_month_8,&,deployment_membership_value_threshold_array_for_month_9,&,running_average_size_minutes_for_month_9,&,deployment_membership_value_threshold_array_for_month_10,&,running_average_size_minutes_for_month_10,&,deployment_membership_value_threshold_array_for_month_11,&,running_average_size_minutes_for_month_11,&,deployment_membership_value_threshold_array_for_month_12,&,running_average_size_minutes_for_month_12,&,dNetNorm,&,dMarketBalancePercentage,&,dMarketNetNorm,
results: KLAS,&,0.5,&,1,&,0.5,&,1,&,0.5,&,31,&,0.5,&,1,&,0.5,&,31,&,0.5,&,31,&,0.5,&,1,&,0.5,&,31,&,0.5,&,1,&,0.5,&,1,&,0.5,&,1,&,0.5,&,1,&,0.3908512880925616,&,0.9370701201397771,&,0.3662550634896833
monthly visible minutes:KLAS,&,2013,&,2333,&,2581,&,5076,&,6265,&,8672,&,6147,&,6401,&,5922,&,4317,&,5452,&,1367,&,3552,&,
monthly visible minutes:KLAS,&,2014,&,1358,&,2144,&,4277,&,7428,&,8672,&,6688,&,6771,&,4891,&,4171,&,3070,&,2611,&,2300,&,
monthly minutes harvester between states:KLAS,&,2013,&,326,&,713,&,494,&,1415,&,912,&,570,&,1756,&,697,&,741,&,693,&,250,&,469,&,
monthly minutes harvester between states:KLAS,&,2014,&,373,&,440,&,456,&,1559,&,722,&,608,&,1573,&,494,&,811,&,503,&,342,&,553,&,
FuzzyVsCrisp: KLAS,1,true,true
station,&,deployment_membership_value_threshold_array_for_month_1,&,running_average_size_minutes_for_month_1,&,deployment_membership_value_threshold_array_for_month_2,&,running_average_size_minutes_for_month_2,&,deployment_membership_value_threshold_array_for_month_3,&,running_average_size_minutes_for_month_3,&,deployment_membership_value_threshold_array_for_month_4,&,running_average_size_minutes_for_month_4,&,deployment_membership_value_threshold_array_for_month_5,&,running_average_size_minutes_for_month_5,&,deployment_membership_value_threshold_array_for_month_6,&,running_average_size_minutes_for_month_6,&,deployment_membership_value_threshold_array_for_month_7,&,running_average_size_minutes_for_month_7,&,deployment_membership_value_threshold_array_for_month_8,&,running_average_size_minutes_for_month_8,&,deployment_membership_value_threshold_array_for_month_9,&,running_average_size_minutes_for_month_9,&,deployment_membership_value_threshold_array_for_month_10,&,running_average_size_minutes_for_month_10,&,deployment_membership_value_threshold_array_for_month_11,&,running_average_size_minutes_for_month_11,&,deployment_membership_value_threshold_array_for_month_12,&,running_average_size_minutes_for_month_12,&,dNetNorm,&,dMarketBalancePercentage,&,dMarketNetNorm,
results: KLAS,&,0.5,&,1,&,0.5,&,1,&,0.5,&,31,&,0.5,&,1,&,0.5,&,31,&,0.5,&,31,&,0.5,&,1,&,0.5,&,31,&,0.5,&,1,&,0.5,&,1,&,0.5,&,1,&,0.5,&,1,&,0.3908512880925616,&,0.9370701201397771,&,0.3662550634896833
monthly visible minutes:KLAS,&,2013,&,2333,&,2581,&,5076,&,6265,&,8672,&,6147,&,6401,&,5922,&,4317,&,5452,&,1367,&,3552,&,
monthly visible minutes:KLAS,&,2014,&,1358,&,2144,&,4277,&,7428,&,8672,&,6688,&,6771,&,4891,&,4171,&,3070,&,2611,&,2300,&,
monthly minutes harvester between states:KLAS,&,2013,&,326,&,713,&,494,&,1415,&,912,&,570,&,1756,&,697,&,741,&,693,&,250,&,469,&,
monthly minutes harvester between states:KLAS,&,2014,&,373,&,440,&,456,&,1559,&,722,&,608,&,1573,&,494,&,811,&,503,&,342,&,553,&,
FuzzyVsCrisp: KLAS,1,true,true
Station: KLAX
abc: The current path is /home/guy/retractable-wind
I have found the property file.
The training windspeed filename is /trainingKLAX2004-2012in.csv
The testing windspeed filename is /testingKLAX2013-2014in.csv
Yes, the station is KLAX
Warning: The bAlsoUsePrediction no longer has any effect
iUsedAllItsAllocatedVisibilityMinutesPerMonth: 8760
Visibility Allocation Minutes:8760
HARVESTER_SIZE_SQM is 6362
Reading file
Success: /Wind turbine power curves - wind turbine power output against wind speed in knots.csv found.
Speed (Knots) = Speed(knots) vs power (kW) , Power (kW) =V90
Speed (Knots) = 0 , Power (kW) =0
Speed (Knots) = 1 , Power (kW) =0
Speed (Knots) = 2 , Power (kW) =0
Speed (Knots) = 3 , Power (kW) =0
Speed (Knots) = 4 , Power (kW) =0
Speed (Knots) = 5 , Power (kW) =0
Speed (Knots) = 6 , Power (kW) =0
Speed (Knots) = 7 , Power (kW) =38
Speed (Knots) = 8 , Power (kW) =87
Speed (Knots) = 9 , Power (kW) =141
Speed (Knots) = 10 , Power (kW) =207
Speed (Knots) = 11 , Power (kW) =286
Speed (Knots) = 12 , Power (kW) =382
Speed (Knots) = 13 , Power (kW) =496
Speed (Knots) = 14 , Power (kW) =628
Speed (Knots) = 15 , Power (kW) =781
Speed (Knots) = 16 , Power (kW) =957
Speed (Knots) = 17 , Power (kW) =1153
Speed (Knots) = 18 , Power (kW) =1366
Speed (Knots) = 19 , Power (kW) =1589
Speed (Knots) = 20 , Power (kW) =1814
Speed (Knots) = 21 , Power (kW) =2035
Speed (Knots) = 22 , Power (kW) =2250
Speed (Knots) = 23 , Power (kW) =2452
Speed (Knots) = 24 , Power (kW) =2634
Speed (Knots) = 25 , Power (kW) =2784
Speed (Knots) = 26 , Power (kW) =2888
Speed (Knots) = 27 , Power (kW) =2949
Speed (Knots) = 28 , Power (kW) =2980
Speed (Knots) = 29 , Power (kW) =2993
Speed (Knots) = 30 , Power (kW) =3000
Speed (Knots) = 31 , Power (kW) =3000
Speed (Knots) = 32 , Power (kW) =3000
Speed (Knots) = 33 , Power (kW) =3000
Speed (Knots) = 34 , Power (kW) =3000
Speed (Knots) = 35 , Power (kW) =3000
Speed (Knots) = 36 , Power (kW) =3000
Speed (Knots) = 37 , Power (kW) =3000
Speed (Knots) = 38 , Power (kW) =3000
Speed (Knots) = 39 , Power (kW) =3000
Speed (Knots) = 40 , Power (kW) =3000
Speed (Knots) = 41 , Power (kW) =3000
Speed (Knots) = 42 , Power (kW) =3000
Speed (Knots) = 43 , Power (kW) =3000
Speed (Knots) = 44 , Power (kW) =3000
Speed (Knots) = 45 , Power (kW) =3000
Speed (Knots) = 46 , Power (kW) =3000
Speed (Knots) = 47 , Power (kW) =3000
Speed (Knots) = 48 , Power (kW) =3000
Speed (Knots) = 49 , Power (kW) =0
Speed (Knots) = 50 , Power (kW) =0
Speed (Knots) = 51 , Power (kW) =0
Speed (Knots) = 52 , Power (kW) =0
Speed (Knots) = 53 , Power (kW) =0
Speed (Knots) = 54 , Power (kW) =0
Speed (Knots) = 55 , Power (kW) =0
Speed (Knots) = 56 , Power (kW) =0
Speed (Knots) = 57 , Power (kW) =0
Speed (Knots) = 58 , Power (kW) =0
Speed (Knots) = 59 , Power (kW) =0
Speed (Knots) = 60 , Power (kW) =0
The scale is 1.0
Wind power at 10 knots in kilowatts is 207.0
Wind power in-cut-out test 0.0
Fuzzy
Class name:edu.pitt.cs.people.guy.wind.benchmarks.Fuzzy5
Success: /Noise_Allowed_Time_Definitions_All_Stations.csv found.
The station is the record is KLAX
Success: /Noise_Allowed_Time_Definitions_All_Stations.csv found.
The station is the record is KLAX
I have found the membership file for NOT WINDY.
Windspeed (knots) [0,1), Membership Value =1.00000000,1.0
Windspeed (knots) [1,2), Membership Value =0.99989871,0.99989873
Windspeed (knots) [2,3), Membership Value =0.99837459,0.9983746
Windspeed (knots) [3,4), Membership Value =0.99140114,0.99140114
Windspeed (knots) [4,5), Membership Value =0.97521952,0.97521955
Windspeed (knots) [5,6), Membership Value =0.94833654,0.94833654
Windspeed (knots) [6,7), Membership Value =0.91015038,0.9101504
Windspeed (knots) [7,8), Membership Value =0.85735640,0.8573564
Windspeed (knots) [8,9), Membership Value =0.78517047,0.7851705
Windspeed (knots) [9,10), Membership Value =0.68245432,0.68245435
Windspeed (knots) [10,11), Membership Value =0.55940406,0.5594041
Windspeed (knots) [11,12), Membership Value =0.42146572,0.42146572
Windspeed (knots) [12,13), Membership Value =0.29265055,0.29265055
Windspeed (knots) [13,14), Membership Value =0.18273665,0.18273665
Windspeed (knots) [14,15), Membership Value =0.09731320,0.0973132
Windspeed (knots) [15,16), Membership Value =0.03512187,0.03512187
Windspeed (knots) [16,17), Membership Value =0.00000000,0.0
Windspeed (knots) [17,18), Membership Value =0.00000000,0.0
Windspeed (knots) [18,19), Membership Value =0.00000000,0.0
Windspeed (knots) [19,20), Membership Value =0.00000000,0.0
Windspeed (knots) [20,21), Membership Value =0.00000000,0.0
Windspeed (knots) [21,22), Membership Value =0.00000000,0.0
Windspeed (knots) [22,23), Membership Value =0.00000000,0.0
Windspeed (knots) [23,24), Membership Value =0.00000000,0.0
Windspeed (knots) [24,25), Membership Value =0.00000000,0.0
Windspeed (knots) [25,26), Membership Value =0.00000000,0.0
Windspeed (knots) [26,27), Membership Value =0.00000000,0.0
Windspeed (knots) [27,28), Membership Value =0.00000000,0.0
Windspeed (knots) [28,29), Membership Value =0.00000000,0.0
Windspeed (knots) [29,30), Membership Value =0.00000000,0.0
Windspeed (knots) [30,31), Membership Value =0.00000000,0.0
Windspeed (knots) [31,32), Membership Value =0.00000000,0.0
Windspeed (knots) [32,33), Membership Value =0.00000000,0.0
Windspeed (knots) [33,34), Membership Value =0.00000000,0.0
Windspeed (knots) [34,35), Membership Value =0.00000000,0.0
Windspeed (knots) [35,36), Membership Value =0.00000000,0.0
Windspeed (knots) [36,37), Membership Value =0.00000000,0.0
Windspeed (knots) [37,38), Membership Value =0.00000000,0.0
Windspeed (knots) [38,39), Membership Value =0.00000000,0.0
Windspeed (knots) [39,40), Membership Value =0.00000000,0.0
Windspeed (knots) [40,41), Membership Value =0.00000000,0.0
Windspeed (knots) [41,42), Membership Value =0.00000000,0.0
Windspeed (knots) [42,43), Membership Value =0.00000000,0.0
Windspeed (knots) [43,44), Membership Value =0.00000000,0.0
Windspeed (knots) [44,45), Membership Value =0.00000000,0.0
Windspeed (knots) [45,46), Membership Value =0.00000000,0.0
Windspeed (knots) [46,47), Membership Value =0.00000000,0.0
Windspeed (knots) [47,48), Membership Value =0.00000000,0.0
Windspeed (knots) [48,49), Membership Value =0.00000000,0.0
Windspeed (knots) [49,50), Membership Value =0.00000000,0.0
Windspeed (knots) [50,51), Membership Value =0.00000000,0.0
Windspeed (knots) [51,52), Membership Value =0.00000000,0.0
Windspeed (knots) [52,53), Membership Value =0.00000000,0.0
Windspeed (knots) [53,54), Membership Value =0.00000000,0.0
Windspeed (knots) [54,55), Membership Value =0.00000000,0.0
Windspeed (knots) [55,56), Membership Value =0.00000000,0.0
Windspeed (knots) [56,57), Membership Value =0.00000000,0.0
Windspeed (knots) [57,58), Membership Value =0.00000000,0.0
Windspeed (knots) [58,59), Membership Value =0.00000000,0.0
Windspeed (knots) [59,60), Membership Value =0.00000000,0.0
Windspeed (knots) [60,61), Membership Value =0.00000000,0.0
Windspeed (knots) [61,62), Membership Value =0.00000000,0.0
Windspeed (knots) [62,63), Membership Value =0.00000000,0.0
Windspeed (knots) [63,64), Membership Value =0.00000000,0.0
Windspeed (knots) [64,65), Membership Value =0.00000000,0.0
Windspeed (knots) [65,66), Membership Value =0.00000000,0.0
Windspeed (knots) [66,67), Membership Value =0.00000000,0.0
Windspeed (knots) [67,68), Membership Value =0.00000000,0.0
Windspeed (knots) [68,69), Membership Value =0.00000000,0.0
Windspeed (knots) [69,70), Membership Value =0.00000000,0.0
Windspeed (knots) [70,71), Membership Value =0.00000000,0.0
Windspeed (knots) [71,72), Membership Value =0.00000000,0.0
Windspeed (knots) [72,73), Membership Value =0.00000000,0.0
Windspeed (knots) [73,74), Membership Value =0.00000000,0.0
Windspeed (knots) [74,75), Membership Value =0.00000000,0.0
Windspeed (knots) [75,76), Membership Value =0.00000000,0.0
Windspeed (knots) [76,77), Membership Value =0.00000000,0.0
Windspeed (knots) [77,78), Membership Value =0.00000000,0.0
Windspeed (knots) [78,79), Membership Value =0.00000000,0.0
Windspeed (knots) [79,80), Membership Value =0.00000000,0.0
Windspeed (knots) [80,81), Membership Value =0.00000000,0.0
Windspeed (knots) [81,82), Membership Value =0.00000000,0.0
Windspeed (knots) [82,83), Membership Value =0.00000000,0.0
Windspeed (knots) [83,84), Membership Value =0.00000000,0.0
Windspeed (knots) [84,85), Membership Value =0.00000000,0.0
Windspeed (knots) [85,86), Membership Value =0.00000000,0.0
Windspeed (knots) [86,87), Membership Value =0.00000000,0.0
Windspeed (knots) [87,88), Membership Value =0.00000000,0.0
Windspeed (knots) [88,89), Membership Value =0.00000000,0.0
Windspeed (knots) [89,90), Membership Value =0.00000000,0.0
Windspeed (knots) [90,91), Membership Value =0.00000000,0.0
Windspeed (knots) [91,92), Membership Value =0.00000000,0.0
Windspeed (knots) [92,93), Membership Value =0.00000000,0.0
Windspeed (knots) [93,94), Membership Value =0.00000000,0.0
Windspeed (knots) [94,95), Membership Value =0.00000000,0.0
Windspeed (knots) [95,96), Membership Value =0.00000000,0.0
Windspeed (knots) [96,97), Membership Value =0.00000000,0.0
Windspeed (knots) [97,98), Membership Value =0.00000000,0.0
Windspeed (knots) [98,99), Membership Value =0.00000000,0.0
Windspeed (knots) [99,100), Membership Value =0.00000000,0.0
Windspeed (knots) [100,101), Membership Value =0.00000000,0.0
Windspeed (knots) [101,102), Membership Value =0.00000000,0.0
Windspeed (knots) [102,103), Membership Value =0.00000000,0.0
Windspeed (knots) [103,104), Membership Value =0.00000000,0.0
Windspeed (knots) [104,105), Membership Value =0.00000000,0.0
Windspeed (knots) [105,106), Membership Value =0.00000000,0.0
Windspeed (knots) [106,107), Membership Value =0.00000000,0.0
Windspeed (knots) [107,108), Membership Value =0.00000000,0.0
Windspeed (knots) [108,109), Membership Value =0.00000000,0.0
Windspeed (knots) [109,110), Membership Value =0.00000000,0.0
Windspeed (knots) [110,111), Membership Value =0.00000000,0.0
Windspeed (knots) [111,112), Membership Value =0.00000000,0.0
Windspeed (knots) [112,113), Membership Value =0.00000000,0.0
Windspeed (knots) [113,114), Membership Value =0.00000000,0.0
Windspeed (knots) [114,115), Membership Value =0.00000000,0.0
Windspeed (knots) [115,116), Membership Value =0.00000000,0.0
Windspeed (knots) [116,117), Membership Value =0.00000000,0.0
Windspeed (knots) [117,118), Membership Value =0.00000000,0.0
Windspeed (knots) [118,119), Membership Value =0.00000000,0.0
Windspeed (knots) [119,120), Membership Value =0.00000000,0.0
Windspeed (knots) [120,121), Membership Value =0.00000000,0.0
Windspeed (knots) [121,122), Membership Value =0.00000000,0.0
Windspeed (knots) [122,123), Membership Value =0.00000000,0.0
Windspeed (knots) [123,124), Membership Value =0.00000000,0.0
Windspeed (knots) [124,125), Membership Value =0.00000000,0.0
LowestWindspeedThatIsWindyKnots for station KLAX is 7 knots.
Transition limited :false
bUseWeatherPrediction: false
The running average is 1
The membership_value_deployment_threshold is 0.5
Energy harvested: 4702936.710551032
iGeneratingEnergyWhenGridNeedsEnergyMinutes =766470
iGeneratingEnergyWhenGridNeedsEnergyMinutes =766470
iUsingEnergyWhenGridNeedsEnergyMinutes =50179
iGeneratingEnergyWhenGridHasExcessEnergyMinutes = 1943
iUsingEnergyWhenGridHasExcessEnergyMinutes = 65
iIdleWhenGridDoesNotNeedEnergyMinutes = 44072
iIdleWhenGridNeedsEnergyMinutes = 3870707
iEnergyPriceIsZeroMinutes = 240
harvester.getEnergyHarvestedAVAILABLEKilowattHours( ): 9040475.866666667
harvester.getEnergyHarvestedKilowattHours(): 4702936.710551032
The running average is 31
The membership_value_deployment_threshold is 0.5
Energy harvested: 4736426.909996897
iGeneratingEnergyWhenGridNeedsEnergyMinutes =668251
iGeneratingEnergyWhenGridNeedsEnergyMinutes =668251
iUsingEnergyWhenGridNeedsEnergyMinutes =34614
iGeneratingEnergyWhenGridHasExcessEnergyMinutes = 1923
iUsingEnergyWhenGridHasExcessEnergyMinutes = 94
iIdleWhenGridDoesNotNeedEnergyMinutes = 44063
iIdleWhenGridNeedsEnergyMinutes = 3984491
iEnergyPriceIsZeroMinutes = 240
harvester.getEnergyHarvestedAVAILABLEKilowattHours( ): 9040475.866666667
harvester.getEnergyHarvestedKilowattHours(): 4736426.909996897
The running average is 61
The membership_value_deployment_threshold is 0.5
Energy harvested: 4590060.312218753
iGeneratingEnergyWhenGridNeedsEnergyMinutes =627925
iGeneratingEnergyWhenGridNeedsEnergyMinutes =627925
iUsingEnergyWhenGridNeedsEnergyMinutes =31574
iGeneratingEnergyWhenGridHasExcessEnergyMinutes = 1935
iUsingEnergyWhenGridHasExcessEnergyMinutes = 95
iIdleWhenGridDoesNotNeedEnergyMinutes = 44050
iIdleWhenGridNeedsEnergyMinutes = 4027857
iEnergyPriceIsZeroMinutes = 240
harvester.getEnergyHarvestedAVAILABLEKilowattHours( ): 9040475.866666667
harvester.getEnergyHarvestedKilowattHours(): 4590060.312218753
The running average is 91
The membership_value_deployment_threshold is 0.5
Energy harvested: 4457768.03305211
iGeneratingEnergyWhenGridNeedsEnergyMinutes =600030
iGeneratingEnergyWhenGridNeedsEnergyMinutes =600030
iUsingEnergyWhenGridNeedsEnergyMinutes =29876
iGeneratingEnergyWhenGridHasExcessEnergyMinutes = 1849
iUsingEnergyWhenGridHasExcessEnergyMinutes = 65
iIdleWhenGridDoesNotNeedEnergyMinutes = 44166
iIdleWhenGridNeedsEnergyMinutes = 4057450
iEnergyPriceIsZeroMinutes = 240
harvester.getEnergyHarvestedAVAILABLEKilowattHours( ): 9040475.866666667
harvester.getEnergyHarvestedKilowattHours(): 4457768.03305211
The running average is 121
The membership_value_deployment_threshold is 0.5
Energy harvested: 4336049.172774709
iGeneratingEnergyWhenGridNeedsEnergyMinutes =572376
iGeneratingEnergyWhenGridNeedsEnergyMinutes =572376
iUsingEnergyWhenGridNeedsEnergyMinutes =28098
iGeneratingEnergyWhenGridHasExcessEnergyMinutes = 1767
iUsingEnergyWhenGridHasExcessEnergyMinutes = 63
iIdleWhenGridDoesNotNeedEnergyMinutes = 44250
iIdleWhenGridNeedsEnergyMinutes = 4086882
iEnergyPriceIsZeroMinutes = 240
harvester.getEnergyHarvestedAVAILABLEKilowattHours( ): 9040475.866666667
harvester.getEnergyHarvestedKilowattHours(): 4336049.172774709
Beginning testing mode:
station,&,deployment_membership_value_threshold_array_for_month_1,&,running_average_size_minutes_for_month_1,&,deployment_membership_value_threshold_array_for_month_2,&,running_average_size_minutes_for_month_2,&,deployment_membership_value_threshold_array_for_month_3,&,running_average_size_minutes_for_month_3,&,deployment_membership_value_threshold_array_for_month_4,&,running_average_size_minutes_for_month_4,&,deployment_membership_value_threshold_array_for_month_5,&,running_average_size_minutes_for_month_5,&,deployment_membership_value_threshold_array_for_month_6,&,running_average_size_minutes_for_month_6,&,deployment_membership_value_threshold_array_for_month_7,&,running_average_size_minutes_for_month_7,&,deployment_membership_value_threshold_array_for_month_8,&,running_average_size_minutes_for_month_8,&,deployment_membership_value_threshold_array_for_month_9,&,running_average_size_minutes_for_month_9,&,deployment_membership_value_threshold_array_for_month_10,&,running_average_size_minutes_for_month_10,&,deployment_membership_value_threshold_array_for_month_11,&,running_average_size_minutes_for_month_11,&,deployment_membership_value_threshold_array_for_month_12,&,running_average_size_minutes_for_month_12,&,dNetNorm,&,dMarketBalancePercentage,&,dMarketNetNorm,
results: KLAX,&,0.5,&,1,&,0.5,&,31,&,0.5,&,31,&,0.5,&,31,&,0.5,&,61,&,0.5,&,1,&,0.5,&,1,&,0.5,&,91,&,0.5,&,31,&,0.5,&,31,&,0.5,&,1,&,0.5,&,1,&,0.5085415638031971,&,0.934834954401532,&,0.47540242960924556
monthly visible minutes:KLAX,&,2013,&,8204,&,7871,&,7409,&,8672,&,8672,&,8672,&,8672,&,8672,&,8672,&,8672,&,8201,&,4273,&,
monthly visible minutes:KLAX,&,2014,&,3231,&,5026,&,8672,&,8672,&,8672,&,8672,&,8672,&,8672,&,8672,&,8502,&,1098,&,1489,&,
monthly minutes harvester between states:KLAX,&,2013,&,1509,&,836,&,760,&,684,&,684,&,801,&,912,&,836,&,722,&,836,&,1175,&,840,&,
monthly minutes harvester between states:KLAX,&,2014,&,677,&,532,&,836,&,684,&,684,&,570,&,608,&,760,&,722,&,874,&,326,&,658,&,
FuzzyVsCrisp: KLAX,1,true,true
station,&,deployment_membership_value_threshold_array_for_month_1,&,running_average_size_minutes_for_month_1,&,deployment_membership_value_threshold_array_for_month_2,&,running_average_size_minutes_for_month_2,&,deployment_membership_value_threshold_array_for_month_3,&,running_average_size_minutes_for_month_3,&,deployment_membership_value_threshold_array_for_month_4,&,running_average_size_minutes_for_month_4,&,deployment_membership_value_threshold_array_for_month_5,&,running_average_size_minutes_for_month_5,&,deployment_membership_value_threshold_array_for_month_6,&,running_average_size_minutes_for_month_6,&,deployment_membership_value_threshold_array_for_month_7,&,running_average_size_minutes_for_month_7,&,deployment_membership_value_threshold_array_for_month_8,&,running_average_size_minutes_for_month_8,&,deployment_membership_value_threshold_array_for_month_9,&,running_average_size_minutes_for_month_9,&,deployment_membership_value_threshold_array_for_month_10,&,running_average_size_minutes_for_month_10,&,deployment_membership_value_threshold_array_for_month_11,&,running_average_size_minutes_for_month_11,&,deployment_membership_value_threshold_array_for_month_12,&,running_average_size_minutes_for_month_12,&,dNetNorm,&,dMarketBalancePercentage,&,dMarketNetNorm,
results: KLAX,&,0.5,&,1,&,0.5,&,31,&,0.5,&,31,&,0.5,&,31,&,0.5,&,61,&,0.5,&,1,&,0.5,&,1,&,0.5,&,91,&,0.5,&,31,&,0.5,&,31,&,0.5,&,1,&,0.5,&,1,&,0.5085415638031971,&,0.934834954401532,&,0.47540242960924556
monthly visible minutes:KLAX,&,2013,&,8204,&,7871,&,7409,&,8672,&,8672,&,8672,&,8672,&,8672,&,8672,&,8672,&,8201,&,4273,&,
monthly visible minutes:KLAX,&,2014,&,3231,&,5026,&,8672,&,8672,&,8672,&,8672,&,8672,&,8672,&,8672,&,8502,&,1098,&,1489,&,
monthly minutes harvester between states:KLAX,&,2013,&,1509,&,836,&,760,&,684,&,684,&,801,&,912,&,836,&,722,&,836,&,1175,&,840,&,
monthly minutes harvester between states:KLAX,&,2014,&,677,&,532,&,836,&,684,&,684,&,570,&,608,&,760,&,722,&,874,&,326,&,658,&,
FuzzyVsCrisp: KLAX,1,true,true
Station: KLGA
abc: The current path is /home/guy/retractable-wind
I have found the property file.
The training windspeed filename is /trainingKLGA2004-2012in.csv
The testing windspeed filename is /testingKLGA2013-2014in.csv
Yes, the station is KLGA
Warning: The bAlsoUsePrediction no longer has any effect
iUsedAllItsAllocatedVisibilityMinutesPerMonth: 8760
Visibility Allocation Minutes:8760
HARVESTER_SIZE_SQM is 6362
Reading file
Success: /Wind turbine power curves - wind turbine power output against wind speed in knots.csv found.
Speed (Knots) = Speed(knots) vs power (kW) , Power (kW) =V90
Speed (Knots) = 0 , Power (kW) =0
Speed (Knots) = 1 , Power (kW) =0
Speed (Knots) = 2 , Power (kW) =0
Speed (Knots) = 3 , Power (kW) =0
Speed (Knots) = 4 , Power (kW) =0
Speed (Knots) = 5 , Power (kW) =0
Speed (Knots) = 6 , Power (kW) =0
Speed (Knots) = 7 , Power (kW) =38
Speed (Knots) = 8 , Power (kW) =87
Speed (Knots) = 9 , Power (kW) =141
Speed (Knots) = 10 , Power (kW) =207
Speed (Knots) = 11 , Power (kW) =286
Speed (Knots) = 12 , Power (kW) =382
Speed (Knots) = 13 , Power (kW) =496
Speed (Knots) = 14 , Power (kW) =628
Speed (Knots) = 15 , Power (kW) =781
Speed (Knots) = 16 , Power (kW) =957
Speed (Knots) = 17 , Power (kW) =1153
Speed (Knots) = 18 , Power (kW) =1366
Speed (Knots) = 19 , Power (kW) =1589
Speed (Knots) = 20 , Power (kW) =1814
Speed (Knots) = 21 , Power (kW) =2035
Speed (Knots) = 22 , Power (kW) =2250
Speed (Knots) = 23 , Power (kW) =2452
Speed (Knots) = 24 , Power (kW) =2634
Speed (Knots) = 25 , Power (kW) =2784
Speed (Knots) = 26 , Power (kW) =2888
Speed (Knots) = 27 , Power (kW) =2949
Speed (Knots) = 28 , Power (kW) =2980
Speed (Knots) = 29 , Power (kW) =2993
Speed (Knots) = 30 , Power (kW) =3000
Speed (Knots) = 31 , Power (kW) =3000
Speed (Knots) = 32 , Power (kW) =3000
Speed (Knots) = 33 , Power (kW) =3000
Speed (Knots) = 34 , Power (kW) =3000
Speed (Knots) = 35 , Power (kW) =3000
Speed (Knots) = 36 , Power (kW) =3000
Speed (Knots) = 37 , Power (kW) =3000
Speed (Knots) = 38 , Power (kW) =3000
Speed (Knots) = 39 , Power (kW) =3000
Speed (Knots) = 40 , Power (kW) =3000
Speed (Knots) = 41 , Power (kW) =3000
Speed (Knots) = 42 , Power (kW) =3000
Speed (Knots) = 43 , Power (kW) =3000
Speed (Knots) = 44 , Power (kW) =3000
Speed (Knots) = 45 , Power (kW) =3000
Speed (Knots) = 46 , Power (kW) =3000
Speed (Knots) = 47 , Power (kW) =3000
Speed (Knots) = 48 , Power (kW) =3000
Speed (Knots) = 49 , Power (kW) =0
Speed (Knots) = 50 , Power (kW) =0
Speed (Knots) = 51 , Power (kW) =0
Speed (Knots) = 52 , Power (kW) =0
Speed (Knots) = 53 , Power (kW) =0
Speed (Knots) = 54 , Power (kW) =0
Speed (Knots) = 55 , Power (kW) =0
Speed (Knots) = 56 , Power (kW) =0
Speed (Knots) = 57 , Power (kW) =0
Speed (Knots) = 58 , Power (kW) =0
Speed (Knots) = 59 , Power (kW) =0
Speed (Knots) = 60 , Power (kW) =0
The scale is 1.0
Wind power at 10 knots in kilowatts is 207.0
Wind power in-cut-out test 0.0
Fuzzy
Class name:edu.pitt.cs.people.guy.wind.benchmarks.Fuzzy5
Success: /Noise_Allowed_Time_Definitions_All_Stations.csv found.
The station is the record is KLGA
Success: /Noise_Allowed_Time_Definitions_All_Stations.csv found.
The station is the record is KLGA
I have found the membership file for NOT WINDY.
Windspeed (knots) [0,1), Membership Value =1.00000000,1.0
Windspeed (knots) [1,2), Membership Value =0.99999030,0.9999903
Windspeed (knots) [2,3), Membership Value =0.99983586,0.99983585
Windspeed (knots) [3,4), Membership Value =0.99896311,0.9989631
Windspeed (knots) [4,5), Membership Value =0.99585529,0.9958553
Windspeed (knots) [5,6), Membership Value =0.98809748,0.9880975
Windspeed (knots) [6,7), Membership Value =0.97214940,0.9721494
Windspeed (knots) [7,8), Membership Value =0.94498727,0.9449873
Windspeed (knots) [8,9), Membership Value =0.90291974,0.90291977
Windspeed (knots) [9,10), Membership Value =0.84773545,0.84773546
Windspeed (knots) [10,11), Membership Value =0.78144970,0.7814497
Windspeed (knots) [11,12), Membership Value =0.70288628,0.7028863
Windspeed (knots) [12,13), Membership Value =0.61769336,0.61769336
Windspeed (knots) [13,14), Membership Value =0.52980379,0.5298038
Windspeed (knots) [14,15), Membership Value =0.44055494,0.44055495
Windspeed (knots) [15,16), Membership Value =0.35444121,0.3544412
Windspeed (knots) [16,17), Membership Value =0.27128060,0.2712806
Windspeed (knots) [17,18), Membership Value =0.19481438,0.19481438
Windspeed (knots) [18,19), Membership Value =0.11987781,0.11987781
Windspeed (knots) [19,20), Membership Value =0.05612127,0.05612127
Windspeed (knots) [20,21), Membership Value =0.00000000,0.0
Windspeed (knots) [21,22), Membership Value =0.00000000,0.0
Windspeed (knots) [22,23), Membership Value =0.00000000,0.0
Windspeed (knots) [23,24), Membership Value =0.00000000,0.0
Windspeed (knots) [24,25), Membership Value =0.00000000,0.0
Windspeed (knots) [25,26), Membership Value =0.00000000,0.0
Windspeed (knots) [26,27), Membership Value =0.00000000,0.0
Windspeed (knots) [27,28), Membership Value =0.00000000,0.0
Windspeed (knots) [28,29), Membership Value =0.00000000,0.0
Windspeed (knots) [29,30), Membership Value =0.00000000,0.0
Windspeed (knots) [30,31), Membership Value =0.00000000,0.0
Windspeed (knots) [31,32), Membership Value =0.00000000,0.0
Windspeed (knots) [32,33), Membership Value =0.00000000,0.0
Windspeed (knots) [33,34), Membership Value =0.00000000,0.0
Windspeed (knots) [34,35), Membership Value =0.00000000,0.0
Windspeed (knots) [35,36), Membership Value =0.00000000,0.0
Windspeed (knots) [36,37), Membership Value =0.00000000,0.0
Windspeed (knots) [37,38), Membership Value =0.00000000,0.0
Windspeed (knots) [38,39), Membership Value =0.00000000,0.0
Windspeed (knots) [39,40), Membership Value =0.00000000,0.0
Windspeed (knots) [40,41), Membership Value =0.00000000,0.0
Windspeed (knots) [41,42), Membership Value =0.00000000,0.0
Windspeed (knots) [42,43), Membership Value =0.00000000,0.0
Windspeed (knots) [43,44), Membership Value =0.00000000,0.0
Windspeed (knots) [44,45), Membership Value =0.00000000,0.0
Windspeed (knots) [45,46), Membership Value =0.00000000,0.0
Windspeed (knots) [46,47), Membership Value =0.00000000,0.0
Windspeed (knots) [47,48), Membership Value =0.00000000,0.0
Windspeed (knots) [48,49), Membership Value =0.00000000,0.0
Windspeed (knots) [49,50), Membership Value =0.00000000,0.0
Windspeed (knots) [50,51), Membership Value =0.00000000,0.0
Windspeed (knots) [51,52), Membership Value =0.00000000,0.0
Windspeed (knots) [52,53), Membership Value =0.00000000,0.0
Windspeed (knots) [53,54), Membership Value =0.00000000,0.0
Windspeed (knots) [54,55), Membership Value =0.00000000,0.0
Windspeed (knots) [55,56), Membership Value =0.00000000,0.0
Windspeed (knots) [56,57), Membership Value =0.00000000,0.0
Windspeed (knots) [57,58), Membership Value =0.00000000,0.0
Windspeed (knots) [58,59), Membership Value =0.00000000,0.0
Windspeed (knots) [59,60), Membership Value =0.00000000,0.0
Windspeed (knots) [60,61), Membership Value =0.00000000,0.0
Windspeed (knots) [61,62), Membership Value =0.00000000,0.0
Windspeed (knots) [62,63), Membership Value =0.00000000,0.0
Windspeed (knots) [63,64), Membership Value =0.00000000,0.0
Windspeed (knots) [64,65), Membership Value =0.00000000,0.0
Windspeed (knots) [65,66), Membership Value =0.00000000,0.0
Windspeed (knots) [66,67), Membership Value =0.00000000,0.0
Windspeed (knots) [67,68), Membership Value =0.00000000,0.0
Windspeed (knots) [68,69), Membership Value =0.00000000,0.0
Windspeed (knots) [69,70), Membership Value =0.00000000,0.0
Windspeed (knots) [70,71), Membership Value =0.00000000,0.0
Windspeed (knots) [71,72), Membership Value =0.00000000,0.0
Windspeed (knots) [72,73), Membership Value =0.00000000,0.0
Windspeed (knots) [73,74), Membership Value =0.00000000,0.0
Windspeed (knots) [74,75), Membership Value =0.00000000,0.0
Windspeed (knots) [75,76), Membership Value =0.00000000,0.0
Windspeed (knots) [76,77), Membership Value =0.00000000,0.0
Windspeed (knots) [77,78), Membership Value =0.00000000,0.0
Windspeed (knots) [78,79), Membership Value =0.00000000,0.0
Windspeed (knots) [79,80), Membership Value =0.00000000,0.0
Windspeed (knots) [80,81), Membership Value =0.00000000,0.0
Windspeed (knots) [81,82), Membership Value =0.00000000,0.0
Windspeed (knots) [82,83), Membership Value =0.00000000,0.0
Windspeed (knots) [83,84), Membership Value =0.00000000,0.0
Windspeed (knots) [84,85), Membership Value =0.00000000,0.0
Windspeed (knots) [85,86), Membership Value =0.00000000,0.0
Windspeed (knots) [86,87), Membership Value =0.00000000,0.0
Windspeed (knots) [87,88), Membership Value =0.00000000,0.0
Windspeed (knots) [88,89), Membership Value =0.00000000,0.0
Windspeed (knots) [89,90), Membership Value =0.00000000,0.0
Windspeed (knots) [90,91), Membership Value =0.00000000,0.0
Windspeed (knots) [91,92), Membership Value =0.00000000,0.0
Windspeed (knots) [92,93), Membership Value =0.00000000,0.0
Windspeed (knots) [93,94), Membership Value =0.00000000,0.0
Windspeed (knots) [94,95), Membership Value =0.00000000,0.0
Windspeed (knots) [95,96), Membership Value =0.00000000,0.0
Windspeed (knots) [96,97), Membership Value =0.00000000,0.0
Windspeed (knots) [97,98), Membership Value =0.00000000,0.0
Windspeed (knots) [98,99), Membership Value =0.00000000,0.0
Windspeed (knots) [99,100), Membership Value =0.00000000,0.0
Windspeed (knots) [100,101), Membership Value =0.00000000,0.0
Windspeed (knots) [101,102), Membership Value =0.00000000,0.0
Windspeed (knots) [102,103), Membership Value =0.00000000,0.0
Windspeed (knots) [103,104), Membership Value =0.00000000,0.0
Windspeed (knots) [104,105), Membership Value =0.00000000,0.0
Windspeed (knots) [105,106), Membership Value =0.00000000,0.0
Windspeed (knots) [106,107), Membership Value =0.00000000,0.0
Windspeed (knots) [107,108), Membership Value =0.00000000,0.0
Windspeed (knots) [108,109), Membership Value =0.00000000,0.0
Windspeed (knots) [109,110), Membership Value =0.00000000,0.0
Windspeed (knots) [110,111), Membership Value =0.00000000,0.0
Windspeed (knots) [111,112), Membership Value =0.00000000,0.0
Windspeed (knots) [112,113), Membership Value =0.00000000,0.0
Windspeed (knots) [113,114), Membership Value =0.00000000,0.0
Windspeed (knots) [114,115), Membership Value =0.00000000,0.0
Windspeed (knots) [115,116), Membership Value =0.00000000,0.0
Windspeed (knots) [116,117), Membership Value =0.00000000,0.0
Windspeed (knots) [117,118), Membership Value =0.00000000,0.0
Windspeed (knots) [118,119), Membership Value =0.00000000,0.0
Windspeed (knots) [119,120), Membership Value =0.00000000,0.0
Windspeed (knots) [120,121), Membership Value =0.00000000,0.0
Windspeed (knots) [121,122), Membership Value =0.00000000,0.0
Windspeed (knots) [122,123), Membership Value =0.00000000,0.0
Windspeed (knots) [123,124), Membership Value =0.00000000,0.0
Windspeed (knots) [124,125), Membership Value =0.00000000,0.0
LowestWindspeedThatIsWindyKnots for station KLGA is 9 knots.
Transition limited :false
bUseWeatherPrediction: false
The running average is 1
The membership_value_deployment_threshold is 0.5
Energy harvested: 8547751.731392244
iGeneratingEnergyWhenGridNeedsEnergyMinutes =638195
iGeneratingEnergyWhenGridNeedsEnergyMinutes =638195
iUsingEnergyWhenGridNeedsEnergyMinutes =47250
iGeneratingEnergyWhenGridHasExcessEnergyMinutes = 1082
iUsingEnergyWhenGridHasExcessEnergyMinutes = 60
iIdleWhenGridDoesNotNeedEnergyMinutes = 44938
iIdleWhenGridNeedsEnergyMinutes = 4002933
iEnergyPriceIsZeroMinutes = 240
harvester.getEnergyHarvestedAVAILABLEKilowattHours( ): 2.4147111533333335E7
harvester.getEnergyHarvestedKilowattHours(): 8547751.731392244
The running average is 31
The membership_value_deployment_threshold is 0.5
Energy harvested: 7531215.099444977
iGeneratingEnergyWhenGridNeedsEnergyMinutes =484153
iGeneratingEnergyWhenGridNeedsEnergyMinutes =484153
iUsingEnergyWhenGridNeedsEnergyMinutes =10654
iGeneratingEnergyWhenGridHasExcessEnergyMinutes = 1350
iUsingEnergyWhenGridHasExcessEnergyMinutes = 1
iIdleWhenGridDoesNotNeedEnergyMinutes = 44729
iIdleWhenGridNeedsEnergyMinutes = 4193571
iEnergyPriceIsZeroMinutes = 240
harvester.getEnergyHarvestedAVAILABLEKilowattHours( ): 2.4147111533333335E7
harvester.getEnergyHarvestedKilowattHours(): 7531215.099444977
The running average is 61
The membership_value_deployment_threshold is 0.5
Energy harvested: 7150769.438611309
iGeneratingEnergyWhenGridNeedsEnergyMinutes =436799
iGeneratingEnergyWhenGridNeedsEnergyMinutes =436799
iUsingEnergyWhenGridNeedsEnergyMinutes =7751
iGeneratingEnergyWhenGridHasExcessEnergyMinutes = 1024
iUsingEnergyWhenGridHasExcessEnergyMinutes = 3
iIdleWhenGridDoesNotNeedEnergyMinutes = 45053
iIdleWhenGridNeedsEnergyMinutes = 4243828
iEnergyPriceIsZeroMinutes = 240
harvester.getEnergyHarvestedAVAILABLEKilowattHours( ): 2.4147111533333335E7
harvester.getEnergyHarvestedKilowattHours(): 7150769.438611309
The running average is 91
The membership_value_deployment_threshold is 0.5
Energy harvested: 6915298.9275001045
iGeneratingEnergyWhenGridNeedsEnergyMinutes =415756
iGeneratingEnergyWhenGridNeedsEnergyMinutes =415756
iUsingEnergyWhenGridNeedsEnergyMinutes =6888
iGeneratingEnergyWhenGridHasExcessEnergyMinutes = 709
iUsingEnergyWhenGridHasExcessEnergyMinutes = 13
iIdleWhenGridDoesNotNeedEnergyMinutes = 45358
iIdleWhenGridNeedsEnergyMinutes = 4265734
iEnergyPriceIsZeroMinutes = 240
harvester.getEnergyHarvestedAVAILABLEKilowattHours( ): 2.4147111533333335E7
harvester.getEnergyHarvestedKilowattHours(): 6915298.9275001045
The running average is 121
The membership_value_deployment_threshold is 0.5
Energy harvested: 6645605.218888982
iGeneratingEnergyWhenGridNeedsEnergyMinutes =389072
iGeneratingEnergyWhenGridNeedsEnergyMinutes =389072
iUsingEnergyWhenGridNeedsEnergyMinutes =5781
iGeneratingEnergyWhenGridHasExcessEnergyMinutes = 644
iUsingEnergyWhenGridHasExcessEnergyMinutes = 8
iIdleWhenGridDoesNotNeedEnergyMinutes = 45428
iIdleWhenGridNeedsEnergyMinutes = 4293525
iEnergyPriceIsZeroMinutes = 240
harvester.getEnergyHarvestedAVAILABLEKilowattHours( ): 2.4147111533333335E7
harvester.getEnergyHarvestedKilowattHours(): 6645605.218888982
Beginning testing mode:
station,&,deployment_membership_value_threshold_array_for_month_1,&,running_average_size_minutes_for_month_1,&,deployment_membership_value_threshold_array_for_month_2,&,running_average_size_minutes_for_month_2,&,deployment_membership_value_threshold_array_for_month_3,&,running_average_size_minutes_for_month_3,&,deployment_membership_value_threshold_array_for_month_4,&,running_average_size_minutes_for_month_4,&,deployment_membership_value_threshold_array_for_month_5,&,running_average_size_minutes_for_month_5,&,deployment_membership_value_threshold_array_for_month_6,&,running_average_size_minutes_for_month_6,&,deployment_membership_value_threshold_array_for_month_7,&,running_average_size_minutes_for_month_7,&,deployment_membership_value_threshold_array_for_month_8,&,running_average_size_minutes_for_month_8,&,deployment_membership_value_threshold_array_for_month_9,&,running_average_size_minutes_for_month_9,&,deployment_membership_value_threshold_array_for_month_10,&,running_average_size_minutes_for_month_10,&,deployment_membership_value_threshold_array_for_month_11,&,running_average_size_minutes_for_month_11,&,deployment_membership_value_threshold_array_for_month_12,&,running_average_size_minutes_for_month_12,&,dNetNorm,&,dMarketBalancePercentage,&,dMarketNetNorm,
results: KLGA,&,0.5,&,61,&,0.5,&,31,&,0.5,&,1,&,0.5,&,1,&,0.5,&,1,&,0.5,&,1,&,0.5,&,1,&,0.5,&,1,&,0.5,&,1,&,0.5,&,1,&,0.5,&,31,&,0.5,&,121,&,0.3363962558524527,&,0.9250100870367168,&,0.31116992990490294
monthly visible minutes:KLGA,&,2013,&,5199,&,7133,&,8666,&,8162,&,4649,&,5767,&,4544,&,3014,&,2354,&,6472,&,6933,&,3832,&,
monthly visible minutes:KLGA,&,2014,&,7286,&,4784,&,8236,&,7706,&,5599,&,4144,&,5455,&,3264,&,4719,&,6667,&,6220,&,6787,&,
monthly minutes harvester between states:KLGA,&,2013,&,418,&,570,&,1247,&,1084,&,883,&,1461,&,1385,&,675,&,704,&,1296,&,532,&,380,&,
monthly minutes harvester between states:KLGA,&,2014,&,684,&,418,&,1417,&,1096,&,1648,&,822,&,1169,&,1063,&,795,&,1206,&,570,&,528,&,
FuzzyVsCrisp: KLGA,1,true,true
station,&,deployment_membership_value_threshold_array_for_month_1,&,running_average_size_minutes_for_month_1,&,deployment_membership_value_threshold_array_for_month_2,&,running_average_size_minutes_for_month_2,&,deployment_membership_value_threshold_array_for_month_3,&,running_average_size_minutes_for_month_3,&,deployment_membership_value_threshold_array_for_month_4,&,running_average_size_minutes_for_month_4,&,deployment_membership_value_threshold_array_for_month_5,&,running_average_size_minutes_for_month_5,&,deployment_membership_value_threshold_array_for_month_6,&,running_average_size_minutes_for_month_6,&,deployment_membership_value_threshold_array_for_month_7,&,running_average_size_minutes_for_month_7,&,deployment_membership_value_threshold_array_for_month_8,&,running_average_size_minutes_for_month_8,&,deployment_membership_value_threshold_array_for_month_9,&,running_average_size_minutes_for_month_9,&,deployment_membership_value_threshold_array_for_month_10,&,running_average_size_minutes_for_month_10,&,deployment_membership_value_threshold_array_for_month_11,&,running_average_size_minutes_for_month_11,&,deployment_membership_value_threshold_array_for_month_12,&,running_average_size_minutes_for_month_12,&,dNetNorm,&,dMarketBalancePercentage,&,dMarketNetNorm,
results: KLGA,&,0.5,&,61,&,0.5,&,31,&,0.5,&,1,&,0.5,&,1,&,0.5,&,1,&,0.5,&,1,&,0.5,&,1,&,0.5,&,1,&,0.5,&,1,&,0.5,&,1,&,0.5,&,31,&,0.5,&,121,&,0.3363962558524527,&,0.9250100870367168,&,0.31116992990490294
monthly visible minutes:KLGA,&,2013,&,5199,&,7133,&,8666,&,8162,&,4649,&,5767,&,4544,&,3014,&,2354,&,6472,&,6933,&,3832,&,
monthly visible minutes:KLGA,&,2014,&,7286,&,4784,&,8236,&,7706,&,5599,&,4144,&,5455,&,3264,&,4719,&,6667,&,6220,&,6787,&,
monthly minutes harvester between states:KLGA,&,2013,&,418,&,570,&,1247,&,1084,&,883,&,1461,&,1385,&,675,&,704,&,1296,&,532,&,380,&,
monthly minutes harvester between states:KLGA,&,2014,&,684,&,418,&,1417,&,1096,&,1648,&,822,&,1169,&,1063,&,795,&,1206,&,570,&,528,&,
FuzzyVsCrisp: KLGA,1,true,true
Station: KMCI
abc: The current path is /home/guy/retractable-wind
I have found the property file.
The training windspeed filename is /trainingKMCI2004-2012in.csv
The testing windspeed filename is /testingKMCI2013-2014in.csv
Yes, the station is KMCI
Warning: The bAlsoUsePrediction no longer has any effect
iUsedAllItsAllocatedVisibilityMinutesPerMonth: 8760
Visibility Allocation Minutes:8760
HARVESTER_SIZE_SQM is 6362
Reading file
Success: /Wind turbine power curves - wind turbine power output against wind speed in knots.csv found.
Speed (Knots) = Speed(knots) vs power (kW) , Power (kW) =V90
Speed (Knots) = 0 , Power (kW) =0
Speed (Knots) = 1 , Power (kW) =0
Speed (Knots) = 2 , Power (kW) =0
Speed (Knots) = 3 , Power (kW) =0
Speed (Knots) = 4 , Power (kW) =0
Speed (Knots) = 5 , Power (kW) =0
Speed (Knots) = 6 , Power (kW) =0
Speed (Knots) = 7 , Power (kW) =38
Speed (Knots) = 8 , Power (kW) =87
Speed (Knots) = 9 , Power (kW) =141
Speed (Knots) = 10 , Power (kW) =207
Speed (Knots) = 11 , Power (kW) =286
Speed (Knots) = 12 , Power (kW) =382
Speed (Knots) = 13 , Power (kW) =496
Speed (Knots) = 14 , Power (kW) =628
Speed (Knots) = 15 , Power (kW) =781
Speed (Knots) = 16 , Power (kW) =957
Speed (Knots) = 17 , Power (kW) =1153
Speed (Knots) = 18 , Power (kW) =1366
Speed (Knots) = 19 , Power (kW) =1589
Speed (Knots) = 20 , Power (kW) =1814
Speed (Knots) = 21 , Power (kW) =2035
Speed (Knots) = 22 , Power (kW) =2250
Speed (Knots) = 23 , Power (kW) =2452
Speed (Knots) = 24 , Power (kW) =2634
Speed (Knots) = 25 , Power (kW) =2784
Speed (Knots) = 26 , Power (kW) =2888
Speed (Knots) = 27 , Power (kW) =2949
Speed (Knots) = 28 , Power (kW) =2980
Speed (Knots) = 29 , Power (kW) =2993
Speed (Knots) = 30 , Power (kW) =3000
Speed (Knots) = 31 , Power (kW) =3000
Speed (Knots) = 32 , Power (kW) =3000
Speed (Knots) = 33 , Power (kW) =3000
Speed (Knots) = 34 , Power (kW) =3000
Speed (Knots) = 35 , Power (kW) =3000
Speed (Knots) = 36 , Power (kW) =3000
Speed (Knots) = 37 , Power (kW) =3000
Speed (Knots) = 38 , Power (kW) =3000
Speed (Knots) = 39 , Power (kW) =3000
Speed (Knots) = 40 , Power (kW) =3000
Speed (Knots) = 41 , Power (kW) =3000
Speed (Knots) = 42 , Power (kW) =3000
Speed (Knots) = 43 , Power (kW) =3000
Speed (Knots) = 44 , Power (kW) =3000
Speed (Knots) = 45 , Power (kW) =3000
Speed (Knots) = 46 , Power (kW) =3000
Speed (Knots) = 47 , Power (kW) =3000
Speed (Knots) = 48 , Power (kW) =3000
Speed (Knots) = 49 , Power (kW) =0
Speed (Knots) = 50 , Power (kW) =0
Speed (Knots) = 51 , Power (kW) =0
Speed (Knots) = 52 , Power (kW) =0
Speed (Knots) = 53 , Power (kW) =0
Speed (Knots) = 54 , Power (kW) =0
Speed (Knots) = 55 , Power (kW) =0
Speed (Knots) = 56 , Power (kW) =0
Speed (Knots) = 57 , Power (kW) =0
Speed (Knots) = 58 , Power (kW) =0
Speed (Knots) = 59 , Power (kW) =0
Speed (Knots) = 60 , Power (kW) =0
The scale is 1.0
Wind power at 10 knots in kilowatts is 207.0
Wind power in-cut-out test 0.0
Fuzzy
Class name:edu.pitt.cs.people.guy.wind.benchmarks.Fuzzy5
Success: /Noise_Allowed_Time_Definitions_All_Stations.csv found.
The station is the record is KMCI
Success: /Noise_Allowed_Time_Definitions_All_Stations.csv found.
The station is the record is KMCI
I have found the membership file for NOT WINDY.
Windspeed (knots) [0,1), Membership Value =1.00000000,1.0
Windspeed (knots) [1,2), Membership Value =0.99998869,0.9999887
Windspeed (knots) [2,3), Membership Value =0.99979958,0.9997996
Windspeed (knots) [3,4), Membership Value =0.99865857,0.9986586
Windspeed (knots) [4,5), Membership Value =0.99456780,0.9945678
Windspeed (knots) [5,6), Membership Value =0.98358930,0.9835893
Windspeed (knots) [6,7), Membership Value =0.96225896,0.96225893
Windspeed (knots) [7,8), Membership Value =0.92858650,0.9285865
Windspeed (knots) [8,9), Membership Value =0.88286373,0.8828637
Windspeed (knots) [9,10), Membership Value =0.82564946,0.82564944
Windspeed (knots) [10,11), Membership Value =0.75649507,0.75649506
Windspeed (knots) [11,12), Membership Value =0.67417317,0.6741732
Windspeed (knots) [12,13), Membership Value =0.58863346,0.5886335
Windspeed (knots) [13,14), Membership Value =0.49694818,0.49694818
Windspeed (knots) [14,15), Membership Value =0.40225520,0.4022552
Windspeed (knots) [15,16), Membership Value =0.30951428,0.30951428
Windspeed (knots) [16,17), Membership Value =0.22003528,0.22003528
Windspeed (knots) [17,18), Membership Value =0.13671631,0.1367163
Windspeed (knots) [18,19), Membership Value =0.06034575,0.06034575
Windspeed (knots) [19,20), Membership Value =0.00000000,0.0
Windspeed (knots) [20,21), Membership Value =0.00000000,0.0
Windspeed (knots) [21,22), Membership Value =0.00000000,0.0
Windspeed (knots) [22,23), Membership Value =0.00000000,0.0
Windspeed (knots) [23,24), Membership Value =0.00000000,0.0
Windspeed (knots) [24,25), Membership Value =0.00000000,0.0
Windspeed (knots) [25,26), Membership Value =0.00000000,0.0
Windspeed (knots) [26,27), Membership Value =0.00000000,0.0
Windspeed (knots) [27,28), Membership Value =0.00000000,0.0
Windspeed (knots) [28,29), Membership Value =0.00000000,0.0
Windspeed (knots) [29,30), Membership Value =0.00000000,0.0
Windspeed (knots) [30,31), Membership Value =0.00000000,0.0
Windspeed (knots) [31,32), Membership Value =0.00000000,0.0
Windspeed (knots) [32,33), Membership Value =0.00000000,0.0
Windspeed (knots) [33,34), Membership Value =0.00000000,0.0
Windspeed (knots) [34,35), Membership Value =0.00000000,0.0
Windspeed (knots) [35,36), Membership Value =0.00000000,0.0
Windspeed (knots) [36,37), Membership Value =0.00000000,0.0
Windspeed (knots) [37,38), Membership Value =0.00000000,0.0
Windspeed (knots) [38,39), Membership Value =0.00000000,0.0
Windspeed (knots) [39,40), Membership Value =0.00000000,0.0
Windspeed (knots) [40,41), Membership Value =0.00000000,0.0
Windspeed (knots) [41,42), Membership Value =0.00000000,0.0
Windspeed (knots) [42,43), Membership Value =0.00000000,0.0
Windspeed (knots) [43,44), Membership Value =0.00000000,0.0
Windspeed (knots) [44,45), Membership Value =0.00000000,0.0
Windspeed (knots) [45,46), Membership Value =0.00000000,0.0
Windspeed (knots) [46,47), Membership Value =0.00000000,0.0
Windspeed (knots) [47,48), Membership Value =0.00000000,0.0
Windspeed (knots) [48,49), Membership Value =0.00000000,0.0
Windspeed (knots) [49,50), Membership Value =0.00000000,0.0
Windspeed (knots) [50,51), Membership Value =0.00000000,0.0
Windspeed (knots) [51,52), Membership Value =0.00000000,0.0
Windspeed (knots) [52,53), Membership Value =0.00000000,0.0
Windspeed (knots) [53,54), Membership Value =0.00000000,0.0
Windspeed (knots) [54,55), Membership Value =0.00000000,0.0
Windspeed (knots) [55,56), Membership Value =0.00000000,0.0
Windspeed (knots) [56,57), Membership Value =0.00000000,0.0
Windspeed (knots) [57,58), Membership Value =0.00000000,0.0
Windspeed (knots) [58,59), Membership Value =0.00000000,0.0
Windspeed (knots) [59,60), Membership Value =0.00000000,0.0
Windspeed (knots) [60,61), Membership Value =0.00000000,0.0
Windspeed (knots) [61,62), Membership Value =0.00000000,0.0
Windspeed (knots) [62,63), Membership Value =0.00000000,0.0
Windspeed (knots) [63,64), Membership Value =0.00000000,0.0
Windspeed (knots) [64,65), Membership Value =0.00000000,0.0
Windspeed (knots) [65,66), Membership Value =0.00000000,0.0
Windspeed (knots) [66,67), Membership Value =0.00000000,0.0
Windspeed (knots) [67,68), Membership Value =0.00000000,0.0
Windspeed (knots) [68,69), Membership Value =0.00000000,0.0
Windspeed (knots) [69,70), Membership Value =0.00000000,0.0
Windspeed (knots) [70,71), Membership Value =0.00000000,0.0
Windspeed (knots) [71,72), Membership Value =0.00000000,0.0
Windspeed (knots) [72,73), Membership Value =0.00000000,0.0
Windspeed (knots) [73,74), Membership Value =0.00000000,0.0
Windspeed (knots) [74,75), Membership Value =0.00000000,0.0
Windspeed (knots) [75,76), Membership Value =0.00000000,0.0
Windspeed (knots) [76,77), Membership Value =0.00000000,0.0
Windspeed (knots) [77,78), Membership Value =0.00000000,0.0
Windspeed (knots) [78,79), Membership Value =0.00000000,0.0
Windspeed (knots) [79,80), Membership Value =0.00000000,0.0
Windspeed (knots) [80,81), Membership Value =0.00000000,0.0
Windspeed (knots) [81,82), Membership Value =0.00000000,0.0
Windspeed (knots) [82,83), Membership Value =0.00000000,0.0
Windspeed (knots) [83,84), Membership Value =0.00000000,0.0
Windspeed (knots) [84,85), Membership Value =0.00000000,0.0
Windspeed (knots) [85,86), Membership Value =0.00000000,0.0
Windspeed (knots) [86,87), Membership Value =0.00000000,0.0
Windspeed (knots) [87,88), Membership Value =0.00000000,0.0
Windspeed (knots) [88,89), Membership Value =0.00000000,0.0
Windspeed (knots) [89,90), Membership Value =0.00000000,0.0
Windspeed (knots) [90,91), Membership Value =0.00000000,0.0
Windspeed (knots) [91,92), Membership Value =0.00000000,0.0
Windspeed (knots) [92,93), Membership Value =0.00000000,0.0
Windspeed (knots) [93,94), Membership Value =0.00000000,0.0
Windspeed (knots) [94,95), Membership Value =0.00000000,0.0
Windspeed (knots) [95,96), Membership Value =0.00000000,0.0
Windspeed (knots) [96,97), Membership Value =0.00000000,0.0
Windspeed (knots) [97,98), Membership Value =0.00000000,0.0
Windspeed (knots) [98,99), Membership Value =0.00000000,0.0
Windspeed (knots) [99,100), Membership Value =0.00000000,0.0
Windspeed (knots) [100,101), Membership Value =0.00000000,0.0
Windspeed (knots) [101,102), Membership Value =0.00000000,0.0
Windspeed (knots) [102,103), Membership Value =0.00000000,0.0
Windspeed (knots) [103,104), Membership Value =0.00000000,0.0
Windspeed (knots) [104,105), Membership Value =0.00000000,0.0
Windspeed (knots) [105,106), Membership Value =0.00000000,0.0
Windspeed (knots) [106,107), Membership Value =0.00000000,0.0
Windspeed (knots) [107,108), Membership Value =0.00000000,0.0
Windspeed (knots) [108,109), Membership Value =0.00000000,0.0
Windspeed (knots) [109,110), Membership Value =0.00000000,0.0
Windspeed (knots) [110,111), Membership Value =0.00000000,0.0
Windspeed (knots) [111,112), Membership Value =0.00000000,0.0
Windspeed (knots) [112,113), Membership Value =0.00000000,0.0
Windspeed (knots) [113,114), Membership Value =0.00000000,0.0
Windspeed (knots) [114,115), Membership Value =0.00000000,0.0
Windspeed (knots) [115,116), Membership Value =0.00000000,0.0
Windspeed (knots) [116,117), Membership Value =0.00000000,0.0
Windspeed (knots) [117,118), Membership Value =0.00000000,0.0
Windspeed (knots) [118,119), Membership Value =0.00000000,0.0
Windspeed (knots) [119,120), Membership Value =0.00000000,0.0
Windspeed (knots) [120,121), Membership Value =0.00000000,0.0
Windspeed (knots) [121,122), Membership Value =0.00000000,0.0
Windspeed (knots) [122,123), Membership Value =0.00000000,0.0
Windspeed (knots) [123,124), Membership Value =0.00000000,0.0
Windspeed (knots) [124,125), Membership Value =0.00000000,0.0
LowestWindspeedThatIsWindyKnots for station KMCI is 8 knots.
Transition limited :false
bUseWeatherPrediction: false
The running average is 1
The membership_value_deployment_threshold is 0.5
Energy harvested: 8595839.849169243
iGeneratingEnergyWhenGridNeedsEnergyMinutes =810601
iGeneratingEnergyWhenGridNeedsEnergyMinutes =810601
iUsingEnergyWhenGridNeedsEnergyMinutes =40437
iGeneratingEnergyWhenGridHasExcessEnergyMinutes = 2276
iUsingEnergyWhenGridHasExcessEnergyMinutes = 124
iIdleWhenGridDoesNotNeedEnergyMinutes = 43680
iIdleWhenGridNeedsEnergyMinutes = 3837361
iEnergyPriceIsZeroMinutes = 240
harvester.getEnergyHarvestedAVAILABLEKilowattHours( ): 2.116693805E7
harvester.getEnergyHarvestedKilowattHours(): 8595839.849169243
The running average is 31
The membership_value_deployment_threshold is 0.5
Energy harvested: 8925817.485557046
iGeneratingEnergyWhenGridNeedsEnergyMinutes =755546
iGeneratingEnergyWhenGridNeedsEnergyMinutes =755546
iUsingEnergyWhenGridNeedsEnergyMinutes =17422
iGeneratingEnergyWhenGridHasExcessEnergyMinutes = 2066
iUsingEnergyWhenGridHasExcessEnergyMinutes = 60
iIdleWhenGridDoesNotNeedEnergyMinutes = 43954
iIdleWhenGridNeedsEnergyMinutes = 3915431
iEnergyPriceIsZeroMinutes = 240
harvester.getEnergyHarvestedAVAILABLEKilowattHours( ): 2.116693805E7
harvester.getEnergyHarvestedKilowattHours(): 8925817.485557046
The running average is 61
The membership_value_deployment_threshold is 0.5
Energy harvested: 8860682.472223299
iGeneratingEnergyWhenGridNeedsEnergyMinutes =723260
iGeneratingEnergyWhenGridNeedsEnergyMinutes =723260
iUsingEnergyWhenGridNeedsEnergyMinutes =13699
iGeneratingEnergyWhenGridHasExcessEnergyMinutes = 2103
iUsingEnergyWhenGridHasExcessEnergyMinutes = 59
iIdleWhenGridDoesNotNeedEnergyMinutes = 43918
iIdleWhenGridNeedsEnergyMinutes = 3951440
iEnergyPriceIsZeroMinutes = 240
harvester.getEnergyHarvestedAVAILABLEKilowattHours( ): 2.116693805E7
harvester.getEnergyHarvestedKilowattHours(): 8860682.472223299
The running average is 91
The membership_value_deployment_threshold is 0.5
Energy harvested: 8716277.289723014
iGeneratingEnergyWhenGridNeedsEnergyMinutes =701304
iGeneratingEnergyWhenGridNeedsEnergyMinutes =701304
iUsingEnergyWhenGridNeedsEnergyMinutes =11814
iGeneratingEnergyWhenGridHasExcessEnergyMinutes = 2090
iUsingEnergyWhenGridHasExcessEnergyMinutes = 58
iIdleWhenGridDoesNotNeedEnergyMinutes = 43932
iIdleWhenGridNeedsEnergyMinutes = 3975281
iEnergyPriceIsZeroMinutes = 240
harvester.getEnergyHarvestedAVAILABLEKilowattHours( ): 2.116693805E7
harvester.getEnergyHarvestedKilowattHours(): 8716277.289723014
The running average is 121
The membership_value_deployment_threshold is 0.5
Energy harvested: 8606650.79166732
iGeneratingEnergyWhenGridNeedsEnergyMinutes =682044
iGeneratingEnergyWhenGridNeedsEnergyMinutes =682044
iUsingEnergyWhenGridNeedsEnergyMinutes =10582
iGeneratingEnergyWhenGridHasExcessEnergyMinutes = 2075
iUsingEnergyWhenGridHasExcessEnergyMinutes = 33
iIdleWhenGridDoesNotNeedEnergyMinutes = 43972
iIdleWhenGridNeedsEnergyMinutes = 3995773
iEnergyPriceIsZeroMinutes = 240
harvester.getEnergyHarvestedAVAILABLEKilowattHours( ): 2.116693805E7
harvester.getEnergyHarvestedKilowattHours(): 8606650.79166732
Beginning testing mode:
station,&,deployment_membership_value_threshold_array_for_month_1,&,running_average_size_minutes_for_month_1,&,deployment_membership_value_threshold_array_for_month_2,&,running_average_size_minutes_for_month_2,&,deployment_membership_value_threshold_array_for_month_3,&,running_average_size_minutes_for_month_3,&,deployment_membership_value_threshold_array_for_month_4,&,running_average_size_minutes_for_month_4,&,deployment_membership_value_threshold_array_for_month_5,&,running_average_size_minutes_for_month_5,&,deployment_membership_value_threshold_array_for_month_6,&,running_average_size_minutes_for_month_6,&,deployment_membership_value_threshold_array_for_month_7,&,running_average_size_minutes_for_month_7,&,deployment_membership_value_threshold_array_for_month_8,&,running_average_size_minutes_for_month_8,&,deployment_membership_value_threshold_array_for_month_9,&,running_average_size_minutes_for_month_9,&,deployment_membership_value_threshold_array_for_month_10,&,running_average_size_minutes_for_month_10,&,deployment_membership_value_threshold_array_for_month_11,&,running_average_size_minutes_for_month_11,&,deployment_membership_value_threshold_array_for_month_12,&,running_average_size_minutes_for_month_12,&,dNetNorm,&,dMarketBalancePercentage,&,dMarketNetNorm,
results: KMCI,&,0.5,&,61,&,0.5,&,31,&,0.5,&,31,&,0.5,&,91,&,0.5,&,121,&,0.5,&,31,&,0.5,&,1,&,0.5,&,61,&,0.5,&,31,&,0.5,&,121,&,0.5,&,121,&,0.5,&,31,&,0.41196022916811825,&,0.964375343940301,&,0.39728428769372925
monthly visible minutes:KMCI,&,2013,&,8672,&,8672,&,8672,&,8672,&,8655,&,8672,&,5494,&,463,&,6519,&,7111,&,8672,&,8672,&,
monthly visible minutes:KMCI,&,2014,&,8672,&,8672,&,8670,&,8672,&,7916,&,8660,&,8672,&,3984,&,5850,&,7434,&,8672,&,5802,&,
monthly minutes harvester between states:KMCI,&,2013,&,418,&,608,&,608,&,559,&,456,&,646,&,1004,&,38,&,380,&,380,&,494,&,608,&,
monthly minutes harvester between states:KMCI,&,2014,&,570,&,608,&,643,&,545,&,494,&,661,&,418,&,342,&,456,&,494,&,608,&,342,&,
FuzzyVsCrisp: KMCI,1,true,true
station,&,deployment_membership_value_threshold_array_for_month_1,&,running_average_size_minutes_for_month_1,&,deployment_membership_value_threshold_array_for_month_2,&,running_average_size_minutes_for_month_2,&,deployment_membership_value_threshold_array_for_month_3,&,running_average_size_minutes_for_month_3,&,deployment_membership_value_threshold_array_for_month_4,&,running_average_size_minutes_for_month_4,&,deployment_membership_value_threshold_array_for_month_5,&,running_average_size_minutes_for_month_5,&,deployment_membership_value_threshold_array_for_month_6,&,running_average_size_minutes_for_month_6,&,deployment_membership_value_threshold_array_for_month_7,&,running_average_size_minutes_for_month_7,&,deployment_membership_value_threshold_array_for_month_8,&,running_average_size_minutes_for_month_8,&,deployment_membership_value_threshold_array_for_month_9,&,running_average_size_minutes_for_month_9,&,deployment_membership_value_threshold_array_for_month_10,&,running_average_size_minutes_for_month_10,&,deployment_membership_value_threshold_array_for_month_11,&,running_average_size_minutes_for_month_11,&,deployment_membership_value_threshold_array_for_month_12,&,running_average_size_minutes_for_month_12,&,dNetNorm,&,dMarketBalancePercentage,&,dMarketNetNorm,
results: KMCI,&,0.5,&,61,&,0.5,&,31,&,0.5,&,31,&,0.5,&,91,&,0.5,&,121,&,0.5,&,31,&,0.5,&,1,&,0.5,&,61,&,0.5,&,31,&,0.5,&,121,&,0.5,&,121,&,0.5,&,121,&,0.4098428140924092,&,0.9657797709244615,&,0.3958178991092036
monthly visible minutes:KMCI,&,2013,&,8672,&,8672,&,8672,&,8672,&,8655,&,8672,&,5494,&,463,&,6519,&,7111,&,8672,&,8672,&,
monthly visible minutes:KMCI,&,2014,&,8672,&,8672,&,8670,&,8672,&,7916,&,8660,&,8672,&,3984,&,5850,&,7434,&,8672,&,5802,&,
monthly minutes harvester between states:KMCI,&,2013,&,418,&,608,&,608,&,559,&,456,&,646,&,1004,&,38,&,380,&,380,&,494,&,608,&,
monthly minutes harvester between states:KMCI,&,2014,&,570,&,608,&,643,&,545,&,494,&,661,&,418,&,342,&,456,&,494,&,608,&,342,&,
FuzzyVsCrisp: KMCI,1,true,true
Station: KMCO
abc: The current path is /home/guy/retractable-wind
I have found the property file.
The training windspeed filename is /trainingKMCO2004-2012in.csv
The testing windspeed filename is /testingKMCO2013-2014in.csv
Yes, the station is KMCO
Warning: The bAlsoUsePrediction no longer has any effect
iUsedAllItsAllocatedVisibilityMinutesPerMonth: 8760
Visibility Allocation Minutes:8760
HARVESTER_SIZE_SQM is 6362
Reading file
Success: /Wind turbine power curves - wind turbine power output against wind speed in knots.csv found.
Speed (Knots) = Speed(knots) vs power (kW) , Power (kW) =V90
Speed (Knots) = 0 , Power (kW) =0
Speed (Knots) = 1 , Power (kW) =0
Speed (Knots) = 2 , Power (kW) =0
Speed (Knots) = 3 , Power (kW) =0
Speed (Knots) = 4 , Power (kW) =0
Speed (Knots) = 5 , Power (kW) =0
Speed (Knots) = 6 , Power (kW) =0
Speed (Knots) = 7 , Power (kW) =38
Speed (Knots) = 8 , Power (kW) =87
Speed (Knots) = 9 , Power (kW) =141
Speed (Knots) = 10 , Power (kW) =207
Speed (Knots) = 11 , Power (kW) =286
Speed (Knots) = 12 , Power (kW) =382
Speed (Knots) = 13 , Power (kW) =496
Speed (Knots) = 14 , Power (kW) =628
Speed (Knots) = 15 , Power (kW) =781
Speed (Knots) = 16 , Power (kW) =957
Speed (Knots) = 17 , Power (kW) =1153
Speed (Knots) = 18 , Power (kW) =1366
Speed (Knots) = 19 , Power (kW) =1589
Speed (Knots) = 20 , Power (kW) =1814
Speed (Knots) = 21 , Power (kW) =2035
Speed (Knots) = 22 , Power (kW) =2250
Speed (Knots) = 23 , Power (kW) =2452
Speed (Knots) = 24 , Power (kW) =2634
Speed (Knots) = 25 , Power (kW) =2784
Speed (Knots) = 26 , Power (kW) =2888
Speed (Knots) = 27 , Power (kW) =2949
Speed (Knots) = 28 , Power (kW) =2980
Speed (Knots) = 29 , Power (kW) =2993
Speed (Knots) = 30 , Power (kW) =3000
Speed (Knots) = 31 , Power (kW) =3000
Speed (Knots) = 32 , Power (kW) =3000
Speed (Knots) = 33 , Power (kW) =3000
Speed (Knots) = 34 , Power (kW) =3000
Speed (Knots) = 35 , Power (kW) =3000
Speed (Knots) = 36 , Power (kW) =3000
Speed (Knots) = 37 , Power (kW) =3000
Speed (Knots) = 38 , Power (kW) =3000
Speed (Knots) = 39 , Power (kW) =3000
Speed (Knots) = 40 , Power (kW) =3000
Speed (Knots) = 41 , Power (kW) =3000
Speed (Knots) = 42 , Power (kW) =3000
Speed (Knots) = 43 , Power (kW) =3000
Speed (Knots) = 44 , Power (kW) =3000
Speed (Knots) = 45 , Power (kW) =3000
Speed (Knots) = 46 , Power (kW) =3000
Speed (Knots) = 47 , Power (kW) =3000
Speed (Knots) = 48 , Power (kW) =3000
Speed (Knots) = 49 , Power (kW) =0
Speed (Knots) = 50 , Power (kW) =0
Speed (Knots) = 51 , Power (kW) =0
Speed (Knots) = 52 , Power (kW) =0
Speed (Knots) = 53 , Power (kW) =0
Speed (Knots) = 54 , Power (kW) =0
Speed (Knots) = 55 , Power (kW) =0
Speed (Knots) = 56 , Power (kW) =0
Speed (Knots) = 57 , Power (kW) =0
Speed (Knots) = 58 , Power (kW) =0
Speed (Knots) = 59 , Power (kW) =0
Speed (Knots) = 60 , Power (kW) =0
The scale is 1.0
Wind power at 10 knots in kilowatts is 207.0
Wind power in-cut-out test 0.0
Fuzzy
Class name:edu.pitt.cs.people.guy.wind.benchmarks.Fuzzy5
Success: /Noise_Allowed_Time_Definitions_All_Stations.csv found.
The station is the record is KMCO
Success: /Noise_Allowed_Time_Definitions_All_Stations.csv found.
The station is the record is KMCO
I have found the membership file for NOT WINDY.
Windspeed (knots) [0,1), Membership Value =1.00000000,1.0
Windspeed (knots) [1,2), Membership Value =0.99991557,0.99991554
Windspeed (knots) [2,3), Membership Value =0.99877776,0.99877775
Windspeed (knots) [3,4), Membership Value =0.99366158,0.9936616
Windspeed (knots) [4,5), Membership Value =0.98013438,0.98013437
Windspeed (knots) [5,6), Membership Value =0.95466408,0.95466405
Windspeed (knots) [6,7), Membership Value =0.91365205,0.91365206
Windspeed (knots) [7,8), Membership Value =0.85799935,0.8579993
Windspeed (knots) [8,9), Membership Value =0.78919330,0.7891933
Windspeed (knots) [9,10), Membership Value =0.70626895,0.70626897
Windspeed (knots) [10,11), Membership Value =0.61206291,0.61206293
Windspeed (knots) [11,12), Membership Value =0.50791684,0.50791687
Windspeed (knots) [12,13), Membership Value =0.39947380,0.3994738
Windspeed (knots) [13,14), Membership Value =0.29446937,0.29446936
Windspeed (knots) [14,15), Membership Value =0.19709812,0.19709812
Windspeed (knots) [15,16), Membership Value =0.11167400,0.111674
Windspeed (knots) [16,17), Membership Value =0.03908221,0.03908221
Windspeed (knots) [17,18), Membership Value =0.00000000,0.0
Windspeed (knots) [18,19), Membership Value =0.00000000,0.0
Windspeed (knots) [19,20), Membership Value =0.00000000,0.0
Windspeed (knots) [20,21), Membership Value =0.00000000,0.0
Windspeed (knots) [21,22), Membership Value =0.00000000,0.0
Windspeed (knots) [22,23), Membership Value =0.00000000,0.0
Windspeed (knots) [23,24), Membership Value =0.00000000,0.0
Windspeed (knots) [24,25), Membership Value =0.00000000,0.0
Windspeed (knots) [25,26), Membership Value =0.00000000,0.0
Windspeed (knots) [26,27), Membership Value =0.00000000,0.0
Windspeed (knots) [27,28), Membership Value =0.00000000,0.0
Windspeed (knots) [28,29), Membership Value =0.00000000,0.0
Windspeed (knots) [29,30), Membership Value =0.00000000,0.0
Windspeed (knots) [30,31), Membership Value =0.00000000,0.0
Windspeed (knots) [31,32), Membership Value =0.00000000,0.0
Windspeed (knots) [32,33), Membership Value =0.00000000,0.0
Windspeed (knots) [33,34), Membership Value =0.00000000,0.0
Windspeed (knots) [34,35), Membership Value =0.00000000,0.0
Windspeed (knots) [35,36), Membership Value =0.00000000,0.0
Windspeed (knots) [36,37), Membership Value =0.00000000,0.0
Windspeed (knots) [37,38), Membership Value =0.00000000,0.0
Windspeed (knots) [38,39), Membership Value =0.00000000,0.0
Windspeed (knots) [39,40), Membership Value =0.00000000,0.0
Windspeed (knots) [40,41), Membership Value =0.00000000,0.0
Windspeed (knots) [41,42), Membership Value =0.00000000,0.0
Windspeed (knots) [42,43), Membership Value =0.00000000,0.0
Windspeed (knots) [43,44), Membership Value =0.00000000,0.0
Windspeed (knots) [44,45), Membership Value =0.00000000,0.0
Windspeed (knots) [45,46), Membership Value =0.00000000,0.0
Windspeed (knots) [46,47), Membership Value =0.00000000,0.0
Windspeed (knots) [47,48), Membership Value =0.00000000,0.0
Windspeed (knots) [48,49), Membership Value =0.00000000,0.0
Windspeed (knots) [49,50), Membership Value =0.00000000,0.0
Windspeed (knots) [50,51), Membership Value =0.00000000,0.0
Windspeed (knots) [51,52), Membership Value =0.00000000,0.0
Windspeed (knots) [52,53), Membership Value =0.00000000,0.0
Windspeed (knots) [53,54), Membership Value =0.00000000,0.0
Windspeed (knots) [54,55), Membership Value =0.00000000,0.0
Windspeed (knots) [55,56), Membership Value =0.00000000,0.0
Windspeed (knots) [56,57), Membership Value =0.00000000,0.0
Windspeed (knots) [57,58), Membership Value =0.00000000,0.0
Windspeed (knots) [58,59), Membership Value =0.00000000,0.0
Windspeed (knots) [59,60), Membership Value =0.00000000,0.0
Windspeed (knots) [60,61), Membership Value =0.00000000,0.0
Windspeed (knots) [61,62), Membership Value =0.00000000,0.0
Windspeed (knots) [62,63), Membership Value =0.00000000,0.0
Windspeed (knots) [63,64), Membership Value =0.00000000,0.0
Windspeed (knots) [64,65), Membership Value =0.00000000,0.0
Windspeed (knots) [65,66), Membership Value =0.00000000,0.0
Windspeed (knots) [66,67), Membership Value =0.00000000,0.0
Windspeed (knots) [67,68), Membership Value =0.00000000,0.0
Windspeed (knots) [68,69), Membership Value =0.00000000,0.0
Windspeed (knots) [69,70), Membership Value =0.00000000,0.0
Windspeed (knots) [70,71), Membership Value =0.00000000,0.0
Windspeed (knots) [71,72), Membership Value =0.00000000,0.0
Windspeed (knots) [72,73), Membership Value =0.00000000,0.0
Windspeed (knots) [73,74), Membership Value =0.00000000,0.0
Windspeed (knots) [74,75), Membership Value =0.00000000,0.0
Windspeed (knots) [75,76), Membership Value =0.00000000,0.0
Windspeed (knots) [76,77), Membership Value =0.00000000,0.0
Windspeed (knots) [77,78), Membership Value =0.00000000,0.0
Windspeed (knots) [78,79), Membership Value =0.00000000,0.0
Windspeed (knots) [79,80), Membership Value =0.00000000,0.0
Windspeed (knots) [80,81), Membership Value =0.00000000,0.0
Windspeed (knots) [81,82), Membership Value =0.00000000,0.0
Windspeed (knots) [82,83), Membership Value =0.00000000,0.0
Windspeed (knots) [83,84), Membership Value =0.00000000,0.0
Windspeed (knots) [84,85), Membership Value =0.00000000,0.0
Windspeed (knots) [85,86), Membership Value =0.00000000,0.0
Windspeed (knots) [86,87), Membership Value =0.00000000,0.0
Windspeed (knots) [87,88), Membership Value =0.00000000,0.0
Windspeed (knots) [88,89), Membership Value =0.00000000,0.0
Windspeed (knots) [89,90), Membership Value =0.00000000,0.0
Windspeed (knots) [90,91), Membership Value =0.00000000,0.0
Windspeed (knots) [91,92), Membership Value =0.00000000,0.0
Windspeed (knots) [92,93), Membership Value =0.00000000,0.0
Windspeed (knots) [93,94), Membership Value =0.00000000,0.0
Windspeed (knots) [94,95), Membership Value =0.00000000,0.0
Windspeed (knots) [95,96), Membership Value =0.00000000,0.0
Windspeed (knots) [96,97), Membership Value =0.00000000,0.0
Windspeed (knots) [97,98), Membership Value =0.00000000,0.0
Windspeed (knots) [98,99), Membership Value =0.00000000,0.0
Windspeed (knots) [99,100), Membership Value =0.00000000,0.0
Windspeed (knots) [100,101), Membership Value =0.00000000,0.0
Windspeed (knots) [101,102), Membership Value =0.00000000,0.0
Windspeed (knots) [102,103), Membership Value =0.00000000,0.0
Windspeed (knots) [103,104), Membership Value =0.00000000,0.0
Windspeed (knots) [104,105), Membership Value =0.00000000,0.0
Windspeed (knots) [105,106), Membership Value =0.00000000,0.0
Windspeed (knots) [106,107), Membership Value =0.00000000,0.0
Windspeed (knots) [107,108), Membership Value =0.00000000,0.0
Windspeed (knots) [108,109), Membership Value =0.00000000,0.0
Windspeed (knots) [109,110), Membership Value =0.00000000,0.0
Windspeed (knots) [110,111), Membership Value =0.00000000,0.0
Windspeed (knots) [111,112), Membership Value =0.00000000,0.0
Windspeed (knots) [112,113), Membership Value =0.00000000,0.0
Windspeed (knots) [113,114), Membership Value =0.00000000,0.0
Windspeed (knots) [114,115), Membership Value =0.00000000,0.0
Windspeed (knots) [115,116), Membership Value =0.00000000,0.0
Windspeed (knots) [116,117), Membership Value =0.00000000,0.0
Windspeed (knots) [117,118), Membership Value =0.00000000,0.0
Windspeed (knots) [118,119), Membership Value =0.00000000,0.0
Windspeed (knots) [119,120), Membership Value =0.00000000,0.0
Windspeed (knots) [120,121), Membership Value =0.00000000,0.0
Windspeed (knots) [121,122), Membership Value =0.00000000,0.0
Windspeed (knots) [122,123), Membership Value =0.00000000,0.0
Windspeed (knots) [123,124), Membership Value =0.00000000,0.0
Windspeed (knots) [124,125), Membership Value =0.00000000,0.0
LowestWindspeedThatIsWindyKnots for station KMCO is 7 knots.
Transition limited :false
bUseWeatherPrediction: false
The running average is 1
The membership_value_deployment_threshold is 0.5
Energy harvested: 4946917.284440059
iGeneratingEnergyWhenGridNeedsEnergyMinutes =703662
iGeneratingEnergyWhenGridNeedsEnergyMinutes =703662
iUsingEnergyWhenGridNeedsEnergyMinutes =53473
iGeneratingEnergyWhenGridHasExcessEnergyMinutes = 510
iUsingEnergyWhenGridHasExcessEnergyMinutes = 85
iIdleWhenGridDoesNotNeedEnergyMinutes = 45485
iIdleWhenGridNeedsEnergyMinutes = 3931264
iEnergyPriceIsZeroMinutes = 240
harvester.getEnergyHarvestedAVAILABLEKilowattHours( ): 1.0062656633333333E7
harvester.getEnergyHarvestedKilowattHours(): 4946917.284440059
The running average is 31
The membership_value_deployment_threshold is 0.5
Energy harvested: 4493287.284163712
iGeneratingEnergyWhenGridNeedsEnergyMinutes =563416
iGeneratingEnergyWhenGridNeedsEnergyMinutes =563416
iUsingEnergyWhenGridNeedsEnergyMinutes =24091
iGeneratingEnergyWhenGridHasExcessEnergyMinutes = 703
iUsingEnergyWhenGridHasExcessEnergyMinutes = 12
iIdleWhenGridDoesNotNeedEnergyMinutes = 45365
iIdleWhenGridNeedsEnergyMinutes = 4100892
iEnergyPriceIsZeroMinutes = 240
harvester.getEnergyHarvestedAVAILABLEKilowattHours( ): 1.0062656633333333E7
harvester.getEnergyHarvestedKilowattHours(): 4493287.284163712
The running average is 61
The membership_value_deployment_threshold is 0.5
Energy harvested: 4196426.993053217
iGeneratingEnergyWhenGridNeedsEnergyMinutes =508829
iGeneratingEnergyWhenGridNeedsEnergyMinutes =508829
iUsingEnergyWhenGridNeedsEnergyMinutes =19517
iGeneratingEnergyWhenGridHasExcessEnergyMinutes = 1057
iUsingEnergyWhenGridHasExcessEnergyMinutes = 0
iIdleWhenGridDoesNotNeedEnergyMinutes = 45023
iIdleWhenGridNeedsEnergyMinutes = 4160053
iEnergyPriceIsZeroMinutes = 240
harvester.getEnergyHarvestedAVAILABLEKilowattHours( ): 1.0062656633333333E7
harvester.getEnergyHarvestedKilowattHours(): 4196426.993053217
The running average is 91
The membership_value_deployment_threshold is 0.5
Energy harvested: 3943362.0436094054
iGeneratingEnergyWhenGridNeedsEnergyMinutes =466160
iGeneratingEnergyWhenGridNeedsEnergyMinutes =466160
iUsingEnergyWhenGridNeedsEnergyMinutes =16365
iGeneratingEnergyWhenGridHasExcessEnergyMinutes = 994
iUsingEnergyWhenGridHasExcessEnergyMinutes = 7
iIdleWhenGridDoesNotNeedEnergyMinutes = 45079
iIdleWhenGridNeedsEnergyMinutes = 4205874
iEnergyPriceIsZeroMinutes = 240
harvester.getEnergyHarvestedAVAILABLEKilowattHours( ): 1.0062656633333333E7
harvester.getEnergyHarvestedKilowattHours(): 3943362.0436094054
The running average is 121
The membership_value_deployment_threshold is 0.5
Energy harvested: 3708415.285554222
iGeneratingEnergyWhenGridNeedsEnergyMinutes =427019
iGeneratingEnergyWhenGridNeedsEnergyMinutes =427019
iUsingEnergyWhenGridNeedsEnergyMinutes =13664
iGeneratingEnergyWhenGridHasExcessEnergyMinutes = 735
iUsingEnergyWhenGridHasExcessEnergyMinutes = 10
iIdleWhenGridDoesNotNeedEnergyMinutes = 45335
iIdleWhenGridNeedsEnergyMinutes = 4247716
iEnergyPriceIsZeroMinutes = 240
harvester.getEnergyHarvestedAVAILABLEKilowattHours( ): 1.0062656633333333E7
harvester.getEnergyHarvestedKilowattHours(): 3708415.285554222
Beginning testing mode:
station,&,deployment_membership_value_threshold_array_for_month_1,&,running_average_size_minutes_for_month_1,&,deployment_membership_value_threshold_array_for_month_2,&,running_average_size_minutes_for_month_2,&,deployment_membership_value_threshold_array_for_month_3,&,running_average_size_minutes_for_month_3,&,deployment_membership_value_threshold_array_for_month_4,&,running_average_size_minutes_for_month_4,&,deployment_membership_value_threshold_array_for_month_5,&,running_average_size_minutes_for_month_5,&,deployment_membership_value_threshold_array_for_month_6,&,running_average_size_minutes_for_month_6,&,deployment_membership_value_threshold_array_for_month_7,&,running_average_size_minutes_for_month_7,&,deployment_membership_value_threshold_array_for_month_8,&,running_average_size_minutes_for_month_8,&,deployment_membership_value_threshold_array_for_month_9,&,running_average_size_minutes_for_month_9,&,deployment_membership_value_threshold_array_for_month_10,&,running_average_size_minutes_for_month_10,&,deployment_membership_value_threshold_array_for_month_11,&,running_average_size_minutes_for_month_11,&,deployment_membership_value_threshold_array_for_month_12,&,running_average_size_minutes_for_month_12,&,dNetNorm,&,dMarketBalancePercentage,&,dMarketNetNorm,
results: KMCO,&,0.5,&,31,&,0.5,&,1,&,0.5,&,31,&,0.5,&,121,&,0.5,&,31,&,0.5,&,1,&,0.5,&,1,&,0.5,&,1,&,0.5,&,61,&,0.5,&,1,&,0.5,&,1,&,0.5,&,31,&,0.4551460785486674,&,0.9229430512454919,&,0.4200739104981274
monthly visible minutes:KMCO,&,2013,&,5178,&,2444,&,8194,&,8429,&,7442,&,8672,&,8672,&,8672,&,5507,&,8660,&,8672,&,4675,&,
monthly visible minutes:KMCO,&,2014,&,8272,&,8672,&,8395,&,6956,&,8653,&,6693,&,5551,&,6705,&,2842,&,8672,&,8672,&,5799,&,
monthly minutes harvester between states:KMCO,&,2013,&,342,&,716,&,608,&,646,&,760,&,1307,&,1071,&,1713,&,608,&,1245,&,752,&,380,&,
monthly minutes harvester between states:KMCO,&,2014,&,570,&,903,&,798,&,570,&,722,&,1597,&,1476,&,1304,&,494,&,969,&,625,&,494,&,
FuzzyVsCrisp: KMCO,1,true,true
station,&,deployment_membership_value_threshold_array_for_month_1,&,running_average_size_minutes_for_month_1,&,deployment_membership_value_threshold_array_for_month_2,&,running_average_size_minutes_for_month_2,&,deployment_membership_value_threshold_array_for_month_3,&,running_average_size_minutes_for_month_3,&,deployment_membership_value_threshold_array_for_month_4,&,running_average_size_minutes_for_month_4,&,deployment_membership_value_threshold_array_for_month_5,&,running_average_size_minutes_for_month_5,&,deployment_membership_value_threshold_array_for_month_6,&,running_average_size_minutes_for_month_6,&,deployment_membership_value_threshold_array_for_month_7,&,running_average_size_minutes_for_month_7,&,deployment_membership_value_threshold_array_for_month_8,&,running_average_size_minutes_for_month_8,&,deployment_membership_value_threshold_array_for_month_9,&,running_average_size_minutes_for_month_9,&,deployment_membership_value_threshold_array_for_month_10,&,running_average_size_minutes_for_month_10,&,deployment_membership_value_threshold_array_for_month_11,&,running_average_size_minutes_for_month_11,&,deployment_membership_value_threshold_array_for_month_12,&,running_average_size_minutes_for_month_12,&,dNetNorm,&,dMarketBalancePercentage,&,dMarketNetNorm,
results: KMCO,&,0.5,&,31,&,0.5,&,1,&,0.5,&,31,&,0.5,&,121,&,0.5,&,31,&,0.5,&,1,&,0.5,&,1,&,0.5,&,1,&,0.5,&,61,&,0.5,&,1,&,0.5,&,31,&,0.5,&,31,&,0.46650007316858055,&,0.9258516616943038,&,0.4319098679236446
monthly visible minutes:KMCO,&,2013,&,5178,&,2444,&,8194,&,8429,&,7442,&,8672,&,8672,&,8672,&,5507,&,8660,&,8672,&,4675,&,
monthly visible minutes:KMCO,&,2014,&,8272,&,8672,&,8395,&,6956,&,8653,&,6693,&,5551,&,6705,&,2842,&,8672,&,8672,&,5799,&,
monthly minutes harvester between states:KMCO,&,2013,&,342,&,716,&,608,&,646,&,760,&,1307,&,1071,&,1713,&,608,&,1245,&,752,&,380,&,
monthly minutes harvester between states:KMCO,&,2014,&,570,&,903,&,798,&,570,&,722,&,1597,&,1476,&,1304,&,494,&,969,&,625,&,494,&,
FuzzyVsCrisp: KMCO,1,true,true
Station: KMSP
abc: The current path is /home/guy/retractable-wind
I have found the property file.
The training windspeed filename is /trainingKMSP2004-2012in.csv
The testing windspeed filename is /testingKMSP2013-2014in.csv
Yes, the station is KMSP
Warning: The bAlsoUsePrediction no longer has any effect
iUsedAllItsAllocatedVisibilityMinutesPerMonth: 8760
Visibility Allocation Minutes:8760
HARVESTER_SIZE_SQM is 6362
Reading file
Success: /Wind turbine power curves - wind turbine power output against wind speed in knots.csv found.
Speed (Knots) = Speed(knots) vs power (kW) , Power (kW) =V90
Speed (Knots) = 0 , Power (kW) =0
Speed (Knots) = 1 , Power (kW) =0
Speed (Knots) = 2 , Power (kW) =0
Speed (Knots) = 3 , Power (kW) =0
Speed (Knots) = 4 , Power (kW) =0
Speed (Knots) = 5 , Power (kW) =0
Speed (Knots) = 6 , Power (kW) =0
Speed (Knots) = 7 , Power (kW) =38
Speed (Knots) = 8 , Power (kW) =87
Speed (Knots) = 9 , Power (kW) =141
Speed (Knots) = 10 , Power (kW) =207
Speed (Knots) = 11 , Power (kW) =286
Speed (Knots) = 12 , Power (kW) =382
Speed (Knots) = 13 , Power (kW) =496
Speed (Knots) = 14 , Power (kW) =628
Speed (Knots) = 15 , Power (kW) =781
Speed (Knots) = 16 , Power (kW) =957
Speed (Knots) = 17 , Power (kW) =1153
Speed (Knots) = 18 , Power (kW) =1366
Speed (Knots) = 19 , Power (kW) =1589
Speed (Knots) = 20 , Power (kW) =1814
Speed (Knots) = 21 , Power (kW) =2035
Speed (Knots) = 22 , Power (kW) =2250
Speed (Knots) = 23 , Power (kW) =2452
Speed (Knots) = 24 , Power (kW) =2634
Speed (Knots) = 25 , Power (kW) =2784
Speed (Knots) = 26 , Power (kW) =2888
Speed (Knots) = 27 , Power (kW) =2949
Speed (Knots) = 28 , Power (kW) =2980
Speed (Knots) = 29 , Power (kW) =2993
Speed (Knots) = 30 , Power (kW) =3000
Speed (Knots) = 31 , Power (kW) =3000
Speed (Knots) = 32 , Power (kW) =3000
Speed (Knots) = 33 , Power (kW) =3000
Speed (Knots) = 34 , Power (kW) =3000
Speed (Knots) = 35 , Power (kW) =3000
Speed (Knots) = 36 , Power (kW) =3000
Speed (Knots) = 37 , Power (kW) =3000
Speed (Knots) = 38 , Power (kW) =3000
Speed (Knots) = 39 , Power (kW) =3000
Speed (Knots) = 40 , Power (kW) =3000
Speed (Knots) = 41 , Power (kW) =3000
Speed (Knots) = 42 , Power (kW) =3000
Speed (Knots) = 43 , Power (kW) =3000
Speed (Knots) = 44 , Power (kW) =3000
Speed (Knots) = 45 , Power (kW) =3000
Speed (Knots) = 46 , Power (kW) =3000
Speed (Knots) = 47 , Power (kW) =3000
Speed (Knots) = 48 , Power (kW) =3000
Speed (Knots) = 49 , Power (kW) =0
Speed (Knots) = 50 , Power (kW) =0
Speed (Knots) = 51 , Power (kW) =0
Speed (Knots) = 52 , Power (kW) =0
Speed (Knots) = 53 , Power (kW) =0
Speed (Knots) = 54 , Power (kW) =0
Speed (Knots) = 55 , Power (kW) =0
Speed (Knots) = 56 , Power (kW) =0
Speed (Knots) = 57 , Power (kW) =0
Speed (Knots) = 58 , Power (kW) =0
Speed (Knots) = 59 , Power (kW) =0
Speed (Knots) = 60 , Power (kW) =0
The scale is 1.0
Wind power at 10 knots in kilowatts is 207.0
Wind power in-cut-out test 0.0
Fuzzy
Class name:edu.pitt.cs.people.guy.wind.benchmarks.Fuzzy5
Success: /Noise_Allowed_Time_Definitions_All_Stations.csv found.
The station is the record is KMSP
Success: /Noise_Allowed_Time_Definitions_All_Stations.csv found.
The station is the record is KMSP
I have found the membership file for NOT WINDY.
Windspeed (knots) [0,1), Membership Value =1.00000000,1.0
Windspeed (knots) [1,2), Membership Value =0.99996261,0.9999626
Windspeed (knots) [2,3), Membership Value =0.99943432,0.9994343
Windspeed (knots) [3,4), Membership Value =0.99690141,0.9969014
Windspeed (knots) [4,5), Membership Value =0.98964388,0.9896439
Windspeed (knots) [5,6), Membership Value =0.97415422,0.97415423
Windspeed (knots) [6,7), Membership Value =0.94700907,0.9470091
Windspeed (knots) [7,8), Membership Value =0.90469875,0.9046987
Windspeed (knots) [8,9), Membership Value =0.84617782,0.8461778
Windspeed (knots) [9,10), Membership Value =0.77179805,0.7717981
Windspeed (knots) [10,11), Membership Value =0.68340598,0.683406
Windspeed (knots) [11,12), Membership Value =0.58175701,0.581757
Windspeed (knots) [12,13), Membership Value =0.47518733,0.47518733
Windspeed (knots) [13,14), Membership Value =0.37199182,0.3719918
Windspeed (knots) [14,15), Membership Value =0.27014333,0.27014333
Windspeed (knots) [15,16), Membership Value =0.17485441,0.17485441
Windspeed (knots) [16,17), Membership Value =0.08835086,0.08835086
Windspeed (knots) [17,18), Membership Value =0.01405258,0.01405258
Windspeed (knots) [18,19), Membership Value =0.00000000,0.0
Windspeed (knots) [19,20), Membership Value =0.00000000,0.0
Windspeed (knots) [20,21), Membership Value =0.00000000,0.0
Windspeed (knots) [21,22), Membership Value =0.00000000,0.0
Windspeed (knots) [22,23), Membership Value =0.00000000,0.0
Windspeed (knots) [23,24), Membership Value =0.00000000,0.0
Windspeed (knots) [24,25), Membership Value =0.00000000,0.0
Windspeed (knots) [25,26), Membership Value =0.00000000,0.0
Windspeed (knots) [26,27), Membership Value =0.00000000,0.0
Windspeed (knots) [27,28), Membership Value =0.00000000,0.0
Windspeed (knots) [28,29), Membership Value =0.00000000,0.0
Windspeed (knots) [29,30), Membership Value =0.00000000,0.0
Windspeed (knots) [30,31), Membership Value =0.00000000,0.0
Windspeed (knots) [31,32), Membership Value =0.00000000,0.0
Windspeed (knots) [32,33), Membership Value =0.00000000,0.0
Windspeed (knots) [33,34), Membership Value =0.00000000,0.0
Windspeed (knots) [34,35), Membership Value =0.00000000,0.0
Windspeed (knots) [35,36), Membership Value =0.00000000,0.0
Windspeed (knots) [36,37), Membership Value =0.00000000,0.0
Windspeed (knots) [37,38), Membership Value =0.00000000,0.0
Windspeed (knots) [38,39), Membership Value =0.00000000,0.0
Windspeed (knots) [39,40), Membership Value =0.00000000,0.0
Windspeed (knots) [40,41), Membership Value =0.00000000,0.0
Windspeed (knots) [41,42), Membership Value =0.00000000,0.0
Windspeed (knots) [42,43), Membership Value =0.00000000,0.0
Windspeed (knots) [43,44), Membership Value =0.00000000,0.0
Windspeed (knots) [44,45), Membership Value =0.00000000,0.0
Windspeed (knots) [45,46), Membership Value =0.00000000,0.0
Windspeed (knots) [46,47), Membership Value =0.00000000,0.0
Windspeed (knots) [47,48), Membership Value =0.00000000,0.0
Windspeed (knots) [48,49), Membership Value =0.00000000,0.0
Windspeed (knots) [49,50), Membership Value =0.00000000,0.0
Windspeed (knots) [50,51), Membership Value =0.00000000,0.0
Windspeed (knots) [51,52), Membership Value =0.00000000,0.0
Windspeed (knots) [52,53), Membership Value =0.00000000,0.0
Windspeed (knots) [53,54), Membership Value =0.00000000,0.0
Windspeed (knots) [54,55), Membership Value =0.00000000,0.0
Windspeed (knots) [55,56), Membership Value =0.00000000,0.0
Windspeed (knots) [56,57), Membership Value =0.00000000,0.0
Windspeed (knots) [57,58), Membership Value =0.00000000,0.0
Windspeed (knots) [58,59), Membership Value =0.00000000,0.0
Windspeed (knots) [59,60), Membership Value =0.00000000,0.0
Windspeed (knots) [60,61), Membership Value =0.00000000,0.0
Windspeed (knots) [61,62), Membership Value =0.00000000,0.0
Windspeed (knots) [62,63), Membership Value =0.00000000,0.0
Windspeed (knots) [63,64), Membership Value =0.00000000,0.0
Windspeed (knots) [64,65), Membership Value =0.00000000,0.0
Windspeed (knots) [65,66), Membership Value =0.00000000,0.0
Windspeed (knots) [66,67), Membership Value =0.00000000,0.0
Windspeed (knots) [67,68), Membership Value =0.00000000,0.0
Windspeed (knots) [68,69), Membership Value =0.00000000,0.0
Windspeed (knots) [69,70), Membership Value =0.00000000,0.0
Windspeed (knots) [70,71), Membership Value =0.00000000,0.0
Windspeed (knots) [71,72), Membership Value =0.00000000,0.0
Windspeed (knots) [72,73), Membership Value =0.00000000,0.0
Windspeed (knots) [73,74), Membership Value =0.00000000,0.0
Windspeed (knots) [74,75), Membership Value =0.00000000,0.0
Windspeed (knots) [75,76), Membership Value =0.00000000,0.0
Windspeed (knots) [76,77), Membership Value =0.00000000,0.0
Windspeed (knots) [77,78), Membership Value =0.00000000,0.0
Windspeed (knots) [78,79), Membership Value =0.00000000,0.0
Windspeed (knots) [79,80), Membership Value =0.00000000,0.0
Windspeed (knots) [80,81), Membership Value =0.00000000,0.0
Windspeed (knots) [81,82), Membership Value =0.00000000,0.0
Windspeed (knots) [82,83), Membership Value =0.00000000,0.0
Windspeed (knots) [83,84), Membership Value =0.00000000,0.0
Windspeed (knots) [84,85), Membership Value =0.00000000,0.0
Windspeed (knots) [85,86), Membership Value =0.00000000,0.0
Windspeed (knots) [86,87), Membership Value =0.00000000,0.0
Windspeed (knots) [87,88), Membership Value =0.00000000,0.0
Windspeed (knots) [88,89), Membership Value =0.00000000,0.0
Windspeed (knots) [89,90), Membership Value =0.00000000,0.0
Windspeed (knots) [90,91), Membership Value =0.00000000,0.0
Windspeed (knots) [91,92), Membership Value =0.00000000,0.0
Windspeed (knots) [92,93), Membership Value =0.00000000,0.0
Windspeed (knots) [93,94), Membership Value =0.00000000,0.0
Windspeed (knots) [94,95), Membership Value =0.00000000,0.0
Windspeed (knots) [95,96), Membership Value =0.00000000,0.0
Windspeed (knots) [96,97), Membership Value =0.00000000,0.0
Windspeed (knots) [97,98), Membership Value =0.00000000,0.0
Windspeed (knots) [98,99), Membership Value =0.00000000,0.0
Windspeed (knots) [99,100), Membership Value =0.00000000,0.0
Windspeed (knots) [100,101), Membership Value =0.00000000,0.0
Windspeed (knots) [101,102), Membership Value =0.00000000,0.0
Windspeed (knots) [102,103), Membership Value =0.00000000,0.0
Windspeed (knots) [103,104), Membership Value =0.00000000,0.0
Windspeed (knots) [104,105), Membership Value =0.00000000,0.0
Windspeed (knots) [105,106), Membership Value =0.00000000,0.0
Windspeed (knots) [106,107), Membership Value =0.00000000,0.0
Windspeed (knots) [107,108), Membership Value =0.00000000,0.0
Windspeed (knots) [108,109), Membership Value =0.00000000,0.0
Windspeed (knots) [109,110), Membership Value =0.00000000,0.0
Windspeed (knots) [110,111), Membership Value =0.00000000,0.0
Windspeed (knots) [111,112), Membership Value =0.00000000,0.0
Windspeed (knots) [112,113), Membership Value =0.00000000,0.0
Windspeed (knots) [113,114), Membership Value =0.00000000,0.0
Windspeed (knots) [114,115), Membership Value =0.00000000,0.0
Windspeed (knots) [115,116), Membership Value =0.00000000,0.0
Windspeed (knots) [116,117), Membership Value =0.00000000,0.0
Windspeed (knots) [117,118), Membership Value =0.00000000,0.0
Windspeed (knots) [118,119), Membership Value =0.00000000,0.0
Windspeed (knots) [119,120), Membership Value =0.00000000,0.0
Windspeed (knots) [120,121), Membership Value =0.00000000,0.0
Windspeed (knots) [121,122), Membership Value =0.00000000,0.0
Windspeed (knots) [122,123), Membership Value =0.00000000,0.0
Windspeed (knots) [123,124), Membership Value =0.00000000,0.0
Windspeed (knots) [124,125), Membership Value =0.00000000,0.0
LowestWindspeedThatIsWindyKnots for station KMSP is 8 knots.
Transition limited :false
bUseWeatherPrediction: false
The running average is 1
The membership_value_deployment_threshold is 0.5
Energy harvested: 5500360.865275439
iGeneratingEnergyWhenGridNeedsEnergyMinutes =587074
iGeneratingEnergyWhenGridNeedsEnergyMinutes =587074
iUsingEnergyWhenGridNeedsEnergyMinutes =50516
iGeneratingEnergyWhenGridHasExcessEnergyMinutes = 739
iUsingEnergyWhenGridHasExcessEnergyMinutes = 143
iIdleWhenGridDoesNotNeedEnergyMinutes = 45198
iIdleWhenGridNeedsEnergyMinutes = 4049636
iEnergyPriceIsZeroMinutes = 240
harvester.getEnergyHarvestedAVAILABLEKilowattHours( ): 1.5343929966666667E7
harvester.getEnergyHarvestedKilowattHours(): 5500360.865275439
The running average is 31
The membership_value_deployment_threshold is 0.5
Energy harvested: 4910328.209165159
iGeneratingEnergyWhenGridNeedsEnergyMinutes =457659
iGeneratingEnergyWhenGridNeedsEnergyMinutes =457659
iUsingEnergyWhenGridNeedsEnergyMinutes =17577
iGeneratingEnergyWhenGridHasExcessEnergyMinutes = 480
iUsingEnergyWhenGridHasExcessEnergyMinutes = 0
iIdleWhenGridDoesNotNeedEnergyMinutes = 45600
iIdleWhenGridNeedsEnergyMinutes = 4211990
iEnergyPriceIsZeroMinutes = 240
harvester.getEnergyHarvestedAVAILABLEKilowattHours( ): 1.5343929966666667E7
harvester.getEnergyHarvestedKilowattHours(): 4910328.209165159
The running average is 61
The membership_value_deployment_threshold is 0.5
Energy harvested: 4644380.267498636
iGeneratingEnergyWhenGridNeedsEnergyMinutes =412871
iGeneratingEnergyWhenGridNeedsEnergyMinutes =412871
iUsingEnergyWhenGridNeedsEnergyMinutes =14149
iGeneratingEnergyWhenGridHasExcessEnergyMinutes = 515
iUsingEnergyWhenGridHasExcessEnergyMinutes = 15
iIdleWhenGridDoesNotNeedEnergyMinutes = 45550
iIdleWhenGridNeedsEnergyMinutes = 4260206
iEnergyPriceIsZeroMinutes = 240
harvester.getEnergyHarvestedAVAILABLEKilowattHours( ): 1.5343929966666667E7
harvester.getEnergyHarvestedKilowattHours(): 4644380.267498636
The running average is 91
The membership_value_deployment_threshold is 0.5
Energy harvested: 4472039.284443085
iGeneratingEnergyWhenGridNeedsEnergyMinutes =387390
iGeneratingEnergyWhenGridNeedsEnergyMinutes =387390
iUsingEnergyWhenGridNeedsEnergyMinutes =12292
iGeneratingEnergyWhenGridHasExcessEnergyMinutes = 492
iUsingEnergyWhenGridHasExcessEnergyMinutes = 13
iIdleWhenGridDoesNotNeedEnergyMinutes = 45575
iIdleWhenGridNeedsEnergyMinutes = 4287544
iEnergyPriceIsZeroMinutes = 240
harvester.getEnergyHarvestedAVAILABLEKilowattHours( ): 1.5343929966666667E7
harvester.getEnergyHarvestedKilowattHours(): 4472039.284443085
The running average is 121
The membership_value_deployment_threshold is 0.5
Energy harvested: 4312010.684998785
iGeneratingEnergyWhenGridNeedsEnergyMinutes =366182
iGeneratingEnergyWhenGridNeedsEnergyMinutes =366182
iUsingEnergyWhenGridNeedsEnergyMinutes =11204
iGeneratingEnergyWhenGridHasExcessEnergyMinutes = 484
iUsingEnergyWhenGridHasExcessEnergyMinutes = 16
iIdleWhenGridDoesNotNeedEnergyMinutes = 45580
iIdleWhenGridNeedsEnergyMinutes = 4309840
iEnergyPriceIsZeroMinutes = 240
harvester.getEnergyHarvestedAVAILABLEKilowattHours( ): 1.5343929966666667E7
harvester.getEnergyHarvestedKilowattHours(): 4312010.684998785
Beginning testing mode:
station,&,deployment_membership_value_threshold_array_for_month_1,&,running_average_size_minutes_for_month_1,&,deployment_membership_value_threshold_array_for_month_2,&,running_average_size_minutes_for_month_2,&,deployment_membership_value_threshold_array_for_month_3,&,running_average_size_minutes_for_month_3,&,deployment_membership_value_threshold_array_for_month_4,&,running_average_size_minutes_for_month_4,&,deployment_membership_value_threshold_array_for_month_5,&,running_average_size_minutes_for_month_5,&,deployment_membership_value_threshold_array_for_month_6,&,running_average_size_minutes_for_month_6,&,deployment_membership_value_threshold_array_for_month_7,&,running_average_size_minutes_for_month_7,&,deployment_membership_value_threshold_array_for_month_8,&,running_average_size_minutes_for_month_8,&,deployment_membership_value_threshold_array_for_month_9,&,running_average_size_minutes_for_month_9,&,deployment_membership_value_threshold_array_for_month_10,&,running_average_size_minutes_for_month_10,&,deployment_membership_value_threshold_array_for_month_11,&,running_average_size_minutes_for_month_11,&,deployment_membership_value_threshold_array_for_month_12,&,running_average_size_minutes_for_month_12,&,dNetNorm,&,dMarketBalancePercentage,&,dMarketNetNorm,
results: KMSP,&,0.5,&,1,&,0.5,&,1,&,0.5,&,1,&,0.5,&,1,&,0.5,&,1,&,0.5,&,1,&,0.5,&,1,&,0.5,&,1,&,0.5,&,1,&,0.5,&,1,&,0.5,&,1,&,0.5,&,31,&,0.34274833329227095,&,0.9104973063437507,&,0.3120714342164228
monthly visible minutes:KMSP,&,2013,&,5565,&,5798,&,5532,&,8672,&,7303,&,4627,&,7333,&,4250,&,6963,&,7834,&,7788,&,4022,&,
monthly visible minutes:KMSP,&,2014,&,7422,&,4351,&,7663,&,8672,&,8044,&,6346,&,8151,&,3373,&,7540,&,7827,&,8003,&,4484,&,
monthly minutes harvester between states:KMSP,&,2013,&,817,&,676,&,750,&,1163,&,1115,&,960,&,1450,&,1047,&,935,&,1217,&,1057,&,380,&,
monthly minutes harvester between states:KMSP,&,2014,&,623,&,562,&,799,&,810,&,1358,&,1082,&,1516,&,820,&,1241,&,1105,&,954,&,342,&,
FuzzyVsCrisp: KMSP,1,true,true
station,&,deployment_membership_value_threshold_array_for_month_1,&,running_average_size_minutes_for_month_1,&,deployment_membership_value_threshold_array_for_month_2,&,running_average_size_minutes_for_month_2,&,deployment_membership_value_threshold_array_for_month_3,&,running_average_size_minutes_for_month_3,&,deployment_membership_value_threshold_array_for_month_4,&,running_average_size_minutes_for_month_4,&,deployment_membership_value_threshold_array_for_month_5,&,running_average_size_minutes_for_month_5,&,deployment_membership_value_threshold_array_for_month_6,&,running_average_size_minutes_for_month_6,&,deployment_membership_value_threshold_array_for_month_7,&,running_average_size_minutes_for_month_7,&,deployment_membership_value_threshold_array_for_month_8,&,running_average_size_minutes_for_month_8,&,deployment_membership_value_threshold_array_for_month_9,&,running_average_size_minutes_for_month_9,&,deployment_membership_value_threshold_array_for_month_10,&,running_average_size_minutes_for_month_10,&,deployment_membership_value_threshold_array_for_month_11,&,running_average_size_minutes_for_month_11,&,deployment_membership_value_threshold_array_for_month_12,&,running_average_size_minutes_for_month_12,&,dNetNorm,&,dMarketBalancePercentage,&,dMarketNetNorm,
results: KMSP,&,0.5,&,1,&,0.5,&,1,&,0.5,&,1,&,0.5,&,1,&,0.5,&,1,&,0.5,&,31,&,0.5,&,1,&,0.5,&,1,&,0.5,&,1,&,0.5,&,1,&,0.5,&,1,&,0.5,&,31,&,0.3360802020870947,&,0.9124198918764097,&,0.3066462616501089
monthly visible minutes:KMSP,&,2013,&,5565,&,5798,&,5532,&,8672,&,7303,&,4627,&,7333,&,4250,&,6963,&,7834,&,7788,&,4022,&,
monthly visible minutes:KMSP,&,2014,&,7422,&,4351,&,7663,&,8672,&,8044,&,6346,&,8151,&,3373,&,7540,&,7827,&,8003,&,4484,&,
monthly minutes harvester between states:KMSP,&,2013,&,817,&,676,&,750,&,1163,&,1115,&,960,&,1450,&,1047,&,935,&,1217,&,1057,&,380,&,
monthly minutes harvester between states:KMSP,&,2014,&,623,&,562,&,799,&,810,&,1358,&,1082,&,1516,&,820,&,1241,&,1105,&,954,&,342,&,
FuzzyVsCrisp: KMSP,1,true,true
Station: KORD
abc: The current path is /home/guy/retractable-wind
I have found the property file.
The training windspeed filename is /trainingKORD2004-2012in.csv
The testing windspeed filename is /testingKORD2013-2014in.csv
Yes, the station is KORD
Warning: The bAlsoUsePrediction no longer has any effect
iUsedAllItsAllocatedVisibilityMinutesPerMonth: 8760
Visibility Allocation Minutes:8760
HARVESTER_SIZE_SQM is 6362
Reading file
Success: /Wind turbine power curves - wind turbine power output against wind speed in knots.csv found.
Speed (Knots) = Speed(knots) vs power (kW) , Power (kW) =V90
Speed (Knots) = 0 , Power (kW) =0
Speed (Knots) = 1 , Power (kW) =0
Speed (Knots) = 2 , Power (kW) =0
Speed (Knots) = 3 , Power (kW) =0
Speed (Knots) = 4 , Power (kW) =0
Speed (Knots) = 5 , Power (kW) =0
Speed (Knots) = 6 , Power (kW) =0
Speed (Knots) = 7 , Power (kW) =38
Speed (Knots) = 8 , Power (kW) =87
Speed (Knots) = 9 , Power (kW) =141
Speed (Knots) = 10 , Power (kW) =207
Speed (Knots) = 11 , Power (kW) =286
Speed (Knots) = 12 , Power (kW) =382
Speed (Knots) = 13 , Power (kW) =496
Speed (Knots) = 14 , Power (kW) =628
Speed (Knots) = 15 , Power (kW) =781
Speed (Knots) = 16 , Power (kW) =957
Speed (Knots) = 17 , Power (kW) =1153
Speed (Knots) = 18 , Power (kW) =1366
Speed (Knots) = 19 , Power (kW) =1589
Speed (Knots) = 20 , Power (kW) =1814
Speed (Knots) = 21 , Power (kW) =2035
Speed (Knots) = 22 , Power (kW) =2250
Speed (Knots) = 23 , Power (kW) =2452
Speed (Knots) = 24 , Power (kW) =2634
Speed (Knots) = 25 , Power (kW) =2784
Speed (Knots) = 26 , Power (kW) =2888
Speed (Knots) = 27 , Power (kW) =2949
Speed (Knots) = 28 , Power (kW) =2980
Speed (Knots) = 29 , Power (kW) =2993
Speed (Knots) = 30 , Power (kW) =3000
Speed (Knots) = 31 , Power (kW) =3000
Speed (Knots) = 32 , Power (kW) =3000
Speed (Knots) = 33 , Power (kW) =3000
Speed (Knots) = 34 , Power (kW) =3000
Speed (Knots) = 35 , Power (kW) =3000
Speed (Knots) = 36 , Power (kW) =3000
Speed (Knots) = 37 , Power (kW) =3000
Speed (Knots) = 38 , Power (kW) =3000
Speed (Knots) = 39 , Power (kW) =3000
Speed (Knots) = 40 , Power (kW) =3000
Speed (Knots) = 41 , Power (kW) =3000
Speed (Knots) = 42 , Power (kW) =3000
Speed (Knots) = 43 , Power (kW) =3000
Speed (Knots) = 44 , Power (kW) =3000
Speed (Knots) = 45 , Power (kW) =3000
Speed (Knots) = 46 , Power (kW) =3000
Speed (Knots) = 47 , Power (kW) =3000
Speed (Knots) = 48 , Power (kW) =3000
Speed (Knots) = 49 , Power (kW) =0
Speed (Knots) = 50 , Power (kW) =0
Speed (Knots) = 51 , Power (kW) =0
Speed (Knots) = 52 , Power (kW) =0
Speed (Knots) = 53 , Power (kW) =0
Speed (Knots) = 54 , Power (kW) =0
Speed (Knots) = 55 , Power (kW) =0
Speed (Knots) = 56 , Power (kW) =0
Speed (Knots) = 57 , Power (kW) =0
Speed (Knots) = 58 , Power (kW) =0
Speed (Knots) = 59 , Power (kW) =0
Speed (Knots) = 60 , Power (kW) =0
The scale is 1.0
Wind power at 10 knots in kilowatts is 207.0
Wind power in-cut-out test 0.0
Fuzzy
Class name:edu.pitt.cs.people.guy.wind.benchmarks.Fuzzy5
Success: /Noise_Allowed_Time_Definitions_All_Stations.csv found.
The station is the record is KORD
Success: /Noise_Allowed_Time_Definitions_All_Stations.csv found.
The station is the record is KORD
I have found the membership file for NOT WINDY.
Windspeed (knots) [0,1), Membership Value =1.00000000,1.0
Windspeed (knots) [1,2), Membership Value =0.99997533,0.9999753
Windspeed (knots) [2,3), Membership Value =0.99960506,0.99960506
Windspeed (knots) [3,4), Membership Value =0.99771125,0.99771124
Windspeed (knots) [4,5), Membership Value =0.99179612,0.99179614
Windspeed (knots) [5,6), Membership Value =0.97771872,0.9777187
Windspeed (knots) [6,7), Membership Value =0.95321127,0.95321125
Windspeed (knots) [7,8), Membership Value =0.91504208,0.9150421
Windspeed (knots) [8,9), Membership Value =0.86135187,0.86135185
Windspeed (knots) [9,10), Membership Value =0.79135992,0.7913599
Windspeed (knots) [10,11), Membership Value =0.70759926,0.7075993
Windspeed (knots) [11,12), Membership Value =0.61289660,0.6128966
Windspeed (knots) [12,13), Membership Value =0.51111605,0.511116
Windspeed (knots) [13,14), Membership Value =0.41162103,0.41162103
Windspeed (knots) [14,15), Membership Value =0.31438982,0.31438982
Windspeed (knots) [15,16), Membership Value =0.22247083,0.22247083
Windspeed (knots) [16,17), Membership Value =0.13821041,0.13821042
Windspeed (knots) [17,18), Membership Value =0.06188268,0.06188268
Windspeed (knots) [18,19), Membership Value =0.00000000,0.0
Windspeed (knots) [19,20), Membership Value =0.00000000,0.0
Windspeed (knots) [20,21), Membership Value =0.00000000,0.0
Windspeed (knots) [21,22), Membership Value =0.00000000,0.0
Windspeed (knots) [22,23), Membership Value =0.00000000,0.0
Windspeed (knots) [23,24), Membership Value =0.00000000,0.0
Windspeed (knots) [24,25), Membership Value =0.00000000,0.0
Windspeed (knots) [25,26), Membership Value =0.00000000,0.0
Windspeed (knots) [26,27), Membership Value =0.00000000,0.0
Windspeed (knots) [27,28), Membership Value =0.00000000,0.0
Windspeed (knots) [28,29), Membership Value =0.00000000,0.0
Windspeed (knots) [29,30), Membership Value =0.00000000,0.0
Windspeed (knots) [30,31), Membership Value =0.00000000,0.0
Windspeed (knots) [31,32), Membership Value =0.00000000,0.0
Windspeed (knots) [32,33), Membership Value =0.00000000,0.0
Windspeed (knots) [33,34), Membership Value =0.00000000,0.0
Windspeed (knots) [34,35), Membership Value =0.00000000,0.0
Windspeed (knots) [35,36), Membership Value =0.00000000,0.0
Windspeed (knots) [36,37), Membership Value =0.00000000,0.0
Windspeed (knots) [37,38), Membership Value =0.00000000,0.0
Windspeed (knots) [38,39), Membership Value =0.00000000,0.0
Windspeed (knots) [39,40), Membership Value =0.00000000,0.0
Windspeed (knots) [40,41), Membership Value =0.00000000,0.0
Windspeed (knots) [41,42), Membership Value =0.00000000,0.0
Windspeed (knots) [42,43), Membership Value =0.00000000,0.0
Windspeed (knots) [43,44), Membership Value =0.00000000,0.0
Windspeed (knots) [44,45), Membership Value =0.00000000,0.0
Windspeed (knots) [45,46), Membership Value =0.00000000,0.0
Windspeed (knots) [46,47), Membership Value =0.00000000,0.0
Windspeed (knots) [47,48), Membership Value =0.00000000,0.0
Windspeed (knots) [48,49), Membership Value =0.00000000,0.0
Windspeed (knots) [49,50), Membership Value =0.00000000,0.0
Windspeed (knots) [50,51), Membership Value =0.00000000,0.0
Windspeed (knots) [51,52), Membership Value =0.00000000,0.0
Windspeed (knots) [52,53), Membership Value =0.00000000,0.0
Windspeed (knots) [53,54), Membership Value =0.00000000,0.0
Windspeed (knots) [54,55), Membership Value =0.00000000,0.0
Windspeed (knots) [55,56), Membership Value =0.00000000,0.0
Windspeed (knots) [56,57), Membership Value =0.00000000,0.0
Windspeed (knots) [57,58), Membership Value =0.00000000,0.0
Windspeed (knots) [58,59), Membership Value =0.00000000,0.0
Windspeed (knots) [59,60), Membership Value =0.00000000,0.0
Windspeed (knots) [60,61), Membership Value =0.00000000,0.0
Windspeed (knots) [61,62), Membership Value =0.00000000,0.0
Windspeed (knots) [62,63), Membership Value =0.00000000,0.0
Windspeed (knots) [63,64), Membership Value =0.00000000,0.0
Windspeed (knots) [64,65), Membership Value =0.00000000,0.0
Windspeed (knots) [65,66), Membership Value =0.00000000,0.0
Windspeed (knots) [66,67), Membership Value =0.00000000,0.0
Windspeed (knots) [67,68), Membership Value =0.00000000,0.0
Windspeed (knots) [68,69), Membership Value =0.00000000,0.0
Windspeed (knots) [69,70), Membership Value =0.00000000,0.0
Windspeed (knots) [70,71), Membership Value =0.00000000,0.0
Windspeed (knots) [71,72), Membership Value =0.00000000,0.0
Windspeed (knots) [72,73), Membership Value =0.00000000,0.0
Windspeed (knots) [73,74), Membership Value =0.00000000,0.0
Windspeed (knots) [74,75), Membership Value =0.00000000,0.0
Windspeed (knots) [75,76), Membership Value =0.00000000,0.0
Windspeed (knots) [76,77), Membership Value =0.00000000,0.0
Windspeed (knots) [77,78), Membership Value =0.00000000,0.0
Windspeed (knots) [78,79), Membership Value =0.00000000,0.0
Windspeed (knots) [79,80), Membership Value =0.00000000,0.0
Windspeed (knots) [80,81), Membership Value =0.00000000,0.0
Windspeed (knots) [81,82), Membership Value =0.00000000,0.0
Windspeed (knots) [82,83), Membership Value =0.00000000,0.0
Windspeed (knots) [83,84), Membership Value =0.00000000,0.0
Windspeed (knots) [84,85), Membership Value =0.00000000,0.0
Windspeed (knots) [85,86), Membership Value =0.00000000,0.0
Windspeed (knots) [86,87), Membership Value =0.00000000,0.0
Windspeed (knots) [87,88), Membership Value =0.00000000,0.0
Windspeed (knots) [88,89), Membership Value =0.00000000,0.0
Windspeed (knots) [89,90), Membership Value =0.00000000,0.0
Windspeed (knots) [90,91), Membership Value =0.00000000,0.0
Windspeed (knots) [91,92), Membership Value =0.00000000,0.0
Windspeed (knots) [92,93), Membership Value =0.00000000,0.0
Windspeed (knots) [93,94), Membership Value =0.00000000,0.0
Windspeed (knots) [94,95), Membership Value =0.00000000,0.0
Windspeed (knots) [95,96), Membership Value =0.00000000,0.0
Windspeed (knots) [96,97), Membership Value =0.00000000,0.0
Windspeed (knots) [97,98), Membership Value =0.00000000,0.0
Windspeed (knots) [98,99), Membership Value =0.00000000,0.0
Windspeed (knots) [99,100), Membership Value =0.00000000,0.0
Windspeed (knots) [100,101), Membership Value =0.00000000,0.0
Windspeed (knots) [101,102), Membership Value =0.00000000,0.0
Windspeed (knots) [102,103), Membership Value =0.00000000,0.0
Windspeed (knots) [103,104), Membership Value =0.00000000,0.0
Windspeed (knots) [104,105), Membership Value =0.00000000,0.0
Windspeed (knots) [105,106), Membership Value =0.00000000,0.0
Windspeed (knots) [106,107), Membership Value =0.00000000,0.0
Windspeed (knots) [107,108), Membership Value =0.00000000,0.0
Windspeed (knots) [108,109), Membership Value =0.00000000,0.0
Windspeed (knots) [109,110), Membership Value =0.00000000,0.0
Windspeed (knots) [110,111), Membership Value =0.00000000,0.0
Windspeed (knots) [111,112), Membership Value =0.00000000,0.0
Windspeed (knots) [112,113), Membership Value =0.00000000,0.0
Windspeed (knots) [113,114), Membership Value =0.00000000,0.0
Windspeed (knots) [114,115), Membership Value =0.00000000,0.0
Windspeed (knots) [115,116), Membership Value =0.00000000,0.0
Windspeed (knots) [116,117), Membership Value =0.00000000,0.0
Windspeed (knots) [117,118), Membership Value =0.00000000,0.0
Windspeed (knots) [118,119), Membership Value =0.00000000,0.0
Windspeed (knots) [119,120), Membership Value =0.00000000,0.0
Windspeed (knots) [120,121), Membership Value =0.00000000,0.0
Windspeed (knots) [121,122), Membership Value =0.00000000,0.0
Windspeed (knots) [122,123), Membership Value =0.00000000,0.0
Windspeed (knots) [123,124), Membership Value =0.00000000,0.0
Windspeed (knots) [124,125), Membership Value =0.00000000,0.0
LowestWindspeedThatIsWindyKnots for station KORD is 8 knots.
Transition limited :false
bUseWeatherPrediction: false
The running average is 1
The membership_value_deployment_threshold is 0.5
Energy harvested: 7437434.068335651
iGeneratingEnergyWhenGridNeedsEnergyMinutes =757892
iGeneratingEnergyWhenGridNeedsEnergyMinutes =757892
iUsingEnergyWhenGridNeedsEnergyMinutes =46947
iGeneratingEnergyWhenGridHasExcessEnergyMinutes = 2021
iUsingEnergyWhenGridHasExcessEnergyMinutes = 73
iIdleWhenGridDoesNotNeedEnergyMinutes = 43986
iIdleWhenGridNeedsEnergyMinutes = 3883525
iEnergyPriceIsZeroMinutes = 240
harvester.getEnergyHarvestedAVAILABLEKilowattHours( ): 1.7193785366666667E7
harvester.getEnergyHarvestedKilowattHours(): 7437434.068335651
The running average is 31
The membership_value_deployment_threshold is 0.5
Energy harvested: 7213369.175000536
iGeneratingEnergyWhenGridNeedsEnergyMinutes =615573
iGeneratingEnergyWhenGridNeedsEnergyMinutes =615573
iUsingEnergyWhenGridNeedsEnergyMinutes =16755
iGeneratingEnergyWhenGridHasExcessEnergyMinutes = 2651
iUsingEnergyWhenGridHasExcessEnergyMinutes = 68
iIdleWhenGridDoesNotNeedEnergyMinutes = 43361
iIdleWhenGridNeedsEnergyMinutes = 4056036
iEnergyPriceIsZeroMinutes = 240
harvester.getEnergyHarvestedAVAILABLEKilowattHours( ): 1.7193785366666667E7
harvester.getEnergyHarvestedKilowattHours(): 7213369.175000536
The running average is 61
The membership_value_deployment_threshold is 0.5
Energy harvested: 6944972.528055861
iGeneratingEnergyWhenGridNeedsEnergyMinutes =569034
iGeneratingEnergyWhenGridNeedsEnergyMinutes =569034
iUsingEnergyWhenGridNeedsEnergyMinutes =13043
iGeneratingEnergyWhenGridHasExcessEnergyMinutes = 2664
iUsingEnergyWhenGridHasExcessEnergyMinutes = 68
iIdleWhenGridDoesNotNeedEnergyMinutes = 43348
iIdleWhenGridNeedsEnergyMinutes = 4106287
iEnergyPriceIsZeroMinutes = 240
harvester.getEnergyHarvestedAVAILABLEKilowattHours( ): 1.7193785366666667E7
harvester.getEnergyHarvestedKilowattHours(): 6944972.528055861
The running average is 91
The membership_value_deployment_threshold is 0.5
Energy harvested: 6715929.687222359
iGeneratingEnergyWhenGridNeedsEnergyMinutes =532695
iGeneratingEnergyWhenGridNeedsEnergyMinutes =532695
iUsingEnergyWhenGridNeedsEnergyMinutes =11082
iGeneratingEnergyWhenGridHasExcessEnergyMinutes = 2566
iUsingEnergyWhenGridHasExcessEnergyMinutes = 72
iIdleWhenGridDoesNotNeedEnergyMinutes = 43442
iIdleWhenGridNeedsEnergyMinutes = 4144587
iEnergyPriceIsZeroMinutes = 240
harvester.getEnergyHarvestedAVAILABLEKilowattHours( ): 1.7193785366666667E7
harvester.getEnergyHarvestedKilowattHours(): 6715929.687222359
The running average is 121
The membership_value_deployment_threshold is 0.5
Energy harvested: 6543298.42583335
iGeneratingEnergyWhenGridNeedsEnergyMinutes =506436
iGeneratingEnergyWhenGridNeedsEnergyMinutes =506436
iUsingEnergyWhenGridNeedsEnergyMinutes =9786
iGeneratingEnergyWhenGridHasExcessEnergyMinutes = 2489
iUsingEnergyWhenGridHasExcessEnergyMinutes = 27
iIdleWhenGridDoesNotNeedEnergyMinutes = 43564
iIdleWhenGridNeedsEnergyMinutes = 4172142
iEnergyPriceIsZeroMinutes = 240
harvester.getEnergyHarvestedAVAILABLEKilowattHours( ): 1.7193785366666667E7
harvester.getEnergyHarvestedKilowattHours(): 6543298.42583335
Beginning testing mode:
station,&,deployment_membership_value_threshold_array_for_month_1,&,running_average_size_minutes_for_month_1,&,deployment_membership_value_threshold_array_for_month_2,&,running_average_size_minutes_for_month_2,&,deployment_membership_value_threshold_array_for_month_3,&,running_average_size_minutes_for_month_3,&,deployment_membership_value_threshold_array_for_month_4,&,running_average_size_minutes_for_month_4,&,deployment_membership_value_threshold_array_for_month_5,&,running_average_size_minutes_for_month_5,&,deployment_membership_value_threshold_array_for_month_6,&,running_average_size_minutes_for_month_6,&,deployment_membership_value_threshold_array_for_month_7,&,running_average_size_minutes_for_month_7,&,deployment_membership_value_threshold_array_for_month_8,&,running_average_size_minutes_for_month_8,&,deployment_membership_value_threshold_array_for_month_9,&,running_average_size_minutes_for_month_9,&,deployment_membership_value_threshold_array_for_month_10,&,running_average_size_minutes_for_month_10,&,deployment_membership_value_threshold_array_for_month_11,&,running_average_size_minutes_for_month_11,&,deployment_membership_value_threshold_array_for_month_12,&,running_average_size_minutes_for_month_12,&,dNetNorm,&,dMarketBalancePercentage,&,dMarketNetNorm,
results: KORD,&,0.5,&,31,&,0.5,&,31,&,0.5,&,121,&,0.5,&,61,&,0.5,&,121,&,0.5,&,31,&,0.5,&,1,&,0.5,&,1,&,0.5,&,1,&,0.5,&,121,&,0.5,&,121,&,0.5,&,31,&,0.36416228874036893,&,0.9497294028010148,&,0.3458556330080413
monthly visible minutes:KORD,&,2013,&,8672,&,8672,&,6952,&,8672,&,6498,&,5628,&,8672,&,8672,&,8672,&,3222,&,8116,&,6997,&,
monthly visible minutes:KORD,&,2014,&,8672,&,4203,&,0,&,6047,&,5999,&,7926,&,0,&,0,&,9,&,6529,&,8672,&,6075,&,
monthly minutes harvester between states:KORD,&,2013,&,731,&,570,&,456,&,608,&,418,&,608,&,644,&,690,&,743,&,266,&,532,&,532,&,
monthly minutes harvester between states:KORD,&,2014,&,608,&,380,&,0,&,380,&,469,&,722,&,0,&,0,&,9,&,494,&,585,&,456,&,
FuzzyVsCrisp: KORD,1,true,true
station,&,deployment_membership_value_threshold_array_for_month_1,&,running_average_size_minutes_for_month_1,&,deployment_membership_value_threshold_array_for_month_2,&,running_average_size_minutes_for_month_2,&,deployment_membership_value_threshold_array_for_month_3,&,running_average_size_minutes_for_month_3,&,deployment_membership_value_threshold_array_for_month_4,&,running_average_size_minutes_for_month_4,&,deployment_membership_value_threshold_array_for_month_5,&,running_average_size_minutes_for_month_5,&,deployment_membership_value_threshold_array_for_month_6,&,running_average_size_minutes_for_month_6,&,deployment_membership_value_threshold_array_for_month_7,&,running_average_size_minutes_for_month_7,&,deployment_membership_value_threshold_array_for_month_8,&,running_average_size_minutes_for_month_8,&,deployment_membership_value_threshold_array_for_month_9,&,running_average_size_minutes_for_month_9,&,deployment_membership_value_threshold_array_for_month_10,&,running_average_size_minutes_for_month_10,&,deployment_membership_value_threshold_array_for_month_11,&,running_average_size_minutes_for_month_11,&,deployment_membership_value_threshold_array_for_month_12,&,running_average_size_minutes_for_month_12,&,dNetNorm,&,dMarketBalancePercentage,&,dMarketNetNorm,
results: KORD,&,0.5,&,61,&,0.5,&,31,&,0.5,&,121,&,0.5,&,61,&,0.5,&,121,&,0.5,&,31,&,0.5,&,1,&,0.5,&,1,&,0.5,&,1,&,0.5,&,121,&,0.5,&,121,&,0.5,&,31,&,0.3642950776261675,&,0.9497288917219507,&,0.34598156033366206
monthly visible minutes:KORD,&,2013,&,8672,&,8672,&,6952,&,8672,&,6498,&,5628,&,8672,&,8672,&,8672,&,3222,&,8116,&,6997,&,
monthly visible minutes:KORD,&,2014,&,8672,&,4203,&,0,&,6047,&,5999,&,7926,&,0,&,0,&,9,&,6529,&,8672,&,6075,&,
monthly minutes harvester between states:KORD,&,2013,&,731,&,570,&,456,&,608,&,418,&,608,&,644,&,690,&,743,&,266,&,532,&,532,&,
monthly minutes harvester between states:KORD,&,2014,&,608,&,380,&,0,&,380,&,469,&,722,&,0,&,0,&,9,&,494,&,585,&,456,&,
FuzzyVsCrisp: KORD,1,true,true
Station: KPHL
abc: The current path is /home/guy/retractable-wind
I have found the property file.
The training windspeed filename is /trainingKPHL2004-2012in.csv
The testing windspeed filename is /testingKPHL2013-2014in.csv
Yes, the station is KPHL
Warning: The bAlsoUsePrediction no longer has any effect
iUsedAllItsAllocatedVisibilityMinutesPerMonth: 8760
Visibility Allocation Minutes:8760
HARVESTER_SIZE_SQM is 6362
Reading file
Success: /Wind turbine power curves - wind turbine power output against wind speed in knots.csv found.
Speed (Knots) = Speed(knots) vs power (kW) , Power (kW) =V90
Speed (Knots) = 0 , Power (kW) =0
Speed (Knots) = 1 , Power (kW) =0
Speed (Knots) = 2 , Power (kW) =0
Speed (Knots) = 3 , Power (kW) =0
Speed (Knots) = 4 , Power (kW) =0
Speed (Knots) = 5 , Power (kW) =0
Speed (Knots) = 6 , Power (kW) =0
Speed (Knots) = 7 , Power (kW) =38
Speed (Knots) = 8 , Power (kW) =87
Speed (Knots) = 9 , Power (kW) =141
Speed (Knots) = 10 , Power (kW) =207
Speed (Knots) = 11 , Power (kW) =286
Speed (Knots) = 12 , Power (kW) =382
Speed (Knots) = 13 , Power (kW) =496
Speed (Knots) = 14 , Power (kW) =628
Speed (Knots) = 15 , Power (kW) =781
Speed (Knots) = 16 , Power (kW) =957
Speed (Knots) = 17 , Power (kW) =1153
Speed (Knots) = 18 , Power (kW) =1366
Speed (Knots) = 19 , Power (kW) =1589
Speed (Knots) = 20 , Power (kW) =1814
Speed (Knots) = 21 , Power (kW) =2035
Speed (Knots) = 22 , Power (kW) =2250
Speed (Knots) = 23 , Power (kW) =2452
Speed (Knots) = 24 , Power (kW) =2634
Speed (Knots) = 25 , Power (kW) =2784
Speed (Knots) = 26 , Power (kW) =2888
Speed (Knots) = 27 , Power (kW) =2949
Speed (Knots) = 28 , Power (kW) =2980
Speed (Knots) = 29 , Power (kW) =2993
Speed (Knots) = 30 , Power (kW) =3000
Speed (Knots) = 31 , Power (kW) =3000
Speed (Knots) = 32 , Power (kW) =3000
Speed (Knots) = 33 , Power (kW) =3000
Speed (Knots) = 34 , Power (kW) =3000
Speed (Knots) = 35 , Power (kW) =3000
Speed (Knots) = 36 , Power (kW) =3000
Speed (Knots) = 37 , Power (kW) =3000
Speed (Knots) = 38 , Power (kW) =3000
Speed (Knots) = 39 , Power (kW) =3000
Speed (Knots) = 40 , Power (kW) =3000
Speed (Knots) = 41 , Power (kW) =3000
Speed (Knots) = 42 , Power (kW) =3000
Speed (Knots) = 43 , Power (kW) =3000
Speed (Knots) = 44 , Power (kW) =3000
Speed (Knots) = 45 , Power (kW) =3000
Speed (Knots) = 46 , Power (kW) =3000
Speed (Knots) = 47 , Power (kW) =3000
Speed (Knots) = 48 , Power (kW) =3000
Speed (Knots) = 49 , Power (kW) =0
Speed (Knots) = 50 , Power (kW) =0
Speed (Knots) = 51 , Power (kW) =0
Speed (Knots) = 52 , Power (kW) =0
Speed (Knots) = 53 , Power (kW) =0
Speed (Knots) = 54 , Power (kW) =0
Speed (Knots) = 55 , Power (kW) =0
Speed (Knots) = 56 , Power (kW) =0
Speed (Knots) = 57 , Power (kW) =0
Speed (Knots) = 58 , Power (kW) =0
Speed (Knots) = 59 , Power (kW) =0
Speed (Knots) = 60 , Power (kW) =0
The scale is 1.0
Wind power at 10 knots in kilowatts is 207.0
Wind power in-cut-out test 0.0
Fuzzy
Class name:edu.pitt.cs.people.guy.wind.benchmarks.Fuzzy5
Success: /Noise_Allowed_Time_Definitions_All_Stations.csv found.
The station is the record is KPHL
Success: /Noise_Allowed_Time_Definitions_All_Stations.csv found.
The station is the record is KPHL
I have found the membership file for NOT WINDY.
Windspeed (knots) [0,1), Membership Value =1.00000000,1.0
Windspeed (knots) [1,2), Membership Value =0.99997352,0.99997354
Windspeed (knots) [2,3), Membership Value =0.99956678,0.9995668
Windspeed (knots) [3,4), Membership Value =0.99747780,0.9974778
Windspeed (knots) [4,5), Membership Value =0.99096298,0.990963
Windspeed (knots) [5,6), Membership Value =0.97618897,0.97618896
Windspeed (knots) [6,7), Membership Value =0.94988473,0.9498847
Windspeed (knots) [7,8), Membership Value =0.91036394,0.9103639
Windspeed (knots) [8,9), Membership Value =0.85486817,0.8548682
Windspeed (knots) [9,10), Membership Value =0.78422207,0.78422207
Windspeed (knots) [10,11), Membership Value =0.70316518,0.7031652
Windspeed (knots) [11,12), Membership Value =0.61778189,0.6177819
Windspeed (knots) [12,13), Membership Value =0.52900270,0.5290027
Windspeed (knots) [13,14), Membership Value =0.43975275,0.43975276
Windspeed (knots) [14,15), Membership Value =0.35215236,0.35215235
Windspeed (knots) [15,16), Membership Value =0.26714747,0.26714748
Windspeed (knots) [16,17), Membership Value =0.18851818,0.18851818
Windspeed (knots) [17,18), Membership Value =0.11670629,0.11670629
Windspeed (knots) [18,19), Membership Value =0.05307307,0.05307307
Windspeed (knots) [19,20), Membership Value =0.00000000,0.0
Windspeed (knots) [20,21), Membership Value =0.00000000,0.0
Windspeed (knots) [21,22), Membership Value =0.00000000,0.0
Windspeed (knots) [22,23), Membership Value =0.00000000,0.0
Windspeed (knots) [23,24), Membership Value =0.00000000,0.0
Windspeed (knots) [24,25), Membership Value =0.00000000,0.0
Windspeed (knots) [25,26), Membership Value =0.00000000,0.0
Windspeed (knots) [26,27), Membership Value =0.00000000,0.0
Windspeed (knots) [27,28), Membership Value =0.00000000,0.0
Windspeed (knots) [28,29), Membership Value =0.00000000,0.0
Windspeed (knots) [29,30), Membership Value =0.00000000,0.0
Windspeed (knots) [30,31), Membership Value =0.00000000,0.0
Windspeed (knots) [31,32), Membership Value =0.00000000,0.0
Windspeed (knots) [32,33), Membership Value =0.00000000,0.0
Windspeed (knots) [33,34), Membership Value =0.00000000,0.0
Windspeed (knots) [34,35), Membership Value =0.00000000,0.0
Windspeed (knots) [35,36), Membership Value =0.00000000,0.0
Windspeed (knots) [36,37), Membership Value =0.00000000,0.0
Windspeed (knots) [37,38), Membership Value =0.00000000,0.0
Windspeed (knots) [38,39), Membership Value =0.00000000,0.0
Windspeed (knots) [39,40), Membership Value =0.00000000,0.0
Windspeed (knots) [40,41), Membership Value =0.00000000,0.0
Windspeed (knots) [41,42), Membership Value =0.00000000,0.0
Windspeed (knots) [42,43), Membership Value =0.00000000,0.0
Windspeed (knots) [43,44), Membership Value =0.00000000,0.0
Windspeed (knots) [44,45), Membership Value =0.00000000,0.0
Windspeed (knots) [45,46), Membership Value =0.00000000,0.0
Windspeed (knots) [46,47), Membership Value =0.00000000,0.0
Windspeed (knots) [47,48), Membership Value =0.00000000,0.0
Windspeed (knots) [48,49), Membership Value =0.00000000,0.0
Windspeed (knots) [49,50), Membership Value =0.00000000,0.0
Windspeed (knots) [50,51), Membership Value =0.00000000,0.0
Windspeed (knots) [51,52), Membership Value =0.00000000,0.0
Windspeed (knots) [52,53), Membership Value =0.00000000,0.0
Windspeed (knots) [53,54), Membership Value =0.00000000,0.0
Windspeed (knots) [54,55), Membership Value =0.00000000,0.0
Windspeed (knots) [55,56), Membership Value =0.00000000,0.0
Windspeed (knots) [56,57), Membership Value =0.00000000,0.0
Windspeed (knots) [57,58), Membership Value =0.00000000,0.0
Windspeed (knots) [58,59), Membership Value =0.00000000,0.0
Windspeed (knots) [59,60), Membership Value =0.00000000,0.0
Windspeed (knots) [60,61), Membership Value =0.00000000,0.0
Windspeed (knots) [61,62), Membership Value =0.00000000,0.0
Windspeed (knots) [62,63), Membership Value =0.00000000,0.0
Windspeed (knots) [63,64), Membership Value =0.00000000,0.0
Windspeed (knots) [64,65), Membership Value =0.00000000,0.0
Windspeed (knots) [65,66), Membership Value =0.00000000,0.0
Windspeed (knots) [66,67), Membership Value =0.00000000,0.0
Windspeed (knots) [67,68), Membership Value =0.00000000,0.0
Windspeed (knots) [68,69), Membership Value =0.00000000,0.0
Windspeed (knots) [69,70), Membership Value =0.00000000,0.0
Windspeed (knots) [70,71), Membership Value =0.00000000,0.0
Windspeed (knots) [71,72), Membership Value =0.00000000,0.0
Windspeed (knots) [72,73), Membership Value =0.00000000,0.0
Windspeed (knots) [73,74), Membership Value =0.00000000,0.0
Windspeed (knots) [74,75), Membership Value =0.00000000,0.0
Windspeed (knots) [75,76), Membership Value =0.00000000,0.0
Windspeed (knots) [76,77), Membership Value =0.00000000,0.0
Windspeed (knots) [77,78), Membership Value =0.00000000,0.0
Windspeed (knots) [78,79), Membership Value =0.00000000,0.0
Windspeed (knots) [79,80), Membership Value =0.00000000,0.0
Windspeed (knots) [80,81), Membership Value =0.00000000,0.0
Windspeed (knots) [81,82), Membership Value =0.00000000,0.0
Windspeed (knots) [82,83), Membership Value =0.00000000,0.0
Windspeed (knots) [83,84), Membership Value =0.00000000,0.0
Windspeed (knots) [84,85), Membership Value =0.00000000,0.0
Windspeed (knots) [85,86), Membership Value =0.00000000,0.0
Windspeed (knots) [86,87), Membership Value =0.00000000,0.0
Windspeed (knots) [87,88), Membership Value =0.00000000,0.0
Windspeed (knots) [88,89), Membership Value =0.00000000,0.0
Windspeed (knots) [89,90), Membership Value =0.00000000,0.0
Windspeed (knots) [90,91), Membership Value =0.00000000,0.0
Windspeed (knots) [91,92), Membership Value =0.00000000,0.0
Windspeed (knots) [92,93), Membership Value =0.00000000,0.0
Windspeed (knots) [93,94), Membership Value =0.00000000,0.0
Windspeed (knots) [94,95), Membership Value =0.00000000,0.0
Windspeed (knots) [95,96), Membership Value =0.00000000,0.0
Windspeed (knots) [96,97), Membership Value =0.00000000,0.0
Windspeed (knots) [97,98), Membership Value =0.00000000,0.0
Windspeed (knots) [98,99), Membership Value =0.00000000,0.0
Windspeed (knots) [99,100), Membership Value =0.00000000,0.0
Windspeed (knots) [100,101), Membership Value =0.00000000,0.0
Windspeed (knots) [101,102), Membership Value =0.00000000,0.0
Windspeed (knots) [102,103), Membership Value =0.00000000,0.0
Windspeed (knots) [103,104), Membership Value =0.00000000,0.0
Windspeed (knots) [104,105), Membership Value =0.00000000,0.0
Windspeed (knots) [105,106), Membership Value =0.00000000,0.0
Windspeed (knots) [106,107), Membership Value =0.00000000,0.0
Windspeed (knots) [107,108), Membership Value =0.00000000,0.0
Windspeed (knots) [108,109), Membership Value =0.00000000,0.0
Windspeed (knots) [109,110), Membership Value =0.00000000,0.0
Windspeed (knots) [110,111), Membership Value =0.00000000,0.0
Windspeed (knots) [111,112), Membership Value =0.00000000,0.0
Windspeed (knots) [112,113), Membership Value =0.00000000,0.0
Windspeed (knots) [113,114), Membership Value =0.00000000,0.0
Windspeed (knots) [114,115), Membership Value =0.00000000,0.0
Windspeed (knots) [115,116), Membership Value =0.00000000,0.0
Windspeed (knots) [116,117), Membership Value =0.00000000,0.0
Windspeed (knots) [117,118), Membership Value =0.00000000,0.0
Windspeed (knots) [118,119), Membership Value =0.00000000,0.0
Windspeed (knots) [119,120), Membership Value =0.00000000,0.0
Windspeed (knots) [120,121), Membership Value =0.00000000,0.0
Windspeed (knots) [121,122), Membership Value =0.00000000,0.0
Windspeed (knots) [122,123), Membership Value =0.00000000,0.0
Windspeed (knots) [123,124), Membership Value =0.00000000,0.0
Windspeed (knots) [124,125), Membership Value =0.00000000,0.0
LowestWindspeedThatIsWindyKnots for station KPHL is 8 knots.
Transition limited :false
bUseWeatherPrediction: false
The running average is 1
The membership_value_deployment_threshold is 0.5
Energy harvested: 7785814.460836384
iGeneratingEnergyWhenGridNeedsEnergyMinutes =741999
iGeneratingEnergyWhenGridNeedsEnergyMinutes =741999
iUsingEnergyWhenGridNeedsEnergyMinutes =48966
iGeneratingEnergyWhenGridHasExcessEnergyMinutes = 2016
iUsingEnergyWhenGridHasExcessEnergyMinutes = 115
iIdleWhenGridDoesNotNeedEnergyMinutes = 43949
iIdleWhenGridNeedsEnergyMinutes = 3896051
iEnergyPriceIsZeroMinutes = 240
harvester.getEnergyHarvestedAVAILABLEKilowattHours( ): 1.66037386E7
harvester.getEnergyHarvestedKilowattHours(): 7785814.460836384
The running average is 31
The membership_value_deployment_threshold is 0.5
Energy harvested: 7457636.4252786515
iGeneratingEnergyWhenGridNeedsEnergyMinutes =613165
iGeneratingEnergyWhenGridNeedsEnergyMinutes =613165
iUsingEnergyWhenGridNeedsEnergyMinutes =16051
iGeneratingEnergyWhenGridHasExcessEnergyMinutes = 1881
iUsingEnergyWhenGridHasExcessEnergyMinutes = 68
iIdleWhenGridDoesNotNeedEnergyMinutes = 44131
iIdleWhenGridNeedsEnergyMinutes = 4057800
iEnergyPriceIsZeroMinutes = 240
harvester.getEnergyHarvestedAVAILABLEKilowattHours( ): 1.66037386E7
harvester.getEnergyHarvestedKilowattHours(): 7457636.4252786515
The running average is 61
The membership_value_deployment_threshold is 0.5
Energy harvested: 7292734.566945068
iGeneratingEnergyWhenGridNeedsEnergyMinutes =569521
iGeneratingEnergyWhenGridNeedsEnergyMinutes =569521
iUsingEnergyWhenGridNeedsEnergyMinutes =12298
iGeneratingEnergyWhenGridHasExcessEnergyMinutes = 1389
iUsingEnergyWhenGridHasExcessEnergyMinutes = 27
iIdleWhenGridDoesNotNeedEnergyMinutes = 44664
iIdleWhenGridNeedsEnergyMinutes = 4105197
iEnergyPriceIsZeroMinutes = 240
harvester.getEnergyHarvestedAVAILABLEKilowattHours( ): 1.66037386E7
harvester.getEnergyHarvestedKilowattHours(): 7292734.566945068
The running average is 91
The membership_value_deployment_threshold is 0.5
Energy harvested: 7106507.926667196
iGeneratingEnergyWhenGridNeedsEnergyMinutes =541992
iGeneratingEnergyWhenGridNeedsEnergyMinutes =541992
iUsingEnergyWhenGridNeedsEnergyMinutes =10917
iGeneratingEnergyWhenGridHasExcessEnergyMinutes = 1256
iUsingEnergyWhenGridHasExcessEnergyMinutes = 23
iIdleWhenGridDoesNotNeedEnergyMinutes = 44801
iIdleWhenGridNeedsEnergyMinutes = 4134107
iEnergyPriceIsZeroMinutes = 240
harvester.getEnergyHarvestedAVAILABLEKilowattHours( ): 1.66037386E7
harvester.getEnergyHarvestedKilowattHours(): 7106507.926667196
The running average is 121
The membership_value_deployment_threshold is 0.5
Energy harvested: 6909652.494166979
iGeneratingEnergyWhenGridNeedsEnergyMinutes =516910
iGeneratingEnergyWhenGridNeedsEnergyMinutes =516910
iUsingEnergyWhenGridNeedsEnergyMinutes =9665
iGeneratingEnergyWhenGridHasExcessEnergyMinutes = 1188
iUsingEnergyWhenGridHasExcessEnergyMinutes = 20
iIdleWhenGridDoesNotNeedEnergyMinutes = 44872
iIdleWhenGridNeedsEnergyMinutes = 4160441
iEnergyPriceIsZeroMinutes = 240
harvester.getEnergyHarvestedAVAILABLEKilowattHours( ): 1.66037386E7
harvester.getEnergyHarvestedKilowattHours(): 6909652.494166979
Beginning testing mode:
station,&,deployment_membership_value_threshold_array_for_month_1,&,running_average_size_minutes_for_month_1,&,deployment_membership_value_threshold_array_for_month_2,&,running_average_size_minutes_for_month_2,&,deployment_membership_value_threshold_array_for_month_3,&,running_average_size_minutes_for_month_3,&,deployment_membership_value_threshold_array_for_month_4,&,running_average_size_minutes_for_month_4,&,deployment_membership_value_threshold_array_for_month_5,&,running_average_size_minutes_for_month_5,&,deployment_membership_value_threshold_array_for_month_6,&,running_average_size_minutes_for_month_6,&,deployment_membership_value_threshold_array_for_month_7,&,running_average_size_minutes_for_month_7,&,deployment_membership_value_threshold_array_for_month_8,&,running_average_size_minutes_for_month_8,&,deployment_membership_value_threshold_array_for_month_9,&,running_average_size_minutes_for_month_9,&,deployment_membership_value_threshold_array_for_month_10,&,running_average_size_minutes_for_month_10,&,deployment_membership_value_threshold_array_for_month_11,&,running_average_size_minutes_for_month_11,&,deployment_membership_value_threshold_array_for_month_12,&,running_average_size_minutes_for_month_12,&,dNetNorm,&,dMarketBalancePercentage,&,dMarketNetNorm,
results: KPHL,&,0.5,&,121,&,0.5,&,91,&,0.5,&,1,&,0.5,&,91,&,0.5,&,61,&,0.5,&,1,&,0.5,&,1,&,0.5,&,1,&,0.5,&,31,&,0.5,&,91,&,0.5,&,61,&,0.5,&,121,&,0.4404851829484239,&,0.947462039636889,&,0.41734298986614193
monthly visible minutes:KPHL,&,2013,&,5037,&,7830,&,8672,&,8672,&,4252,&,7907,&,7441,&,5133,&,2910,&,6273,&,7594,&,4541,&,
monthly visible minutes:KPHL,&,2014,&,8672,&,4777,&,8670,&,8672,&,5598,&,8672,&,8671,&,8672,&,3753,&,8098,&,8305,&,6341,&,
monthly minutes harvester between states:KPHL,&,2013,&,304,&,570,&,767,&,646,&,266,&,1663,&,1088,&,871,&,304,&,456,&,585,&,380,&,
monthly minutes harvester between states:KPHL,&,2014,&,570,&,342,&,1082,&,608,&,532,&,801,&,544,&,783,&,380,&,608,&,532,&,418,&,
FuzzyVsCrisp: KPHL,1,true,true
station,&,deployment_membership_value_threshold_array_for_month_1,&,running_average_size_minutes_for_month_1,&,deployment_membership_value_threshold_array_for_month_2,&,running_average_size_minutes_for_month_2,&,deployment_membership_value_threshold_array_for_month_3,&,running_average_size_minutes_for_month_3,&,deployment_membership_value_threshold_array_for_month_4,&,running_average_size_minutes_for_month_4,&,deployment_membership_value_threshold_array_for_month_5,&,running_average_size_minutes_for_month_5,&,deployment_membership_value_threshold_array_for_month_6,&,running_average_size_minutes_for_month_6,&,deployment_membership_value_threshold_array_for_month_7,&,running_average_size_minutes_for_month_7,&,deployment_membership_value_threshold_array_for_month_8,&,running_average_size_minutes_for_month_8,&,deployment_membership_value_threshold_array_for_month_9,&,running_average_size_minutes_for_month_9,&,deployment_membership_value_threshold_array_for_month_10,&,running_average_size_minutes_for_month_10,&,deployment_membership_value_threshold_array_for_month_11,&,running_average_size_minutes_for_month_11,&,deployment_membership_value_threshold_array_for_month_12,&,running_average_size_minutes_for_month_12,&,dNetNorm,&,dMarketBalancePercentage,&,dMarketNetNorm,
results: KPHL,&,0.5,&,121,&,0.5,&,91,&,0.5,&,121,&,0.5,&,91,&,0.5,&,61,&,0.5,&,1,&,0.5,&,1,&,0.5,&,1,&,0.5,&,31,&,0.5,&,91,&,0.5,&,61,&,0.5,&,121,&,0.4492036339875713,&,0.9508484294158601,&,0.42712456986497904
monthly visible minutes:KPHL,&,2013,&,5037,&,7830,&,8672,&,8672,&,4252,&,7907,&,7441,&,5133,&,2910,&,6273,&,7594,&,4541,&,
monthly visible minutes:KPHL,&,2014,&,8672,&,4777,&,8670,&,8672,&,5598,&,8672,&,8671,&,8672,&,3753,&,8098,&,8305,&,6341,&,
monthly minutes harvester between states:KPHL,&,2013,&,304,&,570,&,767,&,646,&,266,&,1663,&,1088,&,871,&,304,&,456,&,585,&,380,&,
monthly minutes harvester between states:KPHL,&,2014,&,570,&,342,&,1082,&,608,&,532,&,801,&,544,&,783,&,380,&,608,&,532,&,418,&,
FuzzyVsCrisp: KPHL,1,true,true
Station: KPHX
abc: The current path is /home/guy/retractable-wind
I have found the property file.
The training windspeed filename is /trainingKPHX2004-2012in.csv
The testing windspeed filename is /testingKPHX2013-2014in.csv
Yes, the station is KPHX
Warning: The bAlsoUsePrediction no longer has any effect
iUsedAllItsAllocatedVisibilityMinutesPerMonth: 8760
Visibility Allocation Minutes:8760
HARVESTER_SIZE_SQM is 6362
Reading file
Success: /Wind turbine power curves - wind turbine power output against wind speed in knots.csv found.
Speed (Knots) = Speed(knots) vs power (kW) , Power (kW) =V90
Speed (Knots) = 0 , Power (kW) =0
Speed (Knots) = 1 , Power (kW) =0
Speed (Knots) = 2 , Power (kW) =0
Speed (Knots) = 3 , Power (kW) =0
Speed (Knots) = 4 , Power (kW) =0
Speed (Knots) = 5 , Power (kW) =0
Speed (Knots) = 6 , Power (kW) =0
Speed (Knots) = 7 , Power (kW) =38
Speed (Knots) = 8 , Power (kW) =87
Speed (Knots) = 9 , Power (kW) =141
Speed (Knots) = 10 , Power (kW) =207
Speed (Knots) = 11 , Power (kW) =286
Speed (Knots) = 12 , Power (kW) =382
Speed (Knots) = 13 , Power (kW) =496
Speed (Knots) = 14 , Power (kW) =628
Speed (Knots) = 15 , Power (kW) =781
Speed (Knots) = 16 , Power (kW) =957
Speed (Knots) = 17 , Power (kW) =1153
Speed (Knots) = 18 , Power (kW) =1366
Speed (Knots) = 19 , Power (kW) =1589
Speed (Knots) = 20 , Power (kW) =1814
Speed (Knots) = 21 , Power (kW) =2035
Speed (Knots) = 22 , Power (kW) =2250
Speed (Knots) = 23 , Power (kW) =2452
Speed (Knots) = 24 , Power (kW) =2634
Speed (Knots) = 25 , Power (kW) =2784
Speed (Knots) = 26 , Power (kW) =2888
Speed (Knots) = 27 , Power (kW) =2949
Speed (Knots) = 28 , Power (kW) =2980
Speed (Knots) = 29 , Power (kW) =2993
Speed (Knots) = 30 , Power (kW) =3000
Speed (Knots) = 31 , Power (kW) =3000
Speed (Knots) = 32 , Power (kW) =3000
Speed (Knots) = 33 , Power (kW) =3000
Speed (Knots) = 34 , Power (kW) =3000
Speed (Knots) = 35 , Power (kW) =3000
Speed (Knots) = 36 , Power (kW) =3000
Speed (Knots) = 37 , Power (kW) =3000
Speed (Knots) = 38 , Power (kW) =3000
Speed (Knots) = 39 , Power (kW) =3000
Speed (Knots) = 40 , Power (kW) =3000
Speed (Knots) = 41 , Power (kW) =3000
Speed (Knots) = 42 , Power (kW) =3000
Speed (Knots) = 43 , Power (kW) =3000
Speed (Knots) = 44 , Power (kW) =3000
Speed (Knots) = 45 , Power (kW) =3000
Speed (Knots) = 46 , Power (kW) =3000
Speed (Knots) = 47 , Power (kW) =3000
Speed (Knots) = 48 , Power (kW) =3000
Speed (Knots) = 49 , Power (kW) =0
Speed (Knots) = 50 , Power (kW) =0
Speed (Knots) = 51 , Power (kW) =0
Speed (Knots) = 52 , Power (kW) =0
Speed (Knots) = 53 , Power (kW) =0
Speed (Knots) = 54 , Power (kW) =0
Speed (Knots) = 55 , Power (kW) =0
Speed (Knots) = 56 , Power (kW) =0
Speed (Knots) = 57 , Power (kW) =0
Speed (Knots) = 58 , Power (kW) =0
Speed (Knots) = 59 , Power (kW) =0
Speed (Knots) = 60 , Power (kW) =0
The scale is 1.0
Wind power at 10 knots in kilowatts is 207.0
Wind power in-cut-out test 0.0
Fuzzy
Class name:edu.pitt.cs.people.guy.wind.benchmarks.Fuzzy5
Success: /Noise_Allowed_Time_Definitions_All_Stations.csv found.
The station is the record is KPHX
Success: /Noise_Allowed_Time_Definitions_All_Stations.csv found.
The station is the record is KPHX
I have found the membership file for NOT WINDY.
Windspeed (knots) [0,1), Membership Value =1.000000000,1.0
Windspeed (knots) [1,2), Membership Value =0.999840232,0.99984026
Windspeed (knots) [2,3), Membership Value =0.997643830,0.9976438
Windspeed (knots) [3,4), Membership Value =0.988018066,0.9880181
Windspeed (knots) [4,5), Membership Value =0.963276854,0.96327686
Windspeed (knots) [5,6), Membership Value =0.915232731,0.9152327
Windspeed (knots) [6,7), Membership Value =0.841737190,0.8417372
Windspeed (knots) [7,8), Membership Value =0.752394815,0.7523948
Windspeed (knots) [8,9), Membership Value =0.655846350,0.65584636
Windspeed (knots) [9,10), Membership Value =0.559982578,0.5599826
Windspeed (knots) [10,11), Membership Value =0.465538138,0.46553814
Windspeed (knots) [11,12), Membership Value =0.373370176,0.37337017
Windspeed (knots) [12,13), Membership Value =0.284243261,0.28424326
Windspeed (knots) [13,14), Membership Value =0.202735662,0.20273566
Windspeed (knots) [14,15), Membership Value =0.125601648,0.12560165
Windspeed (knots) [15,16), Membership Value =0.060810185,0.060810186
Windspeed (knots) [16,17), Membership Value =0.005957039,0.005957039
Windspeed (knots) [17,18), Membership Value =0.000000000,0.0
Windspeed (knots) [18,19), Membership Value =0.000000000,0.0
Windspeed (knots) [19,20), Membership Value =0.000000000,0.0
Windspeed (knots) [20,21), Membership Value =0.000000000,0.0
Windspeed (knots) [21,22), Membership Value =0.000000000,0.0
Windspeed (knots) [22,23), Membership Value =0.000000000,0.0
Windspeed (knots) [23,24), Membership Value =0.000000000,0.0
Windspeed (knots) [24,25), Membership Value =0.000000000,0.0
Windspeed (knots) [25,26), Membership Value =0.000000000,0.0
Windspeed (knots) [26,27), Membership Value =0.000000000,0.0
Windspeed (knots) [27,28), Membership Value =0.000000000,0.0
Windspeed (knots) [28,29), Membership Value =0.000000000,0.0
Windspeed (knots) [29,30), Membership Value =0.000000000,0.0
Windspeed (knots) [30,31), Membership Value =0.000000000,0.0
Windspeed (knots) [31,32), Membership Value =0.000000000,0.0
Windspeed (knots) [32,33), Membership Value =0.000000000,0.0
Windspeed (knots) [33,34), Membership Value =0.000000000,0.0
Windspeed (knots) [34,35), Membership Value =0.000000000,0.0
Windspeed (knots) [35,36), Membership Value =0.000000000,0.0
Windspeed (knots) [36,37), Membership Value =0.000000000,0.0
Windspeed (knots) [37,38), Membership Value =0.000000000,0.0
Windspeed (knots) [38,39), Membership Value =0.000000000,0.0
Windspeed (knots) [39,40), Membership Value =0.000000000,0.0
Windspeed (knots) [40,41), Membership Value =0.000000000,0.0
Windspeed (knots) [41,42), Membership Value =0.000000000,0.0
Windspeed (knots) [42,43), Membership Value =0.000000000,0.0
Windspeed (knots) [43,44), Membership Value =0.000000000,0.0
Windspeed (knots) [44,45), Membership Value =0.000000000,0.0
Windspeed (knots) [45,46), Membership Value =0.000000000,0.0
Windspeed (knots) [46,47), Membership Value =0.000000000,0.0
Windspeed (knots) [47,48), Membership Value =0.000000000,0.0
Windspeed (knots) [48,49), Membership Value =0.000000000,0.0
Windspeed (knots) [49,50), Membership Value =0.000000000,0.0
Windspeed (knots) [50,51), Membership Value =0.000000000,0.0
Windspeed (knots) [51,52), Membership Value =0.000000000,0.0
Windspeed (knots) [52,53), Membership Value =0.000000000,0.0
Windspeed (knots) [53,54), Membership Value =0.000000000,0.0
Windspeed (knots) [54,55), Membership Value =0.000000000,0.0
Windspeed (knots) [55,56), Membership Value =0.000000000,0.0
Windspeed (knots) [56,57), Membership Value =0.000000000,0.0
Windspeed (knots) [57,58), Membership Value =0.000000000,0.0
Windspeed (knots) [58,59), Membership Value =0.000000000,0.0
Windspeed (knots) [59,60), Membership Value =0.000000000,0.0
Windspeed (knots) [60,61), Membership Value =0.000000000,0.0
Windspeed (knots) [61,62), Membership Value =0.000000000,0.0
Windspeed (knots) [62,63), Membership Value =0.000000000,0.0
Windspeed (knots) [63,64), Membership Value =0.000000000,0.0
Windspeed (knots) [64,65), Membership Value =0.000000000,0.0
Windspeed (knots) [65,66), Membership Value =0.000000000,0.0
Windspeed (knots) [66,67), Membership Value =0.000000000,0.0
Windspeed (knots) [67,68), Membership Value =0.000000000,0.0
Windspeed (knots) [68,69), Membership Value =0.000000000,0.0
Windspeed (knots) [69,70), Membership Value =0.000000000,0.0
Windspeed (knots) [70,71), Membership Value =0.000000000,0.0
Windspeed (knots) [71,72), Membership Value =0.000000000,0.0
Windspeed (knots) [72,73), Membership Value =0.000000000,0.0
Windspeed (knots) [73,74), Membership Value =0.000000000,0.0
Windspeed (knots) [74,75), Membership Value =0.000000000,0.0
Windspeed (knots) [75,76), Membership Value =0.000000000,0.0
Windspeed (knots) [76,77), Membership Value =0.000000000,0.0
Windspeed (knots) [77,78), Membership Value =0.000000000,0.0
Windspeed (knots) [78,79), Membership Value =0.000000000,0.0
Windspeed (knots) [79,80), Membership Value =0.000000000,0.0
Windspeed (knots) [80,81), Membership Value =0.000000000,0.0
Windspeed (knots) [81,82), Membership Value =0.000000000,0.0
Windspeed (knots) [82,83), Membership Value =0.000000000,0.0
Windspeed (knots) [83,84), Membership Value =0.000000000,0.0
Windspeed (knots) [84,85), Membership Value =0.000000000,0.0
Windspeed (knots) [85,86), Membership Value =0.000000000,0.0
Windspeed (knots) [86,87), Membership Value =0.000000000,0.0
Windspeed (knots) [87,88), Membership Value =0.000000000,0.0
Windspeed (knots) [88,89), Membership Value =0.000000000,0.0
Windspeed (knots) [89,90), Membership Value =0.000000000,0.0
Windspeed (knots) [90,91), Membership Value =0.000000000,0.0
Windspeed (knots) [91,92), Membership Value =0.000000000,0.0
Windspeed (knots) [92,93), Membership Value =0.000000000,0.0
Windspeed (knots) [93,94), Membership Value =0.000000000,0.0
Windspeed (knots) [94,95), Membership Value =0.000000000,0.0
Windspeed (knots) [95,96), Membership Value =0.000000000,0.0
Windspeed (knots) [96,97), Membership Value =0.000000000,0.0
Windspeed (knots) [97,98), Membership Value =0.000000000,0.0
Windspeed (knots) [98,99), Membership Value =0.000000000,0.0
Windspeed (knots) [99,100), Membership Value =0.000000000,0.0
Windspeed (knots) [100,101), Membership Value =0.000000000,0.0
Windspeed (knots) [101,102), Membership Value =0.000000000,0.0
Windspeed (knots) [102,103), Membership Value =0.000000000,0.0
Windspeed (knots) [103,104), Membership Value =0.000000000,0.0
Windspeed (knots) [104,105), Membership Value =0.000000000,0.0
Windspeed (knots) [105,106), Membership Value =0.000000000,0.0
Windspeed (knots) [106,107), Membership Value =0.000000000,0.0
Windspeed (knots) [107,108), Membership Value =0.000000000,0.0
Windspeed (knots) [108,109), Membership Value =0.000000000,0.0
Windspeed (knots) [109,110), Membership Value =0.000000000,0.0
Windspeed (knots) [110,111), Membership Value =0.000000000,0.0
Windspeed (knots) [111,112), Membership Value =0.000000000,0.0
Windspeed (knots) [112,113), Membership Value =0.000000000,0.0
Windspeed (knots) [113,114), Membership Value =0.000000000,0.0
Windspeed (knots) [114,115), Membership Value =0.000000000,0.0
Windspeed (knots) [115,116), Membership Value =0.000000000,0.0
Windspeed (knots) [116,117), Membership Value =0.000000000,0.0
Windspeed (knots) [117,118), Membership Value =0.000000000,0.0
Windspeed (knots) [118,119), Membership Value =0.000000000,0.0
Windspeed (knots) [119,120), Membership Value =0.000000000,0.0
Windspeed (knots) [120,121), Membership Value =0.000000000,0.0
Windspeed (knots) [121,122), Membership Value =0.000000000,0.0
Windspeed (knots) [122,123), Membership Value =0.000000000,0.0
Windspeed (knots) [123,124), Membership Value =0.000000000,0.0
Windspeed (knots) [124,125), Membership Value =0.000000000,0.0
LowestWindspeedThatIsWindyKnots for station KPHX is 6 knots.
Transition limited :false
bUseWeatherPrediction: false
The running average is 1
The membership_value_deployment_threshold is 0.5
Energy harvested: 2301530.9494445333
iGeneratingEnergyWhenGridNeedsEnergyMinutes =361280
iGeneratingEnergyWhenGridNeedsEnergyMinutes =361280
iUsingEnergyWhenGridNeedsEnergyMinutes =87441
iGeneratingEnergyWhenGridHasExcessEnergyMinutes = 959
iUsingEnergyWhenGridHasExcessEnergyMinutes = 67
iIdleWhenGridDoesNotNeedEnergyMinutes = 45054
iIdleWhenGridNeedsEnergyMinutes = 4239678
iEnergyPriceIsZeroMinutes = 240
harvester.getEnergyHarvestedAVAILABLEKilowattHours( ): 6110979.783333333
harvester.getEnergyHarvestedKilowattHours(): 2301530.9494445333
The running average is 31
The membership_value_deployment_threshold is 0.5
Energy harvested: 2016216.061666955
iGeneratingEnergyWhenGridNeedsEnergyMinutes =266958
iGeneratingEnergyWhenGridNeedsEnergyMinutes =266958
iUsingEnergyWhenGridNeedsEnergyMinutes =20554
iGeneratingEnergyWhenGridHasExcessEnergyMinutes = 876
iUsingEnergyWhenGridHasExcessEnergyMinutes = 17
iIdleWhenGridDoesNotNeedEnergyMinutes = 45187
iIdleWhenGridNeedsEnergyMinutes = 4400887
iEnergyPriceIsZeroMinutes = 240
harvester.getEnergyHarvestedAVAILABLEKilowattHours( ): 6110979.783333333
harvester.getEnergyHarvestedKilowattHours(): 2016216.061666955
The running average is 61
The membership_value_deployment_threshold is 0.5
Energy harvested: 1860814.642778002
iGeneratingEnergyWhenGridNeedsEnergyMinutes =233623
iGeneratingEnergyWhenGridNeedsEnergyMinutes =233623
iUsingEnergyWhenGridNeedsEnergyMinutes =16086
iGeneratingEnergyWhenGridHasExcessEnergyMinutes = 848
iUsingEnergyWhenGridHasExcessEnergyMinutes = 14
iIdleWhenGridDoesNotNeedEnergyMinutes = 45218
iIdleWhenGridNeedsEnergyMinutes = 4438690
iEnergyPriceIsZeroMinutes = 240
harvester.getEnergyHarvestedAVAILABLEKilowattHours( ): 6110979.783333333
harvester.getEnergyHarvestedKilowattHours(): 1860814.642778002
The running average is 91
The membership_value_deployment_threshold is 0.5
Energy harvested: 1728086.4627779615
iGeneratingEnergyWhenGridNeedsEnergyMinutes =209180
iGeneratingEnergyWhenGridNeedsEnergyMinutes =209180
iUsingEnergyWhenGridNeedsEnergyMinutes =13388
iGeneratingEnergyWhenGridHasExcessEnergyMinutes = 832
iUsingEnergyWhenGridHasExcessEnergyMinutes = 12
iIdleWhenGridDoesNotNeedEnergyMinutes = 45236
iIdleWhenGridNeedsEnergyMinutes = 4465831
iEnergyPriceIsZeroMinutes = 240
harvester.getEnergyHarvestedAVAILABLEKilowattHours( ): 6110979.783333333
harvester.getEnergyHarvestedKilowattHours(): 1728086.4627779615
The running average is 121
The membership_value_deployment_threshold is 0.5
Energy harvested: 1623412.1713890499
iGeneratingEnergyWhenGridNeedsEnergyMinutes =190086
iGeneratingEnergyWhenGridNeedsEnergyMinutes =190086
iUsingEnergyWhenGridNeedsEnergyMinutes =11674
iGeneratingEnergyWhenGridHasExcessEnergyMinutes = 824
iUsingEnergyWhenGridHasExcessEnergyMinutes = 15
iIdleWhenGridDoesNotNeedEnergyMinutes = 45241
iIdleWhenGridNeedsEnergyMinutes = 4486639
iEnergyPriceIsZeroMinutes = 240
harvester.getEnergyHarvestedAVAILABLEKilowattHours( ): 6110979.783333333
harvester.getEnergyHarvestedKilowattHours(): 1623412.1713890499
Beginning testing mode:
station,&,deployment_membership_value_threshold_array_for_month_1,&,running_average_size_minutes_for_month_1,&,deployment_membership_value_threshold_array_for_month_2,&,running_average_size_minutes_for_month_2,&,deployment_membership_value_threshold_array_for_month_3,&,running_average_size_minutes_for_month_3,&,deployment_membership_value_threshold_array_for_month_4,&,running_average_size_minutes_for_month_4,&,deployment_membership_value_threshold_array_for_month_5,&,running_average_size_minutes_for_month_5,&,deployment_membership_value_threshold_array_for_month_6,&,running_average_size_minutes_for_month_6,&,deployment_membership_value_threshold_array_for_month_7,&,running_average_size_minutes_for_month_7,&,deployment_membership_value_threshold_array_for_month_8,&,running_average_size_minutes_for_month_8,&,deployment_membership_value_threshold_array_for_month_9,&,running_average_size_minutes_for_month_9,&,deployment_membership_value_threshold_array_for_month_10,&,running_average_size_minutes_for_month_10,&,deployment_membership_value_threshold_array_for_month_11,&,running_average_size_minutes_for_month_11,&,deployment_membership_value_threshold_array_for_month_12,&,running_average_size_minutes_for_month_12,&,dNetNorm,&,dMarketBalancePercentage,&,dMarketNetNorm,
results: KPHX,&,0.5,&,1,&,0.5,&,1,&,0.5,&,1,&,0.5,&,31,&,0.5,&,1,&,0.5,&,1,&,0.5,&,1,&,0.5,&,1,&,0.5,&,1,&,0.5,&,1,&,0.5,&,1,&,0.5,&,1,&,0.3050573736546713,&,0.79931640625,&,0.24383736360971528
monthly visible minutes:KPHX,&,2013,&,4367,&,3525,&,3022,&,5015,&,8672,&,8664,&,8670,&,8672,&,8672,&,8672,&,7852,&,6732,&,
monthly visible minutes:KPHX,&,2014,&,5139,&,6690,&,8661,&,4656,&,6079,&,3993,&,4224,&,2955,&,1934,&,1211,&,1528,&,728,&,
monthly minutes harvester between states:KPHX,&,2013,&,928,&,1054,&,1105,&,532,&,2224,&,2945,&,2166,&,2654,&,2565,&,2305,&,1401,&,934,&,
monthly minutes harvester between states:KPHX,&,2014,&,781,&,1745,&,2485,&,532,&,2084,&,1878,&,2274,&,1632,&,482,&,438,&,569,&,375,&,
FuzzyVsCrisp: KPHX,1,true,true
station,&,deployment_membership_value_threshold_array_for_month_1,&,running_average_size_minutes_for_month_1,&,deployment_membership_value_threshold_array_for_month_2,&,running_average_size_minutes_for_month_2,&,deployment_membership_value_threshold_array_for_month_3,&,running_average_size_minutes_for_month_3,&,deployment_membership_value_threshold_array_for_month_4,&,running_average_size_minutes_for_month_4,&,deployment_membership_value_threshold_array_for_month_5,&,running_average_size_minutes_for_month_5,&,deployment_membership_value_threshold_array_for_month_6,&,running_average_size_minutes_for_month_6,&,deployment_membership_value_threshold_array_for_month_7,&,running_average_size_minutes_for_month_7,&,deployment_membership_value_threshold_array_for_month_8,&,running_average_size_minutes_for_month_8,&,deployment_membership_value_threshold_array_for_month_9,&,running_average_size_minutes_for_month_9,&,deployment_membership_value_threshold_array_for_month_10,&,running_average_size_minutes_for_month_10,&,deployment_membership_value_threshold_array_for_month_11,&,running_average_size_minutes_for_month_11,&,deployment_membership_value_threshold_array_for_month_12,&,running_average_size_minutes_for_month_12,&,dNetNorm,&,dMarketBalancePercentage,&,dMarketNetNorm,
results: KPHX,&,0.5,&,1,&,0.5,&,1,&,0.5,&,31,&,0.5,&,31,&,0.5,&,31,&,0.5,&,31,&,0.5,&,1,&,0.5,&,1,&,0.5,&,31,&,0.5,&,31,&,0.5,&,1,&,0.5,&,31,&,0.2949073908223266,&,0.8806799311614988,&,0.2597190206484238
monthly visible minutes:KPHX,&,2013,&,4367,&,3525,&,3022,&,5015,&,8672,&,8664,&,8670,&,8672,&,8672,&,8672,&,7852,&,6732,&,
monthly visible minutes:KPHX,&,2014,&,5139,&,6690,&,8661,&,4656,&,6079,&,3993,&,4224,&,2955,&,1934,&,1211,&,1528,&,728,&,
monthly minutes harvester between states:KPHX,&,2013,&,928,&,1054,&,1105,&,532,&,2224,&,2945,&,2166,&,2654,&,2565,&,2305,&,1401,&,934,&,
monthly minutes harvester between states:KPHX,&,2014,&,781,&,1745,&,2485,&,532,&,2084,&,1878,&,2274,&,1632,&,482,&,438,&,569,&,375,&,
FuzzyVsCrisp: KPHX,1,true,true
Station: KPIT
abc: The current path is /home/guy/retractable-wind
I have found the property file.
The training windspeed filename is /trainingKPIT2004-2012in.csv
The testing windspeed filename is /testingKPIT2013-2014in.csv
Yes, the station is KPIT
Warning: The bAlsoUsePrediction no longer has any effect
iUsedAllItsAllocatedVisibilityMinutesPerMonth: 8760
Visibility Allocation Minutes:8760
HARVESTER_SIZE_SQM is 6362
Reading file
Success: /Wind turbine power curves - wind turbine power output against wind speed in knots.csv found.
Speed (Knots) = Speed(knots) vs power (kW) , Power (kW) =V90
Speed (Knots) = 0 , Power (kW) =0
Speed (Knots) = 1 , Power (kW) =0
Speed (Knots) = 2 , Power (kW) =0
Speed (Knots) = 3 , Power (kW) =0
Speed (Knots) = 4 , Power (kW) =0
Speed (Knots) = 5 , Power (kW) =0
Speed (Knots) = 6 , Power (kW) =0
Speed (Knots) = 7 , Power (kW) =38
Speed (Knots) = 8 , Power (kW) =87
Speed (Knots) = 9 , Power (kW) =141
Speed (Knots) = 10 , Power (kW) =207
Speed (Knots) = 11 , Power (kW) =286
Speed (Knots) = 12 , Power (kW) =382
Speed (Knots) = 13 , Power (kW) =496
Speed (Knots) = 14 , Power (kW) =628
Speed (Knots) = 15 , Power (kW) =781
Speed (Knots) = 16 , Power (kW) =957
Speed (Knots) = 17 , Power (kW) =1153
Speed (Knots) = 18 , Power (kW) =1366
Speed (Knots) = 19 , Power (kW) =1589
Speed (Knots) = 20 , Power (kW) =1814
Speed (Knots) = 21 , Power (kW) =2035
Speed (Knots) = 22 , Power (kW) =2250
Speed (Knots) = 23 , Power (kW) =2452
Speed (Knots) = 24 , Power (kW) =2634
Speed (Knots) = 25 , Power (kW) =2784
Speed (Knots) = 26 , Power (kW) =2888
Speed (Knots) = 27 , Power (kW) =2949
Speed (Knots) = 28 , Power (kW) =2980
Speed (Knots) = 29 , Power (kW) =2993
Speed (Knots) = 30 , Power (kW) =3000
Speed (Knots) = 31 , Power (kW) =3000
Speed (Knots) = 32 , Power (kW) =3000
Speed (Knots) = 33 , Power (kW) =3000
Speed (Knots) = 34 , Power (kW) =3000
Speed (Knots) = 35 , Power (kW) =3000
Speed (Knots) = 36 , Power (kW) =3000
Speed (Knots) = 37 , Power (kW) =3000
Speed (Knots) = 38 , Power (kW) =3000
Speed (Knots) = 39 , Power (kW) =3000
Speed (Knots) = 40 , Power (kW) =3000
Speed (Knots) = 41 , Power (kW) =3000
Speed (Knots) = 42 , Power (kW) =3000
Speed (Knots) = 43 , Power (kW) =3000
Speed (Knots) = 44 , Power (kW) =3000
Speed (Knots) = 45 , Power (kW) =3000
Speed (Knots) = 46 , Power (kW) =3000
Speed (Knots) = 47 , Power (kW) =3000
Speed (Knots) = 48 , Power (kW) =3000
Speed (Knots) = 49 , Power (kW) =0
Speed (Knots) = 50 , Power (kW) =0
Speed (Knots) = 51 , Power (kW) =0
Speed (Knots) = 52 , Power (kW) =0
Speed (Knots) = 53 , Power (kW) =0
Speed (Knots) = 54 , Power (kW) =0
Speed (Knots) = 55 , Power (kW) =0
Speed (Knots) = 56 , Power (kW) =0
Speed (Knots) = 57 , Power (kW) =0
Speed (Knots) = 58 , Power (kW) =0
Speed (Knots) = 59 , Power (kW) =0
Speed (Knots) = 60 , Power (kW) =0
The scale is 1.0
Wind power at 10 knots in kilowatts is 207.0
Wind power in-cut-out test 0.0
Fuzzy
Class name:edu.pitt.cs.people.guy.wind.benchmarks.Fuzzy5
Success: /Noise_Allowed_Time_Definitions_All_Stations.csv found.
The station is the record is KPIT
Success: /Noise_Allowed_Time_Definitions_All_Stations.csv found.
The station is the record is KPIT
I have found the membership file for NOT WINDY.
Windspeed (knots) [0,1), Membership Value =1.00000000,1.0
Windspeed (knots) [1,2), Membership Value =0.99989125,0.9998912
Windspeed (knots) [2,3), Membership Value =0.99872371,0.9987237
Windspeed (knots) [3,4), Membership Value =0.99363806,0.99363804
Windspeed (knots) [4,5), Membership Value =0.98028956,0.9802896
Windspeed (knots) [5,6), Membership Value =0.95471914,0.9547191
Windspeed (knots) [6,7), Membership Value =0.91492798,0.91492796
Windspeed (knots) [7,8), Membership Value =0.85881581,0.8588158
Windspeed (knots) [8,9), Membership Value =0.78766839,0.7876684
Windspeed (knots) [9,10), Membership Value =0.70331211,0.7033121
Windspeed (knots) [10,11), Membership Value =0.61076914,0.61076915
Windspeed (knots) [11,12), Membership Value =0.51436454,0.51436454
Windspeed (knots) [12,13), Membership Value =0.41845409,0.41845408
Windspeed (knots) [13,14), Membership Value =0.32501766,0.32501766
Windspeed (knots) [14,15), Membership Value =0.23678359,0.2367836
Windspeed (knots) [15,16), Membership Value =0.15551457,0.15551457
Windspeed (knots) [16,17), Membership Value =0.08122689,0.08122689
Windspeed (knots) [17,18), Membership Value =0.01593995,0.01593995
Windspeed (knots) [18,19), Membership Value =0.00000000,0.0
Windspeed (knots) [19,20), Membership Value =0.00000000,0.0
Windspeed (knots) [20,21), Membership Value =0.00000000,0.0
Windspeed (knots) [21,22), Membership Value =0.00000000,0.0
Windspeed (knots) [22,23), Membership Value =0.00000000,0.0
Windspeed (knots) [23,24), Membership Value =0.00000000,0.0
Windspeed (knots) [24,25), Membership Value =0.00000000,0.0
Windspeed (knots) [25,26), Membership Value =0.00000000,0.0
Windspeed (knots) [26,27), Membership Value =0.00000000,0.0
Windspeed (knots) [27,28), Membership Value =0.00000000,0.0
Windspeed (knots) [28,29), Membership Value =0.00000000,0.0
Windspeed (knots) [29,30), Membership Value =0.00000000,0.0
Windspeed (knots) [30,31), Membership Value =0.00000000,0.0
Windspeed (knots) [31,32), Membership Value =0.00000000,0.0
Windspeed (knots) [32,33), Membership Value =0.00000000,0.0
Windspeed (knots) [33,34), Membership Value =0.00000000,0.0
Windspeed (knots) [34,35), Membership Value =0.00000000,0.0
Windspeed (knots) [35,36), Membership Value =0.00000000,0.0
Windspeed (knots) [36,37), Membership Value =0.00000000,0.0
Windspeed (knots) [37,38), Membership Value =0.00000000,0.0
Windspeed (knots) [38,39), Membership Value =0.00000000,0.0
Windspeed (knots) [39,40), Membership Value =0.00000000,0.0
Windspeed (knots) [40,41), Membership Value =0.00000000,0.0
Windspeed (knots) [41,42), Membership Value =0.00000000,0.0
Windspeed (knots) [42,43), Membership Value =0.00000000,0.0
Windspeed (knots) [43,44), Membership Value =0.00000000,0.0
Windspeed (knots) [44,45), Membership Value =0.00000000,0.0
Windspeed (knots) [45,46), Membership Value =0.00000000,0.0
Windspeed (knots) [46,47), Membership Value =0.00000000,0.0
Windspeed (knots) [47,48), Membership Value =0.00000000,0.0
Windspeed (knots) [48,49), Membership Value =0.00000000,0.0
Windspeed (knots) [49,50), Membership Value =0.00000000,0.0
Windspeed (knots) [50,51), Membership Value =0.00000000,0.0
Windspeed (knots) [51,52), Membership Value =0.00000000,0.0
Windspeed (knots) [52,53), Membership Value =0.00000000,0.0
Windspeed (knots) [53,54), Membership Value =0.00000000,0.0
Windspeed (knots) [54,55), Membership Value =0.00000000,0.0
Windspeed (knots) [55,56), Membership Value =0.00000000,0.0
Windspeed (knots) [56,57), Membership Value =0.00000000,0.0
Windspeed (knots) [57,58), Membership Value =0.00000000,0.0
Windspeed (knots) [58,59), Membership Value =0.00000000,0.0
Windspeed (knots) [59,60), Membership Value =0.00000000,0.0
Windspeed (knots) [60,61), Membership Value =0.00000000,0.0
Windspeed (knots) [61,62), Membership Value =0.00000000,0.0
Windspeed (knots) [62,63), Membership Value =0.00000000,0.0
Windspeed (knots) [63,64), Membership Value =0.00000000,0.0
Windspeed (knots) [64,65), Membership Value =0.00000000,0.0
Windspeed (knots) [65,66), Membership Value =0.00000000,0.0
Windspeed (knots) [66,67), Membership Value =0.00000000,0.0
Windspeed (knots) [67,68), Membership Value =0.00000000,0.0
Windspeed (knots) [68,69), Membership Value =0.00000000,0.0
Windspeed (knots) [69,70), Membership Value =0.00000000,0.0
Windspeed (knots) [70,71), Membership Value =0.00000000,0.0
Windspeed (knots) [71,72), Membership Value =0.00000000,0.0
Windspeed (knots) [72,73), Membership Value =0.00000000,0.0
Windspeed (knots) [73,74), Membership Value =0.00000000,0.0
Windspeed (knots) [74,75), Membership Value =0.00000000,0.0
Windspeed (knots) [75,76), Membership Value =0.00000000,0.0
Windspeed (knots) [76,77), Membership Value =0.00000000,0.0
Windspeed (knots) [77,78), Membership Value =0.00000000,0.0
Windspeed (knots) [78,79), Membership Value =0.00000000,0.0
Windspeed (knots) [79,80), Membership Value =0.00000000,0.0
Windspeed (knots) [80,81), Membership Value =0.00000000,0.0
Windspeed (knots) [81,82), Membership Value =0.00000000,0.0
Windspeed (knots) [82,83), Membership Value =0.00000000,0.0
Windspeed (knots) [83,84), Membership Value =0.00000000,0.0
Windspeed (knots) [84,85), Membership Value =0.00000000,0.0
Windspeed (knots) [85,86), Membership Value =0.00000000,0.0
Windspeed (knots) [86,87), Membership Value =0.00000000,0.0
Windspeed (knots) [87,88), Membership Value =0.00000000,0.0
Windspeed (knots) [88,89), Membership Value =0.00000000,0.0
Windspeed (knots) [89,90), Membership Value =0.00000000,0.0
Windspeed (knots) [90,91), Membership Value =0.00000000,0.0
Windspeed (knots) [91,92), Membership Value =0.00000000,0.0
Windspeed (knots) [92,93), Membership Value =0.00000000,0.0
Windspeed (knots) [93,94), Membership Value =0.00000000,0.0
Windspeed (knots) [94,95), Membership Value =0.00000000,0.0
Windspeed (knots) [95,96), Membership Value =0.00000000,0.0
Windspeed (knots) [96,97), Membership Value =0.00000000,0.0
Windspeed (knots) [97,98), Membership Value =0.00000000,0.0
Windspeed (knots) [98,99), Membership Value =0.00000000,0.0
Windspeed (knots) [99,100), Membership Value =0.00000000,0.0
Windspeed (knots) [100,101), Membership Value =0.00000000,0.0
Windspeed (knots) [101,102), Membership Value =0.00000000,0.0
Windspeed (knots) [102,103), Membership Value =0.00000000,0.0
Windspeed (knots) [103,104), Membership Value =0.00000000,0.0
Windspeed (knots) [104,105), Membership Value =0.00000000,0.0
Windspeed (knots) [105,106), Membership Value =0.00000000,0.0
Windspeed (knots) [106,107), Membership Value =0.00000000,0.0
Windspeed (knots) [107,108), Membership Value =0.00000000,0.0
Windspeed (knots) [108,109), Membership Value =0.00000000,0.0
Windspeed (knots) [109,110), Membership Value =0.00000000,0.0
Windspeed (knots) [110,111), Membership Value =0.00000000,0.0
Windspeed (knots) [111,112), Membership Value =0.00000000,0.0
Windspeed (knots) [112,113), Membership Value =0.00000000,0.0
Windspeed (knots) [113,114), Membership Value =0.00000000,0.0
Windspeed (knots) [114,115), Membership Value =0.00000000,0.0
Windspeed (knots) [115,116), Membership Value =0.00000000,0.0
Windspeed (knots) [116,117), Membership Value =0.00000000,0.0
Windspeed (knots) [117,118), Membership Value =0.00000000,0.0
Windspeed (knots) [118,119), Membership Value =0.00000000,0.0
Windspeed (knots) [119,120), Membership Value =0.00000000,0.0
Windspeed (knots) [120,121), Membership Value =0.00000000,0.0
Windspeed (knots) [121,122), Membership Value =0.00000000,0.0
Windspeed (knots) [122,123), Membership Value =0.00000000,0.0
Windspeed (knots) [123,124), Membership Value =0.00000000,0.0
Windspeed (knots) [124,125), Membership Value =0.00000000,0.0
LowestWindspeedThatIsWindyKnots for station KPIT is 7 knots.
Transition limited :false
bUseWeatherPrediction: false
The running average is 1
The membership_value_deployment_threshold is 0.5
Energy harvested: 5249585.279719933
iGeneratingEnergyWhenGridNeedsEnergyMinutes =699040
iGeneratingEnergyWhenGridNeedsEnergyMinutes =699040
iUsingEnergyWhenGridNeedsEnergyMinutes =54917
iGeneratingEnergyWhenGridHasExcessEnergyMinutes = 1451
iUsingEnergyWhenGridHasExcessEnergyMinutes = 126
iIdleWhenGridDoesNotNeedEnergyMinutes = 44503
iIdleWhenGridNeedsEnergyMinutes = 3934442
iEnergyPriceIsZeroMinutes = 240
harvester.getEnergyHarvestedAVAILABLEKilowattHours( ): 9992927.966666667
harvester.getEnergyHarvestedKilowattHours(): 5249585.279719933
The running average is 31
The membership_value_deployment_threshold is 0.5
Energy harvested: 5127485.9549987465
iGeneratingEnergyWhenGridNeedsEnergyMinutes =556650
iGeneratingEnergyWhenGridNeedsEnergyMinutes =556650
iUsingEnergyWhenGridNeedsEnergyMinutes =18857
iGeneratingEnergyWhenGridHasExcessEnergyMinutes = 2333
iUsingEnergyWhenGridHasExcessEnergyMinutes = 34
iIdleWhenGridDoesNotNeedEnergyMinutes = 43713
iIdleWhenGridNeedsEnergyMinutes = 4112892
iEnergyPriceIsZeroMinutes = 240
harvester.getEnergyHarvestedAVAILABLEKilowattHours( ): 9992927.966666667
harvester.getEnergyHarvestedKilowattHours(): 5127485.9549987465
The running average is 61
The membership_value_deployment_threshold is 0.5
Energy harvested: 4890634.7902765395
iGeneratingEnergyWhenGridNeedsEnergyMinutes =504866
iGeneratingEnergyWhenGridNeedsEnergyMinutes =504866
iUsingEnergyWhenGridNeedsEnergyMinutes =14882
iGeneratingEnergyWhenGridHasExcessEnergyMinutes = 2229
iUsingEnergyWhenGridHasExcessEnergyMinutes = 63
iIdleWhenGridDoesNotNeedEnergyMinutes = 43788
iIdleWhenGridNeedsEnergyMinutes = 4168651
iEnergyPriceIsZeroMinutes = 240
harvester.getEnergyHarvestedAVAILABLEKilowattHours( ): 9992927.966666667
harvester.getEnergyHarvestedKilowattHours(): 4890634.7902765395
The running average is 91
The membership_value_deployment_threshold is 0.5
Energy harvested: 4728280.008887675
iGeneratingEnergyWhenGridNeedsEnergyMinutes =474534
iGeneratingEnergyWhenGridNeedsEnergyMinutes =474534
iUsingEnergyWhenGridNeedsEnergyMinutes =12875
iGeneratingEnergyWhenGridHasExcessEnergyMinutes = 2001
iUsingEnergyWhenGridHasExcessEnergyMinutes = 76
iIdleWhenGridDoesNotNeedEnergyMinutes = 44003
iIdleWhenGridNeedsEnergyMinutes = 4200990
iEnergyPriceIsZeroMinutes = 240
harvester.getEnergyHarvestedAVAILABLEKilowattHours( ): 9992927.966666667
harvester.getEnergyHarvestedKilowattHours(): 4728280.008887675
The running average is 121
The membership_value_deployment_threshold is 0.5
Energy harvested: 4595933.736387691
iGeneratingEnergyWhenGridNeedsEnergyMinutes =451200
iGeneratingEnergyWhenGridNeedsEnergyMinutes =451200
iUsingEnergyWhenGridNeedsEnergyMinutes =11352
iGeneratingEnergyWhenGridHasExcessEnergyMinutes = 1915
iUsingEnergyWhenGridHasExcessEnergyMinutes = 77
iIdleWhenGridDoesNotNeedEnergyMinutes = 44088
iIdleWhenGridNeedsEnergyMinutes = 4225847
iEnergyPriceIsZeroMinutes = 240
harvester.getEnergyHarvestedAVAILABLEKilowattHours( ): 9992927.966666667
harvester.getEnergyHarvestedKilowattHours(): 4595933.736387691
Beginning testing mode:
station,&,deployment_membership_value_threshold_array_for_month_1,&,running_average_size_minutes_for_month_1,&,deployment_membership_value_threshold_array_for_month_2,&,running_average_size_minutes_for_month_2,&,deployment_membership_value_threshold_array_for_month_3,&,running_average_size_minutes_for_month_3,&,deployment_membership_value_threshold_array_for_month_4,&,running_average_size_minutes_for_month_4,&,deployment_membership_value_threshold_array_for_month_5,&,running_average_size_minutes_for_month_5,&,deployment_membership_value_threshold_array_for_month_6,&,running_average_size_minutes_for_month_6,&,deployment_membership_value_threshold_array_for_month_7,&,running_average_size_minutes_for_month_7,&,deployment_membership_value_threshold_array_for_month_8,&,running_average_size_minutes_for_month_8,&,deployment_membership_value_threshold_array_for_month_9,&,running_average_size_minutes_for_month_9,&,deployment_membership_value_threshold_array_for_month_10,&,running_average_size_minutes_for_month_10,&,deployment_membership_value_threshold_array_for_month_11,&,running_average_size_minutes_for_month_11,&,deployment_membership_value_threshold_array_for_month_12,&,running_average_size_minutes_for_month_12,&,dNetNorm,&,dMarketBalancePercentage,&,dMarketNetNorm,
results: KPIT,&,0.5,&,31,&,0.5,&,31,&,0.5,&,31,&,0.5,&,91,&,0.5,&,1,&,0.5,&,1,&,0.5,&,1,&,0.5,&,1,&,0.5,&,1,&,0.5,&,31,&,0.5,&,61,&,0.5,&,121,&,0.486350369733623,&,0.9345922588165058,&,0.45453929062558945
monthly visible minutes:KPIT,&,2013,&,8254,&,8031,&,8672,&,8672,&,8672,&,8672,&,8664,&,8672,&,8672,&,3637,&,8672,&,5350,&,
monthly visible minutes:KPIT,&,2014,&,8672,&,7778,&,8672,&,8672,&,3942,&,1674,&,3717,&,1771,&,2767,&,8672,&,8672,&,4876,&,
monthly minutes harvester between states:KPIT,&,2013,&,512,&,646,&,570,&,608,&,714,&,942,&,1528,&,1144,&,1204,&,418,&,608,&,377,&,
monthly minutes harvester between states:KPIT,&,2014,&,570,&,499,&,570,&,532,&,1142,&,681,&,792,&,512,&,823,&,570,&,532,&,371,&,
FuzzyVsCrisp: KPIT,1,true,true
station,&,deployment_membership_value_threshold_array_for_month_1,&,running_average_size_minutes_for_month_1,&,deployment_membership_value_threshold_array_for_month_2,&,running_average_size_minutes_for_month_2,&,deployment_membership_value_threshold_array_for_month_3,&,running_average_size_minutes_for_month_3,&,deployment_membership_value_threshold_array_for_month_4,&,running_average_size_minutes_for_month_4,&,deployment_membership_value_threshold_array_for_month_5,&,running_average_size_minutes_for_month_5,&,deployment_membership_value_threshold_array_for_month_6,&,running_average_size_minutes_for_month_6,&,deployment_membership_value_threshold_array_for_month_7,&,running_average_size_minutes_for_month_7,&,deployment_membership_value_threshold_array_for_month_8,&,running_average_size_minutes_for_month_8,&,deployment_membership_value_threshold_array_for_month_9,&,running_average_size_minutes_for_month_9,&,deployment_membership_value_threshold_array_for_month_10,&,running_average_size_minutes_for_month_10,&,deployment_membership_value_threshold_array_for_month_11,&,running_average_size_minutes_for_month_11,&,deployment_membership_value_threshold_array_for_month_12,&,running_average_size_minutes_for_month_12,&,dNetNorm,&,dMarketBalancePercentage,&,dMarketNetNorm,
results: KPIT,&,0.5,&,121,&,0.5,&,31,&,0.5,&,31,&,0.5,&,91,&,0.5,&,1,&,0.5,&,1,&,0.5,&,1,&,0.5,&,1,&,0.5,&,1,&,0.5,&,31,&,0.5,&,61,&,0.5,&,121,&,0.4789632051847583,&,0.9338823135734394,&,0.44729526617449206
monthly visible minutes:KPIT,&,2013,&,8254,&,8031,&,8672,&,8672,&,8672,&,8672,&,8664,&,8672,&,8672,&,3637,&,8672,&,5350,&,
monthly visible minutes:KPIT,&,2014,&,8672,&,7778,&,8672,&,8672,&,3942,&,1674,&,3717,&,1771,&,2767,&,8672,&,8672,&,4876,&,
monthly minutes harvester between states:KPIT,&,2013,&,512,&,646,&,570,&,608,&,714,&,942,&,1528,&,1144,&,1204,&,418,&,608,&,377,&,
monthly minutes harvester between states:KPIT,&,2014,&,570,&,499,&,570,&,532,&,1142,&,681,&,792,&,512,&,823,&,570,&,532,&,371,&,
FuzzyVsCrisp: KPIT,1,true,true
Station: KSAC
abc: The current path is /home/guy/retractable-wind
I have found the property file.
The training windspeed filename is /trainingKSAC2004-2012in.csv
The testing windspeed filename is /testingKSAC2013-2014in.csv
Yes, the station is KSAC
Warning: The bAlsoUsePrediction no longer has any effect
iUsedAllItsAllocatedVisibilityMinutesPerMonth: 8760
Visibility Allocation Minutes:8760
HARVESTER_SIZE_SQM is 6362
Reading file
Success: /Wind turbine power curves - wind turbine power output against wind speed in knots.csv found.
Speed (Knots) = Speed(knots) vs power (kW) , Power (kW) =V90
Speed (Knots) = 0 , Power (kW) =0
Speed (Knots) = 1 , Power (kW) =0
Speed (Knots) = 2 , Power (kW) =0
Speed (Knots) = 3 , Power (kW) =0
Speed (Knots) = 4 , Power (kW) =0
Speed (Knots) = 5 , Power (kW) =0
Speed (Knots) = 6 , Power (kW) =0
Speed (Knots) = 7 , Power (kW) =38
Speed (Knots) = 8 , Power (kW) =87
Speed (Knots) = 9 , Power (kW) =141
Speed (Knots) = 10 , Power (kW) =207
Speed (Knots) = 11 , Power (kW) =286
Speed (Knots) = 12 , Power (kW) =382
Speed (Knots) = 13 , Power (kW) =496
Speed (Knots) = 14 , Power (kW) =628
Speed (Knots) = 15 , Power (kW) =781
Speed (Knots) = 16 , Power (kW) =957
Speed (Knots) = 17 , Power (kW) =1153
Speed (Knots) = 18 , Power (kW) =1366
Speed (Knots) = 19 , Power (kW) =1589
Speed (Knots) = 20 , Power (kW) =1814
Speed (Knots) = 21 , Power (kW) =2035
Speed (Knots) = 22 , Power (kW) =2250
Speed (Knots) = 23 , Power (kW) =2452
Speed (Knots) = 24 , Power (kW) =2634
Speed (Knots) = 25 , Power (kW) =2784
Speed (Knots) = 26 , Power (kW) =2888
Speed (Knots) = 27 , Power (kW) =2949
Speed (Knots) = 28 , Power (kW) =2980
Speed (Knots) = 29 , Power (kW) =2993
Speed (Knots) = 30 , Power (kW) =3000
Speed (Knots) = 31 , Power (kW) =3000
Speed (Knots) = 32 , Power (kW) =3000
Speed (Knots) = 33 , Power (kW) =3000
Speed (Knots) = 34 , Power (kW) =3000
Speed (Knots) = 35 , Power (kW) =3000
Speed (Knots) = 36 , Power (kW) =3000
Speed (Knots) = 37 , Power (kW) =3000
Speed (Knots) = 38 , Power (kW) =3000
Speed (Knots) = 39 , Power (kW) =3000
Speed (Knots) = 40 , Power (kW) =3000
Speed (Knots) = 41 , Power (kW) =3000
Speed (Knots) = 42 , Power (kW) =3000
Speed (Knots) = 43 , Power (kW) =3000
Speed (Knots) = 44 , Power (kW) =3000
Speed (Knots) = 45 , Power (kW) =3000
Speed (Knots) = 46 , Power (kW) =3000
Speed (Knots) = 47 , Power (kW) =3000
Speed (Knots) = 48 , Power (kW) =3000
Speed (Knots) = 49 , Power (kW) =0
Speed (Knots) = 50 , Power (kW) =0
Speed (Knots) = 51 , Power (kW) =0
Speed (Knots) = 52 , Power (kW) =0
Speed (Knots) = 53 , Power (kW) =0
Speed (Knots) = 54 , Power (kW) =0
Speed (Knots) = 55 , Power (kW) =0
Speed (Knots) = 56 , Power (kW) =0
Speed (Knots) = 57 , Power (kW) =0
Speed (Knots) = 58 , Power (kW) =0
Speed (Knots) = 59 , Power (kW) =0
Speed (Knots) = 60 , Power (kW) =0
The scale is 1.0
Wind power at 10 knots in kilowatts is 207.0
Wind power in-cut-out test 0.0
Fuzzy
Class name:edu.pitt.cs.people.guy.wind.benchmarks.Fuzzy5
Success: /Noise_Allowed_Time_Definitions_All_Stations.csv found.
The station is the record is KSAC
Success: /Noise_Allowed_Time_Definitions_All_Stations.csv found.
The station is the record is KSAC
I have found the membership file for NOT WINDY.
Windspeed (knots) [0,1), Membership Value =1.00000000,1.0
Windspeed (knots) [1,2), Membership Value =0.99973311,0.9997331
Windspeed (knots) [2,3), Membership Value =0.99693987,0.9969399
Windspeed (knots) [3,4), Membership Value =0.98644995,0.98644996
Windspeed (knots) [4,5), Membership Value =0.96259099,0.962591
Windspeed (knots) [5,6), Membership Value =0.92142306,0.9214231
Windspeed (knots) [6,7), Membership Value =0.86200159,0.8620016
Windspeed (knots) [7,8), Membership Value =0.78174397,0.78174394
Windspeed (knots) [8,9), Membership Value =0.68863577,0.68863577
Windspeed (knots) [9,10), Membership Value =0.58899832,0.5889983
Windspeed (knots) [10,11), Membership Value =0.48746724,0.48746723
Windspeed (knots) [11,12), Membership Value =0.38885905,0.38885906
Windspeed (knots) [12,13), Membership Value =0.29687558,0.29687557
Windspeed (knots) [13,14), Membership Value =0.21325590,0.2132559
Windspeed (knots) [14,15), Membership Value =0.13810953,0.13810953
Windspeed (knots) [15,16), Membership Value =0.07087199,0.07087199
Windspeed (knots) [16,17), Membership Value =0.01076194,0.01076194
Windspeed (knots) [17,18), Membership Value =0.00000000,0.0
Windspeed (knots) [18,19), Membership Value =0.00000000,0.0
Windspeed (knots) [19,20), Membership Value =0.00000000,0.0
Windspeed (knots) [20,21), Membership Value =0.00000000,0.0
Windspeed (knots) [21,22), Membership Value =0.00000000,0.0
Windspeed (knots) [22,23), Membership Value =0.00000000,0.0
Windspeed (knots) [23,24), Membership Value =0.00000000,0.0
Windspeed (knots) [24,25), Membership Value =0.00000000,0.0
Windspeed (knots) [25,26), Membership Value =0.00000000,0.0
Windspeed (knots) [26,27), Membership Value =0.00000000,0.0
Windspeed (knots) [27,28), Membership Value =0.00000000,0.0
Windspeed (knots) [28,29), Membership Value =0.00000000,0.0
Windspeed (knots) [29,30), Membership Value =0.00000000,0.0
Windspeed (knots) [30,31), Membership Value =0.00000000,0.0
Windspeed (knots) [31,32), Membership Value =0.00000000,0.0
Windspeed (knots) [32,33), Membership Value =0.00000000,0.0
Windspeed (knots) [33,34), Membership Value =0.00000000,0.0
Windspeed (knots) [34,35), Membership Value =0.00000000,0.0
Windspeed (knots) [35,36), Membership Value =0.00000000,0.0
Windspeed (knots) [36,37), Membership Value =0.00000000,0.0
Windspeed (knots) [37,38), Membership Value =0.00000000,0.0
Windspeed (knots) [38,39), Membership Value =0.00000000,0.0
Windspeed (knots) [39,40), Membership Value =0.00000000,0.0
Windspeed (knots) [40,41), Membership Value =0.00000000,0.0
Windspeed (knots) [41,42), Membership Value =0.00000000,0.0
Windspeed (knots) [42,43), Membership Value =0.00000000,0.0
Windspeed (knots) [43,44), Membership Value =0.00000000,0.0
Windspeed (knots) [44,45), Membership Value =0.00000000,0.0
Windspeed (knots) [45,46), Membership Value =0.00000000,0.0
Windspeed (knots) [46,47), Membership Value =0.00000000,0.0
Windspeed (knots) [47,48), Membership Value =0.00000000,0.0
Windspeed (knots) [48,49), Membership Value =0.00000000,0.0
Windspeed (knots) [49,50), Membership Value =0.00000000,0.0
Windspeed (knots) [50,51), Membership Value =0.00000000,0.0
Windspeed (knots) [51,52), Membership Value =0.00000000,0.0
Windspeed (knots) [52,53), Membership Value =0.00000000,0.0
Windspeed (knots) [53,54), Membership Value =0.00000000,0.0
Windspeed (knots) [54,55), Membership Value =0.00000000,0.0
Windspeed (knots) [55,56), Membership Value =0.00000000,0.0
Windspeed (knots) [56,57), Membership Value =0.00000000,0.0
Windspeed (knots) [57,58), Membership Value =0.00000000,0.0
Windspeed (knots) [58,59), Membership Value =0.00000000,0.0
Windspeed (knots) [59,60), Membership Value =0.00000000,0.0
Windspeed (knots) [60,61), Membership Value =0.00000000,0.0
Windspeed (knots) [61,62), Membership Value =0.00000000,0.0
Windspeed (knots) [62,63), Membership Value =0.00000000,0.0
Windspeed (knots) [63,64), Membership Value =0.00000000,0.0
Windspeed (knots) [64,65), Membership Value =0.00000000,0.0
Windspeed (knots) [65,66), Membership Value =0.00000000,0.0
Windspeed (knots) [66,67), Membership Value =0.00000000,0.0
Windspeed (knots) [67,68), Membership Value =0.00000000,0.0
Windspeed (knots) [68,69), Membership Value =0.00000000,0.0
Windspeed (knots) [69,70), Membership Value =0.00000000,0.0
Windspeed (knots) [70,71), Membership Value =0.00000000,0.0
Windspeed (knots) [71,72), Membership Value =0.00000000,0.0
Windspeed (knots) [72,73), Membership Value =0.00000000,0.0
Windspeed (knots) [73,74), Membership Value =0.00000000,0.0
Windspeed (knots) [74,75), Membership Value =0.00000000,0.0
Windspeed (knots) [75,76), Membership Value =0.00000000,0.0
Windspeed (knots) [76,77), Membership Value =0.00000000,0.0
Windspeed (knots) [77,78), Membership Value =0.00000000,0.0
Windspeed (knots) [78,79), Membership Value =0.00000000,0.0
Windspeed (knots) [79,80), Membership Value =0.00000000,0.0
Windspeed (knots) [80,81), Membership Value =0.00000000,0.0
Windspeed (knots) [81,82), Membership Value =0.00000000,0.0
Windspeed (knots) [82,83), Membership Value =0.00000000,0.0
Windspeed (knots) [83,84), Membership Value =0.00000000,0.0
Windspeed (knots) [84,85), Membership Value =0.00000000,0.0
Windspeed (knots) [85,86), Membership Value =0.00000000,0.0
Windspeed (knots) [86,87), Membership Value =0.00000000,0.0
Windspeed (knots) [87,88), Membership Value =0.00000000,0.0
Windspeed (knots) [88,89), Membership Value =0.00000000,0.0
Windspeed (knots) [89,90), Membership Value =0.00000000,0.0
Windspeed (knots) [90,91), Membership Value =0.00000000,0.0
Windspeed (knots) [91,92), Membership Value =0.00000000,0.0
Windspeed (knots) [92,93), Membership Value =0.00000000,0.0
Windspeed (knots) [93,94), Membership Value =0.00000000,0.0
Windspeed (knots) [94,95), Membership Value =0.00000000,0.0
Windspeed (knots) [95,96), Membership Value =0.00000000,0.0
Windspeed (knots) [96,97), Membership Value =0.00000000,0.0
Windspeed (knots) [97,98), Membership Value =0.00000000,0.0
Windspeed (knots) [98,99), Membership Value =0.00000000,0.0
Windspeed (knots) [99,100), Membership Value =0.00000000,0.0
Windspeed (knots) [100,101), Membership Value =0.00000000,0.0
Windspeed (knots) [101,102), Membership Value =0.00000000,0.0
Windspeed (knots) [102,103), Membership Value =0.00000000,0.0
Windspeed (knots) [103,104), Membership Value =0.00000000,0.0
Windspeed (knots) [104,105), Membership Value =0.00000000,0.0
Windspeed (knots) [105,106), Membership Value =0.00000000,0.0
Windspeed (knots) [106,107), Membership Value =0.00000000,0.0
Windspeed (knots) [107,108), Membership Value =0.00000000,0.0
Windspeed (knots) [108,109), Membership Value =0.00000000,0.0
Windspeed (knots) [109,110), Membership Value =0.00000000,0.0
Windspeed (knots) [110,111), Membership Value =0.00000000,0.0
Windspeed (knots) [111,112), Membership Value =0.00000000,0.0
Windspeed (knots) [112,113), Membership Value =0.00000000,0.0
Windspeed (knots) [113,114), Membership Value =0.00000000,0.0
Windspeed (knots) [114,115), Membership Value =0.00000000,0.0
Windspeed (knots) [115,116), Membership Value =0.00000000,0.0
Windspeed (knots) [116,117), Membership Value =0.00000000,0.0
Windspeed (knots) [117,118), Membership Value =0.00000000,0.0
Windspeed (knots) [118,119), Membership Value =0.00000000,0.0
Windspeed (knots) [119,120), Membership Value =0.00000000,0.0
Windspeed (knots) [120,121), Membership Value =0.00000000,0.0
Windspeed (knots) [121,122), Membership Value =0.00000000,0.0
Windspeed (knots) [122,123), Membership Value =0.00000000,0.0
Windspeed (knots) [123,124), Membership Value =0.00000000,0.0
Windspeed (knots) [124,125), Membership Value =0.00000000,0.0
LowestWindspeedThatIsWindyKnots for station KSAC is 6 knots.
Transition limited :false
bUseWeatherPrediction: false
The running average is 1
The membership_value_deployment_threshold is 0.5
Energy harvested: 3571192.5058275457
iGeneratingEnergyWhenGridNeedsEnergyMinutes =628894
iGeneratingEnergyWhenGridNeedsEnergyMinutes =628894
iUsingEnergyWhenGridNeedsEnergyMinutes =58875
iGeneratingEnergyWhenGridHasExcessEnergyMinutes = 1036
iUsingEnergyWhenGridHasExcessEnergyMinutes = 99
iIdleWhenGridDoesNotNeedEnergyMinutes = 44945
iIdleWhenGridNeedsEnergyMinutes = 3999513
iEnergyPriceIsZeroMinutes = 240
harvester.getEnergyHarvestedAVAILABLEKilowattHours( ): 6023616.266666667
harvester.getEnergyHarvestedKilowattHours(): 3571192.5058275457
The running average is 31
The membership_value_deployment_threshold is 0.5
Energy harvested: 3577210.9091643374
iGeneratingEnergyWhenGridNeedsEnergyMinutes =537367
iGeneratingEnergyWhenGridNeedsEnergyMinutes =537367
iUsingEnergyWhenGridNeedsEnergyMinutes =25421
iGeneratingEnergyWhenGridHasExcessEnergyMinutes = 1487
iUsingEnergyWhenGridHasExcessEnergyMinutes = 19
iIdleWhenGridDoesNotNeedEnergyMinutes = 44574
iIdleWhenGridNeedsEnergyMinutes = 4124494
iEnergyPriceIsZeroMinutes = 240
harvester.getEnergyHarvestedAVAILABLEKilowattHours( ): 6023616.266666667
harvester.getEnergyHarvestedKilowattHours(): 3577210.9091643374
The running average is 61
The membership_value_deployment_threshold is 0.5
Energy harvested: 3467714.9624981037
iGeneratingEnergyWhenGridNeedsEnergyMinutes =497756
iGeneratingEnergyWhenGridNeedsEnergyMinutes =497756
iUsingEnergyWhenGridNeedsEnergyMinutes =21515
iGeneratingEnergyWhenGridHasExcessEnergyMinutes = 1183
iUsingEnergyWhenGridHasExcessEnergyMinutes = 6
iIdleWhenGridDoesNotNeedEnergyMinutes = 44891
iIdleWhenGridNeedsEnergyMinutes = 4168011
iEnergyPriceIsZeroMinutes = 240
harvester.getEnergyHarvestedAVAILABLEKilowattHours( ): 6023616.266666667
harvester.getEnergyHarvestedKilowattHours(): 3467714.9624981037
The running average is 91
The membership_value_deployment_threshold is 0.5
Energy harvested: 3350972.8305539796
iGeneratingEnergyWhenGridNeedsEnergyMinutes =467078
iGeneratingEnergyWhenGridNeedsEnergyMinutes =467078
iUsingEnergyWhenGridNeedsEnergyMinutes =19320
iGeneratingEnergyWhenGridHasExcessEnergyMinutes = 1148
iUsingEnergyWhenGridHasExcessEnergyMinutes = 28
iIdleWhenGridDoesNotNeedEnergyMinutes = 44904
iIdleWhenGridNeedsEnergyMinutes = 4200884
iEnergyPriceIsZeroMinutes = 240
harvester.getEnergyHarvestedAVAILABLEKilowattHours( ): 6023616.266666667
harvester.getEnergyHarvestedKilowattHours(): 3350972.8305539796
The running average is 121
The membership_value_deployment_threshold is 0.5
Energy harvested: 3252902.8824987607
iGeneratingEnergyWhenGridNeedsEnergyMinutes =441481
iGeneratingEnergyWhenGridNeedsEnergyMinutes =441481
iUsingEnergyWhenGridNeedsEnergyMinutes =17787
iGeneratingEnergyWhenGridHasExcessEnergyMinutes = 1119
iUsingEnergyWhenGridHasExcessEnergyMinutes = 24
iIdleWhenGridDoesNotNeedEnergyMinutes = 44937
iIdleWhenGridNeedsEnergyMinutes = 4228014
iEnergyPriceIsZeroMinutes = 240
harvester.getEnergyHarvestedAVAILABLEKilowattHours( ): 6023616.266666667
harvester.getEnergyHarvestedKilowattHours(): 3252902.8824987607
Beginning testing mode:
station,&,deployment_membership_value_threshold_array_for_month_1,&,running_average_size_minutes_for_month_1,&,deployment_membership_value_threshold_array_for_month_2,&,running_average_size_minutes_for_month_2,&,deployment_membership_value_threshold_array_for_month_3,&,running_average_size_minutes_for_month_3,&,deployment_membership_value_threshold_array_for_month_4,&,running_average_size_minutes_for_month_4,&,deployment_membership_value_threshold_array_for_month_5,&,running_average_size_minutes_for_month_5,&,deployment_membership_value_threshold_array_for_month_6,&,running_average_size_minutes_for_month_6,&,deployment_membership_value_threshold_array_for_month_7,&,running_average_size_minutes_for_month_7,&,deployment_membership_value_threshold_array_for_month_8,&,running_average_size_minutes_for_month_8,&,deployment_membership_value_threshold_array_for_month_9,&,running_average_size_minutes_for_month_9,&,deployment_membership_value_threshold_array_for_month_10,&,running_average_size_minutes_for_month_10,&,deployment_membership_value_threshold_array_for_month_11,&,running_average_size_minutes_for_month_11,&,deployment_membership_value_threshold_array_for_month_12,&,running_average_size_minutes_for_month_12,&,dNetNorm,&,dMarketBalancePercentage,&,dMarketNetNorm,
results: KSAC,&,0.5,&,1,&,0.5,&,1,&,0.5,&,61,&,0.5,&,91,&,0.5,&,31,&,0.5,&,1,&,0.5,&,31,&,0.5,&,61,&,0.5,&,1,&,0.5,&,31,&,0.5,&,1,&,0.5,&,1,&,0.5769569340954177,&,0.9287436356355374,&,0.5358450805769114
monthly visible minutes:KSAC,&,2013,&,3426,&,7046,&,4887,&,8672,&,8672,&,8672,&,7626,&,5379,&,8672,&,4459,&,4575,&,4309,&,
monthly visible minutes:KSAC,&,2014,&,2348,&,7153,&,7500,&,4579,&,8672,&,8672,&,8672,&,6018,&,8672,&,3842,&,2522,&,8556,&,
monthly minutes harvester between states:KSAC,&,2013,&,567,&,829,&,418,&,532,&,684,&,1185,&,608,&,532,&,380,&,266,&,418,&,446,&,
monthly minutes harvester between states:KSAC,&,2014,&,314,&,1167,&,532,&,456,&,760,&,964,&,608,&,532,&,1037,&,333,&,592,&,1209,&,
FuzzyVsCrisp: KSAC,1,true,true
station,&,deployment_membership_value_threshold_array_for_month_1,&,running_average_size_minutes_for_month_1,&,deployment_membership_value_threshold_array_for_month_2,&,running_average_size_minutes_for_month_2,&,deployment_membership_value_threshold_array_for_month_3,&,running_average_size_minutes_for_month_3,&,deployment_membership_value_threshold_array_for_month_4,&,running_average_size_minutes_for_month_4,&,deployment_membership_value_threshold_array_for_month_5,&,running_average_size_minutes_for_month_5,&,deployment_membership_value_threshold_array_for_month_6,&,running_average_size_minutes_for_month_6,&,deployment_membership_value_threshold_array_for_month_7,&,running_average_size_minutes_for_month_7,&,deployment_membership_value_threshold_array_for_month_8,&,running_average_size_minutes_for_month_8,&,deployment_membership_value_threshold_array_for_month_9,&,running_average_size_minutes_for_month_9,&,deployment_membership_value_threshold_array_for_month_10,&,running_average_size_minutes_for_month_10,&,deployment_membership_value_threshold_array_for_month_11,&,running_average_size_minutes_for_month_11,&,deployment_membership_value_threshold_array_for_month_12,&,running_average_size_minutes_for_month_12,&,dNetNorm,&,dMarketBalancePercentage,&,dMarketNetNorm,
results: KSAC,&,0.5,&,1,&,0.5,&,1,&,0.5,&,61,&,0.5,&,91,&,0.5,&,31,&,0.5,&,31,&,0.5,&,31,&,0.5,&,61,&,0.5,&,1,&,0.5,&,31,&,0.5,&,61,&,0.5,&,1,&,0.5676334938459919,&,0.9347549723190486,&,0.530598230827375
monthly visible minutes:KSAC,&,2013,&,3426,&,7046,&,4887,&,8672,&,8672,&,8672,&,7626,&,5379,&,8672,&,4459,&,4575,&,4309,&,
monthly visible minutes:KSAC,&,2014,&,2348,&,7153,&,7500,&,4579,&,8672,&,8672,&,8672,&,6018,&,8672,&,3842,&,2522,&,8556,&,
monthly minutes harvester between states:KSAC,&,2013,&,567,&,829,&,418,&,532,&,684,&,1185,&,608,&,532,&,380,&,266,&,418,&,446,&,
monthly minutes harvester between states:KSAC,&,2014,&,314,&,1167,&,532,&,456,&,760,&,964,&,608,&,532,&,1037,&,333,&,592,&,1209,&,
FuzzyVsCrisp: KSAC,1,true,true
Station: KSAN
abc: The current path is /home/guy/retractable-wind
I have found the property file.
The training windspeed filename is /trainingKSAN2004-2012in.csv
The testing windspeed filename is /testingKSAN2013-2014in.csv
Yes, the station is KSAN
Warning: The bAlsoUsePrediction no longer has any effect
iUsedAllItsAllocatedVisibilityMinutesPerMonth: 8760
Visibility Allocation Minutes:8760
HARVESTER_SIZE_SQM is 6362
Reading file
Success: /Wind turbine power curves - wind turbine power output against wind speed in knots.csv found.
Speed (Knots) = Speed(knots) vs power (kW) , Power (kW) =V90
Speed (Knots) = 0 , Power (kW) =0
Speed (Knots) = 1 , Power (kW) =0
Speed (Knots) = 2 , Power (kW) =0
Speed (Knots) = 3 , Power (kW) =0
Speed (Knots) = 4 , Power (kW) =0
Speed (Knots) = 5 , Power (kW) =0
Speed (Knots) = 6 , Power (kW) =0
Speed (Knots) = 7 , Power (kW) =38
Speed (Knots) = 8 , Power (kW) =87
Speed (Knots) = 9 , Power (kW) =141
Speed (Knots) = 10 , Power (kW) =207
Speed (Knots) = 11 , Power (kW) =286
Speed (Knots) = 12 , Power (kW) =382
Speed (Knots) = 13 , Power (kW) =496
Speed (Knots) = 14 , Power (kW) =628
Speed (Knots) = 15 , Power (kW) =781
Speed (Knots) = 16 , Power (kW) =957
Speed (Knots) = 17 , Power (kW) =1153
Speed (Knots) = 18 , Power (kW) =1366
Speed (Knots) = 19 , Power (kW) =1589
Speed (Knots) = 20 , Power (kW) =1814
Speed (Knots) = 21 , Power (kW) =2035
Speed (Knots) = 22 , Power (kW) =2250
Speed (Knots) = 23 , Power (kW) =2452
Speed (Knots) = 24 , Power (kW) =2634
Speed (Knots) = 25 , Power (kW) =2784
Speed (Knots) = 26 , Power (kW) =2888
Speed (Knots) = 27 , Power (kW) =2949
Speed (Knots) = 28 , Power (kW) =2980
Speed (Knots) = 29 , Power (kW) =2993
Speed (Knots) = 30 , Power (kW) =3000
Speed (Knots) = 31 , Power (kW) =3000
Speed (Knots) = 32 , Power (kW) =3000
Speed (Knots) = 33 , Power (kW) =3000
Speed (Knots) = 34 , Power (kW) =3000
Speed (Knots) = 35 , Power (kW) =3000
Speed (Knots) = 36 , Power (kW) =3000
Speed (Knots) = 37 , Power (kW) =3000
Speed (Knots) = 38 , Power (kW) =3000
Speed (Knots) = 39 , Power (kW) =3000
Speed (Knots) = 40 , Power (kW) =3000
Speed (Knots) = 41 , Power (kW) =3000
Speed (Knots) = 42 , Power (kW) =3000
Speed (Knots) = 43 , Power (kW) =3000
Speed (Knots) = 44 , Power (kW) =3000
Speed (Knots) = 45 , Power (kW) =3000
Speed (Knots) = 46 , Power (kW) =3000
Speed (Knots) = 47 , Power (kW) =3000
Speed (Knots) = 48 , Power (kW) =3000
Speed (Knots) = 49 , Power (kW) =0
Speed (Knots) = 50 , Power (kW) =0
Speed (Knots) = 51 , Power (kW) =0
Speed (Knots) = 52 , Power (kW) =0
Speed (Knots) = 53 , Power (kW) =0
Speed (Knots) = 54 , Power (kW) =0
Speed (Knots) = 55 , Power (kW) =0
Speed (Knots) = 56 , Power (kW) =0
Speed (Knots) = 57 , Power (kW) =0
Speed (Knots) = 58 , Power (kW) =0
Speed (Knots) = 59 , Power (kW) =0
Speed (Knots) = 60 , Power (kW) =0
The scale is 1.0
Wind power at 10 knots in kilowatts is 207.0
Wind power in-cut-out test 0.0
Fuzzy
Class name:edu.pitt.cs.people.guy.wind.benchmarks.Fuzzy5
Success: /Noise_Allowed_Time_Definitions_All_Stations.csv found.
The station is the record is KSAN
Success: /Noise_Allowed_Time_Definitions_All_Stations.csv found.
The station is the record is KSAN
I have found the membership file for NOT WINDY.
Windspeed (knots) [0,1), Membership Value =1.00000000,1.0
Windspeed (knots) [1,2), Membership Value =0.99969692,0.9996969
Windspeed (knots) [2,3), Membership Value =0.99611795,0.99611795
Windspeed (knots) [3,4), Membership Value =0.98306339,0.9830634
Windspeed (knots) [4,5), Membership Value =0.95248416,0.95248413
Windspeed (knots) [5,6), Membership Value =0.89824335,0.89824337
Windspeed (knots) [6,7), Membership Value =0.81762056,0.8176206
Windspeed (knots) [7,8), Membership Value =0.70590716,0.70590717
Windspeed (knots) [8,9), Membership Value =0.56347230,0.5634723
Windspeed (knots) [9,10), Membership Value =0.40870040,0.4087004
Windspeed (knots) [10,11), Membership Value =0.26055232,0.26055232
Windspeed (knots) [11,12), Membership Value =0.13012901,0.13012901
Windspeed (knots) [12,13), Membership Value =0.03512288,0.03512288
Windspeed (knots) [13,14), Membership Value =0.00000000,0.0
Windspeed (knots) [14,15), Membership Value =0.00000000,0.0
Windspeed (knots) [15,16), Membership Value =0.00000000,0.0
Windspeed (knots) [16,17), Membership Value =0.00000000,0.0
Windspeed (knots) [17,18), Membership Value =0.00000000,0.0
Windspeed (knots) [18,19), Membership Value =0.00000000,0.0
Windspeed (knots) [19,20), Membership Value =0.00000000,0.0
Windspeed (knots) [20,21), Membership Value =0.00000000,0.0
Windspeed (knots) [21,22), Membership Value =0.00000000,0.0
Windspeed (knots) [22,23), Membership Value =0.00000000,0.0
Windspeed (knots) [23,24), Membership Value =0.00000000,0.0
Windspeed (knots) [24,25), Membership Value =0.00000000,0.0
Windspeed (knots) [25,26), Membership Value =0.00000000,0.0
Windspeed (knots) [26,27), Membership Value =0.00000000,0.0
Windspeed (knots) [27,28), Membership Value =0.00000000,0.0
Windspeed (knots) [28,29), Membership Value =0.00000000,0.0
Windspeed (knots) [29,30), Membership Value =0.00000000,0.0
Windspeed (knots) [30,31), Membership Value =0.00000000,0.0
Windspeed (knots) [31,32), Membership Value =0.00000000,0.0
Windspeed (knots) [32,33), Membership Value =0.00000000,0.0
Windspeed (knots) [33,34), Membership Value =0.00000000,0.0
Windspeed (knots) [34,35), Membership Value =0.00000000,0.0
Windspeed (knots) [35,36), Membership Value =0.00000000,0.0
Windspeed (knots) [36,37), Membership Value =0.00000000,0.0
Windspeed (knots) [37,38), Membership Value =0.00000000,0.0
Windspeed (knots) [38,39), Membership Value =0.00000000,0.0
Windspeed (knots) [39,40), Membership Value =0.00000000,0.0
Windspeed (knots) [40,41), Membership Value =0.00000000,0.0
Windspeed (knots) [41,42), Membership Value =0.00000000,0.0
Windspeed (knots) [42,43), Membership Value =0.00000000,0.0
Windspeed (knots) [43,44), Membership Value =0.00000000,0.0
Windspeed (knots) [44,45), Membership Value =0.00000000,0.0
Windspeed (knots) [45,46), Membership Value =0.00000000,0.0
Windspeed (knots) [46,47), Membership Value =0.00000000,0.0
Windspeed (knots) [47,48), Membership Value =0.00000000,0.0
Windspeed (knots) [48,49), Membership Value =0.00000000,0.0
Windspeed (knots) [49,50), Membership Value =0.00000000,0.0
Windspeed (knots) [50,51), Membership Value =0.00000000,0.0
Windspeed (knots) [51,52), Membership Value =0.00000000,0.0
Windspeed (knots) [52,53), Membership Value =0.00000000,0.0
Windspeed (knots) [53,54), Membership Value =0.00000000,0.0
Windspeed (knots) [54,55), Membership Value =0.00000000,0.0
Windspeed (knots) [55,56), Membership Value =0.00000000,0.0
Windspeed (knots) [56,57), Membership Value =0.00000000,0.0
Windspeed (knots) [57,58), Membership Value =0.00000000,0.0
Windspeed (knots) [58,59), Membership Value =0.00000000,0.0
Windspeed (knots) [59,60), Membership Value =0.00000000,0.0
Windspeed (knots) [60,61), Membership Value =0.00000000,0.0
Windspeed (knots) [61,62), Membership Value =0.00000000,0.0
Windspeed (knots) [62,63), Membership Value =0.00000000,0.0
Windspeed (knots) [63,64), Membership Value =0.00000000,0.0
Windspeed (knots) [64,65), Membership Value =0.00000000,0.0
Windspeed (knots) [65,66), Membership Value =0.00000000,0.0
Windspeed (knots) [66,67), Membership Value =0.00000000,0.0
Windspeed (knots) [67,68), Membership Value =0.00000000,0.0
Windspeed (knots) [68,69), Membership Value =0.00000000,0.0
Windspeed (knots) [69,70), Membership Value =0.00000000,0.0
Windspeed (knots) [70,71), Membership Value =0.00000000,0.0
Windspeed (knots) [71,72), Membership Value =0.00000000,0.0
Windspeed (knots) [72,73), Membership Value =0.00000000,0.0
Windspeed (knots) [73,74), Membership Value =0.00000000,0.0
Windspeed (knots) [74,75), Membership Value =0.00000000,0.0
Windspeed (knots) [75,76), Membership Value =0.00000000,0.0
Windspeed (knots) [76,77), Membership Value =0.00000000,0.0
Windspeed (knots) [77,78), Membership Value =0.00000000,0.0
Windspeed (knots) [78,79), Membership Value =0.00000000,0.0
Windspeed (knots) [79,80), Membership Value =0.00000000,0.0
Windspeed (knots) [80,81), Membership Value =0.00000000,0.0
Windspeed (knots) [81,82), Membership Value =0.00000000,0.0
Windspeed (knots) [82,83), Membership Value =0.00000000,0.0
Windspeed (knots) [83,84), Membership Value =0.00000000,0.0
Windspeed (knots) [84,85), Membership Value =0.00000000,0.0
Windspeed (knots) [85,86), Membership Value =0.00000000,0.0
Windspeed (knots) [86,87), Membership Value =0.00000000,0.0
Windspeed (knots) [87,88), Membership Value =0.00000000,0.0
Windspeed (knots) [88,89), Membership Value =0.00000000,0.0
Windspeed (knots) [89,90), Membership Value =0.00000000,0.0
Windspeed (knots) [90,91), Membership Value =0.00000000,0.0
Windspeed (knots) [91,92), Membership Value =0.00000000,0.0
Windspeed (knots) [92,93), Membership Value =0.00000000,0.0
Windspeed (knots) [93,94), Membership Value =0.00000000,0.0
Windspeed (knots) [94,95), Membership Value =0.00000000,0.0
Windspeed (knots) [95,96), Membership Value =0.00000000,0.0
Windspeed (knots) [96,97), Membership Value =0.00000000,0.0
Windspeed (knots) [97,98), Membership Value =0.00000000,0.0
Windspeed (knots) [98,99), Membership Value =0.00000000,0.0
Windspeed (knots) [99,100), Membership Value =0.00000000,0.0
Windspeed (knots) [100,101), Membership Value =0.00000000,0.0
Windspeed (knots) [101,102), Membership Value =0.00000000,0.0
Windspeed (knots) [102,103), Membership Value =0.00000000,0.0
Windspeed (knots) [103,104), Membership Value =0.00000000,0.0
Windspeed (knots) [104,105), Membership Value =0.00000000,0.0
Windspeed (knots) [105,106), Membership Value =0.00000000,0.0
Windspeed (knots) [106,107), Membership Value =0.00000000,0.0
Windspeed (knots) [107,108), Membership Value =0.00000000,0.0
Windspeed (knots) [108,109), Membership Value =0.00000000,0.0
Windspeed (knots) [109,110), Membership Value =0.00000000,0.0
Windspeed (knots) [110,111), Membership Value =0.00000000,0.0
Windspeed (knots) [111,112), Membership Value =0.00000000,0.0
Windspeed (knots) [112,113), Membership Value =0.00000000,0.0
Windspeed (knots) [113,114), Membership Value =0.00000000,0.0
Windspeed (knots) [114,115), Membership Value =0.00000000,0.0
Windspeed (knots) [115,116), Membership Value =0.00000000,0.0
Windspeed (knots) [116,117), Membership Value =0.00000000,0.0
Windspeed (knots) [117,118), Membership Value =0.00000000,0.0
Windspeed (knots) [118,119), Membership Value =0.00000000,0.0
Windspeed (knots) [119,120), Membership Value =0.00000000,0.0
Windspeed (knots) [120,121), Membership Value =0.00000000,0.0
Windspeed (knots) [121,122), Membership Value =0.00000000,0.0
Windspeed (knots) [122,123), Membership Value =0.00000000,0.0
Windspeed (knots) [123,124), Membership Value =0.00000000,0.0
Windspeed (knots) [124,125), Membership Value =0.00000000,0.0
LowestWindspeedThatIsWindyKnots for station KSAN is 5 knots.
Transition limited :false
bUseWeatherPrediction: false
The running average is 1
The membership_value_deployment_threshold is 0.5
Energy harvested: 2093784.7911117794
iGeneratingEnergyWhenGridNeedsEnergyMinutes =652196
iGeneratingEnergyWhenGridNeedsEnergyMinutes =652196
iUsingEnergyWhenGridNeedsEnergyMinutes =47320
iGeneratingEnergyWhenGridHasExcessEnergyMinutes = 1056
iUsingEnergyWhenGridHasExcessEnergyMinutes = 19
iIdleWhenGridDoesNotNeedEnergyMinutes = 45005
iIdleWhenGridNeedsEnergyMinutes = 3987797
iEnergyPriceIsZeroMinutes = 240
harvester.getEnergyHarvestedAVAILABLEKilowattHours( ): 4329993.183333334
harvester.getEnergyHarvestedKilowattHours(): 2093784.7911117794
The running average is 31
The membership_value_deployment_threshold is 0.5
Energy harvested: 2133054.5227782596
iGeneratingEnergyWhenGridNeedsEnergyMinutes =564910
iGeneratingEnergyWhenGridNeedsEnergyMinutes =564910
iUsingEnergyWhenGridNeedsEnergyMinutes =34112
iGeneratingEnergyWhenGridHasExcessEnergyMinutes = 1376
iUsingEnergyWhenGridHasExcessEnergyMinutes = 19
iIdleWhenGridDoesNotNeedEnergyMinutes = 44685
iIdleWhenGridNeedsEnergyMinutes = 4088291
iEnergyPriceIsZeroMinutes = 240
harvester.getEnergyHarvestedAVAILABLEKilowattHours( ): 4329993.183333334
harvester.getEnergyHarvestedKilowattHours(): 2133054.5227782596
The running average is 61
The membership_value_deployment_threshold is 0.5
Energy harvested: 2024141.4005559834
iGeneratingEnergyWhenGridNeedsEnergyMinutes =512871
iGeneratingEnergyWhenGridNeedsEnergyMinutes =512871
iUsingEnergyWhenGridNeedsEnergyMinutes =30627
iGeneratingEnergyWhenGridHasExcessEnergyMinutes = 1353
iUsingEnergyWhenGridHasExcessEnergyMinutes = 19
iIdleWhenGridDoesNotNeedEnergyMinutes = 44708
iIdleWhenGridNeedsEnergyMinutes = 4143815
iEnergyPriceIsZeroMinutes = 240
harvester.getEnergyHarvestedAVAILABLEKilowattHours( ): 4329993.183333334
harvester.getEnergyHarvestedKilowattHours(): 2024141.4005559834
The running average is 91
The membership_value_deployment_threshold is 0.5
Energy harvested: 1935091.6905559516
iGeneratingEnergyWhenGridNeedsEnergyMinutes =473521
iGeneratingEnergyWhenGridNeedsEnergyMinutes =473521
iUsingEnergyWhenGridNeedsEnergyMinutes =28429
iGeneratingEnergyWhenGridHasExcessEnergyMinutes = 1337
iUsingEnergyWhenGridHasExcessEnergyMinutes = 19
iIdleWhenGridDoesNotNeedEnergyMinutes = 44724
iIdleWhenGridNeedsEnergyMinutes = 4185363
iEnergyPriceIsZeroMinutes = 240
harvester.getEnergyHarvestedAVAILABLEKilowattHours( ): 4329993.183333334
harvester.getEnergyHarvestedKilowattHours(): 1935091.6905559516
The running average is 121
The membership_value_deployment_threshold is 0.5
Energy harvested: 1829232.7986114747
iGeneratingEnergyWhenGridNeedsEnergyMinutes =435525
iGeneratingEnergyWhenGridNeedsEnergyMinutes =435525
iUsingEnergyWhenGridNeedsEnergyMinutes =26404
iGeneratingEnergyWhenGridHasExcessEnergyMinutes = 1312
iUsingEnergyWhenGridHasExcessEnergyMinutes = 19
iIdleWhenGridDoesNotNeedEnergyMinutes = 44749
iIdleWhenGridNeedsEnergyMinutes = 4225384
iEnergyPriceIsZeroMinutes = 240
harvester.getEnergyHarvestedAVAILABLEKilowattHours( ): 4329993.183333334
harvester.getEnergyHarvestedKilowattHours(): 1829232.7986114747
Beginning testing mode:
station,&,deployment_membership_value_threshold_array_for_month_1,&,running_average_size_minutes_for_month_1,&,deployment_membership_value_threshold_array_for_month_2,&,running_average_size_minutes_for_month_2,&,deployment_membership_value_threshold_array_for_month_3,&,running_average_size_minutes_for_month_3,&,deployment_membership_value_threshold_array_for_month_4,&,running_average_size_minutes_for_month_4,&,deployment_membership_value_threshold_array_for_month_5,&,running_average_size_minutes_for_month_5,&,deployment_membership_value_threshold_array_for_month_6,&,running_average_size_minutes_for_month_6,&,deployment_membership_value_threshold_array_for_month_7,&,running_average_size_minutes_for_month_7,&,deployment_membership_value_threshold_array_for_month_8,&,running_average_size_minutes_for_month_8,&,deployment_membership_value_threshold_array_for_month_9,&,running_average_size_minutes_for_month_9,&,deployment_membership_value_threshold_array_for_month_10,&,running_average_size_minutes_for_month_10,&,deployment_membership_value_threshold_array_for_month_11,&,running_average_size_minutes_for_month_11,&,deployment_membership_value_threshold_array_for_month_12,&,running_average_size_minutes_for_month_12,&,dNetNorm,&,dMarketBalancePercentage,&,dMarketNetNorm,
results: KSAN,&,0.5,&,1,&,0.5,&,31,&,0.5,&,61,&,0.5,&,91,&,0.5,&,91,&,0.5,&,121,&,0.5,&,31,&,0.5,&,91,&,0.5,&,31,&,0.5,&,1,&,0.5,&,1,&,0.5,&,1,&,0.46071786294136746,&,0.9269620531237166,&,0.42706797614290104
monthly visible minutes:KSAN,&,2013,&,6841,&,6168,&,3517,&,8672,&,8665,&,4808,&,6919,&,5019,&,8063,&,1979,&,908,&,551,&,
monthly visible minutes:KSAN,&,2014,&,191,&,5047,&,7836,&,8672,&,8386,&,4398,&,8286,&,7734,&,8672,&,3520,&,3399,&,3190,&,
monthly minutes harvester between states:KSAN,&,2013,&,896,&,646,&,342,&,722,&,608,&,418,&,570,&,456,&,646,&,341,&,190,&,264,&,
monthly minutes harvester between states:KSAN,&,2014,&,76,&,456,&,760,&,760,&,684,&,380,&,722,&,684,&,684,&,532,&,555,&,875,&,
FuzzyVsCrisp: KSAN,1,true,true
station,&,deployment_membership_value_threshold_array_for_month_1,&,running_average_size_minutes_for_month_1,&,deployment_membership_value_threshold_array_for_month_2,&,running_average_size_minutes_for_month_2,&,deployment_membership_value_threshold_array_for_month_3,&,running_average_size_minutes_for_month_3,&,deployment_membership_value_threshold_array_for_month_4,&,running_average_size_minutes_for_month_4,&,deployment_membership_value_threshold_array_for_month_5,&,running_average_size_minutes_for_month_5,&,deployment_membership_value_threshold_array_for_month_6,&,running_average_size_minutes_for_month_6,&,deployment_membership_value_threshold_array_for_month_7,&,running_average_size_minutes_for_month_7,&,deployment_membership_value_threshold_array_for_month_8,&,running_average_size_minutes_for_month_8,&,deployment_membership_value_threshold_array_for_month_9,&,running_average_size_minutes_for_month_9,&,deployment_membership_value_threshold_array_for_month_10,&,running_average_size_minutes_for_month_10,&,deployment_membership_value_threshold_array_for_month_11,&,running_average_size_minutes_for_month_11,&,deployment_membership_value_threshold_array_for_month_12,&,running_average_size_minutes_for_month_12,&,dNetNorm,&,dMarketBalancePercentage,&,dMarketNetNorm,
results: KSAN,&,0.5,&,31,&,0.5,&,31,&,0.5,&,61,&,0.5,&,91,&,0.5,&,91,&,0.5,&,121,&,0.5,&,31,&,0.5,&,91,&,0.5,&,31,&,0.5,&,1,&,0.5,&,1,&,0.5,&,1,&,0.4596585983422389,&,0.9277564343279702,&,0.42645122220618814
monthly visible minutes:KSAN,&,2013,&,6841,&,6168,&,3517,&,8672,&,8665,&,4808,&,6919,&,5019,&,8063,&,1979,&,908,&,551,&,
monthly visible minutes:KSAN,&,2014,&,191,&,5047,&,7836,&,8672,&,8386,&,4398,&,8286,&,7734,&,8672,&,3520,&,3399,&,3190,&,
monthly minutes harvester between states:KSAN,&,2013,&,896,&,646,&,342,&,722,&,608,&,418,&,570,&,456,&,646,&,341,&,190,&,264,&,
monthly minutes harvester between states:KSAN,&,2014,&,76,&,456,&,760,&,760,&,684,&,380,&,722,&,684,&,684,&,532,&,555,&,875,&,
FuzzyVsCrisp: KSAN,1,true,true
Station: KSAT
abc: The current path is /home/guy/retractable-wind
I have found the property file.
The training windspeed filename is /trainingKSAT2004-2012in.csv
The testing windspeed filename is /testingKSAT2013-2014in.csv
Yes, the station is KSAT
Warning: The bAlsoUsePrediction no longer has any effect
iUsedAllItsAllocatedVisibilityMinutesPerMonth: 8760
Visibility Allocation Minutes:8760
HARVESTER_SIZE_SQM is 6362
Reading file
Success: /Wind turbine power curves - wind turbine power output against wind speed in knots.csv found.
Speed (Knots) = Speed(knots) vs power (kW) , Power (kW) =V90
Speed (Knots) = 0 , Power (kW) =0
Speed (Knots) = 1 , Power (kW) =0
Speed (Knots) = 2 , Power (kW) =0
Speed (Knots) = 3 , Power (kW) =0
Speed (Knots) = 4 , Power (kW) =0
Speed (Knots) = 5 , Power (kW) =0
Speed (Knots) = 6 , Power (kW) =0
Speed (Knots) = 7 , Power (kW) =38
Speed (Knots) = 8 , Power (kW) =87
Speed (Knots) = 9 , Power (kW) =141
Speed (Knots) = 10 , Power (kW) =207
Speed (Knots) = 11 , Power (kW) =286
Speed (Knots) = 12 , Power (kW) =382
Speed (Knots) = 13 , Power (kW) =496
Speed (Knots) = 14 , Power (kW) =628
Speed (Knots) = 15 , Power (kW) =781
Speed (Knots) = 16 , Power (kW) =957
Speed (Knots) = 17 , Power (kW) =1153
Speed (Knots) = 18 , Power (kW) =1366
Speed (Knots) = 19 , Power (kW) =1589
Speed (Knots) = 20 , Power (kW) =1814
Speed (Knots) = 21 , Power (kW) =2035
Speed (Knots) = 22 , Power (kW) =2250
Speed (Knots) = 23 , Power (kW) =2452
Speed (Knots) = 24 , Power (kW) =2634
Speed (Knots) = 25 , Power (kW) =2784
Speed (Knots) = 26 , Power (kW) =2888
Speed (Knots) = 27 , Power (kW) =2949
Speed (Knots) = 28 , Power (kW) =2980
Speed (Knots) = 29 , Power (kW) =2993
Speed (Knots) = 30 , Power (kW) =3000
Speed (Knots) = 31 , Power (kW) =3000
Speed (Knots) = 32 , Power (kW) =3000
Speed (Knots) = 33 , Power (kW) =3000
Speed (Knots) = 34 , Power (kW) =3000
Speed (Knots) = 35 , Power (kW) =3000
Speed (Knots) = 36 , Power (kW) =3000
Speed (Knots) = 37 , Power (kW) =3000
Speed (Knots) = 38 , Power (kW) =3000
Speed (Knots) = 39 , Power (kW) =3000
Speed (Knots) = 40 , Power (kW) =3000
Speed (Knots) = 41 , Power (kW) =3000
Speed (Knots) = 42 , Power (kW) =3000
Speed (Knots) = 43 , Power (kW) =3000
Speed (Knots) = 44 , Power (kW) =3000
Speed (Knots) = 45 , Power (kW) =3000
Speed (Knots) = 46 , Power (kW) =3000
Speed (Knots) = 47 , Power (kW) =3000
Speed (Knots) = 48 , Power (kW) =3000
Speed (Knots) = 49 , Power (kW) =0
Speed (Knots) = 50 , Power (kW) =0
Speed (Knots) = 51 , Power (kW) =0
Speed (Knots) = 52 , Power (kW) =0
Speed (Knots) = 53 , Power (kW) =0
Speed (Knots) = 54 , Power (kW) =0
Speed (Knots) = 55 , Power (kW) =0
Speed (Knots) = 56 , Power (kW) =0
Speed (Knots) = 57 , Power (kW) =0
Speed (Knots) = 58 , Power (kW) =0
Speed (Knots) = 59 , Power (kW) =0
Speed (Knots) = 60 , Power (kW) =0
The scale is 1.0
Wind power at 10 knots in kilowatts is 207.0
Wind power in-cut-out test 0.0
Fuzzy
Class name:edu.pitt.cs.people.guy.wind.benchmarks.Fuzzy5
Success: /Noise_Allowed_Time_Definitions_All_Stations.csv found.
The station is the record is KSAT
Success: /Noise_Allowed_Time_Definitions_All_Stations.csv found.
The station is the record is KSAT
I have found the membership file for NOT WINDY.
Windspeed (knots) [0,1), Membership Value =1.00000000,1.0
Windspeed (knots) [1,2), Membership Value =0.99995887,0.9999589
Windspeed (knots) [2,3), Membership Value =0.99931529,0.99931526
Windspeed (knots) [3,4), Membership Value =0.99624311,0.9962431
Windspeed (knots) [4,5), Membership Value =0.98768339,0.9876834
Windspeed (knots) [5,6), Membership Value =0.96985384,0.9698538
Windspeed (knots) [6,7), Membership Value =0.93900826,0.93900824
Windspeed (knots) [7,8), Membership Value =0.89280119,0.89280117
Windspeed (knots) [8,9), Membership Value =0.82763838,0.8276384
Windspeed (knots) [9,10), Membership Value =0.74421802,0.744218
Windspeed (knots) [10,11), Membership Value =0.64457283,0.64457285
Windspeed (knots) [11,12), Membership Value =0.53265537,0.53265536
Windspeed (knots) [12,13), Membership Value =0.41474766,0.41474766
Windspeed (knots) [13,14), Membership Value =0.30061695,0.30061695
Windspeed (knots) [14,15), Membership Value =0.19417100,0.194171
Windspeed (knots) [15,16), Membership Value =0.09676980,0.0967698
Windspeed (knots) [16,17), Membership Value =0.01186371,0.01186371
Windspeed (knots) [17,18), Membership Value =0.00000000,0.0
Windspeed (knots) [18,19), Membership Value =0.00000000,0.0
Windspeed (knots) [19,20), Membership Value =0.00000000,0.0
Windspeed (knots) [20,21), Membership Value =0.00000000,0.0
Windspeed (knots) [21,22), Membership Value =0.00000000,0.0
Windspeed (knots) [22,23), Membership Value =0.00000000,0.0
Windspeed (knots) [23,24), Membership Value =0.00000000,0.0
Windspeed (knots) [24,25), Membership Value =0.00000000,0.0
Windspeed (knots) [25,26), Membership Value =0.00000000,0.0
Windspeed (knots) [26,27), Membership Value =0.00000000,0.0
Windspeed (knots) [27,28), Membership Value =0.00000000,0.0
Windspeed (knots) [28,29), Membership Value =0.00000000,0.0
Windspeed (knots) [29,30), Membership Value =0.00000000,0.0
Windspeed (knots) [30,31), Membership Value =0.00000000,0.0
Windspeed (knots) [31,32), Membership Value =0.00000000,0.0
Windspeed (knots) [32,33), Membership Value =0.00000000,0.0
Windspeed (knots) [33,34), Membership Value =0.00000000,0.0
Windspeed (knots) [34,35), Membership Value =0.00000000,0.0
Windspeed (knots) [35,36), Membership Value =0.00000000,0.0
Windspeed (knots) [36,37), Membership Value =0.00000000,0.0
Windspeed (knots) [37,38), Membership Value =0.00000000,0.0
Windspeed (knots) [38,39), Membership Value =0.00000000,0.0
Windspeed (knots) [39,40), Membership Value =0.00000000,0.0
Windspeed (knots) [40,41), Membership Value =0.00000000,0.0
Windspeed (knots) [41,42), Membership Value =0.00000000,0.0
Windspeed (knots) [42,43), Membership Value =0.00000000,0.0
Windspeed (knots) [43,44), Membership Value =0.00000000,0.0
Windspeed (knots) [44,45), Membership Value =0.00000000,0.0
Windspeed (knots) [45,46), Membership Value =0.00000000,0.0
Windspeed (knots) [46,47), Membership Value =0.00000000,0.0
Windspeed (knots) [47,48), Membership Value =0.00000000,0.0
Windspeed (knots) [48,49), Membership Value =0.00000000,0.0
Windspeed (knots) [49,50), Membership Value =0.00000000,0.0
Windspeed (knots) [50,51), Membership Value =0.00000000,0.0
Windspeed (knots) [51,52), Membership Value =0.00000000,0.0
Windspeed (knots) [52,53), Membership Value =0.00000000,0.0
Windspeed (knots) [53,54), Membership Value =0.00000000,0.0
Windspeed (knots) [54,55), Membership Value =0.00000000,0.0
Windspeed (knots) [55,56), Membership Value =0.00000000,0.0
Windspeed (knots) [56,57), Membership Value =0.00000000,0.0
Windspeed (knots) [57,58), Membership Value =0.00000000,0.0
Windspeed (knots) [58,59), Membership Value =0.00000000,0.0
Windspeed (knots) [59,60), Membership Value =0.00000000,0.0
Windspeed (knots) [60,61), Membership Value =0.00000000,0.0
Windspeed (knots) [61,62), Membership Value =0.00000000,0.0
Windspeed (knots) [62,63), Membership Value =0.00000000,0.0
Windspeed (knots) [63,64), Membership Value =0.00000000,0.0
Windspeed (knots) [64,65), Membership Value =0.00000000,0.0
Windspeed (knots) [65,66), Membership Value =0.00000000,0.0
Windspeed (knots) [66,67), Membership Value =0.00000000,0.0
Windspeed (knots) [67,68), Membership Value =0.00000000,0.0
Windspeed (knots) [68,69), Membership Value =0.00000000,0.0
Windspeed (knots) [69,70), Membership Value =0.00000000,0.0
Windspeed (knots) [70,71), Membership Value =0.00000000,0.0
Windspeed (knots) [71,72), Membership Value =0.00000000,0.0
Windspeed (knots) [72,73), Membership Value =0.00000000,0.0
Windspeed (knots) [73,74), Membership Value =0.00000000,0.0
Windspeed (knots) [74,75), Membership Value =0.00000000,0.0
Windspeed (knots) [75,76), Membership Value =0.00000000,0.0
Windspeed (knots) [76,77), Membership Value =0.00000000,0.0
Windspeed (knots) [77,78), Membership Value =0.00000000,0.0
Windspeed (knots) [78,79), Membership Value =0.00000000,0.0
Windspeed (knots) [79,80), Membership Value =0.00000000,0.0
Windspeed (knots) [80,81), Membership Value =0.00000000,0.0
Windspeed (knots) [81,82), Membership Value =0.00000000,0.0
Windspeed (knots) [82,83), Membership Value =0.00000000,0.0
Windspeed (knots) [83,84), Membership Value =0.00000000,0.0
Windspeed (knots) [84,85), Membership Value =0.00000000,0.0
Windspeed (knots) [85,86), Membership Value =0.00000000,0.0
Windspeed (knots) [86,87), Membership Value =0.00000000,0.0
Windspeed (knots) [87,88), Membership Value =0.00000000,0.0
Windspeed (knots) [88,89), Membership Value =0.00000000,0.0
Windspeed (knots) [89,90), Membership Value =0.00000000,0.0
Windspeed (knots) [90,91), Membership Value =0.00000000,0.0
Windspeed (knots) [91,92), Membership Value =0.00000000,0.0
Windspeed (knots) [92,93), Membership Value =0.00000000,0.0
Windspeed (knots) [93,94), Membership Value =0.00000000,0.0
Windspeed (knots) [94,95), Membership Value =0.00000000,0.0
Windspeed (knots) [95,96), Membership Value =0.00000000,0.0
Windspeed (knots) [96,97), Membership Value =0.00000000,0.0
Windspeed (knots) [97,98), Membership Value =0.00000000,0.0
Windspeed (knots) [98,99), Membership Value =0.00000000,0.0
Windspeed (knots) [99,100), Membership Value =0.00000000,0.0
Windspeed (knots) [100,101), Membership Value =0.00000000,0.0
Windspeed (knots) [101,102), Membership Value =0.00000000,0.0
Windspeed (knots) [102,103), Membership Value =0.00000000,0.0
Windspeed (knots) [103,104), Membership Value =0.00000000,0.0
Windspeed (knots) [104,105), Membership Value =0.00000000,0.0
Windspeed (knots) [105,106), Membership Value =0.00000000,0.0
Windspeed (knots) [106,107), Membership Value =0.00000000,0.0
Windspeed (knots) [107,108), Membership Value =0.00000000,0.0
Windspeed (knots) [108,109), Membership Value =0.00000000,0.0
Windspeed (knots) [109,110), Membership Value =0.00000000,0.0
Windspeed (knots) [110,111), Membership Value =0.00000000,0.0
Windspeed (knots) [111,112), Membership Value =0.00000000,0.0
Windspeed (knots) [112,113), Membership Value =0.00000000,0.0
Windspeed (knots) [113,114), Membership Value =0.00000000,0.0
Windspeed (knots) [114,115), Membership Value =0.00000000,0.0
Windspeed (knots) [115,116), Membership Value =0.00000000,0.0
Windspeed (knots) [116,117), Membership Value =0.00000000,0.0
Windspeed (knots) [117,118), Membership Value =0.00000000,0.0
Windspeed (knots) [118,119), Membership Value =0.00000000,0.0
Windspeed (knots) [119,120), Membership Value =0.00000000,0.0
Windspeed (knots) [120,121), Membership Value =0.00000000,0.0
Windspeed (knots) [121,122), Membership Value =0.00000000,0.0
Windspeed (knots) [122,123), Membership Value =0.00000000,0.0
Windspeed (knots) [123,124), Membership Value =0.00000000,0.0
Windspeed (knots) [124,125), Membership Value =0.00000000,0.0
LowestWindspeedThatIsWindyKnots for station KSAT is 7 knots.
Transition limited :false
bUseWeatherPrediction: false
The running average is 1
The membership_value_deployment_threshold is 0.5
Energy harvested: 5386809.1419429155
iGeneratingEnergyWhenGridNeedsEnergyMinutes =710492
iGeneratingEnergyWhenGridNeedsEnergyMinutes =710492
iUsingEnergyWhenGridNeedsEnergyMinutes =56827
iGeneratingEnergyWhenGridHasExcessEnergyMinutes = 1831
iUsingEnergyWhenGridHasExcessEnergyMinutes = 44
iIdleWhenGridDoesNotNeedEnergyMinutes = 44205
iIdleWhenGridNeedsEnergyMinutes = 3919856
iEnergyPriceIsZeroMinutes = 240
harvester.getEnergyHarvestedAVAILABLEKilowattHours( ): 1.3569723666666666E7
harvester.getEnergyHarvestedKilowattHours(): 5386809.1419429155
The running average is 31
The membership_value_deployment_threshold is 0.5
Energy harvested: 5171332.739165715
iGeneratingEnergyWhenGridNeedsEnergyMinutes =563933
iGeneratingEnergyWhenGridNeedsEnergyMinutes =563933
iUsingEnergyWhenGridNeedsEnergyMinutes =20401
iGeneratingEnergyWhenGridHasExcessEnergyMinutes = 1915
iUsingEnergyWhenGridHasExcessEnergyMinutes = 37
iIdleWhenGridDoesNotNeedEnergyMinutes = 44128
iIdleWhenGridNeedsEnergyMinutes = 4102841
iEnergyPriceIsZeroMinutes = 240
harvester.getEnergyHarvestedAVAILABLEKilowattHours( ): 1.3569723666666666E7
harvester.getEnergyHarvestedKilowattHours(): 5171332.739165715
The running average is 61
The membership_value_deployment_threshold is 0.5
Energy harvested: 4853204.03638762
iGeneratingEnergyWhenGridNeedsEnergyMinutes =506614
iGeneratingEnergyWhenGridNeedsEnergyMinutes =506614
iUsingEnergyWhenGridNeedsEnergyMinutes =17204
iGeneratingEnergyWhenGridHasExcessEnergyMinutes = 1860
iUsingEnergyWhenGridHasExcessEnergyMinutes = 55
iIdleWhenGridDoesNotNeedEnergyMinutes = 44165
iIdleWhenGridNeedsEnergyMinutes = 4163357
iEnergyPriceIsZeroMinutes = 240
harvester.getEnergyHarvestedAVAILABLEKilowattHours( ): 1.3569723666666666E7
harvester.getEnergyHarvestedKilowattHours(): 4853204.03638762
The running average is 91
The membership_value_deployment_threshold is 0.5
Energy harvested: 4579463.644443021
iGeneratingEnergyWhenGridNeedsEnergyMinutes =464080
iGeneratingEnergyWhenGridNeedsEnergyMinutes =464080
iUsingEnergyWhenGridNeedsEnergyMinutes =14715
iGeneratingEnergyWhenGridHasExcessEnergyMinutes = 1816
iUsingEnergyWhenGridHasExcessEnergyMinutes = 65
iIdleWhenGridDoesNotNeedEnergyMinutes = 44199
iIdleWhenGridNeedsEnergyMinutes = 4208380
iEnergyPriceIsZeroMinutes = 240
harvester.getEnergyHarvestedAVAILABLEKilowattHours( ): 1.3569723666666666E7
harvester.getEnergyHarvestedKilowattHours(): 4579463.644443021
The running average is 121
The membership_value_deployment_threshold is 0.5
Energy harvested: 4383045.77777644
iGeneratingEnergyWhenGridNeedsEnergyMinutes =434166
iGeneratingEnergyWhenGridNeedsEnergyMinutes =434166
iUsingEnergyWhenGridNeedsEnergyMinutes =12831
iGeneratingEnergyWhenGridHasExcessEnergyMinutes = 1541
iUsingEnergyWhenGridHasExcessEnergyMinutes = 57
iIdleWhenGridDoesNotNeedEnergyMinutes = 44482
iIdleWhenGridNeedsEnergyMinutes = 4240178
iEnergyPriceIsZeroMinutes = 240
harvester.getEnergyHarvestedAVAILABLEKilowattHours( ): 1.3569723666666666E7
harvester.getEnergyHarvestedKilowattHours(): 4383045.77777644
Beginning testing mode:
station,&,deployment_membership_value_threshold_array_for_month_1,&,running_average_size_minutes_for_month_1,&,deployment_membership_value_threshold_array_for_month_2,&,running_average_size_minutes_for_month_2,&,deployment_membership_value_threshold_array_for_month_3,&,running_average_size_minutes_for_month_3,&,deployment_membership_value_threshold_array_for_month_4,&,running_average_size_minutes_for_month_4,&,deployment_membership_value_threshold_array_for_month_5,&,running_average_size_minutes_for_month_5,&,deployment_membership_value_threshold_array_for_month_6,&,running_average_size_minutes_for_month_6,&,deployment_membership_value_threshold_array_for_month_7,&,running_average_size_minutes_for_month_7,&,deployment_membership_value_threshold_array_for_month_8,&,running_average_size_minutes_for_month_8,&,deployment_membership_value_threshold_array_for_month_9,&,running_average_size_minutes_for_month_9,&,deployment_membership_value_threshold_array_for_month_10,&,running_average_size_minutes_for_month_10,&,deployment_membership_value_threshold_array_for_month_11,&,running_average_size_minutes_for_month_11,&,deployment_membership_value_threshold_array_for_month_12,&,running_average_size_minutes_for_month_12,&,dNetNorm,&,dMarketBalancePercentage,&,dMarketNetNorm,
results: KSAT,&,0.5,&,1,&,0.5,&,31,&,0.5,&,31,&,0.5,&,121,&,0.5,&,61,&,0.5,&,121,&,0.5,&,31,&,0.5,&,1,&,0.5,&,1,&,0.5,&,31,&,0.5,&,31,&,0.5,&,1,&,0.35949812066479825,&,0.9495005129123092,&,0.34134364996223715
monthly visible minutes:KSAT,&,2013,&,7561,&,6963,&,7011,&,8672,&,8672,&,3422,&,6054,&,8672,&,8672,&,4682,&,3573,&,8672,&,
monthly visible minutes:KSAT,&,2014,&,8672,&,4652,&,8558,&,8528,&,8672,&,8672,&,5558,&,8672,&,8672,&,5339,&,7424,&,8672,&,
monthly minutes harvester between states:KSAT,&,2013,&,1138,&,494,&,599,&,608,&,570,&,329,&,791,&,342,&,521,&,380,&,304,&,671,&,
monthly minutes harvester between states:KSAT,&,2014,&,710,&,380,&,532,&,532,&,494,&,684,&,722,&,951,&,524,&,380,&,494,&,677,&,
FuzzyVsCrisp: KSAT,1,true,true
station,&,deployment_membership_value_threshold_array_for_month_1,&,running_average_size_minutes_for_month_1,&,deployment_membership_value_threshold_array_for_month_2,&,running_average_size_minutes_for_month_2,&,deployment_membership_value_threshold_array_for_month_3,&,running_average_size_minutes_for_month_3,&,deployment_membership_value_threshold_array_for_month_4,&,running_average_size_minutes_for_month_4,&,deployment_membership_value_threshold_array_for_month_5,&,running_average_size_minutes_for_month_5,&,deployment_membership_value_threshold_array_for_month_6,&,running_average_size_minutes_for_month_6,&,deployment_membership_value_threshold_array_for_month_7,&,running_average_size_minutes_for_month_7,&,deployment_membership_value_threshold_array_for_month_8,&,running_average_size_minutes_for_month_8,&,deployment_membership_value_threshold_array_for_month_9,&,running_average_size_minutes_for_month_9,&,deployment_membership_value_threshold_array_for_month_10,&,running_average_size_minutes_for_month_10,&,deployment_membership_value_threshold_array_for_month_11,&,running_average_size_minutes_for_month_11,&,deployment_membership_value_threshold_array_for_month_12,&,running_average_size_minutes_for_month_12,&,dNetNorm,&,dMarketBalancePercentage,&,dMarketNetNorm,
results: KSAT,&,0.5,&,1,&,0.5,&,31,&,0.5,&,31,&,0.5,&,121,&,0.5,&,61,&,0.5,&,121,&,0.5,&,31,&,0.5,&,1,&,0.5,&,1,&,0.5,&,31,&,0.5,&,31,&,0.5,&,1,&,0.35949812066479825,&,0.9495005129123092,&,0.34134364996223715
monthly visible minutes:KSAT,&,2013,&,7561,&,6963,&,7011,&,8672,&,8672,&,3422,&,6054,&,8672,&,8672,&,4682,&,3573,&,8672,&,
monthly visible minutes:KSAT,&,2014,&,8672,&,4652,&,8558,&,8528,&,8672,&,8672,&,5558,&,8672,&,8672,&,5339,&,7424,&,8672,&,
monthly minutes harvester between states:KSAT,&,2013,&,1138,&,494,&,599,&,608,&,570,&,329,&,791,&,342,&,521,&,380,&,304,&,671,&,
monthly minutes harvester between states:KSAT,&,2014,&,710,&,380,&,532,&,532,&,494,&,684,&,722,&,951,&,524,&,380,&,494,&,677,&,
FuzzyVsCrisp: KSAT,1,true,true
Station: KSEA
abc: The current path is /home/guy/retractable-wind
I have found the property file.
The training windspeed filename is /trainingKSEA2004-2012in.csv
The testing windspeed filename is /testingKSEA2013-2014in.csv
Yes, the station is KSEA
Warning: The bAlsoUsePrediction no longer has any effect
iUsedAllItsAllocatedVisibilityMinutesPerMonth: 8760
Visibility Allocation Minutes:8760
HARVESTER_SIZE_SQM is 6362
Reading file
Success: /Wind turbine power curves - wind turbine power output against wind speed in knots.csv found.
Speed (Knots) = Speed(knots) vs power (kW) , Power (kW) =V90
Speed (Knots) = 0 , Power (kW) =0
Speed (Knots) = 1 , Power (kW) =0
Speed (Knots) = 2 , Power (kW) =0
Speed (Knots) = 3 , Power (kW) =0
Speed (Knots) = 4 , Power (kW) =0
Speed (Knots) = 5 , Power (kW) =0
Speed (Knots) = 6 , Power (kW) =0
Speed (Knots) = 7 , Power (kW) =38
Speed (Knots) = 8 , Power (kW) =87
Speed (Knots) = 9 , Power (kW) =141
Speed (Knots) = 10 , Power (kW) =207
Speed (Knots) = 11 , Power (kW) =286
Speed (Knots) = 12 , Power (kW) =382
Speed (Knots) = 13 , Power (kW) =496
Speed (Knots) = 14 , Power (kW) =628
Speed (Knots) = 15 , Power (kW) =781
Speed (Knots) = 16 , Power (kW) =957
Speed (Knots) = 17 , Power (kW) =1153
Speed (Knots) = 18 , Power (kW) =1366
Speed (Knots) = 19 , Power (kW) =1589
Speed (Knots) = 20 , Power (kW) =1814
Speed (Knots) = 21 , Power (kW) =2035
Speed (Knots) = 22 , Power (kW) =2250
Speed (Knots) = 23 , Power (kW) =2452
Speed (Knots) = 24 , Power (kW) =2634
Speed (Knots) = 25 , Power (kW) =2784
Speed (Knots) = 26 , Power (kW) =2888
Speed (Knots) = 27 , Power (kW) =2949
Speed (Knots) = 28 , Power (kW) =2980
Speed (Knots) = 29 , Power (kW) =2993
Speed (Knots) = 30 , Power (kW) =3000
Speed (Knots) = 31 , Power (kW) =3000
Speed (Knots) = 32 , Power (kW) =3000
Speed (Knots) = 33 , Power (kW) =3000
Speed (Knots) = 34 , Power (kW) =3000
Speed (Knots) = 35 , Power (kW) =3000
Speed (Knots) = 36 , Power (kW) =3000
Speed (Knots) = 37 , Power (kW) =3000
Speed (Knots) = 38 , Power (kW) =3000
Speed (Knots) = 39 , Power (kW) =3000
Speed (Knots) = 40 , Power (kW) =3000
Speed (Knots) = 41 , Power (kW) =3000
Speed (Knots) = 42 , Power (kW) =3000
Speed (Knots) = 43 , Power (kW) =3000
Speed (Knots) = 44 , Power (kW) =3000
Speed (Knots) = 45 , Power (kW) =3000
Speed (Knots) = 46 , Power (kW) =3000
Speed (Knots) = 47 , Power (kW) =3000
Speed (Knots) = 48 , Power (kW) =3000
Speed (Knots) = 49 , Power (kW) =0
Speed (Knots) = 50 , Power (kW) =0
Speed (Knots) = 51 , Power (kW) =0
Speed (Knots) = 52 , Power (kW) =0
Speed (Knots) = 53 , Power (kW) =0
Speed (Knots) = 54 , Power (kW) =0
Speed (Knots) = 55 , Power (kW) =0
Speed (Knots) = 56 , Power (kW) =0
Speed (Knots) = 57 , Power (kW) =0
Speed (Knots) = 58 , Power (kW) =0
Speed (Knots) = 59 , Power (kW) =0
Speed (Knots) = 60 , Power (kW) =0
The scale is 1.0
Wind power at 10 knots in kilowatts is 207.0
Wind power in-cut-out test 0.0
Fuzzy
Class name:edu.pitt.cs.people.guy.wind.benchmarks.Fuzzy5
Success: /Noise_Allowed_Time_Definitions_All_Stations.csv found.
The station is the record is KSEA
Success: /Noise_Allowed_Time_Definitions_All_Stations.csv found.
The station is the record is KSEA
I have found the membership file for NOT WINDY.
Windspeed (knots) [0,1), Membership Value =1.00000000,1.0
Windspeed (knots) [1,2), Membership Value =0.99993277,0.99993277
Windspeed (knots) [2,3), Membership Value =0.99892165,0.99892163
Windspeed (knots) [3,4), Membership Value =0.99387290,0.9938729
Windspeed (knots) [4,5), Membership Value =0.97894836,0.97894835
Windspeed (knots) [5,6), Membership Value =0.94800931,0.9480093
Windspeed (knots) [6,7), Membership Value =0.89672655,0.89672655
Windspeed (knots) [7,8), Membership Value =0.82453767,0.8245377
Windspeed (knots) [8,9), Membership Value =0.73707467,0.7370747
Windspeed (knots) [9,10), Membership Value =0.63973627,0.6397363
Windspeed (knots) [10,11), Membership Value =0.53478148,0.53478146
Windspeed (knots) [11,12), Membership Value =0.42858798,0.42858797
Windspeed (knots) [12,13), Membership Value =0.32600889,0.3260089
Windspeed (knots) [13,14), Membership Value =0.22910875,0.22910875
Windspeed (knots) [14,15), Membership Value =0.14142866,0.14142866
Windspeed (knots) [15,16), Membership Value =0.06309132,0.06309132
Windspeed (knots) [16,17), Membership Value =0.00000000,0.0
Windspeed (knots) [17,18), Membership Value =0.00000000,0.0
Windspeed (knots) [18,19), Membership Value =0.00000000,0.0
Windspeed (knots) [19,20), Membership Value =0.00000000,0.0
Windspeed (knots) [20,21), Membership Value =0.00000000,0.0
Windspeed (knots) [21,22), Membership Value =0.00000000,0.0
Windspeed (knots) [22,23), Membership Value =0.00000000,0.0
Windspeed (knots) [23,24), Membership Value =0.00000000,0.0
Windspeed (knots) [24,25), Membership Value =0.00000000,0.0
Windspeed (knots) [25,26), Membership Value =0.00000000,0.0
Windspeed (knots) [26,27), Membership Value =0.00000000,0.0
Windspeed (knots) [27,28), Membership Value =0.00000000,0.0
Windspeed (knots) [28,29), Membership Value =0.00000000,0.0
Windspeed (knots) [29,30), Membership Value =0.00000000,0.0
Windspeed (knots) [30,31), Membership Value =0.00000000,0.0
Windspeed (knots) [31,32), Membership Value =0.00000000,0.0
Windspeed (knots) [32,33), Membership Value =0.00000000,0.0
Windspeed (knots) [33,34), Membership Value =0.00000000,0.0
Windspeed (knots) [34,35), Membership Value =0.00000000,0.0
Windspeed (knots) [35,36), Membership Value =0.00000000,0.0
Windspeed (knots) [36,37), Membership Value =0.00000000,0.0
Windspeed (knots) [37,38), Membership Value =0.00000000,0.0
Windspeed (knots) [38,39), Membership Value =0.00000000,0.0
Windspeed (knots) [39,40), Membership Value =0.00000000,0.0
Windspeed (knots) [40,41), Membership Value =0.00000000,0.0
Windspeed (knots) [41,42), Membership Value =0.00000000,0.0
Windspeed (knots) [42,43), Membership Value =0.00000000,0.0
Windspeed (knots) [43,44), Membership Value =0.00000000,0.0
Windspeed (knots) [44,45), Membership Value =0.00000000,0.0
Windspeed (knots) [45,46), Membership Value =0.00000000,0.0
Windspeed (knots) [46,47), Membership Value =0.00000000,0.0
Windspeed (knots) [47,48), Membership Value =0.00000000,0.0
Windspeed (knots) [48,49), Membership Value =0.00000000,0.0
Windspeed (knots) [49,50), Membership Value =0.00000000,0.0
Windspeed (knots) [50,51), Membership Value =0.00000000,0.0
Windspeed (knots) [51,52), Membership Value =0.00000000,0.0
Windspeed (knots) [52,53), Membership Value =0.00000000,0.0
Windspeed (knots) [53,54), Membership Value =0.00000000,0.0
Windspeed (knots) [54,55), Membership Value =0.00000000,0.0
Windspeed (knots) [55,56), Membership Value =0.00000000,0.0
Windspeed (knots) [56,57), Membership Value =0.00000000,0.0
Windspeed (knots) [57,58), Membership Value =0.00000000,0.0
Windspeed (knots) [58,59), Membership Value =0.00000000,0.0
Windspeed (knots) [59,60), Membership Value =0.00000000,0.0
Windspeed (knots) [60,61), Membership Value =0.00000000,0.0
Windspeed (knots) [61,62), Membership Value =0.00000000,0.0
Windspeed (knots) [62,63), Membership Value =0.00000000,0.0
Windspeed (knots) [63,64), Membership Value =0.00000000,0.0
Windspeed (knots) [64,65), Membership Value =0.00000000,0.0
Windspeed (knots) [65,66), Membership Value =0.00000000,0.0
Windspeed (knots) [66,67), Membership Value =0.00000000,0.0
Windspeed (knots) [67,68), Membership Value =0.00000000,0.0
Windspeed (knots) [68,69), Membership Value =0.00000000,0.0
Windspeed (knots) [69,70), Membership Value =0.00000000,0.0
Windspeed (knots) [70,71), Membership Value =0.00000000,0.0
Windspeed (knots) [71,72), Membership Value =0.00000000,0.0
Windspeed (knots) [72,73), Membership Value =0.00000000,0.0
Windspeed (knots) [73,74), Membership Value =0.00000000,0.0
Windspeed (knots) [74,75), Membership Value =0.00000000,0.0
Windspeed (knots) [75,76), Membership Value =0.00000000,0.0
Windspeed (knots) [76,77), Membership Value =0.00000000,0.0
Windspeed (knots) [77,78), Membership Value =0.00000000,0.0
Windspeed (knots) [78,79), Membership Value =0.00000000,0.0
Windspeed (knots) [79,80), Membership Value =0.00000000,0.0
Windspeed (knots) [80,81), Membership Value =0.00000000,0.0
Windspeed (knots) [81,82), Membership Value =0.00000000,0.0
Windspeed (knots) [82,83), Membership Value =0.00000000,0.0
Windspeed (knots) [83,84), Membership Value =0.00000000,0.0
Windspeed (knots) [84,85), Membership Value =0.00000000,0.0
Windspeed (knots) [85,86), Membership Value =0.00000000,0.0
Windspeed (knots) [86,87), Membership Value =0.00000000,0.0
Windspeed (knots) [87,88), Membership Value =0.00000000,0.0
Windspeed (knots) [88,89), Membership Value =0.00000000,0.0
Windspeed (knots) [89,90), Membership Value =0.00000000,0.0
Windspeed (knots) [90,91), Membership Value =0.00000000,0.0
Windspeed (knots) [91,92), Membership Value =0.00000000,0.0
Windspeed (knots) [92,93), Membership Value =0.00000000,0.0
Windspeed (knots) [93,94), Membership Value =0.00000000,0.0
Windspeed (knots) [94,95), Membership Value =0.00000000,0.0
Windspeed (knots) [95,96), Membership Value =0.00000000,0.0
Windspeed (knots) [96,97), Membership Value =0.00000000,0.0
Windspeed (knots) [97,98), Membership Value =0.00000000,0.0
Windspeed (knots) [98,99), Membership Value =0.00000000,0.0
Windspeed (knots) [99,100), Membership Value =0.00000000,0.0
Windspeed (knots) [100,101), Membership Value =0.00000000,0.0
Windspeed (knots) [101,102), Membership Value =0.00000000,0.0
Windspeed (knots) [102,103), Membership Value =0.00000000,0.0
Windspeed (knots) [103,104), Membership Value =0.00000000,0.0
Windspeed (knots) [104,105), Membership Value =0.00000000,0.0
Windspeed (knots) [105,106), Membership Value =0.00000000,0.0
Windspeed (knots) [106,107), Membership Value =0.00000000,0.0
Windspeed (knots) [107,108), Membership Value =0.00000000,0.0
Windspeed (knots) [108,109), Membership Value =0.00000000,0.0
Windspeed (knots) [109,110), Membership Value =0.00000000,0.0
Windspeed (knots) [110,111), Membership Value =0.00000000,0.0
Windspeed (knots) [111,112), Membership Value =0.00000000,0.0
Windspeed (knots) [112,113), Membership Value =0.00000000,0.0
Windspeed (knots) [113,114), Membership Value =0.00000000,0.0
Windspeed (knots) [114,115), Membership Value =0.00000000,0.0
Windspeed (knots) [115,116), Membership Value =0.00000000,0.0
Windspeed (knots) [116,117), Membership Value =0.00000000,0.0
Windspeed (knots) [117,118), Membership Value =0.00000000,0.0
Windspeed (knots) [118,119), Membership Value =0.00000000,0.0
Windspeed (knots) [119,120), Membership Value =0.00000000,0.0
Windspeed (knots) [120,121), Membership Value =0.00000000,0.0
Windspeed (knots) [121,122), Membership Value =0.00000000,0.0
Windspeed (knots) [122,123), Membership Value =0.00000000,0.0
Windspeed (knots) [123,124), Membership Value =0.00000000,0.0
Windspeed (knots) [124,125), Membership Value =0.00000000,0.0
LowestWindspeedThatIsWindyKnots for station KSEA is 6 knots.
Transition limited :false
bUseWeatherPrediction: false
The running average is 1
The membership_value_deployment_threshold is 0.5
Energy harvested: 4400397.939161798
iGeneratingEnergyWhenGridNeedsEnergyMinutes =723671
iGeneratingEnergyWhenGridNeedsEnergyMinutes =723671
iUsingEnergyWhenGridNeedsEnergyMinutes =47760
iGeneratingEnergyWhenGridHasExcessEnergyMinutes = 1186
iUsingEnergyWhenGridHasExcessEnergyMinutes = 37
iIdleWhenGridDoesNotNeedEnergyMinutes = 44857
iIdleWhenGridNeedsEnergyMinutes = 3916968
iEnergyPriceIsZeroMinutes = 240
harvester.getEnergyHarvestedAVAILABLEKilowattHours( ): 9219178.416666666
harvester.getEnergyHarvestedKilowattHours(): 4400397.939161798
The running average is 31
The membership_value_deployment_threshold is 0.5
Energy harvested: 4219569.664997755
iGeneratingEnergyWhenGridNeedsEnergyMinutes =583171
iGeneratingEnergyWhenGridNeedsEnergyMinutes =583171
iUsingEnergyWhenGridNeedsEnergyMinutes =23185
iGeneratingEnergyWhenGridHasExcessEnergyMinutes = 660
iUsingEnergyWhenGridHasExcessEnergyMinutes = 37
iIdleWhenGridDoesNotNeedEnergyMinutes = 45383
iIdleWhenGridNeedsEnergyMinutes = 4082043
iEnergyPriceIsZeroMinutes = 240
harvester.getEnergyHarvestedAVAILABLEKilowattHours( ): 9219178.416666666
harvester.getEnergyHarvestedKilowattHours(): 4219569.664997755
The running average is 61
The membership_value_deployment_threshold is 0.5
Energy harvested: 4090929.4536093143
iGeneratingEnergyWhenGridNeedsEnergyMinutes =540725
iGeneratingEnergyWhenGridNeedsEnergyMinutes =540725
iUsingEnergyWhenGridNeedsEnergyMinutes =18804
iGeneratingEnergyWhenGridHasExcessEnergyMinutes = 840
iUsingEnergyWhenGridHasExcessEnergyMinutes = 21
iIdleWhenGridDoesNotNeedEnergyMinutes = 45219
iIdleWhenGridNeedsEnergyMinutes = 4128870
iEnergyPriceIsZeroMinutes = 240
harvester.getEnergyHarvestedAVAILABLEKilowattHours( ): 9219178.416666666
harvester.getEnergyHarvestedKilowattHours(): 4090929.4536093143
The running average is 91
The membership_value_deployment_threshold is 0.5
Energy harvested: 3948845.2208317975
iGeneratingEnergyWhenGridNeedsEnergyMinutes =510057
iGeneratingEnergyWhenGridNeedsEnergyMinutes =510057
iUsingEnergyWhenGridNeedsEnergyMinutes =16756
iGeneratingEnergyWhenGridHasExcessEnergyMinutes = 787
iUsingEnergyWhenGridHasExcessEnergyMinutes = 48
iIdleWhenGridDoesNotNeedEnergyMinutes = 45245
iIdleWhenGridNeedsEnergyMinutes = 4161586
iEnergyPriceIsZeroMinutes = 240
harvester.getEnergyHarvestedAVAILABLEKilowattHours( ): 9219178.416666666
harvester.getEnergyHarvestedKilowattHours(): 3948845.2208317975
The running average is 121
The membership_value_deployment_threshold is 0.5
Energy harvested: 3840428.8722209167
iGeneratingEnergyWhenGridNeedsEnergyMinutes =483580
iGeneratingEnergyWhenGridNeedsEnergyMinutes =483580
iUsingEnergyWhenGridNeedsEnergyMinutes =14937
iGeneratingEnergyWhenGridHasExcessEnergyMinutes = 700
iUsingEnergyWhenGridHasExcessEnergyMinutes = 18
iIdleWhenGridDoesNotNeedEnergyMinutes = 45362
iIdleWhenGridNeedsEnergyMinutes = 4189882
iEnergyPriceIsZeroMinutes = 240
harvester.getEnergyHarvestedAVAILABLEKilowattHours( ): 9219178.416666666
harvester.getEnergyHarvestedKilowattHours(): 3840428.8722209167
Beginning testing mode:
station,&,deployment_membership_value_threshold_array_for_month_1,&,running_average_size_minutes_for_month_1,&,deployment_membership_value_threshold_array_for_month_2,&,running_average_size_minutes_for_month_2,&,deployment_membership_value_threshold_array_for_month_3,&,running_average_size_minutes_for_month_3,&,deployment_membership_value_threshold_array_for_month_4,&,running_average_size_minutes_for_month_4,&,deployment_membership_value_threshold_array_for_month_5,&,running_average_size_minutes_for_month_5,&,deployment_membership_value_threshold_array_for_month_6,&,running_average_size_minutes_for_month_6,&,deployment_membership_value_threshold_array_for_month_7,&,running_average_size_minutes_for_month_7,&,deployment_membership_value_threshold_array_for_month_8,&,running_average_size_minutes_for_month_8,&,deployment_membership_value_threshold_array_for_month_9,&,running_average_size_minutes_for_month_9,&,deployment_membership_value_threshold_array_for_month_10,&,running_average_size_minutes_for_month_10,&,deployment_membership_value_threshold_array_for_month_11,&,running_average_size_minutes_for_month_11,&,deployment_membership_value_threshold_array_for_month_12,&,running_average_size_minutes_for_month_12,&,dNetNorm,&,dMarketBalancePercentage,&,dMarketNetNorm,
results: KSEA,&,0.5,&,31,&,0.5,&,1,&,0.5,&,61,&,0.5,&,1,&,0.5,&,1,&,0.5,&,1,&,0.5,&,1,&,0.5,&,31,&,0.5,&,1,&,0.5,&,31,&,0.5,&,121,&,0.5,&,121,&,0.4439609002274598,&,0.9407659112844688,&,0.41766328087715937
monthly visible minutes:KSEA,&,2013,&,5027,&,8672,&,4503,&,6461,&,4352,&,2416,&,981,&,2145,&,8672,&,3420,&,5550,&,4299,&,
monthly visible minutes:KSEA,&,2014,&,7242,&,8672,&,8672,&,8672,&,8672,&,8672,&,8662,&,2459,&,6972,&,6130,&,8672,&,8672,&,
monthly minutes harvester between states:KSEA,&,2013,&,380,&,1012,&,304,&,1112,&,584,&,369,&,306,&,228,&,547,&,228,&,418,&,266,&,
monthly minutes harvester between states:KSEA,&,2014,&,532,&,527,&,570,&,884,&,1048,&,1049,&,1198,&,342,&,784,&,608,&,570,&,570,&,
FuzzyVsCrisp: KSEA,1,true,true
station,&,deployment_membership_value_threshold_array_for_month_1,&,running_average_size_minutes_for_month_1,&,deployment_membership_value_threshold_array_for_month_2,&,running_average_size_minutes_for_month_2,&,deployment_membership_value_threshold_array_for_month_3,&,running_average_size_minutes_for_month_3,&,deployment_membership_value_threshold_array_for_month_4,&,running_average_size_minutes_for_month_4,&,deployment_membership_value_threshold_array_for_month_5,&,running_average_size_minutes_for_month_5,&,deployment_membership_value_threshold_array_for_month_6,&,running_average_size_minutes_for_month_6,&,deployment_membership_value_threshold_array_for_month_7,&,running_average_size_minutes_for_month_7,&,deployment_membership_value_threshold_array_for_month_8,&,running_average_size_minutes_for_month_8,&,deployment_membership_value_threshold_array_for_month_9,&,running_average_size_minutes_for_month_9,&,deployment_membership_value_threshold_array_for_month_10,&,running_average_size_minutes_for_month_10,&,deployment_membership_value_threshold_array_for_month_11,&,running_average_size_minutes_for_month_11,&,deployment_membership_value_threshold_array_for_month_12,&,running_average_size_minutes_for_month_12,&,dNetNorm,&,dMarketBalancePercentage,&,dMarketNetNorm,
results: KSEA,&,0.5,&,61,&,0.5,&,91,&,0.5,&,61,&,0.5,&,1,&,0.5,&,1,&,0.5,&,1,&,0.5,&,1,&,0.5,&,31,&,0.5,&,1,&,0.5,&,31,&,0.5,&,121,&,0.5,&,121,&,0.44991059012505985,&,0.942927130975439,&,0.42423290194208935
monthly visible minutes:KSEA,&,2013,&,5027,&,8672,&,4503,&,6461,&,4352,&,2416,&,981,&,2145,&,8672,&,3420,&,5550,&,4299,&,
monthly visible minutes:KSEA,&,2014,&,7242,&,8672,&,8672,&,8672,&,8672,&,8672,&,8662,&,2459,&,6972,&,6130,&,8672,&,8672,&,
monthly minutes harvester between states:KSEA,&,2013,&,380,&,1012,&,304,&,1112,&,584,&,369,&,306,&,228,&,547,&,228,&,418,&,266,&,
monthly minutes harvester between states:KSEA,&,2014,&,532,&,527,&,570,&,884,&,1048,&,1049,&,1198,&,342,&,784,&,608,&,570,&,570,&,
FuzzyVsCrisp: KSEA,1,true,true
Station: KSFO
abc: The current path is /home/guy/retractable-wind
I have found the property file.
The training windspeed filename is /trainingKSFO2004-2012in.csv
The testing windspeed filename is /testingKSFO2013-2014in.csv
Yes, the station is KSFO
Warning: The bAlsoUsePrediction no longer has any effect
iUsedAllItsAllocatedVisibilityMinutesPerMonth: 8760
Visibility Allocation Minutes:8760
HARVESTER_SIZE_SQM is 6362
Reading file
Success: /Wind turbine power curves - wind turbine power output against wind speed in knots.csv found.
Speed (Knots) = Speed(knots) vs power (kW) , Power (kW) =V90
Speed (Knots) = 0 , Power (kW) =0
Speed (Knots) = 1 , Power (kW) =0
Speed (Knots) = 2 , Power (kW) =0
Speed (Knots) = 3 , Power (kW) =0
Speed (Knots) = 4 , Power (kW) =0
Speed (Knots) = 5 , Power (kW) =0
Speed (Knots) = 6 , Power (kW) =0
Speed (Knots) = 7 , Power (kW) =38
Speed (Knots) = 8 , Power (kW) =87
Speed (Knots) = 9 , Power (kW) =141
Speed (Knots) = 10 , Power (kW) =207
Speed (Knots) = 11 , Power (kW) =286
Speed (Knots) = 12 , Power (kW) =382
Speed (Knots) = 13 , Power (kW) =496
Speed (Knots) = 14 , Power (kW) =628
Speed (Knots) = 15 , Power (kW) =781
Speed (Knots) = 16 , Power (kW) =957
Speed (Knots) = 17 , Power (kW) =1153
Speed (Knots) = 18 , Power (kW) =1366
Speed (Knots) = 19 , Power (kW) =1589
Speed (Knots) = 20 , Power (kW) =1814
Speed (Knots) = 21 , Power (kW) =2035
Speed (Knots) = 22 , Power (kW) =2250
Speed (Knots) = 23 , Power (kW) =2452
Speed (Knots) = 24 , Power (kW) =2634
Speed (Knots) = 25 , Power (kW) =2784
Speed (Knots) = 26 , Power (kW) =2888
Speed (Knots) = 27 , Power (kW) =2949
Speed (Knots) = 28 , Power (kW) =2980
Speed (Knots) = 29 , Power (kW) =2993
Speed (Knots) = 30 , Power (kW) =3000
Speed (Knots) = 31 , Power (kW) =3000
Speed (Knots) = 32 , Power (kW) =3000
Speed (Knots) = 33 , Power (kW) =3000
Speed (Knots) = 34 , Power (kW) =3000
Speed (Knots) = 35 , Power (kW) =3000
Speed (Knots) = 36 , Power (kW) =3000
Speed (Knots) = 37 , Power (kW) =3000
Speed (Knots) = 38 , Power (kW) =3000
Speed (Knots) = 39 , Power (kW) =3000
Speed (Knots) = 40 , Power (kW) =3000
Speed (Knots) = 41 , Power (kW) =3000
Speed (Knots) = 42 , Power (kW) =3000
Speed (Knots) = 43 , Power (kW) =3000
Speed (Knots) = 44 , Power (kW) =3000
Speed (Knots) = 45 , Power (kW) =3000
Speed (Knots) = 46 , Power (kW) =3000
Speed (Knots) = 47 , Power (kW) =3000
Speed (Knots) = 48 , Power (kW) =3000
Speed (Knots) = 49 , Power (kW) =0
Speed (Knots) = 50 , Power (kW) =0
Speed (Knots) = 51 , Power (kW) =0
Speed (Knots) = 52 , Power (kW) =0
Speed (Knots) = 53 , Power (kW) =0
Speed (Knots) = 54 , Power (kW) =0
Speed (Knots) = 55 , Power (kW) =0
Speed (Knots) = 56 , Power (kW) =0
Speed (Knots) = 57 , Power (kW) =0
Speed (Knots) = 58 , Power (kW) =0
Speed (Knots) = 59 , Power (kW) =0
Speed (Knots) = 60 , Power (kW) =0
The scale is 1.0
Wind power at 10 knots in kilowatts is 207.0
Wind power in-cut-out test 0.0
Fuzzy
Class name:edu.pitt.cs.people.guy.wind.benchmarks.Fuzzy5
Success: /Noise_Allowed_Time_Definitions_All_Stations.csv found.
The station is the record is KSFO
Success: /Noise_Allowed_Time_Definitions_All_Stations.csv found.
The station is the record is KSFO
I have found the membership file for NOT WINDY.
Windspeed (knots) [0,1), Membership Value =1.00000000,1.0
Windspeed (knots) [1,2), Membership Value =0.99996969,0.99996966
Windspeed (knots) [2,3), Membership Value =0.99957051,0.9995705
Windspeed (knots) [3,4), Membership Value =0.99801138,0.99801135
Windspeed (knots) [4,5), Membership Value =0.99467864,0.9946786
Windspeed (knots) [5,6), Membership Value =0.98887177,0.98887175
Windspeed (knots) [6,7), Membership Value =0.97951150,0.9795115
Windspeed (knots) [7,8), Membership Value =0.96524237,0.9652424
Windspeed (knots) [8,9), Membership Value =0.94494139,0.9449414
Windspeed (knots) [9,10), Membership Value =0.91725713,0.91725713
Windspeed (knots) [10,11), Membership Value =0.88074036,0.88074034
Windspeed (knots) [11,12), Membership Value =0.83558029,0.8355803
Windspeed (knots) [12,13), Membership Value =0.78138256,0.78138256
Windspeed (knots) [13,14), Membership Value =0.71758838,0.71758837
Windspeed (knots) [14,15), Membership Value =0.64648835,0.64648837
Windspeed (knots) [15,16), Membership Value =0.56605603,0.566056
Windspeed (knots) [16,17), Membership Value =0.48026860,0.4802686
Windspeed (knots) [17,18), Membership Value =0.39188199,0.391882
Windspeed (knots) [18,19), Membership Value =0.30389209,0.30389208
Windspeed (knots) [19,20), Membership Value =0.21823395,0.21823394
Windspeed (knots) [20,21), Membership Value =0.14138764,0.14138764
Windspeed (knots) [21,22), Membership Value =0.07292651,0.07292651
Windspeed (knots) [22,23), Membership Value =0.01592513,0.01592513
Windspeed (knots) [23,24), Membership Value =0.00000000,0.0
Windspeed (knots) [24,25), Membership Value =0.00000000,0.0
Windspeed (knots) [25,26), Membership Value =0.00000000,0.0
Windspeed (knots) [26,27), Membership Value =0.00000000,0.0
Windspeed (knots) [27,28), Membership Value =0.00000000,0.0
Windspeed (knots) [28,29), Membership Value =0.00000000,0.0
Windspeed (knots) [29,30), Membership Value =0.00000000,0.0
Windspeed (knots) [30,31), Membership Value =0.00000000,0.0
Windspeed (knots) [31,32), Membership Value =0.00000000,0.0
Windspeed (knots) [32,33), Membership Value =0.00000000,0.0
Windspeed (knots) [33,34), Membership Value =0.00000000,0.0
Windspeed (knots) [34,35), Membership Value =0.00000000,0.0
Windspeed (knots) [35,36), Membership Value =0.00000000,0.0
Windspeed (knots) [36,37), Membership Value =0.00000000,0.0
Windspeed (knots) [37,38), Membership Value =0.00000000,0.0
Windspeed (knots) [38,39), Membership Value =0.00000000,0.0
Windspeed (knots) [39,40), Membership Value =0.00000000,0.0
Windspeed (knots) [40,41), Membership Value =0.00000000,0.0
Windspeed (knots) [41,42), Membership Value =0.00000000,0.0
Windspeed (knots) [42,43), Membership Value =0.00000000,0.0
Windspeed (knots) [43,44), Membership Value =0.00000000,0.0
Windspeed (knots) [44,45), Membership Value =0.00000000,0.0
Windspeed (knots) [45,46), Membership Value =0.00000000,0.0
Windspeed (knots) [46,47), Membership Value =0.00000000,0.0
Windspeed (knots) [47,48), Membership Value =0.00000000,0.0
Windspeed (knots) [48,49), Membership Value =0.00000000,0.0
Windspeed (knots) [49,50), Membership Value =0.00000000,0.0
Windspeed (knots) [50,51), Membership Value =0.00000000,0.0
Windspeed (knots) [51,52), Membership Value =0.00000000,0.0
Windspeed (knots) [52,53), Membership Value =0.00000000,0.0
Windspeed (knots) [53,54), Membership Value =0.00000000,0.0
Windspeed (knots) [54,55), Membership Value =0.00000000,0.0
Windspeed (knots) [55,56), Membership Value =0.00000000,0.0
Windspeed (knots) [56,57), Membership Value =0.00000000,0.0
Windspeed (knots) [57,58), Membership Value =0.00000000,0.0
Windspeed (knots) [58,59), Membership Value =0.00000000,0.0
Windspeed (knots) [59,60), Membership Value =0.00000000,0.0
Windspeed (knots) [60,61), Membership Value =0.00000000,0.0
Windspeed (knots) [61,62), Membership Value =0.00000000,0.0
Windspeed (knots) [62,63), Membership Value =0.00000000,0.0
Windspeed (knots) [63,64), Membership Value =0.00000000,0.0
Windspeed (knots) [64,65), Membership Value =0.00000000,0.0
Windspeed (knots) [65,66), Membership Value =0.00000000,0.0
Windspeed (knots) [66,67), Membership Value =0.00000000,0.0
Windspeed (knots) [67,68), Membership Value =0.00000000,0.0
Windspeed (knots) [68,69), Membership Value =0.00000000,0.0
Windspeed (knots) [69,70), Membership Value =0.00000000,0.0
Windspeed (knots) [70,71), Membership Value =0.00000000,0.0
Windspeed (knots) [71,72), Membership Value =0.00000000,0.0
Windspeed (knots) [72,73), Membership Value =0.00000000,0.0
Windspeed (knots) [73,74), Membership Value =0.00000000,0.0
Windspeed (knots) [74,75), Membership Value =0.00000000,0.0
Windspeed (knots) [75,76), Membership Value =0.00000000,0.0
Windspeed (knots) [76,77), Membership Value =0.00000000,0.0
Windspeed (knots) [77,78), Membership Value =0.00000000,0.0
Windspeed (knots) [78,79), Membership Value =0.00000000,0.0
Windspeed (knots) [79,80), Membership Value =0.00000000,0.0
Windspeed (knots) [80,81), Membership Value =0.00000000,0.0
Windspeed (knots) [81,82), Membership Value =0.00000000,0.0
Windspeed (knots) [82,83), Membership Value =0.00000000,0.0
Windspeed (knots) [83,84), Membership Value =0.00000000,0.0
Windspeed (knots) [84,85), Membership Value =0.00000000,0.0
Windspeed (knots) [85,86), Membership Value =0.00000000,0.0
Windspeed (knots) [86,87), Membership Value =0.00000000,0.0
Windspeed (knots) [87,88), Membership Value =0.00000000,0.0
Windspeed (knots) [88,89), Membership Value =0.00000000,0.0
Windspeed (knots) [89,90), Membership Value =0.00000000,0.0
Windspeed (knots) [90,91), Membership Value =0.00000000,0.0
Windspeed (knots) [91,92), Membership Value =0.00000000,0.0
Windspeed (knots) [92,93), Membership Value =0.00000000,0.0
Windspeed (knots) [93,94), Membership Value =0.00000000,0.0
Windspeed (knots) [94,95), Membership Value =0.00000000,0.0
Windspeed (knots) [95,96), Membership Value =0.00000000,0.0
Windspeed (knots) [96,97), Membership Value =0.00000000,0.0
Windspeed (knots) [97,98), Membership Value =0.00000000,0.0
Windspeed (knots) [98,99), Membership Value =0.00000000,0.0
Windspeed (knots) [99,100), Membership Value =0.00000000,0.0
Windspeed (knots) [100,101), Membership Value =0.00000000,0.0
Windspeed (knots) [101,102), Membership Value =0.00000000,0.0
Windspeed (knots) [102,103), Membership Value =0.00000000,0.0
Windspeed (knots) [103,104), Membership Value =0.00000000,0.0
Windspeed (knots) [104,105), Membership Value =0.00000000,0.0
Windspeed (knots) [105,106), Membership Value =0.00000000,0.0
Windspeed (knots) [106,107), Membership Value =0.00000000,0.0
Windspeed (knots) [107,108), Membership Value =0.00000000,0.0
Windspeed (knots) [108,109), Membership Value =0.00000000,0.0
Windspeed (knots) [109,110), Membership Value =0.00000000,0.0
Windspeed (knots) [110,111), Membership Value =0.00000000,0.0
Windspeed (knots) [111,112), Membership Value =0.00000000,0.0
Windspeed (knots) [112,113), Membership Value =0.00000000,0.0
Windspeed (knots) [113,114), Membership Value =0.00000000,0.0
Windspeed (knots) [114,115), Membership Value =0.00000000,0.0
Windspeed (knots) [115,116), Membership Value =0.00000000,0.0
Windspeed (knots) [116,117), Membership Value =0.00000000,0.0
Windspeed (knots) [117,118), Membership Value =0.00000000,0.0
Windspeed (knots) [118,119), Membership Value =0.00000000,0.0
Windspeed (knots) [119,120), Membership Value =0.00000000,0.0
Windspeed (knots) [120,121), Membership Value =0.00000000,0.0
Windspeed (knots) [121,122), Membership Value =0.00000000,0.0
Windspeed (knots) [122,123), Membership Value =0.00000000,0.0
Windspeed (knots) [123,124), Membership Value =0.00000000,0.0
Windspeed (knots) [124,125), Membership Value =0.00000000,0.0
LowestWindspeedThatIsWindyKnots for station KSFO is 10 knots.
Transition limited :false
bUseWeatherPrediction: false
The running average is 1
The membership_value_deployment_threshold is 0.5
Energy harvested: 1.3188879461946445E7
iGeneratingEnergyWhenGridNeedsEnergyMinutes =661173
iGeneratingEnergyWhenGridNeedsEnergyMinutes =661173
iUsingEnergyWhenGridNeedsEnergyMinutes =15092
iGeneratingEnergyWhenGridHasExcessEnergyMinutes = 924
iUsingEnergyWhenGridHasExcessEnergyMinutes = 18
iIdleWhenGridDoesNotNeedEnergyMinutes = 45138
iIdleWhenGridNeedsEnergyMinutes = 4012134
iEnergyPriceIsZeroMinutes = 240
harvester.getEnergyHarvestedAVAILABLEKilowattHours( ): 2.9176973966666665E7
harvester.getEnergyHarvestedKilowattHours(): 1.3188879461946445E7
The running average is 31
The membership_value_deployment_threshold is 0.5
Energy harvested: 1.2937765927222548E7
iGeneratingEnergyWhenGridNeedsEnergyMinutes =602057
iGeneratingEnergyWhenGridNeedsEnergyMinutes =602057
iUsingEnergyWhenGridNeedsEnergyMinutes =2304
iGeneratingEnergyWhenGridHasExcessEnergyMinutes = 1372
iUsingEnergyWhenGridHasExcessEnergyMinutes = 0
iIdleWhenGridDoesNotNeedEnergyMinutes = 44708
iIdleWhenGridNeedsEnergyMinutes = 4084038
iEnergyPriceIsZeroMinutes = 240
harvester.getEnergyHarvestedAVAILABLEKilowattHours( ): 2.9176973966666665E7
harvester.getEnergyHarvestedKilowattHours(): 1.2937765927222548E7
The running average is 61
The membership_value_deployment_threshold is 0.5
Energy harvested: 1.266886711333356E7
iGeneratingEnergyWhenGridNeedsEnergyMinutes =573172
iGeneratingEnergyWhenGridNeedsEnergyMinutes =573172
iUsingEnergyWhenGridNeedsEnergyMinutes =1731
iGeneratingEnergyWhenGridHasExcessEnergyMinutes = 1430
iUsingEnergyWhenGridHasExcessEnergyMinutes = 0
iIdleWhenGridDoesNotNeedEnergyMinutes = 44650
iIdleWhenGridNeedsEnergyMinutes = 4113496
iEnergyPriceIsZeroMinutes = 240
harvester.getEnergyHarvestedAVAILABLEKilowattHours( ): 2.9176973966666665E7
harvester.getEnergyHarvestedKilowattHours(): 1.266886711333356E7
The running average is 91
The membership_value_deployment_threshold is 0.5
Energy harvested: 1.2360559061944665E7
iGeneratingEnergyWhenGridNeedsEnergyMinutes =550205
iGeneratingEnergyWhenGridNeedsEnergyMinutes =550205
iUsingEnergyWhenGridNeedsEnergyMinutes =1529
iGeneratingEnergyWhenGridHasExcessEnergyMinutes = 1371
iUsingEnergyWhenGridHasExcessEnergyMinutes = 0
iIdleWhenGridDoesNotNeedEnergyMinutes = 44709
iIdleWhenGridNeedsEnergyMinutes = 4136665
iEnergyPriceIsZeroMinutes = 240
harvester.getEnergyHarvestedAVAILABLEKilowattHours( ): 2.9176973966666665E7
harvester.getEnergyHarvestedKilowattHours(): 1.2360559061944665E7
The running average is 121
The membership_value_deployment_threshold is 0.5
Energy harvested: 1.1924335897222387E7
iGeneratingEnergyWhenGridNeedsEnergyMinutes =522364
iGeneratingEnergyWhenGridNeedsEnergyMinutes =522364
iUsingEnergyWhenGridNeedsEnergyMinutes =1296
iGeneratingEnergyWhenGridHasExcessEnergyMinutes = 1458
iUsingEnergyWhenGridHasExcessEnergyMinutes = 8
iIdleWhenGridDoesNotNeedEnergyMinutes = 44614
iIdleWhenGridNeedsEnergyMinutes = 4164739
iEnergyPriceIsZeroMinutes = 240
harvester.getEnergyHarvestedAVAILABLEKilowattHours( ): 2.9176973966666665E7
harvester.getEnergyHarvestedKilowattHours(): 1.1924335897222387E7
Beginning testing mode:
station,&,deployment_membership_value_threshold_array_for_month_1,&,running_average_size_minutes_for_month_1,&,deployment_membership_value_threshold_array_for_month_2,&,running_average_size_minutes_for_month_2,&,deployment_membership_value_threshold_array_for_month_3,&,running_average_size_minutes_for_month_3,&,deployment_membership_value_threshold_array_for_month_4,&,running_average_size_minutes_for_month_4,&,deployment_membership_value_threshold_array_for_month_5,&,running_average_size_minutes_for_month_5,&,deployment_membership_value_threshold_array_for_month_6,&,running_average_size_minutes_for_month_6,&,deployment_membership_value_threshold_array_for_month_7,&,running_average_size_minutes_for_month_7,&,deployment_membership_value_threshold_array_for_month_8,&,running_average_size_minutes_for_month_8,&,deployment_membership_value_threshold_array_for_month_9,&,running_average_size_minutes_for_month_9,&,deployment_membership_value_threshold_array_for_month_10,&,running_average_size_minutes_for_month_10,&,deployment_membership_value_threshold_array_for_month_11,&,running_average_size_minutes_for_month_11,&,deployment_membership_value_threshold_array_for_month_12,&,running_average_size_minutes_for_month_12,&,dNetNorm,&,dMarketBalancePercentage,&,dMarketNetNorm,
results: KSFO,&,0.5,&,1,&,0.5,&,1,&,0.5,&,61,&,0.5,&,61,&,0.5,&,121,&,0.5,&,31,&,0.5,&,61,&,0.5,&,31,&,0.5,&,91,&,0.5,&,1,&,0.5,&,1,&,0.5,&,1,&,0.4490741196623292,&,0.9676660868608672,&,0.4345537960841349
monthly visible minutes:KSFO,&,2013,&,3651,&,6397,&,4770,&,8672,&,8672,&,8672,&,8672,&,8672,&,8672,&,7504,&,4189,&,3069,&,
monthly visible minutes:KSFO,&,2014,&,580,&,5761,&,2858,&,8672,&,8672,&,8672,&,8672,&,8672,&,6912,&,8664,&,6057,&,6282,&,
monthly minutes harvester between states:KSFO,&,2013,&,456,&,1117,&,532,&,722,&,722,&,646,&,912,&,836,&,722,&,943,&,617,&,423,&,
monthly minutes harvester between states:KSFO,&,2014,&,152,&,1005,&,418,&,836,&,760,&,760,&,836,&,798,&,760,&,1098,&,798,&,891,&,
FuzzyVsCrisp: KSFO,1,true,true
station,&,deployment_membership_value_threshold_array_for_month_1,&,running_average_size_minutes_for_month_1,&,deployment_membership_value_threshold_array_for_month_2,&,running_average_size_minutes_for_month_2,&,deployment_membership_value_threshold_array_for_month_3,&,running_average_size_minutes_for_month_3,&,deployment_membership_value_threshold_array_for_month_4,&,running_average_size_minutes_for_month_4,&,deployment_membership_value_threshold_array_for_month_5,&,running_average_size_minutes_for_month_5,&,deployment_membership_value_threshold_array_for_month_6,&,running_average_size_minutes_for_month_6,&,deployment_membership_value_threshold_array_for_month_7,&,running_average_size_minutes_for_month_7,&,deployment_membership_value_threshold_array_for_month_8,&,running_average_size_minutes_for_month_8,&,deployment_membership_value_threshold_array_for_month_9,&,running_average_size_minutes_for_month_9,&,deployment_membership_value_threshold_array_for_month_10,&,running_average_size_minutes_for_month_10,&,deployment_membership_value_threshold_array_for_month_11,&,running_average_size_minutes_for_month_11,&,deployment_membership_value_threshold_array_for_month_12,&,running_average_size_minutes_for_month_12,&,dNetNorm,&,dMarketBalancePercentage,&,dMarketNetNorm,
results: KSFO,&,0.5,&,1,&,0.5,&,1,&,0.5,&,61,&,0.5,&,61,&,0.5,&,121,&,0.5,&,31,&,0.5,&,61,&,0.5,&,31,&,0.5,&,91,&,0.5,&,31,&,0.5,&,1,&,0.5,&,1,&,0.44296623233253757,&,0.9748139427322037,&,0.4318096594373103
monthly visible minutes:KSFO,&,2013,&,3651,&,6397,&,4770,&,8672,&,8672,&,8672,&,8672,&,8672,&,8672,&,7504,&,4189,&,3069,&,
monthly visible minutes:KSFO,&,2014,&,580,&,5761,&,2858,&,8672,&,8672,&,8672,&,8672,&,8672,&,6912,&,8664,&,6057,&,6282,&,
monthly minutes harvester between states:KSFO,&,2013,&,456,&,1117,&,532,&,722,&,722,&,646,&,912,&,836,&,722,&,943,&,617,&,423,&,
monthly minutes harvester between states:KSFO,&,2014,&,152,&,1005,&,418,&,836,&,760,&,760,&,836,&,798,&,760,&,1098,&,798,&,891,&,
FuzzyVsCrisp: KSFO,1,true,true
Station: KSMX
abc: The current path is /home/guy/retractable-wind
I have found the property file.
The training windspeed filename is /trainingKSMX2004-2012in.csv
The testing windspeed filename is /testingKSMX2013-2014in.csv
Yes, the station is KSMX
Warning: The bAlsoUsePrediction no longer has any effect
iUsedAllItsAllocatedVisibilityMinutesPerMonth: 8760
Visibility Allocation Minutes:8760
HARVESTER_SIZE_SQM is 6362
Reading file
Success: /Wind turbine power curves - wind turbine power output against wind speed in knots.csv found.
Speed (Knots) = Speed(knots) vs power (kW) , Power (kW) =V90
Speed (Knots) = 0 , Power (kW) =0
Speed (Knots) = 1 , Power (kW) =0
Speed (Knots) = 2 , Power (kW) =0
Speed (Knots) = 3 , Power (kW) =0
Speed (Knots) = 4 , Power (kW) =0
Speed (Knots) = 5 , Power (kW) =0
Speed (Knots) = 6 , Power (kW) =0
Speed (Knots) = 7 , Power (kW) =38
Speed (Knots) = 8 , Power (kW) =87
Speed (Knots) = 9 , Power (kW) =141
Speed (Knots) = 10 , Power (kW) =207
Speed (Knots) = 11 , Power (kW) =286
Speed (Knots) = 12 , Power (kW) =382
Speed (Knots) = 13 , Power (kW) =496
Speed (Knots) = 14 , Power (kW) =628
Speed (Knots) = 15 , Power (kW) =781
Speed (Knots) = 16 , Power (kW) =957
Speed (Knots) = 17 , Power (kW) =1153
Speed (Knots) = 18 , Power (kW) =1366
Speed (Knots) = 19 , Power (kW) =1589
Speed (Knots) = 20 , Power (kW) =1814
Speed (Knots) = 21 , Power (kW) =2035
Speed (Knots) = 22 , Power (kW) =2250
Speed (Knots) = 23 , Power (kW) =2452
Speed (Knots) = 24 , Power (kW) =2634
Speed (Knots) = 25 , Power (kW) =2784
Speed (Knots) = 26 , Power (kW) =2888
Speed (Knots) = 27 , Power (kW) =2949
Speed (Knots) = 28 , Power (kW) =2980
Speed (Knots) = 29 , Power (kW) =2993
Speed (Knots) = 30 , Power (kW) =3000
Speed (Knots) = 31 , Power (kW) =3000
Speed (Knots) = 32 , Power (kW) =3000
Speed (Knots) = 33 , Power (kW) =3000
Speed (Knots) = 34 , Power (kW) =3000
Speed (Knots) = 35 , Power (kW) =3000
Speed (Knots) = 36 , Power (kW) =3000
Speed (Knots) = 37 , Power (kW) =3000
Speed (Knots) = 38 , Power (kW) =3000
Speed (Knots) = 39 , Power (kW) =3000
Speed (Knots) = 40 , Power (kW) =3000
Speed (Knots) = 41 , Power (kW) =3000
Speed (Knots) = 42 , Power (kW) =3000
Speed (Knots) = 43 , Power (kW) =3000
Speed (Knots) = 44 , Power (kW) =3000
Speed (Knots) = 45 , Power (kW) =3000
Speed (Knots) = 46 , Power (kW) =3000
Speed (Knots) = 47 , Power (kW) =3000
Speed (Knots) = 48 , Power (kW) =3000
Speed (Knots) = 49 , Power (kW) =0
Speed (Knots) = 50 , Power (kW) =0
Speed (Knots) = 51 , Power (kW) =0
Speed (Knots) = 52 , Power (kW) =0
Speed (Knots) = 53 , Power (kW) =0
Speed (Knots) = 54 , Power (kW) =0
Speed (Knots) = 55 , Power (kW) =0
Speed (Knots) = 56 , Power (kW) =0
Speed (Knots) = 57 , Power (kW) =0
Speed (Knots) = 58 , Power (kW) =0
Speed (Knots) = 59 , Power (kW) =0
Speed (Knots) = 60 , Power (kW) =0
The scale is 1.0
Wind power at 10 knots in kilowatts is 207.0
Wind power in-cut-out test 0.0
Fuzzy
Class name:edu.pitt.cs.people.guy.wind.benchmarks.Fuzzy5
Success: /Noise_Allowed_Time_Definitions_All_Stations.csv found.
The station is the record is KSMX
Success: /Noise_Allowed_Time_Definitions_All_Stations.csv found.
The station is the record is KSMX
I have found the membership file for NOT WINDY.
Windspeed (knots) [0,1), Membership Value =1.00000000,1.0
Windspeed (knots) [1,2), Membership Value =0.99984152,0.9998415
Windspeed (knots) [2,3), Membership Value =0.99797592,0.99797595
Windspeed (knots) [3,4), Membership Value =0.99176306,0.99176306
Windspeed (knots) [4,5), Membership Value =0.98075195,0.98075193
Windspeed (knots) [5,6), Membership Value =0.96501569,0.9650157
Windspeed (knots) [6,7), Membership Value =0.94321174,0.94321173
Windspeed (knots) [7,8), Membership Value =0.91253429,0.9125343
Windspeed (knots) [8,9), Membership Value =0.86896919,0.8689692
Windspeed (knots) [9,10), Membership Value =0.81232688,0.8123269
Windspeed (knots) [10,11), Membership Value =0.74433181,0.74433184
Windspeed (knots) [11,12), Membership Value =0.67016768,0.6701677
Windspeed (knots) [12,13), Membership Value =0.58838001,0.58838004
Windspeed (knots) [13,14), Membership Value =0.50484257,0.5048426
Windspeed (knots) [14,15), Membership Value =0.42222281,0.42222282
Windspeed (knots) [15,16), Membership Value =0.34158479,0.3415848
Windspeed (knots) [16,17), Membership Value =0.26171593,0.26171592
Windspeed (knots) [17,18), Membership Value =0.18446758,0.18446758
Windspeed (knots) [18,19), Membership Value =0.11059148,0.11059148
Windspeed (knots) [19,20), Membership Value =0.04170878,0.04170878
Windspeed (knots) [20,21), Membership Value =0.00000000,0.0
Windspeed (knots) [21,22), Membership Value =0.00000000,0.0
Windspeed (knots) [22,23), Membership Value =0.00000000,0.0
Windspeed (knots) [23,24), Membership Value =0.00000000,0.0
Windspeed (knots) [24,25), Membership Value =0.00000000,0.0
Windspeed (knots) [25,26), Membership Value =0.00000000,0.0
Windspeed (knots) [26,27), Membership Value =0.00000000,0.0
Windspeed (knots) [27,28), Membership Value =0.00000000,0.0
Windspeed (knots) [28,29), Membership Value =0.00000000,0.0
Windspeed (knots) [29,30), Membership Value =0.00000000,0.0
Windspeed (knots) [30,31), Membership Value =0.00000000,0.0
Windspeed (knots) [31,32), Membership Value =0.00000000,0.0
Windspeed (knots) [32,33), Membership Value =0.00000000,0.0
Windspeed (knots) [33,34), Membership Value =0.00000000,0.0
Windspeed (knots) [34,35), Membership Value =0.00000000,0.0
Windspeed (knots) [35,36), Membership Value =0.00000000,0.0
Windspeed (knots) [36,37), Membership Value =0.00000000,0.0
Windspeed (knots) [37,38), Membership Value =0.00000000,0.0
Windspeed (knots) [38,39), Membership Value =0.00000000,0.0
Windspeed (knots) [39,40), Membership Value =0.00000000,0.0
Windspeed (knots) [40,41), Membership Value =0.00000000,0.0
Windspeed (knots) [41,42), Membership Value =0.00000000,0.0
Windspeed (knots) [42,43), Membership Value =0.00000000,0.0
Windspeed (knots) [43,44), Membership Value =0.00000000,0.0
Windspeed (knots) [44,45), Membership Value =0.00000000,0.0
Windspeed (knots) [45,46), Membership Value =0.00000000,0.0
Windspeed (knots) [46,47), Membership Value =0.00000000,0.0
Windspeed (knots) [47,48), Membership Value =0.00000000,0.0
Windspeed (knots) [48,49), Membership Value =0.00000000,0.0
Windspeed (knots) [49,50), Membership Value =0.00000000,0.0
Windspeed (knots) [50,51), Membership Value =0.00000000,0.0
Windspeed (knots) [51,52), Membership Value =0.00000000,0.0
Windspeed (knots) [52,53), Membership Value =0.00000000,0.0
Windspeed (knots) [53,54), Membership Value =0.00000000,0.0
Windspeed (knots) [54,55), Membership Value =0.00000000,0.0
Windspeed (knots) [55,56), Membership Value =0.00000000,0.0
Windspeed (knots) [56,57), Membership Value =0.00000000,0.0
Windspeed (knots) [57,58), Membership Value =0.00000000,0.0
Windspeed (knots) [58,59), Membership Value =0.00000000,0.0
Windspeed (knots) [59,60), Membership Value =0.00000000,0.0
Windspeed (knots) [60,61), Membership Value =0.00000000,0.0
Windspeed (knots) [61,62), Membership Value =0.00000000,0.0
Windspeed (knots) [62,63), Membership Value =0.00000000,0.0
Windspeed (knots) [63,64), Membership Value =0.00000000,0.0
Windspeed (knots) [64,65), Membership Value =0.00000000,0.0
Windspeed (knots) [65,66), Membership Value =0.00000000,0.0
Windspeed (knots) [66,67), Membership Value =0.00000000,0.0
Windspeed (knots) [67,68), Membership Value =0.00000000,0.0
Windspeed (knots) [68,69), Membership Value =0.00000000,0.0
Windspeed (knots) [69,70), Membership Value =0.00000000,0.0
Windspeed (knots) [70,71), Membership Value =0.00000000,0.0
Windspeed (knots) [71,72), Membership Value =0.00000000,0.0
Windspeed (knots) [72,73), Membership Value =0.00000000,0.0
Windspeed (knots) [73,74), Membership Value =0.00000000,0.0
Windspeed (knots) [74,75), Membership Value =0.00000000,0.0
Windspeed (knots) [75,76), Membership Value =0.00000000,0.0
Windspeed (knots) [76,77), Membership Value =0.00000000,0.0
Windspeed (knots) [77,78), Membership Value =0.00000000,0.0
Windspeed (knots) [78,79), Membership Value =0.00000000,0.0
Windspeed (knots) [79,80), Membership Value =0.00000000,0.0
Windspeed (knots) [80,81), Membership Value =0.00000000,0.0
Windspeed (knots) [81,82), Membership Value =0.00000000,0.0
Windspeed (knots) [82,83), Membership Value =0.00000000,0.0
Windspeed (knots) [83,84), Membership Value =0.00000000,0.0
Windspeed (knots) [84,85), Membership Value =0.00000000,0.0
Windspeed (knots) [85,86), Membership Value =0.00000000,0.0
Windspeed (knots) [86,87), Membership Value =0.00000000,0.0
Windspeed (knots) [87,88), Membership Value =0.00000000,0.0
Windspeed (knots) [88,89), Membership Value =0.00000000,0.0
Windspeed (knots) [89,90), Membership Value =0.00000000,0.0
Windspeed (knots) [90,91), Membership Value =0.00000000,0.0
Windspeed (knots) [91,92), Membership Value =0.00000000,0.0
Windspeed (knots) [92,93), Membership Value =0.00000000,0.0
Windspeed (knots) [93,94), Membership Value =0.00000000,0.0
Windspeed (knots) [94,95), Membership Value =0.00000000,0.0
Windspeed (knots) [95,96), Membership Value =0.00000000,0.0
Windspeed (knots) [96,97), Membership Value =0.00000000,0.0
Windspeed (knots) [97,98), Membership Value =0.00000000,0.0
Windspeed (knots) [98,99), Membership Value =0.00000000,0.0
Windspeed (knots) [99,100), Membership Value =0.00000000,0.0
Windspeed (knots) [100,101), Membership Value =0.00000000,0.0
Windspeed (knots) [101,102), Membership Value =0.00000000,0.0
Windspeed (knots) [102,103), Membership Value =0.00000000,0.0
Windspeed (knots) [103,104), Membership Value =0.00000000,0.0
Windspeed (knots) [104,105), Membership Value =0.00000000,0.0
Windspeed (knots) [105,106), Membership Value =0.00000000,0.0
Windspeed (knots) [106,107), Membership Value =0.00000000,0.0
Windspeed (knots) [107,108), Membership Value =0.00000000,0.0
Windspeed (knots) [108,109), Membership Value =0.00000000,0.0
Windspeed (knots) [109,110), Membership Value =0.00000000,0.0
Windspeed (knots) [110,111), Membership Value =0.00000000,0.0
Windspeed (knots) [111,112), Membership Value =0.00000000,0.0
Windspeed (knots) [112,113), Membership Value =0.00000000,0.0
Windspeed (knots) [113,114), Membership Value =0.00000000,0.0
Windspeed (knots) [114,115), Membership Value =0.00000000,0.0
Windspeed (knots) [115,116), Membership Value =0.00000000,0.0
Windspeed (knots) [116,117), Membership Value =0.00000000,0.0
Windspeed (knots) [117,118), Membership Value =0.00000000,0.0
Windspeed (knots) [118,119), Membership Value =0.00000000,0.0
Windspeed (knots) [119,120), Membership Value =0.00000000,0.0
Windspeed (knots) [120,121), Membership Value =0.00000000,0.0
Windspeed (knots) [121,122), Membership Value =0.00000000,0.0
Windspeed (knots) [122,123), Membership Value =0.00000000,0.0
Windspeed (knots) [123,124), Membership Value =0.00000000,0.0
Windspeed (knots) [124,125), Membership Value =0.00000000,0.0
LowestWindspeedThatIsWindyKnots for station KSMX is 8 knots.
Transition limited :false
bUseWeatherPrediction: false
The running average is 1
The membership_value_deployment_threshold is 0.5
Energy harvested: 7334341.531668735
iGeneratingEnergyWhenGridNeedsEnergyMinutes =532747
iGeneratingEnergyWhenGridNeedsEnergyMinutes =532747
iUsingEnergyWhenGridNeedsEnergyMinutes =34746
iGeneratingEnergyWhenGridHasExcessEnergyMinutes = 1088
iUsingEnergyWhenGridHasExcessEnergyMinutes = 25
iIdleWhenGridDoesNotNeedEnergyMinutes = 44967
iIdleWhenGridNeedsEnergyMinutes = 4120906
iEnergyPriceIsZeroMinutes = 240
harvester.getEnergyHarvestedAVAILABLEKilowattHours( ): 1.1707182983333332E7
harvester.getEnergyHarvestedKilowattHours(): 7334341.531668735
The running average is 31
The membership_value_deployment_threshold is 0.5
Energy harvested: 6427141.8675001245
iGeneratingEnergyWhenGridNeedsEnergyMinutes =380320
iGeneratingEnergyWhenGridNeedsEnergyMinutes =380320
iUsingEnergyWhenGridNeedsEnergyMinutes =9132
iGeneratingEnergyWhenGridHasExcessEnergyMinutes = 1428
iUsingEnergyWhenGridHasExcessEnergyMinutes = 10
iIdleWhenGridDoesNotNeedEnergyMinutes = 44642
iIdleWhenGridNeedsEnergyMinutes = 4298947
iEnergyPriceIsZeroMinutes = 240
harvester.getEnergyHarvestedAVAILABLEKilowattHours( ): 1.1707182983333332E7
harvester.getEnergyHarvestedKilowattHours(): 6427141.8675001245
The running average is 61
The membership_value_deployment_threshold is 0.5
Energy harvested: 5966767.033333421
iGeneratingEnergyWhenGridNeedsEnergyMinutes =333310
iGeneratingEnergyWhenGridNeedsEnergyMinutes =333310
iUsingEnergyWhenGridNeedsEnergyMinutes =6286
iGeneratingEnergyWhenGridHasExcessEnergyMinutes = 1389
iUsingEnergyWhenGridHasExcessEnergyMinutes = 3
iIdleWhenGridDoesNotNeedEnergyMinutes = 44688
iIdleWhenGridNeedsEnergyMinutes = 4348803
iEnergyPriceIsZeroMinutes = 240
harvester.getEnergyHarvestedAVAILABLEKilowattHours( ): 1.1707182983333332E7
harvester.getEnergyHarvestedKilowattHours(): 5966767.033333421
The running average is 91
The membership_value_deployment_threshold is 0.5
Energy harvested: 5590505.718055519
iGeneratingEnergyWhenGridNeedsEnergyMinutes =300083
iGeneratingEnergyWhenGridNeedsEnergyMinutes =300083
iUsingEnergyWhenGridNeedsEnergyMinutes =4962
iGeneratingEnergyWhenGridHasExcessEnergyMinutes = 1345
iUsingEnergyWhenGridHasExcessEnergyMinutes = 9
iIdleWhenGridDoesNotNeedEnergyMinutes = 44726
iIdleWhenGridNeedsEnergyMinutes = 4383354
iEnergyPriceIsZeroMinutes = 240
harvester.getEnergyHarvestedAVAILABLEKilowattHours( ): 1.1707182983333332E7
harvester.getEnergyHarvestedKilowattHours(): 5590505.718055519
The running average is 121
The membership_value_deployment_threshold is 0.5
Energy harvested: 5236305.769444322
iGeneratingEnergyWhenGridNeedsEnergyMinutes =271598
iGeneratingEnergyWhenGridNeedsEnergyMinutes =271598
iUsingEnergyWhenGridNeedsEnergyMinutes =3833
iGeneratingEnergyWhenGridHasExcessEnergyMinutes = 1282
iUsingEnergyWhenGridHasExcessEnergyMinutes = 6
iIdleWhenGridDoesNotNeedEnergyMinutes = 44792
iIdleWhenGridNeedsEnergyMinutes = 4412968
iEnergyPriceIsZeroMinutes = 240
harvester.getEnergyHarvestedAVAILABLEKilowattHours( ): 1.1707182983333332E7
harvester.getEnergyHarvestedKilowattHours(): 5236305.769444322
Beginning testing mode:
station,&,deployment_membership_value_threshold_array_for_month_1,&,running_average_size_minutes_for_month_1,&,deployment_membership_value_threshold_array_for_month_2,&,running_average_size_minutes_for_month_2,&,deployment_membership_value_threshold_array_for_month_3,&,running_average_size_minutes_for_month_3,&,deployment_membership_value_threshold_array_for_month_4,&,running_average_size_minutes_for_month_4,&,deployment_membership_value_threshold_array_for_month_5,&,running_average_size_minutes_for_month_5,&,deployment_membership_value_threshold_array_for_month_6,&,running_average_size_minutes_for_month_6,&,deployment_membership_value_threshold_array_for_month_7,&,running_average_size_minutes_for_month_7,&,deployment_membership_value_threshold_array_for_month_8,&,running_average_size_minutes_for_month_8,&,deployment_membership_value_threshold_array_for_month_9,&,running_average_size_minutes_for_month_9,&,deployment_membership_value_threshold_array_for_month_10,&,running_average_size_minutes_for_month_10,&,deployment_membership_value_threshold_array_for_month_11,&,running_average_size_minutes_for_month_11,&,deployment_membership_value_threshold_array_for_month_12,&,running_average_size_minutes_for_month_12,&,dNetNorm,&,dMarketBalancePercentage,&,dMarketNetNorm,
results: KSMX,&,0.5,&,1,&,0.5,&,1,&,0.5,&,31,&,0.5,&,61,&,0.5,&,31,&,0.5,&,1,&,0.5,&,1,&,0.5,&,1,&,0.5,&,1,&,0.5,&,1,&,0.5,&,1,&,0.5,&,1,&,0.6283125476472108,&,0.9255453435135338,&,0.5815317527460012
monthly visible minutes:KSMX,&,2013,&,3865,&,6225,&,3241,&,6685,&,8672,&,8435,&,5046,&,7528,&,8452,&,5681,&,5233,&,3286,&,
monthly visible minutes:KSMX,&,2014,&,4775,&,7194,&,5699,&,5824,&,8672,&,8671,&,8672,&,8672,&,8672,&,8661,&,8672,&,8672,&,
monthly minutes harvester between states:KSMX,&,2013,&,575,&,1095,&,380,&,646,&,836,&,912,&,798,&,950,&,985,&,1142,&,874,&,658,&,
monthly minutes harvester between states:KSMX,&,2014,&,704,&,984,&,684,&,646,&,874,&,866,&,869,&,912,&,912,&,840,&,1147,&,950,&,
FuzzyVsCrisp: KSMX,1,true,true
station,&,deployment_membership_value_threshold_array_for_month_1,&,running_average_size_minutes_for_month_1,&,deployment_membership_value_threshold_array_for_month_2,&,running_average_size_minutes_for_month_2,&,deployment_membership_value_threshold_array_for_month_3,&,running_average_size_minutes_for_month_3,&,deployment_membership_value_threshold_array_for_month_4,&,running_average_size_minutes_for_month_4,&,deployment_membership_value_threshold_array_for_month_5,&,running_average_size_minutes_for_month_5,&,deployment_membership_value_threshold_array_for_month_6,&,running_average_size_minutes_for_month_6,&,deployment_membership_value_threshold_array_for_month_7,&,running_average_size_minutes_for_month_7,&,deployment_membership_value_threshold_array_for_month_8,&,running_average_size_minutes_for_month_8,&,deployment_membership_value_threshold_array_for_month_9,&,running_average_size_minutes_for_month_9,&,deployment_membership_value_threshold_array_for_month_10,&,running_average_size_minutes_for_month_10,&,deployment_membership_value_threshold_array_for_month_11,&,running_average_size_minutes_for_month_11,&,deployment_membership_value_threshold_array_for_month_12,&,running_average_size_minutes_for_month_12,&,dNetNorm,&,dMarketBalancePercentage,&,dMarketNetNorm,
results: KSMX,&,0.5,&,1,&,0.5,&,1,&,0.5,&,31,&,0.5,&,61,&,0.5,&,31,&,0.5,&,1,&,0.5,&,1,&,0.5,&,1,&,0.5,&,1,&,0.5,&,1,&,0.5,&,1,&,0.5,&,1,&,0.6283125476472108,&,0.9255453435135338,&,0.5815317527460012
monthly visible minutes:KSMX,&,2013,&,3865,&,6225,&,3241,&,6685,&,8672,&,8435,&,5046,&,7528,&,8452,&,5681,&,5233,&,3286,&,
monthly visible minutes:KSMX,&,2014,&,4775,&,7194,&,5699,&,5824,&,8672,&,8671,&,8672,&,8672,&,8672,&,8661,&,8672,&,8672,&,
monthly minutes harvester between states:KSMX,&,2013,&,575,&,1095,&,380,&,646,&,836,&,912,&,798,&,950,&,985,&,1142,&,874,&,658,&,
monthly minutes harvester between states:KSMX,&,2014,&,704,&,984,&,684,&,646,&,874,&,866,&,869,&,912,&,912,&,840,&,1147,&,950,&,
FuzzyVsCrisp: KSMX,1,true,true
Station: KSTL
abc: The current path is /home/guy/retractable-wind
I have found the property file.
The training windspeed filename is /trainingKSTL2004-2012in.csv
The testing windspeed filename is /testingKSTL2013-2014in.csv
Yes, the station is KSTL
Warning: The bAlsoUsePrediction no longer has any effect
iUsedAllItsAllocatedVisibilityMinutesPerMonth: 8760
Visibility Allocation Minutes:8760
HARVESTER_SIZE_SQM is 6362
Reading file
Success: /Wind turbine power curves - wind turbine power output against wind speed in knots.csv found.
Speed (Knots) = Speed(knots) vs power (kW) , Power (kW) =V90
Speed (Knots) = 0 , Power (kW) =0
Speed (Knots) = 1 , Power (kW) =0
Speed (Knots) = 2 , Power (kW) =0
Speed (Knots) = 3 , Power (kW) =0
Speed (Knots) = 4 , Power (kW) =0
Speed (Knots) = 5 , Power (kW) =0
Speed (Knots) = 6 , Power (kW) =0
Speed (Knots) = 7 , Power (kW) =38
Speed (Knots) = 8 , Power (kW) =87
Speed (Knots) = 9 , Power (kW) =141
Speed (Knots) = 10 , Power (kW) =207
Speed (Knots) = 11 , Power (kW) =286
Speed (Knots) = 12 , Power (kW) =382
Speed (Knots) = 13 , Power (kW) =496
Speed (Knots) = 14 , Power (kW) =628
Speed (Knots) = 15 , Power (kW) =781
Speed (Knots) = 16 , Power (kW) =957
Speed (Knots) = 17 , Power (kW) =1153
Speed (Knots) = 18 , Power (kW) =1366
Speed (Knots) = 19 , Power (kW) =1589
Speed (Knots) = 20 , Power (kW) =1814
Speed (Knots) = 21 , Power (kW) =2035
Speed (Knots) = 22 , Power (kW) =2250
Speed (Knots) = 23 , Power (kW) =2452
Speed (Knots) = 24 , Power (kW) =2634
Speed (Knots) = 25 , Power (kW) =2784
Speed (Knots) = 26 , Power (kW) =2888
Speed (Knots) = 27 , Power (kW) =2949
Speed (Knots) = 28 , Power (kW) =2980
Speed (Knots) = 29 , Power (kW) =2993
Speed (Knots) = 30 , Power (kW) =3000
Speed (Knots) = 31 , Power (kW) =3000
Speed (Knots) = 32 , Power (kW) =3000
Speed (Knots) = 33 , Power (kW) =3000
Speed (Knots) = 34 , Power (kW) =3000
Speed (Knots) = 35 , Power (kW) =3000
Speed (Knots) = 36 , Power (kW) =3000
Speed (Knots) = 37 , Power (kW) =3000
Speed (Knots) = 38 , Power (kW) =3000
Speed (Knots) = 39 , Power (kW) =3000
Speed (Knots) = 40 , Power (kW) =3000
Speed (Knots) = 41 , Power (kW) =3000
Speed (Knots) = 42 , Power (kW) =3000
Speed (Knots) = 43 , Power (kW) =3000
Speed (Knots) = 44 , Power (kW) =3000
Speed (Knots) = 45 , Power (kW) =3000
Speed (Knots) = 46 , Power (kW) =3000
Speed (Knots) = 47 , Power (kW) =3000
Speed (Knots) = 48 , Power (kW) =3000
Speed (Knots) = 49 , Power (kW) =0
Speed (Knots) = 50 , Power (kW) =0
Speed (Knots) = 51 , Power (kW) =0
Speed (Knots) = 52 , Power (kW) =0
Speed (Knots) = 53 , Power (kW) =0
Speed (Knots) = 54 , Power (kW) =0
Speed (Knots) = 55 , Power (kW) =0
Speed (Knots) = 56 , Power (kW) =0
Speed (Knots) = 57 , Power (kW) =0
Speed (Knots) = 58 , Power (kW) =0
Speed (Knots) = 59 , Power (kW) =0
Speed (Knots) = 60 , Power (kW) =0
The scale is 1.0
Wind power at 10 knots in kilowatts is 207.0
Wind power in-cut-out test 0.0
Fuzzy
Class name:edu.pitt.cs.people.guy.wind.benchmarks.Fuzzy5
Success: /Noise_Allowed_Time_Definitions_All_Stations.csv found.
The station is the record is KSTL
Using sunset for all noise-allowed days
Using sunset for all noise-allowed days
Using sunset for all noise-allowed days
Reading sunset data for KSTL
Success: /STL_Sunset_Times.csv found.
Success: /Noise_Allowed_Time_Definitions_All_Stations.csv found.
The station is the record is KSTL
Using sunset for all noise-allowed days
Using sunset for all noise-allowed days
Using sunset for all noise-allowed days
Reading sunset data for KSTL
Success: /STL_Sunset_Times.csv found.
I have found the membership file for NOT WINDY.
Windspeed (knots) [0,1), Membership Value =1.00000000,1.0
Windspeed (knots) [1,2), Membership Value =0.99995164,0.99995166
Windspeed (knots) [2,3), Membership Value =0.99933553,0.9993355
Windspeed (knots) [3,4), Membership Value =0.99672278,0.99672276
Windspeed (knots) [4,5), Membership Value =0.98922296,0.98922294
Windspeed (knots) [5,6), Membership Value =0.97267884,0.97267884
Windspeed (knots) [6,7), Membership Value =0.94274286,0.9427429
Windspeed (knots) [7,8), Membership Value =0.89560317,0.8956032
Windspeed (knots) [8,9), Membership Value =0.83087053,0.8308705
Windspeed (knots) [9,10), Membership Value =0.74992761,0.7499276
Windspeed (knots) [10,11), Membership Value =0.65725868,0.6572587
Windspeed (knots) [11,12), Membership Value =0.55977955,0.5597795
Windspeed (knots) [12,13), Membership Value =0.46024850,0.4602485
Windspeed (knots) [13,14), Membership Value =0.36066227,0.36066228
Windspeed (knots) [14,15), Membership Value =0.26428382,0.2642838
Windspeed (knots) [15,16), Membership Value =0.17693071,0.17693071
Windspeed (knots) [16,17), Membership Value =0.09939847,0.09939847
Windspeed (knots) [17,18), Membership Value =0.03080972,0.03080972
Windspeed (knots) [18,19), Membership Value =0.00000000,0.0
Windspeed (knots) [19,20), Membership Value =0.00000000,0.0
Windspeed (knots) [20,21), Membership Value =0.00000000,0.0
Windspeed (knots) [21,22), Membership Value =0.00000000,0.0
Windspeed (knots) [22,23), Membership Value =0.00000000,0.0
Windspeed (knots) [23,24), Membership Value =0.00000000,0.0
Windspeed (knots) [24,25), Membership Value =0.00000000,0.0
Windspeed (knots) [25,26), Membership Value =0.00000000,0.0
Windspeed (knots) [26,27), Membership Value =0.00000000,0.0
Windspeed (knots) [27,28), Membership Value =0.00000000,0.0
Windspeed (knots) [28,29), Membership Value =0.00000000,0.0
Windspeed (knots) [29,30), Membership Value =0.00000000,0.0
Windspeed (knots) [30,31), Membership Value =0.00000000,0.0
Windspeed (knots) [31,32), Membership Value =0.00000000,0.0
Windspeed (knots) [32,33), Membership Value =0.00000000,0.0
Windspeed (knots) [33,34), Membership Value =0.00000000,0.0
Windspeed (knots) [34,35), Membership Value =0.00000000,0.0
Windspeed (knots) [35,36), Membership Value =0.00000000,0.0
Windspeed (knots) [36,37), Membership Value =0.00000000,0.0
Windspeed (knots) [37,38), Membership Value =0.00000000,0.0
Windspeed (knots) [38,39), Membership Value =0.00000000,0.0
Windspeed (knots) [39,40), Membership Value =0.00000000,0.0
Windspeed (knots) [40,41), Membership Value =0.00000000,0.0
Windspeed (knots) [41,42), Membership Value =0.00000000,0.0
Windspeed (knots) [42,43), Membership Value =0.00000000,0.0
Windspeed (knots) [43,44), Membership Value =0.00000000,0.0
Windspeed (knots) [44,45), Membership Value =0.00000000,0.0
Windspeed (knots) [45,46), Membership Value =0.00000000,0.0
Windspeed (knots) [46,47), Membership Value =0.00000000,0.0
Windspeed (knots) [47,48), Membership Value =0.00000000,0.0
Windspeed (knots) [48,49), Membership Value =0.00000000,0.0
Windspeed (knots) [49,50), Membership Value =0.00000000,0.0
Windspeed (knots) [50,51), Membership Value =0.00000000,0.0
Windspeed (knots) [51,52), Membership Value =0.00000000,0.0
Windspeed (knots) [52,53), Membership Value =0.00000000,0.0
Windspeed (knots) [53,54), Membership Value =0.00000000,0.0
Windspeed (knots) [54,55), Membership Value =0.00000000,0.0
Windspeed (knots) [55,56), Membership Value =0.00000000,0.0
Windspeed (knots) [56,57), Membership Value =0.00000000,0.0
Windspeed (knots) [57,58), Membership Value =0.00000000,0.0
Windspeed (knots) [58,59), Membership Value =0.00000000,0.0
Windspeed (knots) [59,60), Membership Value =0.00000000,0.0
Windspeed (knots) [60,61), Membership Value =0.00000000,0.0
Windspeed (knots) [61,62), Membership Value =0.00000000,0.0
Windspeed (knots) [62,63), Membership Value =0.00000000,0.0
Windspeed (knots) [63,64), Membership Value =0.00000000,0.0
Windspeed (knots) [64,65), Membership Value =0.00000000,0.0
Windspeed (knots) [65,66), Membership Value =0.00000000,0.0
Windspeed (knots) [66,67), Membership Value =0.00000000,0.0
Windspeed (knots) [67,68), Membership Value =0.00000000,0.0
Windspeed (knots) [68,69), Membership Value =0.00000000,0.0
Windspeed (knots) [69,70), Membership Value =0.00000000,0.0
Windspeed (knots) [70,71), Membership Value =0.00000000,0.0
Windspeed (knots) [71,72), Membership Value =0.00000000,0.0
Windspeed (knots) [72,73), Membership Value =0.00000000,0.0
Windspeed (knots) [73,74), Membership Value =0.00000000,0.0
Windspeed (knots) [74,75), Membership Value =0.00000000,0.0
Windspeed (knots) [75,76), Membership Value =0.00000000,0.0
Windspeed (knots) [76,77), Membership Value =0.00000000,0.0
Windspeed (knots) [77,78), Membership Value =0.00000000,0.0
Windspeed (knots) [78,79), Membership Value =0.00000000,0.0
Windspeed (knots) [79,80), Membership Value =0.00000000,0.0
Windspeed (knots) [80,81), Membership Value =0.00000000,0.0
Windspeed (knots) [81,82), Membership Value =0.00000000,0.0
Windspeed (knots) [82,83), Membership Value =0.00000000,0.0
Windspeed (knots) [83,84), Membership Value =0.00000000,0.0
Windspeed (knots) [84,85), Membership Value =0.00000000,0.0
Windspeed (knots) [85,86), Membership Value =0.00000000,0.0
Windspeed (knots) [86,87), Membership Value =0.00000000,0.0
Windspeed (knots) [87,88), Membership Value =0.00000000,0.0
Windspeed (knots) [88,89), Membership Value =0.00000000,0.0
Windspeed (knots) [89,90), Membership Value =0.00000000,0.0
Windspeed (knots) [90,91), Membership Value =0.00000000,0.0
Windspeed (knots) [91,92), Membership Value =0.00000000,0.0
Windspeed (knots) [92,93), Membership Value =0.00000000,0.0
Windspeed (knots) [93,94), Membership Value =0.00000000,0.0
Windspeed (knots) [94,95), Membership Value =0.00000000,0.0
Windspeed (knots) [95,96), Membership Value =0.00000000,0.0
Windspeed (knots) [96,97), Membership Value =0.00000000,0.0
Windspeed (knots) [97,98), Membership Value =0.00000000,0.0
Windspeed (knots) [98,99), Membership Value =0.00000000,0.0
Windspeed (knots) [99,100), Membership Value =0.00000000,0.0
Windspeed (knots) [100,101), Membership Value =0.00000000,0.0
Windspeed (knots) [101,102), Membership Value =0.00000000,0.0
Windspeed (knots) [102,103), Membership Value =0.00000000,0.0
Windspeed (knots) [103,104), Membership Value =0.00000000,0.0
Windspeed (knots) [104,105), Membership Value =0.00000000,0.0
Windspeed (knots) [105,106), Membership Value =0.00000000,0.0
Windspeed (knots) [106,107), Membership Value =0.00000000,0.0
Windspeed (knots) [107,108), Membership Value =0.00000000,0.0
Windspeed (knots) [108,109), Membership Value =0.00000000,0.0
Windspeed (knots) [109,110), Membership Value =0.00000000,0.0
Windspeed (knots) [110,111), Membership Value =0.00000000,0.0
Windspeed (knots) [111,112), Membership Value =0.00000000,0.0
Windspeed (knots) [112,113), Membership Value =0.00000000,0.0
Windspeed (knots) [113,114), Membership Value =0.00000000,0.0
Windspeed (knots) [114,115), Membership Value =0.00000000,0.0
Windspeed (knots) [115,116), Membership Value =0.00000000,0.0
Windspeed (knots) [116,117), Membership Value =0.00000000,0.0
Windspeed (knots) [117,118), Membership Value =0.00000000,0.0
Windspeed (knots) [118,119), Membership Value =0.00000000,0.0
Windspeed (knots) [119,120), Membership Value =0.00000000,0.0
Windspeed (knots) [120,121), Membership Value =0.00000000,0.0
Windspeed (knots) [121,122), Membership Value =0.00000000,0.0
Windspeed (knots) [122,123), Membership Value =0.00000000,0.0
Windspeed (knots) [123,124), Membership Value =0.00000000,0.0
Windspeed (knots) [124,125), Membership Value =0.00000000,0.0
LowestWindspeedThatIsWindyKnots for station KSTL is 7 knots.
Transition limited :false
bUseWeatherPrediction: false
The running average is 1
The membership_value_deployment_threshold is 0.5
Energy harvested: 5872783.7236101525
iGeneratingEnergyWhenGridNeedsEnergyMinutes =713416
iGeneratingEnergyWhenGridNeedsEnergyMinutes =713416
iUsingEnergyWhenGridNeedsEnergyMinutes =52371
iGeneratingEnergyWhenGridHasExcessEnergyMinutes = 1638
iUsingEnergyWhenGridHasExcessEnergyMinutes = 117
iIdleWhenGridDoesNotNeedEnergyMinutes = 44325
iIdleWhenGridNeedsEnergyMinutes = 3922612
iEnergyPriceIsZeroMinutes = 240
harvester.getEnergyHarvestedAVAILABLEKilowattHours( ): 1.4201779516666668E7
harvester.getEnergyHarvestedKilowattHours(): 5872783.7236101525
The running average is 31
The membership_value_deployment_threshold is 0.5
Energy harvested: 5588796.337221344
iGeneratingEnergyWhenGridNeedsEnergyMinutes =548854
iGeneratingEnergyWhenGridNeedsEnergyMinutes =548854
iUsingEnergyWhenGridNeedsEnergyMinutes =21269
iGeneratingEnergyWhenGridHasExcessEnergyMinutes = 1798
iUsingEnergyWhenGridHasExcessEnergyMinutes = 96
iIdleWhenGridDoesNotNeedEnergyMinutes = 44186
iIdleWhenGridNeedsEnergyMinutes = 4118276
iEnergyPriceIsZeroMinutes = 240
harvester.getEnergyHarvestedAVAILABLEKilowattHours( ): 1.4201779516666668E7
harvester.getEnergyHarvestedKilowattHours(): 5588796.337221344
The running average is 61
The membership_value_deployment_threshold is 0.5
Energy harvested: 5305919.800832385
iGeneratingEnergyWhenGridNeedsEnergyMinutes =491053
iGeneratingEnergyWhenGridNeedsEnergyMinutes =491053
iUsingEnergyWhenGridNeedsEnergyMinutes =17070
iGeneratingEnergyWhenGridHasExcessEnergyMinutes = 1830
iUsingEnergyWhenGridHasExcessEnergyMinutes = 77
iIdleWhenGridDoesNotNeedEnergyMinutes = 44173
iIdleWhenGridNeedsEnergyMinutes = 4180276
iEnergyPriceIsZeroMinutes = 240
harvester.getEnergyHarvestedAVAILABLEKilowattHours( ): 1.4201779516666668E7
harvester.getEnergyHarvestedKilowattHours(): 5305919.800832385
The running average is 91
The membership_value_deployment_threshold is 0.5
Energy harvested: 5080584.9761101045
iGeneratingEnergyWhenGridNeedsEnergyMinutes =454806
iGeneratingEnergyWhenGridNeedsEnergyMinutes =454806
iUsingEnergyWhenGridNeedsEnergyMinutes =14907
iGeneratingEnergyWhenGridHasExcessEnergyMinutes = 1677
iUsingEnergyWhenGridHasExcessEnergyMinutes = 93
iIdleWhenGridDoesNotNeedEnergyMinutes = 44310
iIdleWhenGridNeedsEnergyMinutes = 4218686
iEnergyPriceIsZeroMinutes = 240
harvester.getEnergyHarvestedAVAILABLEKilowattHours( ): 1.4201779516666668E7
harvester.getEnergyHarvestedKilowattHours(): 5080584.9761101045
The running average is 121
The membership_value_deployment_threshold is 0.5
Energy harvested: 4863805.556387873
iGeneratingEnergyWhenGridNeedsEnergyMinutes =425654
iGeneratingEnergyWhenGridNeedsEnergyMinutes =425654
iUsingEnergyWhenGridNeedsEnergyMinutes =13167
iGeneratingEnergyWhenGridHasExcessEnergyMinutes = 1404
iUsingEnergyWhenGridHasExcessEnergyMinutes = 91
iIdleWhenGridDoesNotNeedEnergyMinutes = 44585
iIdleWhenGridNeedsEnergyMinutes = 4249578
iEnergyPriceIsZeroMinutes = 240
harvester.getEnergyHarvestedAVAILABLEKilowattHours( ): 1.4201779516666668E7
harvester.getEnergyHarvestedKilowattHours(): 4863805.556387873
Beginning testing mode:
station,&,deployment_membership_value_threshold_array_for_month_1,&,running_average_size_minutes_for_month_1,&,deployment_membership_value_threshold_array_for_month_2,&,running_average_size_minutes_for_month_2,&,deployment_membership_value_threshold_array_for_month_3,&,running_average_size_minutes_for_month_3,&,deployment_membership_value_threshold_array_for_month_4,&,running_average_size_minutes_for_month_4,&,deployment_membership_value_threshold_array_for_month_5,&,running_average_size_minutes_for_month_5,&,deployment_membership_value_threshold_array_for_month_6,&,running_average_size_minutes_for_month_6,&,deployment_membership_value_threshold_array_for_month_7,&,running_average_size_minutes_for_month_7,&,deployment_membership_value_threshold_array_for_month_8,&,running_average_size_minutes_for_month_8,&,deployment_membership_value_threshold_array_for_month_9,&,running_average_size_minutes_for_month_9,&,deployment_membership_value_threshold_array_for_month_10,&,running_average_size_minutes_for_month_10,&,deployment_membership_value_threshold_array_for_month_11,&,running_average_size_minutes_for_month_11,&,deployment_membership_value_threshold_array_for_month_12,&,running_average_size_minutes_for_month_12,&,dNetNorm,&,dMarketBalancePercentage,&,dMarketNetNorm,
results: KSTL,&,0.5,&,31,&,0.5,&,1,&,0.5,&,1,&,0.5,&,121,&,0.5,&,61,&,0.5,&,1,&,0.5,&,1,&,0.5,&,1,&,0.5,&,1,&,0.5,&,31,&,0.5,&,31,&,0.5,&,31,&,0.39746663971912266,&,0.9208829769871063,&,0.3660202624376073
monthly visible minutes:KSTL,&,2013,&,5986,&,5477,&,6066,&,6931,&,8440,&,8672,&,8672,&,6900,&,7719,&,4330,&,7897,&,3979,&,
monthly visible minutes:KSTL,&,2014,&,8672,&,6034,&,8672,&,8672,&,7027,&,8658,&,8205,&,4964,&,4601,&,6684,&,8507,&,3587,&,
monthly minutes harvester between states:KSTL,&,2013,&,532,&,1012,&,1047,&,532,&,722,&,1341,&,1381,&,1598,&,1399,&,380,&,722,&,456,&,
monthly minutes harvester between states:KSTL,&,2014,&,646,&,993,&,1038,&,608,&,570,&,1269,&,1414,&,913,&,961,&,570,&,608,&,304,&,
FuzzyVsCrisp: KSTL,1,true,true
station,&,deployment_membership_value_threshold_array_for_month_1,&,running_average_size_minutes_for_month_1,&,deployment_membership_value_threshold_array_for_month_2,&,running_average_size_minutes_for_month_2,&,deployment_membership_value_threshold_array_for_month_3,&,running_average_size_minutes_for_month_3,&,deployment_membership_value_threshold_array_for_month_4,&,running_average_size_minutes_for_month_4,&,deployment_membership_value_threshold_array_for_month_5,&,running_average_size_minutes_for_month_5,&,deployment_membership_value_threshold_array_for_month_6,&,running_average_size_minutes_for_month_6,&,deployment_membership_value_threshold_array_for_month_7,&,running_average_size_minutes_for_month_7,&,deployment_membership_value_threshold_array_for_month_8,&,running_average_size_minutes_for_month_8,&,deployment_membership_value_threshold_array_for_month_9,&,running_average_size_minutes_for_month_9,&,deployment_membership_value_threshold_array_for_month_10,&,running_average_size_minutes_for_month_10,&,deployment_membership_value_threshold_array_for_month_11,&,running_average_size_minutes_for_month_11,&,deployment_membership_value_threshold_array_for_month_12,&,running_average_size_minutes_for_month_12,&,dNetNorm,&,dMarketBalancePercentage,&,dMarketNetNorm,
results: KSTL,&,0.5,&,31,&,0.5,&,1,&,0.5,&,31,&,0.5,&,121,&,0.5,&,61,&,0.5,&,31,&,0.5,&,1,&,0.5,&,1,&,0.5,&,1,&,0.5,&,31,&,0.5,&,31,&,0.5,&,31,&,0.36868716143090274,&,0.9408644711842938,&,0.3468846511721247
monthly visible minutes:KSTL,&,2013,&,5986,&,5477,&,6066,&,6931,&,8440,&,8672,&,8672,&,6900,&,7719,&,4330,&,7897,&,3979,&,
monthly visible minutes:KSTL,&,2014,&,8672,&,6034,&,8672,&,8672,&,7027,&,8658,&,8205,&,4964,&,4601,&,6684,&,8507,&,3587,&,
monthly minutes harvester between states:KSTL,&,2013,&,532,&,1012,&,1047,&,532,&,722,&,1341,&,1381,&,1598,&,1399,&,380,&,722,&,456,&,
monthly minutes harvester between states:KSTL,&,2014,&,646,&,993,&,1038,&,608,&,570,&,1269,&,1414,&,913,&,961,&,570,&,608,&,304,&,
FuzzyVsCrisp: KSTL,1,true,true
Station: KTPA
abc: The current path is /home/guy/retractable-wind
I have found the property file.
The training windspeed filename is /trainingKTPA2004-2012in.csv
The testing windspeed filename is /testingKTPA2013-2014in.csv
Yes, the station is KTPA
Warning: The bAlsoUsePrediction no longer has any effect
iUsedAllItsAllocatedVisibilityMinutesPerMonth: 8760
Visibility Allocation Minutes:8760
HARVESTER_SIZE_SQM is 6362
Reading file
Success: /Wind turbine power curves - wind turbine power output against wind speed in knots.csv found.
Speed (Knots) = Speed(knots) vs power (kW) , Power (kW) =V90
Speed (Knots) = 0 , Power (kW) =0
Speed (Knots) = 1 , Power (kW) =0
Speed (Knots) = 2 , Power (kW) =0
Speed (Knots) = 3 , Power (kW) =0
Speed (Knots) = 4 , Power (kW) =0
Speed (Knots) = 5 , Power (kW) =0
Speed (Knots) = 6 , Power (kW) =0
Speed (Knots) = 7 , Power (kW) =38
Speed (Knots) = 8 , Power (kW) =87
Speed (Knots) = 9 , Power (kW) =141
Speed (Knots) = 10 , Power (kW) =207
Speed (Knots) = 11 , Power (kW) =286
Speed (Knots) = 12 , Power (kW) =382
Speed (Knots) = 13 , Power (kW) =496
Speed (Knots) = 14 , Power (kW) =628
Speed (Knots) = 15 , Power (kW) =781
Speed (Knots) = 16 , Power (kW) =957
Speed (Knots) = 17 , Power (kW) =1153
Speed (Knots) = 18 , Power (kW) =1366
Speed (Knots) = 19 , Power (kW) =1589
Speed (Knots) = 20 , Power (kW) =1814
Speed (Knots) = 21 , Power (kW) =2035
Speed (Knots) = 22 , Power (kW) =2250
Speed (Knots) = 23 , Power (kW) =2452
Speed (Knots) = 24 , Power (kW) =2634
Speed (Knots) = 25 , Power (kW) =2784
Speed (Knots) = 26 , Power (kW) =2888
Speed (Knots) = 27 , Power (kW) =2949
Speed (Knots) = 28 , Power (kW) =2980
Speed (Knots) = 29 , Power (kW) =2993
Speed (Knots) = 30 , Power (kW) =3000
Speed (Knots) = 31 , Power (kW) =3000
Speed (Knots) = 32 , Power (kW) =3000
Speed (Knots) = 33 , Power (kW) =3000
Speed (Knots) = 34 , Power (kW) =3000
Speed (Knots) = 35 , Power (kW) =3000
Speed (Knots) = 36 , Power (kW) =3000
Speed (Knots) = 37 , Power (kW) =3000
Speed (Knots) = 38 , Power (kW) =3000
Speed (Knots) = 39 , Power (kW) =3000
Speed (Knots) = 40 , Power (kW) =3000
Speed (Knots) = 41 , Power (kW) =3000
Speed (Knots) = 42 , Power (kW) =3000
Speed (Knots) = 43 , Power (kW) =3000
Speed (Knots) = 44 , Power (kW) =3000
Speed (Knots) = 45 , Power (kW) =3000
Speed (Knots) = 46 , Power (kW) =3000
Speed (Knots) = 47 , Power (kW) =3000
Speed (Knots) = 48 , Power (kW) =3000
Speed (Knots) = 49 , Power (kW) =0
Speed (Knots) = 50 , Power (kW) =0
Speed (Knots) = 51 , Power (kW) =0
Speed (Knots) = 52 , Power (kW) =0
Speed (Knots) = 53 , Power (kW) =0
Speed (Knots) = 54 , Power (kW) =0
Speed (Knots) = 55 , Power (kW) =0
Speed (Knots) = 56 , Power (kW) =0
Speed (Knots) = 57 , Power (kW) =0
Speed (Knots) = 58 , Power (kW) =0
Speed (Knots) = 59 , Power (kW) =0
Speed (Knots) = 60 , Power (kW) =0
The scale is 1.0
Wind power at 10 knots in kilowatts is 207.0
Wind power in-cut-out test 0.0
Fuzzy
Class name:edu.pitt.cs.people.guy.wind.benchmarks.Fuzzy5
Success: /Noise_Allowed_Time_Definitions_All_Stations.csv found.
The station is the record is KTPA
Success: /Noise_Allowed_Time_Definitions_All_Stations.csv found.
The station is the record is KTPA
I have found the membership file for NOT WINDY.
Windspeed (knots) [0,1), Membership Value =1.00000000,1.0
Windspeed (knots) [1,2), Membership Value =0.99987398,0.999874
Windspeed (knots) [2,3), Membership Value =0.99783640,0.9978364
Windspeed (knots) [3,4), Membership Value =0.98828031,0.9882803
Windspeed (knots) [4,5), Membership Value =0.96288128,0.96288127
Windspeed (knots) [5,6), Membership Value =0.91247289,0.9124729
Windspeed (knots) [6,7), Membership Value =0.83319585,0.83319587
Windspeed (knots) [7,8), Membership Value =0.72389264,0.7238926
Windspeed (knots) [8,9), Membership Value =0.59254789,0.5925479
Windspeed (knots) [9,10), Membership Value =0.45726188,0.4572619
Windspeed (knots) [10,11), Membership Value =0.32620510,0.3262051
Windspeed (knots) [11,12), Membership Value =0.21365425,0.21365425
Windspeed (knots) [12,13), Membership Value =0.11859946,0.11859946
Windspeed (knots) [13,14), Membership Value =0.04377518,0.04377518
Windspeed (knots) [14,15), Membership Value =0.00000000,0.0
Windspeed (knots) [15,16), Membership Value =0.00000000,0.0
Windspeed (knots) [16,17), Membership Value =0.00000000,0.0
Windspeed (knots) [17,18), Membership Value =0.00000000,0.0
Windspeed (knots) [18,19), Membership Value =0.00000000,0.0
Windspeed (knots) [19,20), Membership Value =0.00000000,0.0
Windspeed (knots) [20,21), Membership Value =0.00000000,0.0
Windspeed (knots) [21,22), Membership Value =0.00000000,0.0
Windspeed (knots) [22,23), Membership Value =0.00000000,0.0
Windspeed (knots) [23,24), Membership Value =0.00000000,0.0
Windspeed (knots) [24,25), Membership Value =0.00000000,0.0
Windspeed (knots) [25,26), Membership Value =0.00000000,0.0
Windspeed (knots) [26,27), Membership Value =0.00000000,0.0
Windspeed (knots) [27,28), Membership Value =0.00000000,0.0
Windspeed (knots) [28,29), Membership Value =0.00000000,0.0
Windspeed (knots) [29,30), Membership Value =0.00000000,0.0
Windspeed (knots) [30,31), Membership Value =0.00000000,0.0
Windspeed (knots) [31,32), Membership Value =0.00000000,0.0
Windspeed (knots) [32,33), Membership Value =0.00000000,0.0
Windspeed (knots) [33,34), Membership Value =0.00000000,0.0
Windspeed (knots) [34,35), Membership Value =0.00000000,0.0
Windspeed (knots) [35,36), Membership Value =0.00000000,0.0
Windspeed (knots) [36,37), Membership Value =0.00000000,0.0
Windspeed (knots) [37,38), Membership Value =0.00000000,0.0
Windspeed (knots) [38,39), Membership Value =0.00000000,0.0
Windspeed (knots) [39,40), Membership Value =0.00000000,0.0
Windspeed (knots) [40,41), Membership Value =0.00000000,0.0
Windspeed (knots) [41,42), Membership Value =0.00000000,0.0
Windspeed (knots) [42,43), Membership Value =0.00000000,0.0
Windspeed (knots) [43,44), Membership Value =0.00000000,0.0
Windspeed (knots) [44,45), Membership Value =0.00000000,0.0
Windspeed (knots) [45,46), Membership Value =0.00000000,0.0
Windspeed (knots) [46,47), Membership Value =0.00000000,0.0
Windspeed (knots) [47,48), Membership Value =0.00000000,0.0
Windspeed (knots) [48,49), Membership Value =0.00000000,0.0
Windspeed (knots) [49,50), Membership Value =0.00000000,0.0
Windspeed (knots) [50,51), Membership Value =0.00000000,0.0
Windspeed (knots) [51,52), Membership Value =0.00000000,0.0
Windspeed (knots) [52,53), Membership Value =0.00000000,0.0
Windspeed (knots) [53,54), Membership Value =0.00000000,0.0
Windspeed (knots) [54,55), Membership Value =0.00000000,0.0
Windspeed (knots) [55,56), Membership Value =0.00000000,0.0
Windspeed (knots) [56,57), Membership Value =0.00000000,0.0
Windspeed (knots) [57,58), Membership Value =0.00000000,0.0
Windspeed (knots) [58,59), Membership Value =0.00000000,0.0
Windspeed (knots) [59,60), Membership Value =0.00000000,0.0
Windspeed (knots) [60,61), Membership Value =0.00000000,0.0
Windspeed (knots) [61,62), Membership Value =0.00000000,0.0
Windspeed (knots) [62,63), Membership Value =0.00000000,0.0
Windspeed (knots) [63,64), Membership Value =0.00000000,0.0
Windspeed (knots) [64,65), Membership Value =0.00000000,0.0
Windspeed (knots) [65,66), Membership Value =0.00000000,0.0
Windspeed (knots) [66,67), Membership Value =0.00000000,0.0
Windspeed (knots) [67,68), Membership Value =0.00000000,0.0
Windspeed (knots) [68,69), Membership Value =0.00000000,0.0
Windspeed (knots) [69,70), Membership Value =0.00000000,0.0
Windspeed (knots) [70,71), Membership Value =0.00000000,0.0
Windspeed (knots) [71,72), Membership Value =0.00000000,0.0
Windspeed (knots) [72,73), Membership Value =0.00000000,0.0
Windspeed (knots) [73,74), Membership Value =0.00000000,0.0
Windspeed (knots) [74,75), Membership Value =0.00000000,0.0
Windspeed (knots) [75,76), Membership Value =0.00000000,0.0
Windspeed (knots) [76,77), Membership Value =0.00000000,0.0
Windspeed (knots) [77,78), Membership Value =0.00000000,0.0
Windspeed (knots) [78,79), Membership Value =0.00000000,0.0
Windspeed (knots) [79,80), Membership Value =0.00000000,0.0
Windspeed (knots) [80,81), Membership Value =0.00000000,0.0
Windspeed (knots) [81,82), Membership Value =0.00000000,0.0
Windspeed (knots) [82,83), Membership Value =0.00000000,0.0
Windspeed (knots) [83,84), Membership Value =0.00000000,0.0
Windspeed (knots) [84,85), Membership Value =0.00000000,0.0
Windspeed (knots) [85,86), Membership Value =0.00000000,0.0
Windspeed (knots) [86,87), Membership Value =0.00000000,0.0
Windspeed (knots) [87,88), Membership Value =0.00000000,0.0
Windspeed (knots) [88,89), Membership Value =0.00000000,0.0
Windspeed (knots) [89,90), Membership Value =0.00000000,0.0
Windspeed (knots) [90,91), Membership Value =0.00000000,0.0
Windspeed (knots) [91,92), Membership Value =0.00000000,0.0
Windspeed (knots) [92,93), Membership Value =0.00000000,0.0
Windspeed (knots) [93,94), Membership Value =0.00000000,0.0
Windspeed (knots) [94,95), Membership Value =0.00000000,0.0
Windspeed (knots) [95,96), Membership Value =0.00000000,0.0
Windspeed (knots) [96,97), Membership Value =0.00000000,0.0
Windspeed (knots) [97,98), Membership Value =0.00000000,0.0
Windspeed (knots) [98,99), Membership Value =0.00000000,0.0
Windspeed (knots) [99,100), Membership Value =0.00000000,0.0
Windspeed (knots) [100,101), Membership Value =0.00000000,0.0
Windspeed (knots) [101,102), Membership Value =0.00000000,0.0
Windspeed (knots) [102,103), Membership Value =0.00000000,0.0
Windspeed (knots) [103,104), Membership Value =0.00000000,0.0
Windspeed (knots) [104,105), Membership Value =0.00000000,0.0
Windspeed (knots) [105,106), Membership Value =0.00000000,0.0
Windspeed (knots) [106,107), Membership Value =0.00000000,0.0
Windspeed (knots) [107,108), Membership Value =0.00000000,0.0
Windspeed (knots) [108,109), Membership Value =0.00000000,0.0
Windspeed (knots) [109,110), Membership Value =0.00000000,0.0
Windspeed (knots) [110,111), Membership Value =0.00000000,0.0
Windspeed (knots) [111,112), Membership Value =0.00000000,0.0
Windspeed (knots) [112,113), Membership Value =0.00000000,0.0
Windspeed (knots) [113,114), Membership Value =0.00000000,0.0
Windspeed (knots) [114,115), Membership Value =0.00000000,0.0
Windspeed (knots) [115,116), Membership Value =0.00000000,0.0
Windspeed (knots) [116,117), Membership Value =0.00000000,0.0
Windspeed (knots) [117,118), Membership Value =0.00000000,0.0
Windspeed (knots) [118,119), Membership Value =0.00000000,0.0
Windspeed (knots) [119,120), Membership Value =0.00000000,0.0
Windspeed (knots) [120,121), Membership Value =0.00000000,0.0
Windspeed (knots) [121,122), Membership Value =0.00000000,0.0
Windspeed (knots) [122,123), Membership Value =0.00000000,0.0
Windspeed (knots) [123,124), Membership Value =0.00000000,0.0
Windspeed (knots) [124,125), Membership Value =0.00000000,0.0
LowestWindspeedThatIsWindyKnots for station KTPA is 6 knots.
Transition limited :false
bUseWeatherPrediction: false
The running average is 1
The membership_value_deployment_threshold is 0.5
Energy harvested: 2423627.843887581
iGeneratingEnergyWhenGridNeedsEnergyMinutes =646890
iGeneratingEnergyWhenGridNeedsEnergyMinutes =646890
iUsingEnergyWhenGridNeedsEnergyMinutes =85480
iGeneratingEnergyWhenGridHasExcessEnergyMinutes = 1397
iUsingEnergyWhenGridHasExcessEnergyMinutes = 96
iIdleWhenGridDoesNotNeedEnergyMinutes = 44587
iIdleWhenGridNeedsEnergyMinutes = 3946037
iEnergyPriceIsZeroMinutes = 240
harvester.getEnergyHarvestedAVAILABLEKilowattHours( ): 5465520.333333333
harvester.getEnergyHarvestedKilowattHours(): 2423627.843887581
The running average is 31
The membership_value_deployment_threshold is 0.5
Energy harvested: 2693497.263332071
iGeneratingEnergyWhenGridNeedsEnergyMinutes =569830
iGeneratingEnergyWhenGridNeedsEnergyMinutes =569830
iUsingEnergyWhenGridNeedsEnergyMinutes =40568
iGeneratingEnergyWhenGridHasExcessEnergyMinutes = 1691
iUsingEnergyWhenGridHasExcessEnergyMinutes = 95
iIdleWhenGridDoesNotNeedEnergyMinutes = 44294
iIdleWhenGridNeedsEnergyMinutes = 4068009
iEnergyPriceIsZeroMinutes = 240
harvester.getEnergyHarvestedAVAILABLEKilowattHours( ): 5465520.333333333
harvester.getEnergyHarvestedKilowattHours(): 2693497.263332071
The running average is 61
The membership_value_deployment_threshold is 0.5
Energy harvested: 2575034.4930549683
iGeneratingEnergyWhenGridNeedsEnergyMinutes =514743
iGeneratingEnergyWhenGridNeedsEnergyMinutes =514743
iUsingEnergyWhenGridNeedsEnergyMinutes =34800
iGeneratingEnergyWhenGridHasExcessEnergyMinutes = 1563
iUsingEnergyWhenGridHasExcessEnergyMinutes = 95
iIdleWhenGridDoesNotNeedEnergyMinutes = 44422
iIdleWhenGridNeedsEnergyMinutes = 4128864
iEnergyPriceIsZeroMinutes = 240
harvester.getEnergyHarvestedAVAILABLEKilowattHours( ): 5465520.333333333
harvester.getEnergyHarvestedKilowattHours(): 2575034.4930549683
The running average is 91
The membership_value_deployment_threshold is 0.5
Energy harvested: 2452099.2502775853
iGeneratingEnergyWhenGridNeedsEnergyMinutes =469054
iGeneratingEnergyWhenGridNeedsEnergyMinutes =469054
iUsingEnergyWhenGridNeedsEnergyMinutes =30905
iGeneratingEnergyWhenGridHasExcessEnergyMinutes = 1504
iUsingEnergyWhenGridHasExcessEnergyMinutes = 84
iIdleWhenGridDoesNotNeedEnergyMinutes = 44492
iIdleWhenGridNeedsEnergyMinutes = 4178448
iEnergyPriceIsZeroMinutes = 240
harvester.getEnergyHarvestedAVAILABLEKilowattHours( ): 5465520.333333333
harvester.getEnergyHarvestedKilowattHours(): 2452099.2502775853
The running average is 121
The membership_value_deployment_threshold is 0.5
Energy harvested: 2341100.205833413
iGeneratingEnergyWhenGridNeedsEnergyMinutes =431546
iGeneratingEnergyWhenGridNeedsEnergyMinutes =431546
iUsingEnergyWhenGridNeedsEnergyMinutes =27616
iGeneratingEnergyWhenGridHasExcessEnergyMinutes = 1442
iUsingEnergyWhenGridHasExcessEnergyMinutes = 88
iIdleWhenGridDoesNotNeedEnergyMinutes = 44550
iIdleWhenGridNeedsEnergyMinutes = 4219245
iEnergyPriceIsZeroMinutes = 240
harvester.getEnergyHarvestedAVAILABLEKilowattHours( ): 5465520.333333333
harvester.getEnergyHarvestedKilowattHours(): 2341100.205833413
Beginning testing mode:
station,&,deployment_membership_value_threshold_array_for_month_1,&,running_average_size_minutes_for_month_1,&,deployment_membership_value_threshold_array_for_month_2,&,running_average_size_minutes_for_month_2,&,deployment_membership_value_threshold_array_for_month_3,&,running_average_size_minutes_for_month_3,&,deployment_membership_value_threshold_array_for_month_4,&,running_average_size_minutes_for_month_4,&,deployment_membership_value_threshold_array_for_month_5,&,running_average_size_minutes_for_month_5,&,deployment_membership_value_threshold_array_for_month_6,&,running_average_size_minutes_for_month_6,&,deployment_membership_value_threshold_array_for_month_7,&,running_average_size_minutes_for_month_7,&,deployment_membership_value_threshold_array_for_month_8,&,running_average_size_minutes_for_month_8,&,deployment_membership_value_threshold_array_for_month_9,&,running_average_size_minutes_for_month_9,&,deployment_membership_value_threshold_array_for_month_10,&,running_average_size_minutes_for_month_10,&,deployment_membership_value_threshold_array_for_month_11,&,running_average_size_minutes_for_month_11,&,deployment_membership_value_threshold_array_for_month_12,&,running_average_size_minutes_for_month_12,&,dNetNorm,&,dMarketBalancePercentage,&,dMarketNetNorm,
results: KTPA,&,0.5,&,61,&,0.5,&,31,&,0.5,&,121,&,0.5,&,31,&,0.5,&,31,&,0.5,&,31,&,0.5,&,1,&,0.5,&,1,&,0.5,&,31,&,0.5,&,31,&,0.5,&,61,&,0.5,&,61,&,0.5157593766356412,&,0.9077378674951408,&,0.46817431668786014
monthly visible minutes:KTPA,&,2013,&,5454,&,8325,&,8473,&,7095,&,7211,&,6870,&,8672,&,8672,&,4013,&,2120,&,5840,&,3527,&,
monthly visible minutes:KTPA,&,2014,&,7949,&,5651,&,8583,&,8672,&,8610,&,8319,&,8672,&,8672,&,3463,&,4969,&,8229,&,4417,&,
monthly minutes harvester between states:KTPA,&,2013,&,494,&,798,&,874,&,912,&,874,&,1109,&,2127,&,2318,&,685,&,266,&,570,&,380,&,
monthly minutes harvester between states:KTPA,&,2014,&,760,&,646,&,836,&,912,&,1106,&,1081,&,1608,&,1734,&,637,&,532,&,684,&,532,&,
FuzzyVsCrisp: KTPA,1,true,true
station,&,deployment_membership_value_threshold_array_for_month_1,&,running_average_size_minutes_for_month_1,&,deployment_membership_value_threshold_array_for_month_2,&,running_average_size_minutes_for_month_2,&,deployment_membership_value_threshold_array_for_month_3,&,running_average_size_minutes_for_month_3,&,deployment_membership_value_threshold_array_for_month_4,&,running_average_size_minutes_for_month_4,&,deployment_membership_value_threshold_array_for_month_5,&,running_average_size_minutes_for_month_5,&,deployment_membership_value_threshold_array_for_month_6,&,running_average_size_minutes_for_month_6,&,deployment_membership_value_threshold_array_for_month_7,&,running_average_size_minutes_for_month_7,&,deployment_membership_value_threshold_array_for_month_8,&,running_average_size_minutes_for_month_8,&,deployment_membership_value_threshold_array_for_month_9,&,running_average_size_minutes_for_month_9,&,deployment_membership_value_threshold_array_for_month_10,&,running_average_size_minutes_for_month_10,&,deployment_membership_value_threshold_array_for_month_11,&,running_average_size_minutes_for_month_11,&,deployment_membership_value_threshold_array_for_month_12,&,running_average_size_minutes_for_month_12,&,dNetNorm,&,dMarketBalancePercentage,&,dMarketNetNorm,
results: KTPA,&,0.5,&,61,&,0.5,&,31,&,0.5,&,121,&,0.5,&,31,&,0.5,&,31,&,0.5,&,31,&,0.5,&,1,&,0.5,&,1,&,0.5,&,31,&,0.5,&,31,&,0.5,&,61,&,0.5,&,61,&,0.5157593766356412,&,0.9077378674951408,&,0.46817431668786014
monthly visible minutes:KTPA,&,2013,&,5454,&,8325,&,8473,&,7095,&,7211,&,6870,&,8672,&,8672,&,4013,&,2120,&,5840,&,3527,&,
monthly visible minutes:KTPA,&,2014,&,7949,&,5651,&,8583,&,8672,&,8610,&,8319,&,8672,&,8672,&,3463,&,4969,&,8229,&,4417,&,
monthly minutes harvester between states:KTPA,&,2013,&,494,&,798,&,874,&,912,&,874,&,1109,&,2127,&,2318,&,685,&,266,&,570,&,380,&,
monthly minutes harvester between states:KTPA,&,2014,&,760,&,646,&,836,&,912,&,1106,&,1081,&,1608,&,1734,&,637,&,532,&,684,&,532,&,
FuzzyVsCrisp: KTPA,1,true,true
