Station_argument: ALL
lambda: 0.9
bUseWeatherPrediction: true
bTransitionLimited: false
cAlgorithm: a
Station: KATL
abc: The current path is /home/guy/retractable-wind
I have found the property file.
The training windspeed filename is /trainingKATL2004-2012in.csv
The testing windspeed filename is /testingKATL2013-2014in.csv
Yes, the station is KATL
Warning: The bAlsoUsePrediction no longer has any effect
iUsedAllItsAllocatedVisibilityMinutesPerMonth: 51234
Visibility Allocation Minutes:51234
HARVESTER_SIZE_SQM is 6362
Reading file
Success: /Wind turbine power curves - wind turbine power output against wind speed in knots.csv found.
Speed (Knots) = Speed(knots) vs power (kW) , Power (kW) =V90
Speed (Knots) = 0 , Power (kW) =0
Speed (Knots) = 1 , Power (kW) =0
Speed (Knots) = 2 , Power (kW) =0
Speed (Knots) = 3 , Power (kW) =0
Speed (Knots) = 4 , Power (kW) =0
Speed (Knots) = 5 , Power (kW) =0
Speed (Knots) = 6 , Power (kW) =0
Speed (Knots) = 7 , Power (kW) =38
Speed (Knots) = 8 , Power (kW) =87
Speed (Knots) = 9 , Power (kW) =141
Speed (Knots) = 10 , Power (kW) =207
Speed (Knots) = 11 , Power (kW) =286
Speed (Knots) = 12 , Power (kW) =382
Speed (Knots) = 13 , Power (kW) =496
Speed (Knots) = 14 , Power (kW) =628
Speed (Knots) = 15 , Power (kW) =781
Speed (Knots) = 16 , Power (kW) =957
Speed (Knots) = 17 , Power (kW) =1153
Speed (Knots) = 18 , Power (kW) =1366
Speed (Knots) = 19 , Power (kW) =1589
Speed (Knots) = 20 , Power (kW) =1814
Speed (Knots) = 21 , Power (kW) =2035
Speed (Knots) = 22 , Power (kW) =2250
Speed (Knots) = 23 , Power (kW) =2452
Speed (Knots) = 24 , Power (kW) =2634
Speed (Knots) = 25 , Power (kW) =2784
Speed (Knots) = 26 , Power (kW) =2888
Speed (Knots) = 27 , Power (kW) =2949
Speed (Knots) = 28 , Power (kW) =2980
Speed (Knots) = 29 , Power (kW) =2993
Speed (Knots) = 30 , Power (kW) =3000
Speed (Knots) = 31 , Power (kW) =3000
Speed (Knots) = 32 , Power (kW) =3000
Speed (Knots) = 33 , Power (kW) =3000
Speed (Knots) = 34 , Power (kW) =3000
Speed (Knots) = 35 , Power (kW) =3000
Speed (Knots) = 36 , Power (kW) =3000
Speed (Knots) = 37 , Power (kW) =3000
Speed (Knots) = 38 , Power (kW) =3000
Speed (Knots) = 39 , Power (kW) =3000
Speed (Knots) = 40 , Power (kW) =3000
Speed (Knots) = 41 , Power (kW) =3000
Speed (Knots) = 42 , Power (kW) =3000
Speed (Knots) = 43 , Power (kW) =3000
Speed (Knots) = 44 , Power (kW) =3000
Speed (Knots) = 45 , Power (kW) =3000
Speed (Knots) = 46 , Power (kW) =3000
Speed (Knots) = 47 , Power (kW) =3000
Speed (Knots) = 48 , Power (kW) =3000
Speed (Knots) = 49 , Power (kW) =0
Speed (Knots) = 50 , Power (kW) =0
Speed (Knots) = 51 , Power (kW) =0
Speed (Knots) = 52 , Power (kW) =0
Speed (Knots) = 53 , Power (kW) =0
Speed (Knots) = 54 , Power (kW) =0
Speed (Knots) = 55 , Power (kW) =0
Speed (Knots) = 56 , Power (kW) =0
Speed (Knots) = 57 , Power (kW) =0
Speed (Knots) = 58 , Power (kW) =0
Speed (Knots) = 59 , Power (kW) =0
Speed (Knots) = 60 , Power (kW) =0
The scale is 1.0
Wind power at 10 knots in kilowatts is 207.0
Wind power in-cut-out test 0.0
Aging
Class name:edu.pitt.cs.people.guy.wind.benchmarks.Aging
Success: /Noise_Allowed_Time_Definitions_All_Stations.csv found.
The station is the record is KATL
Success: /Noise_Allowed_Time_Definitions_All_Stations.csv found.
The station is the record is KATL
I have found the membership file for NOT WINDY.
Windspeed (knots) [0,1), Membership Value =1.00000000,1.0
Windspeed (knots) [1,2), Membership Value =0.99995286,0.99995285
Windspeed (knots) [2,3), Membership Value =0.99918496,0.99918497
Windspeed (knots) [3,4), Membership Value =0.99526788,0.99526787
Windspeed (knots) [4,5), Membership Value =0.98383125,0.9838312
Windspeed (knots) [5,6), Membership Value =0.95856363,0.9585636
Windspeed (knots) [6,7), Membership Value =0.91443277,0.91443276
Windspeed (knots) [7,8), Membership Value =0.85177112,0.8517711
Windspeed (knots) [8,9), Membership Value =0.77242385,0.77242386
Windspeed (knots) [9,10), Membership Value =0.68323756,0.68323755
Windspeed (knots) [10,11), Membership Value =0.58520864,0.58520865
Windspeed (knots) [11,12), Membership Value =0.48424525,0.48424524
Windspeed (knots) [12,13), Membership Value =0.38309361,0.3830936
Windspeed (knots) [13,14), Membership Value =0.28631783,0.28631783
Windspeed (knots) [14,15), Membership Value =0.19460303,0.19460303
Windspeed (knots) [15,16), Membership Value =0.11077827,0.11077827
Windspeed (knots) [16,17), Membership Value =0.03581045,0.03581045
Windspeed (knots) [17,18), Membership Value =0.00000000,0.0
Windspeed (knots) [18,19), Membership Value =0.00000000,0.0
Windspeed (knots) [19,20), Membership Value =0.00000000,0.0
Windspeed (knots) [20,21), Membership Value =0.00000000,0.0
Windspeed (knots) [21,22), Membership Value =0.00000000,0.0
Windspeed (knots) [22,23), Membership Value =0.00000000,0.0
Windspeed (knots) [23,24), Membership Value =0.00000000,0.0
Windspeed (knots) [24,25), Membership Value =0.00000000,0.0
Windspeed (knots) [25,26), Membership Value =0.00000000,0.0
Windspeed (knots) [26,27), Membership Value =0.00000000,0.0
Windspeed (knots) [27,28), Membership Value =0.00000000,0.0
Windspeed (knots) [28,29), Membership Value =0.00000000,0.0
Windspeed (knots) [29,30), Membership Value =0.00000000,0.0
Windspeed (knots) [30,31), Membership Value =0.00000000,0.0
Windspeed (knots) [31,32), Membership Value =0.00000000,0.0
Windspeed (knots) [32,33), Membership Value =0.00000000,0.0
Windspeed (knots) [33,34), Membership Value =0.00000000,0.0
Windspeed (knots) [34,35), Membership Value =0.00000000,0.0
Windspeed (knots) [35,36), Membership Value =0.00000000,0.0
Windspeed (knots) [36,37), Membership Value =0.00000000,0.0
Windspeed (knots) [37,38), Membership Value =0.00000000,0.0
Windspeed (knots) [38,39), Membership Value =0.00000000,0.0
Windspeed (knots) [39,40), Membership Value =0.00000000,0.0
Windspeed (knots) [40,41), Membership Value =0.00000000,0.0
Windspeed (knots) [41,42), Membership Value =0.00000000,0.0
Windspeed (knots) [42,43), Membership Value =0.00000000,0.0
Windspeed (knots) [43,44), Membership Value =0.00000000,0.0
Windspeed (knots) [44,45), Membership Value =0.00000000,0.0
Windspeed (knots) [45,46), Membership Value =0.00000000,0.0
Windspeed (knots) [46,47), Membership Value =0.00000000,0.0
Windspeed (knots) [47,48), Membership Value =0.00000000,0.0
Windspeed (knots) [48,49), Membership Value =0.00000000,0.0
Windspeed (knots) [49,50), Membership Value =0.00000000,0.0
Windspeed (knots) [50,51), Membership Value =0.00000000,0.0
Windspeed (knots) [51,52), Membership Value =0.00000000,0.0
Windspeed (knots) [52,53), Membership Value =0.00000000,0.0
Windspeed (knots) [53,54), Membership Value =0.00000000,0.0
Windspeed (knots) [54,55), Membership Value =0.00000000,0.0
Windspeed (knots) [55,56), Membership Value =0.00000000,0.0
Windspeed (knots) [56,57), Membership Value =0.00000000,0.0
Windspeed (knots) [57,58), Membership Value =0.00000000,0.0
Windspeed (knots) [58,59), Membership Value =0.00000000,0.0
Windspeed (knots) [59,60), Membership Value =0.00000000,0.0
Windspeed (knots) [60,61), Membership Value =0.00000000,0.0
Windspeed (knots) [61,62), Membership Value =0.00000000,0.0
Windspeed (knots) [62,63), Membership Value =0.00000000,0.0
Windspeed (knots) [63,64), Membership Value =0.00000000,0.0
Windspeed (knots) [64,65), Membership Value =0.00000000,0.0
Windspeed (knots) [65,66), Membership Value =0.00000000,0.0
Windspeed (knots) [66,67), Membership Value =0.00000000,0.0
Windspeed (knots) [67,68), Membership Value =0.00000000,0.0
Windspeed (knots) [68,69), Membership Value =0.00000000,0.0
Windspeed (knots) [69,70), Membership Value =0.00000000,0.0
Windspeed (knots) [70,71), Membership Value =0.00000000,0.0
Windspeed (knots) [71,72), Membership Value =0.00000000,0.0
Windspeed (knots) [72,73), Membership Value =0.00000000,0.0
Windspeed (knots) [73,74), Membership Value =0.00000000,0.0
Windspeed (knots) [74,75), Membership Value =0.00000000,0.0
Windspeed (knots) [75,76), Membership Value =0.00000000,0.0
Windspeed (knots) [76,77), Membership Value =0.00000000,0.0
Windspeed (knots) [77,78), Membership Value =0.00000000,0.0
Windspeed (knots) [78,79), Membership Value =0.00000000,0.0
Windspeed (knots) [79,80), Membership Value =0.00000000,0.0
Windspeed (knots) [80,81), Membership Value =0.00000000,0.0
Windspeed (knots) [81,82), Membership Value =0.00000000,0.0
Windspeed (knots) [82,83), Membership Value =0.00000000,0.0
Windspeed (knots) [83,84), Membership Value =0.00000000,0.0
Windspeed (knots) [84,85), Membership Value =0.00000000,0.0
Windspeed (knots) [85,86), Membership Value =0.00000000,0.0
Windspeed (knots) [86,87), Membership Value =0.00000000,0.0
Windspeed (knots) [87,88), Membership Value =0.00000000,0.0
Windspeed (knots) [88,89), Membership Value =0.00000000,0.0
Windspeed (knots) [89,90), Membership Value =0.00000000,0.0
Windspeed (knots) [90,91), Membership Value =0.00000000,0.0
Windspeed (knots) [91,92), Membership Value =0.00000000,0.0
Windspeed (knots) [92,93), Membership Value =0.00000000,0.0
Windspeed (knots) [93,94), Membership Value =0.00000000,0.0
Windspeed (knots) [94,95), Membership Value =0.00000000,0.0
Windspeed (knots) [95,96), Membership Value =0.00000000,0.0
Windspeed (knots) [96,97), Membership Value =0.00000000,0.0
Windspeed (knots) [97,98), Membership Value =0.00000000,0.0
Windspeed (knots) [98,99), Membership Value =0.00000000,0.0
Windspeed (knots) [99,100), Membership Value =0.00000000,0.0
Windspeed (knots) [100,101), Membership Value =0.00000000,0.0
Windspeed (knots) [101,102), Membership Value =0.00000000,0.0
Windspeed (knots) [102,103), Membership Value =0.00000000,0.0
Windspeed (knots) [103,104), Membership Value =0.00000000,0.0
Windspeed (knots) [104,105), Membership Value =0.00000000,0.0
Windspeed (knots) [105,106), Membership Value =0.00000000,0.0
Windspeed (knots) [106,107), Membership Value =0.00000000,0.0
Windspeed (knots) [107,108), Membership Value =0.00000000,0.0
Windspeed (knots) [108,109), Membership Value =0.00000000,0.0
Windspeed (knots) [109,110), Membership Value =0.00000000,0.0
Windspeed (knots) [110,111), Membership Value =0.00000000,0.0
Windspeed (knots) [111,112), Membership Value =0.00000000,0.0
Windspeed (knots) [112,113), Membership Value =0.00000000,0.0
Windspeed (knots) [113,114), Membership Value =0.00000000,0.0
Windspeed (knots) [114,115), Membership Value =0.00000000,0.0
Windspeed (knots) [115,116), Membership Value =0.00000000,0.0
Windspeed (knots) [116,117), Membership Value =0.00000000,0.0
Windspeed (knots) [117,118), Membership Value =0.00000000,0.0
Windspeed (knots) [118,119), Membership Value =0.00000000,0.0
Windspeed (knots) [119,120), Membership Value =0.00000000,0.0
Windspeed (knots) [120,121), Membership Value =0.00000000,0.0
Windspeed (knots) [121,122), Membership Value =0.00000000,0.0
Windspeed (knots) [122,123), Membership Value =0.00000000,0.0
Windspeed (knots) [123,124), Membership Value =0.00000000,0.0
Windspeed (knots) [124,125), Membership Value =0.00000000,0.0
LowestWindspeedThatIsWindyKnots for station KATL is 7 knots.
Transition limited :false
bUseWeatherPrediction: true
The running average is 1
The y-int is 7
Energy harvested: 6552244.220281084
iGeneratingEnergyWhenGridNeedsEnergyMinutes =1153255
iGeneratingEnergyWhenGridNeedsEnergyMinutes =1153255
iUsingEnergyWhenGridNeedsEnergyMinutes =132623
iGeneratingEnergyWhenGridHasExcessEnergyMinutes = 2527
iUsingEnergyWhenGridHasExcessEnergyMinutes = 166
iIdleWhenGridDoesNotNeedEnergyMinutes = 43387
iIdleWhenGridNeedsEnergyMinutes = 3401190
iEnergyPriceIsZeroMinutes = 240
harvester.getEnergyHarvestedAVAILABLEKilowattHours( ): 1.1081643733333332E7
harvester.getEnergyHarvestedKilowattHours(): 6552244.220281084
The y-int is 17
Energy harvested: 383740.6716666661
iGeneratingEnergyWhenGridNeedsEnergyMinutes =13719
iGeneratingEnergyWhenGridNeedsEnergyMinutes =13719
iUsingEnergyWhenGridNeedsEnergyMinutes =266
iGeneratingEnergyWhenGridHasExcessEnergyMinutes = 0
iUsingEnergyWhenGridHasExcessEnergyMinutes = 5
iIdleWhenGridDoesNotNeedEnergyMinutes = 46075
iIdleWhenGridNeedsEnergyMinutes = 4673083
iEnergyPriceIsZeroMinutes = 240
harvester.getEnergyHarvestedAVAILABLEKilowattHours( ): 1.1081643733333332E7
harvester.getEnergyHarvestedKilowattHours(): 383740.6716666661
The y-int is 27
Energy harvested: 0.0
iGeneratingEnergyWhenGridNeedsEnergyMinutes =0
iGeneratingEnergyWhenGridNeedsEnergyMinutes =0
iUsingEnergyWhenGridNeedsEnergyMinutes =1
iGeneratingEnergyWhenGridHasExcessEnergyMinutes = 0
iUsingEnergyWhenGridHasExcessEnergyMinutes = 0
iIdleWhenGridDoesNotNeedEnergyMinutes = 46080
iIdleWhenGridNeedsEnergyMinutes = 4687067
iEnergyPriceIsZeroMinutes = 240
harvester.getEnergyHarvestedAVAILABLEKilowattHours( ): 1.1081643733333332E7
harvester.getEnergyHarvestedKilowattHours(): 0.0
The y-int is 37
Energy harvested: 0.0
iGeneratingEnergyWhenGridNeedsEnergyMinutes =0
iGeneratingEnergyWhenGridNeedsEnergyMinutes =0
iUsingEnergyWhenGridNeedsEnergyMinutes =0
iGeneratingEnergyWhenGridHasExcessEnergyMinutes = 0
iUsingEnergyWhenGridHasExcessEnergyMinutes = 0
iIdleWhenGridDoesNotNeedEnergyMinutes = 46080
iIdleWhenGridNeedsEnergyMinutes = 4687068
iEnergyPriceIsZeroMinutes = 240
harvester.getEnergyHarvestedAVAILABLEKilowattHours( ): 1.1081643733333332E7
harvester.getEnergyHarvestedKilowattHours(): 0.0
The running average is 31
The y-int is 7
Energy harvested: 6508917.150278975
iGeneratingEnergyWhenGridNeedsEnergyMinutes =1132863
iGeneratingEnergyWhenGridNeedsEnergyMinutes =1132863
iUsingEnergyWhenGridNeedsEnergyMinutes =61123
iGeneratingEnergyWhenGridHasExcessEnergyMinutes = 2476
iUsingEnergyWhenGridHasExcessEnergyMinutes = 132
iIdleWhenGridDoesNotNeedEnergyMinutes = 43472
iIdleWhenGridNeedsEnergyMinutes = 3493082
iEnergyPriceIsZeroMinutes = 240
harvester.getEnergyHarvestedAVAILABLEKilowattHours( ): 1.1081643733333332E7
harvester.getEnergyHarvestedKilowattHours(): 6508917.150278975
The y-int is 17
Energy harvested: 450615.85166666773
iGeneratingEnergyWhenGridNeedsEnergyMinutes =18209
iGeneratingEnergyWhenGridNeedsEnergyMinutes =18209
iUsingEnergyWhenGridNeedsEnergyMinutes =284
iGeneratingEnergyWhenGridHasExcessEnergyMinutes = 0
iUsingEnergyWhenGridHasExcessEnergyMinutes = 0
iIdleWhenGridDoesNotNeedEnergyMinutes = 46080
iIdleWhenGridNeedsEnergyMinutes = 4668575
iEnergyPriceIsZeroMinutes = 240
harvester.getEnergyHarvestedAVAILABLEKilowattHours( ): 1.1081643733333332E7
harvester.getEnergyHarvestedKilowattHours(): 450615.85166666773
The y-int is 27
Energy harvested: 0.0
iGeneratingEnergyWhenGridNeedsEnergyMinutes =0
iGeneratingEnergyWhenGridNeedsEnergyMinutes =0
iUsingEnergyWhenGridNeedsEnergyMinutes =1
iGeneratingEnergyWhenGridHasExcessEnergyMinutes = 0
iUsingEnergyWhenGridHasExcessEnergyMinutes = 0
iIdleWhenGridDoesNotNeedEnergyMinutes = 46080
iIdleWhenGridNeedsEnergyMinutes = 4687067
iEnergyPriceIsZeroMinutes = 240
harvester.getEnergyHarvestedAVAILABLEKilowattHours( ): 1.1081643733333332E7
harvester.getEnergyHarvestedKilowattHours(): 0.0
The y-int is 37
Energy harvested: 0.0
iGeneratingEnergyWhenGridNeedsEnergyMinutes =0
iGeneratingEnergyWhenGridNeedsEnergyMinutes =0
iUsingEnergyWhenGridNeedsEnergyMinutes =0
iGeneratingEnergyWhenGridHasExcessEnergyMinutes = 0
iUsingEnergyWhenGridHasExcessEnergyMinutes = 0
iIdleWhenGridDoesNotNeedEnergyMinutes = 46080
iIdleWhenGridNeedsEnergyMinutes = 4687068
iEnergyPriceIsZeroMinutes = 240
harvester.getEnergyHarvestedAVAILABLEKilowattHours( ): 1.1081643733333332E7
harvester.getEnergyHarvestedKilowattHours(): 0.0
The running average is 61
The y-int is 7
Energy harvested: 6450364.275556441
iGeneratingEnergyWhenGridNeedsEnergyMinutes =1102280
iGeneratingEnergyWhenGridNeedsEnergyMinutes =1102280
iUsingEnergyWhenGridNeedsEnergyMinutes =54774
iGeneratingEnergyWhenGridHasExcessEnergyMinutes = 2441
iUsingEnergyWhenGridHasExcessEnergyMinutes = 120
iIdleWhenGridDoesNotNeedEnergyMinutes = 43519
iIdleWhenGridNeedsEnergyMinutes = 3530014
iEnergyPriceIsZeroMinutes = 240
harvester.getEnergyHarvestedAVAILABLEKilowattHours( ): 1.1081643733333332E7
harvester.getEnergyHarvestedKilowattHours(): 6450364.275556441
The y-int is 17
Energy harvested: 393117.98833333305
iGeneratingEnergyWhenGridNeedsEnergyMinutes =16160
iGeneratingEnergyWhenGridNeedsEnergyMinutes =16160
iUsingEnergyWhenGridNeedsEnergyMinutes =93
iGeneratingEnergyWhenGridHasExcessEnergyMinutes = 0
iUsingEnergyWhenGridHasExcessEnergyMinutes = 0
iIdleWhenGridDoesNotNeedEnergyMinutes = 46080
iIdleWhenGridNeedsEnergyMinutes = 4670815
iEnergyPriceIsZeroMinutes = 240
harvester.getEnergyHarvestedAVAILABLEKilowattHours( ): 1.1081643733333332E7
harvester.getEnergyHarvestedKilowattHours(): 393117.98833333305
The y-int is 27
Energy harvested: 0.0
iGeneratingEnergyWhenGridNeedsEnergyMinutes =0
iGeneratingEnergyWhenGridNeedsEnergyMinutes =0
iUsingEnergyWhenGridNeedsEnergyMinutes =1
iGeneratingEnergyWhenGridHasExcessEnergyMinutes = 0
iUsingEnergyWhenGridHasExcessEnergyMinutes = 0
iIdleWhenGridDoesNotNeedEnergyMinutes = 46080
iIdleWhenGridNeedsEnergyMinutes = 4687067
iEnergyPriceIsZeroMinutes = 240
harvester.getEnergyHarvestedAVAILABLEKilowattHours( ): 1.1081643733333332E7
harvester.getEnergyHarvestedKilowattHours(): 0.0
The y-int is 37
Energy harvested: 0.0
iGeneratingEnergyWhenGridNeedsEnergyMinutes =0
iGeneratingEnergyWhenGridNeedsEnergyMinutes =0
iUsingEnergyWhenGridNeedsEnergyMinutes =0
iGeneratingEnergyWhenGridHasExcessEnergyMinutes = 0
iUsingEnergyWhenGridHasExcessEnergyMinutes = 0
iIdleWhenGridDoesNotNeedEnergyMinutes = 46080
iIdleWhenGridNeedsEnergyMinutes = 4687068
iEnergyPriceIsZeroMinutes = 240
harvester.getEnergyHarvestedAVAILABLEKilowattHours( ): 1.1081643733333332E7
harvester.getEnergyHarvestedKilowattHours(): 0.0
The running average is 91
The y-int is 7
Energy harvested: 6390397.246389552
iGeneratingEnergyWhenGridNeedsEnergyMinutes =1074056
iGeneratingEnergyWhenGridNeedsEnergyMinutes =1074056
iUsingEnergyWhenGridNeedsEnergyMinutes =52025
iGeneratingEnergyWhenGridHasExcessEnergyMinutes = 2428
iUsingEnergyWhenGridHasExcessEnergyMinutes = 112
iIdleWhenGridDoesNotNeedEnergyMinutes = 43540
iIdleWhenGridNeedsEnergyMinutes = 3560987
iEnergyPriceIsZeroMinutes = 240
harvester.getEnergyHarvestedAVAILABLEKilowattHours( ): 1.1081643733333332E7
harvester.getEnergyHarvestedKilowattHours(): 6390397.246389552
The y-int is 17
Energy harvested: 352143.6586111111
iGeneratingEnergyWhenGridNeedsEnergyMinutes =14522
iGeneratingEnergyWhenGridNeedsEnergyMinutes =14522
iUsingEnergyWhenGridNeedsEnergyMinutes =29
iGeneratingEnergyWhenGridHasExcessEnergyMinutes = 0
iUsingEnergyWhenGridHasExcessEnergyMinutes = 0
iIdleWhenGridDoesNotNeedEnergyMinutes = 46080
iIdleWhenGridNeedsEnergyMinutes = 4672517
iEnergyPriceIsZeroMinutes = 240
harvester.getEnergyHarvestedAVAILABLEKilowattHours( ): 1.1081643733333332E7
harvester.getEnergyHarvestedKilowattHours(): 352143.6586111111
The y-int is 27
Energy harvested: 0.0
iGeneratingEnergyWhenGridNeedsEnergyMinutes =0
iGeneratingEnergyWhenGridNeedsEnergyMinutes =0
iUsingEnergyWhenGridNeedsEnergyMinutes =1
iGeneratingEnergyWhenGridHasExcessEnergyMinutes = 0
iUsingEnergyWhenGridHasExcessEnergyMinutes = 0
iIdleWhenGridDoesNotNeedEnergyMinutes = 46080
iIdleWhenGridNeedsEnergyMinutes = 4687067
iEnergyPriceIsZeroMinutes = 240
harvester.getEnergyHarvestedAVAILABLEKilowattHours( ): 1.1081643733333332E7
harvester.getEnergyHarvestedKilowattHours(): 0.0
The y-int is 37
Energy harvested: 0.0
iGeneratingEnergyWhenGridNeedsEnergyMinutes =0
iGeneratingEnergyWhenGridNeedsEnergyMinutes =0
iUsingEnergyWhenGridNeedsEnergyMinutes =0
iGeneratingEnergyWhenGridHasExcessEnergyMinutes = 0
iUsingEnergyWhenGridHasExcessEnergyMinutes = 0
iIdleWhenGridDoesNotNeedEnergyMinutes = 46080
iIdleWhenGridNeedsEnergyMinutes = 4687068
iEnergyPriceIsZeroMinutes = 240
harvester.getEnergyHarvestedAVAILABLEKilowattHours( ): 1.1081643733333332E7
harvester.getEnergyHarvestedKilowattHours(): 0.0
The running average is 121
The y-int is 7
Energy harvested: 6336135.252222708
iGeneratingEnergyWhenGridNeedsEnergyMinutes =1048579
iGeneratingEnergyWhenGridNeedsEnergyMinutes =1048579
iUsingEnergyWhenGridNeedsEnergyMinutes =49723
iGeneratingEnergyWhenGridHasExcessEnergyMinutes = 2413
iUsingEnergyWhenGridHasExcessEnergyMinutes = 112
iIdleWhenGridDoesNotNeedEnergyMinutes = 43555
iIdleWhenGridNeedsEnergyMinutes = 3588766
iEnergyPriceIsZeroMinutes = 240
harvester.getEnergyHarvestedAVAILABLEKilowattHours( ): 1.1081643733333332E7
harvester.getEnergyHarvestedKilowattHours(): 6336135.252222708
The y-int is 17
Energy harvested: 317462.17499999976
iGeneratingEnergyWhenGridNeedsEnergyMinutes =13010
iGeneratingEnergyWhenGridNeedsEnergyMinutes =13010
iUsingEnergyWhenGridNeedsEnergyMinutes =28
iGeneratingEnergyWhenGridHasExcessEnergyMinutes = 0
iUsingEnergyWhenGridHasExcessEnergyMinutes = 0
iIdleWhenGridDoesNotNeedEnergyMinutes = 46080
iIdleWhenGridNeedsEnergyMinutes = 4674030
iEnergyPriceIsZeroMinutes = 240
harvester.getEnergyHarvestedAVAILABLEKilowattHours( ): 1.1081643733333332E7
harvester.getEnergyHarvestedKilowattHours(): 317462.17499999976
The y-int is 27
Energy harvested: 0.0
iGeneratingEnergyWhenGridNeedsEnergyMinutes =0
iGeneratingEnergyWhenGridNeedsEnergyMinutes =0
iUsingEnergyWhenGridNeedsEnergyMinutes =1
iGeneratingEnergyWhenGridHasExcessEnergyMinutes = 0
iUsingEnergyWhenGridHasExcessEnergyMinutes = 0
iIdleWhenGridDoesNotNeedEnergyMinutes = 46080
iIdleWhenGridNeedsEnergyMinutes = 4687067
iEnergyPriceIsZeroMinutes = 240
harvester.getEnergyHarvestedAVAILABLEKilowattHours( ): 1.1081643733333332E7
harvester.getEnergyHarvestedKilowattHours(): 0.0
The y-int is 37
Energy harvested: 0.0
iGeneratingEnergyWhenGridNeedsEnergyMinutes =0
iGeneratingEnergyWhenGridNeedsEnergyMinutes =0
iUsingEnergyWhenGridNeedsEnergyMinutes =0
iGeneratingEnergyWhenGridHasExcessEnergyMinutes = 0
iUsingEnergyWhenGridHasExcessEnergyMinutes = 0
iIdleWhenGridDoesNotNeedEnergyMinutes = 46080
iIdleWhenGridNeedsEnergyMinutes = 4687068
iEnergyPriceIsZeroMinutes = 240
harvester.getEnergyHarvestedAVAILABLEKilowattHours( ): 1.1081643733333332E7
harvester.getEnergyHarvestedKilowattHours(): 0.0
Beginning testing mode:
station,&,y_intercept_for_month_1,&,running_average_size_minutes_for_month_1,&,y_intercept_for_month_2,&,running_average_size_minutes_for_month_2,&,y_intercept_for_month_3,&,running_average_size_minutes_for_month_3,&,y_intercept_for_month_4,&,running_average_size_minutes_for_month_4,&,y_intercept_for_month_5,&,running_average_size_minutes_for_month_5,&,y_intercept_for_month_6,&,running_average_size_minutes_for_month_6,&,y_intercept_for_month_7,&,running_average_size_minutes_for_month_7,&,y_intercept_for_month_8,&,running_average_size_minutes_for_month_8,&,y_intercept_for_month_9,&,running_average_size_minutes_for_month_9,&,y_intercept_for_month_10,&,running_average_size_minutes_for_month_10,&,y_intercept_for_month_11,&,running_average_size_minutes_for_month_11,&,y_intercept_for_month_12,&,running_average_size_minutes_for_month_12,&,dNetNorm,&,dMarketBalancePercentage,&,dMarketNetNorm,
results: KATL,&,7,&,1,&,7,&,1,&,7,&,1,&,7,&,1,&,7,&,1,&,7,&,1,&,7,&,1,&,7,&,1,&,7,&,31,&,7,&,1,&,7,&,1,&,7,&,1,&,0.581128252465783,&,0.8876294790007268,&,0.5158265679688058
monthly visible minutes:KATL,&,2013,&,15167,&,13989,&,18062,&,17180,&,16834,&,15649,&,12354,&,14122,&,13017,&,10972,&,15011,&,13326,&,
monthly visible minutes:KATL,&,2014,&,15118,&,15607,&,17578,&,17492,&,14580,&,13999,&,14599,&,13088,&,12656,&,13654,&,14293,&,13757,&,
monthly minutes harvester between states:KATL,&,2013,&,1719,&,2049,&,2086,&,2317,&,2884,&,3217,&,2847,&,3285,&,1026,&,2161,&,2103,&,1523,&,
monthly minutes harvester between states:KATL,&,2014,&,1655,&,1953,&,2317,&,1990,&,2908,&,3280,&,3291,&,3598,&,1249,&,1994,&,1927,&,1806,&,
station,&,y_intercept_for_month_1,&,running_average_size_minutes_for_month_1,&,y_intercept_for_month_2,&,running_average_size_minutes_for_month_2,&,y_intercept_for_month_3,&,running_average_size_minutes_for_month_3,&,y_intercept_for_month_4,&,running_average_size_minutes_for_month_4,&,y_intercept_for_month_5,&,running_average_size_minutes_for_month_5,&,y_intercept_for_month_6,&,running_average_size_minutes_for_month_6,&,y_intercept_for_month_7,&,running_average_size_minutes_for_month_7,&,y_intercept_for_month_8,&,running_average_size_minutes_for_month_8,&,y_intercept_for_month_9,&,running_average_size_minutes_for_month_9,&,y_intercept_for_month_10,&,running_average_size_minutes_for_month_10,&,y_intercept_for_month_11,&,running_average_size_minutes_for_month_11,&,y_intercept_for_month_12,&,running_average_size_minutes_for_month_12,&,dNetNorm,&,dMarketBalancePercentage,&,dMarketNetNorm,
results: KATL,&,7,&,31,&,7,&,61,&,7,&,61,&,7,&,31,&,7,&,31,&,7,&,31,&,7,&,31,&,7,&,31,&,7,&,31,&,7,&,61,&,7,&,31,&,7,&,61,&,0.5743113541891856,&,0.9352985776722731,&,0.5371525927141823
monthly visible minutes:KATL,&,2013,&,15167,&,13989,&,18062,&,17180,&,16834,&,15649,&,12354,&,14122,&,13017,&,10972,&,15011,&,13326,&,
monthly visible minutes:KATL,&,2014,&,15118,&,15607,&,17578,&,17492,&,14580,&,13999,&,14599,&,13088,&,12656,&,13654,&,14293,&,13757,&,
monthly minutes harvester between states:KATL,&,2013,&,1719,&,2049,&,2086,&,2317,&,2884,&,3217,&,2847,&,3285,&,1026,&,2161,&,2103,&,1523,&,
monthly minutes harvester between states:KATL,&,2014,&,1655,&,1953,&,2317,&,1990,&,2908,&,3280,&,3291,&,3598,&,1249,&,1994,&,1927,&,1806,&,
Station: KBOS
abc: The current path is /home/guy/retractable-wind
I have found the property file.
The training windspeed filename is /trainingKBOS2004-2012in.csv
The testing windspeed filename is /testingKBOS2013-2014in.csv
Yes, the station is KBOS
Warning: The bAlsoUsePrediction no longer has any effect
iUsedAllItsAllocatedVisibilityMinutesPerMonth: 51234
Visibility Allocation Minutes:51234
HARVESTER_SIZE_SQM is 6362
Reading file
Success: /Wind turbine power curves - wind turbine power output against wind speed in knots.csv found.
Speed (Knots) = Speed(knots) vs power (kW) , Power (kW) =V90
Speed (Knots) = 0 , Power (kW) =0
Speed (Knots) = 1 , Power (kW) =0
Speed (Knots) = 2 , Power (kW) =0
Speed (Knots) = 3 , Power (kW) =0
Speed (Knots) = 4 , Power (kW) =0
Speed (Knots) = 5 , Power (kW) =0
Speed (Knots) = 6 , Power (kW) =0
Speed (Knots) = 7 , Power (kW) =38
Speed (Knots) = 8 , Power (kW) =87
Speed (Knots) = 9 , Power (kW) =141
Speed (Knots) = 10 , Power (kW) =207
Speed (Knots) = 11 , Power (kW) =286
Speed (Knots) = 12 , Power (kW) =382
Speed (Knots) = 13 , Power (kW) =496
Speed (Knots) = 14 , Power (kW) =628
Speed (Knots) = 15 , Power (kW) =781
Speed (Knots) = 16 , Power (kW) =957
Speed (Knots) = 17 , Power (kW) =1153
Speed (Knots) = 18 , Power (kW) =1366
Speed (Knots) = 19 , Power (kW) =1589
Speed (Knots) = 20 , Power (kW) =1814
Speed (Knots) = 21 , Power (kW) =2035
Speed (Knots) = 22 , Power (kW) =2250
Speed (Knots) = 23 , Power (kW) =2452
Speed (Knots) = 24 , Power (kW) =2634
Speed (Knots) = 25 , Power (kW) =2784
Speed (Knots) = 26 , Power (kW) =2888
Speed (Knots) = 27 , Power (kW) =2949
Speed (Knots) = 28 , Power (kW) =2980
Speed (Knots) = 29 , Power (kW) =2993
Speed (Knots) = 30 , Power (kW) =3000
Speed (Knots) = 31 , Power (kW) =3000
Speed (Knots) = 32 , Power (kW) =3000
Speed (Knots) = 33 , Power (kW) =3000
Speed (Knots) = 34 , Power (kW) =3000
Speed (Knots) = 35 , Power (kW) =3000
Speed (Knots) = 36 , Power (kW) =3000
Speed (Knots) = 37 , Power (kW) =3000
Speed (Knots) = 38 , Power (kW) =3000
Speed (Knots) = 39 , Power (kW) =3000
Speed (Knots) = 40 , Power (kW) =3000
Speed (Knots) = 41 , Power (kW) =3000
Speed (Knots) = 42 , Power (kW) =3000
Speed (Knots) = 43 , Power (kW) =3000
Speed (Knots) = 44 , Power (kW) =3000
Speed (Knots) = 45 , Power (kW) =3000
Speed (Knots) = 46 , Power (kW) =3000
Speed (Knots) = 47 , Power (kW) =3000
Speed (Knots) = 48 , Power (kW) =3000
Speed (Knots) = 49 , Power (kW) =0
Speed (Knots) = 50 , Power (kW) =0
Speed (Knots) = 51 , Power (kW) =0
Speed (Knots) = 52 , Power (kW) =0
Speed (Knots) = 53 , Power (kW) =0
Speed (Knots) = 54 , Power (kW) =0
Speed (Knots) = 55 , Power (kW) =0
Speed (Knots) = 56 , Power (kW) =0
Speed (Knots) = 57 , Power (kW) =0
Speed (Knots) = 58 , Power (kW) =0
Speed (Knots) = 59 , Power (kW) =0
Speed (Knots) = 60 , Power (kW) =0
The scale is 1.0
Wind power at 10 knots in kilowatts is 207.0
Wind power in-cut-out test 0.0
Aging
Class name:edu.pitt.cs.people.guy.wind.benchmarks.Aging
Success: /Noise_Allowed_Time_Definitions_All_Stations.csv found.
The station is the record is KBOS
Success: /Noise_Allowed_Time_Definitions_All_Stations.csv found.
The station is the record is KBOS
I have found the membership file for NOT WINDY.
Windspeed (knots) [0,1), Membership Value =1.00000000,1.0
Windspeed (knots) [1,2), Membership Value =0.99999164,0.99999166
Windspeed (knots) [2,3), Membership Value =0.99985340,0.9998534
Windspeed (knots) [3,4), Membership Value =0.99903368,0.9990337
Windspeed (knots) [4,5), Membership Value =0.99619593,0.9961959
Windspeed (knots) [5,6), Membership Value =0.98905971,0.9890597
Windspeed (knots) [6,7), Membership Value =0.97423011,0.9742301
Windspeed (knots) [7,8), Membership Value =0.94819371,0.9481937
Windspeed (knots) [8,9), Membership Value =0.90716984,0.9071698
Windspeed (knots) [9,10), Membership Value =0.85117041,0.8511704
Windspeed (knots) [10,11), Membership Value =0.78185869,0.7818587
Windspeed (knots) [11,12), Membership Value =0.70042207,0.70042205
Windspeed (knots) [12,13), Membership Value =0.61073236,0.6107324
Windspeed (knots) [13,14), Membership Value =0.51685881,0.5168588
Windspeed (knots) [14,15), Membership Value =0.42111941,0.42111942
Windspeed (knots) [15,16), Membership Value =0.32985274,0.32985273
Windspeed (knots) [16,17), Membership Value =0.24340895,0.24340895
Windspeed (knots) [17,18), Membership Value =0.16532034,0.16532034
Windspeed (knots) [18,19), Membership Value =0.09647823,0.09647823
Windspeed (knots) [19,20), Membership Value =0.03608529,0.03608529
Windspeed (knots) [20,21), Membership Value =0.00000000,0.0
Windspeed (knots) [21,22), Membership Value =0.00000000,0.0
Windspeed (knots) [22,23), Membership Value =0.00000000,0.0
Windspeed (knots) [23,24), Membership Value =0.00000000,0.0
Windspeed (knots) [24,25), Membership Value =0.00000000,0.0
Windspeed (knots) [25,26), Membership Value =0.00000000,0.0
Windspeed (knots) [26,27), Membership Value =0.00000000,0.0
Windspeed (knots) [27,28), Membership Value =0.00000000,0.0
Windspeed (knots) [28,29), Membership Value =0.00000000,0.0
Windspeed (knots) [29,30), Membership Value =0.00000000,0.0
Windspeed (knots) [30,31), Membership Value =0.00000000,0.0
Windspeed (knots) [31,32), Membership Value =0.00000000,0.0
Windspeed (knots) [32,33), Membership Value =0.00000000,0.0
Windspeed (knots) [33,34), Membership Value =0.00000000,0.0
Windspeed (knots) [34,35), Membership Value =0.00000000,0.0
Windspeed (knots) [35,36), Membership Value =0.00000000,0.0
Windspeed (knots) [36,37), Membership Value =0.00000000,0.0
Windspeed (knots) [37,38), Membership Value =0.00000000,0.0
Windspeed (knots) [38,39), Membership Value =0.00000000,0.0
Windspeed (knots) [39,40), Membership Value =0.00000000,0.0
Windspeed (knots) [40,41), Membership Value =0.00000000,0.0
Windspeed (knots) [41,42), Membership Value =0.00000000,0.0
Windspeed (knots) [42,43), Membership Value =0.00000000,0.0
Windspeed (knots) [43,44), Membership Value =0.00000000,0.0
Windspeed (knots) [44,45), Membership Value =0.00000000,0.0
Windspeed (knots) [45,46), Membership Value =0.00000000,0.0
Windspeed (knots) [46,47), Membership Value =0.00000000,0.0
Windspeed (knots) [47,48), Membership Value =0.00000000,0.0
Windspeed (knots) [48,49), Membership Value =0.00000000,0.0
Windspeed (knots) [49,50), Membership Value =0.00000000,0.0
Windspeed (knots) [50,51), Membership Value =0.00000000,0.0
Windspeed (knots) [51,52), Membership Value =0.00000000,0.0
Windspeed (knots) [52,53), Membership Value =0.00000000,0.0
Windspeed (knots) [53,54), Membership Value =0.00000000,0.0
Windspeed (knots) [54,55), Membership Value =0.00000000,0.0
Windspeed (knots) [55,56), Membership Value =0.00000000,0.0
Windspeed (knots) [56,57), Membership Value =0.00000000,0.0
Windspeed (knots) [57,58), Membership Value =0.00000000,0.0
Windspeed (knots) [58,59), Membership Value =0.00000000,0.0
Windspeed (knots) [59,60), Membership Value =0.00000000,0.0
Windspeed (knots) [60,61), Membership Value =0.00000000,0.0
Windspeed (knots) [61,62), Membership Value =0.00000000,0.0
Windspeed (knots) [62,63), Membership Value =0.00000000,0.0
Windspeed (knots) [63,64), Membership Value =0.00000000,0.0
Windspeed (knots) [64,65), Membership Value =0.00000000,0.0
Windspeed (knots) [65,66), Membership Value =0.00000000,0.0
Windspeed (knots) [66,67), Membership Value =0.00000000,0.0
Windspeed (knots) [67,68), Membership Value =0.00000000,0.0
Windspeed (knots) [68,69), Membership Value =0.00000000,0.0
Windspeed (knots) [69,70), Membership Value =0.00000000,0.0
Windspeed (knots) [70,71), Membership Value =0.00000000,0.0
Windspeed (knots) [71,72), Membership Value =0.00000000,0.0
Windspeed (knots) [72,73), Membership Value =0.00000000,0.0
Windspeed (knots) [73,74), Membership Value =0.00000000,0.0
Windspeed (knots) [74,75), Membership Value =0.00000000,0.0
Windspeed (knots) [75,76), Membership Value =0.00000000,0.0
Windspeed (knots) [76,77), Membership Value =0.00000000,0.0
Windspeed (knots) [77,78), Membership Value =0.00000000,0.0
Windspeed (knots) [78,79), Membership Value =0.00000000,0.0
Windspeed (knots) [79,80), Membership Value =0.00000000,0.0
Windspeed (knots) [80,81), Membership Value =0.00000000,0.0
Windspeed (knots) [81,82), Membership Value =0.00000000,0.0
Windspeed (knots) [82,83), Membership Value =0.00000000,0.0
Windspeed (knots) [83,84), Membership Value =0.00000000,0.0
Windspeed (knots) [84,85), Membership Value =0.00000000,0.0
Windspeed (knots) [85,86), Membership Value =0.00000000,0.0
Windspeed (knots) [86,87), Membership Value =0.00000000,0.0
Windspeed (knots) [87,88), Membership Value =0.00000000,0.0
Windspeed (knots) [88,89), Membership Value =0.00000000,0.0
Windspeed (knots) [89,90), Membership Value =0.00000000,0.0
Windspeed (knots) [90,91), Membership Value =0.00000000,0.0
Windspeed (knots) [91,92), Membership Value =0.00000000,0.0
Windspeed (knots) [92,93), Membership Value =0.00000000,0.0
Windspeed (knots) [93,94), Membership Value =0.00000000,0.0
Windspeed (knots) [94,95), Membership Value =0.00000000,0.0
Windspeed (knots) [95,96), Membership Value =0.00000000,0.0
Windspeed (knots) [96,97), Membership Value =0.00000000,0.0
Windspeed (knots) [97,98), Membership Value =0.00000000,0.0
Windspeed (knots) [98,99), Membership Value =0.00000000,0.0
Windspeed (knots) [99,100), Membership Value =0.00000000,0.0
Windspeed (knots) [100,101), Membership Value =0.00000000,0.0
Windspeed (knots) [101,102), Membership Value =0.00000000,0.0
Windspeed (knots) [102,103), Membership Value =0.00000000,0.0
Windspeed (knots) [103,104), Membership Value =0.00000000,0.0
Windspeed (knots) [104,105), Membership Value =0.00000000,0.0
Windspeed (knots) [105,106), Membership Value =0.00000000,0.0
Windspeed (knots) [106,107), Membership Value =0.00000000,0.0
Windspeed (knots) [107,108), Membership Value =0.00000000,0.0
Windspeed (knots) [108,109), Membership Value =0.00000000,0.0
Windspeed (knots) [109,110), Membership Value =0.00000000,0.0
Windspeed (knots) [110,111), Membership Value =0.00000000,0.0
Windspeed (knots) [111,112), Membership Value =0.00000000,0.0
Windspeed (knots) [112,113), Membership Value =0.00000000,0.0
Windspeed (knots) [113,114), Membership Value =0.00000000,0.0
Windspeed (knots) [114,115), Membership Value =0.00000000,0.0
Windspeed (knots) [115,116), Membership Value =0.00000000,0.0
Windspeed (knots) [116,117), Membership Value =0.00000000,0.0
Windspeed (knots) [117,118), Membership Value =0.00000000,0.0
Windspeed (knots) [118,119), Membership Value =0.00000000,0.0
Windspeed (knots) [119,120), Membership Value =0.00000000,0.0
Windspeed (knots) [120,121), Membership Value =0.00000000,0.0
Windspeed (knots) [121,122), Membership Value =0.00000000,0.0
Windspeed (knots) [122,123), Membership Value =0.00000000,0.0
Windspeed (knots) [123,124), Membership Value =0.00000000,0.0
Windspeed (knots) [124,125), Membership Value =0.00000000,0.0
LowestWindspeedThatIsWindyKnots for station KBOS is 9 knots.
Transition limited :false
bUseWeatherPrediction: true
The running average is 1
The y-int is 9
Energy harvested: 9350752.02139493
iGeneratingEnergyWhenGridNeedsEnergyMinutes =983635
iGeneratingEnergyWhenGridNeedsEnergyMinutes =983635
iUsingEnergyWhenGridNeedsEnergyMinutes =59348
iGeneratingEnergyWhenGridHasExcessEnergyMinutes = 987
iUsingEnergyWhenGridHasExcessEnergyMinutes = 40
iIdleWhenGridDoesNotNeedEnergyMinutes = 45053
iIdleWhenGridNeedsEnergyMinutes = 3645416
iEnergyPriceIsZeroMinutes = 240
harvester.getEnergyHarvestedAVAILABLEKilowattHours( ): 2.462576615E7
harvester.getEnergyHarvestedKilowattHours(): 9350752.02139493
The y-int is 19
Energy harvested: 837879.3833333333
iGeneratingEnergyWhenGridNeedsEnergyMinutes =21925
iGeneratingEnergyWhenGridNeedsEnergyMinutes =21925
iUsingEnergyWhenGridNeedsEnergyMinutes =1
iGeneratingEnergyWhenGridHasExcessEnergyMinutes = 0
iUsingEnergyWhenGridHasExcessEnergyMinutes = 0
iIdleWhenGridDoesNotNeedEnergyMinutes = 46080
iIdleWhenGridNeedsEnergyMinutes = 4666473
iEnergyPriceIsZeroMinutes = 240
harvester.getEnergyHarvestedAVAILABLEKilowattHours( ): 2.462576615E7
harvester.getEnergyHarvestedKilowattHours(): 837879.3833333333
The y-int is 29
Energy harvested: 26236.9
iGeneratingEnergyWhenGridNeedsEnergyMinutes =525
iGeneratingEnergyWhenGridNeedsEnergyMinutes =525
iUsingEnergyWhenGridNeedsEnergyMinutes =1
iGeneratingEnergyWhenGridHasExcessEnergyMinutes = 0
iUsingEnergyWhenGridHasExcessEnergyMinutes = 0
iIdleWhenGridDoesNotNeedEnergyMinutes = 46080
iIdleWhenGridNeedsEnergyMinutes = 4687873
iEnergyPriceIsZeroMinutes = 240
harvester.getEnergyHarvestedAVAILABLEKilowattHours( ): 2.462576615E7
harvester.getEnergyHarvestedKilowattHours(): 26236.9
The y-int is 39
Energy harvested: 0.0
iGeneratingEnergyWhenGridNeedsEnergyMinutes =0
iGeneratingEnergyWhenGridNeedsEnergyMinutes =0
iUsingEnergyWhenGridNeedsEnergyMinutes =1
iGeneratingEnergyWhenGridHasExcessEnergyMinutes = 0
iUsingEnergyWhenGridHasExcessEnergyMinutes = 0
iIdleWhenGridDoesNotNeedEnergyMinutes = 46080
iIdleWhenGridNeedsEnergyMinutes = 4688398
iEnergyPriceIsZeroMinutes = 240
harvester.getEnergyHarvestedAVAILABLEKilowattHours( ): 2.462576615E7
harvester.getEnergyHarvestedKilowattHours(): 0.0
The running average is 31
The y-int is 9
Energy harvested: 9264902.272781495
iGeneratingEnergyWhenGridNeedsEnergyMinutes =960064
iGeneratingEnergyWhenGridNeedsEnergyMinutes =960064
iUsingEnergyWhenGridNeedsEnergyMinutes =39467
iGeneratingEnergyWhenGridHasExcessEnergyMinutes = 955
iUsingEnergyWhenGridHasExcessEnergyMinutes = 19
iIdleWhenGridDoesNotNeedEnergyMinutes = 45106
iIdleWhenGridNeedsEnergyMinutes = 3688868
iEnergyPriceIsZeroMinutes = 240
harvester.getEnergyHarvestedAVAILABLEKilowattHours( ): 2.462576615E7
harvester.getEnergyHarvestedKilowattHours(): 9264902.272781495
The y-int is 19
Energy harvested: 917110.4463888891
iGeneratingEnergyWhenGridNeedsEnergyMinutes =25704
iGeneratingEnergyWhenGridNeedsEnergyMinutes =25704
iUsingEnergyWhenGridNeedsEnergyMinutes =14
iGeneratingEnergyWhenGridHasExcessEnergyMinutes = 0
iUsingEnergyWhenGridHasExcessEnergyMinutes = 0
iIdleWhenGridDoesNotNeedEnergyMinutes = 46080
iIdleWhenGridNeedsEnergyMinutes = 4662681
iEnergyPriceIsZeroMinutes = 240
harvester.getEnergyHarvestedAVAILABLEKilowattHours( ): 2.462576615E7
harvester.getEnergyHarvestedKilowattHours(): 917110.4463888891
The y-int is 29
Energy harvested: 24255.916666666668
iGeneratingEnergyWhenGridNeedsEnergyMinutes =488
iGeneratingEnergyWhenGridNeedsEnergyMinutes =488
iUsingEnergyWhenGridNeedsEnergyMinutes =1
iGeneratingEnergyWhenGridHasExcessEnergyMinutes = 0
iUsingEnergyWhenGridHasExcessEnergyMinutes = 0
iIdleWhenGridDoesNotNeedEnergyMinutes = 46080
iIdleWhenGridNeedsEnergyMinutes = 4687910
iEnergyPriceIsZeroMinutes = 240
harvester.getEnergyHarvestedAVAILABLEKilowattHours( ): 2.462576615E7
harvester.getEnergyHarvestedKilowattHours(): 24255.916666666668
The y-int is 39
Energy harvested: 0.0
iGeneratingEnergyWhenGridNeedsEnergyMinutes =0
iGeneratingEnergyWhenGridNeedsEnergyMinutes =0
iUsingEnergyWhenGridNeedsEnergyMinutes =1
iGeneratingEnergyWhenGridHasExcessEnergyMinutes = 0
iUsingEnergyWhenGridHasExcessEnergyMinutes = 0
iIdleWhenGridDoesNotNeedEnergyMinutes = 46080
iIdleWhenGridNeedsEnergyMinutes = 4688398
iEnergyPriceIsZeroMinutes = 240
harvester.getEnergyHarvestedAVAILABLEKilowattHours( ): 2.462576615E7
harvester.getEnergyHarvestedKilowattHours(): 0.0
The running average is 61
The y-int is 9
Energy harvested: 9174382.78750341
iGeneratingEnergyWhenGridNeedsEnergyMinutes =934882
iGeneratingEnergyWhenGridNeedsEnergyMinutes =934882
iUsingEnergyWhenGridNeedsEnergyMinutes =36605
iGeneratingEnergyWhenGridHasExcessEnergyMinutes = 953
iUsingEnergyWhenGridHasExcessEnergyMinutes = 19
iIdleWhenGridDoesNotNeedEnergyMinutes = 45108
iIdleWhenGridNeedsEnergyMinutes = 3716912
iEnergyPriceIsZeroMinutes = 240
harvester.getEnergyHarvestedAVAILABLEKilowattHours( ): 2.462576615E7
harvester.getEnergyHarvestedKilowattHours(): 9174382.78750341
The y-int is 19
Energy harvested: 829655.411666667
iGeneratingEnergyWhenGridNeedsEnergyMinutes =23347
iGeneratingEnergyWhenGridNeedsEnergyMinutes =23347
iUsingEnergyWhenGridNeedsEnergyMinutes =17
iGeneratingEnergyWhenGridHasExcessEnergyMinutes = 0
iUsingEnergyWhenGridHasExcessEnergyMinutes = 0
iIdleWhenGridDoesNotNeedEnergyMinutes = 46080
iIdleWhenGridNeedsEnergyMinutes = 4665035
iEnergyPriceIsZeroMinutes = 240
harvester.getEnergyHarvestedAVAILABLEKilowattHours( ): 2.462576615E7
harvester.getEnergyHarvestedKilowattHours(): 829655.411666667
The y-int is 29
Energy harvested: 21908.5
iGeneratingEnergyWhenGridNeedsEnergyMinutes =445
iGeneratingEnergyWhenGridNeedsEnergyMinutes =445
iUsingEnergyWhenGridNeedsEnergyMinutes =1
iGeneratingEnergyWhenGridHasExcessEnergyMinutes = 0
iUsingEnergyWhenGridHasExcessEnergyMinutes = 0
iIdleWhenGridDoesNotNeedEnergyMinutes = 46080
iIdleWhenGridNeedsEnergyMinutes = 4687953
iEnergyPriceIsZeroMinutes = 240
harvester.getEnergyHarvestedAVAILABLEKilowattHours( ): 2.462576615E7
harvester.getEnergyHarvestedKilowattHours(): 21908.5
The y-int is 39
Energy harvested: 0.0
iGeneratingEnergyWhenGridNeedsEnergyMinutes =0
iGeneratingEnergyWhenGridNeedsEnergyMinutes =0
iUsingEnergyWhenGridNeedsEnergyMinutes =1
iGeneratingEnergyWhenGridHasExcessEnergyMinutes = 0
iUsingEnergyWhenGridHasExcessEnergyMinutes = 0
iIdleWhenGridDoesNotNeedEnergyMinutes = 46080
iIdleWhenGridNeedsEnergyMinutes = 4688398
iEnergyPriceIsZeroMinutes = 240
harvester.getEnergyHarvestedAVAILABLEKilowattHours( ): 2.462576615E7
harvester.getEnergyHarvestedKilowattHours(): 0.0
The running average is 91
The y-int is 9
Energy harvested: 9084179.407781022
iGeneratingEnergyWhenGridNeedsEnergyMinutes =909885
iGeneratingEnergyWhenGridNeedsEnergyMinutes =909885
iUsingEnergyWhenGridNeedsEnergyMinutes =34523
iGeneratingEnergyWhenGridHasExcessEnergyMinutes = 929
iUsingEnergyWhenGridHasExcessEnergyMinutes = 28
iIdleWhenGridDoesNotNeedEnergyMinutes = 45123
iIdleWhenGridNeedsEnergyMinutes = 3743991
iEnergyPriceIsZeroMinutes = 240
harvester.getEnergyHarvestedAVAILABLEKilowattHours( ): 2.462576615E7
harvester.getEnergyHarvestedKilowattHours(): 9084179.407781022
The y-int is 19
Energy harvested: 763093.3305555558
iGeneratingEnergyWhenGridNeedsEnergyMinutes =21446
iGeneratingEnergyWhenGridNeedsEnergyMinutes =21446
iUsingEnergyWhenGridNeedsEnergyMinutes =11
iGeneratingEnergyWhenGridHasExcessEnergyMinutes = 0
iUsingEnergyWhenGridHasExcessEnergyMinutes = 0
iIdleWhenGridDoesNotNeedEnergyMinutes = 46080
iIdleWhenGridNeedsEnergyMinutes = 4666942
iEnergyPriceIsZeroMinutes = 240
harvester.getEnergyHarvestedAVAILABLEKilowattHours( ): 2.462576615E7
harvester.getEnergyHarvestedKilowattHours(): 763093.3305555558
The y-int is 29
Energy harvested: 19597.833333333332
iGeneratingEnergyWhenGridNeedsEnergyMinutes =399
iGeneratingEnergyWhenGridNeedsEnergyMinutes =399
iUsingEnergyWhenGridNeedsEnergyMinutes =1
iGeneratingEnergyWhenGridHasExcessEnergyMinutes = 0
iUsingEnergyWhenGridHasExcessEnergyMinutes = 0
iIdleWhenGridDoesNotNeedEnergyMinutes = 46080
iIdleWhenGridNeedsEnergyMinutes = 4687999
iEnergyPriceIsZeroMinutes = 240
harvester.getEnergyHarvestedAVAILABLEKilowattHours( ): 2.462576615E7
harvester.getEnergyHarvestedKilowattHours(): 19597.833333333332
The y-int is 39
Energy harvested: 0.0
iGeneratingEnergyWhenGridNeedsEnergyMinutes =0
iGeneratingEnergyWhenGridNeedsEnergyMinutes =0
iUsingEnergyWhenGridNeedsEnergyMinutes =1
iGeneratingEnergyWhenGridHasExcessEnergyMinutes = 0
iUsingEnergyWhenGridHasExcessEnergyMinutes = 0
iIdleWhenGridDoesNotNeedEnergyMinutes = 46080
iIdleWhenGridNeedsEnergyMinutes = 4688398
iEnergyPriceIsZeroMinutes = 240
harvester.getEnergyHarvestedAVAILABLEKilowattHours( ): 2.462576615E7
harvester.getEnergyHarvestedKilowattHours(): 0.0
The running average is 121
The y-int is 9
Energy harvested: 8996949.11583634
iGeneratingEnergyWhenGridNeedsEnergyMinutes =889421
iGeneratingEnergyWhenGridNeedsEnergyMinutes =889421
iUsingEnergyWhenGridNeedsEnergyMinutes =33358
iGeneratingEnergyWhenGridHasExcessEnergyMinutes = 892
iUsingEnergyWhenGridHasExcessEnergyMinutes = 19
iIdleWhenGridDoesNotNeedEnergyMinutes = 45169
iIdleWhenGridNeedsEnergyMinutes = 3765620
iEnergyPriceIsZeroMinutes = 240
harvester.getEnergyHarvestedAVAILABLEKilowattHours( ): 2.462576615E7
harvester.getEnergyHarvestedKilowattHours(): 8996949.11583634
The y-int is 19
Energy harvested: 712894.3658333333
iGeneratingEnergyWhenGridNeedsEnergyMinutes =20177
iGeneratingEnergyWhenGridNeedsEnergyMinutes =20177
iUsingEnergyWhenGridNeedsEnergyMinutes =4
iGeneratingEnergyWhenGridHasExcessEnergyMinutes = 0
iUsingEnergyWhenGridHasExcessEnergyMinutes = 0
iIdleWhenGridDoesNotNeedEnergyMinutes = 46080
iIdleWhenGridNeedsEnergyMinutes = 4668218
iEnergyPriceIsZeroMinutes = 240
harvester.getEnergyHarvestedAVAILABLEKilowattHours( ): 2.462576615E7
harvester.getEnergyHarvestedKilowattHours(): 712894.3658333333
The y-int is 29
Energy harvested: 16250.0
iGeneratingEnergyWhenGridNeedsEnergyMinutes =325
iGeneratingEnergyWhenGridNeedsEnergyMinutes =325
iUsingEnergyWhenGridNeedsEnergyMinutes =1
iGeneratingEnergyWhenGridHasExcessEnergyMinutes = 0
iUsingEnergyWhenGridHasExcessEnergyMinutes = 0
iIdleWhenGridDoesNotNeedEnergyMinutes = 46080
iIdleWhenGridNeedsEnergyMinutes = 4688073
iEnergyPriceIsZeroMinutes = 240
harvester.getEnergyHarvestedAVAILABLEKilowattHours( ): 2.462576615E7
harvester.getEnergyHarvestedKilowattHours(): 16250.0
The y-int is 39
Energy harvested: 0.0
iGeneratingEnergyWhenGridNeedsEnergyMinutes =0
iGeneratingEnergyWhenGridNeedsEnergyMinutes =0
iUsingEnergyWhenGridNeedsEnergyMinutes =1
iGeneratingEnergyWhenGridHasExcessEnergyMinutes = 0
iUsingEnergyWhenGridHasExcessEnergyMinutes = 0
iIdleWhenGridDoesNotNeedEnergyMinutes = 46080
iIdleWhenGridNeedsEnergyMinutes = 4688398
iEnergyPriceIsZeroMinutes = 240
harvester.getEnergyHarvestedAVAILABLEKilowattHours( ): 2.462576615E7
harvester.getEnergyHarvestedKilowattHours(): 0.0
Beginning testing mode:
station,&,y_intercept_for_month_1,&,running_average_size_minutes_for_month_1,&,y_intercept_for_month_2,&,running_average_size_minutes_for_month_2,&,y_intercept_for_month_3,&,running_average_size_minutes_for_month_3,&,y_intercept_for_month_4,&,running_average_size_minutes_for_month_4,&,y_intercept_for_month_5,&,running_average_size_minutes_for_month_5,&,y_intercept_for_month_6,&,running_average_size_minutes_for_month_6,&,y_intercept_for_month_7,&,running_average_size_minutes_for_month_7,&,y_intercept_for_month_8,&,running_average_size_minutes_for_month_8,&,y_intercept_for_month_9,&,running_average_size_minutes_for_month_9,&,y_intercept_for_month_10,&,running_average_size_minutes_for_month_10,&,y_intercept_for_month_11,&,running_average_size_minutes_for_month_11,&,y_intercept_for_month_12,&,running_average_size_minutes_for_month_12,&,dNetNorm,&,dMarketBalancePercentage,&,dMarketNetNorm,
results: KBOS,&,9,&,1,&,9,&,1,&,9,&,1,&,9,&,1,&,9,&,1,&,9,&,1,&,9,&,1,&,9,&,31,&,9,&,1,&,9,&,1,&,9,&,1,&,9,&,1,&,0.3937470879255709,&,0.9298239182765742,&,0.3661154601049451
monthly visible minutes:KBOS,&,2013,&,11131,&,9137,&,11965,&,12557,&,10446,&,8729,&,10831,&,8956,&,10557,&,10661,&,11487,&,10668,&,
monthly visible minutes:KBOS,&,2014,&,12177,&,10761,&,11565,&,13464,&,12107,&,12163,&,12272,&,9735,&,12961,&,14268,&,11340,&,14193,&,
monthly minutes harvester between states:KBOS,&,2013,&,1162,&,1012,&,1320,&,1480,&,1177,&,1223,&,1651,&,798,&,1135,&,1258,&,1026,&,1289,&,
monthly minutes harvester between states:KBOS,&,2014,&,937,&,878,&,1239,&,1081,&,1325,&,1179,&,1764,&,912,&,1398,&,912,&,1179,&,950,&,
station,&,y_intercept_for_month_1,&,running_average_size_minutes_for_month_1,&,y_intercept_for_month_2,&,running_average_size_minutes_for_month_2,&,y_intercept_for_month_3,&,running_average_size_minutes_for_month_3,&,y_intercept_for_month_4,&,running_average_size_minutes_for_month_4,&,y_intercept_for_month_5,&,running_average_size_minutes_for_month_5,&,y_intercept_for_month_6,&,running_average_size_minutes_for_month_6,&,y_intercept_for_month_7,&,running_average_size_minutes_for_month_7,&,y_intercept_for_month_8,&,running_average_size_minutes_for_month_8,&,y_intercept_for_month_9,&,running_average_size_minutes_for_month_9,&,y_intercept_for_month_10,&,running_average_size_minutes_for_month_10,&,y_intercept_for_month_11,&,running_average_size_minutes_for_month_11,&,y_intercept_for_month_12,&,running_average_size_minutes_for_month_12,&,dNetNorm,&,dMarketBalancePercentage,&,dMarketNetNorm,
results: KBOS,&,9,&,1,&,9,&,31,&,9,&,31,&,9,&,61,&,9,&,1,&,9,&,61,&,9,&,1,&,9,&,31,&,9,&,31,&,9,&,61,&,9,&,31,&,9,&,31,&,0.3859072359385459,&,0.9388980880126785,&,0.3623275659729584
monthly visible minutes:KBOS,&,2013,&,11131,&,9137,&,11965,&,12557,&,10446,&,8729,&,10831,&,8956,&,10557,&,10661,&,11487,&,10668,&,
monthly visible minutes:KBOS,&,2014,&,12177,&,10761,&,11565,&,13464,&,12107,&,12163,&,12272,&,9735,&,12961,&,14268,&,11340,&,14193,&,
monthly minutes harvester between states:KBOS,&,2013,&,1162,&,1012,&,1320,&,1480,&,1177,&,1223,&,1651,&,798,&,1135,&,1258,&,1026,&,1289,&,
monthly minutes harvester between states:KBOS,&,2014,&,937,&,878,&,1239,&,1081,&,1325,&,1179,&,1764,&,912,&,1398,&,912,&,1179,&,950,&,
Station: KBWI
abc: The current path is /home/guy/retractable-wind
I have found the property file.
The training windspeed filename is /trainingKBWI2004-2012in.csv
The testing windspeed filename is /testingKBWI2013-2014in.csv
Yes, the station is KBWI
Warning: The bAlsoUsePrediction no longer has any effect
iUsedAllItsAllocatedVisibilityMinutesPerMonth: 51234
Visibility Allocation Minutes:51234
HARVESTER_SIZE_SQM is 6362
Reading file
Success: /Wind turbine power curves - wind turbine power output against wind speed in knots.csv found.
Speed (Knots) = Speed(knots) vs power (kW) , Power (kW) =V90
Speed (Knots) = 0 , Power (kW) =0
Speed (Knots) = 1 , Power (kW) =0
Speed (Knots) = 2 , Power (kW) =0
Speed (Knots) = 3 , Power (kW) =0
Speed (Knots) = 4 , Power (kW) =0
Speed (Knots) = 5 , Power (kW) =0
Speed (Knots) = 6 , Power (kW) =0
Speed (Knots) = 7 , Power (kW) =38
Speed (Knots) = 8 , Power (kW) =87
Speed (Knots) = 9 , Power (kW) =141
Speed (Knots) = 10 , Power (kW) =207
Speed (Knots) = 11 , Power (kW) =286
Speed (Knots) = 12 , Power (kW) =382
Speed (Knots) = 13 , Power (kW) =496
Speed (Knots) = 14 , Power (kW) =628
Speed (Knots) = 15 , Power (kW) =781
Speed (Knots) = 16 , Power (kW) =957
Speed (Knots) = 17 , Power (kW) =1153
Speed (Knots) = 18 , Power (kW) =1366
Speed (Knots) = 19 , Power (kW) =1589
Speed (Knots) = 20 , Power (kW) =1814
Speed (Knots) = 21 , Power (kW) =2035
Speed (Knots) = 22 , Power (kW) =2250
Speed (Knots) = 23 , Power (kW) =2452
Speed (Knots) = 24 , Power (kW) =2634
Speed (Knots) = 25 , Power (kW) =2784
Speed (Knots) = 26 , Power (kW) =2888
Speed (Knots) = 27 , Power (kW) =2949
Speed (Knots) = 28 , Power (kW) =2980
Speed (Knots) = 29 , Power (kW) =2993
Speed (Knots) = 30 , Power (kW) =3000
Speed (Knots) = 31 , Power (kW) =3000
Speed (Knots) = 32 , Power (kW) =3000
Speed (Knots) = 33 , Power (kW) =3000
Speed (Knots) = 34 , Power (kW) =3000
Speed (Knots) = 35 , Power (kW) =3000
Speed (Knots) = 36 , Power (kW) =3000
Speed (Knots) = 37 , Power (kW) =3000
Speed (Knots) = 38 , Power (kW) =3000
Speed (Knots) = 39 , Power (kW) =3000
Speed (Knots) = 40 , Power (kW) =3000
Speed (Knots) = 41 , Power (kW) =3000
Speed (Knots) = 42 , Power (kW) =3000
Speed (Knots) = 43 , Power (kW) =3000
Speed (Knots) = 44 , Power (kW) =3000
Speed (Knots) = 45 , Power (kW) =3000
Speed (Knots) = 46 , Power (kW) =3000
Speed (Knots) = 47 , Power (kW) =3000
Speed (Knots) = 48 , Power (kW) =3000
Speed (Knots) = 49 , Power (kW) =0
Speed (Knots) = 50 , Power (kW) =0
Speed (Knots) = 51 , Power (kW) =0
Speed (Knots) = 52 , Power (kW) =0
Speed (Knots) = 53 , Power (kW) =0
Speed (Knots) = 54 , Power (kW) =0
Speed (Knots) = 55 , Power (kW) =0
Speed (Knots) = 56 , Power (kW) =0
Speed (Knots) = 57 , Power (kW) =0
Speed (Knots) = 58 , Power (kW) =0
Speed (Knots) = 59 , Power (kW) =0
Speed (Knots) = 60 , Power (kW) =0
The scale is 1.0
Wind power at 10 knots in kilowatts is 207.0
Wind power in-cut-out test 0.0
Aging
Class name:edu.pitt.cs.people.guy.wind.benchmarks.Aging
Success: /Noise_Allowed_Time_Definitions_All_Stations.csv found.
The station is the record is KBWI
Success: /Noise_Allowed_Time_Definitions_All_Stations.csv found.
The station is the record is KBWI
I have found the membership file for NOT WINDY.
Windspeed (knots) [0,1), Membership Value =1.0000000,1.0
Windspeed (knots) [1,2), Membership Value =0.9998161,0.9998161
Windspeed (knots) [2,3), Membership Value =0.9978543,0.9978543
Windspeed (knots) [3,4), Membership Value =0.9910165,0.9910165
Windspeed (knots) [4,5), Membership Value =0.9758631,0.9758631
Windspeed (knots) [5,6), Membership Value =0.9478741,0.9478741
Windspeed (knots) [6,7), Membership Value =0.9047102,0.9047102
Windspeed (knots) [7,8), Membership Value =0.8444605,0.8444605
Windspeed (knots) [8,9), Membership Value =0.7707480,0.770748
Windspeed (knots) [9,10), Membership Value =0.6887862,0.6887862
Windspeed (knots) [10,11), Membership Value =0.6022681,0.6022681
Windspeed (knots) [11,12), Membership Value =0.5149279,0.5149279
Windspeed (knots) [12,13), Membership Value =0.4278791,0.4278791
Windspeed (knots) [13,14), Membership Value =0.3435245,0.3435245
Windspeed (knots) [14,15), Membership Value =0.2628425,0.2628425
Windspeed (knots) [15,16), Membership Value =0.1871031,0.1871031
Windspeed (knots) [16,17), Membership Value =0.1167085,0.1167085
Windspeed (knots) [17,18), Membership Value =0.0533077,0.0533077
Windspeed (knots) [18,19), Membership Value =0.0000000,0.0
Windspeed (knots) [19,20), Membership Value =0.0000000,0.0
Windspeed (knots) [20,21), Membership Value =0.0000000,0.0
Windspeed (knots) [21,22), Membership Value =0.0000000,0.0
Windspeed (knots) [22,23), Membership Value =0.0000000,0.0
Windspeed (knots) [23,24), Membership Value =0.0000000,0.0
Windspeed (knots) [24,25), Membership Value =0.0000000,0.0
Windspeed (knots) [25,26), Membership Value =0.0000000,0.0
Windspeed (knots) [26,27), Membership Value =0.0000000,0.0
Windspeed (knots) [27,28), Membership Value =0.0000000,0.0
Windspeed (knots) [28,29), Membership Value =0.0000000,0.0
Windspeed (knots) [29,30), Membership Value =0.0000000,0.0
Windspeed (knots) [30,31), Membership Value =0.0000000,0.0
Windspeed (knots) [31,32), Membership Value =0.0000000,0.0
Windspeed (knots) [32,33), Membership Value =0.0000000,0.0
Windspeed (knots) [33,34), Membership Value =0.0000000,0.0
Windspeed (knots) [34,35), Membership Value =0.0000000,0.0
Windspeed (knots) [35,36), Membership Value =0.0000000,0.0
Windspeed (knots) [36,37), Membership Value =0.0000000,0.0
Windspeed (knots) [37,38), Membership Value =0.0000000,0.0
Windspeed (knots) [38,39), Membership Value =0.0000000,0.0
Windspeed (knots) [39,40), Membership Value =0.0000000,0.0
Windspeed (knots) [40,41), Membership Value =0.0000000,0.0
Windspeed (knots) [41,42), Membership Value =0.0000000,0.0
Windspeed (knots) [42,43), Membership Value =0.0000000,0.0
Windspeed (knots) [43,44), Membership Value =0.0000000,0.0
Windspeed (knots) [44,45), Membership Value =0.0000000,0.0
Windspeed (knots) [45,46), Membership Value =0.0000000,0.0
Windspeed (knots) [46,47), Membership Value =0.0000000,0.0
Windspeed (knots) [47,48), Membership Value =0.0000000,0.0
Windspeed (knots) [48,49), Membership Value =0.0000000,0.0
Windspeed (knots) [49,50), Membership Value =0.0000000,0.0
Windspeed (knots) [50,51), Membership Value =0.0000000,0.0
Windspeed (knots) [51,52), Membership Value =0.0000000,0.0
Windspeed (knots) [52,53), Membership Value =0.0000000,0.0
Windspeed (knots) [53,54), Membership Value =0.0000000,0.0
Windspeed (knots) [54,55), Membership Value =0.0000000,0.0
Windspeed (knots) [55,56), Membership Value =0.0000000,0.0
Windspeed (knots) [56,57), Membership Value =0.0000000,0.0
Windspeed (knots) [57,58), Membership Value =0.0000000,0.0
Windspeed (knots) [58,59), Membership Value =0.0000000,0.0
Windspeed (knots) [59,60), Membership Value =0.0000000,0.0
Windspeed (knots) [60,61), Membership Value =0.0000000,0.0
Windspeed (knots) [61,62), Membership Value =0.0000000,0.0
Windspeed (knots) [62,63), Membership Value =0.0000000,0.0
Windspeed (knots) [63,64), Membership Value =0.0000000,0.0
Windspeed (knots) [64,65), Membership Value =0.0000000,0.0
Windspeed (knots) [65,66), Membership Value =0.0000000,0.0
Windspeed (knots) [66,67), Membership Value =0.0000000,0.0
Windspeed (knots) [67,68), Membership Value =0.0000000,0.0
Windspeed (knots) [68,69), Membership Value =0.0000000,0.0
Windspeed (knots) [69,70), Membership Value =0.0000000,0.0
Windspeed (knots) [70,71), Membership Value =0.0000000,0.0
Windspeed (knots) [71,72), Membership Value =0.0000000,0.0
Windspeed (knots) [72,73), Membership Value =0.0000000,0.0
Windspeed (knots) [73,74), Membership Value =0.0000000,0.0
Windspeed (knots) [74,75), Membership Value =0.0000000,0.0
Windspeed (knots) [75,76), Membership Value =0.0000000,0.0
Windspeed (knots) [76,77), Membership Value =0.0000000,0.0
Windspeed (knots) [77,78), Membership Value =0.0000000,0.0
Windspeed (knots) [78,79), Membership Value =0.0000000,0.0
Windspeed (knots) [79,80), Membership Value =0.0000000,0.0
Windspeed (knots) [80,81), Membership Value =0.0000000,0.0
Windspeed (knots) [81,82), Membership Value =0.0000000,0.0
Windspeed (knots) [82,83), Membership Value =0.0000000,0.0
Windspeed (knots) [83,84), Membership Value =0.0000000,0.0
Windspeed (knots) [84,85), Membership Value =0.0000000,0.0
Windspeed (knots) [85,86), Membership Value =0.0000000,0.0
Windspeed (knots) [86,87), Membership Value =0.0000000,0.0
Windspeed (knots) [87,88), Membership Value =0.0000000,0.0
Windspeed (knots) [88,89), Membership Value =0.0000000,0.0
Windspeed (knots) [89,90), Membership Value =0.0000000,0.0
Windspeed (knots) [90,91), Membership Value =0.0000000,0.0
Windspeed (knots) [91,92), Membership Value =0.0000000,0.0
Windspeed (knots) [92,93), Membership Value =0.0000000,0.0
Windspeed (knots) [93,94), Membership Value =0.0000000,0.0
Windspeed (knots) [94,95), Membership Value =0.0000000,0.0
Windspeed (knots) [95,96), Membership Value =0.0000000,0.0
Windspeed (knots) [96,97), Membership Value =0.0000000,0.0
Windspeed (knots) [97,98), Membership Value =0.0000000,0.0
Windspeed (knots) [98,99), Membership Value =0.0000000,0.0
Windspeed (knots) [99,100), Membership Value =0.0000000,0.0
Windspeed (knots) [100,101), Membership Value =0.0000000,0.0
Windspeed (knots) [101,102), Membership Value =0.0000000,0.0
Windspeed (knots) [102,103), Membership Value =0.0000000,0.0
Windspeed (knots) [103,104), Membership Value =0.0000000,0.0
Windspeed (knots) [104,105), Membership Value =0.0000000,0.0
Windspeed (knots) [105,106), Membership Value =0.0000000,0.0
Windspeed (knots) [106,107), Membership Value =0.0000000,0.0
Windspeed (knots) [107,108), Membership Value =0.0000000,0.0
Windspeed (knots) [108,109), Membership Value =0.0000000,0.0
Windspeed (knots) [109,110), Membership Value =0.0000000,0.0
Windspeed (knots) [110,111), Membership Value =0.0000000,0.0
Windspeed (knots) [111,112), Membership Value =0.0000000,0.0
Windspeed (knots) [112,113), Membership Value =0.0000000,0.0
Windspeed (knots) [113,114), Membership Value =0.0000000,0.0
Windspeed (knots) [114,115), Membership Value =0.0000000,0.0
Windspeed (knots) [115,116), Membership Value =0.0000000,0.0
Windspeed (knots) [116,117), Membership Value =0.0000000,0.0
Windspeed (knots) [117,118), Membership Value =0.0000000,0.0
Windspeed (knots) [118,119), Membership Value =0.0000000,0.0
Windspeed (knots) [119,120), Membership Value =0.0000000,0.0
Windspeed (knots) [120,121), Membership Value =0.0000000,0.0
Windspeed (knots) [121,122), Membership Value =0.0000000,0.0
Windspeed (knots) [122,123), Membership Value =0.0000000,0.0
Windspeed (knots) [123,124), Membership Value =0.0000000,0.0
Windspeed (knots) [124,125), Membership Value =0.0000000,0.0
LowestWindspeedThatIsWindyKnots for station KBWI is 7 knots.
Transition limited :false
bUseWeatherPrediction: true
The running average is 1
The y-int is 7
Energy harvested: 6092227.20500045
iGeneratingEnergyWhenGridNeedsEnergyMinutes =1062896
iGeneratingEnergyWhenGridNeedsEnergyMinutes =1062896
iUsingEnergyWhenGridNeedsEnergyMinutes =125547
iGeneratingEnergyWhenGridHasExcessEnergyMinutes = 1840
iUsingEnergyWhenGridHasExcessEnergyMinutes = 203
iIdleWhenGridDoesNotNeedEnergyMinutes = 44037
iIdleWhenGridNeedsEnergyMinutes = 3498737
iEnergyPriceIsZeroMinutes = 240
harvester.getEnergyHarvestedAVAILABLEKilowattHours( ): 8529008.366666667
harvester.getEnergyHarvestedKilowattHours(): 6092227.20500045
The y-int is 17
Energy harvested: 586140.1883333357
iGeneratingEnergyWhenGridNeedsEnergyMinutes =18714
iGeneratingEnergyWhenGridNeedsEnergyMinutes =18714
iUsingEnergyWhenGridNeedsEnergyMinutes =323
iGeneratingEnergyWhenGridHasExcessEnergyMinutes = 38
iUsingEnergyWhenGridHasExcessEnergyMinutes = 1
iIdleWhenGridDoesNotNeedEnergyMinutes = 46041
iIdleWhenGridNeedsEnergyMinutes = 4668143
iEnergyPriceIsZeroMinutes = 240
harvester.getEnergyHarvestedAVAILABLEKilowattHours( ): 8529008.366666667
harvester.getEnergyHarvestedKilowattHours(): 586140.1883333357
The y-int is 27
Energy harvested: 7043.633333333333
iGeneratingEnergyWhenGridNeedsEnergyMinutes =142
iGeneratingEnergyWhenGridNeedsEnergyMinutes =142
iUsingEnergyWhenGridNeedsEnergyMinutes =1
iGeneratingEnergyWhenGridHasExcessEnergyMinutes = 0
iUsingEnergyWhenGridHasExcessEnergyMinutes = 0
iIdleWhenGridDoesNotNeedEnergyMinutes = 46080
iIdleWhenGridNeedsEnergyMinutes = 4687037
iEnergyPriceIsZeroMinutes = 240
harvester.getEnergyHarvestedAVAILABLEKilowattHours( ): 8529008.366666667
harvester.getEnergyHarvestedKilowattHours(): 7043.633333333333
The y-int is 37
Energy harvested: 0.0
iGeneratingEnergyWhenGridNeedsEnergyMinutes =0
iGeneratingEnergyWhenGridNeedsEnergyMinutes =0
iUsingEnergyWhenGridNeedsEnergyMinutes =1
iGeneratingEnergyWhenGridHasExcessEnergyMinutes = 0
iUsingEnergyWhenGridHasExcessEnergyMinutes = 0
iIdleWhenGridDoesNotNeedEnergyMinutes = 46080
iIdleWhenGridNeedsEnergyMinutes = 4687179
iEnergyPriceIsZeroMinutes = 240
harvester.getEnergyHarvestedAVAILABLEKilowattHours( ): 8529008.366666667
harvester.getEnergyHarvestedKilowattHours(): 0.0
The running average is 31
The y-int is 7
Energy harvested: 6029214.811666566
iGeneratingEnergyWhenGridNeedsEnergyMinutes =1027737
iGeneratingEnergyWhenGridNeedsEnergyMinutes =1027737
iUsingEnergyWhenGridNeedsEnergyMinutes =59107
iGeneratingEnergyWhenGridHasExcessEnergyMinutes = 1856
iUsingEnergyWhenGridHasExcessEnergyMinutes = 79
iIdleWhenGridDoesNotNeedEnergyMinutes = 44145
iIdleWhenGridNeedsEnergyMinutes = 3600336
iEnergyPriceIsZeroMinutes = 240
harvester.getEnergyHarvestedAVAILABLEKilowattHours( ): 8529008.366666667
harvester.getEnergyHarvestedKilowattHours(): 6029214.811666566
The y-int is 17
Energy harvested: 654902.529166668
iGeneratingEnergyWhenGridNeedsEnergyMinutes =23643
iGeneratingEnergyWhenGridNeedsEnergyMinutes =23643
iUsingEnergyWhenGridNeedsEnergyMinutes =127
iGeneratingEnergyWhenGridHasExcessEnergyMinutes = 60
iUsingEnergyWhenGridHasExcessEnergyMinutes = 2
iIdleWhenGridDoesNotNeedEnergyMinutes = 46018
iIdleWhenGridNeedsEnergyMinutes = 4663410
iEnergyPriceIsZeroMinutes = 240
harvester.getEnergyHarvestedAVAILABLEKilowattHours( ): 8529008.366666667
harvester.getEnergyHarvestedKilowattHours(): 654902.529166668
The y-int is 27
Energy harvested: 8913.35
iGeneratingEnergyWhenGridNeedsEnergyMinutes =189
iGeneratingEnergyWhenGridNeedsEnergyMinutes =189
iUsingEnergyWhenGridNeedsEnergyMinutes =1
iGeneratingEnergyWhenGridHasExcessEnergyMinutes = 0
iUsingEnergyWhenGridHasExcessEnergyMinutes = 0
iIdleWhenGridDoesNotNeedEnergyMinutes = 46080
iIdleWhenGridNeedsEnergyMinutes = 4686990
iEnergyPriceIsZeroMinutes = 240
harvester.getEnergyHarvestedAVAILABLEKilowattHours( ): 8529008.366666667
harvester.getEnergyHarvestedKilowattHours(): 8913.35
The y-int is 37
Energy harvested: 0.0
iGeneratingEnergyWhenGridNeedsEnergyMinutes =0
iGeneratingEnergyWhenGridNeedsEnergyMinutes =0
iUsingEnergyWhenGridNeedsEnergyMinutes =1
iGeneratingEnergyWhenGridHasExcessEnergyMinutes = 0
iUsingEnergyWhenGridHasExcessEnergyMinutes = 0
iIdleWhenGridDoesNotNeedEnergyMinutes = 46080
iIdleWhenGridNeedsEnergyMinutes = 4687179
iEnergyPriceIsZeroMinutes = 240
harvester.getEnergyHarvestedAVAILABLEKilowattHours( ): 8529008.366666667
harvester.getEnergyHarvestedKilowattHours(): 0.0
The running average is 61
The y-int is 7
Energy harvested: 5962172.304166321
iGeneratingEnergyWhenGridNeedsEnergyMinutes =995421
iGeneratingEnergyWhenGridNeedsEnergyMinutes =995421
iUsingEnergyWhenGridNeedsEnergyMinutes =52249
iGeneratingEnergyWhenGridHasExcessEnergyMinutes = 1880
iUsingEnergyWhenGridHasExcessEnergyMinutes = 56
iIdleWhenGridDoesNotNeedEnergyMinutes = 44144
iIdleWhenGridNeedsEnergyMinutes = 3639510
iEnergyPriceIsZeroMinutes = 240
harvester.getEnergyHarvestedAVAILABLEKilowattHours( ): 8529008.366666667
harvester.getEnergyHarvestedKilowattHours(): 5962172.304166321
The y-int is 17
Energy harvested: 623468.7391666676
iGeneratingEnergyWhenGridNeedsEnergyMinutes =23327
iGeneratingEnergyWhenGridNeedsEnergyMinutes =23327
iUsingEnergyWhenGridNeedsEnergyMinutes =80
iGeneratingEnergyWhenGridHasExcessEnergyMinutes = 30
iUsingEnergyWhenGridHasExcessEnergyMinutes = 12
iIdleWhenGridDoesNotNeedEnergyMinutes = 46038
iIdleWhenGridNeedsEnergyMinutes = 4663773
iEnergyPriceIsZeroMinutes = 240
harvester.getEnergyHarvestedAVAILABLEKilowattHours( ): 8529008.366666667
harvester.getEnergyHarvestedKilowattHours(): 623468.7391666676
The y-int is 27
Energy harvested: 6724.133333333333
iGeneratingEnergyWhenGridNeedsEnergyMinutes =143
iGeneratingEnergyWhenGridNeedsEnergyMinutes =143
iUsingEnergyWhenGridNeedsEnergyMinutes =1
iGeneratingEnergyWhenGridHasExcessEnergyMinutes = 0
iUsingEnergyWhenGridHasExcessEnergyMinutes = 0
iIdleWhenGridDoesNotNeedEnergyMinutes = 46080
iIdleWhenGridNeedsEnergyMinutes = 4687036
iEnergyPriceIsZeroMinutes = 240
harvester.getEnergyHarvestedAVAILABLEKilowattHours( ): 8529008.366666667
harvester.getEnergyHarvestedKilowattHours(): 6724.133333333333
The y-int is 37
Energy harvested: 0.0
iGeneratingEnergyWhenGridNeedsEnergyMinutes =0
iGeneratingEnergyWhenGridNeedsEnergyMinutes =0
iUsingEnergyWhenGridNeedsEnergyMinutes =1
iGeneratingEnergyWhenGridHasExcessEnergyMinutes = 0
iUsingEnergyWhenGridHasExcessEnergyMinutes = 0
iIdleWhenGridDoesNotNeedEnergyMinutes = 46080
iIdleWhenGridNeedsEnergyMinutes = 4687179
iEnergyPriceIsZeroMinutes = 240
harvester.getEnergyHarvestedAVAILABLEKilowattHours( ): 8529008.366666667
harvester.getEnergyHarvestedKilowattHours(): 0.0
The running average is 91
The y-int is 7
Energy harvested: 5897865.5561102545
iGeneratingEnergyWhenGridNeedsEnergyMinutes =967194
iGeneratingEnergyWhenGridNeedsEnergyMinutes =967194
iUsingEnergyWhenGridNeedsEnergyMinutes =48815
iGeneratingEnergyWhenGridHasExcessEnergyMinutes = 1863
iUsingEnergyWhenGridHasExcessEnergyMinutes = 55
iIdleWhenGridDoesNotNeedEnergyMinutes = 44162
iIdleWhenGridNeedsEnergyMinutes = 3671171
iEnergyPriceIsZeroMinutes = 240
harvester.getEnergyHarvestedAVAILABLEKilowattHours( ): 8529008.366666667
harvester.getEnergyHarvestedKilowattHours(): 5897865.5561102545
The y-int is 17
Energy harvested: 576138.395833334
iGeneratingEnergyWhenGridNeedsEnergyMinutes =21879
iGeneratingEnergyWhenGridNeedsEnergyMinutes =21879
iUsingEnergyWhenGridNeedsEnergyMinutes =68
iGeneratingEnergyWhenGridHasExcessEnergyMinutes = 0
iUsingEnergyWhenGridHasExcessEnergyMinutes = 0
iIdleWhenGridDoesNotNeedEnergyMinutes = 46080
iIdleWhenGridNeedsEnergyMinutes = 4665233
iEnergyPriceIsZeroMinutes = 240
harvester.getEnergyHarvestedAVAILABLEKilowattHours( ): 8529008.366666667
harvester.getEnergyHarvestedKilowattHours(): 576138.395833334
The y-int is 27
Energy harvested: 4430.683333333333
iGeneratingEnergyWhenGridNeedsEnergyMinutes =98
iGeneratingEnergyWhenGridNeedsEnergyMinutes =98
iUsingEnergyWhenGridNeedsEnergyMinutes =1
iGeneratingEnergyWhenGridHasExcessEnergyMinutes = 0
iUsingEnergyWhenGridHasExcessEnergyMinutes = 0
iIdleWhenGridDoesNotNeedEnergyMinutes = 46080
iIdleWhenGridNeedsEnergyMinutes = 4687081
iEnergyPriceIsZeroMinutes = 240
harvester.getEnergyHarvestedAVAILABLEKilowattHours( ): 8529008.366666667
harvester.getEnergyHarvestedKilowattHours(): 4430.683333333333
The y-int is 37
Energy harvested: 0.0
iGeneratingEnergyWhenGridNeedsEnergyMinutes =0
iGeneratingEnergyWhenGridNeedsEnergyMinutes =0
iUsingEnergyWhenGridNeedsEnergyMinutes =1
iGeneratingEnergyWhenGridHasExcessEnergyMinutes = 0
iUsingEnergyWhenGridHasExcessEnergyMinutes = 0
iIdleWhenGridDoesNotNeedEnergyMinutes = 46080
iIdleWhenGridNeedsEnergyMinutes = 4687179
iEnergyPriceIsZeroMinutes = 240
harvester.getEnergyHarvestedAVAILABLEKilowattHours( ): 8529008.366666667
harvester.getEnergyHarvestedKilowattHours(): 0.0
The running average is 121
The y-int is 7
Energy harvested: 5830619.93444331
iGeneratingEnergyWhenGridNeedsEnergyMinutes =940077
iGeneratingEnergyWhenGridNeedsEnergyMinutes =940077
iUsingEnergyWhenGridNeedsEnergyMinutes =46720
iGeneratingEnergyWhenGridHasExcessEnergyMinutes = 1835
iUsingEnergyWhenGridHasExcessEnergyMinutes = 56
iIdleWhenGridDoesNotNeedEnergyMinutes = 44189
iIdleWhenGridNeedsEnergyMinutes = 3700383
iEnergyPriceIsZeroMinutes = 240
harvester.getEnergyHarvestedAVAILABLEKilowattHours( ): 8529008.366666667
harvester.getEnergyHarvestedKilowattHours(): 5830619.93444331
The y-int is 17
Energy harvested: 555393.6297222228
iGeneratingEnergyWhenGridNeedsEnergyMinutes =21481
iGeneratingEnergyWhenGridNeedsEnergyMinutes =21481
iUsingEnergyWhenGridNeedsEnergyMinutes =69
iGeneratingEnergyWhenGridHasExcessEnergyMinutes = 0
iUsingEnergyWhenGridHasExcessEnergyMinutes = 0
iIdleWhenGridDoesNotNeedEnergyMinutes = 46080
iIdleWhenGridNeedsEnergyMinutes = 4665630
iEnergyPriceIsZeroMinutes = 240
harvester.getEnergyHarvestedAVAILABLEKilowattHours( ): 8529008.366666667
harvester.getEnergyHarvestedKilowattHours(): 555393.6297222228
The y-int is 27
Energy harvested: 2412.2
iGeneratingEnergyWhenGridNeedsEnergyMinutes =57
iGeneratingEnergyWhenGridNeedsEnergyMinutes =57
iUsingEnergyWhenGridNeedsEnergyMinutes =1
iGeneratingEnergyWhenGridHasExcessEnergyMinutes = 0
iUsingEnergyWhenGridHasExcessEnergyMinutes = 0
iIdleWhenGridDoesNotNeedEnergyMinutes = 46080
iIdleWhenGridNeedsEnergyMinutes = 4687122
iEnergyPriceIsZeroMinutes = 240
harvester.getEnergyHarvestedAVAILABLEKilowattHours( ): 8529008.366666667
harvester.getEnergyHarvestedKilowattHours(): 2412.2
The y-int is 37
Energy harvested: 0.0
iGeneratingEnergyWhenGridNeedsEnergyMinutes =0
iGeneratingEnergyWhenGridNeedsEnergyMinutes =0
iUsingEnergyWhenGridNeedsEnergyMinutes =1
iGeneratingEnergyWhenGridHasExcessEnergyMinutes = 0
iUsingEnergyWhenGridHasExcessEnergyMinutes = 0
iIdleWhenGridDoesNotNeedEnergyMinutes = 46080
iIdleWhenGridNeedsEnergyMinutes = 4687179
iEnergyPriceIsZeroMinutes = 240
harvester.getEnergyHarvestedAVAILABLEKilowattHours( ): 8529008.366666667
harvester.getEnergyHarvestedKilowattHours(): 0.0
Beginning testing mode:
station,&,y_intercept_for_month_1,&,running_average_size_minutes_for_month_1,&,y_intercept_for_month_2,&,running_average_size_minutes_for_month_2,&,y_intercept_for_month_3,&,running_average_size_minutes_for_month_3,&,y_intercept_for_month_4,&,running_average_size_minutes_for_month_4,&,y_intercept_for_month_5,&,running_average_size_minutes_for_month_5,&,y_intercept_for_month_6,&,running_average_size_minutes_for_month_6,&,y_intercept_for_month_7,&,running_average_size_minutes_for_month_7,&,y_intercept_for_month_8,&,running_average_size_minutes_for_month_8,&,y_intercept_for_month_9,&,running_average_size_minutes_for_month_9,&,y_intercept_for_month_10,&,running_average_size_minutes_for_month_10,&,y_intercept_for_month_11,&,running_average_size_minutes_for_month_11,&,y_intercept_for_month_12,&,running_average_size_minutes_for_month_12,&,dNetNorm,&,dMarketBalancePercentage,&,dMarketNetNorm,
results: KBWI,&,7,&,1,&,7,&,1,&,7,&,1,&,7,&,1,&,7,&,1,&,7,&,1,&,7,&,1,&,7,&,1,&,7,&,1,&,7,&,1,&,7,&,1,&,7,&,1,&,0.7194264394608307,&,0.8689007470651013,&,0.6251101707059017
monthly visible minutes:KBWI,&,2013,&,12264,&,15405,&,19369,&,18886,&,16085,&,14465,&,13721,&,13367,&,13080,&,13168,&,12868,&,13501,&,
monthly visible minutes:KBWI,&,2014,&,14412,&,12941,&,18674,&,18618,&,17395,&,15451,&,15494,&,12404,&,11355,&,14215,&,14213,&,12204,&,
monthly minutes harvester between states:KBWI,&,2013,&,2152,&,1955,&,2181,&,3077,&,2686,&,3231,&,3748,&,2408,&,3545,&,2023,&,1532,&,2134,&,
monthly minutes harvester between states:KBWI,&,2014,&,1944,&,2385,&,2062,&,2406,&,3837,&,3398,&,3704,&,2949,&,2370,&,2114,&,2004,&,1574,&,
station,&,y_intercept_for_month_1,&,running_average_size_minutes_for_month_1,&,y_intercept_for_month_2,&,running_average_size_minutes_for_month_2,&,y_intercept_for_month_3,&,running_average_size_minutes_for_month_3,&,y_intercept_for_month_4,&,running_average_size_minutes_for_month_4,&,y_intercept_for_month_5,&,running_average_size_minutes_for_month_5,&,y_intercept_for_month_6,&,running_average_size_minutes_for_month_6,&,y_intercept_for_month_7,&,running_average_size_minutes_for_month_7,&,y_intercept_for_month_8,&,running_average_size_minutes_for_month_8,&,y_intercept_for_month_9,&,running_average_size_minutes_for_month_9,&,y_intercept_for_month_10,&,running_average_size_minutes_for_month_10,&,y_intercept_for_month_11,&,running_average_size_minutes_for_month_11,&,y_intercept_for_month_12,&,running_average_size_minutes_for_month_12,&,dNetNorm,&,dMarketBalancePercentage,&,dMarketNetNorm,
results: KBWI,&,7,&,31,&,7,&,61,&,7,&,31,&,7,&,61,&,7,&,61,&,7,&,31,&,7,&,31,&,7,&,31,&,7,&,31,&,7,&,31,&,7,&,31,&,7,&,31,&,0.7073374378107352,&,0.9301519583239586,&,0.6579313029755066
monthly visible minutes:KBWI,&,2013,&,12264,&,15405,&,19369,&,18886,&,16085,&,14465,&,13721,&,13367,&,13080,&,13168,&,12868,&,13501,&,
monthly visible minutes:KBWI,&,2014,&,14412,&,12941,&,18674,&,18618,&,17395,&,15451,&,15494,&,12404,&,11355,&,14215,&,14213,&,12204,&,
monthly minutes harvester between states:KBWI,&,2013,&,2152,&,1955,&,2181,&,3077,&,2686,&,3231,&,3748,&,2408,&,3545,&,2023,&,1532,&,2134,&,
monthly minutes harvester between states:KBWI,&,2014,&,1944,&,2385,&,2062,&,2406,&,3837,&,3398,&,3704,&,2949,&,2370,&,2114,&,2004,&,1574,&,
Station: KCLE
abc: The current path is /home/guy/retractable-wind
I have found the property file.
The training windspeed filename is /trainingKCLE2004-2012in.csv
The testing windspeed filename is /testingKCLE2013-2014in.csv
Yes, the station is KCLE
Warning: The bAlsoUsePrediction no longer has any effect
iUsedAllItsAllocatedVisibilityMinutesPerMonth: 51234
Visibility Allocation Minutes:51234
HARVESTER_SIZE_SQM is 6362
Reading file
Success: /Wind turbine power curves - wind turbine power output against wind speed in knots.csv found.
Speed (Knots) = Speed(knots) vs power (kW) , Power (kW) =V90
Speed (Knots) = 0 , Power (kW) =0
Speed (Knots) = 1 , Power (kW) =0
Speed (Knots) = 2 , Power (kW) =0
Speed (Knots) = 3 , Power (kW) =0
Speed (Knots) = 4 , Power (kW) =0
Speed (Knots) = 5 , Power (kW) =0
Speed (Knots) = 6 , Power (kW) =0
Speed (Knots) = 7 , Power (kW) =38
Speed (Knots) = 8 , Power (kW) =87
Speed (Knots) = 9 , Power (kW) =141
Speed (Knots) = 10 , Power (kW) =207
Speed (Knots) = 11 , Power (kW) =286
Speed (Knots) = 12 , Power (kW) =382
Speed (Knots) = 13 , Power (kW) =496
Speed (Knots) = 14 , Power (kW) =628
Speed (Knots) = 15 , Power (kW) =781
Speed (Knots) = 16 , Power (kW) =957
Speed (Knots) = 17 , Power (kW) =1153
Speed (Knots) = 18 , Power (kW) =1366
Speed (Knots) = 19 , Power (kW) =1589
Speed (Knots) = 20 , Power (kW) =1814
Speed (Knots) = 21 , Power (kW) =2035
Speed (Knots) = 22 , Power (kW) =2250
Speed (Knots) = 23 , Power (kW) =2452
Speed (Knots) = 24 , Power (kW) =2634
Speed (Knots) = 25 , Power (kW) =2784
Speed (Knots) = 26 , Power (kW) =2888
Speed (Knots) = 27 , Power (kW) =2949
Speed (Knots) = 28 , Power (kW) =2980
Speed (Knots) = 29 , Power (kW) =2993
Speed (Knots) = 30 , Power (kW) =3000
Speed (Knots) = 31 , Power (kW) =3000
Speed (Knots) = 32 , Power (kW) =3000
Speed (Knots) = 33 , Power (kW) =3000
Speed (Knots) = 34 , Power (kW) =3000
Speed (Knots) = 35 , Power (kW) =3000
Speed (Knots) = 36 , Power (kW) =3000
Speed (Knots) = 37 , Power (kW) =3000
Speed (Knots) = 38 , Power (kW) =3000
Speed (Knots) = 39 , Power (kW) =3000
Speed (Knots) = 40 , Power (kW) =3000
Speed (Knots) = 41 , Power (kW) =3000
Speed (Knots) = 42 , Power (kW) =3000
Speed (Knots) = 43 , Power (kW) =3000
Speed (Knots) = 44 , Power (kW) =3000
Speed (Knots) = 45 , Power (kW) =3000
Speed (Knots) = 46 , Power (kW) =3000
Speed (Knots) = 47 , Power (kW) =3000
Speed (Knots) = 48 , Power (kW) =3000
Speed (Knots) = 49 , Power (kW) =0
Speed (Knots) = 50 , Power (kW) =0
Speed (Knots) = 51 , Power (kW) =0
Speed (Knots) = 52 , Power (kW) =0
Speed (Knots) = 53 , Power (kW) =0
Speed (Knots) = 54 , Power (kW) =0
Speed (Knots) = 55 , Power (kW) =0
Speed (Knots) = 56 , Power (kW) =0
Speed (Knots) = 57 , Power (kW) =0
Speed (Knots) = 58 , Power (kW) =0
Speed (Knots) = 59 , Power (kW) =0
Speed (Knots) = 60 , Power (kW) =0
The scale is 1.0
Wind power at 10 knots in kilowatts is 207.0
Wind power in-cut-out test 0.0
Aging
Class name:edu.pitt.cs.people.guy.wind.benchmarks.Aging
Success: /Noise_Allowed_Time_Definitions_All_Stations.csv found.
The station is the record is KCLE
Success: /Noise_Allowed_Time_Definitions_All_Stations.csv found.
The station is the record is KCLE
I have found the membership file for NOT WINDY.
Windspeed (knots) [0,1), Membership Value =1.00000000,1.0
Windspeed (knots) [1,2), Membership Value =0.99997281,0.9999728
Windspeed (knots) [2,3), Membership Value =0.99957778,0.99957776
Windspeed (knots) [3,4), Membership Value =0.99766724,0.99766725
Windspeed (knots) [4,5), Membership Value =0.99198170,0.9919817
Windspeed (knots) [5,6), Membership Value =0.97895477,0.9789548
Windspeed (knots) [6,7), Membership Value =0.95560852,0.95560855
Windspeed (knots) [7,8), Membership Value =0.91908582,0.9190858
Windspeed (knots) [8,9), Membership Value =0.86803746,0.86803746
Windspeed (knots) [9,10), Membership Value =0.80333819,0.80333817
Windspeed (knots) [10,11), Membership Value =0.72374540,0.7237454
Windspeed (knots) [11,12), Membership Value =0.63479937,0.63479936
Windspeed (knots) [12,13), Membership Value =0.53806325,0.5380632
Windspeed (knots) [13,14), Membership Value =0.44012453,0.44012454
Windspeed (knots) [14,15), Membership Value =0.34663829,0.3466383
Windspeed (knots) [15,16), Membership Value =0.25707557,0.25707558
Windspeed (knots) [16,17), Membership Value =0.17381749,0.17381749
Windspeed (knots) [17,18), Membership Value =0.09744113,0.09744113
Windspeed (knots) [18,19), Membership Value =0.03045835,0.03045835
Windspeed (knots) [19,20), Membership Value =0.00000000,0.0
Windspeed (knots) [20,21), Membership Value =0.00000000,0.0
Windspeed (knots) [21,22), Membership Value =0.00000000,0.0
Windspeed (knots) [22,23), Membership Value =0.00000000,0.0
Windspeed (knots) [23,24), Membership Value =0.00000000,0.0
Windspeed (knots) [24,25), Membership Value =0.00000000,0.0
Windspeed (knots) [25,26), Membership Value =0.00000000,0.0
Windspeed (knots) [26,27), Membership Value =0.00000000,0.0
Windspeed (knots) [27,28), Membership Value =0.00000000,0.0
Windspeed (knots) [28,29), Membership Value =0.00000000,0.0
Windspeed (knots) [29,30), Membership Value =0.00000000,0.0
Windspeed (knots) [30,31), Membership Value =0.00000000,0.0
Windspeed (knots) [31,32), Membership Value =0.00000000,0.0
Windspeed (knots) [32,33), Membership Value =0.00000000,0.0
Windspeed (knots) [33,34), Membership Value =0.00000000,0.0
Windspeed (knots) [34,35), Membership Value =0.00000000,0.0
Windspeed (knots) [35,36), Membership Value =0.00000000,0.0
Windspeed (knots) [36,37), Membership Value =0.00000000,0.0
Windspeed (knots) [37,38), Membership Value =0.00000000,0.0
Windspeed (knots) [38,39), Membership Value =0.00000000,0.0
Windspeed (knots) [39,40), Membership Value =0.00000000,0.0
Windspeed (knots) [40,41), Membership Value =0.00000000,0.0
Windspeed (knots) [41,42), Membership Value =0.00000000,0.0
Windspeed (knots) [42,43), Membership Value =0.00000000,0.0
Windspeed (knots) [43,44), Membership Value =0.00000000,0.0
Windspeed (knots) [44,45), Membership Value =0.00000000,0.0
Windspeed (knots) [45,46), Membership Value =0.00000000,0.0
Windspeed (knots) [46,47), Membership Value =0.00000000,0.0
Windspeed (knots) [47,48), Membership Value =0.00000000,0.0
Windspeed (knots) [48,49), Membership Value =0.00000000,0.0
Windspeed (knots) [49,50), Membership Value =0.00000000,0.0
Windspeed (knots) [50,51), Membership Value =0.00000000,0.0
Windspeed (knots) [51,52), Membership Value =0.00000000,0.0
Windspeed (knots) [52,53), Membership Value =0.00000000,0.0
Windspeed (knots) [53,54), Membership Value =0.00000000,0.0
Windspeed (knots) [54,55), Membership Value =0.00000000,0.0
Windspeed (knots) [55,56), Membership Value =0.00000000,0.0
Windspeed (knots) [56,57), Membership Value =0.00000000,0.0
Windspeed (knots) [57,58), Membership Value =0.00000000,0.0
Windspeed (knots) [58,59), Membership Value =0.00000000,0.0
Windspeed (knots) [59,60), Membership Value =0.00000000,0.0
Windspeed (knots) [60,61), Membership Value =0.00000000,0.0
Windspeed (knots) [61,62), Membership Value =0.00000000,0.0
Windspeed (knots) [62,63), Membership Value =0.00000000,0.0
Windspeed (knots) [63,64), Membership Value =0.00000000,0.0
Windspeed (knots) [64,65), Membership Value =0.00000000,0.0
Windspeed (knots) [65,66), Membership Value =0.00000000,0.0
Windspeed (knots) [66,67), Membership Value =0.00000000,0.0
Windspeed (knots) [67,68), Membership Value =0.00000000,0.0
Windspeed (knots) [68,69), Membership Value =0.00000000,0.0
Windspeed (knots) [69,70), Membership Value =0.00000000,0.0
Windspeed (knots) [70,71), Membership Value =0.00000000,0.0
Windspeed (knots) [71,72), Membership Value =0.00000000,0.0
Windspeed (knots) [72,73), Membership Value =0.00000000,0.0
Windspeed (knots) [73,74), Membership Value =0.00000000,0.0
Windspeed (knots) [74,75), Membership Value =0.00000000,0.0
Windspeed (knots) [75,76), Membership Value =0.00000000,0.0
Windspeed (knots) [76,77), Membership Value =0.00000000,0.0
Windspeed (knots) [77,78), Membership Value =0.00000000,0.0
Windspeed (knots) [78,79), Membership Value =0.00000000,0.0
Windspeed (knots) [79,80), Membership Value =0.00000000,0.0
Windspeed (knots) [80,81), Membership Value =0.00000000,0.0
Windspeed (knots) [81,82), Membership Value =0.00000000,0.0
Windspeed (knots) [82,83), Membership Value =0.00000000,0.0
Windspeed (knots) [83,84), Membership Value =0.00000000,0.0
Windspeed (knots) [84,85), Membership Value =0.00000000,0.0
Windspeed (knots) [85,86), Membership Value =0.00000000,0.0
Windspeed (knots) [86,87), Membership Value =0.00000000,0.0
Windspeed (knots) [87,88), Membership Value =0.00000000,0.0
Windspeed (knots) [88,89), Membership Value =0.00000000,0.0
Windspeed (knots) [89,90), Membership Value =0.00000000,0.0
Windspeed (knots) [90,91), Membership Value =0.00000000,0.0
Windspeed (knots) [91,92), Membership Value =0.00000000,0.0
Windspeed (knots) [92,93), Membership Value =0.00000000,0.0
Windspeed (knots) [93,94), Membership Value =0.00000000,0.0
Windspeed (knots) [94,95), Membership Value =0.00000000,0.0
Windspeed (knots) [95,96), Membership Value =0.00000000,0.0
Windspeed (knots) [96,97), Membership Value =0.00000000,0.0
Windspeed (knots) [97,98), Membership Value =0.00000000,0.0
Windspeed (knots) [98,99), Membership Value =0.00000000,0.0
Windspeed (knots) [99,100), Membership Value =0.00000000,0.0
Windspeed (knots) [100,101), Membership Value =0.00000000,0.0
Windspeed (knots) [101,102), Membership Value =0.00000000,0.0
Windspeed (knots) [102,103), Membership Value =0.00000000,0.0
Windspeed (knots) [103,104), Membership Value =0.00000000,0.0
Windspeed (knots) [104,105), Membership Value =0.00000000,0.0
Windspeed (knots) [105,106), Membership Value =0.00000000,0.0
Windspeed (knots) [106,107), Membership Value =0.00000000,0.0
Windspeed (knots) [107,108), Membership Value =0.00000000,0.0
Windspeed (knots) [108,109), Membership Value =0.00000000,0.0
Windspeed (knots) [109,110), Membership Value =0.00000000,0.0
Windspeed (knots) [110,111), Membership Value =0.00000000,0.0
Windspeed (knots) [111,112), Membership Value =0.00000000,0.0
Windspeed (knots) [112,113), Membership Value =0.00000000,0.0
Windspeed (knots) [113,114), Membership Value =0.00000000,0.0
Windspeed (knots) [114,115), Membership Value =0.00000000,0.0
Windspeed (knots) [115,116), Membership Value =0.00000000,0.0
Windspeed (knots) [116,117), Membership Value =0.00000000,0.0
Windspeed (knots) [117,118), Membership Value =0.00000000,0.0
Windspeed (knots) [118,119), Membership Value =0.00000000,0.0
Windspeed (knots) [119,120), Membership Value =0.00000000,0.0
Windspeed (knots) [120,121), Membership Value =0.00000000,0.0
Windspeed (knots) [121,122), Membership Value =0.00000000,0.0
Windspeed (knots) [122,123), Membership Value =0.00000000,0.0
Windspeed (knots) [123,124), Membership Value =0.00000000,0.0
Windspeed (knots) [124,125), Membership Value =0.00000000,0.0
LowestWindspeedThatIsWindyKnots for station KCLE is 8 knots.
Transition limited :false
bUseWeatherPrediction: true
The running average is 1
The y-int is 8
Energy harvested: 1.0558043212512547E7
iGeneratingEnergyWhenGridNeedsEnergyMinutes =1424091
iGeneratingEnergyWhenGridNeedsEnergyMinutes =1424091
iUsingEnergyWhenGridNeedsEnergyMinutes =97884
iGeneratingEnergyWhenGridHasExcessEnergyMinutes = 3590
iUsingEnergyWhenGridHasExcessEnergyMinutes = 297
iIdleWhenGridDoesNotNeedEnergyMinutes = 42193
iIdleWhenGridNeedsEnergyMinutes = 3165231
iEnergyPriceIsZeroMinutes = 240
harvester.getEnergyHarvestedAVAILABLEKilowattHours( ): 1.77525112E7
harvester.getEnergyHarvestedKilowattHours(): 1.0558043212512547E7
The y-int is 18
Energy harvested: 866017.3166666667
iGeneratingEnergyWhenGridNeedsEnergyMinutes =25728
iGeneratingEnergyWhenGridNeedsEnergyMinutes =25728
iUsingEnergyWhenGridNeedsEnergyMinutes =1
iGeneratingEnergyWhenGridHasExcessEnergyMinutes = 145
iUsingEnergyWhenGridHasExcessEnergyMinutes = 0
iIdleWhenGridDoesNotNeedEnergyMinutes = 45935
iIdleWhenGridNeedsEnergyMinutes = 4661477
iEnergyPriceIsZeroMinutes = 240
harvester.getEnergyHarvestedAVAILABLEKilowattHours( ): 1.77525112E7
harvester.getEnergyHarvestedKilowattHours(): 866017.3166666667
The y-int is 28
Energy harvested: 0.0
iGeneratingEnergyWhenGridNeedsEnergyMinutes =0
iGeneratingEnergyWhenGridNeedsEnergyMinutes =0
iUsingEnergyWhenGridNeedsEnergyMinutes =1
iGeneratingEnergyWhenGridHasExcessEnergyMinutes = 0
iUsingEnergyWhenGridHasExcessEnergyMinutes = 0
iIdleWhenGridDoesNotNeedEnergyMinutes = 46080
iIdleWhenGridNeedsEnergyMinutes = 4687205
iEnergyPriceIsZeroMinutes = 240
harvester.getEnergyHarvestedAVAILABLEKilowattHours( ): 1.77525112E7
harvester.getEnergyHarvestedKilowattHours(): 0.0
The y-int is 38
Energy harvested: 0.0
iGeneratingEnergyWhenGridNeedsEnergyMinutes =0
iGeneratingEnergyWhenGridNeedsEnergyMinutes =0
iUsingEnergyWhenGridNeedsEnergyMinutes =0
iGeneratingEnergyWhenGridHasExcessEnergyMinutes = 0
iUsingEnergyWhenGridHasExcessEnergyMinutes = 0
iIdleWhenGridDoesNotNeedEnergyMinutes = 46080
iIdleWhenGridNeedsEnergyMinutes = 4687206
iEnergyPriceIsZeroMinutes = 240
harvester.getEnergyHarvestedAVAILABLEKilowattHours( ): 1.77525112E7
harvester.getEnergyHarvestedKilowattHours(): 0.0
The running average is 31
The y-int is 8
Energy harvested: 1.04614554313961E7
iGeneratingEnergyWhenGridNeedsEnergyMinutes =1382312
iGeneratingEnergyWhenGridNeedsEnergyMinutes =1382312
iUsingEnergyWhenGridNeedsEnergyMinutes =59345
iGeneratingEnergyWhenGridHasExcessEnergyMinutes = 3481
iUsingEnergyWhenGridHasExcessEnergyMinutes = 256
iIdleWhenGridDoesNotNeedEnergyMinutes = 42343
iIdleWhenGridNeedsEnergyMinutes = 3245549
iEnergyPriceIsZeroMinutes = 240
harvester.getEnergyHarvestedAVAILABLEKilowattHours( ): 1.77525112E7
harvester.getEnergyHarvestedKilowattHours(): 1.04614554313961E7
The y-int is 18
Energy harvested: 977168.991111113
iGeneratingEnergyWhenGridNeedsEnergyMinutes =31599
iGeneratingEnergyWhenGridNeedsEnergyMinutes =31599
iUsingEnergyWhenGridNeedsEnergyMinutes =135
iGeneratingEnergyWhenGridHasExcessEnergyMinutes = 272
iUsingEnergyWhenGridHasExcessEnergyMinutes = 12
iIdleWhenGridDoesNotNeedEnergyMinutes = 45796
iIdleWhenGridNeedsEnergyMinutes = 4655472
iEnergyPriceIsZeroMinutes = 240
harvester.getEnergyHarvestedAVAILABLEKilowattHours( ): 1.77525112E7
harvester.getEnergyHarvestedKilowattHours(): 977168.991111113
The y-int is 28
Energy harvested: 0.0
iGeneratingEnergyWhenGridNeedsEnergyMinutes =0
iGeneratingEnergyWhenGridNeedsEnergyMinutes =0
iUsingEnergyWhenGridNeedsEnergyMinutes =1
iGeneratingEnergyWhenGridHasExcessEnergyMinutes = 0
iUsingEnergyWhenGridHasExcessEnergyMinutes = 0
iIdleWhenGridDoesNotNeedEnergyMinutes = 46080
iIdleWhenGridNeedsEnergyMinutes = 4687205
iEnergyPriceIsZeroMinutes = 240
harvester.getEnergyHarvestedAVAILABLEKilowattHours( ): 1.77525112E7
harvester.getEnergyHarvestedKilowattHours(): 0.0
The y-int is 38
Energy harvested: 0.0
iGeneratingEnergyWhenGridNeedsEnergyMinutes =0
iGeneratingEnergyWhenGridNeedsEnergyMinutes =0
iUsingEnergyWhenGridNeedsEnergyMinutes =0
iGeneratingEnergyWhenGridHasExcessEnergyMinutes = 0
iUsingEnergyWhenGridHasExcessEnergyMinutes = 0
iIdleWhenGridDoesNotNeedEnergyMinutes = 46080
iIdleWhenGridNeedsEnergyMinutes = 4687206
iEnergyPriceIsZeroMinutes = 240
harvester.getEnergyHarvestedAVAILABLEKilowattHours( ): 1.77525112E7
harvester.getEnergyHarvestedKilowattHours(): 0.0
The running average is 61
The y-int is 8
Energy harvested: 1.035967463917284E7
iGeneratingEnergyWhenGridNeedsEnergyMinutes =1339118
iGeneratingEnergyWhenGridNeedsEnergyMinutes =1339118
iUsingEnergyWhenGridNeedsEnergyMinutes =53818
iGeneratingEnergyWhenGridHasExcessEnergyMinutes = 3405
iUsingEnergyWhenGridHasExcessEnergyMinutes = 255
iIdleWhenGridDoesNotNeedEnergyMinutes = 42420
iIdleWhenGridNeedsEnergyMinutes = 3294270
iEnergyPriceIsZeroMinutes = 240
harvester.getEnergyHarvestedAVAILABLEKilowattHours( ): 1.77525112E7
harvester.getEnergyHarvestedKilowattHours(): 1.035967463917284E7
The y-int is 18
Energy harvested: 872157.8241666667
iGeneratingEnergyWhenGridNeedsEnergyMinutes =28773
iGeneratingEnergyWhenGridNeedsEnergyMinutes =28773
iUsingEnergyWhenGridNeedsEnergyMinutes =26
iGeneratingEnergyWhenGridHasExcessEnergyMinutes = 244
iUsingEnergyWhenGridHasExcessEnergyMinutes = 4
iIdleWhenGridDoesNotNeedEnergyMinutes = 45832
iIdleWhenGridNeedsEnergyMinutes = 4658407
iEnergyPriceIsZeroMinutes = 240
harvester.getEnergyHarvestedAVAILABLEKilowattHours( ): 1.77525112E7
harvester.getEnergyHarvestedKilowattHours(): 872157.8241666667
The y-int is 28
Energy harvested: 0.0
iGeneratingEnergyWhenGridNeedsEnergyMinutes =0
iGeneratingEnergyWhenGridNeedsEnergyMinutes =0
iUsingEnergyWhenGridNeedsEnergyMinutes =1
iGeneratingEnergyWhenGridHasExcessEnergyMinutes = 0
iUsingEnergyWhenGridHasExcessEnergyMinutes = 0
iIdleWhenGridDoesNotNeedEnergyMinutes = 46080
iIdleWhenGridNeedsEnergyMinutes = 4687205
iEnergyPriceIsZeroMinutes = 240
harvester.getEnergyHarvestedAVAILABLEKilowattHours( ): 1.77525112E7
harvester.getEnergyHarvestedKilowattHours(): 0.0
The y-int is 38
Energy harvested: 0.0
iGeneratingEnergyWhenGridNeedsEnergyMinutes =0
iGeneratingEnergyWhenGridNeedsEnergyMinutes =0
iUsingEnergyWhenGridNeedsEnergyMinutes =0
iGeneratingEnergyWhenGridHasExcessEnergyMinutes = 0
iUsingEnergyWhenGridHasExcessEnergyMinutes = 0
iIdleWhenGridDoesNotNeedEnergyMinutes = 46080
iIdleWhenGridNeedsEnergyMinutes = 4687206
iEnergyPriceIsZeroMinutes = 240
harvester.getEnergyHarvestedAVAILABLEKilowattHours( ): 1.77525112E7
harvester.getEnergyHarvestedKilowattHours(): 0.0
The running average is 91
The y-int is 8
Energy harvested: 1.0270915806672417E7
iGeneratingEnergyWhenGridNeedsEnergyMinutes =1304943
iGeneratingEnergyWhenGridNeedsEnergyMinutes =1304943
iUsingEnergyWhenGridNeedsEnergyMinutes =50757
iGeneratingEnergyWhenGridHasExcessEnergyMinutes = 3216
iUsingEnergyWhenGridHasExcessEnergyMinutes = 252
iIdleWhenGridDoesNotNeedEnergyMinutes = 42612
iIdleWhenGridNeedsEnergyMinutes = 3331506
iEnergyPriceIsZeroMinutes = 240
harvester.getEnergyHarvestedAVAILABLEKilowattHours( ): 1.77525112E7
harvester.getEnergyHarvestedKilowattHours(): 1.0270915806672417E7
The y-int is 18
Energy harvested: 830892.1552777779
iGeneratingEnergyWhenGridNeedsEnergyMinutes =27748
iGeneratingEnergyWhenGridNeedsEnergyMinutes =27748
iUsingEnergyWhenGridNeedsEnergyMinutes =38
iGeneratingEnergyWhenGridHasExcessEnergyMinutes = 235
iUsingEnergyWhenGridHasExcessEnergyMinutes = 0
iIdleWhenGridDoesNotNeedEnergyMinutes = 45845
iIdleWhenGridNeedsEnergyMinutes = 4659420
iEnergyPriceIsZeroMinutes = 240
harvester.getEnergyHarvestedAVAILABLEKilowattHours( ): 1.77525112E7
harvester.getEnergyHarvestedKilowattHours(): 830892.1552777779
The y-int is 28
Energy harvested: 0.0
iGeneratingEnergyWhenGridNeedsEnergyMinutes =0
iGeneratingEnergyWhenGridNeedsEnergyMinutes =0
iUsingEnergyWhenGridNeedsEnergyMinutes =1
iGeneratingEnergyWhenGridHasExcessEnergyMinutes = 0
iUsingEnergyWhenGridHasExcessEnergyMinutes = 0
iIdleWhenGridDoesNotNeedEnergyMinutes = 46080
iIdleWhenGridNeedsEnergyMinutes = 4687205
iEnergyPriceIsZeroMinutes = 240
harvester.getEnergyHarvestedAVAILABLEKilowattHours( ): 1.77525112E7
harvester.getEnergyHarvestedKilowattHours(): 0.0
The y-int is 38
Energy harvested: 0.0
iGeneratingEnergyWhenGridNeedsEnergyMinutes =0
iGeneratingEnergyWhenGridNeedsEnergyMinutes =0
iUsingEnergyWhenGridNeedsEnergyMinutes =0
iGeneratingEnergyWhenGridHasExcessEnergyMinutes = 0
iUsingEnergyWhenGridHasExcessEnergyMinutes = 0
iIdleWhenGridDoesNotNeedEnergyMinutes = 46080
iIdleWhenGridNeedsEnergyMinutes = 4687206
iEnergyPriceIsZeroMinutes = 240
harvester.getEnergyHarvestedAVAILABLEKilowattHours( ): 1.77525112E7
harvester.getEnergyHarvestedKilowattHours(): 0.0
The running average is 121
The y-int is 8
Energy harvested: 1.0186753982227666E7
iGeneratingEnergyWhenGridNeedsEnergyMinutes =1274662
iGeneratingEnergyWhenGridNeedsEnergyMinutes =1274662
iUsingEnergyWhenGridNeedsEnergyMinutes =49205
iGeneratingEnergyWhenGridHasExcessEnergyMinutes = 3134
iUsingEnergyWhenGridHasExcessEnergyMinutes = 238
iIdleWhenGridDoesNotNeedEnergyMinutes = 42708
iIdleWhenGridNeedsEnergyMinutes = 3363339
iEnergyPriceIsZeroMinutes = 240
harvester.getEnergyHarvestedAVAILABLEKilowattHours( ): 1.77525112E7
harvester.getEnergyHarvestedKilowattHours(): 1.0186753982227666E7
The y-int is 18
Energy harvested: 767714.2075000003
iGeneratingEnergyWhenGridNeedsEnergyMinutes =26146
iGeneratingEnergyWhenGridNeedsEnergyMinutes =26146
iUsingEnergyWhenGridNeedsEnergyMinutes =33
iGeneratingEnergyWhenGridHasExcessEnergyMinutes = 231
iUsingEnergyWhenGridHasExcessEnergyMinutes = 0
iIdleWhenGridDoesNotNeedEnergyMinutes = 45849
iIdleWhenGridNeedsEnergyMinutes = 4661027
iEnergyPriceIsZeroMinutes = 240
harvester.getEnergyHarvestedAVAILABLEKilowattHours( ): 1.77525112E7
harvester.getEnergyHarvestedKilowattHours(): 767714.2075000003
The y-int is 28
Energy harvested: 0.0
iGeneratingEnergyWhenGridNeedsEnergyMinutes =0
iGeneratingEnergyWhenGridNeedsEnergyMinutes =0
iUsingEnergyWhenGridNeedsEnergyMinutes =1
iGeneratingEnergyWhenGridHasExcessEnergyMinutes = 0
iUsingEnergyWhenGridHasExcessEnergyMinutes = 0
iIdleWhenGridDoesNotNeedEnergyMinutes = 46080
iIdleWhenGridNeedsEnergyMinutes = 4687205
iEnergyPriceIsZeroMinutes = 240
harvester.getEnergyHarvestedAVAILABLEKilowattHours( ): 1.77525112E7
harvester.getEnergyHarvestedKilowattHours(): 0.0
The y-int is 38
Energy harvested: 0.0
iGeneratingEnergyWhenGridNeedsEnergyMinutes =0
iGeneratingEnergyWhenGridNeedsEnergyMinutes =0
iUsingEnergyWhenGridNeedsEnergyMinutes =0
iGeneratingEnergyWhenGridHasExcessEnergyMinutes = 0
iUsingEnergyWhenGridHasExcessEnergyMinutes = 0
iIdleWhenGridDoesNotNeedEnergyMinutes = 46080
iIdleWhenGridNeedsEnergyMinutes = 4687206
iEnergyPriceIsZeroMinutes = 240
harvester.getEnergyHarvestedAVAILABLEKilowattHours( ): 1.77525112E7
harvester.getEnergyHarvestedKilowattHours(): 0.0
Beginning testing mode:
station,&,y_intercept_for_month_1,&,running_average_size_minutes_for_month_1,&,y_intercept_for_month_2,&,running_average_size_minutes_for_month_2,&,y_intercept_for_month_3,&,running_average_size_minutes_for_month_3,&,y_intercept_for_month_4,&,running_average_size_minutes_for_month_4,&,y_intercept_for_month_5,&,running_average_size_minutes_for_month_5,&,y_intercept_for_month_6,&,running_average_size_minutes_for_month_6,&,y_intercept_for_month_7,&,running_average_size_minutes_for_month_7,&,y_intercept_for_month_8,&,running_average_size_minutes_for_month_8,&,y_intercept_for_month_9,&,running_average_size_minutes_for_month_9,&,y_intercept_for_month_10,&,running_average_size_minutes_for_month_10,&,y_intercept_for_month_11,&,running_average_size_minutes_for_month_11,&,y_intercept_for_month_12,&,running_average_size_minutes_for_month_12,&,dNetNorm,&,dMarketBalancePercentage,&,dMarketNetNorm,
results: KCLE,&,8,&,1,&,8,&,1,&,8,&,1,&,8,&,1,&,8,&,1,&,8,&,1,&,8,&,1,&,8,&,1,&,8,&,1,&,8,&,1,&,8,&,1,&,8,&,1,&,0.6012583727267171,&,0.9177558282616648,&,0.551808375861069
monthly visible minutes:KCLE,&,2013,&,18443,&,15781,&,19281,&,18795,&,18939,&,16226,&,15954,&,14378,&,14815,&,14570,&,18197,&,18049,&,
monthly visible minutes:KCLE,&,2014,&,19386,&,14712,&,18678,&,17407,&,16846,&,16216,&,16994,&,15387,&,14832,&,17509,&,19451,&,16381,&,
monthly minutes harvester between states:KCLE,&,2013,&,1666,&,1268,&,1820,&,2515,&,2211,&,2048,&,2527,&,2678,&,1863,&,1817,&,1259,&,1362,&,
monthly minutes harvester between states:KCLE,&,2014,&,1409,&,1496,&,1512,&,1682,&,2349,&,2522,&,2595,&,2379,&,2230,&,1698,&,1677,&,1447,&,
station,&,y_intercept_for_month_1,&,running_average_size_minutes_for_month_1,&,y_intercept_for_month_2,&,running_average_size_minutes_for_month_2,&,y_intercept_for_month_3,&,running_average_size_minutes_for_month_3,&,y_intercept_for_month_4,&,running_average_size_minutes_for_month_4,&,y_intercept_for_month_5,&,running_average_size_minutes_for_month_5,&,y_intercept_for_month_6,&,running_average_size_minutes_for_month_6,&,y_intercept_for_month_7,&,running_average_size_minutes_for_month_7,&,y_intercept_for_month_8,&,running_average_size_minutes_for_month_8,&,y_intercept_for_month_9,&,running_average_size_minutes_for_month_9,&,y_intercept_for_month_10,&,running_average_size_minutes_for_month_10,&,y_intercept_for_month_11,&,running_average_size_minutes_for_month_11,&,y_intercept_for_month_12,&,running_average_size_minutes_for_month_12,&,dNetNorm,&,dMarketBalancePercentage,&,dMarketNetNorm,
results: KCLE,&,8,&,31,&,8,&,31,&,8,&,31,&,8,&,31,&,8,&,31,&,8,&,31,&,8,&,31,&,8,&,31,&,8,&,31,&,8,&,31,&,8,&,31,&,8,&,61,&,0.595974495501052,&,0.9383349351624372,&,0.5592236895944458
monthly visible minutes:KCLE,&,2013,&,18443,&,15781,&,19281,&,18795,&,18939,&,16226,&,15954,&,14378,&,14815,&,14570,&,18197,&,18049,&,
monthly visible minutes:KCLE,&,2014,&,19386,&,14712,&,18678,&,17407,&,16846,&,16216,&,16994,&,15387,&,14832,&,17509,&,19451,&,16381,&,
monthly minutes harvester between states:KCLE,&,2013,&,1666,&,1268,&,1820,&,2515,&,2211,&,2048,&,2527,&,2678,&,1863,&,1817,&,1259,&,1362,&,
monthly minutes harvester between states:KCLE,&,2014,&,1409,&,1496,&,1512,&,1682,&,2349,&,2522,&,2595,&,2379,&,2230,&,1698,&,1677,&,1447,&,
Station: KCLT
abc: The current path is /home/guy/retractable-wind
I have found the property file.
The training windspeed filename is /trainingKCLT2004-2012in.csv
The testing windspeed filename is /testingKCLT2013-2014in.csv
Yes, the station is KCLT
Warning: The bAlsoUsePrediction no longer has any effect
iUsedAllItsAllocatedVisibilityMinutesPerMonth: 51234
Visibility Allocation Minutes:51234
HARVESTER_SIZE_SQM is 6362
Reading file
Success: /Wind turbine power curves - wind turbine power output against wind speed in knots.csv found.
Speed (Knots) = Speed(knots) vs power (kW) , Power (kW) =V90
Speed (Knots) = 0 , Power (kW) =0
Speed (Knots) = 1 , Power (kW) =0
Speed (Knots) = 2 , Power (kW) =0
Speed (Knots) = 3 , Power (kW) =0
Speed (Knots) = 4 , Power (kW) =0
Speed (Knots) = 5 , Power (kW) =0
Speed (Knots) = 6 , Power (kW) =0
Speed (Knots) = 7 , Power (kW) =38
Speed (Knots) = 8 , Power (kW) =87
Speed (Knots) = 9 , Power (kW) =141
Speed (Knots) = 10 , Power (kW) =207
Speed (Knots) = 11 , Power (kW) =286
Speed (Knots) = 12 , Power (kW) =382
Speed (Knots) = 13 , Power (kW) =496
Speed (Knots) = 14 , Power (kW) =628
Speed (Knots) = 15 , Power (kW) =781
Speed (Knots) = 16 , Power (kW) =957
Speed (Knots) = 17 , Power (kW) =1153
Speed (Knots) = 18 , Power (kW) =1366
Speed (Knots) = 19 , Power (kW) =1589
Speed (Knots) = 20 , Power (kW) =1814
Speed (Knots) = 21 , Power (kW) =2035
Speed (Knots) = 22 , Power (kW) =2250
Speed (Knots) = 23 , Power (kW) =2452
Speed (Knots) = 24 , Power (kW) =2634
Speed (Knots) = 25 , Power (kW) =2784
Speed (Knots) = 26 , Power (kW) =2888
Speed (Knots) = 27 , Power (kW) =2949
Speed (Knots) = 28 , Power (kW) =2980
Speed (Knots) = 29 , Power (kW) =2993
Speed (Knots) = 30 , Power (kW) =3000
Speed (Knots) = 31 , Power (kW) =3000
Speed (Knots) = 32 , Power (kW) =3000
Speed (Knots) = 33 , Power (kW) =3000
Speed (Knots) = 34 , Power (kW) =3000
Speed (Knots) = 35 , Power (kW) =3000
Speed (Knots) = 36 , Power (kW) =3000
Speed (Knots) = 37 , Power (kW) =3000
Speed (Knots) = 38 , Power (kW) =3000
Speed (Knots) = 39 , Power (kW) =3000
Speed (Knots) = 40 , Power (kW) =3000
Speed (Knots) = 41 , Power (kW) =3000
Speed (Knots) = 42 , Power (kW) =3000
Speed (Knots) = 43 , Power (kW) =3000
Speed (Knots) = 44 , Power (kW) =3000
Speed (Knots) = 45 , Power (kW) =3000
Speed (Knots) = 46 , Power (kW) =3000
Speed (Knots) = 47 , Power (kW) =3000
Speed (Knots) = 48 , Power (kW) =3000
Speed (Knots) = 49 , Power (kW) =0
Speed (Knots) = 50 , Power (kW) =0
Speed (Knots) = 51 , Power (kW) =0
Speed (Knots) = 52 , Power (kW) =0
Speed (Knots) = 53 , Power (kW) =0
Speed (Knots) = 54 , Power (kW) =0
Speed (Knots) = 55 , Power (kW) =0
Speed (Knots) = 56 , Power (kW) =0
Speed (Knots) = 57 , Power (kW) =0
Speed (Knots) = 58 , Power (kW) =0
Speed (Knots) = 59 , Power (kW) =0
Speed (Knots) = 60 , Power (kW) =0
The scale is 1.0
Wind power at 10 knots in kilowatts is 207.0
Wind power in-cut-out test 0.0
Aging
Class name:edu.pitt.cs.people.guy.wind.benchmarks.Aging
Success: /Noise_Allowed_Time_Definitions_All_Stations.csv found.
The station is the record is KCLT
Success: /Noise_Allowed_Time_Definitions_All_Stations.csv found.
The station is the record is KCLT
I have found the membership file for NOT WINDY.
Windspeed (knots) [0,1), Membership Value =1.000000000,1.0
Windspeed (knots) [1,2), Membership Value =0.999808973,0.99980897
Windspeed (knots) [2,3), Membership Value =0.996959454,0.99695945
Windspeed (knots) [3,4), Membership Value =0.984354107,0.9843541
Windspeed (knots) [4,5), Membership Value =0.953079203,0.9530792
Windspeed (knots) [5,6), Membership Value =0.896573364,0.89657336
Windspeed (knots) [6,7), Membership Value =0.816209435,0.81620944
Windspeed (knots) [7,8), Membership Value =0.716200374,0.71620035
Windspeed (knots) [8,9), Membership Value =0.601639809,0.6016398
Windspeed (knots) [9,10), Membership Value =0.483225306,0.48322532
Windspeed (knots) [10,11), Membership Value =0.366662968,0.36666298
Windspeed (knots) [11,12), Membership Value =0.258615751,0.25861576
Windspeed (knots) [12,13), Membership Value =0.160827277,0.16082728
Windspeed (knots) [13,14), Membership Value =0.078586080,0.07858608
Windspeed (knots) [14,15), Membership Value =0.009183443,0.009183443
Windspeed (knots) [15,16), Membership Value =0.000000000,0.0
Windspeed (knots) [16,17), Membership Value =0.000000000,0.0
Windspeed (knots) [17,18), Membership Value =0.000000000,0.0
Windspeed (knots) [18,19), Membership Value =0.000000000,0.0
Windspeed (knots) [19,20), Membership Value =0.000000000,0.0
Windspeed (knots) [20,21), Membership Value =0.000000000,0.0
Windspeed (knots) [21,22), Membership Value =0.000000000,0.0
Windspeed (knots) [22,23), Membership Value =0.000000000,0.0
Windspeed (knots) [23,24), Membership Value =0.000000000,0.0
Windspeed (knots) [24,25), Membership Value =0.000000000,0.0
Windspeed (knots) [25,26), Membership Value =0.000000000,0.0
Windspeed (knots) [26,27), Membership Value =0.000000000,0.0
Windspeed (knots) [27,28), Membership Value =0.000000000,0.0
Windspeed (knots) [28,29), Membership Value =0.000000000,0.0
Windspeed (knots) [29,30), Membership Value =0.000000000,0.0
Windspeed (knots) [30,31), Membership Value =0.000000000,0.0
Windspeed (knots) [31,32), Membership Value =0.000000000,0.0
Windspeed (knots) [32,33), Membership Value =0.000000000,0.0
Windspeed (knots) [33,34), Membership Value =0.000000000,0.0
Windspeed (knots) [34,35), Membership Value =0.000000000,0.0
Windspeed (knots) [35,36), Membership Value =0.000000000,0.0
Windspeed (knots) [36,37), Membership Value =0.000000000,0.0
Windspeed (knots) [37,38), Membership Value =0.000000000,0.0
Windspeed (knots) [38,39), Membership Value =0.000000000,0.0
Windspeed (knots) [39,40), Membership Value =0.000000000,0.0
Windspeed (knots) [40,41), Membership Value =0.000000000,0.0
Windspeed (knots) [41,42), Membership Value =0.000000000,0.0
Windspeed (knots) [42,43), Membership Value =0.000000000,0.0
Windspeed (knots) [43,44), Membership Value =0.000000000,0.0
Windspeed (knots) [44,45), Membership Value =0.000000000,0.0
Windspeed (knots) [45,46), Membership Value =0.000000000,0.0
Windspeed (knots) [46,47), Membership Value =0.000000000,0.0
Windspeed (knots) [47,48), Membership Value =0.000000000,0.0
Windspeed (knots) [48,49), Membership Value =0.000000000,0.0
Windspeed (knots) [49,50), Membership Value =0.000000000,0.0
Windspeed (knots) [50,51), Membership Value =0.000000000,0.0
Windspeed (knots) [51,52), Membership Value =0.000000000,0.0
Windspeed (knots) [52,53), Membership Value =0.000000000,0.0
Windspeed (knots) [53,54), Membership Value =0.000000000,0.0
Windspeed (knots) [54,55), Membership Value =0.000000000,0.0
Windspeed (knots) [55,56), Membership Value =0.000000000,0.0
Windspeed (knots) [56,57), Membership Value =0.000000000,0.0
Windspeed (knots) [57,58), Membership Value =0.000000000,0.0
Windspeed (knots) [58,59), Membership Value =0.000000000,0.0
Windspeed (knots) [59,60), Membership Value =0.000000000,0.0
Windspeed (knots) [60,61), Membership Value =0.000000000,0.0
Windspeed (knots) [61,62), Membership Value =0.000000000,0.0
Windspeed (knots) [62,63), Membership Value =0.000000000,0.0
Windspeed (knots) [63,64), Membership Value =0.000000000,0.0
Windspeed (knots) [64,65), Membership Value =0.000000000,0.0
Windspeed (knots) [65,66), Membership Value =0.000000000,0.0
Windspeed (knots) [66,67), Membership Value =0.000000000,0.0
Windspeed (knots) [67,68), Membership Value =0.000000000,0.0
Windspeed (knots) [68,69), Membership Value =0.000000000,0.0
Windspeed (knots) [69,70), Membership Value =0.000000000,0.0
Windspeed (knots) [70,71), Membership Value =0.000000000,0.0
Windspeed (knots) [71,72), Membership Value =0.000000000,0.0
Windspeed (knots) [72,73), Membership Value =0.000000000,0.0
Windspeed (knots) [73,74), Membership Value =0.000000000,0.0
Windspeed (knots) [74,75), Membership Value =0.000000000,0.0
Windspeed (knots) [75,76), Membership Value =0.000000000,0.0
Windspeed (knots) [76,77), Membership Value =0.000000000,0.0
Windspeed (knots) [77,78), Membership Value =0.000000000,0.0
Windspeed (knots) [78,79), Membership Value =0.000000000,0.0
Windspeed (knots) [79,80), Membership Value =0.000000000,0.0
Windspeed (knots) [80,81), Membership Value =0.000000000,0.0
Windspeed (knots) [81,82), Membership Value =0.000000000,0.0
Windspeed (knots) [82,83), Membership Value =0.000000000,0.0
Windspeed (knots) [83,84), Membership Value =0.000000000,0.0
Windspeed (knots) [84,85), Membership Value =0.000000000,0.0
Windspeed (knots) [85,86), Membership Value =0.000000000,0.0
Windspeed (knots) [86,87), Membership Value =0.000000000,0.0
Windspeed (knots) [87,88), Membership Value =0.000000000,0.0
Windspeed (knots) [88,89), Membership Value =0.000000000,0.0
Windspeed (knots) [89,90), Membership Value =0.000000000,0.0
Windspeed (knots) [90,91), Membership Value =0.000000000,0.0
Windspeed (knots) [91,92), Membership Value =0.000000000,0.0
Windspeed (knots) [92,93), Membership Value =0.000000000,0.0
Windspeed (knots) [93,94), Membership Value =0.000000000,0.0
Windspeed (knots) [94,95), Membership Value =0.000000000,0.0
Windspeed (knots) [95,96), Membership Value =0.000000000,0.0
Windspeed (knots) [96,97), Membership Value =0.000000000,0.0
Windspeed (knots) [97,98), Membership Value =0.000000000,0.0
Windspeed (knots) [98,99), Membership Value =0.000000000,0.0
Windspeed (knots) [99,100), Membership Value =0.000000000,0.0
Windspeed (knots) [100,101), Membership Value =0.000000000,0.0
Windspeed (knots) [101,102), Membership Value =0.000000000,0.0
Windspeed (knots) [102,103), Membership Value =0.000000000,0.0
Windspeed (knots) [103,104), Membership Value =0.000000000,0.0
Windspeed (knots) [104,105), Membership Value =0.000000000,0.0
Windspeed (knots) [105,106), Membership Value =0.000000000,0.0
Windspeed (knots) [106,107), Membership Value =0.000000000,0.0
Windspeed (knots) [107,108), Membership Value =0.000000000,0.0
Windspeed (knots) [108,109), Membership Value =0.000000000,0.0
Windspeed (knots) [109,110), Membership Value =0.000000000,0.0
Windspeed (knots) [110,111), Membership Value =0.000000000,0.0
Windspeed (knots) [111,112), Membership Value =0.000000000,0.0
Windspeed (knots) [112,113), Membership Value =0.000000000,0.0
Windspeed (knots) [113,114), Membership Value =0.000000000,0.0
Windspeed (knots) [114,115), Membership Value =0.000000000,0.0
Windspeed (knots) [115,116), Membership Value =0.000000000,0.0
Windspeed (knots) [116,117), Membership Value =0.000000000,0.0
Windspeed (knots) [117,118), Membership Value =0.000000000,0.0
Windspeed (knots) [118,119), Membership Value =0.000000000,0.0
Windspeed (knots) [119,120), Membership Value =0.000000000,0.0
Windspeed (knots) [120,121), Membership Value =0.000000000,0.0
Windspeed (knots) [121,122), Membership Value =0.000000000,0.0
Windspeed (knots) [122,123), Membership Value =0.000000000,0.0
Windspeed (knots) [123,124), Membership Value =0.000000000,0.0
Windspeed (knots) [124,125), Membership Value =0.000000000,0.0
LowestWindspeedThatIsWindyKnots for station KCLT is 5 knots.
Transition limited :false
bUseWeatherPrediction: true
The running average is 1
The y-int is 5
Energy harvested: 3556932.2738769013
iGeneratingEnergyWhenGridNeedsEnergyMinutes =976133
iGeneratingEnergyWhenGridNeedsEnergyMinutes =976133
iUsingEnergyWhenGridNeedsEnergyMinutes =133229
iGeneratingEnergyWhenGridHasExcessEnergyMinutes = 2875
iUsingEnergyWhenGridHasExcessEnergyMinutes = 426
iIdleWhenGridDoesNotNeedEnergyMinutes = 42779
iIdleWhenGridNeedsEnergyMinutes = 3577861
iEnergyPriceIsZeroMinutes = 240
harvester.getEnergyHarvestedAVAILABLEKilowattHours( ): 4898122.183333334
harvester.getEnergyHarvestedKilowattHours(): 3556932.2738769013
The y-int is 15
Energy harvested: 250313.83305554284
iGeneratingEnergyWhenGridNeedsEnergyMinutes =11273
iGeneratingEnergyWhenGridNeedsEnergyMinutes =11273
iUsingEnergyWhenGridNeedsEnergyMinutes =1789
iGeneratingEnergyWhenGridHasExcessEnergyMinutes = 506
iUsingEnergyWhenGridHasExcessEnergyMinutes = 3
iIdleWhenGridDoesNotNeedEnergyMinutes = 45571
iIdleWhenGridNeedsEnergyMinutes = 4674161
iEnergyPriceIsZeroMinutes = 240
harvester.getEnergyHarvestedAVAILABLEKilowattHours( ): 4898122.183333334
harvester.getEnergyHarvestedKilowattHours(): 250313.83305554284
The y-int is 25
Energy harvested: 0.0
iGeneratingEnergyWhenGridNeedsEnergyMinutes =0
iGeneratingEnergyWhenGridNeedsEnergyMinutes =0
iUsingEnergyWhenGridNeedsEnergyMinutes =1
iGeneratingEnergyWhenGridHasExcessEnergyMinutes = 0
iUsingEnergyWhenGridHasExcessEnergyMinutes = 0
iIdleWhenGridDoesNotNeedEnergyMinutes = 46080
iIdleWhenGridNeedsEnergyMinutes = 4687222
iEnergyPriceIsZeroMinutes = 240
harvester.getEnergyHarvestedAVAILABLEKilowattHours( ): 4898122.183333334
harvester.getEnergyHarvestedKilowattHours(): 0.0
The y-int is 35
Energy harvested: 0.0
iGeneratingEnergyWhenGridNeedsEnergyMinutes =0
iGeneratingEnergyWhenGridNeedsEnergyMinutes =0
iUsingEnergyWhenGridNeedsEnergyMinutes =0
iGeneratingEnergyWhenGridHasExcessEnergyMinutes = 0
iUsingEnergyWhenGridHasExcessEnergyMinutes = 0
iIdleWhenGridDoesNotNeedEnergyMinutes = 46080
iIdleWhenGridNeedsEnergyMinutes = 4687223
iEnergyPriceIsZeroMinutes = 240
harvester.getEnergyHarvestedAVAILABLEKilowattHours( ): 4898122.183333334
harvester.getEnergyHarvestedKilowattHours(): 0.0
The running average is 31
The y-int is 5
Energy harvested: 3545766.195827772
iGeneratingEnergyWhenGridNeedsEnergyMinutes =968289
iGeneratingEnergyWhenGridNeedsEnergyMinutes =968289
iUsingEnergyWhenGridNeedsEnergyMinutes =67490
iGeneratingEnergyWhenGridHasExcessEnergyMinutes = 2880
iUsingEnergyWhenGridHasExcessEnergyMinutes = 275
iIdleWhenGridDoesNotNeedEnergyMinutes = 42925
iIdleWhenGridNeedsEnergyMinutes = 3651444
iEnergyPriceIsZeroMinutes = 240
harvester.getEnergyHarvestedAVAILABLEKilowattHours( ): 4898122.183333334
harvester.getEnergyHarvestedKilowattHours(): 3545766.195827772
The y-int is 15
Energy harvested: 265429.3972222194
iGeneratingEnergyWhenGridNeedsEnergyMinutes =13496
iGeneratingEnergyWhenGridNeedsEnergyMinutes =13496
iUsingEnergyWhenGridNeedsEnergyMinutes =464
iGeneratingEnergyWhenGridHasExcessEnergyMinutes = 520
iUsingEnergyWhenGridHasExcessEnergyMinutes = 0
iIdleWhenGridDoesNotNeedEnergyMinutes = 45560
iIdleWhenGridNeedsEnergyMinutes = 4673263
iEnergyPriceIsZeroMinutes = 240
harvester.getEnergyHarvestedAVAILABLEKilowattHours( ): 4898122.183333334
harvester.getEnergyHarvestedKilowattHours(): 265429.3972222194
The y-int is 25
Energy harvested: 0.0
iGeneratingEnergyWhenGridNeedsEnergyMinutes =0
iGeneratingEnergyWhenGridNeedsEnergyMinutes =0
iUsingEnergyWhenGridNeedsEnergyMinutes =1
iGeneratingEnergyWhenGridHasExcessEnergyMinutes = 0
iUsingEnergyWhenGridHasExcessEnergyMinutes = 0
iIdleWhenGridDoesNotNeedEnergyMinutes = 46080
iIdleWhenGridNeedsEnergyMinutes = 4687222
iEnergyPriceIsZeroMinutes = 240
harvester.getEnergyHarvestedAVAILABLEKilowattHours( ): 4898122.183333334
harvester.getEnergyHarvestedKilowattHours(): 0.0
The y-int is 35
Energy harvested: 0.0
iGeneratingEnergyWhenGridNeedsEnergyMinutes =0
iGeneratingEnergyWhenGridNeedsEnergyMinutes =0
iUsingEnergyWhenGridNeedsEnergyMinutes =0
iGeneratingEnergyWhenGridHasExcessEnergyMinutes = 0
iUsingEnergyWhenGridHasExcessEnergyMinutes = 0
iIdleWhenGridDoesNotNeedEnergyMinutes = 46080
iIdleWhenGridNeedsEnergyMinutes = 4687223
iEnergyPriceIsZeroMinutes = 240
harvester.getEnergyHarvestedAVAILABLEKilowattHours( ): 4898122.183333334
harvester.getEnergyHarvestedKilowattHours(): 0.0
The running average is 61
The y-int is 5
Energy harvested: 3527420.361661828
iGeneratingEnergyWhenGridNeedsEnergyMinutes =955543
iGeneratingEnergyWhenGridNeedsEnergyMinutes =955543
iUsingEnergyWhenGridNeedsEnergyMinutes =60979
iGeneratingEnergyWhenGridHasExcessEnergyMinutes = 2865
iUsingEnergyWhenGridHasExcessEnergyMinutes = 241
iIdleWhenGridDoesNotNeedEnergyMinutes = 42974
iIdleWhenGridNeedsEnergyMinutes = 3670701
iEnergyPriceIsZeroMinutes = 240
harvester.getEnergyHarvestedAVAILABLEKilowattHours( ): 4898122.183333334
harvester.getEnergyHarvestedKilowattHours(): 3527420.361661828
The y-int is 15
Energy harvested: 224202.92055555395
iGeneratingEnergyWhenGridNeedsEnergyMinutes =11459
iGeneratingEnergyWhenGridNeedsEnergyMinutes =11459
iUsingEnergyWhenGridNeedsEnergyMinutes =213
iGeneratingEnergyWhenGridHasExcessEnergyMinutes = 520
iUsingEnergyWhenGridHasExcessEnergyMinutes = 0
iIdleWhenGridDoesNotNeedEnergyMinutes = 45560
iIdleWhenGridNeedsEnergyMinutes = 4675551
iEnergyPriceIsZeroMinutes = 240
harvester.getEnergyHarvestedAVAILABLEKilowattHours( ): 4898122.183333334
harvester.getEnergyHarvestedKilowattHours(): 224202.92055555395
The y-int is 25
Energy harvested: 0.0
iGeneratingEnergyWhenGridNeedsEnergyMinutes =0
iGeneratingEnergyWhenGridNeedsEnergyMinutes =0
iUsingEnergyWhenGridNeedsEnergyMinutes =1
iGeneratingEnergyWhenGridHasExcessEnergyMinutes = 0
iUsingEnergyWhenGridHasExcessEnergyMinutes = 0
iIdleWhenGridDoesNotNeedEnergyMinutes = 46080
iIdleWhenGridNeedsEnergyMinutes = 4687222
iEnergyPriceIsZeroMinutes = 240
harvester.getEnergyHarvestedAVAILABLEKilowattHours( ): 4898122.183333334
harvester.getEnergyHarvestedKilowattHours(): 0.0
The y-int is 35
Energy harvested: 0.0
iGeneratingEnergyWhenGridNeedsEnergyMinutes =0
iGeneratingEnergyWhenGridNeedsEnergyMinutes =0
iUsingEnergyWhenGridNeedsEnergyMinutes =0
iGeneratingEnergyWhenGridHasExcessEnergyMinutes = 0
iUsingEnergyWhenGridHasExcessEnergyMinutes = 0
iIdleWhenGridDoesNotNeedEnergyMinutes = 46080
iIdleWhenGridNeedsEnergyMinutes = 4687223
iEnergyPriceIsZeroMinutes = 240
harvester.getEnergyHarvestedAVAILABLEKilowattHours( ): 4898122.183333334
harvester.getEnergyHarvestedKilowattHours(): 0.0
The running average is 91
The y-int is 5
Energy harvested: 3508090.4519399083
iGeneratingEnergyWhenGridNeedsEnergyMinutes =942311
iGeneratingEnergyWhenGridNeedsEnergyMinutes =942311
iUsingEnergyWhenGridNeedsEnergyMinutes =58527
iGeneratingEnergyWhenGridHasExcessEnergyMinutes = 2847
iUsingEnergyWhenGridHasExcessEnergyMinutes = 200
iIdleWhenGridDoesNotNeedEnergyMinutes = 43033
iIdleWhenGridNeedsEnergyMinutes = 3686385
iEnergyPriceIsZeroMinutes = 240
harvester.getEnergyHarvestedAVAILABLEKilowattHours( ): 4898122.183333334
harvester.getEnergyHarvestedKilowattHours(): 3508090.4519399083
The y-int is 15
Energy harvested: 203651.35666666584
iGeneratingEnergyWhenGridNeedsEnergyMinutes =10763
iGeneratingEnergyWhenGridNeedsEnergyMinutes =10763
iUsingEnergyWhenGridNeedsEnergyMinutes =204
iGeneratingEnergyWhenGridHasExcessEnergyMinutes = 520
iUsingEnergyWhenGridHasExcessEnergyMinutes = 0
iIdleWhenGridDoesNotNeedEnergyMinutes = 45560
iIdleWhenGridNeedsEnergyMinutes = 4676256
iEnergyPriceIsZeroMinutes = 240
harvester.getEnergyHarvestedAVAILABLEKilowattHours( ): 4898122.183333334
harvester.getEnergyHarvestedKilowattHours(): 203651.35666666584
The y-int is 25
Energy harvested: 0.0
iGeneratingEnergyWhenGridNeedsEnergyMinutes =0
iGeneratingEnergyWhenGridNeedsEnergyMinutes =0
iUsingEnergyWhenGridNeedsEnergyMinutes =1
iGeneratingEnergyWhenGridHasExcessEnergyMinutes = 0
iUsingEnergyWhenGridHasExcessEnergyMinutes = 0
iIdleWhenGridDoesNotNeedEnergyMinutes = 46080
iIdleWhenGridNeedsEnergyMinutes = 4687222
iEnergyPriceIsZeroMinutes = 240
harvester.getEnergyHarvestedAVAILABLEKilowattHours( ): 4898122.183333334
harvester.getEnergyHarvestedKilowattHours(): 0.0
The y-int is 35
Energy harvested: 0.0
iGeneratingEnergyWhenGridNeedsEnergyMinutes =0
iGeneratingEnergyWhenGridNeedsEnergyMinutes =0
iUsingEnergyWhenGridNeedsEnergyMinutes =0
iGeneratingEnergyWhenGridHasExcessEnergyMinutes = 0
iUsingEnergyWhenGridHasExcessEnergyMinutes = 0
iIdleWhenGridDoesNotNeedEnergyMinutes = 46080
iIdleWhenGridNeedsEnergyMinutes = 4687223
iEnergyPriceIsZeroMinutes = 240
harvester.getEnergyHarvestedAVAILABLEKilowattHours( ): 4898122.183333334
harvester.getEnergyHarvestedKilowattHours(): 0.0
The running average is 121
The y-int is 5
Energy harvested: 3487374.5147178923
iGeneratingEnergyWhenGridNeedsEnergyMinutes =929904
iGeneratingEnergyWhenGridNeedsEnergyMinutes =929904
iUsingEnergyWhenGridNeedsEnergyMinutes =57223
iGeneratingEnergyWhenGridHasExcessEnergyMinutes = 2837
iUsingEnergyWhenGridHasExcessEnergyMinutes = 200
iIdleWhenGridDoesNotNeedEnergyMinutes = 43043
iIdleWhenGridNeedsEnergyMinutes = 3700096
iEnergyPriceIsZeroMinutes = 240
harvester.getEnergyHarvestedAVAILABLEKilowattHours( ): 4898122.183333334
harvester.getEnergyHarvestedKilowattHours(): 3487374.5147178923
The y-int is 15
Energy harvested: 177904.28583333266
iGeneratingEnergyWhenGridNeedsEnergyMinutes =9451
iGeneratingEnergyWhenGridNeedsEnergyMinutes =9451
iUsingEnergyWhenGridNeedsEnergyMinutes =104
iGeneratingEnergyWhenGridHasExcessEnergyMinutes = 520
iUsingEnergyWhenGridHasExcessEnergyMinutes = 0
iIdleWhenGridDoesNotNeedEnergyMinutes = 45560
iIdleWhenGridNeedsEnergyMinutes = 4677668
iEnergyPriceIsZeroMinutes = 240
harvester.getEnergyHarvestedAVAILABLEKilowattHours( ): 4898122.183333334
harvester.getEnergyHarvestedKilowattHours(): 177904.28583333266
The y-int is 25
Energy harvested: 0.0
iGeneratingEnergyWhenGridNeedsEnergyMinutes =0
iGeneratingEnergyWhenGridNeedsEnergyMinutes =0
iUsingEnergyWhenGridNeedsEnergyMinutes =1
iGeneratingEnergyWhenGridHasExcessEnergyMinutes = 0
iUsingEnergyWhenGridHasExcessEnergyMinutes = 0
iIdleWhenGridDoesNotNeedEnergyMinutes = 46080
iIdleWhenGridNeedsEnergyMinutes = 4687222
iEnergyPriceIsZeroMinutes = 240
harvester.getEnergyHarvestedAVAILABLEKilowattHours( ): 4898122.183333334
harvester.getEnergyHarvestedKilowattHours(): 0.0
The y-int is 35
Energy harvested: 0.0
iGeneratingEnergyWhenGridNeedsEnergyMinutes =0
iGeneratingEnergyWhenGridNeedsEnergyMinutes =0
iUsingEnergyWhenGridNeedsEnergyMinutes =0
iGeneratingEnergyWhenGridHasExcessEnergyMinutes = 0
iUsingEnergyWhenGridHasExcessEnergyMinutes = 0
iIdleWhenGridDoesNotNeedEnergyMinutes = 46080
iIdleWhenGridNeedsEnergyMinutes = 4687223
iEnergyPriceIsZeroMinutes = 240
harvester.getEnergyHarvestedAVAILABLEKilowattHours( ): 4898122.183333334
harvester.getEnergyHarvestedKilowattHours(): 0.0
Beginning testing mode:
station,&,y_intercept_for_month_1,&,running_average_size_minutes_for_month_1,&,y_intercept_for_month_2,&,running_average_size_minutes_for_month_2,&,y_intercept_for_month_3,&,running_average_size_minutes_for_month_3,&,y_intercept_for_month_4,&,running_average_size_minutes_for_month_4,&,y_intercept_for_month_5,&,running_average_size_minutes_for_month_5,&,y_intercept_for_month_6,&,running_average_size_minutes_for_month_6,&,y_intercept_for_month_7,&,running_average_size_minutes_for_month_7,&,y_intercept_for_month_8,&,running_average_size_minutes_for_month_8,&,y_intercept_for_month_9,&,running_average_size_minutes_for_month_9,&,y_intercept_for_month_10,&,running_average_size_minutes_for_month_10,&,y_intercept_for_month_11,&,running_average_size_minutes_for_month_11,&,y_intercept_for_month_12,&,running_average_size_minutes_for_month_12,&,dNetNorm,&,dMarketBalancePercentage,&,dMarketNetNorm,
results: KCLT,&,5,&,1,&,5,&,1,&,5,&,1,&,5,&,31,&,5,&,1,&,5,&,31,&,5,&,1,&,5,&,1,&,5,&,31,&,5,&,1,&,5,&,1,&,5,&,1,&,0.7058925963165711,&,0.9037611020847528,&,0.6379582708005318
monthly visible minutes:KCLT,&,2013,&,19201,&,19097,&,21315,&,21656,&,24779,&,22041,&,15100,&,13343,&,17613,&,23196,&,22064,&,21565,&,
monthly visible minutes:KCLT,&,2014,&,22800,&,21929,&,24122,&,22343,&,25523,&,20411,&,24885,&,23917,&,18290,&,20888,&,20028,&,17123,&,
monthly minutes harvester between states:KCLT,&,2013,&,2406,&,2097,&,2110,&,1216,&,1383,&,1254,&,2569,&,1994,&,1292,&,1586,&,1617,&,1754,&,
monthly minutes harvester between states:KCLT,&,2014,&,1595,&,1584,&,1738,&,1216,&,1178,&,1178,&,1663,&,1584,&,1140,&,2086,&,2353,&,2250,&,
station,&,y_intercept_for_month_1,&,running_average_size_minutes_for_month_1,&,y_intercept_for_month_2,&,running_average_size_minutes_for_month_2,&,y_intercept_for_month_3,&,running_average_size_minutes_for_month_3,&,y_intercept_for_month_4,&,running_average_size_minutes_for_month_4,&,y_intercept_for_month_5,&,running_average_size_minutes_for_month_5,&,y_intercept_for_month_6,&,running_average_size_minutes_for_month_6,&,y_intercept_for_month_7,&,running_average_size_minutes_for_month_7,&,y_intercept_for_month_8,&,running_average_size_minutes_for_month_8,&,y_intercept_for_month_9,&,running_average_size_minutes_for_month_9,&,y_intercept_for_month_10,&,running_average_size_minutes_for_month_10,&,y_intercept_for_month_11,&,running_average_size_minutes_for_month_11,&,y_intercept_for_month_12,&,running_average_size_minutes_for_month_12,&,dNetNorm,&,dMarketBalancePercentage,&,dMarketNetNorm,
results: KCLT,&,5,&,31,&,5,&,61,&,5,&,61,&,5,&,31,&,5,&,31,&,5,&,31,&,5,&,31,&,5,&,31,&,5,&,31,&,5,&,31,&,5,&,61,&,5,&,91,&,0.7026488504015239,&,0.9263085744855142,&,0.6508696549793209
monthly visible minutes:KCLT,&,2013,&,19201,&,19097,&,21315,&,21656,&,24779,&,22041,&,15100,&,13343,&,17613,&,23196,&,22064,&,21565,&,
monthly visible minutes:KCLT,&,2014,&,22800,&,21929,&,24122,&,22343,&,25523,&,20411,&,24885,&,23917,&,18290,&,20888,&,20028,&,17123,&,
monthly minutes harvester between states:KCLT,&,2013,&,2406,&,2097,&,2110,&,1216,&,1383,&,1254,&,2569,&,1994,&,1292,&,1586,&,1617,&,1754,&,
monthly minutes harvester between states:KCLT,&,2014,&,1595,&,1584,&,1738,&,1216,&,1178,&,1178,&,1663,&,1584,&,1140,&,2086,&,2353,&,2250,&,
Station: KCVG
abc: The current path is /home/guy/retractable-wind
I have found the property file.
The training windspeed filename is /trainingKCVG2004-2012in.csv
The testing windspeed filename is /testingKCVG2013-2014in.csv
Yes, the station is KCVG
Warning: The bAlsoUsePrediction no longer has any effect
iUsedAllItsAllocatedVisibilityMinutesPerMonth: 51234
Visibility Allocation Minutes:51234
HARVESTER_SIZE_SQM is 6362
Reading file
Success: /Wind turbine power curves - wind turbine power output against wind speed in knots.csv found.
Speed (Knots) = Speed(knots) vs power (kW) , Power (kW) =V90
Speed (Knots) = 0 , Power (kW) =0
Speed (Knots) = 1 , Power (kW) =0
Speed (Knots) = 2 , Power (kW) =0
Speed (Knots) = 3 , Power (kW) =0
Speed (Knots) = 4 , Power (kW) =0
Speed (Knots) = 5 , Power (kW) =0
Speed (Knots) = 6 , Power (kW) =0
Speed (Knots) = 7 , Power (kW) =38
Speed (Knots) = 8 , Power (kW) =87
Speed (Knots) = 9 , Power (kW) =141
Speed (Knots) = 10 , Power (kW) =207
Speed (Knots) = 11 , Power (kW) =286
Speed (Knots) = 12 , Power (kW) =382
Speed (Knots) = 13 , Power (kW) =496
Speed (Knots) = 14 , Power (kW) =628
Speed (Knots) = 15 , Power (kW) =781
Speed (Knots) = 16 , Power (kW) =957
Speed (Knots) = 17 , Power (kW) =1153
Speed (Knots) = 18 , Power (kW) =1366
Speed (Knots) = 19 , Power (kW) =1589
Speed (Knots) = 20 , Power (kW) =1814
Speed (Knots) = 21 , Power (kW) =2035
Speed (Knots) = 22 , Power (kW) =2250
Speed (Knots) = 23 , Power (kW) =2452
Speed (Knots) = 24 , Power (kW) =2634
Speed (Knots) = 25 , Power (kW) =2784
Speed (Knots) = 26 , Power (kW) =2888
Speed (Knots) = 27 , Power (kW) =2949
Speed (Knots) = 28 , Power (kW) =2980
Speed (Knots) = 29 , Power (kW) =2993
Speed (Knots) = 30 , Power (kW) =3000
Speed (Knots) = 31 , Power (kW) =3000
Speed (Knots) = 32 , Power (kW) =3000
Speed (Knots) = 33 , Power (kW) =3000
Speed (Knots) = 34 , Power (kW) =3000
Speed (Knots) = 35 , Power (kW) =3000
Speed (Knots) = 36 , Power (kW) =3000
Speed (Knots) = 37 , Power (kW) =3000
Speed (Knots) = 38 , Power (kW) =3000
Speed (Knots) = 39 , Power (kW) =3000
Speed (Knots) = 40 , Power (kW) =3000
Speed (Knots) = 41 , Power (kW) =3000
Speed (Knots) = 42 , Power (kW) =3000
Speed (Knots) = 43 , Power (kW) =3000
Speed (Knots) = 44 , Power (kW) =3000
Speed (Knots) = 45 , Power (kW) =3000
Speed (Knots) = 46 , Power (kW) =3000
Speed (Knots) = 47 , Power (kW) =3000
Speed (Knots) = 48 , Power (kW) =3000
Speed (Knots) = 49 , Power (kW) =0
Speed (Knots) = 50 , Power (kW) =0
Speed (Knots) = 51 , Power (kW) =0
Speed (Knots) = 52 , Power (kW) =0
Speed (Knots) = 53 , Power (kW) =0
Speed (Knots) = 54 , Power (kW) =0
Speed (Knots) = 55 , Power (kW) =0
Speed (Knots) = 56 , Power (kW) =0
Speed (Knots) = 57 , Power (kW) =0
Speed (Knots) = 58 , Power (kW) =0
Speed (Knots) = 59 , Power (kW) =0
Speed (Knots) = 60 , Power (kW) =0
The scale is 1.0
Wind power at 10 knots in kilowatts is 207.0
Wind power in-cut-out test 0.0
Aging
Class name:edu.pitt.cs.people.guy.wind.benchmarks.Aging
Success: /Noise_Allowed_Time_Definitions_All_Stations.csv found.
The station is the record is KCVG
Success: /Noise_Allowed_Time_Definitions_All_Stations.csv found.
The station is the record is KCVG
I have found the membership file for NOT WINDY.
Windspeed (knots) [0,1), Membership Value =1.00000000,1.0
Windspeed (knots) [1,2), Membership Value =0.99993104,0.99993104
Windspeed (knots) [2,3), Membership Value =0.99910231,0.9991023
Windspeed (knots) [3,4), Membership Value =0.99547484,0.9954748
Windspeed (knots) [4,5), Membership Value =0.98504723,0.9850472
Windspeed (knots) [5,6), Membership Value =0.96273147,0.9627315
Windspeed (knots) [6,7), Membership Value =0.92411764,0.9241176
Windspeed (knots) [7,8), Membership Value =0.86470912,0.86470914
Windspeed (knots) [8,9), Membership Value =0.79230455,0.7923046
Windspeed (knots) [9,10), Membership Value =0.70498803,0.704988
Windspeed (knots) [10,11), Membership Value =0.60762089,0.6076209
Windspeed (knots) [11,12), Membership Value =0.50467934,0.5046793
Windspeed (knots) [12,13), Membership Value =0.40151416,0.40151417
Windspeed (knots) [13,14), Membership Value =0.30164158,0.30164158
Windspeed (knots) [14,15), Membership Value =0.21096897,0.21096897
Windspeed (knots) [15,16), Membership Value =0.12823072,0.12823072
Windspeed (knots) [16,17), Membership Value =0.05359591,0.05359591
Windspeed (knots) [17,18), Membership Value =0.00000000,0.0
Windspeed (knots) [18,19), Membership Value =0.00000000,0.0
Windspeed (knots) [19,20), Membership Value =0.00000000,0.0
Windspeed (knots) [20,21), Membership Value =0.00000000,0.0
Windspeed (knots) [21,22), Membership Value =0.00000000,0.0
Windspeed (knots) [22,23), Membership Value =0.00000000,0.0
Windspeed (knots) [23,24), Membership Value =0.00000000,0.0
Windspeed (knots) [24,25), Membership Value =0.00000000,0.0
Windspeed (knots) [25,26), Membership Value =0.00000000,0.0
Windspeed (knots) [26,27), Membership Value =0.00000000,0.0
Windspeed (knots) [27,28), Membership Value =0.00000000,0.0
Windspeed (knots) [28,29), Membership Value =0.00000000,0.0
Windspeed (knots) [29,30), Membership Value =0.00000000,0.0
Windspeed (knots) [30,31), Membership Value =0.00000000,0.0
Windspeed (knots) [31,32), Membership Value =0.00000000,0.0
Windspeed (knots) [32,33), Membership Value =0.00000000,0.0
Windspeed (knots) [33,34), Membership Value =0.00000000,0.0
Windspeed (knots) [34,35), Membership Value =0.00000000,0.0
Windspeed (knots) [35,36), Membership Value =0.00000000,0.0
Windspeed (knots) [36,37), Membership Value =0.00000000,0.0
Windspeed (knots) [37,38), Membership Value =0.00000000,0.0
Windspeed (knots) [38,39), Membership Value =0.00000000,0.0
Windspeed (knots) [39,40), Membership Value =0.00000000,0.0
Windspeed (knots) [40,41), Membership Value =0.00000000,0.0
Windspeed (knots) [41,42), Membership Value =0.00000000,0.0
Windspeed (knots) [42,43), Membership Value =0.00000000,0.0
Windspeed (knots) [43,44), Membership Value =0.00000000,0.0
Windspeed (knots) [44,45), Membership Value =0.00000000,0.0
Windspeed (knots) [45,46), Membership Value =0.00000000,0.0
Windspeed (knots) [46,47), Membership Value =0.00000000,0.0
Windspeed (knots) [47,48), Membership Value =0.00000000,0.0
Windspeed (knots) [48,49), Membership Value =0.00000000,0.0
Windspeed (knots) [49,50), Membership Value =0.00000000,0.0
Windspeed (knots) [50,51), Membership Value =0.00000000,0.0
Windspeed (knots) [51,52), Membership Value =0.00000000,0.0
Windspeed (knots) [52,53), Membership Value =0.00000000,0.0
Windspeed (knots) [53,54), Membership Value =0.00000000,0.0
Windspeed (knots) [54,55), Membership Value =0.00000000,0.0
Windspeed (knots) [55,56), Membership Value =0.00000000,0.0
Windspeed (knots) [56,57), Membership Value =0.00000000,0.0
Windspeed (knots) [57,58), Membership Value =0.00000000,0.0
Windspeed (knots) [58,59), Membership Value =0.00000000,0.0
Windspeed (knots) [59,60), Membership Value =0.00000000,0.0
Windspeed (knots) [60,61), Membership Value =0.00000000,0.0
Windspeed (knots) [61,62), Membership Value =0.00000000,0.0
Windspeed (knots) [62,63), Membership Value =0.00000000,0.0
Windspeed (knots) [63,64), Membership Value =0.00000000,0.0
Windspeed (knots) [64,65), Membership Value =0.00000000,0.0
Windspeed (knots) [65,66), Membership Value =0.00000000,0.0
Windspeed (knots) [66,67), Membership Value =0.00000000,0.0
Windspeed (knots) [67,68), Membership Value =0.00000000,0.0
Windspeed (knots) [68,69), Membership Value =0.00000000,0.0
Windspeed (knots) [69,70), Membership Value =0.00000000,0.0
Windspeed (knots) [70,71), Membership Value =0.00000000,0.0
Windspeed (knots) [71,72), Membership Value =0.00000000,0.0
Windspeed (knots) [72,73), Membership Value =0.00000000,0.0
Windspeed (knots) [73,74), Membership Value =0.00000000,0.0
Windspeed (knots) [74,75), Membership Value =0.00000000,0.0
Windspeed (knots) [75,76), Membership Value =0.00000000,0.0
Windspeed (knots) [76,77), Membership Value =0.00000000,0.0
Windspeed (knots) [77,78), Membership Value =0.00000000,0.0
Windspeed (knots) [78,79), Membership Value =0.00000000,0.0
Windspeed (knots) [79,80), Membership Value =0.00000000,0.0
Windspeed (knots) [80,81), Membership Value =0.00000000,0.0
Windspeed (knots) [81,82), Membership Value =0.00000000,0.0
Windspeed (knots) [82,83), Membership Value =0.00000000,0.0
Windspeed (knots) [83,84), Membership Value =0.00000000,0.0
Windspeed (knots) [84,85), Membership Value =0.00000000,0.0
Windspeed (knots) [85,86), Membership Value =0.00000000,0.0
Windspeed (knots) [86,87), Membership Value =0.00000000,0.0
Windspeed (knots) [87,88), Membership Value =0.00000000,0.0
Windspeed (knots) [88,89), Membership Value =0.00000000,0.0
Windspeed (knots) [89,90), Membership Value =0.00000000,0.0
Windspeed (knots) [90,91), Membership Value =0.00000000,0.0
Windspeed (knots) [91,92), Membership Value =0.00000000,0.0
Windspeed (knots) [92,93), Membership Value =0.00000000,0.0
Windspeed (knots) [93,94), Membership Value =0.00000000,0.0
Windspeed (knots) [94,95), Membership Value =0.00000000,0.0
Windspeed (knots) [95,96), Membership Value =0.00000000,0.0
Windspeed (knots) [96,97), Membership Value =0.00000000,0.0
Windspeed (knots) [97,98), Membership Value =0.00000000,0.0
Windspeed (knots) [98,99), Membership Value =0.00000000,0.0
Windspeed (knots) [99,100), Membership Value =0.00000000,0.0
Windspeed (knots) [100,101), Membership Value =0.00000000,0.0
Windspeed (knots) [101,102), Membership Value =0.00000000,0.0
Windspeed (knots) [102,103), Membership Value =0.00000000,0.0
Windspeed (knots) [103,104), Membership Value =0.00000000,0.0
Windspeed (knots) [104,105), Membership Value =0.00000000,0.0
Windspeed (knots) [105,106), Membership Value =0.00000000,0.0
Windspeed (knots) [106,107), Membership Value =0.00000000,0.0
Windspeed (knots) [107,108), Membership Value =0.00000000,0.0
Windspeed (knots) [108,109), Membership Value =0.00000000,0.0
Windspeed (knots) [109,110), Membership Value =0.00000000,0.0
Windspeed (knots) [110,111), Membership Value =0.00000000,0.0
Windspeed (knots) [111,112), Membership Value =0.00000000,0.0
Windspeed (knots) [112,113), Membership Value =0.00000000,0.0
Windspeed (knots) [113,114), Membership Value =0.00000000,0.0
Windspeed (knots) [114,115), Membership Value =0.00000000,0.0
Windspeed (knots) [115,116), Membership Value =0.00000000,0.0
Windspeed (knots) [116,117), Membership Value =0.00000000,0.0
Windspeed (knots) [117,118), Membership Value =0.00000000,0.0
Windspeed (knots) [118,119), Membership Value =0.00000000,0.0
Windspeed (knots) [119,120), Membership Value =0.00000000,0.0
Windspeed (knots) [120,121), Membership Value =0.00000000,0.0
Windspeed (knots) [121,122), Membership Value =0.00000000,0.0
Windspeed (knots) [122,123), Membership Value =0.00000000,0.0
Windspeed (knots) [123,124), Membership Value =0.00000000,0.0
Windspeed (knots) [124,125), Membership Value =0.00000000,0.0
LowestWindspeedThatIsWindyKnots for station KCVG is 7 knots.
Transition limited :false
bUseWeatherPrediction: true
The running average is 1
The y-int is 7
Energy harvested: 7808412.176118606
iGeneratingEnergyWhenGridNeedsEnergyMinutes =1398115
iGeneratingEnergyWhenGridNeedsEnergyMinutes =1398115
iUsingEnergyWhenGridNeedsEnergyMinutes =117701
iGeneratingEnergyWhenGridHasExcessEnergyMinutes = 3566
iUsingEnergyWhenGridHasExcessEnergyMinutes = 365
iIdleWhenGridDoesNotNeedEnergyMinutes = 42149
iIdleWhenGridNeedsEnergyMinutes = 3171404
iEnergyPriceIsZeroMinutes = 240
harvester.getEnergyHarvestedAVAILABLEKilowattHours( ): 1.1543897016666668E7
harvester.getEnergyHarvestedKilowattHours(): 7808412.176118606
The y-int is 17
Energy harvested: 542482.2927777807
iGeneratingEnergyWhenGridNeedsEnergyMinutes =18509
iGeneratingEnergyWhenGridNeedsEnergyMinutes =18509
iUsingEnergyWhenGridNeedsEnergyMinutes =362
iGeneratingEnergyWhenGridHasExcessEnergyMinutes = 78
iUsingEnergyWhenGridHasExcessEnergyMinutes = 13
iIdleWhenGridDoesNotNeedEnergyMinutes = 45989
iIdleWhenGridNeedsEnergyMinutes = 4668349
iEnergyPriceIsZeroMinutes = 240
harvester.getEnergyHarvestedAVAILABLEKilowattHours( ): 1.1543897016666668E7
harvester.getEnergyHarvestedKilowattHours(): 542482.2927777807
The y-int is 27
Energy harvested: 877.0166666666667
iGeneratingEnergyWhenGridNeedsEnergyMinutes =18
iGeneratingEnergyWhenGridNeedsEnergyMinutes =18
iUsingEnergyWhenGridNeedsEnergyMinutes =1
iGeneratingEnergyWhenGridHasExcessEnergyMinutes = 0
iUsingEnergyWhenGridHasExcessEnergyMinutes = 0
iIdleWhenGridDoesNotNeedEnergyMinutes = 46080
iIdleWhenGridNeedsEnergyMinutes = 4687201
iEnergyPriceIsZeroMinutes = 240
harvester.getEnergyHarvestedAVAILABLEKilowattHours( ): 1.1543897016666668E7
harvester.getEnergyHarvestedKilowattHours(): 877.0166666666667
The y-int is 37
Energy harvested: 0.0
iGeneratingEnergyWhenGridNeedsEnergyMinutes =0
iGeneratingEnergyWhenGridNeedsEnergyMinutes =0
iUsingEnergyWhenGridNeedsEnergyMinutes =1
iGeneratingEnergyWhenGridHasExcessEnergyMinutes = 0
iUsingEnergyWhenGridHasExcessEnergyMinutes = 0
iIdleWhenGridDoesNotNeedEnergyMinutes = 46080
iIdleWhenGridNeedsEnergyMinutes = 4687219
iEnergyPriceIsZeroMinutes = 240
harvester.getEnergyHarvestedAVAILABLEKilowattHours( ): 1.1543897016666668E7
harvester.getEnergyHarvestedKilowattHours(): 0.0
The running average is 31
The y-int is 7
Energy harvested: 7760001.314170273
iGeneratingEnergyWhenGridNeedsEnergyMinutes =1370910
iGeneratingEnergyWhenGridNeedsEnergyMinutes =1370910
iUsingEnergyWhenGridNeedsEnergyMinutes =60906
iGeneratingEnergyWhenGridHasExcessEnergyMinutes = 3589
iUsingEnergyWhenGridHasExcessEnergyMinutes = 247
iIdleWhenGridDoesNotNeedEnergyMinutes = 42244
iIdleWhenGridNeedsEnergyMinutes = 3255404
iEnergyPriceIsZeroMinutes = 240
harvester.getEnergyHarvestedAVAILABLEKilowattHours( ): 1.1543897016666668E7
harvester.getEnergyHarvestedKilowattHours(): 7760001.314170273
The y-int is 17
Energy harvested: 582110.8069444472
iGeneratingEnergyWhenGridNeedsEnergyMinutes =22370
iGeneratingEnergyWhenGridNeedsEnergyMinutes =22370
iUsingEnergyWhenGridNeedsEnergyMinutes =315
iGeneratingEnergyWhenGridHasExcessEnergyMinutes = 195
iUsingEnergyWhenGridHasExcessEnergyMinutes = 0
iIdleWhenGridDoesNotNeedEnergyMinutes = 45885
iIdleWhenGridNeedsEnergyMinutes = 4664535
iEnergyPriceIsZeroMinutes = 240
harvester.getEnergyHarvestedAVAILABLEKilowattHours( ): 1.1543897016666668E7
harvester.getEnergyHarvestedKilowattHours(): 582110.8069444472
The y-int is 27
Energy harvested: 939.2
iGeneratingEnergyWhenGridNeedsEnergyMinutes =22
iGeneratingEnergyWhenGridNeedsEnergyMinutes =22
iUsingEnergyWhenGridNeedsEnergyMinutes =1
iGeneratingEnergyWhenGridHasExcessEnergyMinutes = 0
iUsingEnergyWhenGridHasExcessEnergyMinutes = 0
iIdleWhenGridDoesNotNeedEnergyMinutes = 46080
iIdleWhenGridNeedsEnergyMinutes = 4687197
iEnergyPriceIsZeroMinutes = 240
harvester.getEnergyHarvestedAVAILABLEKilowattHours( ): 1.1543897016666668E7
harvester.getEnergyHarvestedKilowattHours(): 939.2
The y-int is 37
Energy harvested: 0.0
iGeneratingEnergyWhenGridNeedsEnergyMinutes =0
iGeneratingEnergyWhenGridNeedsEnergyMinutes =0
iUsingEnergyWhenGridNeedsEnergyMinutes =1
iGeneratingEnergyWhenGridHasExcessEnergyMinutes = 0
iUsingEnergyWhenGridHasExcessEnergyMinutes = 0
iIdleWhenGridDoesNotNeedEnergyMinutes = 46080
iIdleWhenGridNeedsEnergyMinutes = 4687219
iEnergyPriceIsZeroMinutes = 240
harvester.getEnergyHarvestedAVAILABLEKilowattHours( ): 1.1543897016666668E7
harvester.getEnergyHarvestedKilowattHours(): 0.0
The running average is 61
The y-int is 7
Energy harvested: 7702137.9883363955
iGeneratingEnergyWhenGridNeedsEnergyMinutes =1338632
iGeneratingEnergyWhenGridNeedsEnergyMinutes =1338632
iUsingEnergyWhenGridNeedsEnergyMinutes =54310
iGeneratingEnergyWhenGridHasExcessEnergyMinutes = 3528
iUsingEnergyWhenGridHasExcessEnergyMinutes = 201
iIdleWhenGridDoesNotNeedEnergyMinutes = 42351
iIdleWhenGridNeedsEnergyMinutes = 3294278
iEnergyPriceIsZeroMinutes = 240
harvester.getEnergyHarvestedAVAILABLEKilowattHours( ): 1.1543897016666668E7
harvester.getEnergyHarvestedKilowattHours(): 7702137.9883363955
The y-int is 17
Energy harvested: 530323.7422222228
iGeneratingEnergyWhenGridNeedsEnergyMinutes =21161
iGeneratingEnergyWhenGridNeedsEnergyMinutes =21161
iUsingEnergyWhenGridNeedsEnergyMinutes =140
iGeneratingEnergyWhenGridHasExcessEnergyMinutes = 255
iUsingEnergyWhenGridHasExcessEnergyMinutes = 0
iIdleWhenGridDoesNotNeedEnergyMinutes = 45825
iIdleWhenGridNeedsEnergyMinutes = 4665919
iEnergyPriceIsZeroMinutes = 240
harvester.getEnergyHarvestedAVAILABLEKilowattHours( ): 1.1543897016666668E7
harvester.getEnergyHarvestedKilowattHours(): 530323.7422222228
The y-int is 27
Energy harvested: 0.0
iGeneratingEnergyWhenGridNeedsEnergyMinutes =0
iGeneratingEnergyWhenGridNeedsEnergyMinutes =0
iUsingEnergyWhenGridNeedsEnergyMinutes =1
iGeneratingEnergyWhenGridHasExcessEnergyMinutes = 0
iUsingEnergyWhenGridHasExcessEnergyMinutes = 0
iIdleWhenGridDoesNotNeedEnergyMinutes = 46080
iIdleWhenGridNeedsEnergyMinutes = 4687219
iEnergyPriceIsZeroMinutes = 240
harvester.getEnergyHarvestedAVAILABLEKilowattHours( ): 1.1543897016666668E7
harvester.getEnergyHarvestedKilowattHours(): 0.0
The y-int is 37
Energy harvested: 0.0
iGeneratingEnergyWhenGridNeedsEnergyMinutes =0
iGeneratingEnergyWhenGridNeedsEnergyMinutes =0
iUsingEnergyWhenGridNeedsEnergyMinutes =0
iGeneratingEnergyWhenGridHasExcessEnergyMinutes = 0
iUsingEnergyWhenGridHasExcessEnergyMinutes = 0
iIdleWhenGridDoesNotNeedEnergyMinutes = 46080
iIdleWhenGridNeedsEnergyMinutes = 4687220
iEnergyPriceIsZeroMinutes = 240
harvester.getEnergyHarvestedAVAILABLEKilowattHours( ): 1.1543897016666668E7
harvester.getEnergyHarvestedKilowattHours(): 0.0
The running average is 91
The y-int is 7
Energy harvested: 7644530.763613916
iGeneratingEnergyWhenGridNeedsEnergyMinutes =1309664
iGeneratingEnergyWhenGridNeedsEnergyMinutes =1309664
iUsingEnergyWhenGridNeedsEnergyMinutes =51859
iGeneratingEnergyWhenGridHasExcessEnergyMinutes = 3516
iUsingEnergyWhenGridHasExcessEnergyMinutes = 170
iIdleWhenGridDoesNotNeedEnergyMinutes = 42394
iIdleWhenGridNeedsEnergyMinutes = 3325697
iEnergyPriceIsZeroMinutes = 240
harvester.getEnergyHarvestedAVAILABLEKilowattHours( ): 1.1543897016666668E7
harvester.getEnergyHarvestedKilowattHours(): 7644530.763613916
The y-int is 17
Energy harvested: 492239.86611111154
iGeneratingEnergyWhenGridNeedsEnergyMinutes =19981
iGeneratingEnergyWhenGridNeedsEnergyMinutes =19981
iUsingEnergyWhenGridNeedsEnergyMinutes =112
iGeneratingEnergyWhenGridHasExcessEnergyMinutes = 298
iUsingEnergyWhenGridHasExcessEnergyMinutes = 0
iIdleWhenGridDoesNotNeedEnergyMinutes = 45782
iIdleWhenGridNeedsEnergyMinutes = 4667127
iEnergyPriceIsZeroMinutes = 240
harvester.getEnergyHarvestedAVAILABLEKilowattHours( ): 1.1543897016666668E7
harvester.getEnergyHarvestedKilowattHours(): 492239.86611111154
The y-int is 27
Energy harvested: 0.0
iGeneratingEnergyWhenGridNeedsEnergyMinutes =0
iGeneratingEnergyWhenGridNeedsEnergyMinutes =0
iUsingEnergyWhenGridNeedsEnergyMinutes =1
iGeneratingEnergyWhenGridHasExcessEnergyMinutes = 0
iUsingEnergyWhenGridHasExcessEnergyMinutes = 0
iIdleWhenGridDoesNotNeedEnergyMinutes = 46080
iIdleWhenGridNeedsEnergyMinutes = 4687219
iEnergyPriceIsZeroMinutes = 240
harvester.getEnergyHarvestedAVAILABLEKilowattHours( ): 1.1543897016666668E7
harvester.getEnergyHarvestedKilowattHours(): 0.0
The y-int is 37
Energy harvested: 0.0
iGeneratingEnergyWhenGridNeedsEnergyMinutes =0
iGeneratingEnergyWhenGridNeedsEnergyMinutes =0
iUsingEnergyWhenGridNeedsEnergyMinutes =0
iGeneratingEnergyWhenGridHasExcessEnergyMinutes = 0
iUsingEnergyWhenGridHasExcessEnergyMinutes = 0
iIdleWhenGridDoesNotNeedEnergyMinutes = 46080
iIdleWhenGridNeedsEnergyMinutes = 4687220
iEnergyPriceIsZeroMinutes = 240
harvester.getEnergyHarvestedAVAILABLEKilowattHours( ): 1.1543897016666668E7
harvester.getEnergyHarvestedKilowattHours(): 0.0
The running average is 121
The y-int is 7
Energy harvested: 7584071.48166944
iGeneratingEnergyWhenGridNeedsEnergyMinutes =1283815
iGeneratingEnergyWhenGridNeedsEnergyMinutes =1283815
iUsingEnergyWhenGridNeedsEnergyMinutes =50076
iGeneratingEnergyWhenGridHasExcessEnergyMinutes = 3505
iUsingEnergyWhenGridHasExcessEnergyMinutes = 170
iIdleWhenGridDoesNotNeedEnergyMinutes = 42405
iIdleWhenGridNeedsEnergyMinutes = 3353329
iEnergyPriceIsZeroMinutes = 240
harvester.getEnergyHarvestedAVAILABLEKilowattHours( ): 1.1543897016666668E7
harvester.getEnergyHarvestedKilowattHours(): 7584071.48166944
The y-int is 17
Energy harvested: 448413.2986111116
iGeneratingEnergyWhenGridNeedsEnergyMinutes =18484
iGeneratingEnergyWhenGridNeedsEnergyMinutes =18484
iUsingEnergyWhenGridNeedsEnergyMinutes =58
iGeneratingEnergyWhenGridHasExcessEnergyMinutes = 362
iUsingEnergyWhenGridHasExcessEnergyMinutes = 4
iIdleWhenGridDoesNotNeedEnergyMinutes = 45714
iIdleWhenGridNeedsEnergyMinutes = 4668678
iEnergyPriceIsZeroMinutes = 240
harvester.getEnergyHarvestedAVAILABLEKilowattHours( ): 1.1543897016666668E7
harvester.getEnergyHarvestedKilowattHours(): 448413.2986111116
The y-int is 27
Energy harvested: 0.0
iGeneratingEnergyWhenGridNeedsEnergyMinutes =0
iGeneratingEnergyWhenGridNeedsEnergyMinutes =0
iUsingEnergyWhenGridNeedsEnergyMinutes =1
iGeneratingEnergyWhenGridHasExcessEnergyMinutes = 0
iUsingEnergyWhenGridHasExcessEnergyMinutes = 0
iIdleWhenGridDoesNotNeedEnergyMinutes = 46080
iIdleWhenGridNeedsEnergyMinutes = 4687219
iEnergyPriceIsZeroMinutes = 240
harvester.getEnergyHarvestedAVAILABLEKilowattHours( ): 1.1543897016666668E7
harvester.getEnergyHarvestedKilowattHours(): 0.0
The y-int is 37
Energy harvested: 0.0
iGeneratingEnergyWhenGridNeedsEnergyMinutes =0
iGeneratingEnergyWhenGridNeedsEnergyMinutes =0
iUsingEnergyWhenGridNeedsEnergyMinutes =0
iGeneratingEnergyWhenGridHasExcessEnergyMinutes = 0
iUsingEnergyWhenGridHasExcessEnergyMinutes = 0
iIdleWhenGridDoesNotNeedEnergyMinutes = 46080
iIdleWhenGridNeedsEnergyMinutes = 4687220
iEnergyPriceIsZeroMinutes = 240
harvester.getEnergyHarvestedAVAILABLEKilowattHours( ): 1.1543897016666668E7
harvester.getEnergyHarvestedKilowattHours(): 0.0
Beginning testing mode:
station,&,y_intercept_for_month_1,&,running_average_size_minutes_for_month_1,&,y_intercept_for_month_2,&,running_average_size_minutes_for_month_2,&,y_intercept_for_month_3,&,running_average_size_minutes_for_month_3,&,y_intercept_for_month_4,&,running_average_size_minutes_for_month_4,&,y_intercept_for_month_5,&,running_average_size_minutes_for_month_5,&,y_intercept_for_month_6,&,running_average_size_minutes_for_month_6,&,y_intercept_for_month_7,&,running_average_size_minutes_for_month_7,&,y_intercept_for_month_8,&,running_average_size_minutes_for_month_8,&,y_intercept_for_month_9,&,running_average_size_minutes_for_month_9,&,y_intercept_for_month_10,&,running_average_size_minutes_for_month_10,&,y_intercept_for_month_11,&,running_average_size_minutes_for_month_11,&,y_intercept_for_month_12,&,running_average_size_minutes_for_month_12,&,dNetNorm,&,dMarketBalancePercentage,&,dMarketNetNorm,
results: KCVG,&,7,&,1,&,7,&,1,&,7,&,1,&,7,&,1,&,7,&,1,&,7,&,1,&,7,&,1,&,7,&,1,&,7,&,1,&,7,&,1,&,7,&,1,&,7,&,1,&,0.67384168058032,&,0.8971650834904669,&,0.6045472276171993
monthly visible minutes:KCVG,&,2013,&,20295,&,19001,&,20571,&,21529,&,19782,&,17290,&,15997,&,14897,&,13711,&,13748,&,18803,&,20850,&,
monthly visible minutes:KCVG,&,2014,&,20960,&,15901,&,20601,&,22047,&,20266,&,18412,&,18588,&,14964,&,13725,&,18340,&,18731,&,17404,&,
monthly minutes harvester between states:KCVG,&,2013,&,1900,&,1719,&,2386,&,2291,&,2222,&,3357,&,2676,&,3459,&,2582,&,1662,&,1711,&,1837,&,
monthly minutes harvester between states:KCVG,&,2014,&,1411,&,1654,&,2385,&,2812,&,2668,&,3634,&,3362,&,3375,&,2641,&,1584,&,1478,&,1315,&,
station,&,y_intercept_for_month_1,&,running_average_size_minutes_for_month_1,&,y_intercept_for_month_2,&,running_average_size_minutes_for_month_2,&,y_intercept_for_month_3,&,running_average_size_minutes_for_month_3,&,y_intercept_for_month_4,&,running_average_size_minutes_for_month_4,&,y_intercept_for_month_5,&,running_average_size_minutes_for_month_5,&,y_intercept_for_month_6,&,running_average_size_minutes_for_month_6,&,y_intercept_for_month_7,&,running_average_size_minutes_for_month_7,&,y_intercept_for_month_8,&,running_average_size_minutes_for_month_8,&,y_intercept_for_month_9,&,running_average_size_minutes_for_month_9,&,y_intercept_for_month_10,&,running_average_size_minutes_for_month_10,&,y_intercept_for_month_11,&,running_average_size_minutes_for_month_11,&,y_intercept_for_month_12,&,running_average_size_minutes_for_month_12,&,dNetNorm,&,dMarketBalancePercentage,&,dMarketNetNorm,
results: KCVG,&,7,&,61,&,7,&,61,&,7,&,61,&,7,&,31,&,7,&,31,&,7,&,31,&,7,&,31,&,7,&,31,&,7,&,61,&,7,&,31,&,7,&,31,&,7,&,31,&,0.6679671793200033,&,0.9361709554681823,&,0.6253314724853941
monthly visible minutes:KCVG,&,2013,&,20295,&,19001,&,20571,&,21529,&,19782,&,17290,&,15997,&,14897,&,13711,&,13748,&,18803,&,20850,&,
monthly visible minutes:KCVG,&,2014,&,20960,&,15901,&,20601,&,22047,&,20266,&,18412,&,18588,&,14964,&,13725,&,18340,&,18731,&,17404,&,
monthly minutes harvester between states:KCVG,&,2013,&,1900,&,1719,&,2386,&,2291,&,2222,&,3357,&,2676,&,3459,&,2582,&,1662,&,1711,&,1837,&,
monthly minutes harvester between states:KCVG,&,2014,&,1411,&,1654,&,2385,&,2812,&,2668,&,3634,&,3362,&,3375,&,2641,&,1584,&,1478,&,1315,&,
Station: KDCA
abc: The current path is /home/guy/retractable-wind
I have found the property file.
The training windspeed filename is /trainingKDCA2004-2012in.csv
The testing windspeed filename is /testingKDCA2013-2014in.csv
Yes, the station is KDCA
Warning: The bAlsoUsePrediction no longer has any effect
iUsedAllItsAllocatedVisibilityMinutesPerMonth: 51234
Visibility Allocation Minutes:51234
HARVESTER_SIZE_SQM is 6362
Reading file
Success: /Wind turbine power curves - wind turbine power output against wind speed in knots.csv found.
Speed (Knots) = Speed(knots) vs power (kW) , Power (kW) =V90
Speed (Knots) = 0 , Power (kW) =0
Speed (Knots) = 1 , Power (kW) =0
Speed (Knots) = 2 , Power (kW) =0
Speed (Knots) = 3 , Power (kW) =0
Speed (Knots) = 4 , Power (kW) =0
Speed (Knots) = 5 , Power (kW) =0
Speed (Knots) = 6 , Power (kW) =0
Speed (Knots) = 7 , Power (kW) =38
Speed (Knots) = 8 , Power (kW) =87
Speed (Knots) = 9 , Power (kW) =141
Speed (Knots) = 10 , Power (kW) =207
Speed (Knots) = 11 , Power (kW) =286
Speed (Knots) = 12 , Power (kW) =382
Speed (Knots) = 13 , Power (kW) =496
Speed (Knots) = 14 , Power (kW) =628
Speed (Knots) = 15 , Power (kW) =781
Speed (Knots) = 16 , Power (kW) =957
Speed (Knots) = 17 , Power (kW) =1153
Speed (Knots) = 18 , Power (kW) =1366
Speed (Knots) = 19 , Power (kW) =1589
Speed (Knots) = 20 , Power (kW) =1814
Speed (Knots) = 21 , Power (kW) =2035
Speed (Knots) = 22 , Power (kW) =2250
Speed (Knots) = 23 , Power (kW) =2452
Speed (Knots) = 24 , Power (kW) =2634
Speed (Knots) = 25 , Power (kW) =2784
Speed (Knots) = 26 , Power (kW) =2888
Speed (Knots) = 27 , Power (kW) =2949
Speed (Knots) = 28 , Power (kW) =2980
Speed (Knots) = 29 , Power (kW) =2993
Speed (Knots) = 30 , Power (kW) =3000
Speed (Knots) = 31 , Power (kW) =3000
Speed (Knots) = 32 , Power (kW) =3000
Speed (Knots) = 33 , Power (kW) =3000
Speed (Knots) = 34 , Power (kW) =3000
Speed (Knots) = 35 , Power (kW) =3000
Speed (Knots) = 36 , Power (kW) =3000
Speed (Knots) = 37 , Power (kW) =3000
Speed (Knots) = 38 , Power (kW) =3000
Speed (Knots) = 39 , Power (kW) =3000
Speed (Knots) = 40 , Power (kW) =3000
Speed (Knots) = 41 , Power (kW) =3000
Speed (Knots) = 42 , Power (kW) =3000
Speed (Knots) = 43 , Power (kW) =3000
Speed (Knots) = 44 , Power (kW) =3000
Speed (Knots) = 45 , Power (kW) =3000
Speed (Knots) = 46 , Power (kW) =3000
Speed (Knots) = 47 , Power (kW) =3000
Speed (Knots) = 48 , Power (kW) =3000
Speed (Knots) = 49 , Power (kW) =0
Speed (Knots) = 50 , Power (kW) =0
Speed (Knots) = 51 , Power (kW) =0
Speed (Knots) = 52 , Power (kW) =0
Speed (Knots) = 53 , Power (kW) =0
Speed (Knots) = 54 , Power (kW) =0
Speed (Knots) = 55 , Power (kW) =0
Speed (Knots) = 56 , Power (kW) =0
Speed (Knots) = 57 , Power (kW) =0
Speed (Knots) = 58 , Power (kW) =0
Speed (Knots) = 59 , Power (kW) =0
Speed (Knots) = 60 , Power (kW) =0
The scale is 1.0
Wind power at 10 knots in kilowatts is 207.0
Wind power in-cut-out test 0.0
Aging
Class name:edu.pitt.cs.people.guy.wind.benchmarks.Aging
Success: /Noise_Allowed_Time_Definitions_All_Stations.csv found.
The station is the record is KDCA
Success: /Noise_Allowed_Time_Definitions_All_Stations.csv found.
The station is the record is KDCA
I have found the membership file for NOT WINDY.
Windspeed (knots) [0,1), Membership Value =1.00000000,1.0
Windspeed (knots) [1,2), Membership Value =0.99995870,0.9999587
Windspeed (knots) [2,3), Membership Value =0.99931406,0.99931407
Windspeed (knots) [3,4), Membership Value =0.99597394,0.99597394
Windspeed (knots) [4,5), Membership Value =0.98645224,0.9864522
Windspeed (knots) [5,6), Membership Value =0.96729674,0.9672967
Windspeed (knots) [6,7), Membership Value =0.93346797,0.933468
Windspeed (knots) [7,8), Membership Value =0.88326361,0.8832636
Windspeed (knots) [8,9), Membership Value =0.81258633,0.8125863
Windspeed (knots) [9,10), Membership Value =0.72894185,0.72894186
Windspeed (knots) [10,11), Membership Value =0.63205387,0.63205385
Windspeed (knots) [11,12), Membership Value =0.53365487,0.53365487
Windspeed (knots) [12,13), Membership Value =0.42929035,0.42929035
Windspeed (knots) [13,14), Membership Value =0.33305771,0.3330577
Windspeed (knots) [14,15), Membership Value =0.24499256,0.24499255
Windspeed (knots) [15,16), Membership Value =0.16346385,0.16346385
Windspeed (knots) [16,17), Membership Value =0.09114446,0.09114446
Windspeed (knots) [17,18), Membership Value =0.02753661,0.02753661
Windspeed (knots) [18,19), Membership Value =0.00000000,0.0
Windspeed (knots) [19,20), Membership Value =0.00000000,0.0
Windspeed (knots) [20,21), Membership Value =0.00000000,0.0
Windspeed (knots) [21,22), Membership Value =0.00000000,0.0
Windspeed (knots) [22,23), Membership Value =0.00000000,0.0
Windspeed (knots) [23,24), Membership Value =0.00000000,0.0
Windspeed (knots) [24,25), Membership Value =0.00000000,0.0
Windspeed (knots) [25,26), Membership Value =0.00000000,0.0
Windspeed (knots) [26,27), Membership Value =0.00000000,0.0
Windspeed (knots) [27,28), Membership Value =0.00000000,0.0
Windspeed (knots) [28,29), Membership Value =0.00000000,0.0
Windspeed (knots) [29,30), Membership Value =0.00000000,0.0
Windspeed (knots) [30,31), Membership Value =0.00000000,0.0
Windspeed (knots) [31,32), Membership Value =0.00000000,0.0
Windspeed (knots) [32,33), Membership Value =0.00000000,0.0
Windspeed (knots) [33,34), Membership Value =0.00000000,0.0
Windspeed (knots) [34,35), Membership Value =0.00000000,0.0
Windspeed (knots) [35,36), Membership Value =0.00000000,0.0
Windspeed (knots) [36,37), Membership Value =0.00000000,0.0
Windspeed (knots) [37,38), Membership Value =0.00000000,0.0
Windspeed (knots) [38,39), Membership Value =0.00000000,0.0
Windspeed (knots) [39,40), Membership Value =0.00000000,0.0
Windspeed (knots) [40,41), Membership Value =0.00000000,0.0
Windspeed (knots) [41,42), Membership Value =0.00000000,0.0
Windspeed (knots) [42,43), Membership Value =0.00000000,0.0
Windspeed (knots) [43,44), Membership Value =0.00000000,0.0
Windspeed (knots) [44,45), Membership Value =0.00000000,0.0
Windspeed (knots) [45,46), Membership Value =0.00000000,0.0
Windspeed (knots) [46,47), Membership Value =0.00000000,0.0
Windspeed (knots) [47,48), Membership Value =0.00000000,0.0
Windspeed (knots) [48,49), Membership Value =0.00000000,0.0
Windspeed (knots) [49,50), Membership Value =0.00000000,0.0
Windspeed (knots) [50,51), Membership Value =0.00000000,0.0
Windspeed (knots) [51,52), Membership Value =0.00000000,0.0
Windspeed (knots) [52,53), Membership Value =0.00000000,0.0
Windspeed (knots) [53,54), Membership Value =0.00000000,0.0
Windspeed (knots) [54,55), Membership Value =0.00000000,0.0
Windspeed (knots) [55,56), Membership Value =0.00000000,0.0
Windspeed (knots) [56,57), Membership Value =0.00000000,0.0
Windspeed (knots) [57,58), Membership Value =0.00000000,0.0
Windspeed (knots) [58,59), Membership Value =0.00000000,0.0
Windspeed (knots) [59,60), Membership Value =0.00000000,0.0
Windspeed (knots) [60,61), Membership Value =0.00000000,0.0
Windspeed (knots) [61,62), Membership Value =0.00000000,0.0
Windspeed (knots) [62,63), Membership Value =0.00000000,0.0
Windspeed (knots) [63,64), Membership Value =0.00000000,0.0
Windspeed (knots) [64,65), Membership Value =0.00000000,0.0
Windspeed (knots) [65,66), Membership Value =0.00000000,0.0
Windspeed (knots) [66,67), Membership Value =0.00000000,0.0
Windspeed (knots) [67,68), Membership Value =0.00000000,0.0
Windspeed (knots) [68,69), Membership Value =0.00000000,0.0
Windspeed (knots) [69,70), Membership Value =0.00000000,0.0
Windspeed (knots) [70,71), Membership Value =0.00000000,0.0
Windspeed (knots) [71,72), Membership Value =0.00000000,0.0
Windspeed (knots) [72,73), Membership Value =0.00000000,0.0
Windspeed (knots) [73,74), Membership Value =0.00000000,0.0
Windspeed (knots) [74,75), Membership Value =0.00000000,0.0
Windspeed (knots) [75,76), Membership Value =0.00000000,0.0
Windspeed (knots) [76,77), Membership Value =0.00000000,0.0
Windspeed (knots) [77,78), Membership Value =0.00000000,0.0
Windspeed (knots) [78,79), Membership Value =0.00000000,0.0
Windspeed (knots) [79,80), Membership Value =0.00000000,0.0
Windspeed (knots) [80,81), Membership Value =0.00000000,0.0
Windspeed (knots) [81,82), Membership Value =0.00000000,0.0
Windspeed (knots) [82,83), Membership Value =0.00000000,0.0
Windspeed (knots) [83,84), Membership Value =0.00000000,0.0
Windspeed (knots) [84,85), Membership Value =0.00000000,0.0
Windspeed (knots) [85,86), Membership Value =0.00000000,0.0
Windspeed (knots) [86,87), Membership Value =0.00000000,0.0
Windspeed (knots) [87,88), Membership Value =0.00000000,0.0
Windspeed (knots) [88,89), Membership Value =0.00000000,0.0
Windspeed (knots) [89,90), Membership Value =0.00000000,0.0
Windspeed (knots) [90,91), Membership Value =0.00000000,0.0
Windspeed (knots) [91,92), Membership Value =0.00000000,0.0
Windspeed (knots) [92,93), Membership Value =0.00000000,0.0
Windspeed (knots) [93,94), Membership Value =0.00000000,0.0
Windspeed (knots) [94,95), Membership Value =0.00000000,0.0
Windspeed (knots) [95,96), Membership Value =0.00000000,0.0
Windspeed (knots) [96,97), Membership Value =0.00000000,0.0
Windspeed (knots) [97,98), Membership Value =0.00000000,0.0
Windspeed (knots) [98,99), Membership Value =0.00000000,0.0
Windspeed (knots) [99,100), Membership Value =0.00000000,0.0
Windspeed (knots) [100,101), Membership Value =0.00000000,0.0
Windspeed (knots) [101,102), Membership Value =0.00000000,0.0
Windspeed (knots) [102,103), Membership Value =0.00000000,0.0
Windspeed (knots) [103,104), Membership Value =0.00000000,0.0
Windspeed (knots) [104,105), Membership Value =0.00000000,0.0
Windspeed (knots) [105,106), Membership Value =0.00000000,0.0
Windspeed (knots) [106,107), Membership Value =0.00000000,0.0
Windspeed (knots) [107,108), Membership Value =0.00000000,0.0
Windspeed (knots) [108,109), Membership Value =0.00000000,0.0
Windspeed (knots) [109,110), Membership Value =0.00000000,0.0
Windspeed (knots) [110,111), Membership Value =0.00000000,0.0
Windspeed (knots) [111,112), Membership Value =0.00000000,0.0
Windspeed (knots) [112,113), Membership Value =0.00000000,0.0
Windspeed (knots) [113,114), Membership Value =0.00000000,0.0
Windspeed (knots) [114,115), Membership Value =0.00000000,0.0
Windspeed (knots) [115,116), Membership Value =0.00000000,0.0
Windspeed (knots) [116,117), Membership Value =0.00000000,0.0
Windspeed (knots) [117,118), Membership Value =0.00000000,0.0
Windspeed (knots) [118,119), Membership Value =0.00000000,0.0
Windspeed (knots) [119,120), Membership Value =0.00000000,0.0
Windspeed (knots) [120,121), Membership Value =0.00000000,0.0
Windspeed (knots) [121,122), Membership Value =0.00000000,0.0
Windspeed (knots) [122,123), Membership Value =0.00000000,0.0
Windspeed (knots) [123,124), Membership Value =0.00000000,0.0
Windspeed (knots) [124,125), Membership Value =0.00000000,0.0
LowestWindspeedThatIsWindyKnots for station KDCA is 7 knots.
Transition limited :false
bUseWeatherPrediction: true
The running average is 1
The y-int is 7
Energy harvested: 6587120.598889675
iGeneratingEnergyWhenGridNeedsEnergyMinutes =1068877
iGeneratingEnergyWhenGridNeedsEnergyMinutes =1068877
iUsingEnergyWhenGridNeedsEnergyMinutes =87524
iGeneratingEnergyWhenGridHasExcessEnergyMinutes = 1099
iUsingEnergyWhenGridHasExcessEnergyMinutes = 96
iIdleWhenGridDoesNotNeedEnergyMinutes = 44885
iIdleWhenGridNeedsEnergyMinutes = 3531998
iEnergyPriceIsZeroMinutes = 240
harvester.getEnergyHarvestedAVAILABLEKilowattHours( ): 1.29294752E7
harvester.getEnergyHarvestedKilowattHours(): 6587120.598889675
The y-int is 17
Energy harvested: 544966.6902777788
iGeneratingEnergyWhenGridNeedsEnergyMinutes =18222
iGeneratingEnergyWhenGridNeedsEnergyMinutes =18222
iUsingEnergyWhenGridNeedsEnergyMinutes =263
iGeneratingEnergyWhenGridHasExcessEnergyMinutes = 0
iUsingEnergyWhenGridHasExcessEnergyMinutes = 0
iIdleWhenGridDoesNotNeedEnergyMinutes = 46080
iIdleWhenGridNeedsEnergyMinutes = 4669914
iEnergyPriceIsZeroMinutes = 240
harvester.getEnergyHarvestedAVAILABLEKilowattHours( ): 1.29294752E7
harvester.getEnergyHarvestedKilowattHours(): 544966.6902777788
The y-int is 27
Energy harvested: 20114.75
iGeneratingEnergyWhenGridNeedsEnergyMinutes =405
iGeneratingEnergyWhenGridNeedsEnergyMinutes =405
iUsingEnergyWhenGridNeedsEnergyMinutes =1
iGeneratingEnergyWhenGridHasExcessEnergyMinutes = 0
iUsingEnergyWhenGridHasExcessEnergyMinutes = 0
iIdleWhenGridDoesNotNeedEnergyMinutes = 46080
iIdleWhenGridNeedsEnergyMinutes = 4687993
iEnergyPriceIsZeroMinutes = 240
harvester.getEnergyHarvestedAVAILABLEKilowattHours( ): 1.29294752E7
harvester.getEnergyHarvestedKilowattHours(): 20114.75
The y-int is 37
Energy harvested: 0.0
iGeneratingEnergyWhenGridNeedsEnergyMinutes =0
iGeneratingEnergyWhenGridNeedsEnergyMinutes =0
iUsingEnergyWhenGridNeedsEnergyMinutes =1
iGeneratingEnergyWhenGridHasExcessEnergyMinutes = 0
iUsingEnergyWhenGridHasExcessEnergyMinutes = 0
iIdleWhenGridDoesNotNeedEnergyMinutes = 46080
iIdleWhenGridNeedsEnergyMinutes = 4688398
iEnergyPriceIsZeroMinutes = 240
harvester.getEnergyHarvestedAVAILABLEKilowattHours( ): 1.29294752E7
harvester.getEnergyHarvestedKilowattHours(): 0.0
The running average is 31
The y-int is 7
Energy harvested: 6544661.577222667
iGeneratingEnergyWhenGridNeedsEnergyMinutes =1046792
iGeneratingEnergyWhenGridNeedsEnergyMinutes =1046792
iUsingEnergyWhenGridNeedsEnergyMinutes =54714
iGeneratingEnergyWhenGridHasExcessEnergyMinutes = 1072
iUsingEnergyWhenGridHasExcessEnergyMinutes = 76
iIdleWhenGridDoesNotNeedEnergyMinutes = 44932
iIdleWhenGridNeedsEnergyMinutes = 3586893
iEnergyPriceIsZeroMinutes = 240
harvester.getEnergyHarvestedAVAILABLEKilowattHours( ): 1.29294752E7
harvester.getEnergyHarvestedKilowattHours(): 6544661.577222667
The y-int is 17
Energy harvested: 597882.0208333348
iGeneratingEnergyWhenGridNeedsEnergyMinutes =21900
iGeneratingEnergyWhenGridNeedsEnergyMinutes =21900
iUsingEnergyWhenGridNeedsEnergyMinutes =212
iGeneratingEnergyWhenGridHasExcessEnergyMinutes = 0
iUsingEnergyWhenGridHasExcessEnergyMinutes = 0
iIdleWhenGridDoesNotNeedEnergyMinutes = 46080
iIdleWhenGridNeedsEnergyMinutes = 4666287
iEnergyPriceIsZeroMinutes = 240
harvester.getEnergyHarvestedAVAILABLEKilowattHours( ): 1.29294752E7
harvester.getEnergyHarvestedKilowattHours(): 597882.0208333348
The y-int is 27
Energy harvested: 21906.233333333334
iGeneratingEnergyWhenGridNeedsEnergyMinutes =452
iGeneratingEnergyWhenGridNeedsEnergyMinutes =452
iUsingEnergyWhenGridNeedsEnergyMinutes =1
iGeneratingEnergyWhenGridHasExcessEnergyMinutes = 0
iUsingEnergyWhenGridHasExcessEnergyMinutes = 0
iIdleWhenGridDoesNotNeedEnergyMinutes = 46080
iIdleWhenGridNeedsEnergyMinutes = 4687946
iEnergyPriceIsZeroMinutes = 240
harvester.getEnergyHarvestedAVAILABLEKilowattHours( ): 1.29294752E7
harvester.getEnergyHarvestedKilowattHours(): 21906.233333333334
The y-int is 37
Energy harvested: 0.0
iGeneratingEnergyWhenGridNeedsEnergyMinutes =0
iGeneratingEnergyWhenGridNeedsEnergyMinutes =0
iUsingEnergyWhenGridNeedsEnergyMinutes =1
iGeneratingEnergyWhenGridHasExcessEnergyMinutes = 0
iUsingEnergyWhenGridHasExcessEnergyMinutes = 0
iIdleWhenGridDoesNotNeedEnergyMinutes = 46080
iIdleWhenGridNeedsEnergyMinutes = 4688398
iEnergyPriceIsZeroMinutes = 240
harvester.getEnergyHarvestedAVAILABLEKilowattHours( ): 1.29294752E7
harvester.getEnergyHarvestedKilowattHours(): 0.0
The running average is 61
The y-int is 7
Energy harvested: 6493719.194166956
iGeneratingEnergyWhenGridNeedsEnergyMinutes =1022053
iGeneratingEnergyWhenGridNeedsEnergyMinutes =1022053
iUsingEnergyWhenGridNeedsEnergyMinutes =49019
iGeneratingEnergyWhenGridHasExcessEnergyMinutes = 1051
iUsingEnergyWhenGridHasExcessEnergyMinutes = 76
iIdleWhenGridDoesNotNeedEnergyMinutes = 44953
iIdleWhenGridNeedsEnergyMinutes = 3617327
iEnergyPriceIsZeroMinutes = 240
harvester.getEnergyHarvestedAVAILABLEKilowattHours( ): 1.29294752E7
harvester.getEnergyHarvestedKilowattHours(): 6493719.194166956
The y-int is 17
Energy harvested: 559254.5872222235
iGeneratingEnergyWhenGridNeedsEnergyMinutes =20697
iGeneratingEnergyWhenGridNeedsEnergyMinutes =20697
iUsingEnergyWhenGridNeedsEnergyMinutes =101
iGeneratingEnergyWhenGridHasExcessEnergyMinutes = 0
iUsingEnergyWhenGridHasExcessEnergyMinutes = 0
iIdleWhenGridDoesNotNeedEnergyMinutes = 46080
iIdleWhenGridNeedsEnergyMinutes = 4667601
iEnergyPriceIsZeroMinutes = 240
harvester.getEnergyHarvestedAVAILABLEKilowattHours( ): 1.29294752E7
harvester.getEnergyHarvestedKilowattHours(): 559254.5872222235
The y-int is 27
Energy harvested: 20293.7
iGeneratingEnergyWhenGridNeedsEnergyMinutes =421
iGeneratingEnergyWhenGridNeedsEnergyMinutes =421
iUsingEnergyWhenGridNeedsEnergyMinutes =1
iGeneratingEnergyWhenGridHasExcessEnergyMinutes = 0
iUsingEnergyWhenGridHasExcessEnergyMinutes = 0
iIdleWhenGridDoesNotNeedEnergyMinutes = 46080
iIdleWhenGridNeedsEnergyMinutes = 4687977
iEnergyPriceIsZeroMinutes = 240
harvester.getEnergyHarvestedAVAILABLEKilowattHours( ): 1.29294752E7
harvester.getEnergyHarvestedKilowattHours(): 20293.7
The y-int is 37
Energy harvested: 0.0
iGeneratingEnergyWhenGridNeedsEnergyMinutes =0
iGeneratingEnergyWhenGridNeedsEnergyMinutes =0
iUsingEnergyWhenGridNeedsEnergyMinutes =1
iGeneratingEnergyWhenGridHasExcessEnergyMinutes = 0
iUsingEnergyWhenGridHasExcessEnergyMinutes = 0
iIdleWhenGridDoesNotNeedEnergyMinutes = 46080
iIdleWhenGridNeedsEnergyMinutes = 4688398
iEnergyPriceIsZeroMinutes = 240
harvester.getEnergyHarvestedAVAILABLEKilowattHours( ): 1.29294752E7
harvester.getEnergyHarvestedKilowattHours(): 0.0
The running average is 91
The y-int is 7
Energy harvested: 6442893.299444688
iGeneratingEnergyWhenGridNeedsEnergyMinutes =1001882
iGeneratingEnergyWhenGridNeedsEnergyMinutes =1001882
iUsingEnergyWhenGridNeedsEnergyMinutes =46442
iGeneratingEnergyWhenGridHasExcessEnergyMinutes = 1093
iUsingEnergyWhenGridHasExcessEnergyMinutes = 42
iIdleWhenGridDoesNotNeedEnergyMinutes = 44945
iIdleWhenGridNeedsEnergyMinutes = 3640075
iEnergyPriceIsZeroMinutes = 240
harvester.getEnergyHarvestedAVAILABLEKilowattHours( ): 1.29294752E7
harvester.getEnergyHarvestedKilowattHours(): 6442893.299444688
The y-int is 17
Energy harvested: 522304.0286111121
iGeneratingEnergyWhenGridNeedsEnergyMinutes =19858
iGeneratingEnergyWhenGridNeedsEnergyMinutes =19858
iUsingEnergyWhenGridNeedsEnergyMinutes =73
iGeneratingEnergyWhenGridHasExcessEnergyMinutes = 0
iUsingEnergyWhenGridHasExcessEnergyMinutes = 0
iIdleWhenGridDoesNotNeedEnergyMinutes = 46080
iIdleWhenGridNeedsEnergyMinutes = 4668468
iEnergyPriceIsZeroMinutes = 240
harvester.getEnergyHarvestedAVAILABLEKilowattHours( ): 1.29294752E7
harvester.getEnergyHarvestedKilowattHours(): 522304.0286111121
The y-int is 27
Energy harvested: 19041.283333333333
iGeneratingEnergyWhenGridNeedsEnergyMinutes =399
iGeneratingEnergyWhenGridNeedsEnergyMinutes =399
iUsingEnergyWhenGridNeedsEnergyMinutes =1
iGeneratingEnergyWhenGridHasExcessEnergyMinutes = 0
iUsingEnergyWhenGridHasExcessEnergyMinutes = 0
iIdleWhenGridDoesNotNeedEnergyMinutes = 46080
iIdleWhenGridNeedsEnergyMinutes = 4687999
iEnergyPriceIsZeroMinutes = 240
harvester.getEnergyHarvestedAVAILABLEKilowattHours( ): 1.29294752E7
harvester.getEnergyHarvestedKilowattHours(): 19041.283333333333
The y-int is 37
Energy harvested: 0.0
iGeneratingEnergyWhenGridNeedsEnergyMinutes =0
iGeneratingEnergyWhenGridNeedsEnergyMinutes =0
iUsingEnergyWhenGridNeedsEnergyMinutes =1
iGeneratingEnergyWhenGridHasExcessEnergyMinutes = 0
iUsingEnergyWhenGridHasExcessEnergyMinutes = 0
iIdleWhenGridDoesNotNeedEnergyMinutes = 46080
iIdleWhenGridNeedsEnergyMinutes = 4688398
iEnergyPriceIsZeroMinutes = 240
harvester.getEnergyHarvestedAVAILABLEKilowattHours( ): 1.29294752E7
harvester.getEnergyHarvestedKilowattHours(): 0.0
The running average is 121
The y-int is 7
Energy harvested: 6392252.56611132
iGeneratingEnergyWhenGridNeedsEnergyMinutes =981635
iGeneratingEnergyWhenGridNeedsEnergyMinutes =981635
iUsingEnergyWhenGridNeedsEnergyMinutes =44242
iGeneratingEnergyWhenGridHasExcessEnergyMinutes = 1024
iUsingEnergyWhenGridHasExcessEnergyMinutes = 38
iIdleWhenGridDoesNotNeedEnergyMinutes = 45018
iIdleWhenGridNeedsEnergyMinutes = 3662522
iEnergyPriceIsZeroMinutes = 240
harvester.getEnergyHarvestedAVAILABLEKilowattHours( ): 1.29294752E7
harvester.getEnergyHarvestedKilowattHours(): 6392252.56611132
The y-int is 17
Energy harvested: 478274.3327777782
iGeneratingEnergyWhenGridNeedsEnergyMinutes =18508
iGeneratingEnergyWhenGridNeedsEnergyMinutes =18508
iUsingEnergyWhenGridNeedsEnergyMinutes =56
iGeneratingEnergyWhenGridHasExcessEnergyMinutes = 0
iUsingEnergyWhenGridHasExcessEnergyMinutes = 0
iIdleWhenGridDoesNotNeedEnergyMinutes = 46080
iIdleWhenGridNeedsEnergyMinutes = 4669835
iEnergyPriceIsZeroMinutes = 240
harvester.getEnergyHarvestedAVAILABLEKilowattHours( ): 1.29294752E7
harvester.getEnergyHarvestedKilowattHours(): 478274.3327777782
The y-int is 27
Energy harvested: 17631.866666666665
iGeneratingEnergyWhenGridNeedsEnergyMinutes =376
iGeneratingEnergyWhenGridNeedsEnergyMinutes =376
iUsingEnergyWhenGridNeedsEnergyMinutes =1
iGeneratingEnergyWhenGridHasExcessEnergyMinutes = 0
iUsingEnergyWhenGridHasExcessEnergyMinutes = 0
iIdleWhenGridDoesNotNeedEnergyMinutes = 46080
iIdleWhenGridNeedsEnergyMinutes = 4688022
iEnergyPriceIsZeroMinutes = 240
harvester.getEnergyHarvestedAVAILABLEKilowattHours( ): 1.29294752E7
harvester.getEnergyHarvestedKilowattHours(): 17631.866666666665
The y-int is 37
Energy harvested: 0.0
iGeneratingEnergyWhenGridNeedsEnergyMinutes =0
iGeneratingEnergyWhenGridNeedsEnergyMinutes =0
iUsingEnergyWhenGridNeedsEnergyMinutes =1
iGeneratingEnergyWhenGridHasExcessEnergyMinutes = 0
iUsingEnergyWhenGridHasExcessEnergyMinutes = 0
iIdleWhenGridDoesNotNeedEnergyMinutes = 46080
iIdleWhenGridNeedsEnergyMinutes = 4688398
iEnergyPriceIsZeroMinutes = 240
harvester.getEnergyHarvestedAVAILABLEKilowattHours( ): 1.29294752E7
harvester.getEnergyHarvestedKilowattHours(): 0.0
Beginning testing mode:
station,&,y_intercept_for_month_1,&,running_average_size_minutes_for_month_1,&,y_intercept_for_month_2,&,running_average_size_minutes_for_month_2,&,y_intercept_for_month_3,&,running_average_size_minutes_for_month_3,&,y_intercept_for_month_4,&,running_average_size_minutes_for_month_4,&,y_intercept_for_month_5,&,running_average_size_minutes_for_month_5,&,y_intercept_for_month_6,&,running_average_size_minutes_for_month_6,&,y_intercept_for_month_7,&,running_average_size_minutes_for_month_7,&,y_intercept_for_month_8,&,running_average_size_minutes_for_month_8,&,y_intercept_for_month_9,&,running_average_size_minutes_for_month_9,&,y_intercept_for_month_10,&,running_average_size_minutes_for_month_10,&,y_intercept_for_month_11,&,running_average_size_minutes_for_month_11,&,y_intercept_for_month_12,&,running_average_size_minutes_for_month_12,&,dNetNorm,&,dMarketBalancePercentage,&,dMarketNetNorm,
results: KDCA,&,7,&,1,&,7,&,1,&,7,&,31,&,7,&,1,&,7,&,1,&,7,&,1,&,7,&,1,&,7,&,1,&,7,&,31,&,7,&,1,&,7,&,1,&,7,&,1,&,0.5128862600333581,&,0.9218853325624953,&,0.4728223203975868
monthly visible minutes:KDCA,&,2013,&,12737,&,13587,&,16749,&,16453,&,18169,&,16868,&,17139,&,18179,&,8551,&,8855,&,10669,&,8195,&,
monthly visible minutes:KDCA,&,2014,&,13412,&,12224,&,13888,&,14854,&,13188,&,12771,&,14037,&,11066,&,10541,&,13622,&,13911,&,9856,&,
monthly minutes harvester between states:KDCA,&,2013,&,1360,&,1835,&,1178,&,1570,&,1482,&,1857,&,1584,&,1829,&,684,&,659,&,913,&,1078,&,
monthly minutes harvester between states:KDCA,&,2014,&,1689,&,1743,&,1026,&,1723,&,1985,&,2013,&,1920,&,2189,&,858,&,1367,&,1446,&,1080,&,
station,&,y_intercept_for_month_1,&,running_average_size_minutes_for_month_1,&,y_intercept_for_month_2,&,running_average_size_minutes_for_month_2,&,y_intercept_for_month_3,&,running_average_size_minutes_for_month_3,&,y_intercept_for_month_4,&,running_average_size_minutes_for_month_4,&,y_intercept_for_month_5,&,running_average_size_minutes_for_month_5,&,y_intercept_for_month_6,&,running_average_size_minutes_for_month_6,&,y_intercept_for_month_7,&,running_average_size_minutes_for_month_7,&,y_intercept_for_month_8,&,running_average_size_minutes_for_month_8,&,y_intercept_for_month_9,&,running_average_size_minutes_for_month_9,&,y_intercept_for_month_10,&,running_average_size_minutes_for_month_10,&,y_intercept_for_month_11,&,running_average_size_minutes_for_month_11,&,y_intercept_for_month_12,&,running_average_size_minutes_for_month_12,&,dNetNorm,&,dMarketBalancePercentage,&,dMarketNetNorm,
results: KDCA,&,7,&,31,&,7,&,61,&,7,&,31,&,7,&,31,&,7,&,31,&,7,&,31,&,7,&,31,&,7,&,31,&,7,&,61,&,7,&,61,&,7,&,31,&,7,&,31,&,0.5070296716231073,&,0.9419925026896181,&,0.47761814931014607
monthly visible minutes:KDCA,&,2013,&,12737,&,13587,&,16749,&,16453,&,18169,&,16868,&,17139,&,18179,&,8551,&,8855,&,10669,&,8195,&,
monthly visible minutes:KDCA,&,2014,&,13412,&,12224,&,13888,&,14854,&,13188,&,12771,&,14037,&,11066,&,10541,&,13622,&,13911,&,9856,&,
monthly minutes harvester between states:KDCA,&,2013,&,1360,&,1835,&,1178,&,1570,&,1482,&,1857,&,1584,&,1829,&,684,&,659,&,913,&,1078,&,
monthly minutes harvester between states:KDCA,&,2014,&,1689,&,1743,&,1026,&,1723,&,1985,&,2013,&,1920,&,2189,&,858,&,1367,&,1446,&,1080,&,
Station: KDEN
abc: The current path is /home/guy/retractable-wind
I have found the property file.
The training windspeed filename is /trainingKDEN2004-2012in.csv
The testing windspeed filename is /testingKDEN2013-2014in.csv
Yes, the station is KDEN
Warning: The bAlsoUsePrediction no longer has any effect
iUsedAllItsAllocatedVisibilityMinutesPerMonth: 51234
Visibility Allocation Minutes:51234
HARVESTER_SIZE_SQM is 6362
Reading file
Success: /Wind turbine power curves - wind turbine power output against wind speed in knots.csv found.
Speed (Knots) = Speed(knots) vs power (kW) , Power (kW) =V90
Speed (Knots) = 0 , Power (kW) =0
Speed (Knots) = 1 , Power (kW) =0
Speed (Knots) = 2 , Power (kW) =0
Speed (Knots) = 3 , Power (kW) =0
Speed (Knots) = 4 , Power (kW) =0
Speed (Knots) = 5 , Power (kW) =0
Speed (Knots) = 6 , Power (kW) =0
Speed (Knots) = 7 , Power (kW) =38
Speed (Knots) = 8 , Power (kW) =87
Speed (Knots) = 9 , Power (kW) =141
Speed (Knots) = 10 , Power (kW) =207
Speed (Knots) = 11 , Power (kW) =286
Speed (Knots) = 12 , Power (kW) =382
Speed (Knots) = 13 , Power (kW) =496
Speed (Knots) = 14 , Power (kW) =628
Speed (Knots) = 15 , Power (kW) =781
Speed (Knots) = 16 , Power (kW) =957
Speed (Knots) = 17 , Power (kW) =1153
Speed (Knots) = 18 , Power (kW) =1366
Speed (Knots) = 19 , Power (kW) =1589
Speed (Knots) = 20 , Power (kW) =1814
Speed (Knots) = 21 , Power (kW) =2035
Speed (Knots) = 22 , Power (kW) =2250
Speed (Knots) = 23 , Power (kW) =2452
Speed (Knots) = 24 , Power (kW) =2634
Speed (Knots) = 25 , Power (kW) =2784
Speed (Knots) = 26 , Power (kW) =2888
Speed (Knots) = 27 , Power (kW) =2949
Speed (Knots) = 28 , Power (kW) =2980
Speed (Knots) = 29 , Power (kW) =2993
Speed (Knots) = 30 , Power (kW) =3000
Speed (Knots) = 31 , Power (kW) =3000
Speed (Knots) = 32 , Power (kW) =3000
Speed (Knots) = 33 , Power (kW) =3000
Speed (Knots) = 34 , Power (kW) =3000
Speed (Knots) = 35 , Power (kW) =3000
Speed (Knots) = 36 , Power (kW) =3000
Speed (Knots) = 37 , Power (kW) =3000
Speed (Knots) = 38 , Power (kW) =3000
Speed (Knots) = 39 , Power (kW) =3000
Speed (Knots) = 40 , Power (kW) =3000
Speed (Knots) = 41 , Power (kW) =3000
Speed (Knots) = 42 , Power (kW) =3000
Speed (Knots) = 43 , Power (kW) =3000
Speed (Knots) = 44 , Power (kW) =3000
Speed (Knots) = 45 , Power (kW) =3000
Speed (Knots) = 46 , Power (kW) =3000
Speed (Knots) = 47 , Power (kW) =3000
Speed (Knots) = 48 , Power (kW) =3000
Speed (Knots) = 49 , Power (kW) =0
Speed (Knots) = 50 , Power (kW) =0
Speed (Knots) = 51 , Power (kW) =0
Speed (Knots) = 52 , Power (kW) =0
Speed (Knots) = 53 , Power (kW) =0
Speed (Knots) = 54 , Power (kW) =0
Speed (Knots) = 55 , Power (kW) =0
Speed (Knots) = 56 , Power (kW) =0
Speed (Knots) = 57 , Power (kW) =0
Speed (Knots) = 58 , Power (kW) =0
Speed (Knots) = 59 , Power (kW) =0
Speed (Knots) = 60 , Power (kW) =0
The scale is 1.0
Wind power at 10 knots in kilowatts is 207.0
Wind power in-cut-out test 0.0
Aging
Class name:edu.pitt.cs.people.guy.wind.benchmarks.Aging
Success: /Noise_Allowed_Time_Definitions_All_Stations.csv found.
The station is the record is KDEN
Success: /Noise_Allowed_Time_Definitions_All_Stations.csv found.
The station is the record is KDEN
I have found the membership file for NOT WINDY.
Windspeed (knots) [0,1), Membership Value =1.00000000,1.0
Windspeed (knots) [1,2), Membership Value =0.99998644,0.99998647
Windspeed (knots) [2,3), Membership Value =0.99976402,0.999764
Windspeed (knots) [3,4), Membership Value =0.99851785,0.9985179
Windspeed (knots) [4,5), Membership Value =0.99443778,0.99443775
Windspeed (knots) [5,6), Membership Value =0.98434553,0.98434556
Windspeed (knots) [6,7), Membership Value =0.96433251,0.9643325
Windspeed (knots) [7,8), Membership Value =0.93059785,0.93059784
Windspeed (knots) [8,9), Membership Value =0.88093671,0.8809367
Windspeed (knots) [9,10), Membership Value =0.81678561,0.81678563
Windspeed (knots) [10,11), Membership Value =0.74226802,0.742268
Windspeed (knots) [11,12), Membership Value =0.66316561,0.6631656
Windspeed (knots) [12,13), Membership Value =0.58504879,0.5850488
Windspeed (knots) [13,14), Membership Value =0.50700179,0.5070018
Windspeed (knots) [14,15), Membership Value =0.43250789,0.4325079
Windspeed (knots) [15,16), Membership Value =0.36365001,0.36365002
Windspeed (knots) [16,17), Membership Value =0.29941826,0.29941827
Windspeed (knots) [17,18), Membership Value =0.23939567,0.23939566
Windspeed (knots) [18,19), Membership Value =0.18171279,0.18171279
Windspeed (knots) [19,20), Membership Value =0.12777695,0.12777695
Windspeed (knots) [20,21), Membership Value =0.07727012,0.07727012
Windspeed (knots) [21,22), Membership Value =0.03241841,0.03241841
Windspeed (knots) [22,23), Membership Value =0.00000000,0.0
Windspeed (knots) [23,24), Membership Value =0.00000000,0.0
Windspeed (knots) [24,25), Membership Value =0.00000000,0.0
Windspeed (knots) [25,26), Membership Value =0.00000000,0.0
Windspeed (knots) [26,27), Membership Value =0.00000000,0.0
Windspeed (knots) [27,28), Membership Value =0.00000000,0.0
Windspeed (knots) [28,29), Membership Value =0.00000000,0.0
Windspeed (knots) [29,30), Membership Value =0.00000000,0.0
Windspeed (knots) [30,31), Membership Value =0.00000000,0.0
Windspeed (knots) [31,32), Membership Value =0.00000000,0.0
Windspeed (knots) [32,33), Membership Value =0.00000000,0.0
Windspeed (knots) [33,34), Membership Value =0.00000000,0.0
Windspeed (knots) [34,35), Membership Value =0.00000000,0.0
Windspeed (knots) [35,36), Membership Value =0.00000000,0.0
Windspeed (knots) [36,37), Membership Value =0.00000000,0.0
Windspeed (knots) [37,38), Membership Value =0.00000000,0.0
Windspeed (knots) [38,39), Membership Value =0.00000000,0.0
Windspeed (knots) [39,40), Membership Value =0.00000000,0.0
Windspeed (knots) [40,41), Membership Value =0.00000000,0.0
Windspeed (knots) [41,42), Membership Value =0.00000000,0.0
Windspeed (knots) [42,43), Membership Value =0.00000000,0.0
Windspeed (knots) [43,44), Membership Value =0.00000000,0.0
Windspeed (knots) [44,45), Membership Value =0.00000000,0.0
Windspeed (knots) [45,46), Membership Value =0.00000000,0.0
Windspeed (knots) [46,47), Membership Value =0.00000000,0.0
Windspeed (knots) [47,48), Membership Value =0.00000000,0.0
Windspeed (knots) [48,49), Membership Value =0.00000000,0.0
Windspeed (knots) [49,50), Membership Value =0.00000000,0.0
Windspeed (knots) [50,51), Membership Value =0.00000000,0.0
Windspeed (knots) [51,52), Membership Value =0.00000000,0.0
Windspeed (knots) [52,53), Membership Value =0.00000000,0.0
Windspeed (knots) [53,54), Membership Value =0.00000000,0.0
Windspeed (knots) [54,55), Membership Value =0.00000000,0.0
Windspeed (knots) [55,56), Membership Value =0.00000000,0.0
Windspeed (knots) [56,57), Membership Value =0.00000000,0.0
Windspeed (knots) [57,58), Membership Value =0.00000000,0.0
Windspeed (knots) [58,59), Membership Value =0.00000000,0.0
Windspeed (knots) [59,60), Membership Value =0.00000000,0.0
Windspeed (knots) [60,61), Membership Value =0.00000000,0.0
Windspeed (knots) [61,62), Membership Value =0.00000000,0.0
Windspeed (knots) [62,63), Membership Value =0.00000000,0.0
Windspeed (knots) [63,64), Membership Value =0.00000000,0.0
Windspeed (knots) [64,65), Membership Value =0.00000000,0.0
Windspeed (knots) [65,66), Membership Value =0.00000000,0.0
Windspeed (knots) [66,67), Membership Value =0.00000000,0.0
Windspeed (knots) [67,68), Membership Value =0.00000000,0.0
Windspeed (knots) [68,69), Membership Value =0.00000000,0.0
Windspeed (knots) [69,70), Membership Value =0.00000000,0.0
Windspeed (knots) [70,71), Membership Value =0.00000000,0.0
Windspeed (knots) [71,72), Membership Value =0.00000000,0.0
Windspeed (knots) [72,73), Membership Value =0.00000000,0.0
Windspeed (knots) [73,74), Membership Value =0.00000000,0.0
Windspeed (knots) [74,75), Membership Value =0.00000000,0.0
Windspeed (knots) [75,76), Membership Value =0.00000000,0.0
Windspeed (knots) [76,77), Membership Value =0.00000000,0.0
Windspeed (knots) [77,78), Membership Value =0.00000000,0.0
Windspeed (knots) [78,79), Membership Value =0.00000000,0.0
Windspeed (knots) [79,80), Membership Value =0.00000000,0.0
Windspeed (knots) [80,81), Membership Value =0.00000000,0.0
Windspeed (knots) [81,82), Membership Value =0.00000000,0.0
Windspeed (knots) [82,83), Membership Value =0.00000000,0.0
Windspeed (knots) [83,84), Membership Value =0.00000000,0.0
Windspeed (knots) [84,85), Membership Value =0.00000000,0.0
Windspeed (knots) [85,86), Membership Value =0.00000000,0.0
Windspeed (knots) [86,87), Membership Value =0.00000000,0.0
Windspeed (knots) [87,88), Membership Value =0.00000000,0.0
Windspeed (knots) [88,89), Membership Value =0.00000000,0.0
Windspeed (knots) [89,90), Membership Value =0.00000000,0.0
Windspeed (knots) [90,91), Membership Value =0.00000000,0.0
Windspeed (knots) [91,92), Membership Value =0.00000000,0.0
Windspeed (knots) [92,93), Membership Value =0.00000000,0.0
Windspeed (knots) [93,94), Membership Value =0.00000000,0.0
Windspeed (knots) [94,95), Membership Value =0.00000000,0.0
Windspeed (knots) [95,96), Membership Value =0.00000000,0.0
Windspeed (knots) [96,97), Membership Value =0.00000000,0.0
Windspeed (knots) [97,98), Membership Value =0.00000000,0.0
Windspeed (knots) [98,99), Membership Value =0.00000000,0.0
Windspeed (knots) [99,100), Membership Value =0.00000000,0.0
Windspeed (knots) [100,101), Membership Value =0.00000000,0.0
Windspeed (knots) [101,102), Membership Value =0.00000000,0.0
Windspeed (knots) [102,103), Membership Value =0.00000000,0.0
Windspeed (knots) [103,104), Membership Value =0.00000000,0.0
Windspeed (knots) [104,105), Membership Value =0.00000000,0.0
Windspeed (knots) [105,106), Membership Value =0.00000000,0.0
Windspeed (knots) [106,107), Membership Value =0.00000000,0.0
Windspeed (knots) [107,108), Membership Value =0.00000000,0.0
Windspeed (knots) [108,109), Membership Value =0.00000000,0.0
Windspeed (knots) [109,110), Membership Value =0.00000000,0.0
Windspeed (knots) [110,111), Membership Value =0.00000000,0.0
Windspeed (knots) [111,112), Membership Value =0.00000000,0.0
Windspeed (knots) [112,113), Membership Value =0.00000000,0.0
Windspeed (knots) [113,114), Membership Value =0.00000000,0.0
Windspeed (knots) [114,115), Membership Value =0.00000000,0.0
Windspeed (knots) [115,116), Membership Value =0.00000000,0.0
Windspeed (knots) [116,117), Membership Value =0.00000000,0.0
Windspeed (knots) [117,118), Membership Value =0.00000000,0.0
Windspeed (knots) [118,119), Membership Value =0.00000000,0.0
Windspeed (knots) [119,120), Membership Value =0.00000000,0.0
Windspeed (knots) [120,121), Membership Value =0.00000000,0.0
Windspeed (knots) [121,122), Membership Value =0.00000000,0.0
Windspeed (knots) [122,123), Membership Value =0.00000000,0.0
Windspeed (knots) [123,124), Membership Value =0.00000000,0.0
Windspeed (knots) [124,125), Membership Value =0.00000000,0.0
LowestWindspeedThatIsWindyKnots for station KDEN is 8 knots.
Transition limited :false
bUseWeatherPrediction: true
The running average is 1
The y-int is 8
Energy harvested: 1.1340306989464005E7
iGeneratingEnergyWhenGridNeedsEnergyMinutes =1209308
iGeneratingEnergyWhenGridNeedsEnergyMinutes =1209308
iUsingEnergyWhenGridNeedsEnergyMinutes =163624
iGeneratingEnergyWhenGridHasExcessEnergyMinutes = 2676
iUsingEnergyWhenGridHasExcessEnergyMinutes = 215
iIdleWhenGridDoesNotNeedEnergyMinutes = 43189
iIdleWhenGridNeedsEnergyMinutes = 3315467
iEnergyPriceIsZeroMinutes = 240
harvester.getEnergyHarvestedAVAILABLEKilowattHours( ): 2.052796085E7
harvester.getEnergyHarvestedKilowattHours(): 1.1340306989464005E7
The y-int is 18
Energy harvested: 2555554.5
iGeneratingEnergyWhenGridNeedsEnergyMinutes =66649
iGeneratingEnergyWhenGridNeedsEnergyMinutes =66649
iUsingEnergyWhenGridNeedsEnergyMinutes =1
iGeneratingEnergyWhenGridHasExcessEnergyMinutes = 305
iUsingEnergyWhenGridHasExcessEnergyMinutes = 0
iIdleWhenGridDoesNotNeedEnergyMinutes = 45775
iIdleWhenGridNeedsEnergyMinutes = 4621749
iEnergyPriceIsZeroMinutes = 240
harvester.getEnergyHarvestedAVAILABLEKilowattHours( ): 2.052796085E7
harvester.getEnergyHarvestedKilowattHours(): 2555554.5
The y-int is 28
Energy harvested: 94093.68333333333
iGeneratingEnergyWhenGridNeedsEnergyMinutes =1890
iGeneratingEnergyWhenGridNeedsEnergyMinutes =1890
iUsingEnergyWhenGridNeedsEnergyMinutes =1
iGeneratingEnergyWhenGridHasExcessEnergyMinutes = 0
iUsingEnergyWhenGridHasExcessEnergyMinutes = 0
iIdleWhenGridDoesNotNeedEnergyMinutes = 46080
iIdleWhenGridNeedsEnergyMinutes = 4686508
iEnergyPriceIsZeroMinutes = 240
harvester.getEnergyHarvestedAVAILABLEKilowattHours( ): 2.052796085E7
harvester.getEnergyHarvestedKilowattHours(): 94093.68333333333
The y-int is 38
Energy harvested: 150.0
iGeneratingEnergyWhenGridNeedsEnergyMinutes =3
iGeneratingEnergyWhenGridNeedsEnergyMinutes =3
iUsingEnergyWhenGridNeedsEnergyMinutes =1
iGeneratingEnergyWhenGridHasExcessEnergyMinutes = 0
iUsingEnergyWhenGridHasExcessEnergyMinutes = 0
iIdleWhenGridDoesNotNeedEnergyMinutes = 46080
iIdleWhenGridNeedsEnergyMinutes = 4688395
iEnergyPriceIsZeroMinutes = 240
harvester.getEnergyHarvestedAVAILABLEKilowattHours( ): 2.052796085E7
harvester.getEnergyHarvestedKilowattHours(): 150.0
The running average is 31
The y-int is 8
Energy harvested: 1.1186761901953995E7
iGeneratingEnergyWhenGridNeedsEnergyMinutes =1184586
iGeneratingEnergyWhenGridNeedsEnergyMinutes =1184586
iUsingEnergyWhenGridNeedsEnergyMinutes =79360
iGeneratingEnergyWhenGridHasExcessEnergyMinutes = 2688
iUsingEnergyWhenGridHasExcessEnergyMinutes = 149
iIdleWhenGridDoesNotNeedEnergyMinutes = 43243
iIdleWhenGridNeedsEnergyMinutes = 3424453
iEnergyPriceIsZeroMinutes = 240
harvester.getEnergyHarvestedAVAILABLEKilowattHours( ): 2.052796085E7
harvester.getEnergyHarvestedKilowattHours(): 1.1186761901953995E7
The y-int is 18
Energy harvested: 2481153.8158333274
iGeneratingEnergyWhenGridNeedsEnergyMinutes =69704
iGeneratingEnergyWhenGridNeedsEnergyMinutes =69704
iUsingEnergyWhenGridNeedsEnergyMinutes =287
iGeneratingEnergyWhenGridHasExcessEnergyMinutes = 250
iUsingEnergyWhenGridHasExcessEnergyMinutes = 1
iIdleWhenGridDoesNotNeedEnergyMinutes = 45829
iIdleWhenGridNeedsEnergyMinutes = 4618408
iEnergyPriceIsZeroMinutes = 240
harvester.getEnergyHarvestedAVAILABLEKilowattHours( ): 2.052796085E7
harvester.getEnergyHarvestedKilowattHours(): 2481153.8158333274
The y-int is 28
Energy harvested: 114433.55
iGeneratingEnergyWhenGridNeedsEnergyMinutes =2347
iGeneratingEnergyWhenGridNeedsEnergyMinutes =2347
iUsingEnergyWhenGridNeedsEnergyMinutes =1
iGeneratingEnergyWhenGridHasExcessEnergyMinutes = 0
iUsingEnergyWhenGridHasExcessEnergyMinutes = 0
iIdleWhenGridDoesNotNeedEnergyMinutes = 46080
iIdleWhenGridNeedsEnergyMinutes = 4686051
iEnergyPriceIsZeroMinutes = 240
harvester.getEnergyHarvestedAVAILABLEKilowattHours( ): 2.052796085E7
harvester.getEnergyHarvestedKilowattHours(): 114433.55
The y-int is 38
Energy harvested: 0.0
iGeneratingEnergyWhenGridNeedsEnergyMinutes =0
iGeneratingEnergyWhenGridNeedsEnergyMinutes =0
iUsingEnergyWhenGridNeedsEnergyMinutes =1
iGeneratingEnergyWhenGridHasExcessEnergyMinutes = 0
iUsingEnergyWhenGridHasExcessEnergyMinutes = 0
iIdleWhenGridDoesNotNeedEnergyMinutes = 46080
iIdleWhenGridNeedsEnergyMinutes = 4688398
iEnergyPriceIsZeroMinutes = 240
harvester.getEnergyHarvestedAVAILABLEKilowattHours( ): 2.052796085E7
harvester.getEnergyHarvestedKilowattHours(): 0.0
The running average is 61
The y-int is 8
Energy harvested: 1.1045842695285775E7
iGeneratingEnergyWhenGridNeedsEnergyMinutes =1154060
iGeneratingEnergyWhenGridNeedsEnergyMinutes =1154060
iUsingEnergyWhenGridNeedsEnergyMinutes =67019
iGeneratingEnergyWhenGridHasExcessEnergyMinutes = 2681
iUsingEnergyWhenGridHasExcessEnergyMinutes = 172
iIdleWhenGridDoesNotNeedEnergyMinutes = 43227
iIdleWhenGridNeedsEnergyMinutes = 3467320
iEnergyPriceIsZeroMinutes = 240
harvester.getEnergyHarvestedAVAILABLEKilowattHours( ): 2.052796085E7
harvester.getEnergyHarvestedKilowattHours(): 1.1045842695285775E7
The y-int is 18
Energy harvested: 2276523.873055559
iGeneratingEnergyWhenGridNeedsEnergyMinutes =66014
iGeneratingEnergyWhenGridNeedsEnergyMinutes =66014
iUsingEnergyWhenGridNeedsEnergyMinutes =200
iGeneratingEnergyWhenGridHasExcessEnergyMinutes = 208
iUsingEnergyWhenGridHasExcessEnergyMinutes = 0
iIdleWhenGridDoesNotNeedEnergyMinutes = 45872
iIdleWhenGridNeedsEnergyMinutes = 4622185
iEnergyPriceIsZeroMinutes = 240
harvester.getEnergyHarvestedAVAILABLEKilowattHours( ): 2.052796085E7
harvester.getEnergyHarvestedKilowattHours(): 2276523.873055559
The y-int is 28
Energy harvested: 104645.13333333333
iGeneratingEnergyWhenGridNeedsEnergyMinutes =2176
iGeneratingEnergyWhenGridNeedsEnergyMinutes =2176
iUsingEnergyWhenGridNeedsEnergyMinutes =1
iGeneratingEnergyWhenGridHasExcessEnergyMinutes = 0
iUsingEnergyWhenGridHasExcessEnergyMinutes = 0
iIdleWhenGridDoesNotNeedEnergyMinutes = 46080
iIdleWhenGridNeedsEnergyMinutes = 4686222
iEnergyPriceIsZeroMinutes = 240
harvester.getEnergyHarvestedAVAILABLEKilowattHours( ): 2.052796085E7
harvester.getEnergyHarvestedKilowattHours(): 104645.13333333333
The y-int is 38
Energy harvested: 0.0
iGeneratingEnergyWhenGridNeedsEnergyMinutes =0
iGeneratingEnergyWhenGridNeedsEnergyMinutes =0
iUsingEnergyWhenGridNeedsEnergyMinutes =1
iGeneratingEnergyWhenGridHasExcessEnergyMinutes = 0
iUsingEnergyWhenGridHasExcessEnergyMinutes = 0
iIdleWhenGridDoesNotNeedEnergyMinutes = 46080
iIdleWhenGridNeedsEnergyMinutes = 4688398
iEnergyPriceIsZeroMinutes = 240
harvester.getEnergyHarvestedAVAILABLEKilowattHours( ): 2.052796085E7
harvester.getEnergyHarvestedKilowattHours(): 0.0
The running average is 91
The y-int is 8
Energy harvested: 1.0921352174729241E7
iGeneratingEnergyWhenGridNeedsEnergyMinutes =1131696
iGeneratingEnergyWhenGridNeedsEnergyMinutes =1131696
iUsingEnergyWhenGridNeedsEnergyMinutes =61147
iGeneratingEnergyWhenGridHasExcessEnergyMinutes = 2623
iUsingEnergyWhenGridHasExcessEnergyMinutes = 191
iIdleWhenGridDoesNotNeedEnergyMinutes = 43266
iIdleWhenGridNeedsEnergyMinutes = 3495556
iEnergyPriceIsZeroMinutes = 240
harvester.getEnergyHarvestedAVAILABLEKilowattHours( ): 2.052796085E7
harvester.getEnergyHarvestedKilowattHours(): 1.0921352174729241E7
The y-int is 18
Energy harvested: 2110164.212777781
iGeneratingEnergyWhenGridNeedsEnergyMinutes =62484
iGeneratingEnergyWhenGridNeedsEnergyMinutes =62484
iUsingEnergyWhenGridNeedsEnergyMinutes =240
iGeneratingEnergyWhenGridHasExcessEnergyMinutes = 202
iUsingEnergyWhenGridHasExcessEnergyMinutes = 0
iIdleWhenGridDoesNotNeedEnergyMinutes = 45878
iIdleWhenGridNeedsEnergyMinutes = 4625675
iEnergyPriceIsZeroMinutes = 240
harvester.getEnergyHarvestedAVAILABLEKilowattHours( ): 2.052796085E7
harvester.getEnergyHarvestedKilowattHours(): 2110164.212777781
The y-int is 28
Energy harvested: 89038.48333333334
iGeneratingEnergyWhenGridNeedsEnergyMinutes =1874
iGeneratingEnergyWhenGridNeedsEnergyMinutes =1874
iUsingEnergyWhenGridNeedsEnergyMinutes =1
iGeneratingEnergyWhenGridHasExcessEnergyMinutes = 0
iUsingEnergyWhenGridHasExcessEnergyMinutes = 0
iIdleWhenGridDoesNotNeedEnergyMinutes = 46080
iIdleWhenGridNeedsEnergyMinutes = 4686524
iEnergyPriceIsZeroMinutes = 240
harvester.getEnergyHarvestedAVAILABLEKilowattHours( ): 2.052796085E7
harvester.getEnergyHarvestedKilowattHours(): 89038.48333333334
The y-int is 38
Energy harvested: 0.0
iGeneratingEnergyWhenGridNeedsEnergyMinutes =0
iGeneratingEnergyWhenGridNeedsEnergyMinutes =0
iUsingEnergyWhenGridNeedsEnergyMinutes =1
iGeneratingEnergyWhenGridHasExcessEnergyMinutes = 0
iUsingEnergyWhenGridHasExcessEnergyMinutes = 0
iIdleWhenGridDoesNotNeedEnergyMinutes = 46080
iIdleWhenGridNeedsEnergyMinutes = 4688398
iEnergyPriceIsZeroMinutes = 240
harvester.getEnergyHarvestedAVAILABLEKilowattHours( ): 2.052796085E7
harvester.getEnergyHarvestedKilowattHours(): 0.0
The running average is 121
The y-int is 8
Energy harvested: 1.0799386358339528E7
iGeneratingEnergyWhenGridNeedsEnergyMinutes =1112474
iGeneratingEnergyWhenGridNeedsEnergyMinutes =1112474
iUsingEnergyWhenGridNeedsEnergyMinutes =56668
iGeneratingEnergyWhenGridHasExcessEnergyMinutes = 2652
iUsingEnergyWhenGridHasExcessEnergyMinutes = 189
iIdleWhenGridDoesNotNeedEnergyMinutes = 43239
iIdleWhenGridNeedsEnergyMinutes = 3519257
iEnergyPriceIsZeroMinutes = 240
harvester.getEnergyHarvestedAVAILABLEKilowattHours( ): 2.052796085E7
harvester.getEnergyHarvestedKilowattHours(): 1.0799386358339528E7
The y-int is 18
Energy harvested: 1940938.550555557
iGeneratingEnergyWhenGridNeedsEnergyMinutes =58829
iGeneratingEnergyWhenGridNeedsEnergyMinutes =58829
iUsingEnergyWhenGridNeedsEnergyMinutes =108
iGeneratingEnergyWhenGridHasExcessEnergyMinutes = 187
iUsingEnergyWhenGridHasExcessEnergyMinutes = 0
iIdleWhenGridDoesNotNeedEnergyMinutes = 45893
iIdleWhenGridNeedsEnergyMinutes = 4629462
iEnergyPriceIsZeroMinutes = 240
harvester.getEnergyHarvestedAVAILABLEKilowattHours( ): 2.052796085E7
harvester.getEnergyHarvestedKilowattHours(): 1940938.550555557
The y-int is 28
Energy harvested: 74733.61666666667
iGeneratingEnergyWhenGridNeedsEnergyMinutes =1612
iGeneratingEnergyWhenGridNeedsEnergyMinutes =1612
iUsingEnergyWhenGridNeedsEnergyMinutes =1
iGeneratingEnergyWhenGridHasExcessEnergyMinutes = 0
iUsingEnergyWhenGridHasExcessEnergyMinutes = 0
iIdleWhenGridDoesNotNeedEnergyMinutes = 46080
iIdleWhenGridNeedsEnergyMinutes = 4686786
iEnergyPriceIsZeroMinutes = 240
harvester.getEnergyHarvestedAVAILABLEKilowattHours( ): 2.052796085E7
harvester.getEnergyHarvestedKilowattHours(): 74733.61666666667
The y-int is 38
Energy harvested: 0.0
iGeneratingEnergyWhenGridNeedsEnergyMinutes =0
iGeneratingEnergyWhenGridNeedsEnergyMinutes =0
iUsingEnergyWhenGridNeedsEnergyMinutes =1
iGeneratingEnergyWhenGridHasExcessEnergyMinutes = 0
iUsingEnergyWhenGridHasExcessEnergyMinutes = 0
iIdleWhenGridDoesNotNeedEnergyMinutes = 46080
iIdleWhenGridNeedsEnergyMinutes = 4688398
iEnergyPriceIsZeroMinutes = 240
harvester.getEnergyHarvestedAVAILABLEKilowattHours( ): 2.052796085E7
harvester.getEnergyHarvestedKilowattHours(): 0.0
Beginning testing mode:
station,&,y_intercept_for_month_1,&,running_average_size_minutes_for_month_1,&,y_intercept_for_month_2,&,running_average_size_minutes_for_month_2,&,y_intercept_for_month_3,&,running_average_size_minutes_for_month_3,&,y_intercept_for_month_4,&,running_average_size_minutes_for_month_4,&,y_intercept_for_month_5,&,running_average_size_minutes_for_month_5,&,y_intercept_for_month_6,&,running_average_size_minutes_for_month_6,&,y_intercept_for_month_7,&,running_average_size_minutes_for_month_7,&,y_intercept_for_month_8,&,running_average_size_minutes_for_month_8,&,y_intercept_for_month_9,&,running_average_size_minutes_for_month_9,&,y_intercept_for_month_10,&,running_average_size_minutes_for_month_10,&,y_intercept_for_month_11,&,running_average_size_minutes_for_month_11,&,y_intercept_for_month_12,&,running_average_size_minutes_for_month_12,&,dNetNorm,&,dMarketBalancePercentage,&,dMarketNetNorm,
results: KDEN,&,8,&,1,&,8,&,1,&,8,&,1,&,8,&,1,&,8,&,1,&,8,&,1,&,8,&,1,&,8,&,1,&,8,&,1,&,8,&,1,&,8,&,1,&,8,&,1,&,0.5534938111115085,&,0.8655704323479407,&,0.47908787738569786
monthly visible minutes:KDEN,&,2013,&,13704,&,15433,&,15920,&,16163,&,17356,&,17018,&,16818,&,12932,&,14104,&,14759,&,12748,&,14050,&,
monthly visible minutes:KDEN,&,2014,&,16487,&,15454,&,16390,&,18157,&,19032,&,17649,&,16067,&,14566,&,14507,&,15904,&,15130,&,12829,&,
monthly minutes harvester between states:KDEN,&,2013,&,2667,&,2496,&,2903,&,3533,&,4228,&,4468,&,3750,&,4314,&,3066,&,2939,&,2454,&,2682,&,
monthly minutes harvester between states:KDEN,&,2014,&,2469,&,2054,&,2883,&,3562,&,3877,&,3944,&,4956,&,4544,&,4221,&,3293,&,2351,&,2232,&,
station,&,y_intercept_for_month_1,&,running_average_size_minutes_for_month_1,&,y_intercept_for_month_2,&,running_average_size_minutes_for_month_2,&,y_intercept_for_month_3,&,running_average_size_minutes_for_month_3,&,y_intercept_for_month_4,&,running_average_size_minutes_for_month_4,&,y_intercept_for_month_5,&,running_average_size_minutes_for_month_5,&,y_intercept_for_month_6,&,running_average_size_minutes_for_month_6,&,y_intercept_for_month_7,&,running_average_size_minutes_for_month_7,&,y_intercept_for_month_8,&,running_average_size_minutes_for_month_8,&,y_intercept_for_month_9,&,running_average_size_minutes_for_month_9,&,y_intercept_for_month_10,&,running_average_size_minutes_for_month_10,&,y_intercept_for_month_11,&,running_average_size_minutes_for_month_11,&,y_intercept_for_month_12,&,running_average_size_minutes_for_month_12,&,dNetNorm,&,dMarketBalancePercentage,&,dMarketNetNorm,
results: KDEN,&,8,&,31,&,8,&,31,&,8,&,91,&,8,&,61,&,8,&,31,&,8,&,61,&,8,&,31,&,8,&,31,&,8,&,31,&,8,&,31,&,8,&,31,&,8,&,121,&,0.5408057694165334,&,0.9251049744520008,&,0.5003021074995767
monthly visible minutes:KDEN,&,2013,&,13704,&,15433,&,15920,&,16163,&,17356,&,17018,&,16818,&,12932,&,14104,&,14759,&,12748,&,14050,&,
monthly visible minutes:KDEN,&,2014,&,16487,&,15454,&,16390,&,18157,&,19032,&,17649,&,16067,&,14566,&,14507,&,15904,&,15130,&,12829,&,
monthly minutes harvester between states:KDEN,&,2013,&,2667,&,2496,&,2903,&,3533,&,4228,&,4468,&,3750,&,4314,&,3066,&,2939,&,2454,&,2682,&,
monthly minutes harvester between states:KDEN,&,2014,&,2469,&,2054,&,2883,&,3562,&,3877,&,3944,&,4956,&,4544,&,4221,&,3293,&,2351,&,2232,&,
Station: KDFW
abc: The current path is /home/guy/retractable-wind
I have found the property file.
The training windspeed filename is /trainingKDFW2004-2012in.csv
The testing windspeed filename is /testingKDFW2013-2014in.csv
Yes, the station is KDFW
Warning: The bAlsoUsePrediction no longer has any effect
iUsedAllItsAllocatedVisibilityMinutesPerMonth: 51234
Visibility Allocation Minutes:51234
HARVESTER_SIZE_SQM is 6362
Reading file
Success: /Wind turbine power curves - wind turbine power output against wind speed in knots.csv found.
Speed (Knots) = Speed(knots) vs power (kW) , Power (kW) =V90
Speed (Knots) = 0 , Power (kW) =0
Speed (Knots) = 1 , Power (kW) =0
Speed (Knots) = 2 , Power (kW) =0
Speed (Knots) = 3 , Power (kW) =0
Speed (Knots) = 4 , Power (kW) =0
Speed (Knots) = 5 , Power (kW) =0
Speed (Knots) = 6 , Power (kW) =0
Speed (Knots) = 7 , Power (kW) =38
Speed (Knots) = 8 , Power (kW) =87
Speed (Knots) = 9 , Power (kW) =141
Speed (Knots) = 10 , Power (kW) =207
Speed (Knots) = 11 , Power (kW) =286
Speed (Knots) = 12 , Power (kW) =382
Speed (Knots) = 13 , Power (kW) =496
Speed (Knots) = 14 , Power (kW) =628
Speed (Knots) = 15 , Power (kW) =781
Speed (Knots) = 16 , Power (kW) =957
Speed (Knots) = 17 , Power (kW) =1153
Speed (Knots) = 18 , Power (kW) =1366
Speed (Knots) = 19 , Power (kW) =1589
Speed (Knots) = 20 , Power (kW) =1814
Speed (Knots) = 21 , Power (kW) =2035
Speed (Knots) = 22 , Power (kW) =2250
Speed (Knots) = 23 , Power (kW) =2452
Speed (Knots) = 24 , Power (kW) =2634
Speed (Knots) = 25 , Power (kW) =2784
Speed (Knots) = 26 , Power (kW) =2888
Speed (Knots) = 27 , Power (kW) =2949
Speed (Knots) = 28 , Power (kW) =2980
Speed (Knots) = 29 , Power (kW) =2993
Speed (Knots) = 30 , Power (kW) =3000
Speed (Knots) = 31 , Power (kW) =3000
Speed (Knots) = 32 , Power (kW) =3000
Speed (Knots) = 33 , Power (kW) =3000
Speed (Knots) = 34 , Power (kW) =3000
Speed (Knots) = 35 , Power (kW) =3000
Speed (Knots) = 36 , Power (kW) =3000
Speed (Knots) = 37 , Power (kW) =3000
Speed (Knots) = 38 , Power (kW) =3000
Speed (Knots) = 39 , Power (kW) =3000
Speed (Knots) = 40 , Power (kW) =3000
Speed (Knots) = 41 , Power (kW) =3000
Speed (Knots) = 42 , Power (kW) =3000
Speed (Knots) = 43 , Power (kW) =3000
Speed (Knots) = 44 , Power (kW) =3000
Speed (Knots) = 45 , Power (kW) =3000
Speed (Knots) = 46 , Power (kW) =3000
Speed (Knots) = 47 , Power (kW) =3000
Speed (Knots) = 48 , Power (kW) =3000
Speed (Knots) = 49 , Power (kW) =0
Speed (Knots) = 50 , Power (kW) =0
Speed (Knots) = 51 , Power (kW) =0
Speed (Knots) = 52 , Power (kW) =0
Speed (Knots) = 53 , Power (kW) =0
Speed (Knots) = 54 , Power (kW) =0
Speed (Knots) = 55 , Power (kW) =0
Speed (Knots) = 56 , Power (kW) =0
Speed (Knots) = 57 , Power (kW) =0
Speed (Knots) = 58 , Power (kW) =0
Speed (Knots) = 59 , Power (kW) =0
Speed (Knots) = 60 , Power (kW) =0
The scale is 1.0
Wind power at 10 knots in kilowatts is 207.0
Wind power in-cut-out test 0.0
Aging
Class name:edu.pitt.cs.people.guy.wind.benchmarks.Aging
Success: /Noise_Allowed_Time_Definitions_All_Stations.csv found.
The station is the record is KDFW
Success: /Noise_Allowed_Time_Definitions_All_Stations.csv found.
The station is the record is KDFW
I have found the membership file for NOT WINDY.
Windspeed (knots) [0,1), Membership Value =1.00000000,1.0
Windspeed (knots) [1,2), Membership Value =0.99998544,0.99998546
Windspeed (knots) [2,3), Membership Value =0.99976756,0.99976754
Windspeed (knots) [3,4), Membership Value =0.99867559,0.9986756
Windspeed (knots) [4,5), Membership Value =0.99529308,0.9952931
Windspeed (knots) [5,6), Membership Value =0.98756887,0.98756886
Windspeed (knots) [6,7), Membership Value =0.97221374,0.97221375
Windspeed (knots) [7,8), Membership Value =0.94777919,0.9477792
Windspeed (knots) [8,9), Membership Value =0.91291315,0.91291314
Windspeed (knots) [9,10), Membership Value =0.86600723,0.8660072
Windspeed (knots) [10,11), Membership Value =0.80840906,0.80840904
Windspeed (knots) [11,12), Membership Value =0.74102662,0.74102664
Windspeed (knots) [12,13), Membership Value =0.66476726,0.66476727
Windspeed (knots) [13,14), Membership Value =0.58088890,0.5808889
Windspeed (knots) [14,15), Membership Value =0.49271539,0.4927154
Windspeed (knots) [15,16), Membership Value =0.40051450,0.4005145
Windspeed (knots) [16,17), Membership Value =0.30825269,0.3082527
Windspeed (knots) [17,18), Membership Value =0.22172945,0.22172946
Windspeed (knots) [18,19), Membership Value =0.12917369,0.1291737
Windspeed (knots) [19,20), Membership Value =0.05659841,0.05659841
Windspeed (knots) [20,21), Membership Value =0.00000000,0.0
Windspeed (knots) [21,22), Membership Value =0.00000000,0.0
Windspeed (knots) [22,23), Membership Value =0.00000000,0.0
Windspeed (knots) [23,24), Membership Value =0.00000000,0.0
Windspeed (knots) [24,25), Membership Value =0.00000000,0.0
Windspeed (knots) [25,26), Membership Value =0.00000000,0.0
Windspeed (knots) [26,27), Membership Value =0.00000000,0.0
Windspeed (knots) [27,28), Membership Value =0.00000000,0.0
Windspeed (knots) [28,29), Membership Value =0.00000000,0.0
Windspeed (knots) [29,30), Membership Value =0.00000000,0.0
Windspeed (knots) [30,31), Membership Value =0.00000000,0.0
Windspeed (knots) [31,32), Membership Value =0.00000000,0.0
Windspeed (knots) [32,33), Membership Value =0.00000000,0.0
Windspeed (knots) [33,34), Membership Value =0.00000000,0.0
Windspeed (knots) [34,35), Membership Value =0.00000000,0.0
Windspeed (knots) [35,36), Membership Value =0.00000000,0.0
Windspeed (knots) [36,37), Membership Value =0.00000000,0.0
Windspeed (knots) [37,38), Membership Value =0.00000000,0.0
Windspeed (knots) [38,39), Membership Value =0.00000000,0.0
Windspeed (knots) [39,40), Membership Value =0.00000000,0.0
Windspeed (knots) [40,41), Membership Value =0.00000000,0.0
Windspeed (knots) [41,42), Membership Value =0.00000000,0.0
Windspeed (knots) [42,43), Membership Value =0.00000000,0.0
Windspeed (knots) [43,44), Membership Value =0.00000000,0.0
Windspeed (knots) [44,45), Membership Value =0.00000000,0.0
Windspeed (knots) [45,46), Membership Value =0.00000000,0.0
Windspeed (knots) [46,47), Membership Value =0.00000000,0.0
Windspeed (knots) [47,48), Membership Value =0.00000000,0.0
Windspeed (knots) [48,49), Membership Value =0.00000000,0.0
Windspeed (knots) [49,50), Membership Value =0.00000000,0.0
Windspeed (knots) [50,51), Membership Value =0.00000000,0.0
Windspeed (knots) [51,52), Membership Value =0.00000000,0.0
Windspeed (knots) [52,53), Membership Value =0.00000000,0.0
Windspeed (knots) [53,54), Membership Value =0.00000000,0.0
Windspeed (knots) [54,55), Membership Value =0.00000000,0.0
Windspeed (knots) [55,56), Membership Value =0.00000000,0.0
Windspeed (knots) [56,57), Membership Value =0.00000000,0.0
Windspeed (knots) [57,58), Membership Value =0.00000000,0.0
Windspeed (knots) [58,59), Membership Value =0.00000000,0.0
Windspeed (knots) [59,60), Membership Value =0.00000000,0.0
Windspeed (knots) [60,61), Membership Value =0.00000000,0.0
Windspeed (knots) [61,62), Membership Value =0.00000000,0.0
Windspeed (knots) [62,63), Membership Value =0.00000000,0.0
Windspeed (knots) [63,64), Membership Value =0.00000000,0.0
Windspeed (knots) [64,65), Membership Value =0.00000000,0.0
Windspeed (knots) [65,66), Membership Value =0.00000000,0.0
Windspeed (knots) [66,67), Membership Value =0.00000000,0.0
Windspeed (knots) [67,68), Membership Value =0.00000000,0.0
Windspeed (knots) [68,69), Membership Value =0.00000000,0.0
Windspeed (knots) [69,70), Membership Value =0.00000000,0.0
Windspeed (knots) [70,71), Membership Value =0.00000000,0.0
Windspeed (knots) [71,72), Membership Value =0.00000000,0.0
Windspeed (knots) [72,73), Membership Value =0.00000000,0.0
Windspeed (knots) [73,74), Membership Value =0.00000000,0.0
Windspeed (knots) [74,75), Membership Value =0.00000000,0.0
Windspeed (knots) [75,76), Membership Value =0.00000000,0.0
Windspeed (knots) [76,77), Membership Value =0.00000000,0.0
Windspeed (knots) [77,78), Membership Value =0.00000000,0.0
Windspeed (knots) [78,79), Membership Value =0.00000000,0.0
Windspeed (knots) [79,80), Membership Value =0.00000000,0.0
Windspeed (knots) [80,81), Membership Value =0.00000000,0.0
Windspeed (knots) [81,82), Membership Value =0.00000000,0.0
Windspeed (knots) [82,83), Membership Value =0.00000000,0.0
Windspeed (knots) [83,84), Membership Value =0.00000000,0.0
Windspeed (knots) [84,85), Membership Value =0.00000000,0.0
Windspeed (knots) [85,86), Membership Value =0.00000000,0.0
Windspeed (knots) [86,87), Membership Value =0.00000000,0.0
Windspeed (knots) [87,88), Membership Value =0.00000000,0.0
Windspeed (knots) [88,89), Membership Value =0.00000000,0.0
Windspeed (knots) [89,90), Membership Value =0.00000000,0.0
Windspeed (knots) [90,91), Membership Value =0.00000000,0.0
Windspeed (knots) [91,92), Membership Value =0.00000000,0.0
Windspeed (knots) [92,93), Membership Value =0.00000000,0.0
Windspeed (knots) [93,94), Membership Value =0.00000000,0.0
Windspeed (knots) [94,95), Membership Value =0.00000000,0.0
Windspeed (knots) [95,96), Membership Value =0.00000000,0.0
Windspeed (knots) [96,97), Membership Value =0.00000000,0.0
Windspeed (knots) [97,98), Membership Value =0.00000000,0.0
Windspeed (knots) [98,99), Membership Value =0.00000000,0.0
Windspeed (knots) [99,100), Membership Value =0.00000000,0.0
Windspeed (knots) [100,101), Membership Value =0.00000000,0.0
Windspeed (knots) [101,102), Membership Value =0.00000000,0.0
Windspeed (knots) [102,103), Membership Value =0.00000000,0.0
Windspeed (knots) [103,104), Membership Value =0.00000000,0.0
Windspeed (knots) [104,105), Membership Value =0.00000000,0.0
Windspeed (knots) [105,106), Membership Value =0.00000000,0.0
Windspeed (knots) [106,107), Membership Value =0.00000000,0.0
Windspeed (knots) [107,108), Membership Value =0.00000000,0.0
Windspeed (knots) [108,109), Membership Value =0.00000000,0.0
Windspeed (knots) [109,110), Membership Value =0.00000000,0.0
Windspeed (knots) [110,111), Membership Value =0.00000000,0.0
Windspeed (knots) [111,112), Membership Value =0.00000000,0.0
Windspeed (knots) [112,113), Membership Value =0.00000000,0.0
Windspeed (knots) [113,114), Membership Value =0.00000000,0.0
Windspeed (knots) [114,115), Membership Value =0.00000000,0.0
Windspeed (knots) [115,116), Membership Value =0.00000000,0.0
Windspeed (knots) [116,117), Membership Value =0.00000000,0.0
Windspeed (knots) [117,118), Membership Value =0.00000000,0.0
Windspeed (knots) [118,119), Membership Value =0.00000000,0.0
Windspeed (knots) [119,120), Membership Value =0.00000000,0.0
Windspeed (knots) [120,121), Membership Value =0.00000000,0.0
Windspeed (knots) [121,122), Membership Value =0.00000000,0.0
Windspeed (knots) [122,123), Membership Value =0.00000000,0.0
Windspeed (knots) [123,124), Membership Value =0.00000000,0.0
Windspeed (knots) [124,125), Membership Value =0.00000000,0.0
LowestWindspeedThatIsWindyKnots for station KDFW is 9 knots.
Transition limited :false
bUseWeatherPrediction: true
The running average is 1
The y-int is 9
Energy harvested: 1.2387227408345563E7
iGeneratingEnergyWhenGridNeedsEnergyMinutes =1140249
iGeneratingEnergyWhenGridNeedsEnergyMinutes =1140249
iUsingEnergyWhenGridNeedsEnergyMinutes =87315
iGeneratingEnergyWhenGridHasExcessEnergyMinutes = 2057
iUsingEnergyWhenGridHasExcessEnergyMinutes = 133
iIdleWhenGridDoesNotNeedEnergyMinutes = 43890
iIdleWhenGridNeedsEnergyMinutes = 3459706
iEnergyPriceIsZeroMinutes = 240
harvester.getEnergyHarvestedAVAILABLEKilowattHours( ): 2.5167150666666668E7
harvester.getEnergyHarvestedKilowattHours(): 1.2387227408345563E7
The y-int is 19
Energy harvested: 1437872.2166666666
iGeneratingEnergyWhenGridNeedsEnergyMinutes =38746
iGeneratingEnergyWhenGridNeedsEnergyMinutes =38746
iUsingEnergyWhenGridNeedsEnergyMinutes =1
iGeneratingEnergyWhenGridHasExcessEnergyMinutes = 222
iUsingEnergyWhenGridHasExcessEnergyMinutes = 0
iIdleWhenGridDoesNotNeedEnergyMinutes = 45858
iIdleWhenGridNeedsEnergyMinutes = 4648523
iEnergyPriceIsZeroMinutes = 240
harvester.getEnergyHarvestedAVAILABLEKilowattHours( ): 2.5167150666666668E7
harvester.getEnergyHarvestedKilowattHours(): 1437872.2166666666
The y-int is 29
Energy harvested: 12286.75
iGeneratingEnergyWhenGridNeedsEnergyMinutes =246
iGeneratingEnergyWhenGridNeedsEnergyMinutes =246
iUsingEnergyWhenGridNeedsEnergyMinutes =1
iGeneratingEnergyWhenGridHasExcessEnergyMinutes = 0
iUsingEnergyWhenGridHasExcessEnergyMinutes = 0
iIdleWhenGridDoesNotNeedEnergyMinutes = 46080
iIdleWhenGridNeedsEnergyMinutes = 4687023
iEnergyPriceIsZeroMinutes = 240
harvester.getEnergyHarvestedAVAILABLEKilowattHours( ): 2.5167150666666668E7
harvester.getEnergyHarvestedKilowattHours(): 12286.75
The y-int is 39
Energy harvested: 0.0
iGeneratingEnergyWhenGridNeedsEnergyMinutes =0
iGeneratingEnergyWhenGridNeedsEnergyMinutes =0
iUsingEnergyWhenGridNeedsEnergyMinutes =1
iGeneratingEnergyWhenGridHasExcessEnergyMinutes = 0
iUsingEnergyWhenGridHasExcessEnergyMinutes = 0
iIdleWhenGridDoesNotNeedEnergyMinutes = 46080
iIdleWhenGridNeedsEnergyMinutes = 4687269
iEnergyPriceIsZeroMinutes = 240
harvester.getEnergyHarvestedAVAILABLEKilowattHours( ): 2.5167150666666668E7
harvester.getEnergyHarvestedKilowattHours(): 0.0
The running average is 31
The y-int is 9
Energy harvested: 1.2291614506672593E7
iGeneratingEnergyWhenGridNeedsEnergyMinutes =1122802
iGeneratingEnergyWhenGridNeedsEnergyMinutes =1122802
iUsingEnergyWhenGridNeedsEnergyMinutes =43035
iGeneratingEnergyWhenGridHasExcessEnergyMinutes = 2124
iUsingEnergyWhenGridHasExcessEnergyMinutes = 76
iIdleWhenGridDoesNotNeedEnergyMinutes = 43880
iIdleWhenGridNeedsEnergyMinutes = 3521433
iEnergyPriceIsZeroMinutes = 240
harvester.getEnergyHarvestedAVAILABLEKilowattHours( ): 2.5167150666666668E7
harvester.getEnergyHarvestedKilowattHours(): 1.2291614506672593E7
The y-int is 19
Energy harvested: 1548316.0130555565
iGeneratingEnergyWhenGridNeedsEnergyMinutes =44400
iGeneratingEnergyWhenGridNeedsEnergyMinutes =44400
iUsingEnergyWhenGridNeedsEnergyMinutes =67
iGeneratingEnergyWhenGridHasExcessEnergyMinutes = 350
iUsingEnergyWhenGridHasExcessEnergyMinutes = 0
iIdleWhenGridDoesNotNeedEnergyMinutes = 45730
iIdleWhenGridNeedsEnergyMinutes = 4642803
iEnergyPriceIsZeroMinutes = 240
harvester.getEnergyHarvestedAVAILABLEKilowattHours( ): 2.5167150666666668E7
harvester.getEnergyHarvestedKilowattHours(): 1548316.0130555565
The y-int is 29
Energy harvested: 19538.333333333332
iGeneratingEnergyWhenGridNeedsEnergyMinutes =397
iGeneratingEnergyWhenGridNeedsEnergyMinutes =397
iUsingEnergyWhenGridNeedsEnergyMinutes =1
iGeneratingEnergyWhenGridHasExcessEnergyMinutes = 0
iUsingEnergyWhenGridHasExcessEnergyMinutes = 0
iIdleWhenGridDoesNotNeedEnergyMinutes = 46080
iIdleWhenGridNeedsEnergyMinutes = 4686872
iEnergyPriceIsZeroMinutes = 240
harvester.getEnergyHarvestedAVAILABLEKilowattHours( ): 2.5167150666666668E7
harvester.getEnergyHarvestedKilowattHours(): 19538.333333333332
The y-int is 39
Energy harvested: 0.0
iGeneratingEnergyWhenGridNeedsEnergyMinutes =0
iGeneratingEnergyWhenGridNeedsEnergyMinutes =0
iUsingEnergyWhenGridNeedsEnergyMinutes =1
iGeneratingEnergyWhenGridHasExcessEnergyMinutes = 0
iUsingEnergyWhenGridHasExcessEnergyMinutes = 0
iIdleWhenGridDoesNotNeedEnergyMinutes = 46080
iIdleWhenGridNeedsEnergyMinutes = 4687269
iEnergyPriceIsZeroMinutes = 240
harvester.getEnergyHarvestedAVAILABLEKilowattHours( ): 2.5167150666666668E7
harvester.getEnergyHarvestedKilowattHours(): 0.0
The running average is 61
The y-int is 9
Energy harvested: 1.218206160944969E7
iGeneratingEnergyWhenGridNeedsEnergyMinutes =1094166
iGeneratingEnergyWhenGridNeedsEnergyMinutes =1094166
iUsingEnergyWhenGridNeedsEnergyMinutes =38495
iGeneratingEnergyWhenGridHasExcessEnergyMinutes = 2124
iUsingEnergyWhenGridHasExcessEnergyMinutes = 76
iIdleWhenGridDoesNotNeedEnergyMinutes = 43880
iIdleWhenGridNeedsEnergyMinutes = 3554609
iEnergyPriceIsZeroMinutes = 240
harvester.getEnergyHarvestedAVAILABLEKilowattHours( ): 2.5167150666666668E7
harvester.getEnergyHarvestedKilowattHours(): 1.218206160944969E7
The y-int is 19
Energy harvested: 1418241.4158333333
iGeneratingEnergyWhenGridNeedsEnergyMinutes =41539
iGeneratingEnergyWhenGridNeedsEnergyMinutes =41539
iUsingEnergyWhenGridNeedsEnergyMinutes =4
iGeneratingEnergyWhenGridHasExcessEnergyMinutes = 362
iUsingEnergyWhenGridHasExcessEnergyMinutes = 0
iIdleWhenGridDoesNotNeedEnergyMinutes = 45718
iIdleWhenGridNeedsEnergyMinutes = 4645727
iEnergyPriceIsZeroMinutes = 240
harvester.getEnergyHarvestedAVAILABLEKilowattHours( ): 2.5167150666666668E7
harvester.getEnergyHarvestedKilowattHours(): 1418241.4158333333
The y-int is 29
Energy harvested: 16997.716666666667
iGeneratingEnergyWhenGridNeedsEnergyMinutes =349
iGeneratingEnergyWhenGridNeedsEnergyMinutes =349
iUsingEnergyWhenGridNeedsEnergyMinutes =1
iGeneratingEnergyWhenGridHasExcessEnergyMinutes = 0
iUsingEnergyWhenGridHasExcessEnergyMinutes = 0
iIdleWhenGridDoesNotNeedEnergyMinutes = 46080
iIdleWhenGridNeedsEnergyMinutes = 4686920
iEnergyPriceIsZeroMinutes = 240
harvester.getEnergyHarvestedAVAILABLEKilowattHours( ): 2.5167150666666668E7
harvester.getEnergyHarvestedKilowattHours(): 16997.716666666667
The y-int is 39
Energy harvested: 0.0
iGeneratingEnergyWhenGridNeedsEnergyMinutes =0
iGeneratingEnergyWhenGridNeedsEnergyMinutes =0
iUsingEnergyWhenGridNeedsEnergyMinutes =1
iGeneratingEnergyWhenGridHasExcessEnergyMinutes = 0
iUsingEnergyWhenGridHasExcessEnergyMinutes = 0
iIdleWhenGridDoesNotNeedEnergyMinutes = 46080
iIdleWhenGridNeedsEnergyMinutes = 4687269
iEnergyPriceIsZeroMinutes = 240
harvester.getEnergyHarvestedAVAILABLEKilowattHours( ): 2.5167150666666668E7
harvester.getEnergyHarvestedKilowattHours(): 0.0
The running average is 91
The y-int is 9
Energy harvested: 1.2087811936671467E7
iGeneratingEnergyWhenGridNeedsEnergyMinutes =1072390
iGeneratingEnergyWhenGridNeedsEnergyMinutes =1072390
iUsingEnergyWhenGridNeedsEnergyMinutes =36517
iGeneratingEnergyWhenGridHasExcessEnergyMinutes = 2106
iUsingEnergyWhenGridHasExcessEnergyMinutes = 76
iIdleWhenGridDoesNotNeedEnergyMinutes = 43898
iIdleWhenGridNeedsEnergyMinutes = 3578363
iEnergyPriceIsZeroMinutes = 240
harvester.getEnergyHarvestedAVAILABLEKilowattHours( ): 2.5167150666666668E7
harvester.getEnergyHarvestedKilowattHours(): 1.2087811936671467E7
The y-int is 19
Energy harvested: 1318540.5450000004
iGeneratingEnergyWhenGridNeedsEnergyMinutes =38955
iGeneratingEnergyWhenGridNeedsEnergyMinutes =38955
iUsingEnergyWhenGridNeedsEnergyMinutes =18
iGeneratingEnergyWhenGridHasExcessEnergyMinutes = 365
iUsingEnergyWhenGridHasExcessEnergyMinutes = 0
iIdleWhenGridDoesNotNeedEnergyMinutes = 45715
iIdleWhenGridNeedsEnergyMinutes = 4648297
iEnergyPriceIsZeroMinutes = 240
harvester.getEnergyHarvestedAVAILABLEKilowattHours( ): 2.5167150666666668E7
harvester.getEnergyHarvestedKilowattHours(): 1318540.5450000004
The y-int is 29
Energy harvested: 17755.183333333334
iGeneratingEnergyWhenGridNeedsEnergyMinutes =366
iGeneratingEnergyWhenGridNeedsEnergyMinutes =366
iUsingEnergyWhenGridNeedsEnergyMinutes =1
iGeneratingEnergyWhenGridHasExcessEnergyMinutes = 0
iUsingEnergyWhenGridHasExcessEnergyMinutes = 0
iIdleWhenGridDoesNotNeedEnergyMinutes = 46080
iIdleWhenGridNeedsEnergyMinutes = 4686903
iEnergyPriceIsZeroMinutes = 240
harvester.getEnergyHarvestedAVAILABLEKilowattHours( ): 2.5167150666666668E7
harvester.getEnergyHarvestedKilowattHours(): 17755.183333333334
The y-int is 39
Energy harvested: 0.0
iGeneratingEnergyWhenGridNeedsEnergyMinutes =0
iGeneratingEnergyWhenGridNeedsEnergyMinutes =0
iUsingEnergyWhenGridNeedsEnergyMinutes =1
iGeneratingEnergyWhenGridHasExcessEnergyMinutes = 0
iUsingEnergyWhenGridHasExcessEnergyMinutes = 0
iIdleWhenGridDoesNotNeedEnergyMinutes = 46080
iIdleWhenGridNeedsEnergyMinutes = 4687269
iEnergyPriceIsZeroMinutes = 240
harvester.getEnergyHarvestedAVAILABLEKilowattHours( ): 2.5167150666666668E7
harvester.getEnergyHarvestedKilowattHours(): 0.0
The running average is 121
The y-int is 9
Energy harvested: 1.2000976337782238E7
iGeneratingEnergyWhenGridNeedsEnergyMinutes =1053622
iGeneratingEnergyWhenGridNeedsEnergyMinutes =1053622
iUsingEnergyWhenGridNeedsEnergyMinutes =34758
iGeneratingEnergyWhenGridHasExcessEnergyMinutes = 2094
iUsingEnergyWhenGridHasExcessEnergyMinutes = 76
iIdleWhenGridDoesNotNeedEnergyMinutes = 43910
iIdleWhenGridNeedsEnergyMinutes = 3598890
iEnergyPriceIsZeroMinutes = 240
harvester.getEnergyHarvestedAVAILABLEKilowattHours( ): 2.5167150666666668E7
harvester.getEnergyHarvestedKilowattHours(): 1.2000976337782238E7
The y-int is 19
Energy harvested: 1223506.715
iGeneratingEnergyWhenGridNeedsEnergyMinutes =36587
iGeneratingEnergyWhenGridNeedsEnergyMinutes =36587
iUsingEnergyWhenGridNeedsEnergyMinutes =3
iGeneratingEnergyWhenGridHasExcessEnergyMinutes = 383
iUsingEnergyWhenGridHasExcessEnergyMinutes = 0
iIdleWhenGridDoesNotNeedEnergyMinutes = 45697
iIdleWhenGridNeedsEnergyMinutes = 4650680
iEnergyPriceIsZeroMinutes = 240
harvester.getEnergyHarvestedAVAILABLEKilowattHours( ): 2.5167150666666668E7
harvester.getEnergyHarvestedKilowattHours(): 1223506.715
The y-int is 29
Energy harvested: 17133.033333333333
iGeneratingEnergyWhenGridNeedsEnergyMinutes =358
iGeneratingEnergyWhenGridNeedsEnergyMinutes =358
iUsingEnergyWhenGridNeedsEnergyMinutes =1
iGeneratingEnergyWhenGridHasExcessEnergyMinutes = 0
iUsingEnergyWhenGridHasExcessEnergyMinutes = 0
iIdleWhenGridDoesNotNeedEnergyMinutes = 46080
iIdleWhenGridNeedsEnergyMinutes = 4686911
iEnergyPriceIsZeroMinutes = 240
harvester.getEnergyHarvestedAVAILABLEKilowattHours( ): 2.5167150666666668E7
harvester.getEnergyHarvestedKilowattHours(): 17133.033333333333
The y-int is 39
Energy harvested: 0.0
iGeneratingEnergyWhenGridNeedsEnergyMinutes =0
iGeneratingEnergyWhenGridNeedsEnergyMinutes =0
iUsingEnergyWhenGridNeedsEnergyMinutes =1
iGeneratingEnergyWhenGridHasExcessEnergyMinutes = 0
iUsingEnergyWhenGridHasExcessEnergyMinutes = 0
iIdleWhenGridDoesNotNeedEnergyMinutes = 46080
iIdleWhenGridNeedsEnergyMinutes = 4687269
iEnergyPriceIsZeroMinutes = 240
harvester.getEnergyHarvestedAVAILABLEKilowattHours( ): 2.5167150666666668E7
harvester.getEnergyHarvestedKilowattHours(): 0.0
Beginning testing mode:
station,&,y_intercept_for_month_1,&,running_average_size_minutes_for_month_1,&,y_intercept_for_month_2,&,running_average_size_minutes_for_month_2,&,y_intercept_for_month_3,&,running_average_size_minutes_for_month_3,&,y_intercept_for_month_4,&,running_average_size_minutes_for_month_4,&,y_intercept_for_month_5,&,running_average_size_minutes_for_month_5,&,y_intercept_for_month_6,&,running_average_size_minutes_for_month_6,&,y_intercept_for_month_7,&,running_average_size_minutes_for_month_7,&,y_intercept_for_month_8,&,running_average_size_minutes_for_month_8,&,y_intercept_for_month_9,&,running_average_size_minutes_for_month_9,&,y_intercept_for_month_10,&,running_average_size_minutes_for_month_10,&,y_intercept_for_month_11,&,running_average_size_minutes_for_month_11,&,y_intercept_for_month_12,&,running_average_size_minutes_for_month_12,&,dNetNorm,&,dMarketBalancePercentage,&,dMarketNetNorm,
results: KDFW,&,9,&,1,&,9,&,1,&,9,&,1,&,9,&,1,&,9,&,1,&,9,&,1,&,9,&,31,&,9,&,1,&,9,&,1,&,9,&,31,&,9,&,1,&,9,&,1,&,0.4779958327543545,&,0.9214390825594966,&,0.44044404160043493
monthly visible minutes:KDFW,&,2013,&,13676,&,13385,&,14557,&,15270,&,16035,&,13054,&,11745,&,14138,&,10809,&,13101,&,12738,&,9385,&,
monthly visible minutes:KDFW,&,2014,&,14917,&,13070,&,14047,&,15284,&,16066,&,15513,&,12538,&,13130,&,11166,&,12734,&,15991,&,16721,&,
monthly minutes harvester between states:KDFW,&,2013,&,1581,&,1472,&,1745,&,1617,&,1440,&,2003,&,1330,&,3949,&,2412,&,950,&,1231,&,1069,&,
monthly minutes harvester between states:KDFW,&,2014,&,1466,&,1191,&,2028,&,1610,&,2276,&,1763,&,1178,&,2565,&,2429,&,945,&,1231,&,1372,&,
station,&,y_intercept_for_month_1,&,running_average_size_minutes_for_month_1,&,y_intercept_for_month_2,&,running_average_size_minutes_for_month_2,&,y_intercept_for_month_3,&,running_average_size_minutes_for_month_3,&,y_intercept_for_month_4,&,running_average_size_minutes_for_month_4,&,y_intercept_for_month_5,&,running_average_size_minutes_for_month_5,&,y_intercept_for_month_6,&,running_average_size_minutes_for_month_6,&,y_intercept_for_month_7,&,running_average_size_minutes_for_month_7,&,y_intercept_for_month_8,&,running_average_size_minutes_for_month_8,&,y_intercept_for_month_9,&,running_average_size_minutes_for_month_9,&,y_intercept_for_month_10,&,running_average_size_minutes_for_month_10,&,y_intercept_for_month_11,&,running_average_size_minutes_for_month_11,&,y_intercept_for_month_12,&,running_average_size_minutes_for_month_12,&,dNetNorm,&,dMarketBalancePercentage,&,dMarketNetNorm,
results: KDFW,&,9,&,31,&,9,&,61,&,9,&,31,&,9,&,31,&,9,&,121,&,9,&,31,&,9,&,31,&,9,&,61,&,9,&,31,&,9,&,31,&,9,&,31,&,9,&,61,&,0.47165346878114467,&,0.9474344892515298,&,0.44686076329837615
monthly visible minutes:KDFW,&,2013,&,13676,&,13385,&,14557,&,15270,&,16035,&,13054,&,11745,&,14138,&,10809,&,13101,&,12738,&,9385,&,
monthly visible minutes:KDFW,&,2014,&,14917,&,13070,&,14047,&,15284,&,16066,&,15513,&,12538,&,13130,&,11166,&,12734,&,15991,&,16721,&,
monthly minutes harvester between states:KDFW,&,2013,&,1581,&,1472,&,1745,&,1617,&,1440,&,2003,&,1330,&,3949,&,2412,&,950,&,1231,&,1069,&,
monthly minutes harvester between states:KDFW,&,2014,&,1466,&,1191,&,2028,&,1610,&,2276,&,1763,&,1178,&,2565,&,2429,&,945,&,1231,&,1372,&,
Station: KDTW
abc: The current path is /home/guy/retractable-wind
I have found the property file.
The training windspeed filename is /trainingKDTW2004-2012in.csv
The testing windspeed filename is /testingKDTW2013-2014in.csv
Yes, the station is KDTW
Warning: The bAlsoUsePrediction no longer has any effect
iUsedAllItsAllocatedVisibilityMinutesPerMonth: 51234
Visibility Allocation Minutes:51234
HARVESTER_SIZE_SQM is 6362
Reading file
Success: /Wind turbine power curves - wind turbine power output against wind speed in knots.csv found.
Speed (Knots) = Speed(knots) vs power (kW) , Power (kW) =V90
Speed (Knots) = 0 , Power (kW) =0
Speed (Knots) = 1 , Power (kW) =0
Speed (Knots) = 2 , Power (kW) =0
Speed (Knots) = 3 , Power (kW) =0
Speed (Knots) = 4 , Power (kW) =0
Speed (Knots) = 5 , Power (kW) =0
Speed (Knots) = 6 , Power (kW) =0
Speed (Knots) = 7 , Power (kW) =38
Speed (Knots) = 8 , Power (kW) =87
Speed (Knots) = 9 , Power (kW) =141
Speed (Knots) = 10 , Power (kW) =207
Speed (Knots) = 11 , Power (kW) =286
Speed (Knots) = 12 , Power (kW) =382
Speed (Knots) = 13 , Power (kW) =496
Speed (Knots) = 14 , Power (kW) =628
Speed (Knots) = 15 , Power (kW) =781
Speed (Knots) = 16 , Power (kW) =957
Speed (Knots) = 17 , Power (kW) =1153
Speed (Knots) = 18 , Power (kW) =1366
Speed (Knots) = 19 , Power (kW) =1589
Speed (Knots) = 20 , Power (kW) =1814
Speed (Knots) = 21 , Power (kW) =2035
Speed (Knots) = 22 , Power (kW) =2250
Speed (Knots) = 23 , Power (kW) =2452
Speed (Knots) = 24 , Power (kW) =2634
Speed (Knots) = 25 , Power (kW) =2784
Speed (Knots) = 26 , Power (kW) =2888
Speed (Knots) = 27 , Power (kW) =2949
Speed (Knots) = 28 , Power (kW) =2980
Speed (Knots) = 29 , Power (kW) =2993
Speed (Knots) = 30 , Power (kW) =3000
Speed (Knots) = 31 , Power (kW) =3000
Speed (Knots) = 32 , Power (kW) =3000
Speed (Knots) = 33 , Power (kW) =3000
Speed (Knots) = 34 , Power (kW) =3000
Speed (Knots) = 35 , Power (kW) =3000
Speed (Knots) = 36 , Power (kW) =3000
Speed (Knots) = 37 , Power (kW) =3000
Speed (Knots) = 38 , Power (kW) =3000
Speed (Knots) = 39 , Power (kW) =3000
Speed (Knots) = 40 , Power (kW) =3000
Speed (Knots) = 41 , Power (kW) =3000
Speed (Knots) = 42 , Power (kW) =3000
Speed (Knots) = 43 , Power (kW) =3000
Speed (Knots) = 44 , Power (kW) =3000
Speed (Knots) = 45 , Power (kW) =3000
Speed (Knots) = 46 , Power (kW) =3000
Speed (Knots) = 47 , Power (kW) =3000
Speed (Knots) = 48 , Power (kW) =3000
Speed (Knots) = 49 , Power (kW) =0
Speed (Knots) = 50 , Power (kW) =0
Speed (Knots) = 51 , Power (kW) =0
Speed (Knots) = 52 , Power (kW) =0
Speed (Knots) = 53 , Power (kW) =0
Speed (Knots) = 54 , Power (kW) =0
Speed (Knots) = 55 , Power (kW) =0
Speed (Knots) = 56 , Power (kW) =0
Speed (Knots) = 57 , Power (kW) =0
Speed (Knots) = 58 , Power (kW) =0
Speed (Knots) = 59 , Power (kW) =0
Speed (Knots) = 60 , Power (kW) =0
The scale is 1.0
Wind power at 10 knots in kilowatts is 207.0
Wind power in-cut-out test 0.0
Aging
Class name:edu.pitt.cs.people.guy.wind.benchmarks.Aging
Success: /Noise_Allowed_Time_Definitions_All_Stations.csv found.
The station is the record is KDTW
Success: /Noise_Allowed_Time_Definitions_All_Stations.csv found.
The station is the record is KDTW
I have found the membership file for NOT WINDY.
Windspeed (knots) [0,1), Membership Value =1.00000000,1.0
Windspeed (knots) [1,2), Membership Value =0.99995578,0.9999558
Windspeed (knots) [2,3), Membership Value =0.99934990,0.9993499
Windspeed (knots) [3,4), Membership Value =0.99649259,0.99649256
Windspeed (knots) [4,5), Membership Value =0.98852857,0.98852855
Windspeed (knots) [5,6), Membership Value =0.97172833,0.9717283
Windspeed (knots) [6,7), Membership Value =0.94325019,0.9432502
Windspeed (knots) [7,8), Membership Value =0.90218840,0.9021884
Windspeed (knots) [8,9), Membership Value =0.84490642,0.84490645
Windspeed (knots) [9,10), Membership Value =0.77526065,0.7752606
Windspeed (knots) [10,11), Membership Value =0.69778752,0.6977875
Windspeed (knots) [11,12), Membership Value =0.61243102,0.61243105
Windspeed (knots) [12,13), Membership Value =0.52156740,0.5215674
Windspeed (knots) [13,14), Membership Value =0.43012402,0.430124
Windspeed (knots) [14,15), Membership Value =0.34026869,0.3402687
Windspeed (knots) [15,16), Membership Value =0.25529087,0.25529087
Windspeed (knots) [16,17), Membership Value =0.17604379,0.1760438
Windspeed (knots) [17,18), Membership Value =0.10520752,0.10520752
Windspeed (knots) [18,19), Membership Value =0.04344817,0.04344817
Windspeed (knots) [19,20), Membership Value =0.00000000,0.0
Windspeed (knots) [20,21), Membership Value =0.00000000,0.0
Windspeed (knots) [21,22), Membership Value =0.00000000,0.0
Windspeed (knots) [22,23), Membership Value =0.00000000,0.0
Windspeed (knots) [23,24), Membership Value =0.00000000,0.0
Windspeed (knots) [24,25), Membership Value =0.00000000,0.0
Windspeed (knots) [25,26), Membership Value =0.00000000,0.0
Windspeed (knots) [26,27), Membership Value =0.00000000,0.0
Windspeed (knots) [27,28), Membership Value =0.00000000,0.0
Windspeed (knots) [28,29), Membership Value =0.00000000,0.0
Windspeed (knots) [29,30), Membership Value =0.00000000,0.0
Windspeed (knots) [30,31), Membership Value =0.00000000,0.0
Windspeed (knots) [31,32), Membership Value =0.00000000,0.0
Windspeed (knots) [32,33), Membership Value =0.00000000,0.0
Windspeed (knots) [33,34), Membership Value =0.00000000,0.0
Windspeed (knots) [34,35), Membership Value =0.00000000,0.0
Windspeed (knots) [35,36), Membership Value =0.00000000,0.0
Windspeed (knots) [36,37), Membership Value =0.00000000,0.0
Windspeed (knots) [37,38), Membership Value =0.00000000,0.0
Windspeed (knots) [38,39), Membership Value =0.00000000,0.0
Windspeed (knots) [39,40), Membership Value =0.00000000,0.0
Windspeed (knots) [40,41), Membership Value =0.00000000,0.0
Windspeed (knots) [41,42), Membership Value =0.00000000,0.0
Windspeed (knots) [42,43), Membership Value =0.00000000,0.0
Windspeed (knots) [43,44), Membership Value =0.00000000,0.0
Windspeed (knots) [44,45), Membership Value =0.00000000,0.0
Windspeed (knots) [45,46), Membership Value =0.00000000,0.0
Windspeed (knots) [46,47), Membership Value =0.00000000,0.0
Windspeed (knots) [47,48), Membership Value =0.00000000,0.0
Windspeed (knots) [48,49), Membership Value =0.00000000,0.0
Windspeed (knots) [49,50), Membership Value =0.00000000,0.0
Windspeed (knots) [50,51), Membership Value =0.00000000,0.0
Windspeed (knots) [51,52), Membership Value =0.00000000,0.0
Windspeed (knots) [52,53), Membership Value =0.00000000,0.0
Windspeed (knots) [53,54), Membership Value =0.00000000,0.0
Windspeed (knots) [54,55), Membership Value =0.00000000,0.0
Windspeed (knots) [55,56), Membership Value =0.00000000,0.0
Windspeed (knots) [56,57), Membership Value =0.00000000,0.0
Windspeed (knots) [57,58), Membership Value =0.00000000,0.0
Windspeed (knots) [58,59), Membership Value =0.00000000,0.0
Windspeed (knots) [59,60), Membership Value =0.00000000,0.0
Windspeed (knots) [60,61), Membership Value =0.00000000,0.0
Windspeed (knots) [61,62), Membership Value =0.00000000,0.0
Windspeed (knots) [62,63), Membership Value =0.00000000,0.0
Windspeed (knots) [63,64), Membership Value =0.00000000,0.0
Windspeed (knots) [64,65), Membership Value =0.00000000,0.0
Windspeed (knots) [65,66), Membership Value =0.00000000,0.0
Windspeed (knots) [66,67), Membership Value =0.00000000,0.0
Windspeed (knots) [67,68), Membership Value =0.00000000,0.0
Windspeed (knots) [68,69), Membership Value =0.00000000,0.0
Windspeed (knots) [69,70), Membership Value =0.00000000,0.0
Windspeed (knots) [70,71), Membership Value =0.00000000,0.0
Windspeed (knots) [71,72), Membership Value =0.00000000,0.0
Windspeed (knots) [72,73), Membership Value =0.00000000,0.0
Windspeed (knots) [73,74), Membership Value =0.00000000,0.0
Windspeed (knots) [74,75), Membership Value =0.00000000,0.0
Windspeed (knots) [75,76), Membership Value =0.00000000,0.0
Windspeed (knots) [76,77), Membership Value =0.00000000,0.0
Windspeed (knots) [77,78), Membership Value =0.00000000,0.0
Windspeed (knots) [78,79), Membership Value =0.00000000,0.0
Windspeed (knots) [79,80), Membership Value =0.00000000,0.0
Windspeed (knots) [80,81), Membership Value =0.00000000,0.0
Windspeed (knots) [81,82), Membership Value =0.00000000,0.0
Windspeed (knots) [82,83), Membership Value =0.00000000,0.0
Windspeed (knots) [83,84), Membership Value =0.00000000,0.0
Windspeed (knots) [84,85), Membership Value =0.00000000,0.0
Windspeed (knots) [85,86), Membership Value =0.00000000,0.0
Windspeed (knots) [86,87), Membership Value =0.00000000,0.0
Windspeed (knots) [87,88), Membership Value =0.00000000,0.0
Windspeed (knots) [88,89), Membership Value =0.00000000,0.0
Windspeed (knots) [89,90), Membership Value =0.00000000,0.0
Windspeed (knots) [90,91), Membership Value =0.00000000,0.0
Windspeed (knots) [91,92), Membership Value =0.00000000,0.0
Windspeed (knots) [92,93), Membership Value =0.00000000,0.0
Windspeed (knots) [93,94), Membership Value =0.00000000,0.0
Windspeed (knots) [94,95), Membership Value =0.00000000,0.0
Windspeed (knots) [95,96), Membership Value =0.00000000,0.0
Windspeed (knots) [96,97), Membership Value =0.00000000,0.0
Windspeed (knots) [97,98), Membership Value =0.00000000,0.0
Windspeed (knots) [98,99), Membership Value =0.00000000,0.0
Windspeed (knots) [99,100), Membership Value =0.00000000,0.0
Windspeed (knots) [100,101), Membership Value =0.00000000,0.0
Windspeed (knots) [101,102), Membership Value =0.00000000,0.0
Windspeed (knots) [102,103), Membership Value =0.00000000,0.0
Windspeed (knots) [103,104), Membership Value =0.00000000,0.0
Windspeed (knots) [104,105), Membership Value =0.00000000,0.0
Windspeed (knots) [105,106), Membership Value =0.00000000,0.0
Windspeed (knots) [106,107), Membership Value =0.00000000,0.0
Windspeed (knots) [107,108), Membership Value =0.00000000,0.0
Windspeed (knots) [108,109), Membership Value =0.00000000,0.0
Windspeed (knots) [109,110), Membership Value =0.00000000,0.0
Windspeed (knots) [110,111), Membership Value =0.00000000,0.0
Windspeed (knots) [111,112), Membership Value =0.00000000,0.0
Windspeed (knots) [112,113), Membership Value =0.00000000,0.0
Windspeed (knots) [113,114), Membership Value =0.00000000,0.0
Windspeed (knots) [114,115), Membership Value =0.00000000,0.0
Windspeed (knots) [115,116), Membership Value =0.00000000,0.0
Windspeed (knots) [116,117), Membership Value =0.00000000,0.0
Windspeed (knots) [117,118), Membership Value =0.00000000,0.0
Windspeed (knots) [118,119), Membership Value =0.00000000,0.0
Windspeed (knots) [119,120), Membership Value =0.00000000,0.0
Windspeed (knots) [120,121), Membership Value =0.00000000,0.0
Windspeed (knots) [121,122), Membership Value =0.00000000,0.0
Windspeed (knots) [122,123), Membership Value =0.00000000,0.0
Windspeed (knots) [123,124), Membership Value =0.00000000,0.0
Windspeed (knots) [124,125), Membership Value =0.00000000,0.0
LowestWindspeedThatIsWindyKnots for station KDTW is 8 knots.
Transition limited :false
bUseWeatherPrediction: true
The running average is 1
The y-int is 8
Energy harvested: 8991601.650564576
iGeneratingEnergyWhenGridNeedsEnergyMinutes =1251433
iGeneratingEnergyWhenGridNeedsEnergyMinutes =1251433
iUsingEnergyWhenGridNeedsEnergyMinutes =91008
iGeneratingEnergyWhenGridHasExcessEnergyMinutes = 2376
iUsingEnergyWhenGridHasExcessEnergyMinutes = 141
iIdleWhenGridDoesNotNeedEnergyMinutes = 43563
iIdleWhenGridNeedsEnergyMinutes = 3344769
iEnergyPriceIsZeroMinutes = 240
harvester.getEnergyHarvestedAVAILABLEKilowattHours( ): 1.493492915E7
harvester.getEnergyHarvestedKilowattHours(): 8991601.650564576
The y-int is 18
Energy harvested: 997993.2
iGeneratingEnergyWhenGridNeedsEnergyMinutes =28981
iGeneratingEnergyWhenGridNeedsEnergyMinutes =28981
iUsingEnergyWhenGridNeedsEnergyMinutes =1
iGeneratingEnergyWhenGridHasExcessEnergyMinutes = 2
iUsingEnergyWhenGridHasExcessEnergyMinutes = 0
iIdleWhenGridDoesNotNeedEnergyMinutes = 46078
iIdleWhenGridNeedsEnergyMinutes = 4658228
iEnergyPriceIsZeroMinutes = 240
harvester.getEnergyHarvestedAVAILABLEKilowattHours( ): 1.493492915E7
harvester.getEnergyHarvestedKilowattHours(): 997993.2
The y-int is 28
Energy harvested: 9020.55
iGeneratingEnergyWhenGridNeedsEnergyMinutes =182
iGeneratingEnergyWhenGridNeedsEnergyMinutes =182
iUsingEnergyWhenGridNeedsEnergyMinutes =1
iGeneratingEnergyWhenGridHasExcessEnergyMinutes = 0
iUsingEnergyWhenGridHasExcessEnergyMinutes = 0
iIdleWhenGridDoesNotNeedEnergyMinutes = 46080
iIdleWhenGridNeedsEnergyMinutes = 4687027
iEnergyPriceIsZeroMinutes = 240
harvester.getEnergyHarvestedAVAILABLEKilowattHours( ): 1.493492915E7
harvester.getEnergyHarvestedKilowattHours(): 9020.55
The y-int is 38
Energy harvested: 0.0
iGeneratingEnergyWhenGridNeedsEnergyMinutes =0
iGeneratingEnergyWhenGridNeedsEnergyMinutes =0
iUsingEnergyWhenGridNeedsEnergyMinutes =1
iGeneratingEnergyWhenGridHasExcessEnergyMinutes = 0
iUsingEnergyWhenGridHasExcessEnergyMinutes = 0
iIdleWhenGridDoesNotNeedEnergyMinutes = 46080
iIdleWhenGridNeedsEnergyMinutes = 4687209
iEnergyPriceIsZeroMinutes = 240
harvester.getEnergyHarvestedAVAILABLEKilowattHours( ): 1.493492915E7
harvester.getEnergyHarvestedKilowattHours(): 0.0
The running average is 31
The y-int is 8
Energy harvested: 8894679.050837789
iGeneratingEnergyWhenGridNeedsEnergyMinutes =1207041
iGeneratingEnergyWhenGridNeedsEnergyMinutes =1207041
iUsingEnergyWhenGridNeedsEnergyMinutes =48486
iGeneratingEnergyWhenGridHasExcessEnergyMinutes = 2394
iUsingEnergyWhenGridHasExcessEnergyMinutes = 95
iIdleWhenGridDoesNotNeedEnergyMinutes = 43591
iIdleWhenGridNeedsEnergyMinutes = 3431683
iEnergyPriceIsZeroMinutes = 240
harvester.getEnergyHarvestedAVAILABLEKilowattHours( ): 1.493492915E7
harvester.getEnergyHarvestedKilowattHours(): 8894679.050837789
The y-int is 18
Energy harvested: 1079604.1563888916
iGeneratingEnergyWhenGridNeedsEnergyMinutes =34144
iGeneratingEnergyWhenGridNeedsEnergyMinutes =34144
iUsingEnergyWhenGridNeedsEnergyMinutes =204
iGeneratingEnergyWhenGridHasExcessEnergyMinutes = 0
iUsingEnergyWhenGridHasExcessEnergyMinutes = 0
iIdleWhenGridDoesNotNeedEnergyMinutes = 46080
iIdleWhenGridNeedsEnergyMinutes = 4652862
iEnergyPriceIsZeroMinutes = 240
harvester.getEnergyHarvestedAVAILABLEKilowattHours( ): 1.493492915E7
harvester.getEnergyHarvestedKilowattHours(): 1079604.1563888916
The y-int is 28
Energy harvested: 14851.883333333333
iGeneratingEnergyWhenGridNeedsEnergyMinutes =310
iGeneratingEnergyWhenGridNeedsEnergyMinutes =310
iUsingEnergyWhenGridNeedsEnergyMinutes =1
iGeneratingEnergyWhenGridHasExcessEnergyMinutes = 0
iUsingEnergyWhenGridHasExcessEnergyMinutes = 0
iIdleWhenGridDoesNotNeedEnergyMinutes = 46080
iIdleWhenGridNeedsEnergyMinutes = 4686899
iEnergyPriceIsZeroMinutes = 240
harvester.getEnergyHarvestedAVAILABLEKilowattHours( ): 1.493492915E7
harvester.getEnergyHarvestedKilowattHours(): 14851.883333333333
The y-int is 38
Energy harvested: 0.0
iGeneratingEnergyWhenGridNeedsEnergyMinutes =0
iGeneratingEnergyWhenGridNeedsEnergyMinutes =0
iUsingEnergyWhenGridNeedsEnergyMinutes =1
iGeneratingEnergyWhenGridHasExcessEnergyMinutes = 0
iUsingEnergyWhenGridHasExcessEnergyMinutes = 0
iIdleWhenGridDoesNotNeedEnergyMinutes = 46080
iIdleWhenGridNeedsEnergyMinutes = 4687209
iEnergyPriceIsZeroMinutes = 240
harvester.getEnergyHarvestedAVAILABLEKilowattHours( ): 1.493492915E7
harvester.getEnergyHarvestedKilowattHours(): 0.0
The running average is 61
The y-int is 8
Energy harvested: 8798195.854726022
iGeneratingEnergyWhenGridNeedsEnergyMinutes =1165795
iGeneratingEnergyWhenGridNeedsEnergyMinutes =1165795
iUsingEnergyWhenGridNeedsEnergyMinutes =43537
iGeneratingEnergyWhenGridHasExcessEnergyMinutes = 2368
iUsingEnergyWhenGridHasExcessEnergyMinutes = 95
iIdleWhenGridDoesNotNeedEnergyMinutes = 43617
iIdleWhenGridNeedsEnergyMinutes = 3477878
iEnergyPriceIsZeroMinutes = 240
harvester.getEnergyHarvestedAVAILABLEKilowattHours( ): 1.493492915E7
harvester.getEnergyHarvestedKilowattHours(): 8798195.854726022
The y-int is 18
Energy harvested: 999552.2400000002
iGeneratingEnergyWhenGridNeedsEnergyMinutes =32279
iGeneratingEnergyWhenGridNeedsEnergyMinutes =32279
iUsingEnergyWhenGridNeedsEnergyMinutes =34
iGeneratingEnergyWhenGridHasExcessEnergyMinutes = 0
iUsingEnergyWhenGridHasExcessEnergyMinutes = 0
iIdleWhenGridDoesNotNeedEnergyMinutes = 46080
iIdleWhenGridNeedsEnergyMinutes = 4654897
iEnergyPriceIsZeroMinutes = 240
harvester.getEnergyHarvestedAVAILABLEKilowattHours( ): 1.493492915E7
harvester.getEnergyHarvestedKilowattHours(): 999552.2400000002
The y-int is 28
Energy harvested: 11004.9
iGeneratingEnergyWhenGridNeedsEnergyMinutes =232
iGeneratingEnergyWhenGridNeedsEnergyMinutes =232
iUsingEnergyWhenGridNeedsEnergyMinutes =1
iGeneratingEnergyWhenGridHasExcessEnergyMinutes = 0
iUsingEnergyWhenGridHasExcessEnergyMinutes = 0
iIdleWhenGridDoesNotNeedEnergyMinutes = 46080
iIdleWhenGridNeedsEnergyMinutes = 4686977
iEnergyPriceIsZeroMinutes = 240
harvester.getEnergyHarvestedAVAILABLEKilowattHours( ): 1.493492915E7
harvester.getEnergyHarvestedKilowattHours(): 11004.9
The y-int is 38
Energy harvested: 0.0
iGeneratingEnergyWhenGridNeedsEnergyMinutes =0
iGeneratingEnergyWhenGridNeedsEnergyMinutes =0
iUsingEnergyWhenGridNeedsEnergyMinutes =1
iGeneratingEnergyWhenGridHasExcessEnergyMinutes = 0
iUsingEnergyWhenGridHasExcessEnergyMinutes = 0
iIdleWhenGridDoesNotNeedEnergyMinutes = 46080
iIdleWhenGridNeedsEnergyMinutes = 4687209
iEnergyPriceIsZeroMinutes = 240
harvester.getEnergyHarvestedAVAILABLEKilowattHours( ): 1.493492915E7
harvester.getEnergyHarvestedKilowattHours(): 0.0
The running average is 91
The y-int is 8
Energy harvested: 8716434.295003377
iGeneratingEnergyWhenGridNeedsEnergyMinutes =1134399
iGeneratingEnergyWhenGridNeedsEnergyMinutes =1134399
iUsingEnergyWhenGridNeedsEnergyMinutes =40701
iGeneratingEnergyWhenGridHasExcessEnergyMinutes = 2288
iUsingEnergyWhenGridHasExcessEnergyMinutes = 88
iIdleWhenGridDoesNotNeedEnergyMinutes = 43704
iIdleWhenGridNeedsEnergyMinutes = 3512110
iEnergyPriceIsZeroMinutes = 240
harvester.getEnergyHarvestedAVAILABLEKilowattHours( ): 1.493492915E7
harvester.getEnergyHarvestedKilowattHours(): 8716434.295003377
The y-int is 18
Energy harvested: 955710.3438888892
iGeneratingEnergyWhenGridNeedsEnergyMinutes =31398
iGeneratingEnergyWhenGridNeedsEnergyMinutes =31398
iUsingEnergyWhenGridNeedsEnergyMinutes =22
iGeneratingEnergyWhenGridHasExcessEnergyMinutes = 0
iUsingEnergyWhenGridHasExcessEnergyMinutes = 0
iIdleWhenGridDoesNotNeedEnergyMinutes = 46080
iIdleWhenGridNeedsEnergyMinutes = 4655790
iEnergyPriceIsZeroMinutes = 240
harvester.getEnergyHarvestedAVAILABLEKilowattHours( ): 1.493492915E7
harvester.getEnergyHarvestedKilowattHours(): 955710.3438888892
The y-int is 28
Energy harvested: 10420.733333333334
iGeneratingEnergyWhenGridNeedsEnergyMinutes =223
iGeneratingEnergyWhenGridNeedsEnergyMinutes =223
iUsingEnergyWhenGridNeedsEnergyMinutes =1
iGeneratingEnergyWhenGridHasExcessEnergyMinutes = 0
iUsingEnergyWhenGridHasExcessEnergyMinutes = 0
iIdleWhenGridDoesNotNeedEnergyMinutes = 46080
iIdleWhenGridNeedsEnergyMinutes = 4686986
iEnergyPriceIsZeroMinutes = 240
harvester.getEnergyHarvestedAVAILABLEKilowattHours( ): 1.493492915E7
harvester.getEnergyHarvestedKilowattHours(): 10420.733333333334
The y-int is 38
Energy harvested: 0.0
iGeneratingEnergyWhenGridNeedsEnergyMinutes =0
iGeneratingEnergyWhenGridNeedsEnergyMinutes =0
iUsingEnergyWhenGridNeedsEnergyMinutes =1
iGeneratingEnergyWhenGridHasExcessEnergyMinutes = 0
iUsingEnergyWhenGridHasExcessEnergyMinutes = 0
iIdleWhenGridDoesNotNeedEnergyMinutes = 46080
iIdleWhenGridNeedsEnergyMinutes = 4687209
iEnergyPriceIsZeroMinutes = 240
harvester.getEnergyHarvestedAVAILABLEKilowattHours( ): 1.493492915E7
harvester.getEnergyHarvestedKilowattHours(): 0.0
The running average is 121
The y-int is 8
Energy harvested: 8638404.460836513
iGeneratingEnergyWhenGridNeedsEnergyMinutes =1106436
iGeneratingEnergyWhenGridNeedsEnergyMinutes =1106436
iUsingEnergyWhenGridNeedsEnergyMinutes =38947
iGeneratingEnergyWhenGridHasExcessEnergyMinutes = 2267
iUsingEnergyWhenGridHasExcessEnergyMinutes = 73
iIdleWhenGridDoesNotNeedEnergyMinutes = 43740
iIdleWhenGridNeedsEnergyMinutes = 3541827
iEnergyPriceIsZeroMinutes = 240
harvester.getEnergyHarvestedAVAILABLEKilowattHours( ): 1.493492915E7
harvester.getEnergyHarvestedKilowattHours(): 8638404.460836513
The y-int is 18
Energy harvested: 897561.88
iGeneratingEnergyWhenGridNeedsEnergyMinutes =29880
iGeneratingEnergyWhenGridNeedsEnergyMinutes =29880
iUsingEnergyWhenGridNeedsEnergyMinutes =12
iGeneratingEnergyWhenGridHasExcessEnergyMinutes = 0
iUsingEnergyWhenGridHasExcessEnergyMinutes = 0
iIdleWhenGridDoesNotNeedEnergyMinutes = 46080
iIdleWhenGridNeedsEnergyMinutes = 4657318
iEnergyPriceIsZeroMinutes = 240
harvester.getEnergyHarvestedAVAILABLEKilowattHours( ): 1.493492915E7
harvester.getEnergyHarvestedKilowattHours(): 897561.88
The y-int is 28
Energy harvested: 10009.316666666668
iGeneratingEnergyWhenGridNeedsEnergyMinutes =221
iGeneratingEnergyWhenGridNeedsEnergyMinutes =221
iUsingEnergyWhenGridNeedsEnergyMinutes =1
iGeneratingEnergyWhenGridHasExcessEnergyMinutes = 0
iUsingEnergyWhenGridHasExcessEnergyMinutes = 0
iIdleWhenGridDoesNotNeedEnergyMinutes = 46080
iIdleWhenGridNeedsEnergyMinutes = 4686988
iEnergyPriceIsZeroMinutes = 240
harvester.getEnergyHarvestedAVAILABLEKilowattHours( ): 1.493492915E7
harvester.getEnergyHarvestedKilowattHours(): 10009.316666666668
The y-int is 38
Energy harvested: 0.0
iGeneratingEnergyWhenGridNeedsEnergyMinutes =0
iGeneratingEnergyWhenGridNeedsEnergyMinutes =0
iUsingEnergyWhenGridNeedsEnergyMinutes =1
iGeneratingEnergyWhenGridHasExcessEnergyMinutes = 0
iUsingEnergyWhenGridHasExcessEnergyMinutes = 0
iIdleWhenGridDoesNotNeedEnergyMinutes = 46080
iIdleWhenGridNeedsEnergyMinutes = 4687209
iEnergyPriceIsZeroMinutes = 240
harvester.getEnergyHarvestedAVAILABLEKilowattHours( ): 1.493492915E7
harvester.getEnergyHarvestedKilowattHours(): 0.0
Beginning testing mode:
station,&,y_intercept_for_month_1,&,running_average_size_minutes_for_month_1,&,y_intercept_for_month_2,&,running_average_size_minutes_for_month_2,&,y_intercept_for_month_3,&,running_average_size_minutes_for_month_3,&,y_intercept_for_month_4,&,running_average_size_minutes_for_month_4,&,y_intercept_for_month_5,&,running_average_size_minutes_for_month_5,&,y_intercept_for_month_6,&,running_average_size_minutes_for_month_6,&,y_intercept_for_month_7,&,running_average_size_minutes_for_month_7,&,y_intercept_for_month_8,&,running_average_size_minutes_for_month_8,&,y_intercept_for_month_9,&,running_average_size_minutes_for_month_9,&,y_intercept_for_month_10,&,running_average_size_minutes_for_month_10,&,y_intercept_for_month_11,&,running_average_size_minutes_for_month_11,&,y_intercept_for_month_12,&,running_average_size_minutes_for_month_12,&,dNetNorm,&,dMarketBalancePercentage,&,dMarketNetNorm,
results: KDTW,&,8,&,1,&,8,&,1,&,8,&,1,&,8,&,1,&,8,&,1,&,8,&,1,&,8,&,1,&,8,&,1,&,8,&,1,&,8,&,1,&,8,&,1,&,8,&,1,&,0.6130486757039866,&,0.9112689497853549,&,0.5586522228760744
monthly visible minutes:KDTW,&,2013,&,16105,&,14650,&,16590,&,17208,&,17034,&,12540,&,12640,&,12305,&,11557,&,12945,&,17525,&,15386,&,
monthly visible minutes:KDTW,&,2014,&,18808,&,12428,&,15982,&,17131,&,15329,&,11126,&,15981,&,10036,&,10177,&,14971,&,17154,&,13547,&,
monthly minutes harvester between states:KDTW,&,2013,&,1552,&,1282,&,1529,&,1857,&,2408,&,2378,&,2848,&,2446,&,2051,&,1256,&,1463,&,1358,&,
monthly minutes harvester between states:KDTW,&,2014,&,1317,&,1220,&,1836,&,2288,&,2843,&,2067,&,2381,&,2120,&,1740,&,1918,&,1030,&,1381,&,
station,&,y_intercept_for_month_1,&,running_average_size_minutes_for_month_1,&,y_intercept_for_month_2,&,running_average_size_minutes_for_month_2,&,y_intercept_for_month_3,&,running_average_size_minutes_for_month_3,&,y_intercept_for_month_4,&,running_average_size_minutes_for_month_4,&,y_intercept_for_month_5,&,running_average_size_minutes_for_month_5,&,y_intercept_for_month_6,&,running_average_size_minutes_for_month_6,&,y_intercept_for_month_7,&,running_average_size_minutes_for_month_7,&,y_intercept_for_month_8,&,running_average_size_minutes_for_month_8,&,y_intercept_for_month_9,&,running_average_size_minutes_for_month_9,&,y_intercept_for_month_10,&,running_average_size_minutes_for_month_10,&,y_intercept_for_month_11,&,running_average_size_minutes_for_month_11,&,y_intercept_for_month_12,&,running_average_size_minutes_for_month_12,&,dNetNorm,&,dMarketBalancePercentage,&,dMarketNetNorm,
results: KDTW,&,8,&,1,&,8,&,31,&,8,&,31,&,8,&,91,&,8,&,61,&,8,&,31,&,8,&,31,&,8,&,31,&,8,&,31,&,8,&,31,&,8,&,31,&,8,&,31,&,0.6072834528106761,&,0.944338138971823,&,0.5734809256556167
monthly visible minutes:KDTW,&,2013,&,16105,&,14650,&,16590,&,17208,&,17034,&,12540,&,12640,&,12305,&,11557,&,12945,&,17525,&,15386,&,
monthly visible minutes:KDTW,&,2014,&,18808,&,12428,&,15982,&,17131,&,15329,&,11126,&,15981,&,10036,&,10177,&,14971,&,17154,&,13547,&,
monthly minutes harvester between states:KDTW,&,2013,&,1552,&,1282,&,1529,&,1857,&,2408,&,2378,&,2848,&,2446,&,2051,&,1256,&,1463,&,1358,&,
monthly minutes harvester between states:KDTW,&,2014,&,1317,&,1220,&,1836,&,2288,&,2843,&,2067,&,2381,&,2120,&,1740,&,1918,&,1030,&,1381,&,
Station: KEUG
abc: The current path is /home/guy/retractable-wind
I have found the property file.
The training windspeed filename is /trainingKEUG2004-2012in.csv
The testing windspeed filename is /testingKEUG2013-2014in.csv
Yes, the station is KEUG
Warning: The bAlsoUsePrediction no longer has any effect
iUsedAllItsAllocatedVisibilityMinutesPerMonth: 51234
Visibility Allocation Minutes:51234
HARVESTER_SIZE_SQM is 6362
Reading file
Success: /Wind turbine power curves - wind turbine power output against wind speed in knots.csv found.
Speed (Knots) = Speed(knots) vs power (kW) , Power (kW) =V90
Speed (Knots) = 0 , Power (kW) =0
Speed (Knots) = 1 , Power (kW) =0
Speed (Knots) = 2 , Power (kW) =0
Speed (Knots) = 3 , Power (kW) =0
Speed (Knots) = 4 , Power (kW) =0
Speed (Knots) = 5 , Power (kW) =0
Speed (Knots) = 6 , Power (kW) =0
Speed (Knots) = 7 , Power (kW) =38
Speed (Knots) = 8 , Power (kW) =87
Speed (Knots) = 9 , Power (kW) =141
Speed (Knots) = 10 , Power (kW) =207
Speed (Knots) = 11 , Power (kW) =286
Speed (Knots) = 12 , Power (kW) =382
Speed (Knots) = 13 , Power (kW) =496
Speed (Knots) = 14 , Power (kW) =628
Speed (Knots) = 15 , Power (kW) =781
Speed (Knots) = 16 , Power (kW) =957
Speed (Knots) = 17 , Power (kW) =1153
Speed (Knots) = 18 , Power (kW) =1366
Speed (Knots) = 19 , Power (kW) =1589
Speed (Knots) = 20 , Power (kW) =1814
Speed (Knots) = 21 , Power (kW) =2035
Speed (Knots) = 22 , Power (kW) =2250
Speed (Knots) = 23 , Power (kW) =2452
Speed (Knots) = 24 , Power (kW) =2634
Speed (Knots) = 25 , Power (kW) =2784
Speed (Knots) = 26 , Power (kW) =2888
Speed (Knots) = 27 , Power (kW) =2949
Speed (Knots) = 28 , Power (kW) =2980
Speed (Knots) = 29 , Power (kW) =2993
Speed (Knots) = 30 , Power (kW) =3000
Speed (Knots) = 31 , Power (kW) =3000
Speed (Knots) = 32 , Power (kW) =3000
Speed (Knots) = 33 , Power (kW) =3000
Speed (Knots) = 34 , Power (kW) =3000
Speed (Knots) = 35 , Power (kW) =3000
Speed (Knots) = 36 , Power (kW) =3000
Speed (Knots) = 37 , Power (kW) =3000
Speed (Knots) = 38 , Power (kW) =3000
Speed (Knots) = 39 , Power (kW) =3000
Speed (Knots) = 40 , Power (kW) =3000
Speed (Knots) = 41 , Power (kW) =3000
Speed (Knots) = 42 , Power (kW) =3000
Speed (Knots) = 43 , Power (kW) =3000
Speed (Knots) = 44 , Power (kW) =3000
Speed (Knots) = 45 , Power (kW) =3000
Speed (Knots) = 46 , Power (kW) =3000
Speed (Knots) = 47 , Power (kW) =3000
Speed (Knots) = 48 , Power (kW) =3000
Speed (Knots) = 49 , Power (kW) =0
Speed (Knots) = 50 , Power (kW) =0
Speed (Knots) = 51 , Power (kW) =0
Speed (Knots) = 52 , Power (kW) =0
Speed (Knots) = 53 , Power (kW) =0
Speed (Knots) = 54 , Power (kW) =0
Speed (Knots) = 55 , Power (kW) =0
Speed (Knots) = 56 , Power (kW) =0
Speed (Knots) = 57 , Power (kW) =0
Speed (Knots) = 58 , Power (kW) =0
Speed (Knots) = 59 , Power (kW) =0
Speed (Knots) = 60 , Power (kW) =0
The scale is 1.0
Wind power at 10 knots in kilowatts is 207.0
Wind power in-cut-out test 0.0
Aging
Class name:edu.pitt.cs.people.guy.wind.benchmarks.Aging
Success: /Noise_Allowed_Time_Definitions_All_Stations.csv found.
The station is the record is KEUG
Success: /Noise_Allowed_Time_Definitions_All_Stations.csv found.
The station is the record is KEUG
I have found the membership file for NOT WINDY.
Windspeed (knots) [0,1), Membership Value =1.00000000,1.0
Windspeed (knots) [1,2), Membership Value =0.99982703,0.999827
Windspeed (knots) [2,3), Membership Value =0.99783840,0.9978384
Windspeed (knots) [3,4), Membership Value =0.99012511,0.9901251
Windspeed (knots) [4,5), Membership Value =0.97115019,0.9711502
Windspeed (knots) [5,6), Membership Value =0.93424135,0.93424135
Windspeed (knots) [6,7), Membership Value =0.87862914,0.87862915
Windspeed (knots) [7,8), Membership Value =0.80433593,0.80433595
Windspeed (knots) [8,9), Membership Value =0.71481927,0.71481925
Windspeed (knots) [9,10), Membership Value =0.61418090,0.6141809
Windspeed (knots) [10,11), Membership Value =0.50332803,0.503328
Windspeed (knots) [11,12), Membership Value =0.38900127,0.38900128
Windspeed (knots) [12,13), Membership Value =0.27898620,0.2789862
Windspeed (knots) [13,14), Membership Value =0.17851534,0.17851534
Windspeed (knots) [14,15), Membership Value =0.08885353,0.08885353
Windspeed (knots) [15,16), Membership Value =0.01449242,0.01449242
Windspeed (knots) [16,17), Membership Value =0.00000000,0.0
Windspeed (knots) [17,18), Membership Value =0.00000000,0.0
Windspeed (knots) [18,19), Membership Value =0.00000000,0.0
Windspeed (knots) [19,20), Membership Value =0.00000000,0.0
Windspeed (knots) [20,21), Membership Value =0.00000000,0.0
Windspeed (knots) [21,22), Membership Value =0.00000000,0.0
Windspeed (knots) [22,23), Membership Value =0.00000000,0.0
Windspeed (knots) [23,24), Membership Value =0.00000000,0.0
Windspeed (knots) [24,25), Membership Value =0.00000000,0.0
Windspeed (knots) [25,26), Membership Value =0.00000000,0.0
Windspeed (knots) [26,27), Membership Value =0.00000000,0.0
Windspeed (knots) [27,28), Membership Value =0.00000000,0.0
Windspeed (knots) [28,29), Membership Value =0.00000000,0.0
Windspeed (knots) [29,30), Membership Value =0.00000000,0.0
Windspeed (knots) [30,31), Membership Value =0.00000000,0.0
Windspeed (knots) [31,32), Membership Value =0.00000000,0.0
Windspeed (knots) [32,33), Membership Value =0.00000000,0.0
Windspeed (knots) [33,34), Membership Value =0.00000000,0.0
Windspeed (knots) [34,35), Membership Value =0.00000000,0.0
Windspeed (knots) [35,36), Membership Value =0.00000000,0.0
Windspeed (knots) [36,37), Membership Value =0.00000000,0.0
Windspeed (knots) [37,38), Membership Value =0.00000000,0.0
Windspeed (knots) [38,39), Membership Value =0.00000000,0.0
Windspeed (knots) [39,40), Membership Value =0.00000000,0.0
Windspeed (knots) [40,41), Membership Value =0.00000000,0.0
Windspeed (knots) [41,42), Membership Value =0.00000000,0.0
Windspeed (knots) [42,43), Membership Value =0.00000000,0.0
Windspeed (knots) [43,44), Membership Value =0.00000000,0.0
Windspeed (knots) [44,45), Membership Value =0.00000000,0.0
Windspeed (knots) [45,46), Membership Value =0.00000000,0.0
Windspeed (knots) [46,47), Membership Value =0.00000000,0.0
Windspeed (knots) [47,48), Membership Value =0.00000000,0.0
Windspeed (knots) [48,49), Membership Value =0.00000000,0.0
Windspeed (knots) [49,50), Membership Value =0.00000000,0.0
Windspeed (knots) [50,51), Membership Value =0.00000000,0.0
Windspeed (knots) [51,52), Membership Value =0.00000000,0.0
Windspeed (knots) [52,53), Membership Value =0.00000000,0.0
Windspeed (knots) [53,54), Membership Value =0.00000000,0.0
Windspeed (knots) [54,55), Membership Value =0.00000000,0.0
Windspeed (knots) [55,56), Membership Value =0.00000000,0.0
Windspeed (knots) [56,57), Membership Value =0.00000000,0.0
Windspeed (knots) [57,58), Membership Value =0.00000000,0.0
Windspeed (knots) [58,59), Membership Value =0.00000000,0.0
Windspeed (knots) [59,60), Membership Value =0.00000000,0.0
Windspeed (knots) [60,61), Membership Value =0.00000000,0.0
Windspeed (knots) [61,62), Membership Value =0.00000000,0.0
Windspeed (knots) [62,63), Membership Value =0.00000000,0.0
Windspeed (knots) [63,64), Membership Value =0.00000000,0.0
Windspeed (knots) [64,65), Membership Value =0.00000000,0.0
Windspeed (knots) [65,66), Membership Value =0.00000000,0.0
Windspeed (knots) [66,67), Membership Value =0.00000000,0.0
Windspeed (knots) [67,68), Membership Value =0.00000000,0.0
Windspeed (knots) [68,69), Membership Value =0.00000000,0.0
Windspeed (knots) [69,70), Membership Value =0.00000000,0.0
Windspeed (knots) [70,71), Membership Value =0.00000000,0.0
Windspeed (knots) [71,72), Membership Value =0.00000000,0.0
Windspeed (knots) [72,73), Membership Value =0.00000000,0.0
Windspeed (knots) [73,74), Membership Value =0.00000000,0.0
Windspeed (knots) [74,75), Membership Value =0.00000000,0.0
Windspeed (knots) [75,76), Membership Value =0.00000000,0.0
Windspeed (knots) [76,77), Membership Value =0.00000000,0.0
Windspeed (knots) [77,78), Membership Value =0.00000000,0.0
Windspeed (knots) [78,79), Membership Value =0.00000000,0.0
Windspeed (knots) [79,80), Membership Value =0.00000000,0.0
Windspeed (knots) [80,81), Membership Value =0.00000000,0.0
Windspeed (knots) [81,82), Membership Value =0.00000000,0.0
Windspeed (knots) [82,83), Membership Value =0.00000000,0.0
Windspeed (knots) [83,84), Membership Value =0.00000000,0.0
Windspeed (knots) [84,85), Membership Value =0.00000000,0.0
Windspeed (knots) [85,86), Membership Value =0.00000000,0.0
Windspeed (knots) [86,87), Membership Value =0.00000000,0.0
Windspeed (knots) [87,88), Membership Value =0.00000000,0.0
Windspeed (knots) [88,89), Membership Value =0.00000000,0.0
Windspeed (knots) [89,90), Membership Value =0.00000000,0.0
Windspeed (knots) [90,91), Membership Value =0.00000000,0.0
Windspeed (knots) [91,92), Membership Value =0.00000000,0.0
Windspeed (knots) [92,93), Membership Value =0.00000000,0.0
Windspeed (knots) [93,94), Membership Value =0.00000000,0.0
Windspeed (knots) [94,95), Membership Value =0.00000000,0.0
Windspeed (knots) [95,96), Membership Value =0.00000000,0.0
Windspeed (knots) [96,97), Membership Value =0.00000000,0.0
Windspeed (knots) [97,98), Membership Value =0.00000000,0.0
Windspeed (knots) [98,99), Membership Value =0.00000000,0.0
Windspeed (knots) [99,100), Membership Value =0.00000000,0.0
Windspeed (knots) [100,101), Membership Value =0.00000000,0.0
Windspeed (knots) [101,102), Membership Value =0.00000000,0.0
Windspeed (knots) [102,103), Membership Value =0.00000000,0.0
Windspeed (knots) [103,104), Membership Value =0.00000000,0.0
Windspeed (knots) [104,105), Membership Value =0.00000000,0.0
Windspeed (knots) [105,106), Membership Value =0.00000000,0.0
Windspeed (knots) [106,107), Membership Value =0.00000000,0.0
Windspeed (knots) [107,108), Membership Value =0.00000000,0.0
Windspeed (knots) [108,109), Membership Value =0.00000000,0.0
Windspeed (knots) [109,110), Membership Value =0.00000000,0.0
Windspeed (knots) [110,111), Membership Value =0.00000000,0.0
Windspeed (knots) [111,112), Membership Value =0.00000000,0.0
Windspeed (knots) [112,113), Membership Value =0.00000000,0.0
Windspeed (knots) [113,114), Membership Value =0.00000000,0.0
Windspeed (knots) [114,115), Membership Value =0.00000000,0.0
Windspeed (knots) [115,116), Membership Value =0.00000000,0.0
Windspeed (knots) [116,117), Membership Value =0.00000000,0.0
Windspeed (knots) [117,118), Membership Value =0.00000000,0.0
Windspeed (knots) [118,119), Membership Value =0.00000000,0.0
Windspeed (knots) [119,120), Membership Value =0.00000000,0.0
Windspeed (knots) [120,121), Membership Value =0.00000000,0.0
Windspeed (knots) [121,122), Membership Value =0.00000000,0.0
Windspeed (knots) [122,123), Membership Value =0.00000000,0.0
Windspeed (knots) [123,124), Membership Value =0.00000000,0.0
Windspeed (knots) [124,125), Membership Value =0.00000000,0.0
LowestWindspeedThatIsWindyKnots for station KEUG is 6 knots.
Transition limited :false
bUseWeatherPrediction: true
The running average is 1
The y-int is 6
Energy harvested: 5126304.14554817
iGeneratingEnergyWhenGridNeedsEnergyMinutes =1044700
iGeneratingEnergyWhenGridNeedsEnergyMinutes =1044700
iUsingEnergyWhenGridNeedsEnergyMinutes =99845
iGeneratingEnergyWhenGridHasExcessEnergyMinutes = 2530
iUsingEnergyWhenGridHasExcessEnergyMinutes = 253
iIdleWhenGridDoesNotNeedEnergyMinutes = 43297
iIdleWhenGridNeedsEnergyMinutes = 3543851
iEnergyPriceIsZeroMinutes = 240
harvester.getEnergyHarvestedAVAILABLEKilowattHours( ): 7234854.416666667
harvester.getEnergyHarvestedKilowattHours(): 5126304.14554817
The y-int is 16
Energy harvested: 412722.8430555545
iGeneratingEnergyWhenGridNeedsEnergyMinutes =16988
iGeneratingEnergyWhenGridNeedsEnergyMinutes =16988
iUsingEnergyWhenGridNeedsEnergyMinutes =760
iGeneratingEnergyWhenGridHasExcessEnergyMinutes = 109
iUsingEnergyWhenGridHasExcessEnergyMinutes = 2
iIdleWhenGridDoesNotNeedEnergyMinutes = 45969
iIdleWhenGridNeedsEnergyMinutes = 4670648
iEnergyPriceIsZeroMinutes = 240
harvester.getEnergyHarvestedAVAILABLEKilowattHours( ): 7234854.416666667
harvester.getEnergyHarvestedKilowattHours(): 412722.8430555545
The y-int is 26
Energy harvested: 1574.9666666666667
iGeneratingEnergyWhenGridNeedsEnergyMinutes =32
iGeneratingEnergyWhenGridNeedsEnergyMinutes =32
iUsingEnergyWhenGridNeedsEnergyMinutes =1
iGeneratingEnergyWhenGridHasExcessEnergyMinutes = 0
iUsingEnergyWhenGridHasExcessEnergyMinutes = 0
iIdleWhenGridDoesNotNeedEnergyMinutes = 46080
iIdleWhenGridNeedsEnergyMinutes = 4688363
iEnergyPriceIsZeroMinutes = 240
harvester.getEnergyHarvestedAVAILABLEKilowattHours( ): 7234854.416666667
harvester.getEnergyHarvestedKilowattHours(): 1574.9666666666667
The y-int is 36
Energy harvested: 0.0
iGeneratingEnergyWhenGridNeedsEnergyMinutes =0
iGeneratingEnergyWhenGridNeedsEnergyMinutes =0
iUsingEnergyWhenGridNeedsEnergyMinutes =1
iGeneratingEnergyWhenGridHasExcessEnergyMinutes = 0
iUsingEnergyWhenGridHasExcessEnergyMinutes = 0
iIdleWhenGridDoesNotNeedEnergyMinutes = 46080
iIdleWhenGridNeedsEnergyMinutes = 4688395
iEnergyPriceIsZeroMinutes = 240
harvester.getEnergyHarvestedAVAILABLEKilowattHours( ): 7234854.416666667
harvester.getEnergyHarvestedKilowattHours(): 0.0
The running average is 31
The y-int is 6
Energy harvested: 5088573.003884218
iGeneratingEnergyWhenGridNeedsEnergyMinutes =1021721
iGeneratingEnergyWhenGridNeedsEnergyMinutes =1021721
iUsingEnergyWhenGridNeedsEnergyMinutes =62562
iGeneratingEnergyWhenGridHasExcessEnergyMinutes = 2491
iUsingEnergyWhenGridHasExcessEnergyMinutes = 175
iIdleWhenGridDoesNotNeedEnergyMinutes = 43414
iIdleWhenGridNeedsEnergyMinutes = 3604113
iEnergyPriceIsZeroMinutes = 240
harvester.getEnergyHarvestedAVAILABLEKilowattHours( ): 7234854.416666667
harvester.getEnergyHarvestedKilowattHours(): 5088573.003884218
The y-int is 16
Energy harvested: 381691.28611111006
iGeneratingEnergyWhenGridNeedsEnergyMinutes =17092
iGeneratingEnergyWhenGridNeedsEnergyMinutes =17092
iUsingEnergyWhenGridNeedsEnergyMinutes =330
iGeneratingEnergyWhenGridHasExcessEnergyMinutes = 96
iUsingEnergyWhenGridHasExcessEnergyMinutes = 0
iIdleWhenGridDoesNotNeedEnergyMinutes = 45984
iIdleWhenGridNeedsEnergyMinutes = 4670974
iEnergyPriceIsZeroMinutes = 240
harvester.getEnergyHarvestedAVAILABLEKilowattHours( ): 7234854.416666667
harvester.getEnergyHarvestedKilowattHours(): 381691.28611111006
The y-int is 26
Energy harvested: 1801.5333333333333
iGeneratingEnergyWhenGridNeedsEnergyMinutes =42
iGeneratingEnergyWhenGridNeedsEnergyMinutes =42
iUsingEnergyWhenGridNeedsEnergyMinutes =1
iGeneratingEnergyWhenGridHasExcessEnergyMinutes = 0
iUsingEnergyWhenGridHasExcessEnergyMinutes = 0
iIdleWhenGridDoesNotNeedEnergyMinutes = 46080
iIdleWhenGridNeedsEnergyMinutes = 4688353
iEnergyPriceIsZeroMinutes = 240
harvester.getEnergyHarvestedAVAILABLEKilowattHours( ): 7234854.416666667
harvester.getEnergyHarvestedKilowattHours(): 1801.5333333333333
The y-int is 36
Energy harvested: 0.0
iGeneratingEnergyWhenGridNeedsEnergyMinutes =0
iGeneratingEnergyWhenGridNeedsEnergyMinutes =0
iUsingEnergyWhenGridNeedsEnergyMinutes =1
iGeneratingEnergyWhenGridHasExcessEnergyMinutes = 0
iUsingEnergyWhenGridHasExcessEnergyMinutes = 0
iIdleWhenGridDoesNotNeedEnergyMinutes = 46080
iIdleWhenGridNeedsEnergyMinutes = 4688395
iEnergyPriceIsZeroMinutes = 240
harvester.getEnergyHarvestedAVAILABLEKilowattHours( ): 7234854.416666667
harvester.getEnergyHarvestedKilowattHours(): 0.0
The running average is 61
The y-int is 6
Energy harvested: 5048168.290273696
iGeneratingEnergyWhenGridNeedsEnergyMinutes =1000064
iGeneratingEnergyWhenGridNeedsEnergyMinutes =1000064
iUsingEnergyWhenGridNeedsEnergyMinutes =56209
iGeneratingEnergyWhenGridHasExcessEnergyMinutes = 2470
iUsingEnergyWhenGridHasExcessEnergyMinutes = 177
iIdleWhenGridDoesNotNeedEnergyMinutes = 43433
iIdleWhenGridNeedsEnergyMinutes = 3632123
iEnergyPriceIsZeroMinutes = 240
harvester.getEnergyHarvestedAVAILABLEKilowattHours( ): 7234854.416666667
harvester.getEnergyHarvestedKilowattHours(): 5048168.290273696
The y-int is 16
Energy harvested: 326861.9574999996
iGeneratingEnergyWhenGridNeedsEnergyMinutes =14810
iGeneratingEnergyWhenGridNeedsEnergyMinutes =14810
iUsingEnergyWhenGridNeedsEnergyMinutes =144
iGeneratingEnergyWhenGridHasExcessEnergyMinutes = 88
iUsingEnergyWhenGridHasExcessEnergyMinutes = 0
iIdleWhenGridDoesNotNeedEnergyMinutes = 45992
iIdleWhenGridNeedsEnergyMinutes = 4673442
iEnergyPriceIsZeroMinutes = 240
harvester.getEnergyHarvestedAVAILABLEKilowattHours( ): 7234854.416666667
harvester.getEnergyHarvestedKilowattHours(): 326861.9574999996
The y-int is 26
Energy harvested: 1230.0166666666667
iGeneratingEnergyWhenGridNeedsEnergyMinutes =38
iGeneratingEnergyWhenGridNeedsEnergyMinutes =38
iUsingEnergyWhenGridNeedsEnergyMinutes =1
iGeneratingEnergyWhenGridHasExcessEnergyMinutes = 0
iUsingEnergyWhenGridHasExcessEnergyMinutes = 0
iIdleWhenGridDoesNotNeedEnergyMinutes = 46080
iIdleWhenGridNeedsEnergyMinutes = 4688357
iEnergyPriceIsZeroMinutes = 240
harvester.getEnergyHarvestedAVAILABLEKilowattHours( ): 7234854.416666667
harvester.getEnergyHarvestedKilowattHours(): 1230.0166666666667
The y-int is 36
Energy harvested: 0.0
iGeneratingEnergyWhenGridNeedsEnergyMinutes =0
iGeneratingEnergyWhenGridNeedsEnergyMinutes =0
iUsingEnergyWhenGridNeedsEnergyMinutes =1
iGeneratingEnergyWhenGridHasExcessEnergyMinutes = 0
iUsingEnergyWhenGridHasExcessEnergyMinutes = 0
iIdleWhenGridDoesNotNeedEnergyMinutes = 46080
iIdleWhenGridNeedsEnergyMinutes = 4688395
iEnergyPriceIsZeroMinutes = 240
harvester.getEnergyHarvestedAVAILABLEKilowattHours( ): 7234854.416666667
harvester.getEnergyHarvestedKilowattHours(): 0.0
The running average is 91
The y-int is 6
Energy harvested: 5003244.320551371
iGeneratingEnergyWhenGridNeedsEnergyMinutes =978378
iGeneratingEnergyWhenGridNeedsEnergyMinutes =978378
iUsingEnergyWhenGridNeedsEnergyMinutes =52860
iGeneratingEnergyWhenGridHasExcessEnergyMinutes = 2418
iUsingEnergyWhenGridHasExcessEnergyMinutes = 182
iIdleWhenGridDoesNotNeedEnergyMinutes = 43480
iIdleWhenGridNeedsEnergyMinutes = 3657158
iEnergyPriceIsZeroMinutes = 240
harvester.getEnergyHarvestedAVAILABLEKilowattHours( ): 7234854.416666667
harvester.getEnergyHarvestedKilowattHours(): 5003244.320551371
The y-int is 16
Energy harvested: 288299.3397222215
iGeneratingEnergyWhenGridNeedsEnergyMinutes =13207
iGeneratingEnergyWhenGridNeedsEnergyMinutes =13207
iUsingEnergyWhenGridNeedsEnergyMinutes =90
iGeneratingEnergyWhenGridHasExcessEnergyMinutes = 85
iUsingEnergyWhenGridHasExcessEnergyMinutes = 1
iIdleWhenGridDoesNotNeedEnergyMinutes = 45994
iIdleWhenGridNeedsEnergyMinutes = 4675099
iEnergyPriceIsZeroMinutes = 240
harvester.getEnergyHarvestedAVAILABLEKilowattHours( ): 7234854.416666667
harvester.getEnergyHarvestedKilowattHours(): 288299.3397222215
The y-int is 26
Energy harvested: 0.0
iGeneratingEnergyWhenGridNeedsEnergyMinutes =0
iGeneratingEnergyWhenGridNeedsEnergyMinutes =0
iUsingEnergyWhenGridNeedsEnergyMinutes =1
iGeneratingEnergyWhenGridHasExcessEnergyMinutes = 0
iUsingEnergyWhenGridHasExcessEnergyMinutes = 0
iIdleWhenGridDoesNotNeedEnergyMinutes = 46080
iIdleWhenGridNeedsEnergyMinutes = 4688395
iEnergyPriceIsZeroMinutes = 240
harvester.getEnergyHarvestedAVAILABLEKilowattHours( ): 7234854.416666667
harvester.getEnergyHarvestedKilowattHours(): 0.0
The y-int is 36
Energy harvested: 0.0
iGeneratingEnergyWhenGridNeedsEnergyMinutes =0
iGeneratingEnergyWhenGridNeedsEnergyMinutes =0
iUsingEnergyWhenGridNeedsEnergyMinutes =0
iGeneratingEnergyWhenGridHasExcessEnergyMinutes = 0
iUsingEnergyWhenGridHasExcessEnergyMinutes = 0
iIdleWhenGridDoesNotNeedEnergyMinutes = 46080
iIdleWhenGridNeedsEnergyMinutes = 4688396
iEnergyPriceIsZeroMinutes = 240
harvester.getEnergyHarvestedAVAILABLEKilowattHours( ): 7234854.416666667
harvester.getEnergyHarvestedKilowattHours(): 0.0
The running average is 121
The y-int is 6
Energy harvested: 4954850.139162483
iGeneratingEnergyWhenGridNeedsEnergyMinutes =956537
iGeneratingEnergyWhenGridNeedsEnergyMinutes =956537
iUsingEnergyWhenGridNeedsEnergyMinutes =50938
iGeneratingEnergyWhenGridHasExcessEnergyMinutes = 2380
iUsingEnergyWhenGridHasExcessEnergyMinutes = 189
iIdleWhenGridDoesNotNeedEnergyMinutes = 43511
iIdleWhenGridNeedsEnergyMinutes = 3680921
iEnergyPriceIsZeroMinutes = 240
harvester.getEnergyHarvestedAVAILABLEKilowattHours( ): 7234854.416666667
harvester.getEnergyHarvestedKilowattHours(): 4954850.139162483
The y-int is 16
Energy harvested: 255487.49111111028
iGeneratingEnergyWhenGridNeedsEnergyMinutes =11967
iGeneratingEnergyWhenGridNeedsEnergyMinutes =11967
iUsingEnergyWhenGridNeedsEnergyMinutes =82
iGeneratingEnergyWhenGridHasExcessEnergyMinutes = 75
iUsingEnergyWhenGridHasExcessEnergyMinutes = 4
iIdleWhenGridDoesNotNeedEnergyMinutes = 46001
iIdleWhenGridNeedsEnergyMinutes = 4676347
iEnergyPriceIsZeroMinutes = 240
harvester.getEnergyHarvestedAVAILABLEKilowattHours( ): 7234854.416666667
harvester.getEnergyHarvestedKilowattHours(): 255487.49111111028
The y-int is 26
Energy harvested: 0.0
iGeneratingEnergyWhenGridNeedsEnergyMinutes =0
iGeneratingEnergyWhenGridNeedsEnergyMinutes =0
iUsingEnergyWhenGridNeedsEnergyMinutes =1
iGeneratingEnergyWhenGridHasExcessEnergyMinutes = 0
iUsingEnergyWhenGridHasExcessEnergyMinutes = 0
iIdleWhenGridDoesNotNeedEnergyMinutes = 46080
iIdleWhenGridNeedsEnergyMinutes = 4688395
iEnergyPriceIsZeroMinutes = 240
harvester.getEnergyHarvestedAVAILABLEKilowattHours( ): 7234854.416666667
harvester.getEnergyHarvestedKilowattHours(): 0.0
The y-int is 36
Energy harvested: 0.0
iGeneratingEnergyWhenGridNeedsEnergyMinutes =0
iGeneratingEnergyWhenGridNeedsEnergyMinutes =0
iUsingEnergyWhenGridNeedsEnergyMinutes =0
iGeneratingEnergyWhenGridHasExcessEnergyMinutes = 0
iUsingEnergyWhenGridHasExcessEnergyMinutes = 0
iIdleWhenGridDoesNotNeedEnergyMinutes = 46080
iIdleWhenGridNeedsEnergyMinutes = 4688396
iEnergyPriceIsZeroMinutes = 240
harvester.getEnergyHarvestedAVAILABLEKilowattHours( ): 7234854.416666667
harvester.getEnergyHarvestedKilowattHours(): 0.0
Beginning testing mode:
station,&,y_intercept_for_month_1,&,running_average_size_minutes_for_month_1,&,y_intercept_for_month_2,&,running_average_size_minutes_for_month_2,&,y_intercept_for_month_3,&,running_average_size_minutes_for_month_3,&,y_intercept_for_month_4,&,running_average_size_minutes_for_month_4,&,y_intercept_for_month_5,&,running_average_size_minutes_for_month_5,&,y_intercept_for_month_6,&,running_average_size_minutes_for_month_6,&,y_intercept_for_month_7,&,running_average_size_minutes_for_month_7,&,y_intercept_for_month_8,&,running_average_size_minutes_for_month_8,&,y_intercept_for_month_9,&,running_average_size_minutes_for_month_9,&,y_intercept_for_month_10,&,running_average_size_minutes_for_month_10,&,y_intercept_for_month_11,&,running_average_size_minutes_for_month_11,&,y_intercept_for_month_12,&,running_average_size_minutes_for_month_12,&,dNetNorm,&,dMarketBalancePercentage,&,dMarketNetNorm,
results: KEUG,&,6,&,1,&,6,&,61,&,6,&,1,&,6,&,1,&,6,&,1,&,6,&,1,&,6,&,1,&,6,&,1,&,6,&,1,&,6,&,1,&,6,&,1,&,6,&,1,&,0.743110394240217,&,0.9074163260269937,&,0.6743105037739285
monthly visible minutes:KEUG,&,2013,&,9564,&,12022,&,18304,&,18651,&,20524,&,17902,&,21882,&,19928,&,19916,&,16783,&,15723,&,17318,&,
monthly visible minutes:KEUG,&,2014,&,18252,&,13085,&,19280,&,18220,&,19088,&,19254,&,20616,&,19206,&,17606,&,17870,&,17524,&,16073,&,
monthly minutes harvester between states:KEUG,&,2013,&,1140,&,1026,&,1583,&,1607,&,1411,&,1519,&,1439,&,1697,&,1507,&,1688,&,1446,&,1577,&,
monthly minutes harvester between states:KEUG,&,2014,&,1401,&,988,&,1706,&,1801,&,1880,&,1699,&,1991,&,2376,&,1886,&,1803,&,1585,&,1643,&,
station,&,y_intercept_for_month_1,&,running_average_size_minutes_for_month_1,&,y_intercept_for_month_2,&,running_average_size_minutes_for_month_2,&,y_intercept_for_month_3,&,running_average_size_minutes_for_month_3,&,y_intercept_for_month_4,&,running_average_size_minutes_for_month_4,&,y_intercept_for_month_5,&,running_average_size_minutes_for_month_5,&,y_intercept_for_month_6,&,running_average_size_minutes_for_month_6,&,y_intercept_for_month_7,&,running_average_size_minutes_for_month_7,&,y_intercept_for_month_8,&,running_average_size_minutes_for_month_8,&,y_intercept_for_month_9,&,running_average_size_minutes_for_month_9,&,y_intercept_for_month_10,&,running_average_size_minutes_for_month_10,&,y_intercept_for_month_11,&,running_average_size_minutes_for_month_11,&,y_intercept_for_month_12,&,running_average_size_minutes_for_month_12,&,dNetNorm,&,dMarketBalancePercentage,&,dMarketNetNorm,
results: KEUG,&,6,&,61,&,6,&,61,&,6,&,61,&,6,&,61,&,6,&,31,&,6,&,31,&,6,&,31,&,6,&,31,&,6,&,31,&,6,&,91,&,6,&,91,&,6,&,91,&,0.7290293152524425,&,0.9308903152090646,&,0.6786463290719947
monthly visible minutes:KEUG,&,2013,&,9564,&,12022,&,18304,&,18651,&,20524,&,17902,&,21882,&,19928,&,19916,&,16783,&,15723,&,17318,&,
monthly visible minutes:KEUG,&,2014,&,18252,&,13085,&,19280,&,18220,&,19088,&,19254,&,20616,&,19206,&,17606,&,17870,&,17524,&,16073,&,
monthly minutes harvester between states:KEUG,&,2013,&,1140,&,1026,&,1583,&,1607,&,1411,&,1519,&,1439,&,1697,&,1507,&,1688,&,1446,&,1577,&,
monthly minutes harvester between states:KEUG,&,2014,&,1401,&,988,&,1706,&,1801,&,1880,&,1699,&,1991,&,2376,&,1886,&,1803,&,1585,&,1643,&,
Station: KIAH
abc: The current path is /home/guy/retractable-wind
I have found the property file.
The training windspeed filename is /trainingKIAH2004-2012in.csv
The testing windspeed filename is /testingKIAH2013-2014in.csv
Yes, the station is KIAH
Warning: The bAlsoUsePrediction no longer has any effect
iUsedAllItsAllocatedVisibilityMinutesPerMonth: 51234
Visibility Allocation Minutes:51234
HARVESTER_SIZE_SQM is 6362
Reading file
Success: /Wind turbine power curves - wind turbine power output against wind speed in knots.csv found.
Speed (Knots) = Speed(knots) vs power (kW) , Power (kW) =V90
Speed (Knots) = 0 , Power (kW) =0
Speed (Knots) = 1 , Power (kW) =0
Speed (Knots) = 2 , Power (kW) =0
Speed (Knots) = 3 , Power (kW) =0
Speed (Knots) = 4 , Power (kW) =0
Speed (Knots) = 5 , Power (kW) =0
Speed (Knots) = 6 , Power (kW) =0
Speed (Knots) = 7 , Power (kW) =38
Speed (Knots) = 8 , Power (kW) =87
Speed (Knots) = 9 , Power (kW) =141
Speed (Knots) = 10 , Power (kW) =207
Speed (Knots) = 11 , Power (kW) =286
Speed (Knots) = 12 , Power (kW) =382
Speed (Knots) = 13 , Power (kW) =496
Speed (Knots) = 14 , Power (kW) =628
Speed (Knots) = 15 , Power (kW) =781
Speed (Knots) = 16 , Power (kW) =957
Speed (Knots) = 17 , Power (kW) =1153
Speed (Knots) = 18 , Power (kW) =1366
Speed (Knots) = 19 , Power (kW) =1589
Speed (Knots) = 20 , Power (kW) =1814
Speed (Knots) = 21 , Power (kW) =2035
Speed (Knots) = 22 , Power (kW) =2250
Speed (Knots) = 23 , Power (kW) =2452
Speed (Knots) = 24 , Power (kW) =2634
Speed (Knots) = 25 , Power (kW) =2784
Speed (Knots) = 26 , Power (kW) =2888
Speed (Knots) = 27 , Power (kW) =2949
Speed (Knots) = 28 , Power (kW) =2980
Speed (Knots) = 29 , Power (kW) =2993
Speed (Knots) = 30 , Power (kW) =3000
Speed (Knots) = 31 , Power (kW) =3000
Speed (Knots) = 32 , Power (kW) =3000
Speed (Knots) = 33 , Power (kW) =3000
Speed (Knots) = 34 , Power (kW) =3000
Speed (Knots) = 35 , Power (kW) =3000
Speed (Knots) = 36 , Power (kW) =3000
Speed (Knots) = 37 , Power (kW) =3000
Speed (Knots) = 38 , Power (kW) =3000
Speed (Knots) = 39 , Power (kW) =3000
Speed (Knots) = 40 , Power (kW) =3000
Speed (Knots) = 41 , Power (kW) =3000
Speed (Knots) = 42 , Power (kW) =3000
Speed (Knots) = 43 , Power (kW) =3000
Speed (Knots) = 44 , Power (kW) =3000
Speed (Knots) = 45 , Power (kW) =3000
Speed (Knots) = 46 , Power (kW) =3000
Speed (Knots) = 47 , Power (kW) =3000
Speed (Knots) = 48 , Power (kW) =3000
Speed (Knots) = 49 , Power (kW) =0
Speed (Knots) = 50 , Power (kW) =0
Speed (Knots) = 51 , Power (kW) =0
Speed (Knots) = 52 , Power (kW) =0
Speed (Knots) = 53 , Power (kW) =0
Speed (Knots) = 54 , Power (kW) =0
Speed (Knots) = 55 , Power (kW) =0
Speed (Knots) = 56 , Power (kW) =0
Speed (Knots) = 57 , Power (kW) =0
Speed (Knots) = 58 , Power (kW) =0
Speed (Knots) = 59 , Power (kW) =0
Speed (Knots) = 60 , Power (kW) =0
The scale is 1.0
Wind power at 10 knots in kilowatts is 207.0
Wind power in-cut-out test 0.0
Aging
Class name:edu.pitt.cs.people.guy.wind.benchmarks.Aging
Success: /Noise_Allowed_Time_Definitions_All_Stations.csv found.
The station is the record is KIAH
Success: /Noise_Allowed_Time_Definitions_All_Stations.csv found.
The station is the record is KIAH
I have found the membership file for NOT WINDY.
Windspeed (knots) [0,1), Membership Value =1.0000000,1.0
Windspeed (knots) [1,2), Membership Value =0.9999109,0.9999109
Windspeed (knots) [2,3), Membership Value =0.9988756,0.9988756
Windspeed (knots) [3,4), Membership Value =0.9945454,0.9945454
Windspeed (knots) [4,5), Membership Value =0.9829569,0.9829569
Windspeed (knots) [5,6), Membership Value =0.9618849,0.9618849
Windspeed (knots) [6,7), Membership Value =0.9273118,0.9273118
Windspeed (knots) [7,8), Membership Value =0.8764096,0.8764096
Windspeed (knots) [8,9), Membership Value =0.8096443,0.8096443
Windspeed (knots) [9,10), Membership Value =0.7237917,0.7237917
Windspeed (knots) [10,11), Membership Value =0.6274935,0.6274935
Windspeed (knots) [11,12), Membership Value =0.5243565,0.5243565
Windspeed (knots) [12,13), Membership Value =0.4135571,0.4135571
Windspeed (knots) [13,14), Membership Value =0.3044805,0.3044805
Windspeed (knots) [14,15), Membership Value =0.2053706,0.2053706
Windspeed (knots) [15,16), Membership Value =0.1178871,0.1178871
Windspeed (knots) [16,17), Membership Value =0.0430639,0.0430639
Windspeed (knots) [17,18), Membership Value =0.0000000,0.0
Windspeed (knots) [18,19), Membership Value =0.0000000,0.0
Windspeed (knots) [19,20), Membership Value =0.0000000,0.0
Windspeed (knots) [20,21), Membership Value =0.0000000,0.0
Windspeed (knots) [21,22), Membership Value =0.0000000,0.0
Windspeed (knots) [22,23), Membership Value =0.0000000,0.0
Windspeed (knots) [23,24), Membership Value =0.0000000,0.0
Windspeed (knots) [24,25), Membership Value =0.0000000,0.0
Windspeed (knots) [25,26), Membership Value =0.0000000,0.0
Windspeed (knots) [26,27), Membership Value =0.0000000,0.0
Windspeed (knots) [27,28), Membership Value =0.0000000,0.0
Windspeed (knots) [28,29), Membership Value =0.0000000,0.0
Windspeed (knots) [29,30), Membership Value =0.0000000,0.0
Windspeed (knots) [30,31), Membership Value =0.0000000,0.0
Windspeed (knots) [31,32), Membership Value =0.0000000,0.0
Windspeed (knots) [32,33), Membership Value =0.0000000,0.0
Windspeed (knots) [33,34), Membership Value =0.0000000,0.0
Windspeed (knots) [34,35), Membership Value =0.0000000,0.0
Windspeed (knots) [35,36), Membership Value =0.0000000,0.0
Windspeed (knots) [36,37), Membership Value =0.0000000,0.0
Windspeed (knots) [37,38), Membership Value =0.0000000,0.0
Windspeed (knots) [38,39), Membership Value =0.0000000,0.0
Windspeed (knots) [39,40), Membership Value =0.0000000,0.0
Windspeed (knots) [40,41), Membership Value =0.0000000,0.0
Windspeed (knots) [41,42), Membership Value =0.0000000,0.0
Windspeed (knots) [42,43), Membership Value =0.0000000,0.0
Windspeed (knots) [43,44), Membership Value =0.0000000,0.0
Windspeed (knots) [44,45), Membership Value =0.0000000,0.0
Windspeed (knots) [45,46), Membership Value =0.0000000,0.0
Windspeed (knots) [46,47), Membership Value =0.0000000,0.0
Windspeed (knots) [47,48), Membership Value =0.0000000,0.0
Windspeed (knots) [48,49), Membership Value =0.0000000,0.0
Windspeed (knots) [49,50), Membership Value =0.0000000,0.0
Windspeed (knots) [50,51), Membership Value =0.0000000,0.0
Windspeed (knots) [51,52), Membership Value =0.0000000,0.0
Windspeed (knots) [52,53), Membership Value =0.0000000,0.0
Windspeed (knots) [53,54), Membership Value =0.0000000,0.0
Windspeed (knots) [54,55), Membership Value =0.0000000,0.0
Windspeed (knots) [55,56), Membership Value =0.0000000,0.0
Windspeed (knots) [56,57), Membership Value =0.0000000,0.0
Windspeed (knots) [57,58), Membership Value =0.0000000,0.0
Windspeed (knots) [58,59), Membership Value =0.0000000,0.0
Windspeed (knots) [59,60), Membership Value =0.0000000,0.0
Windspeed (knots) [60,61), Membership Value =0.0000000,0.0
Windspeed (knots) [61,62), Membership Value =0.0000000,0.0
Windspeed (knots) [62,63), Membership Value =0.0000000,0.0
Windspeed (knots) [63,64), Membership Value =0.0000000,0.0
Windspeed (knots) [64,65), Membership Value =0.0000000,0.0
Windspeed (knots) [65,66), Membership Value =0.0000000,0.0
Windspeed (knots) [66,67), Membership Value =0.0000000,0.0
Windspeed (knots) [67,68), Membership Value =0.0000000,0.0
Windspeed (knots) [68,69), Membership Value =0.0000000,0.0
Windspeed (knots) [69,70), Membership Value =0.0000000,0.0
Windspeed (knots) [70,71), Membership Value =0.0000000,0.0
Windspeed (knots) [71,72), Membership Value =0.0000000,0.0
Windspeed (knots) [72,73), Membership Value =0.0000000,0.0
Windspeed (knots) [73,74), Membership Value =0.0000000,0.0
Windspeed (knots) [74,75), Membership Value =0.0000000,0.0
Windspeed (knots) [75,76), Membership Value =0.0000000,0.0
Windspeed (knots) [76,77), Membership Value =0.0000000,0.0
Windspeed (knots) [77,78), Membership Value =0.0000000,0.0
Windspeed (knots) [78,79), Membership Value =0.0000000,0.0
Windspeed (knots) [79,80), Membership Value =0.0000000,0.0
Windspeed (knots) [80,81), Membership Value =0.0000000,0.0
Windspeed (knots) [81,82), Membership Value =0.0000000,0.0
Windspeed (knots) [82,83), Membership Value =0.0000000,0.0
Windspeed (knots) [83,84), Membership Value =0.0000000,0.0
Windspeed (knots) [84,85), Membership Value =0.0000000,0.0
Windspeed (knots) [85,86), Membership Value =0.0000000,0.0
Windspeed (knots) [86,87), Membership Value =0.0000000,0.0
Windspeed (knots) [87,88), Membership Value =0.0000000,0.0
Windspeed (knots) [88,89), Membership Value =0.0000000,0.0
Windspeed (knots) [89,90), Membership Value =0.0000000,0.0
Windspeed (knots) [90,91), Membership Value =0.0000000,0.0
Windspeed (knots) [91,92), Membership Value =0.0000000,0.0
Windspeed (knots) [92,93), Membership Value =0.0000000,0.0
Windspeed (knots) [93,94), Membership Value =0.0000000,0.0
Windspeed (knots) [94,95), Membership Value =0.0000000,0.0
Windspeed (knots) [95,96), Membership Value =0.0000000,0.0
Windspeed (knots) [96,97), Membership Value =0.0000000,0.0
Windspeed (knots) [97,98), Membership Value =0.0000000,0.0
Windspeed (knots) [98,99), Membership Value =0.0000000,0.0
Windspeed (knots) [99,100), Membership Value =0.0000000,0.0
Windspeed (knots) [100,101), Membership Value =0.0000000,0.0
Windspeed (knots) [101,102), Membership Value =0.0000000,0.0
Windspeed (knots) [102,103), Membership Value =0.0000000,0.0
Windspeed (knots) [103,104), Membership Value =0.0000000,0.0
Windspeed (knots) [104,105), Membership Value =0.0000000,0.0
Windspeed (knots) [105,106), Membership Value =0.0000000,0.0
Windspeed (knots) [106,107), Membership Value =0.0000000,0.0
Windspeed (knots) [107,108), Membership Value =0.0000000,0.0
Windspeed (knots) [108,109), Membership Value =0.0000000,0.0
Windspeed (knots) [109,110), Membership Value =0.0000000,0.0
Windspeed (knots) [110,111), Membership Value =0.0000000,0.0
Windspeed (knots) [111,112), Membership Value =0.0000000,0.0
Windspeed (knots) [112,113), Membership Value =0.0000000,0.0
Windspeed (knots) [113,114), Membership Value =0.0000000,0.0
Windspeed (knots) [114,115), Membership Value =0.0000000,0.0
Windspeed (knots) [115,116), Membership Value =0.0000000,0.0
Windspeed (knots) [116,117), Membership Value =0.0000000,0.0
Windspeed (knots) [117,118), Membership Value =0.0000000,0.0
Windspeed (knots) [118,119), Membership Value =0.0000000,0.0
Windspeed (knots) [119,120), Membership Value =0.0000000,0.0
Windspeed (knots) [120,121), Membership Value =0.0000000,0.0
Windspeed (knots) [121,122), Membership Value =0.0000000,0.0
Windspeed (knots) [122,123), Membership Value =0.0000000,0.0
Windspeed (knots) [123,124), Membership Value =0.0000000,0.0
Windspeed (knots) [124,125), Membership Value =0.0000000,0.0
LowestWindspeedThatIsWindyKnots for station KIAH is 7 knots.
Transition limited :false
bUseWeatherPrediction: true
The running average is 1
The y-int is 7
Energy harvested: 7902674.458620602
iGeneratingEnergyWhenGridNeedsEnergyMinutes =1355947
iGeneratingEnergyWhenGridNeedsEnergyMinutes =1355947
iUsingEnergyWhenGridNeedsEnergyMinutes =127554
iGeneratingEnergyWhenGridHasExcessEnergyMinutes = 3562
iUsingEnergyWhenGridHasExcessEnergyMinutes = 442
iIdleWhenGridDoesNotNeedEnergyMinutes = 42076
iIdleWhenGridNeedsEnergyMinutes = 3204898
iEnergyPriceIsZeroMinutes = 240
harvester.getEnergyHarvestedAVAILABLEKilowattHours( ): 1.0827120133333333E7
harvester.getEnergyHarvestedKilowattHours(): 7902674.458620602
The y-int is 17
Energy harvested: 462911.0775000024
iGeneratingEnergyWhenGridNeedsEnergyMinutes =16886
iGeneratingEnergyWhenGridNeedsEnergyMinutes =16886
iUsingEnergyWhenGridNeedsEnergyMinutes =364
iGeneratingEnergyWhenGridHasExcessEnergyMinutes = 0
iUsingEnergyWhenGridHasExcessEnergyMinutes = 0
iIdleWhenGridDoesNotNeedEnergyMinutes = 46080
iIdleWhenGridNeedsEnergyMinutes = 4671149
iEnergyPriceIsZeroMinutes = 240
harvester.getEnergyHarvestedAVAILABLEKilowattHours( ): 1.0827120133333333E7
harvester.getEnergyHarvestedKilowattHours(): 462911.0775000024
The y-int is 27
Energy harvested: 1120.7166666666667
iGeneratingEnergyWhenGridNeedsEnergyMinutes =23
iGeneratingEnergyWhenGridNeedsEnergyMinutes =23
iUsingEnergyWhenGridNeedsEnergyMinutes =1
iGeneratingEnergyWhenGridHasExcessEnergyMinutes = 0
iUsingEnergyWhenGridHasExcessEnergyMinutes = 0
iIdleWhenGridDoesNotNeedEnergyMinutes = 46080
iIdleWhenGridNeedsEnergyMinutes = 4688375
iEnergyPriceIsZeroMinutes = 240
harvester.getEnergyHarvestedAVAILABLEKilowattHours( ): 1.0827120133333333E7
harvester.getEnergyHarvestedKilowattHours(): 1120.7166666666667
The y-int is 37
Energy harvested: 0.0
iGeneratingEnergyWhenGridNeedsEnergyMinutes =0
iGeneratingEnergyWhenGridNeedsEnergyMinutes =0
iUsingEnergyWhenGridNeedsEnergyMinutes =1
iGeneratingEnergyWhenGridHasExcessEnergyMinutes = 0
iUsingEnergyWhenGridHasExcessEnergyMinutes = 0
iIdleWhenGridDoesNotNeedEnergyMinutes = 46080
iIdleWhenGridNeedsEnergyMinutes = 4688398
iEnergyPriceIsZeroMinutes = 240
harvester.getEnergyHarvestedAVAILABLEKilowattHours( ): 1.0827120133333333E7
harvester.getEnergyHarvestedKilowattHours(): 0.0
The running average is 31
The y-int is 7
Energy harvested: 7815015.983337324
iGeneratingEnergyWhenGridNeedsEnergyMinutes =1319366
iGeneratingEnergyWhenGridNeedsEnergyMinutes =1319366
iUsingEnergyWhenGridNeedsEnergyMinutes =65042
iGeneratingEnergyWhenGridHasExcessEnergyMinutes = 3430
iUsingEnergyWhenGridHasExcessEnergyMinutes = 353
iIdleWhenGridDoesNotNeedEnergyMinutes = 42297
iIdleWhenGridNeedsEnergyMinutes = 3303991
iEnergyPriceIsZeroMinutes = 240
harvester.getEnergyHarvestedAVAILABLEKilowattHours( ): 1.0827120133333333E7
harvester.getEnergyHarvestedKilowattHours(): 7815015.983337324
The y-int is 17
Energy harvested: 498437.93750000163
iGeneratingEnergyWhenGridNeedsEnergyMinutes =20480
iGeneratingEnergyWhenGridNeedsEnergyMinutes =20480
iUsingEnergyWhenGridNeedsEnergyMinutes =322
iGeneratingEnergyWhenGridHasExcessEnergyMinutes = 0
iUsingEnergyWhenGridHasExcessEnergyMinutes = 0
iIdleWhenGridDoesNotNeedEnergyMinutes = 46080
iIdleWhenGridNeedsEnergyMinutes = 4667597
iEnergyPriceIsZeroMinutes = 240
harvester.getEnergyHarvestedAVAILABLEKilowattHours( ): 1.0827120133333333E7
harvester.getEnergyHarvestedKilowattHours(): 498437.93750000163
The y-int is 27
Energy harvested: 0.0
iGeneratingEnergyWhenGridNeedsEnergyMinutes =0
iGeneratingEnergyWhenGridNeedsEnergyMinutes =0
iUsingEnergyWhenGridNeedsEnergyMinutes =1
iGeneratingEnergyWhenGridHasExcessEnergyMinutes = 0
iUsingEnergyWhenGridHasExcessEnergyMinutes = 0
iIdleWhenGridDoesNotNeedEnergyMinutes = 46080
iIdleWhenGridNeedsEnergyMinutes = 4688398
iEnergyPriceIsZeroMinutes = 240
harvester.getEnergyHarvestedAVAILABLEKilowattHours( ): 1.0827120133333333E7
harvester.getEnergyHarvestedKilowattHours(): 0.0
The y-int is 37
Energy harvested: 0.0
iGeneratingEnergyWhenGridNeedsEnergyMinutes =0
iGeneratingEnergyWhenGridNeedsEnergyMinutes =0
iUsingEnergyWhenGridNeedsEnergyMinutes =0
iGeneratingEnergyWhenGridHasExcessEnergyMinutes = 0
iUsingEnergyWhenGridHasExcessEnergyMinutes = 0
iIdleWhenGridDoesNotNeedEnergyMinutes = 46080
iIdleWhenGridNeedsEnergyMinutes = 4688399
iEnergyPriceIsZeroMinutes = 240
harvester.getEnergyHarvestedAVAILABLEKilowattHours( ): 1.0827120133333333E7
harvester.getEnergyHarvestedKilowattHours(): 0.0
The running average is 61
The y-int is 7
Energy harvested: 7723422.978614569
iGeneratingEnergyWhenGridNeedsEnergyMinutes =1282325
iGeneratingEnergyWhenGridNeedsEnergyMinutes =1282325
iUsingEnergyWhenGridNeedsEnergyMinutes =58714
iGeneratingEnergyWhenGridHasExcessEnergyMinutes = 3299
iUsingEnergyWhenGridHasExcessEnergyMinutes = 292
iIdleWhenGridDoesNotNeedEnergyMinutes = 42489
iIdleWhenGridNeedsEnergyMinutes = 3347360
iEnergyPriceIsZeroMinutes = 240
harvester.getEnergyHarvestedAVAILABLEKilowattHours( ): 1.0827120133333333E7
harvester.getEnergyHarvestedKilowattHours(): 7723422.978614569
The y-int is 17
Energy harvested: 436992.2769444448
iGeneratingEnergyWhenGridNeedsEnergyMinutes =18367
iGeneratingEnergyWhenGridNeedsEnergyMinutes =18367
iUsingEnergyWhenGridNeedsEnergyMinutes =138
iGeneratingEnergyWhenGridHasExcessEnergyMinutes = 0
iUsingEnergyWhenGridHasExcessEnergyMinutes = 0
iIdleWhenGridDoesNotNeedEnergyMinutes = 46080
iIdleWhenGridNeedsEnergyMinutes = 4669894
iEnergyPriceIsZeroMinutes = 240
harvester.getEnergyHarvestedAVAILABLEKilowattHours( ): 1.0827120133333333E7
harvester.getEnergyHarvestedKilowattHours(): 436992.2769444448
The y-int is 27
Energy harvested: 0.0
iGeneratingEnergyWhenGridNeedsEnergyMinutes =0
iGeneratingEnergyWhenGridNeedsEnergyMinutes =0
iUsingEnergyWhenGridNeedsEnergyMinutes =1
iGeneratingEnergyWhenGridHasExcessEnergyMinutes = 0
iUsingEnergyWhenGridHasExcessEnergyMinutes = 0
iIdleWhenGridDoesNotNeedEnergyMinutes = 46080
iIdleWhenGridNeedsEnergyMinutes = 4688398
iEnergyPriceIsZeroMinutes = 240
harvester.getEnergyHarvestedAVAILABLEKilowattHours( ): 1.0827120133333333E7
harvester.getEnergyHarvestedKilowattHours(): 0.0
The y-int is 37
Energy harvested: 0.0
iGeneratingEnergyWhenGridNeedsEnergyMinutes =0
iGeneratingEnergyWhenGridNeedsEnergyMinutes =0
iUsingEnergyWhenGridNeedsEnergyMinutes =0
iGeneratingEnergyWhenGridHasExcessEnergyMinutes = 0
iUsingEnergyWhenGridHasExcessEnergyMinutes = 0
iIdleWhenGridDoesNotNeedEnergyMinutes = 46080
iIdleWhenGridNeedsEnergyMinutes = 4688399
iEnergyPriceIsZeroMinutes = 240
harvester.getEnergyHarvestedAVAILABLEKilowattHours( ): 1.0827120133333333E7
harvester.getEnergyHarvestedKilowattHours(): 0.0
The running average is 91
The y-int is 7
Energy harvested: 7633881.208058685
iGeneratingEnergyWhenGridNeedsEnergyMinutes =1247468
iGeneratingEnergyWhenGridNeedsEnergyMinutes =1247468
iUsingEnergyWhenGridNeedsEnergyMinutes =55422
iGeneratingEnergyWhenGridHasExcessEnergyMinutes = 3203
iUsingEnergyWhenGridHasExcessEnergyMinutes = 278
iIdleWhenGridDoesNotNeedEnergyMinutes = 42599
iIdleWhenGridNeedsEnergyMinutes = 3385509
iEnergyPriceIsZeroMinutes = 240
harvester.getEnergyHarvestedAVAILABLEKilowattHours( ): 1.0827120133333333E7
harvester.getEnergyHarvestedKilowattHours(): 7633881.208058685
The y-int is 17
Energy harvested: 384769.8222222217
iGeneratingEnergyWhenGridNeedsEnergyMinutes =16408
iGeneratingEnergyWhenGridNeedsEnergyMinutes =16408
iUsingEnergyWhenGridNeedsEnergyMinutes =95
iGeneratingEnergyWhenGridHasExcessEnergyMinutes = 0
iUsingEnergyWhenGridHasExcessEnergyMinutes = 0
iIdleWhenGridDoesNotNeedEnergyMinutes = 46080
iIdleWhenGridNeedsEnergyMinutes = 4671896
iEnergyPriceIsZeroMinutes = 240
harvester.getEnergyHarvestedAVAILABLEKilowattHours( ): 1.0827120133333333E7
harvester.getEnergyHarvestedKilowattHours(): 384769.8222222217
The y-int is 27
Energy harvested: 0.0
iGeneratingEnergyWhenGridNeedsEnergyMinutes =0
iGeneratingEnergyWhenGridNeedsEnergyMinutes =0
iUsingEnergyWhenGridNeedsEnergyMinutes =1
iGeneratingEnergyWhenGridHasExcessEnergyMinutes = 0
iUsingEnergyWhenGridHasExcessEnergyMinutes = 0
iIdleWhenGridDoesNotNeedEnergyMinutes = 46080
iIdleWhenGridNeedsEnergyMinutes = 4688398
iEnergyPriceIsZeroMinutes = 240
harvester.getEnergyHarvestedAVAILABLEKilowattHours( ): 1.0827120133333333E7
harvester.getEnergyHarvestedKilowattHours(): 0.0
The y-int is 37
Energy harvested: 0.0
iGeneratingEnergyWhenGridNeedsEnergyMinutes =0
iGeneratingEnergyWhenGridNeedsEnergyMinutes =0
iUsingEnergyWhenGridNeedsEnergyMinutes =0
iGeneratingEnergyWhenGridHasExcessEnergyMinutes = 0
iUsingEnergyWhenGridHasExcessEnergyMinutes = 0
iIdleWhenGridDoesNotNeedEnergyMinutes = 46080
iIdleWhenGridNeedsEnergyMinutes = 4688399
iEnergyPriceIsZeroMinutes = 240
harvester.getEnergyHarvestedAVAILABLEKilowattHours( ): 1.0827120133333333E7
harvester.getEnergyHarvestedKilowattHours(): 0.0
The running average is 121
The y-int is 7
Energy harvested: 7543443.520836259
iGeneratingEnergyWhenGridNeedsEnergyMinutes =1214647
iGeneratingEnergyWhenGridNeedsEnergyMinutes =1214647
iUsingEnergyWhenGridNeedsEnergyMinutes =53222
iGeneratingEnergyWhenGridHasExcessEnergyMinutes = 3162
iUsingEnergyWhenGridHasExcessEnergyMinutes = 272
iIdleWhenGridDoesNotNeedEnergyMinutes = 42646
iIdleWhenGridNeedsEnergyMinutes = 3420530
iEnergyPriceIsZeroMinutes = 240
harvester.getEnergyHarvestedAVAILABLEKilowattHours( ): 1.0827120133333333E7
harvester.getEnergyHarvestedKilowattHours(): 7543443.520836259
The y-int is 17
Energy harvested: 347601.99583333323
iGeneratingEnergyWhenGridNeedsEnergyMinutes =14819
iGeneratingEnergyWhenGridNeedsEnergyMinutes =14819
iUsingEnergyWhenGridNeedsEnergyMinutes =15
iGeneratingEnergyWhenGridHasExcessEnergyMinutes = 0
iUsingEnergyWhenGridHasExcessEnergyMinutes = 0
iIdleWhenGridDoesNotNeedEnergyMinutes = 46080
iIdleWhenGridNeedsEnergyMinutes = 4673565
iEnergyPriceIsZeroMinutes = 240
harvester.getEnergyHarvestedAVAILABLEKilowattHours( ): 1.0827120133333333E7
harvester.getEnergyHarvestedKilowattHours(): 347601.99583333323
The y-int is 27
Energy harvested: 0.0
iGeneratingEnergyWhenGridNeedsEnergyMinutes =0
iGeneratingEnergyWhenGridNeedsEnergyMinutes =0
iUsingEnergyWhenGridNeedsEnergyMinutes =1
iGeneratingEnergyWhenGridHasExcessEnergyMinutes = 0
iUsingEnergyWhenGridHasExcessEnergyMinutes = 0
iIdleWhenGridDoesNotNeedEnergyMinutes = 46080
iIdleWhenGridNeedsEnergyMinutes = 4688398
iEnergyPriceIsZeroMinutes = 240
harvester.getEnergyHarvestedAVAILABLEKilowattHours( ): 1.0827120133333333E7
harvester.getEnergyHarvestedKilowattHours(): 0.0
The y-int is 37
Energy harvested: 0.0
iGeneratingEnergyWhenGridNeedsEnergyMinutes =0
iGeneratingEnergyWhenGridNeedsEnergyMinutes =0
iUsingEnergyWhenGridNeedsEnergyMinutes =0
iGeneratingEnergyWhenGridHasExcessEnergyMinutes = 0
iUsingEnergyWhenGridHasExcessEnergyMinutes = 0
iIdleWhenGridDoesNotNeedEnergyMinutes = 46080
iIdleWhenGridNeedsEnergyMinutes = 4688399
iEnergyPriceIsZeroMinutes = 240
harvester.getEnergyHarvestedAVAILABLEKilowattHours( ): 1.0827120133333333E7
harvester.getEnergyHarvestedKilowattHours(): 0.0
Beginning testing mode:
station,&,y_intercept_for_month_1,&,running_average_size_minutes_for_month_1,&,y_intercept_for_month_2,&,running_average_size_minutes_for_month_2,&,y_intercept_for_month_3,&,running_average_size_minutes_for_month_3,&,y_intercept_for_month_4,&,running_average_size_minutes_for_month_4,&,y_intercept_for_month_5,&,running_average_size_minutes_for_month_5,&,y_intercept_for_month_6,&,running_average_size_minutes_for_month_6,&,y_intercept_for_month_7,&,running_average_size_minutes_for_month_7,&,y_intercept_for_month_8,&,running_average_size_minutes_for_month_8,&,y_intercept_for_month_9,&,running_average_size_minutes_for_month_9,&,y_intercept_for_month_10,&,running_average_size_minutes_for_month_10,&,y_intercept_for_month_11,&,running_average_size_minutes_for_month_11,&,y_intercept_for_month_12,&,running_average_size_minutes_for_month_12,&,dNetNorm,&,dMarketBalancePercentage,&,dMarketNetNorm,
results: KIAH,&,7,&,1,&,7,&,1,&,7,&,1,&,7,&,1,&,7,&,31,&,7,&,1,&,7,&,1,&,7,&,1,&,7,&,1,&,7,&,1,&,7,&,1,&,7,&,1,&,0.7326336768677368,&,0.9052013959797004,&,0.6631810270424161
monthly visible minutes:KIAH,&,2013,&,18411,&,15312,&,19930,&,19816,&,21100,&,17085,&,17167,&,16504,&,17332,&,15599,&,18063,&,14086,&,
monthly visible minutes:KIAH,&,2014,&,18765,&,16298,&,18905,&,20568,&,19717,&,16872,&,9139,&,13952,&,14565,&,12831,&,14950,&,14139,&,
monthly minutes harvester between states:KIAH,&,2013,&,2029,&,1842,&,1588,&,2295,&,1216,&,4265,&,3599,&,4301,&,2180,&,2398,&,1743,&,1368,&,
monthly minutes harvester between states:KIAH,&,2014,&,1532,&,1829,&,1869,&,2477,&,1330,&,2747,&,3113,&,3966,&,2588,&,2801,&,1505,&,1661,&,
station,&,y_intercept_for_month_1,&,running_average_size_minutes_for_month_1,&,y_intercept_for_month_2,&,running_average_size_minutes_for_month_2,&,y_intercept_for_month_3,&,running_average_size_minutes_for_month_3,&,y_intercept_for_month_4,&,running_average_size_minutes_for_month_4,&,y_intercept_for_month_5,&,running_average_size_minutes_for_month_5,&,y_intercept_for_month_6,&,running_average_size_minutes_for_month_6,&,y_intercept_for_month_7,&,running_average_size_minutes_for_month_7,&,y_intercept_for_month_8,&,running_average_size_minutes_for_month_8,&,y_intercept_for_month_9,&,running_average_size_minutes_for_month_9,&,y_intercept_for_month_10,&,running_average_size_minutes_for_month_10,&,y_intercept_for_month_11,&,running_average_size_minutes_for_month_11,&,y_intercept_for_month_12,&,running_average_size_minutes_for_month_12,&,dNetNorm,&,dMarketBalancePercentage,&,dMarketNetNorm,
results: KIAH,&,7,&,1,&,7,&,31,&,7,&,31,&,7,&,31,&,7,&,31,&,7,&,31,&,7,&,31,&,7,&,31,&,7,&,31,&,7,&,31,&,7,&,31,&,7,&,31,&,0.7302403036175097,&,0.9387550200803213,&,0.6855167508859152
monthly visible minutes:KIAH,&,2013,&,18411,&,15312,&,19930,&,19816,&,21100,&,17085,&,17167,&,16504,&,17332,&,15599,&,18063,&,14086,&,
monthly visible minutes:KIAH,&,2014,&,18765,&,16298,&,18905,&,20568,&,19717,&,16872,&,9139,&,13952,&,14565,&,12831,&,14950,&,14139,&,
monthly minutes harvester between states:KIAH,&,2013,&,2029,&,1842,&,1588,&,2295,&,1216,&,4265,&,3599,&,4301,&,2180,&,2398,&,1743,&,1368,&,
monthly minutes harvester between states:KIAH,&,2014,&,1532,&,1829,&,1869,&,2477,&,1330,&,2747,&,3113,&,3966,&,2588,&,2801,&,1505,&,1661,&,
Station: KLAS
abc: The current path is /home/guy/retractable-wind
I have found the property file.
The training windspeed filename is /trainingKLAS2004-2012in.csv
The testing windspeed filename is /testingKLAS2013-2014in.csv
Yes, the station is KLAS
Warning: The bAlsoUsePrediction no longer has any effect
iUsedAllItsAllocatedVisibilityMinutesPerMonth: 51234
Visibility Allocation Minutes:51234
HARVESTER_SIZE_SQM is 6362
Reading file
Success: /Wind turbine power curves - wind turbine power output against wind speed in knots.csv found.
Speed (Knots) = Speed(knots) vs power (kW) , Power (kW) =V90
Speed (Knots) = 0 , Power (kW) =0
Speed (Knots) = 1 , Power (kW) =0
Speed (Knots) = 2 , Power (kW) =0
Speed (Knots) = 3 , Power (kW) =0
Speed (Knots) = 4 , Power (kW) =0
Speed (Knots) = 5 , Power (kW) =0
Speed (Knots) = 6 , Power (kW) =0
Speed (Knots) = 7 , Power (kW) =38
Speed (Knots) = 8 , Power (kW) =87
Speed (Knots) = 9 , Power (kW) =141
Speed (Knots) = 10 , Power (kW) =207
Speed (Knots) = 11 , Power (kW) =286
Speed (Knots) = 12 , Power (kW) =382
Speed (Knots) = 13 , Power (kW) =496
Speed (Knots) = 14 , Power (kW) =628
Speed (Knots) = 15 , Power (kW) =781
Speed (Knots) = 16 , Power (kW) =957
Speed (Knots) = 17 , Power (kW) =1153
Speed (Knots) = 18 , Power (kW) =1366
Speed (Knots) = 19 , Power (kW) =1589
Speed (Knots) = 20 , Power (kW) =1814
Speed (Knots) = 21 , Power (kW) =2035
Speed (Knots) = 22 , Power (kW) =2250
Speed (Knots) = 23 , Power (kW) =2452
Speed (Knots) = 24 , Power (kW) =2634
Speed (Knots) = 25 , Power (kW) =2784
Speed (Knots) = 26 , Power (kW) =2888
Speed (Knots) = 27 , Power (kW) =2949
Speed (Knots) = 28 , Power (kW) =2980
Speed (Knots) = 29 , Power (kW) =2993
Speed (Knots) = 30 , Power (kW) =3000
Speed (Knots) = 31 , Power (kW) =3000
Speed (Knots) = 32 , Power (kW) =3000
Speed (Knots) = 33 , Power (kW) =3000
Speed (Knots) = 34 , Power (kW) =3000
Speed (Knots) = 35 , Power (kW) =3000
Speed (Knots) = 36 , Power (kW) =3000
Speed (Knots) = 37 , Power (kW) =3000
Speed (Knots) = 38 , Power (kW) =3000
Speed (Knots) = 39 , Power (kW) =3000
Speed (Knots) = 40 , Power (kW) =3000
Speed (Knots) = 41 , Power (kW) =3000
Speed (Knots) = 42 , Power (kW) =3000
Speed (Knots) = 43 , Power (kW) =3000
Speed (Knots) = 44 , Power (kW) =3000
Speed (Knots) = 45 , Power (kW) =3000
Speed (Knots) = 46 , Power (kW) =3000
Speed (Knots) = 47 , Power (kW) =3000
Speed (Knots) = 48 , Power (kW) =3000
Speed (Knots) = 49 , Power (kW) =0
Speed (Knots) = 50 , Power (kW) =0
Speed (Knots) = 51 , Power (kW) =0
Speed (Knots) = 52 , Power (kW) =0
Speed (Knots) = 53 , Power (kW) =0
Speed (Knots) = 54 , Power (kW) =0
Speed (Knots) = 55 , Power (kW) =0
Speed (Knots) = 56 , Power (kW) =0
Speed (Knots) = 57 , Power (kW) =0
Speed (Knots) = 58 , Power (kW) =0
Speed (Knots) = 59 , Power (kW) =0
Speed (Knots) = 60 , Power (kW) =0
The scale is 1.0
Wind power at 10 knots in kilowatts is 207.0
Wind power in-cut-out test 0.0
Aging
Class name:edu.pitt.cs.people.guy.wind.benchmarks.Aging
Success: /Noise_Allowed_Time_Definitions_All_Stations.csv found.
The station is the record is KLAS
Success: /Noise_Allowed_Time_Definitions_All_Stations.csv found.
The station is the record is KLAS
I have found the membership file for NOT WINDY.
Windspeed (knots) [0,1), Membership Value =1.00000000,1.0
Windspeed (knots) [1,2), Membership Value =0.99993672,0.9999367
Windspeed (knots) [2,3), Membership Value =0.99891630,0.9989163
Windspeed (knots) [3,4), Membership Value =0.99447028,0.9944703
Windspeed (knots) [4,5), Membership Value =0.98365956,0.98365957
Windspeed (knots) [5,6), Membership Value =0.96444872,0.9644487
Windspeed (knots) [6,7), Membership Value =0.93727001,0.93727
Windspeed (knots) [7,8), Membership Value =0.90187574,0.90187573
Windspeed (knots) [8,9), Membership Value =0.85869003,0.85869
Windspeed (knots) [9,10), Membership Value =0.80683539,0.8068354
Windspeed (knots) [10,11), Membership Value =0.74522766,0.74522763
Windspeed (knots) [11,12), Membership Value =0.67345918,0.6734592
Windspeed (knots) [12,13), Membership Value =0.59550578,0.5955058
Windspeed (knots) [13,14), Membership Value =0.50924593,0.50924593
Windspeed (knots) [14,15), Membership Value =0.41684177,0.41684178
Windspeed (knots) [15,16), Membership Value =0.32060465,0.32060465
Windspeed (knots) [16,17), Membership Value =0.22534673,0.22534673
Windspeed (knots) [17,18), Membership Value =0.13578596,0.13578597
Windspeed (knots) [18,19), Membership Value =0.05736302,0.05736302
Windspeed (knots) [19,20), Membership Value =0.00000000,0.0
Windspeed (knots) [20,21), Membership Value =0.00000000,0.0
Windspeed (knots) [21,22), Membership Value =0.00000000,0.0
Windspeed (knots) [22,23), Membership Value =0.00000000,0.0
Windspeed (knots) [23,24), Membership Value =0.00000000,0.0
Windspeed (knots) [24,25), Membership Value =0.00000000,0.0
Windspeed (knots) [25,26), Membership Value =0.00000000,0.0
Windspeed (knots) [26,27), Membership Value =0.00000000,0.0
Windspeed (knots) [27,28), Membership Value =0.00000000,0.0
Windspeed (knots) [28,29), Membership Value =0.00000000,0.0
Windspeed (knots) [29,30), Membership Value =0.00000000,0.0
Windspeed (knots) [30,31), Membership Value =0.00000000,0.0
Windspeed (knots) [31,32), Membership Value =0.00000000,0.0
Windspeed (knots) [32,33), Membership Value =0.00000000,0.0
Windspeed (knots) [33,34), Membership Value =0.00000000,0.0
Windspeed (knots) [34,35), Membership Value =0.00000000,0.0
Windspeed (knots) [35,36), Membership Value =0.00000000,0.0
Windspeed (knots) [36,37), Membership Value =0.00000000,0.0
Windspeed (knots) [37,38), Membership Value =0.00000000,0.0
Windspeed (knots) [38,39), Membership Value =0.00000000,0.0
Windspeed (knots) [39,40), Membership Value =0.00000000,0.0
Windspeed (knots) [40,41), Membership Value =0.00000000,0.0
Windspeed (knots) [41,42), Membership Value =0.00000000,0.0
Windspeed (knots) [42,43), Membership Value =0.00000000,0.0
Windspeed (knots) [43,44), Membership Value =0.00000000,0.0
Windspeed (knots) [44,45), Membership Value =0.00000000,0.0
Windspeed (knots) [45,46), Membership Value =0.00000000,0.0
Windspeed (knots) [46,47), Membership Value =0.00000000,0.0
Windspeed (knots) [47,48), Membership Value =0.00000000,0.0
Windspeed (knots) [48,49), Membership Value =0.00000000,0.0
Windspeed (knots) [49,50), Membership Value =0.00000000,0.0
Windspeed (knots) [50,51), Membership Value =0.00000000,0.0
Windspeed (knots) [51,52), Membership Value =0.00000000,0.0
Windspeed (knots) [52,53), Membership Value =0.00000000,0.0
Windspeed (knots) [53,54), Membership Value =0.00000000,0.0
Windspeed (knots) [54,55), Membership Value =0.00000000,0.0
Windspeed (knots) [55,56), Membership Value =0.00000000,0.0
Windspeed (knots) [56,57), Membership Value =0.00000000,0.0
Windspeed (knots) [57,58), Membership Value =0.00000000,0.0
Windspeed (knots) [58,59), Membership Value =0.00000000,0.0
Windspeed (knots) [59,60), Membership Value =0.00000000,0.0
Windspeed (knots) [60,61), Membership Value =0.00000000,0.0
Windspeed (knots) [61,62), Membership Value =0.00000000,0.0
Windspeed (knots) [62,63), Membership Value =0.00000000,0.0
Windspeed (knots) [63,64), Membership Value =0.00000000,0.0
Windspeed (knots) [64,65), Membership Value =0.00000000,0.0
Windspeed (knots) [65,66), Membership Value =0.00000000,0.0
Windspeed (knots) [66,67), Membership Value =0.00000000,0.0
Windspeed (knots) [67,68), Membership Value =0.00000000,0.0
Windspeed (knots) [68,69), Membership Value =0.00000000,0.0
Windspeed (knots) [69,70), Membership Value =0.00000000,0.0
Windspeed (knots) [70,71), Membership Value =0.00000000,0.0
Windspeed (knots) [71,72), Membership Value =0.00000000,0.0
Windspeed (knots) [72,73), Membership Value =0.00000000,0.0
Windspeed (knots) [73,74), Membership Value =0.00000000,0.0
Windspeed (knots) [74,75), Membership Value =0.00000000,0.0
Windspeed (knots) [75,76), Membership Value =0.00000000,0.0
Windspeed (knots) [76,77), Membership Value =0.00000000,0.0
Windspeed (knots) [77,78), Membership Value =0.00000000,0.0
Windspeed (knots) [78,79), Membership Value =0.00000000,0.0
Windspeed (knots) [79,80), Membership Value =0.00000000,0.0
Windspeed (knots) [80,81), Membership Value =0.00000000,0.0
Windspeed (knots) [81,82), Membership Value =0.00000000,0.0
Windspeed (knots) [82,83), Membership Value =0.00000000,0.0
Windspeed (knots) [83,84), Membership Value =0.00000000,0.0
Windspeed (knots) [84,85), Membership Value =0.00000000,0.0
Windspeed (knots) [85,86), Membership Value =0.00000000,0.0
Windspeed (knots) [86,87), Membership Value =0.00000000,0.0
Windspeed (knots) [87,88), Membership Value =0.00000000,0.0
Windspeed (knots) [88,89), Membership Value =0.00000000,0.0
Windspeed (knots) [89,90), Membership Value =0.00000000,0.0
Windspeed (knots) [90,91), Membership Value =0.00000000,0.0
Windspeed (knots) [91,92), Membership Value =0.00000000,0.0
Windspeed (knots) [92,93), Membership Value =0.00000000,0.0
Windspeed (knots) [93,94), Membership Value =0.00000000,0.0
Windspeed (knots) [94,95), Membership Value =0.00000000,0.0
Windspeed (knots) [95,96), Membership Value =0.00000000,0.0
Windspeed (knots) [96,97), Membership Value =0.00000000,0.0
Windspeed (knots) [97,98), Membership Value =0.00000000,0.0
Windspeed (knots) [98,99), Membership Value =0.00000000,0.0
Windspeed (knots) [99,100), Membership Value =0.00000000,0.0
Windspeed (knots) [100,101), Membership Value =0.00000000,0.0
Windspeed (knots) [101,102), Membership Value =0.00000000,0.0
Windspeed (knots) [102,103), Membership Value =0.00000000,0.0
Windspeed (knots) [103,104), Membership Value =0.00000000,0.0
Windspeed (knots) [104,105), Membership Value =0.00000000,0.0
Windspeed (knots) [105,106), Membership Value =0.00000000,0.0
Windspeed (knots) [106,107), Membership Value =0.00000000,0.0
Windspeed (knots) [107,108), Membership Value =0.00000000,0.0
Windspeed (knots) [108,109), Membership Value =0.00000000,0.0
Windspeed (knots) [109,110), Membership Value =0.00000000,0.0
Windspeed (knots) [110,111), Membership Value =0.00000000,0.0
Windspeed (knots) [111,112), Membership Value =0.00000000,0.0
Windspeed (knots) [112,113), Membership Value =0.00000000,0.0
Windspeed (knots) [113,114), Membership Value =0.00000000,0.0
Windspeed (knots) [114,115), Membership Value =0.00000000,0.0
Windspeed (knots) [115,116), Membership Value =0.00000000,0.0
Windspeed (knots) [116,117), Membership Value =0.00000000,0.0
Windspeed (knots) [117,118), Membership Value =0.00000000,0.0
Windspeed (knots) [118,119), Membership Value =0.00000000,0.0
Windspeed (knots) [119,120), Membership Value =0.00000000,0.0
Windspeed (knots) [120,121), Membership Value =0.00000000,0.0
Windspeed (knots) [121,122), Membership Value =0.00000000,0.0
Windspeed (knots) [122,123), Membership Value =0.00000000,0.0
Windspeed (knots) [123,124), Membership Value =0.00000000,0.0
Windspeed (knots) [124,125), Membership Value =0.00000000,0.0
LowestWindspeedThatIsWindyKnots for station KLAS is 8 knots.
Transition limited :false
bUseWeatherPrediction: true
The running average is 1
The y-int is 8
Energy harvested: 7060881.3205552185
iGeneratingEnergyWhenGridNeedsEnergyMinutes =708258
iGeneratingEnergyWhenGridNeedsEnergyMinutes =708258
iUsingEnergyWhenGridNeedsEnergyMinutes =111666
iGeneratingEnergyWhenGridHasExcessEnergyMinutes = 2141
iUsingEnergyWhenGridHasExcessEnergyMinutes = 220
iIdleWhenGridDoesNotNeedEnergyMinutes = 43719
iIdleWhenGridNeedsEnergyMinutes = 3867441
iEnergyPriceIsZeroMinutes = 240
harvester.getEnergyHarvestedAVAILABLEKilowattHours( ): 1.410018065E7
harvester.getEnergyHarvestedKilowattHours(): 7060881.3205552185
The y-int is 18
Energy harvested: 830593.2666666667
iGeneratingEnergyWhenGridNeedsEnergyMinutes =25839
iGeneratingEnergyWhenGridNeedsEnergyMinutes =25839
iUsingEnergyWhenGridNeedsEnergyMinutes =1
iGeneratingEnergyWhenGridHasExcessEnergyMinutes = 66
iUsingEnergyWhenGridHasExcessEnergyMinutes = 0
iIdleWhenGridDoesNotNeedEnergyMinutes = 46014
iIdleWhenGridNeedsEnergyMinutes = 4661525
iEnergyPriceIsZeroMinutes = 240
harvester.getEnergyHarvestedAVAILABLEKilowattHours( ): 1.410018065E7
harvester.getEnergyHarvestedKilowattHours(): 830593.2666666667
The y-int is 28
Energy harvested: 2549.55
iGeneratingEnergyWhenGridNeedsEnergyMinutes =51
iGeneratingEnergyWhenGridNeedsEnergyMinutes =51
iUsingEnergyWhenGridNeedsEnergyMinutes =1
iGeneratingEnergyWhenGridHasExcessEnergyMinutes = 0
iUsingEnergyWhenGridHasExcessEnergyMinutes = 0
iIdleWhenGridDoesNotNeedEnergyMinutes = 46080
iIdleWhenGridNeedsEnergyMinutes = 4687313
iEnergyPriceIsZeroMinutes = 240
harvester.getEnergyHarvestedAVAILABLEKilowattHours( ): 1.410018065E7
harvester.getEnergyHarvestedKilowattHours(): 2549.55
The y-int is 38
Energy harvested: 0.0
iGeneratingEnergyWhenGridNeedsEnergyMinutes =0
iGeneratingEnergyWhenGridNeedsEnergyMinutes =0
iUsingEnergyWhenGridNeedsEnergyMinutes =1
iGeneratingEnergyWhenGridHasExcessEnergyMinutes = 0
iUsingEnergyWhenGridHasExcessEnergyMinutes = 0
iIdleWhenGridDoesNotNeedEnergyMinutes = 46080
iIdleWhenGridNeedsEnergyMinutes = 4687364
iEnergyPriceIsZeroMinutes = 240
harvester.getEnergyHarvestedAVAILABLEKilowattHours( ): 1.410018065E7
harvester.getEnergyHarvestedKilowattHours(): 0.0
The running average is 31
The y-int is 8
Energy harvested: 6965257.643889338
iGeneratingEnergyWhenGridNeedsEnergyMinutes =688278
iGeneratingEnergyWhenGridNeedsEnergyMinutes =688278
iUsingEnergyWhenGridNeedsEnergyMinutes =44162
iGeneratingEnergyWhenGridHasExcessEnergyMinutes = 2143
iUsingEnergyWhenGridHasExcessEnergyMinutes = 134
iIdleWhenGridDoesNotNeedEnergyMinutes = 43803
iIdleWhenGridNeedsEnergyMinutes = 3954925
iEnergyPriceIsZeroMinutes = 240
harvester.getEnergyHarvestedAVAILABLEKilowattHours( ): 1.410018065E7
harvester.getEnergyHarvestedKilowattHours(): 6965257.643889338
The y-int is 18
Energy harvested: 849034.9052777785
iGeneratingEnergyWhenGridNeedsEnergyMinutes =28976
iGeneratingEnergyWhenGridNeedsEnergyMinutes =28976
iUsingEnergyWhenGridNeedsEnergyMinutes =93
iGeneratingEnergyWhenGridHasExcessEnergyMinutes = 166
iUsingEnergyWhenGridHasExcessEnergyMinutes = 0
iIdleWhenGridDoesNotNeedEnergyMinutes = 45914
iIdleWhenGridNeedsEnergyMinutes = 4658296
iEnergyPriceIsZeroMinutes = 240
harvester.getEnergyHarvestedAVAILABLEKilowattHours( ): 1.410018065E7
harvester.getEnergyHarvestedKilowattHours(): 849034.9052777785
The y-int is 28
Energy harvested: 1799.8833333333334
iGeneratingEnergyWhenGridNeedsEnergyMinutes =36
iGeneratingEnergyWhenGridNeedsEnergyMinutes =36
iUsingEnergyWhenGridNeedsEnergyMinutes =1
iGeneratingEnergyWhenGridHasExcessEnergyMinutes = 0
iUsingEnergyWhenGridHasExcessEnergyMinutes = 0
iIdleWhenGridDoesNotNeedEnergyMinutes = 46080
iIdleWhenGridNeedsEnergyMinutes = 4687328
iEnergyPriceIsZeroMinutes = 240
harvester.getEnergyHarvestedAVAILABLEKilowattHours( ): 1.410018065E7
harvester.getEnergyHarvestedKilowattHours(): 1799.8833333333334
The y-int is 38
Energy harvested: 0.0
iGeneratingEnergyWhenGridNeedsEnergyMinutes =0
iGeneratingEnergyWhenGridNeedsEnergyMinutes =0
iUsingEnergyWhenGridNeedsEnergyMinutes =1
iGeneratingEnergyWhenGridHasExcessEnergyMinutes = 0
iUsingEnergyWhenGridHasExcessEnergyMinutes = 0
iIdleWhenGridDoesNotNeedEnergyMinutes = 46080
iIdleWhenGridNeedsEnergyMinutes = 4687364
iEnergyPriceIsZeroMinutes = 240
harvester.getEnergyHarvestedAVAILABLEKilowattHours( ): 1.410018065E7
harvester.getEnergyHarvestedKilowattHours(): 0.0
The running average is 61
The y-int is 8
Energy harvested: 6870323.512222623
iGeneratingEnergyWhenGridNeedsEnergyMinutes =665969
iGeneratingEnergyWhenGridNeedsEnergyMinutes =665969
iUsingEnergyWhenGridNeedsEnergyMinutes =36120
iGeneratingEnergyWhenGridHasExcessEnergyMinutes = 2104
iUsingEnergyWhenGridHasExcessEnergyMinutes = 110
iIdleWhenGridDoesNotNeedEnergyMinutes = 43866
iIdleWhenGridNeedsEnergyMinutes = 3985276
iEnergyPriceIsZeroMinutes = 240
harvester.getEnergyHarvestedAVAILABLEKilowattHours( ): 1.410018065E7
harvester.getEnergyHarvestedKilowattHours(): 6870323.512222623
The y-int is 18
Energy harvested: 774703.1000000003
iGeneratingEnergyWhenGridNeedsEnergyMinutes =27073
iGeneratingEnergyWhenGridNeedsEnergyMinutes =27073
iUsingEnergyWhenGridNeedsEnergyMinutes =58
iGeneratingEnergyWhenGridHasExcessEnergyMinutes = 22
iUsingEnergyWhenGridHasExcessEnergyMinutes = 0
iIdleWhenGridDoesNotNeedEnergyMinutes = 46058
iIdleWhenGridNeedsEnergyMinutes = 4660234
iEnergyPriceIsZeroMinutes = 240
harvester.getEnergyHarvestedAVAILABLEKilowattHours( ): 1.410018065E7
harvester.getEnergyHarvestedKilowattHours(): 774703.1000000003
The y-int is 28
Energy harvested: 899.8833333333333
iGeneratingEnergyWhenGridNeedsEnergyMinutes =18
iGeneratingEnergyWhenGridNeedsEnergyMinutes =18
iUsingEnergyWhenGridNeedsEnergyMinutes =1
iGeneratingEnergyWhenGridHasExcessEnergyMinutes = 0
iUsingEnergyWhenGridHasExcessEnergyMinutes = 0
iIdleWhenGridDoesNotNeedEnergyMinutes = 46080
iIdleWhenGridNeedsEnergyMinutes = 4687346
iEnergyPriceIsZeroMinutes = 240
harvester.getEnergyHarvestedAVAILABLEKilowattHours( ): 1.410018065E7
harvester.getEnergyHarvestedKilowattHours(): 899.8833333333333
The y-int is 38
Energy harvested: 0.0
iGeneratingEnergyWhenGridNeedsEnergyMinutes =0
iGeneratingEnergyWhenGridNeedsEnergyMinutes =0
iUsingEnergyWhenGridNeedsEnergyMinutes =1
iGeneratingEnergyWhenGridHasExcessEnergyMinutes = 0
iUsingEnergyWhenGridHasExcessEnergyMinutes = 0
iIdleWhenGridDoesNotNeedEnergyMinutes = 46080
iIdleWhenGridNeedsEnergyMinutes = 4687364
iEnergyPriceIsZeroMinutes = 240
harvester.getEnergyHarvestedAVAILABLEKilowattHours( ): 1.410018065E7
harvester.getEnergyHarvestedKilowattHours(): 0.0
The running average is 91
The y-int is 8
Energy harvested: 6774947.063889102
iGeneratingEnergyWhenGridNeedsEnergyMinutes =645759
iGeneratingEnergyWhenGridNeedsEnergyMinutes =645759
iUsingEnergyWhenGridNeedsEnergyMinutes =32624
iGeneratingEnergyWhenGridHasExcessEnergyMinutes = 2117
iUsingEnergyWhenGridHasExcessEnergyMinutes = 95
iIdleWhenGridDoesNotNeedEnergyMinutes = 43868
iIdleWhenGridNeedsEnergyMinutes = 4008982
iEnergyPriceIsZeroMinutes = 240
harvester.getEnergyHarvestedAVAILABLEKilowattHours( ): 1.410018065E7
harvester.getEnergyHarvestedKilowattHours(): 6774947.063889102
The y-int is 18
Energy harvested: 682425.8813888893
iGeneratingEnergyWhenGridNeedsEnergyMinutes =23931
iGeneratingEnergyWhenGridNeedsEnergyMinutes =23931
iUsingEnergyWhenGridNeedsEnergyMinutes =118
iGeneratingEnergyWhenGridHasExcessEnergyMinutes = 0
iUsingEnergyWhenGridHasExcessEnergyMinutes = 0
iIdleWhenGridDoesNotNeedEnergyMinutes = 46080
iIdleWhenGridNeedsEnergyMinutes = 4663316
iEnergyPriceIsZeroMinutes = 240
harvester.getEnergyHarvestedAVAILABLEKilowattHours( ): 1.410018065E7
harvester.getEnergyHarvestedKilowattHours(): 682425.8813888893
The y-int is 28
Energy harvested: 150.0
iGeneratingEnergyWhenGridNeedsEnergyMinutes =3
iGeneratingEnergyWhenGridNeedsEnergyMinutes =3
iUsingEnergyWhenGridNeedsEnergyMinutes =1
iGeneratingEnergyWhenGridHasExcessEnergyMinutes = 0
iUsingEnergyWhenGridHasExcessEnergyMinutes = 0
iIdleWhenGridDoesNotNeedEnergyMinutes = 46080
iIdleWhenGridNeedsEnergyMinutes = 4687361
iEnergyPriceIsZeroMinutes = 240
harvester.getEnergyHarvestedAVAILABLEKilowattHours( ): 1.410018065E7
harvester.getEnergyHarvestedKilowattHours(): 150.0
The y-int is 38
Energy harvested: 0.0
iGeneratingEnergyWhenGridNeedsEnergyMinutes =0
iGeneratingEnergyWhenGridNeedsEnergyMinutes =0
iUsingEnergyWhenGridNeedsEnergyMinutes =1
iGeneratingEnergyWhenGridHasExcessEnergyMinutes = 0
iUsingEnergyWhenGridHasExcessEnergyMinutes = 0
iIdleWhenGridDoesNotNeedEnergyMinutes = 46080
iIdleWhenGridNeedsEnergyMinutes = 4687364
iEnergyPriceIsZeroMinutes = 240
harvester.getEnergyHarvestedAVAILABLEKilowattHours( ): 1.410018065E7
harvester.getEnergyHarvestedKilowattHours(): 0.0
The running average is 121
The y-int is 8
Energy harvested: 6682684.5297224205
iGeneratingEnergyWhenGridNeedsEnergyMinutes =627929
iGeneratingEnergyWhenGridNeedsEnergyMinutes =627929
iUsingEnergyWhenGridNeedsEnergyMinutes =30480
iGeneratingEnergyWhenGridHasExcessEnergyMinutes = 2113
iUsingEnergyWhenGridHasExcessEnergyMinutes = 120
iIdleWhenGridDoesNotNeedEnergyMinutes = 43847
iIdleWhenGridNeedsEnergyMinutes = 4028956
iEnergyPriceIsZeroMinutes = 240
harvester.getEnergyHarvestedAVAILABLEKilowattHours( ): 1.410018065E7
harvester.getEnergyHarvestedKilowattHours(): 6682684.5297224205
The y-int is 18
Energy harvested: 583976.0552777782
iGeneratingEnergyWhenGridNeedsEnergyMinutes =20653
iGeneratingEnergyWhenGridNeedsEnergyMinutes =20653
iUsingEnergyWhenGridNeedsEnergyMinutes =39
iGeneratingEnergyWhenGridHasExcessEnergyMinutes = 0
iUsingEnergyWhenGridHasExcessEnergyMinutes = 0
iIdleWhenGridDoesNotNeedEnergyMinutes = 46080
iIdleWhenGridNeedsEnergyMinutes = 4666673
iEnergyPriceIsZeroMinutes = 240
harvester.getEnergyHarvestedAVAILABLEKilowattHours( ): 1.410018065E7
harvester.getEnergyHarvestedKilowattHours(): 583976.0552777782
The y-int is 28
Energy harvested: 0.0
iGeneratingEnergyWhenGridNeedsEnergyMinutes =0
iGeneratingEnergyWhenGridNeedsEnergyMinutes =0
iUsingEnergyWhenGridNeedsEnergyMinutes =1
iGeneratingEnergyWhenGridHasExcessEnergyMinutes = 0
iUsingEnergyWhenGridHasExcessEnergyMinutes = 0
iIdleWhenGridDoesNotNeedEnergyMinutes = 46080
iIdleWhenGridNeedsEnergyMinutes = 4687364
iEnergyPriceIsZeroMinutes = 240
harvester.getEnergyHarvestedAVAILABLEKilowattHours( ): 1.410018065E7
harvester.getEnergyHarvestedKilowattHours(): 0.0
The y-int is 38
Energy harvested: 0.0
iGeneratingEnergyWhenGridNeedsEnergyMinutes =0
iGeneratingEnergyWhenGridNeedsEnergyMinutes =0
iUsingEnergyWhenGridNeedsEnergyMinutes =0
iGeneratingEnergyWhenGridHasExcessEnergyMinutes = 0
iUsingEnergyWhenGridHasExcessEnergyMinutes = 0
iIdleWhenGridDoesNotNeedEnergyMinutes = 46080
iIdleWhenGridNeedsEnergyMinutes = 4687365
iEnergyPriceIsZeroMinutes = 240
harvester.getEnergyHarvestedAVAILABLEKilowattHours( ): 1.410018065E7
harvester.getEnergyHarvestedKilowattHours(): 0.0
Beginning testing mode:
station,&,y_intercept_for_month_1,&,running_average_size_minutes_for_month_1,&,y_intercept_for_month_2,&,running_average_size_minutes_for_month_2,&,y_intercept_for_month_3,&,running_average_size_minutes_for_month_3,&,y_intercept_for_month_4,&,running_average_size_minutes_for_month_4,&,y_intercept_for_month_5,&,running_average_size_minutes_for_month_5,&,y_intercept_for_month_6,&,running_average_size_minutes_for_month_6,&,y_intercept_for_month_7,&,running_average_size_minutes_for_month_7,&,y_intercept_for_month_8,&,running_average_size_minutes_for_month_8,&,y_intercept_for_month_9,&,running_average_size_minutes_for_month_9,&,y_intercept_for_month_10,&,running_average_size_minutes_for_month_10,&,y_intercept_for_month_11,&,running_average_size_minutes_for_month_11,&,y_intercept_for_month_12,&,running_average_size_minutes_for_month_12,&,dNetNorm,&,dMarketBalancePercentage,&,dMarketNetNorm,
results: KLAS,&,8,&,1,&,8,&,1,&,8,&,1,&,8,&,1,&,8,&,1,&,8,&,1,&,8,&,1,&,8,&,1,&,8,&,1,&,8,&,1,&,8,&,1,&,8,&,1,&,0.45072473035610966,&,0.842858489565535,&,0.3798971654377836
monthly visible minutes:KLAS,&,2013,&,5559,&,6671,&,8850,&,9867,&,13306,&,12717,&,11751,&,11160,&,6317,&,6875,&,2756,&,5774,&,
monthly visible minutes:KLAS,&,2014,&,3321,&,4153,&,10160,&,11806,&,14759,&,12552,&,12747,&,11715,&,9094,&,5609,&,5516,&,4897,&,
monthly minutes harvester between states:KLAS,&,2013,&,1433,&,2361,&,1816,&,3091,&,2980,&,3004,&,3965,&,2560,&,1696,&,1292,&,901,&,1240,&,
monthly minutes harvester between states:KLAS,&,2014,&,1211,&,1298,&,2269,&,2662,&,3339,&,3250,&,3329,&,3182,&,2876,&,1099,&,1518,&,1193,&,
station,&,y_intercept_for_month_1,&,running_average_size_minutes_for_month_1,&,y_intercept_for_month_2,&,running_average_size_minutes_for_month_2,&,y_intercept_for_month_3,&,running_average_size_minutes_for_month_3,&,y_intercept_for_month_4,&,running_average_size_minutes_for_month_4,&,y_intercept_for_month_5,&,running_average_size_minutes_for_month_5,&,y_intercept_for_month_6,&,running_average_size_minutes_for_month_6,&,y_intercept_for_month_7,&,running_average_size_minutes_for_month_7,&,y_intercept_for_month_8,&,running_average_size_minutes_for_month_8,&,y_intercept_for_month_9,&,running_average_size_minutes_for_month_9,&,y_intercept_for_month_10,&,running_average_size_minutes_for_month_10,&,y_intercept_for_month_11,&,running_average_size_minutes_for_month_11,&,y_intercept_for_month_12,&,running_average_size_minutes_for_month_12,&,dNetNorm,&,dMarketBalancePercentage,&,dMarketNetNorm,
results: KLAS,&,8,&,31,&,8,&,91,&,8,&,91,&,8,&,61,&,8,&,61,&,8,&,31,&,8,&,31,&,8,&,31,&,8,&,31,&,8,&,61,&,8,&,61,&,8,&,91,&,0.44000227053451535,&,0.9273809849334171,&,0.4080497390212387
monthly visible minutes:KLAS,&,2013,&,5559,&,6671,&,8850,&,9867,&,13306,&,12717,&,11751,&,11160,&,6317,&,6875,&,2756,&,5774,&,
monthly visible minutes:KLAS,&,2014,&,3321,&,4153,&,10160,&,11806,&,14759,&,12552,&,12747,&,11715,&,9094,&,5609,&,5516,&,4897,&,
monthly minutes harvester between states:KLAS,&,2013,&,1433,&,2361,&,1816,&,3091,&,2980,&,3004,&,3965,&,2560,&,1696,&,1292,&,901,&,1240,&,
monthly minutes harvester between states:KLAS,&,2014,&,1211,&,1298,&,2269,&,2662,&,3339,&,3250,&,3329,&,3182,&,2876,&,1099,&,1518,&,1193,&,
Station: KLAX
abc: The current path is /home/guy/retractable-wind
I have found the property file.
The training windspeed filename is /trainingKLAX2004-2012in.csv
The testing windspeed filename is /testingKLAX2013-2014in.csv
Yes, the station is KLAX
Warning: The bAlsoUsePrediction no longer has any effect
iUsedAllItsAllocatedVisibilityMinutesPerMonth: 51234
Visibility Allocation Minutes:51234
HARVESTER_SIZE_SQM is 6362
Reading file
Success: /Wind turbine power curves - wind turbine power output against wind speed in knots.csv found.
Speed (Knots) = Speed(knots) vs power (kW) , Power (kW) =V90
Speed (Knots) = 0 , Power (kW) =0
Speed (Knots) = 1 , Power (kW) =0
Speed (Knots) = 2 , Power (kW) =0
Speed (Knots) = 3 , Power (kW) =0
Speed (Knots) = 4 , Power (kW) =0
Speed (Knots) = 5 , Power (kW) =0
Speed (Knots) = 6 , Power (kW) =0
Speed (Knots) = 7 , Power (kW) =38
Speed (Knots) = 8 , Power (kW) =87
Speed (Knots) = 9 , Power (kW) =141
Speed (Knots) = 10 , Power (kW) =207
Speed (Knots) = 11 , Power (kW) =286
Speed (Knots) = 12 , Power (kW) =382
Speed (Knots) = 13 , Power (kW) =496
Speed (Knots) = 14 , Power (kW) =628
Speed (Knots) = 15 , Power (kW) =781
Speed (Knots) = 16 , Power (kW) =957
Speed (Knots) = 17 , Power (kW) =1153
Speed (Knots) = 18 , Power (kW) =1366
Speed (Knots) = 19 , Power (kW) =1589
Speed (Knots) = 20 , Power (kW) =1814
Speed (Knots) = 21 , Power (kW) =2035
Speed (Knots) = 22 , Power (kW) =2250
Speed (Knots) = 23 , Power (kW) =2452
Speed (Knots) = 24 , Power (kW) =2634
Speed (Knots) = 25 , Power (kW) =2784
Speed (Knots) = 26 , Power (kW) =2888
Speed (Knots) = 27 , Power (kW) =2949
Speed (Knots) = 28 , Power (kW) =2980
Speed (Knots) = 29 , Power (kW) =2993
Speed (Knots) = 30 , Power (kW) =3000
Speed (Knots) = 31 , Power (kW) =3000
Speed (Knots) = 32 , Power (kW) =3000
Speed (Knots) = 33 , Power (kW) =3000
Speed (Knots) = 34 , Power (kW) =3000
Speed (Knots) = 35 , Power (kW) =3000
Speed (Knots) = 36 , Power (kW) =3000
Speed (Knots) = 37 , Power (kW) =3000
Speed (Knots) = 38 , Power (kW) =3000
Speed (Knots) = 39 , Power (kW) =3000
Speed (Knots) = 40 , Power (kW) =3000
Speed (Knots) = 41 , Power (kW) =3000
Speed (Knots) = 42 , Power (kW) =3000
Speed (Knots) = 43 , Power (kW) =3000
Speed (Knots) = 44 , Power (kW) =3000
Speed (Knots) = 45 , Power (kW) =3000
Speed (Knots) = 46 , Power (kW) =3000
Speed (Knots) = 47 , Power (kW) =3000
Speed (Knots) = 48 , Power (kW) =3000
Speed (Knots) = 49 , Power (kW) =0
Speed (Knots) = 50 , Power (kW) =0
Speed (Knots) = 51 , Power (kW) =0
Speed (Knots) = 52 , Power (kW) =0
Speed (Knots) = 53 , Power (kW) =0
Speed (Knots) = 54 , Power (kW) =0
Speed (Knots) = 55 , Power (kW) =0
Speed (Knots) = 56 , Power (kW) =0
Speed (Knots) = 57 , Power (kW) =0
Speed (Knots) = 58 , Power (kW) =0
Speed (Knots) = 59 , Power (kW) =0
Speed (Knots) = 60 , Power (kW) =0
The scale is 1.0
Wind power at 10 knots in kilowatts is 207.0
Wind power in-cut-out test 0.0
Aging
Class name:edu.pitt.cs.people.guy.wind.benchmarks.Aging
Success: /Noise_Allowed_Time_Definitions_All_Stations.csv found.
The station is the record is KLAX
Success: /Noise_Allowed_Time_Definitions_All_Stations.csv found.
The station is the record is KLAX
I have found the membership file for NOT WINDY.
Windspeed (knots) [0,1), Membership Value =1.00000000,1.0
Windspeed (knots) [1,2), Membership Value =0.99989871,0.99989873
Windspeed (knots) [2,3), Membership Value =0.99837459,0.9983746
Windspeed (knots) [3,4), Membership Value =0.99140114,0.99140114
Windspeed (knots) [4,5), Membership Value =0.97521952,0.97521955
Windspeed (knots) [5,6), Membership Value =0.94833654,0.94833654
Windspeed (knots) [6,7), Membership Value =0.91015038,0.9101504
Windspeed (knots) [7,8), Membership Value =0.85735640,0.8573564
Windspeed (knots) [8,9), Membership Value =0.78517047,0.7851705
Windspeed (knots) [9,10), Membership Value =0.68245432,0.68245435
Windspeed (knots) [10,11), Membership Value =0.55940406,0.5594041
Windspeed (knots) [11,12), Membership Value =0.42146572,0.42146572
Windspeed (knots) [12,13), Membership Value =0.29265055,0.29265055
Windspeed (knots) [13,14), Membership Value =0.18273665,0.18273665
Windspeed (knots) [14,15), Membership Value =0.09731320,0.0973132
Windspeed (knots) [15,16), Membership Value =0.03512187,0.03512187
Windspeed (knots) [16,17), Membership Value =0.00000000,0.0
Windspeed (knots) [17,18), Membership Value =0.00000000,0.0
Windspeed (knots) [18,19), Membership Value =0.00000000,0.0
Windspeed (knots) [19,20), Membership Value =0.00000000,0.0
Windspeed (knots) [20,21), Membership Value =0.00000000,0.0
Windspeed (knots) [21,22), Membership Value =0.00000000,0.0
Windspeed (knots) [22,23), Membership Value =0.00000000,0.0
Windspeed (knots) [23,24), Membership Value =0.00000000,0.0
Windspeed (knots) [24,25), Membership Value =0.00000000,0.0
Windspeed (knots) [25,26), Membership Value =0.00000000,0.0
Windspeed (knots) [26,27), Membership Value =0.00000000,0.0
Windspeed (knots) [27,28), Membership Value =0.00000000,0.0
Windspeed (knots) [28,29), Membership Value =0.00000000,0.0
Windspeed (knots) [29,30), Membership Value =0.00000000,0.0
Windspeed (knots) [30,31), Membership Value =0.00000000,0.0
Windspeed (knots) [31,32), Membership Value =0.00000000,0.0
Windspeed (knots) [32,33), Membership Value =0.00000000,0.0
Windspeed (knots) [33,34), Membership Value =0.00000000,0.0
Windspeed (knots) [34,35), Membership Value =0.00000000,0.0
Windspeed (knots) [35,36), Membership Value =0.00000000,0.0
Windspeed (knots) [36,37), Membership Value =0.00000000,0.0
Windspeed (knots) [37,38), Membership Value =0.00000000,0.0
Windspeed (knots) [38,39), Membership Value =0.00000000,0.0
Windspeed (knots) [39,40), Membership Value =0.00000000,0.0
Windspeed (knots) [40,41), Membership Value =0.00000000,0.0
Windspeed (knots) [41,42), Membership Value =0.00000000,0.0
Windspeed (knots) [42,43), Membership Value =0.00000000,0.0
Windspeed (knots) [43,44), Membership Value =0.00000000,0.0
Windspeed (knots) [44,45), Membership Value =0.00000000,0.0
Windspeed (knots) [45,46), Membership Value =0.00000000,0.0
Windspeed (knots) [46,47), Membership Value =0.00000000,0.0
Windspeed (knots) [47,48), Membership Value =0.00000000,0.0
Windspeed (knots) [48,49), Membership Value =0.00000000,0.0
Windspeed (knots) [49,50), Membership Value =0.00000000,0.0
Windspeed (knots) [50,51), Membership Value =0.00000000,0.0
Windspeed (knots) [51,52), Membership Value =0.00000000,0.0
Windspeed (knots) [52,53), Membership Value =0.00000000,0.0
Windspeed (knots) [53,54), Membership Value =0.00000000,0.0
Windspeed (knots) [54,55), Membership Value =0.00000000,0.0
Windspeed (knots) [55,56), Membership Value =0.00000000,0.0
Windspeed (knots) [56,57), Membership Value =0.00000000,0.0
Windspeed (knots) [57,58), Membership Value =0.00000000,0.0
Windspeed (knots) [58,59), Membership Value =0.00000000,0.0
Windspeed (knots) [59,60), Membership Value =0.00000000,0.0
Windspeed (knots) [60,61), Membership Value =0.00000000,0.0
Windspeed (knots) [61,62), Membership Value =0.00000000,0.0
Windspeed (knots) [62,63), Membership Value =0.00000000,0.0
Windspeed (knots) [63,64), Membership Value =0.00000000,0.0
Windspeed (knots) [64,65), Membership Value =0.00000000,0.0
Windspeed (knots) [65,66), Membership Value =0.00000000,0.0
Windspeed (knots) [66,67), Membership Value =0.00000000,0.0
Windspeed (knots) [67,68), Membership Value =0.00000000,0.0
Windspeed (knots) [68,69), Membership Value =0.00000000,0.0
Windspeed (knots) [69,70), Membership Value =0.00000000,0.0
Windspeed (knots) [70,71), Membership Value =0.00000000,0.0
Windspeed (knots) [71,72), Membership Value =0.00000000,0.0
Windspeed (knots) [72,73), Membership Value =0.00000000,0.0
Windspeed (knots) [73,74), Membership Value =0.00000000,0.0
Windspeed (knots) [74,75), Membership Value =0.00000000,0.0
Windspeed (knots) [75,76), Membership Value =0.00000000,0.0
Windspeed (knots) [76,77), Membership Value =0.00000000,0.0
Windspeed (knots) [77,78), Membership Value =0.00000000,0.0
Windspeed (knots) [78,79), Membership Value =0.00000000,0.0
Windspeed (knots) [79,80), Membership Value =0.00000000,0.0
Windspeed (knots) [80,81), Membership Value =0.00000000,0.0
Windspeed (knots) [81,82), Membership Value =0.00000000,0.0
Windspeed (knots) [82,83), Membership Value =0.00000000,0.0
Windspeed (knots) [83,84), Membership Value =0.00000000,0.0
Windspeed (knots) [84,85), Membership Value =0.00000000,0.0
Windspeed (knots) [85,86), Membership Value =0.00000000,0.0
Windspeed (knots) [86,87), Membership Value =0.00000000,0.0
Windspeed (knots) [87,88), Membership Value =0.00000000,0.0
Windspeed (knots) [88,89), Membership Value =0.00000000,0.0
Windspeed (knots) [89,90), Membership Value =0.00000000,0.0
Windspeed (knots) [90,91), Membership Value =0.00000000,0.0
Windspeed (knots) [91,92), Membership Value =0.00000000,0.0
Windspeed (knots) [92,93), Membership Value =0.00000000,0.0
Windspeed (knots) [93,94), Membership Value =0.00000000,0.0
Windspeed (knots) [94,95), Membership Value =0.00000000,0.0
Windspeed (knots) [95,96), Membership Value =0.00000000,0.0
Windspeed (knots) [96,97), Membership Value =0.00000000,0.0
Windspeed (knots) [97,98), Membership Value =0.00000000,0.0
Windspeed (knots) [98,99), Membership Value =0.00000000,0.0
Windspeed (knots) [99,100), Membership Value =0.00000000,0.0
Windspeed (knots) [100,101), Membership Value =0.00000000,0.0
Windspeed (knots) [101,102), Membership Value =0.00000000,0.0
Windspeed (knots) [102,103), Membership Value =0.00000000,0.0
Windspeed (knots) [103,104), Membership Value =0.00000000,0.0
Windspeed (knots) [104,105), Membership Value =0.00000000,0.0
Windspeed (knots) [105,106), Membership Value =0.00000000,0.0
Windspeed (knots) [106,107), Membership Value =0.00000000,0.0
Windspeed (knots) [107,108), Membership Value =0.00000000,0.0
Windspeed (knots) [108,109), Membership Value =0.00000000,0.0
Windspeed (knots) [109,110), Membership Value =0.00000000,0.0
Windspeed (knots) [110,111), Membership Value =0.00000000,0.0
Windspeed (knots) [111,112), Membership Value =0.00000000,0.0
Windspeed (knots) [112,113), Membership Value =0.00000000,0.0
Windspeed (knots) [113,114), Membership Value =0.00000000,0.0
Windspeed (knots) [114,115), Membership Value =0.00000000,0.0
Windspeed (knots) [115,116), Membership Value =0.00000000,0.0
Windspeed (knots) [116,117), Membership Value =0.00000000,0.0
Windspeed (knots) [117,118), Membership Value =0.00000000,0.0
Windspeed (knots) [118,119), Membership Value =0.00000000,0.0
Windspeed (knots) [119,120), Membership Value =0.00000000,0.0
Windspeed (knots) [120,121), Membership Value =0.00000000,0.0
Windspeed (knots) [121,122), Membership Value =0.00000000,0.0
Windspeed (knots) [122,123), Membership Value =0.00000000,0.0
Windspeed (knots) [123,124), Membership Value =0.00000000,0.0
Windspeed (knots) [124,125), Membership Value =0.00000000,0.0
LowestWindspeedThatIsWindyKnots for station KLAX is 7 knots.
Transition limited :false
bUseWeatherPrediction: true
The running average is 1
The y-int is 7
Energy harvested: 7868000.67111555
iGeneratingEnergyWhenGridNeedsEnergyMinutes =1556953
iGeneratingEnergyWhenGridNeedsEnergyMinutes =1556953
iUsingEnergyWhenGridNeedsEnergyMinutes =91319
iGeneratingEnergyWhenGridHasExcessEnergyMinutes = 3115
iUsingEnergyWhenGridHasExcessEnergyMinutes = 230
iIdleWhenGridDoesNotNeedEnergyMinutes = 42735
iIdleWhenGridNeedsEnergyMinutes = 3039084
iEnergyPriceIsZeroMinutes = 240
harvester.getEnergyHarvestedAVAILABLEKilowattHours( ): 9040475.866666667
harvester.getEnergyHarvestedKilowattHours(): 7868000.67111555
The y-int is 17
Energy harvested: 777419.867222223
iGeneratingEnergyWhenGridNeedsEnergyMinutes =23381
iGeneratingEnergyWhenGridNeedsEnergyMinutes =23381
iUsingEnergyWhenGridNeedsEnergyMinutes =116
iGeneratingEnergyWhenGridHasExcessEnergyMinutes = 0
iUsingEnergyWhenGridHasExcessEnergyMinutes = 0
iIdleWhenGridDoesNotNeedEnergyMinutes = 46080
iIdleWhenGridNeedsEnergyMinutes = 4663859
iEnergyPriceIsZeroMinutes = 240
harvester.getEnergyHarvestedAVAILABLEKilowattHours( ): 9040475.866666667
harvester.getEnergyHarvestedKilowattHours(): 777419.867222223
The y-int is 27
Energy harvested: 18006.3
iGeneratingEnergyWhenGridNeedsEnergyMinutes =367
iGeneratingEnergyWhenGridNeedsEnergyMinutes =367
iUsingEnergyWhenGridNeedsEnergyMinutes =1
iGeneratingEnergyWhenGridHasExcessEnergyMinutes = 0
iUsingEnergyWhenGridHasExcessEnergyMinutes = 0
iIdleWhenGridDoesNotNeedEnergyMinutes = 46080
iIdleWhenGridNeedsEnergyMinutes = 4686988
iEnergyPriceIsZeroMinutes = 240
harvester.getEnergyHarvestedAVAILABLEKilowattHours( ): 9040475.866666667
harvester.getEnergyHarvestedKilowattHours(): 18006.3
The y-int is 37
Energy harvested: 0.0
iGeneratingEnergyWhenGridNeedsEnergyMinutes =0
iGeneratingEnergyWhenGridNeedsEnergyMinutes =0
iUsingEnergyWhenGridNeedsEnergyMinutes =1
iGeneratingEnergyWhenGridHasExcessEnergyMinutes = 0
iUsingEnergyWhenGridHasExcessEnergyMinutes = 0
iIdleWhenGridDoesNotNeedEnergyMinutes = 46080
iIdleWhenGridNeedsEnergyMinutes = 4687355
iEnergyPriceIsZeroMinutes = 240
harvester.getEnergyHarvestedAVAILABLEKilowattHours( ): 9040475.866666667
harvester.getEnergyHarvestedKilowattHours(): 0.0
The running average is 31
The y-int is 7
Energy harvested: 7747581.116392056
iGeneratingEnergyWhenGridNeedsEnergyMinutes =1492419
iGeneratingEnergyWhenGridNeedsEnergyMinutes =1492419
iUsingEnergyWhenGridNeedsEnergyMinutes =68282
iGeneratingEnergyWhenGridHasExcessEnergyMinutes = 3071
iUsingEnergyWhenGridHasExcessEnergyMinutes = 84
iIdleWhenGridDoesNotNeedEnergyMinutes = 42925
iIdleWhenGridNeedsEnergyMinutes = 3126655
iEnergyPriceIsZeroMinutes = 240
harvester.getEnergyHarvestedAVAILABLEKilowattHours( ): 9040475.866666667
harvester.getEnergyHarvestedKilowattHours(): 7747581.116392056
The y-int is 17
Energy harvested: 718023.4016666671
iGeneratingEnergyWhenGridNeedsEnergyMinutes =22783
iGeneratingEnergyWhenGridNeedsEnergyMinutes =22783
iUsingEnergyWhenGridNeedsEnergyMinutes =47
iGeneratingEnergyWhenGridHasExcessEnergyMinutes = 0
iUsingEnergyWhenGridHasExcessEnergyMinutes = 0
iIdleWhenGridDoesNotNeedEnergyMinutes = 46080
iIdleWhenGridNeedsEnergyMinutes = 4664526
iEnergyPriceIsZeroMinutes = 240
harvester.getEnergyHarvestedAVAILABLEKilowattHours( ): 9040475.866666667
harvester.getEnergyHarvestedKilowattHours(): 718023.4016666671
The y-int is 27
Energy harvested: 18422.65
iGeneratingEnergyWhenGridNeedsEnergyMinutes =389
iGeneratingEnergyWhenGridNeedsEnergyMinutes =389
iUsingEnergyWhenGridNeedsEnergyMinutes =1
iGeneratingEnergyWhenGridHasExcessEnergyMinutes = 0
iUsingEnergyWhenGridHasExcessEnergyMinutes = 0
iIdleWhenGridDoesNotNeedEnergyMinutes = 46080
iIdleWhenGridNeedsEnergyMinutes = 4686966
iEnergyPriceIsZeroMinutes = 240
harvester.getEnergyHarvestedAVAILABLEKilowattHours( ): 9040475.866666667
harvester.getEnergyHarvestedKilowattHours(): 18422.65
The y-int is 37
Energy harvested: 0.0
iGeneratingEnergyWhenGridNeedsEnergyMinutes =0
iGeneratingEnergyWhenGridNeedsEnergyMinutes =0
iUsingEnergyWhenGridNeedsEnergyMinutes =1
iGeneratingEnergyWhenGridHasExcessEnergyMinutes = 0
iUsingEnergyWhenGridHasExcessEnergyMinutes = 0
iIdleWhenGridDoesNotNeedEnergyMinutes = 46080
iIdleWhenGridNeedsEnergyMinutes = 4687355
iEnergyPriceIsZeroMinutes = 240
harvester.getEnergyHarvestedAVAILABLEKilowattHours( ): 9040475.866666667
harvester.getEnergyHarvestedKilowattHours(): 0.0
The running average is 61
The y-int is 7
Energy harvested: 7632827.931669627
iGeneratingEnergyWhenGridNeedsEnergyMinutes =1438346
iGeneratingEnergyWhenGridNeedsEnergyMinutes =1438346
iUsingEnergyWhenGridNeedsEnergyMinutes =63574
iGeneratingEnergyWhenGridHasExcessEnergyMinutes = 2931
iUsingEnergyWhenGridHasExcessEnergyMinutes = 127
iIdleWhenGridDoesNotNeedEnergyMinutes = 43022
iIdleWhenGridNeedsEnergyMinutes = 3185436
iEnergyPriceIsZeroMinutes = 240
harvester.getEnergyHarvestedAVAILABLEKilowattHours( ): 9040475.866666667
harvester.getEnergyHarvestedKilowattHours(): 7632827.931669627
The y-int is 17
Energy harvested: 667383.2749999998
iGeneratingEnergyWhenGridNeedsEnergyMinutes =21772
iGeneratingEnergyWhenGridNeedsEnergyMinutes =21772
iUsingEnergyWhenGridNeedsEnergyMinutes =29
iGeneratingEnergyWhenGridHasExcessEnergyMinutes = 0
iUsingEnergyWhenGridHasExcessEnergyMinutes = 0
iIdleWhenGridDoesNotNeedEnergyMinutes = 46080
iIdleWhenGridNeedsEnergyMinutes = 4665555
iEnergyPriceIsZeroMinutes = 240
harvester.getEnergyHarvestedAVAILABLEKilowattHours( ): 9040475.866666667
harvester.getEnergyHarvestedKilowattHours(): 667383.2749999998
The y-int is 27
Energy harvested: 14630.0
iGeneratingEnergyWhenGridNeedsEnergyMinutes =325
iGeneratingEnergyWhenGridNeedsEnergyMinutes =325
iUsingEnergyWhenGridNeedsEnergyMinutes =1
iGeneratingEnergyWhenGridHasExcessEnergyMinutes = 0
iUsingEnergyWhenGridHasExcessEnergyMinutes = 0
iIdleWhenGridDoesNotNeedEnergyMinutes = 46080
iIdleWhenGridNeedsEnergyMinutes = 4687030
iEnergyPriceIsZeroMinutes = 240
harvester.getEnergyHarvestedAVAILABLEKilowattHours( ): 9040475.866666667
harvester.getEnergyHarvestedKilowattHours(): 14630.0
The y-int is 37
Energy harvested: 0.0
iGeneratingEnergyWhenGridNeedsEnergyMinutes =0
iGeneratingEnergyWhenGridNeedsEnergyMinutes =0
iUsingEnergyWhenGridNeedsEnergyMinutes =1
iGeneratingEnergyWhenGridHasExcessEnergyMinutes = 0
iUsingEnergyWhenGridHasExcessEnergyMinutes = 0
iIdleWhenGridDoesNotNeedEnergyMinutes = 46080
iIdleWhenGridNeedsEnergyMinutes = 4687355
iEnergyPriceIsZeroMinutes = 240
harvester.getEnergyHarvestedAVAILABLEKilowattHours( ): 9040475.866666667
harvester.getEnergyHarvestedKilowattHours(): 0.0
The running average is 91
The y-int is 7
Energy harvested: 7508799.760280417
iGeneratingEnergyWhenGridNeedsEnergyMinutes =1389113
iGeneratingEnergyWhenGridNeedsEnergyMinutes =1389113
iUsingEnergyWhenGridNeedsEnergyMinutes =61523
iGeneratingEnergyWhenGridHasExcessEnergyMinutes = 2854
iUsingEnergyWhenGridHasExcessEnergyMinutes = 124
iIdleWhenGridDoesNotNeedEnergyMinutes = 43102
iIdleWhenGridNeedsEnergyMinutes = 3236720
iEnergyPriceIsZeroMinutes = 240
harvester.getEnergyHarvestedAVAILABLEKilowattHours( ): 9040475.866666667
harvester.getEnergyHarvestedKilowattHours(): 7508799.760280417
The y-int is 17
Energy harvested: 607000.9763888888
iGeneratingEnergyWhenGridNeedsEnergyMinutes =20529
iGeneratingEnergyWhenGridNeedsEnergyMinutes =20529
iUsingEnergyWhenGridNeedsEnergyMinutes =23
iGeneratingEnergyWhenGridHasExcessEnergyMinutes = 0
iUsingEnergyWhenGridHasExcessEnergyMinutes = 0
iIdleWhenGridDoesNotNeedEnergyMinutes = 46080
iIdleWhenGridNeedsEnergyMinutes = 4666804
iEnergyPriceIsZeroMinutes = 240
harvester.getEnergyHarvestedAVAILABLEKilowattHours( ): 9040475.866666667
harvester.getEnergyHarvestedKilowattHours(): 607000.9763888888
The y-int is 27
Energy harvested: 9916.5
iGeneratingEnergyWhenGridNeedsEnergyMinutes =228
iGeneratingEnergyWhenGridNeedsEnergyMinutes =228
iUsingEnergyWhenGridNeedsEnergyMinutes =1
iGeneratingEnergyWhenGridHasExcessEnergyMinutes = 0
iUsingEnergyWhenGridHasExcessEnergyMinutes = 0
iIdleWhenGridDoesNotNeedEnergyMinutes = 46080
iIdleWhenGridNeedsEnergyMinutes = 4687127
iEnergyPriceIsZeroMinutes = 240
harvester.getEnergyHarvestedAVAILABLEKilowattHours( ): 9040475.866666667
harvester.getEnergyHarvestedKilowattHours(): 9916.5
The y-int is 37
Energy harvested: 0.0
iGeneratingEnergyWhenGridNeedsEnergyMinutes =0
iGeneratingEnergyWhenGridNeedsEnergyMinutes =0
iUsingEnergyWhenGridNeedsEnergyMinutes =1
iGeneratingEnergyWhenGridHasExcessEnergyMinutes = 0
iUsingEnergyWhenGridHasExcessEnergyMinutes = 0
iIdleWhenGridDoesNotNeedEnergyMinutes = 46080
iIdleWhenGridNeedsEnergyMinutes = 4687355
iEnergyPriceIsZeroMinutes = 240
harvester.getEnergyHarvestedAVAILABLEKilowattHours( ): 9040475.866666667
harvester.getEnergyHarvestedKilowattHours(): 0.0
The running average is 121
The y-int is 7
Energy harvested: 7379668.442780184
iGeneratingEnergyWhenGridNeedsEnergyMinutes =1341116
iGeneratingEnergyWhenGridNeedsEnergyMinutes =1341116
iUsingEnergyWhenGridNeedsEnergyMinutes =60146
iGeneratingEnergyWhenGridHasExcessEnergyMinutes = 2804
iUsingEnergyWhenGridHasExcessEnergyMinutes = 117
iIdleWhenGridDoesNotNeedEnergyMinutes = 43159
iIdleWhenGridNeedsEnergyMinutes = 3286094
iEnergyPriceIsZeroMinutes = 240
harvester.getEnergyHarvestedAVAILABLEKilowattHours( ): 9040475.866666667
harvester.getEnergyHarvestedKilowattHours(): 7379668.442780184
The y-int is 17
Energy harvested: 544459.9544444451
iGeneratingEnergyWhenGridNeedsEnergyMinutes =19002
iGeneratingEnergyWhenGridNeedsEnergyMinutes =19002
iUsingEnergyWhenGridNeedsEnergyMinutes =41
iGeneratingEnergyWhenGridHasExcessEnergyMinutes = 0
iUsingEnergyWhenGridHasExcessEnergyMinutes = 0
iIdleWhenGridDoesNotNeedEnergyMinutes = 46080
iIdleWhenGridNeedsEnergyMinutes = 4668313
iEnergyPriceIsZeroMinutes = 240
harvester.getEnergyHarvestedAVAILABLEKilowattHours( ): 9040475.866666667
harvester.getEnergyHarvestedKilowattHours(): 544459.9544444451
The y-int is 27
Energy harvested: 8901.65
iGeneratingEnergyWhenGridNeedsEnergyMinutes =218
iGeneratingEnergyWhenGridNeedsEnergyMinutes =218
iUsingEnergyWhenGridNeedsEnergyMinutes =1
iGeneratingEnergyWhenGridHasExcessEnergyMinutes = 0
iUsingEnergyWhenGridHasExcessEnergyMinutes = 0
iIdleWhenGridDoesNotNeedEnergyMinutes = 46080
iIdleWhenGridNeedsEnergyMinutes = 4687137
iEnergyPriceIsZeroMinutes = 240
harvester.getEnergyHarvestedAVAILABLEKilowattHours( ): 9040475.866666667
harvester.getEnergyHarvestedKilowattHours(): 8901.65
The y-int is 37
Energy harvested: 0.0
iGeneratingEnergyWhenGridNeedsEnergyMinutes =0
iGeneratingEnergyWhenGridNeedsEnergyMinutes =0
iUsingEnergyWhenGridNeedsEnergyMinutes =1
iGeneratingEnergyWhenGridHasExcessEnergyMinutes = 0
iUsingEnergyWhenGridHasExcessEnergyMinutes = 0
iIdleWhenGridDoesNotNeedEnergyMinutes = 46080
iIdleWhenGridNeedsEnergyMinutes = 4687355
iEnergyPriceIsZeroMinutes = 240
harvester.getEnergyHarvestedAVAILABLEKilowattHours( ): 9040475.866666667
harvester.getEnergyHarvestedKilowattHours(): 0.0
Beginning testing mode:
station,&,y_intercept_for_month_1,&,running_average_size_minutes_for_month_1,&,y_intercept_for_month_2,&,running_average_size_minutes_for_month_2,&,y_intercept_for_month_3,&,running_average_size_minutes_for_month_3,&,y_intercept_for_month_4,&,running_average_size_minutes_for_month_4,&,y_intercept_for_month_5,&,running_average_size_minutes_for_month_5,&,y_intercept_for_month_6,&,running_average_size_minutes_for_month_6,&,y_intercept_for_month_7,&,running_average_size_minutes_for_month_7,&,y_intercept_for_month_8,&,running_average_size_minutes_for_month_8,&,y_intercept_for_month_9,&,running_average_size_minutes_for_month_9,&,y_intercept_for_month_10,&,running_average_size_minutes_for_month_10,&,y_intercept_for_month_11,&,running_average_size_minutes_for_month_11,&,y_intercept_for_month_12,&,running_average_size_minutes_for_month_12,&,dNetNorm,&,dMarketBalancePercentage,&,dMarketNetNorm,
results: KLAX,&,7,&,1,&,7,&,1,&,7,&,1,&,7,&,1,&,7,&,1,&,7,&,1,&,7,&,1,&,7,&,1,&,7,&,1,&,7,&,1,&,7,&,1,&,7,&,1,&,0.8865540778853492,&,0.9298318841887657,&,0.824346248675368
monthly visible minutes:KLAX,&,2013,&,14954,&,15230,&,13882,&,19454,&,20335,&,19955,&,20578,&,21013,&,19729,&,18101,&,14868,&,12492,&,
monthly visible minutes:KLAX,&,2014,&,10114,&,14000,&,18589,&,20355,&,21806,&,20116,&,21727,&,20489,&,19607,&,17393,&,15923,&,13810,&,
monthly minutes harvester between states:KLAX,&,2013,&,2352,&,1679,&,1481,&,1572,&,1565,&,1800,&,1534,&,1371,&,1449,&,1456,&,1986,&,2449,&,
monthly minutes harvester between states:KLAX,&,2014,&,1588,&,1602,&,1716,&,1509,&,1704,&,1320,&,1472,&,1469,&,1496,&,1344,&,1903,&,2026,&,
station,&,y_intercept_for_month_1,&,running_average_size_minutes_for_month_1,&,y_intercept_for_month_2,&,running_average_size_minutes_for_month_2,&,y_intercept_for_month_3,&,running_average_size_minutes_for_month_3,&,y_intercept_for_month_4,&,running_average_size_minutes_for_month_4,&,y_intercept_for_month_5,&,running_average_size_minutes_for_month_5,&,y_intercept_for_month_6,&,running_average_size_minutes_for_month_6,&,y_intercept_for_month_7,&,running_average_size_minutes_for_month_7,&,y_intercept_for_month_8,&,running_average_size_minutes_for_month_8,&,y_intercept_for_month_9,&,running_average_size_minutes_for_month_9,&,y_intercept_for_month_10,&,running_average_size_minutes_for_month_10,&,y_intercept_for_month_11,&,running_average_size_minutes_for_month_11,&,y_intercept_for_month_12,&,running_average_size_minutes_for_month_12,&,dNetNorm,&,dMarketBalancePercentage,&,dMarketNetNorm,
results: KLAX,&,7,&,31,&,7,&,1,&,7,&,1,&,7,&,1,&,7,&,1,&,7,&,1,&,7,&,1,&,7,&,1,&,7,&,31,&,7,&,1,&,7,&,1,&,7,&,31,&,0.873375884389645,&,0.93451926517953,&,0.8161865897053332
monthly visible minutes:KLAX,&,2013,&,14954,&,15230,&,13882,&,19454,&,20335,&,19955,&,20578,&,21013,&,19729,&,18101,&,14868,&,12492,&,
monthly visible minutes:KLAX,&,2014,&,10114,&,14000,&,18589,&,20355,&,21806,&,20116,&,21727,&,20489,&,19607,&,17393,&,15923,&,13810,&,
monthly minutes harvester between states:KLAX,&,2013,&,2352,&,1679,&,1481,&,1572,&,1565,&,1800,&,1534,&,1371,&,1449,&,1456,&,1986,&,2449,&,
monthly minutes harvester between states:KLAX,&,2014,&,1588,&,1602,&,1716,&,1509,&,1704,&,1320,&,1472,&,1469,&,1496,&,1344,&,1903,&,2026,&,
Station: KLGA
abc: The current path is /home/guy/retractable-wind
I have found the property file.
The training windspeed filename is /trainingKLGA2004-2012in.csv
The testing windspeed filename is /testingKLGA2013-2014in.csv
Yes, the station is KLGA
Warning: The bAlsoUsePrediction no longer has any effect
iUsedAllItsAllocatedVisibilityMinutesPerMonth: 51234
Visibility Allocation Minutes:51234
HARVESTER_SIZE_SQM is 6362
Reading file
Success: /Wind turbine power curves - wind turbine power output against wind speed in knots.csv found.
Speed (Knots) = Speed(knots) vs power (kW) , Power (kW) =V90
Speed (Knots) = 0 , Power (kW) =0
Speed (Knots) = 1 , Power (kW) =0
Speed (Knots) = 2 , Power (kW) =0
Speed (Knots) = 3 , Power (kW) =0
Speed (Knots) = 4 , Power (kW) =0
Speed (Knots) = 5 , Power (kW) =0
Speed (Knots) = 6 , Power (kW) =0
Speed (Knots) = 7 , Power (kW) =38
Speed (Knots) = 8 , Power (kW) =87
Speed (Knots) = 9 , Power (kW) =141
Speed (Knots) = 10 , Power (kW) =207
Speed (Knots) = 11 , Power (kW) =286
Speed (Knots) = 12 , Power (kW) =382
Speed (Knots) = 13 , Power (kW) =496
Speed (Knots) = 14 , Power (kW) =628
Speed (Knots) = 15 , Power (kW) =781
Speed (Knots) = 16 , Power (kW) =957
Speed (Knots) = 17 , Power (kW) =1153
Speed (Knots) = 18 , Power (kW) =1366
Speed (Knots) = 19 , Power (kW) =1589
Speed (Knots) = 20 , Power (kW) =1814
Speed (Knots) = 21 , Power (kW) =2035
Speed (Knots) = 22 , Power (kW) =2250
Speed (Knots) = 23 , Power (kW) =2452
Speed (Knots) = 24 , Power (kW) =2634
Speed (Knots) = 25 , Power (kW) =2784
Speed (Knots) = 26 , Power (kW) =2888
Speed (Knots) = 27 , Power (kW) =2949
Speed (Knots) = 28 , Power (kW) =2980
Speed (Knots) = 29 , Power (kW) =2993
Speed (Knots) = 30 , Power (kW) =3000
Speed (Knots) = 31 , Power (kW) =3000
Speed (Knots) = 32 , Power (kW) =3000
Speed (Knots) = 33 , Power (kW) =3000
Speed (Knots) = 34 , Power (kW) =3000
Speed (Knots) = 35 , Power (kW) =3000
Speed (Knots) = 36 , Power (kW) =3000
Speed (Knots) = 37 , Power (kW) =3000
Speed (Knots) = 38 , Power (kW) =3000
Speed (Knots) = 39 , Power (kW) =3000
Speed (Knots) = 40 , Power (kW) =3000
Speed (Knots) = 41 , Power (kW) =3000
Speed (Knots) = 42 , Power (kW) =3000
Speed (Knots) = 43 , Power (kW) =3000
Speed (Knots) = 44 , Power (kW) =3000
Speed (Knots) = 45 , Power (kW) =3000
Speed (Knots) = 46 , Power (kW) =3000
Speed (Knots) = 47 , Power (kW) =3000
Speed (Knots) = 48 , Power (kW) =3000
Speed (Knots) = 49 , Power (kW) =0
Speed (Knots) = 50 , Power (kW) =0
Speed (Knots) = 51 , Power (kW) =0
Speed (Knots) = 52 , Power (kW) =0
Speed (Knots) = 53 , Power (kW) =0
Speed (Knots) = 54 , Power (kW) =0
Speed (Knots) = 55 , Power (kW) =0
Speed (Knots) = 56 , Power (kW) =0
Speed (Knots) = 57 , Power (kW) =0
Speed (Knots) = 58 , Power (kW) =0
Speed (Knots) = 59 , Power (kW) =0
Speed (Knots) = 60 , Power (kW) =0
The scale is 1.0
Wind power at 10 knots in kilowatts is 207.0
Wind power in-cut-out test 0.0
Aging
Class name:edu.pitt.cs.people.guy.wind.benchmarks.Aging
Success: /Noise_Allowed_Time_Definitions_All_Stations.csv found.
The station is the record is KLGA
Success: /Noise_Allowed_Time_Definitions_All_Stations.csv found.
The station is the record is KLGA
I have found the membership file for NOT WINDY.
Windspeed (knots) [0,1), Membership Value =1.00000000,1.0
Windspeed (knots) [1,2), Membership Value =0.99999030,0.9999903
Windspeed (knots) [2,3), Membership Value =0.99983586,0.99983585
Windspeed (knots) [3,4), Membership Value =0.99896311,0.9989631
Windspeed (knots) [4,5), Membership Value =0.99585529,0.9958553
Windspeed (knots) [5,6), Membership Value =0.98809748,0.9880975
Windspeed (knots) [6,7), Membership Value =0.97214940,0.9721494
Windspeed (knots) [7,8), Membership Value =0.94498727,0.9449873
Windspeed (knots) [8,9), Membership Value =0.90291974,0.90291977
Windspeed (knots) [9,10), Membership Value =0.84773545,0.84773546
Windspeed (knots) [10,11), Membership Value =0.78144970,0.7814497
Windspeed (knots) [11,12), Membership Value =0.70288628,0.7028863
Windspeed (knots) [12,13), Membership Value =0.61769336,0.61769336
Windspeed (knots) [13,14), Membership Value =0.52980379,0.5298038
Windspeed (knots) [14,15), Membership Value =0.44055494,0.44055495
Windspeed (knots) [15,16), Membership Value =0.35444121,0.3544412
Windspeed (knots) [16,17), Membership Value =0.27128060,0.2712806
Windspeed (knots) [17,18), Membership Value =0.19481438,0.19481438
Windspeed (knots) [18,19), Membership Value =0.11987781,0.11987781
Windspeed (knots) [19,20), Membership Value =0.05612127,0.05612127
Windspeed (knots) [20,21), Membership Value =0.00000000,0.0
Windspeed (knots) [21,22), Membership Value =0.00000000,0.0
Windspeed (knots) [22,23), Membership Value =0.00000000,0.0
Windspeed (knots) [23,24), Membership Value =0.00000000,0.0
Windspeed (knots) [24,25), Membership Value =0.00000000,0.0
Windspeed (knots) [25,26), Membership Value =0.00000000,0.0
Windspeed (knots) [26,27), Membership Value =0.00000000,0.0
Windspeed (knots) [27,28), Membership Value =0.00000000,0.0
Windspeed (knots) [28,29), Membership Value =0.00000000,0.0
Windspeed (knots) [29,30), Membership Value =0.00000000,0.0
Windspeed (knots) [30,31), Membership Value =0.00000000,0.0
Windspeed (knots) [31,32), Membership Value =0.00000000,0.0
Windspeed (knots) [32,33), Membership Value =0.00000000,0.0
Windspeed (knots) [33,34), Membership Value =0.00000000,0.0
Windspeed (knots) [34,35), Membership Value =0.00000000,0.0
Windspeed (knots) [35,36), Membership Value =0.00000000,0.0
Windspeed (knots) [36,37), Membership Value =0.00000000,0.0
Windspeed (knots) [37,38), Membership Value =0.00000000,0.0
Windspeed (knots) [38,39), Membership Value =0.00000000,0.0
Windspeed (knots) [39,40), Membership Value =0.00000000,0.0
Windspeed (knots) [40,41), Membership Value =0.00000000,0.0
Windspeed (knots) [41,42), Membership Value =0.00000000,0.0
Windspeed (knots) [42,43), Membership Value =0.00000000,0.0
Windspeed (knots) [43,44), Membership Value =0.00000000,0.0
Windspeed (knots) [44,45), Membership Value =0.00000000,0.0
Windspeed (knots) [45,46), Membership Value =0.00000000,0.0
Windspeed (knots) [46,47), Membership Value =0.00000000,0.0
Windspeed (knots) [47,48), Membership Value =0.00000000,0.0
Windspeed (knots) [48,49), Membership Value =0.00000000,0.0
Windspeed (knots) [49,50), Membership Value =0.00000000,0.0
Windspeed (knots) [50,51), Membership Value =0.00000000,0.0
Windspeed (knots) [51,52), Membership Value =0.00000000,0.0
Windspeed (knots) [52,53), Membership Value =0.00000000,0.0
Windspeed (knots) [53,54), Membership Value =0.00000000,0.0
Windspeed (knots) [54,55), Membership Value =0.00000000,0.0
Windspeed (knots) [55,56), Membership Value =0.00000000,0.0
Windspeed (knots) [56,57), Membership Value =0.00000000,0.0
Windspeed (knots) [57,58), Membership Value =0.00000000,0.0
Windspeed (knots) [58,59), Membership Value =0.00000000,0.0
Windspeed (knots) [59,60), Membership Value =0.00000000,0.0
Windspeed (knots) [60,61), Membership Value =0.00000000,0.0
Windspeed (knots) [61,62), Membership Value =0.00000000,0.0
Windspeed (knots) [62,63), Membership Value =0.00000000,0.0
Windspeed (knots) [63,64), Membership Value =0.00000000,0.0
Windspeed (knots) [64,65), Membership Value =0.00000000,0.0
Windspeed (knots) [65,66), Membership Value =0.00000000,0.0
Windspeed (knots) [66,67), Membership Value =0.00000000,0.0
Windspeed (knots) [67,68), Membership Value =0.00000000,0.0
Windspeed (knots) [68,69), Membership Value =0.00000000,0.0
Windspeed (knots) [69,70), Membership Value =0.00000000,0.0
Windspeed (knots) [70,71), Membership Value =0.00000000,0.0
Windspeed (knots) [71,72), Membership Value =0.00000000,0.0
Windspeed (knots) [72,73), Membership Value =0.00000000,0.0
Windspeed (knots) [73,74), Membership Value =0.00000000,0.0
Windspeed (knots) [74,75), Membership Value =0.00000000,0.0
Windspeed (knots) [75,76), Membership Value =0.00000000,0.0
Windspeed (knots) [76,77), Membership Value =0.00000000,0.0
Windspeed (knots) [77,78), Membership Value =0.00000000,0.0
Windspeed (knots) [78,79), Membership Value =0.00000000,0.0
Windspeed (knots) [79,80), Membership Value =0.00000000,0.0
Windspeed (knots) [80,81), Membership Value =0.00000000,0.0
Windspeed (knots) [81,82), Membership Value =0.00000000,0.0
Windspeed (knots) [82,83), Membership Value =0.00000000,0.0
Windspeed (knots) [83,84), Membership Value =0.00000000,0.0
Windspeed (knots) [84,85), Membership Value =0.00000000,0.0
Windspeed (knots) [85,86), Membership Value =0.00000000,0.0
Windspeed (knots) [86,87), Membership Value =0.00000000,0.0
Windspeed (knots) [87,88), Membership Value =0.00000000,0.0
Windspeed (knots) [88,89), Membership Value =0.00000000,0.0
Windspeed (knots) [89,90), Membership Value =0.00000000,0.0
Windspeed (knots) [90,91), Membership Value =0.00000000,0.0
Windspeed (knots) [91,92), Membership Value =0.00000000,0.0
Windspeed (knots) [92,93), Membership Value =0.00000000,0.0
Windspeed (knots) [93,94), Membership Value =0.00000000,0.0
Windspeed (knots) [94,95), Membership Value =0.00000000,0.0
Windspeed (knots) [95,96), Membership Value =0.00000000,0.0
Windspeed (knots) [96,97), Membership Value =0.00000000,0.0
Windspeed (knots) [97,98), Membership Value =0.00000000,0.0
Windspeed (knots) [98,99), Membership Value =0.00000000,0.0
Windspeed (knots) [99,100), Membership Value =0.00000000,0.0
Windspeed (knots) [100,101), Membership Value =0.00000000,0.0
Windspeed (knots) [101,102), Membership Value =0.00000000,0.0
Windspeed (knots) [102,103), Membership Value =0.00000000,0.0
Windspeed (knots) [103,104), Membership Value =0.00000000,0.0
Windspeed (knots) [104,105), Membership Value =0.00000000,0.0
Windspeed (knots) [105,106), Membership Value =0.00000000,0.0
Windspeed (knots) [106,107), Membership Value =0.00000000,0.0
Windspeed (knots) [107,108), Membership Value =0.00000000,0.0
Windspeed (knots) [108,109), Membership Value =0.00000000,0.0
Windspeed (knots) [109,110), Membership Value =0.00000000,0.0
Windspeed (knots) [110,111), Membership Value =0.00000000,0.0
Windspeed (knots) [111,112), Membership Value =0.00000000,0.0
Windspeed (knots) [112,113), Membership Value =0.00000000,0.0
Windspeed (knots) [113,114), Membership Value =0.00000000,0.0
Windspeed (knots) [114,115), Membership Value =0.00000000,0.0
Windspeed (knots) [115,116), Membership Value =0.00000000,0.0
Windspeed (knots) [116,117), Membership Value =0.00000000,0.0
Windspeed (knots) [117,118), Membership Value =0.00000000,0.0
Windspeed (knots) [118,119), Membership Value =0.00000000,0.0
Windspeed (knots) [119,120), Membership Value =0.00000000,0.0
Windspeed (knots) [120,121), Membership Value =0.00000000,0.0
Windspeed (knots) [121,122), Membership Value =0.00000000,0.0
Windspeed (knots) [122,123), Membership Value =0.00000000,0.0
Windspeed (knots) [123,124), Membership Value =0.00000000,0.0
Windspeed (knots) [124,125), Membership Value =0.00000000,0.0
LowestWindspeedThatIsWindyKnots for station KLGA is 9 knots.
Transition limited :false
bUseWeatherPrediction: true
The running average is 1
The y-int is 9
Energy harvested: 1.0374198960010301E7
iGeneratingEnergyWhenGridNeedsEnergyMinutes =1105753
iGeneratingEnergyWhenGridNeedsEnergyMinutes =1105753
iUsingEnergyWhenGridNeedsEnergyMinutes =90062
iGeneratingEnergyWhenGridHasExcessEnergyMinutes = 1882
iUsingEnergyWhenGridHasExcessEnergyMinutes = 17
iIdleWhenGridDoesNotNeedEnergyMinutes = 44181
iIdleWhenGridNeedsEnergyMinutes = 3492563
iEnergyPriceIsZeroMinutes = 240
harvester.getEnergyHarvestedAVAILABLEKilowattHours( ): 2.4147111533333335E7
harvester.getEnergyHarvestedKilowattHours(): 1.0374198960010301E7
The y-int is 19
Energy harvested: 985513.6
iGeneratingEnergyWhenGridNeedsEnergyMinutes =26642
iGeneratingEnergyWhenGridNeedsEnergyMinutes =26642
iUsingEnergyWhenGridNeedsEnergyMinutes =1
iGeneratingEnergyWhenGridHasExcessEnergyMinutes = 0
iUsingEnergyWhenGridHasExcessEnergyMinutes = 0
iIdleWhenGridDoesNotNeedEnergyMinutes = 46080
iIdleWhenGridNeedsEnergyMinutes = 4661735
iEnergyPriceIsZeroMinutes = 240
harvester.getEnergyHarvestedAVAILABLEKilowattHours( ): 2.4147111533333335E7
harvester.getEnergyHarvestedKilowattHours(): 985513.6
The y-int is 29
Energy harvested: 6975.616666666667
iGeneratingEnergyWhenGridNeedsEnergyMinutes =140
iGeneratingEnergyWhenGridNeedsEnergyMinutes =140
iUsingEnergyWhenGridNeedsEnergyMinutes =1
iGeneratingEnergyWhenGridHasExcessEnergyMinutes = 0
iUsingEnergyWhenGridHasExcessEnergyMinutes = 0
iIdleWhenGridDoesNotNeedEnergyMinutes = 46080
iIdleWhenGridNeedsEnergyMinutes = 4688237
iEnergyPriceIsZeroMinutes = 240
harvester.getEnergyHarvestedAVAILABLEKilowattHours( ): 2.4147111533333335E7
harvester.getEnergyHarvestedKilowattHours(): 6975.616666666667
The y-int is 39
Energy harvested: 0.0
iGeneratingEnergyWhenGridNeedsEnergyMinutes =0
iGeneratingEnergyWhenGridNeedsEnergyMinutes =0
iUsingEnergyWhenGridNeedsEnergyMinutes =1
iGeneratingEnergyWhenGridHasExcessEnergyMinutes = 0
iUsingEnergyWhenGridHasExcessEnergyMinutes = 0
iIdleWhenGridDoesNotNeedEnergyMinutes = 46080
iIdleWhenGridNeedsEnergyMinutes = 4688377
iEnergyPriceIsZeroMinutes = 240
harvester.getEnergyHarvestedAVAILABLEKilowattHours( ): 2.4147111533333335E7
harvester.getEnergyHarvestedKilowattHours(): 0.0
The running average is 31
The y-int is 9
Energy harvested: 1.0255454326672353E7
iGeneratingEnergyWhenGridNeedsEnergyMinutes =1074652
iGeneratingEnergyWhenGridNeedsEnergyMinutes =1074652
iUsingEnergyWhenGridNeedsEnergyMinutes =51702
iGeneratingEnergyWhenGridHasExcessEnergyMinutes = 1864
iUsingEnergyWhenGridHasExcessEnergyMinutes = 23
iIdleWhenGridDoesNotNeedEnergyMinutes = 44193
iIdleWhenGridNeedsEnergyMinutes = 3562024
iEnergyPriceIsZeroMinutes = 240
harvester.getEnergyHarvestedAVAILABLEKilowattHours( ): 2.4147111533333335E7
harvester.getEnergyHarvestedKilowattHours(): 1.0255454326672353E7
The y-int is 19
Energy harvested: 1056762.0908333336
iGeneratingEnergyWhenGridNeedsEnergyMinutes =30548
iGeneratingEnergyWhenGridNeedsEnergyMinutes =30548
iUsingEnergyWhenGridNeedsEnergyMinutes =31
iGeneratingEnergyWhenGridHasExcessEnergyMinutes = 0
iUsingEnergyWhenGridHasExcessEnergyMinutes = 0
iIdleWhenGridDoesNotNeedEnergyMinutes = 46080
iIdleWhenGridNeedsEnergyMinutes = 4657799
iEnergyPriceIsZeroMinutes = 240
harvester.getEnergyHarvestedAVAILABLEKilowattHours( ): 2.4147111533333335E7
harvester.getEnergyHarvestedKilowattHours(): 1056762.0908333336
The y-int is 29
Energy harvested: 16983.45
iGeneratingEnergyWhenGridNeedsEnergyMinutes =349
iGeneratingEnergyWhenGridNeedsEnergyMinutes =349
iUsingEnergyWhenGridNeedsEnergyMinutes =1
iGeneratingEnergyWhenGridHasExcessEnergyMinutes = 0
iUsingEnergyWhenGridHasExcessEnergyMinutes = 0
iIdleWhenGridDoesNotNeedEnergyMinutes = 46080
iIdleWhenGridNeedsEnergyMinutes = 4688028
iEnergyPriceIsZeroMinutes = 240
harvester.getEnergyHarvestedAVAILABLEKilowattHours( ): 2.4147111533333335E7
harvester.getEnergyHarvestedKilowattHours(): 16983.45
The y-int is 39
Energy harvested: 0.0
iGeneratingEnergyWhenGridNeedsEnergyMinutes =0
iGeneratingEnergyWhenGridNeedsEnergyMinutes =0
iUsingEnergyWhenGridNeedsEnergyMinutes =1
iGeneratingEnergyWhenGridHasExcessEnergyMinutes = 0
iUsingEnergyWhenGridHasExcessEnergyMinutes = 0
iIdleWhenGridDoesNotNeedEnergyMinutes = 46080
iIdleWhenGridNeedsEnergyMinutes = 4688377
iEnergyPriceIsZeroMinutes = 240
harvester.getEnergyHarvestedAVAILABLEKilowattHours( ): 2.4147111533333335E7
harvester.getEnergyHarvestedKilowattHours(): 0.0
The running average is 61
The y-int is 9
Energy harvested: 1.0135153703893978E7
iGeneratingEnergyWhenGridNeedsEnergyMinutes =1041730
iGeneratingEnergyWhenGridNeedsEnergyMinutes =1041730
iUsingEnergyWhenGridNeedsEnergyMinutes =46523
iGeneratingEnergyWhenGridHasExcessEnergyMinutes = 1809
iUsingEnergyWhenGridHasExcessEnergyMinutes = 50
iIdleWhenGridDoesNotNeedEnergyMinutes = 44221
iIdleWhenGridNeedsEnergyMinutes = 3600125
iEnergyPriceIsZeroMinutes = 240
harvester.getEnergyHarvestedAVAILABLEKilowattHours( ): 2.4147111533333335E7
harvester.getEnergyHarvestedKilowattHours(): 1.0135153703893978E7
The y-int is 19
Energy harvested: 1015734.2436111115
iGeneratingEnergyWhenGridNeedsEnergyMinutes =29816
iGeneratingEnergyWhenGridNeedsEnergyMinutes =29816
iUsingEnergyWhenGridNeedsEnergyMinutes =19
iGeneratingEnergyWhenGridHasExcessEnergyMinutes = 0
iUsingEnergyWhenGridHasExcessEnergyMinutes = 0
iIdleWhenGridDoesNotNeedEnergyMinutes = 46080
iIdleWhenGridNeedsEnergyMinutes = 4658543
iEnergyPriceIsZeroMinutes = 240
harvester.getEnergyHarvestedAVAILABLEKilowattHours( ): 2.4147111533333335E7
harvester.getEnergyHarvestedKilowattHours(): 1015734.2436111115
The y-int is 29
Energy harvested: 2423.9166666666665
iGeneratingEnergyWhenGridNeedsEnergyMinutes =53
iGeneratingEnergyWhenGridNeedsEnergyMinutes =53
iUsingEnergyWhenGridNeedsEnergyMinutes =1
iGeneratingEnergyWhenGridHasExcessEnergyMinutes = 0
iUsingEnergyWhenGridHasExcessEnergyMinutes = 0
iIdleWhenGridDoesNotNeedEnergyMinutes = 46080
iIdleWhenGridNeedsEnergyMinutes = 4688324
iEnergyPriceIsZeroMinutes = 240
harvester.getEnergyHarvestedAVAILABLEKilowattHours( ): 2.4147111533333335E7
harvester.getEnergyHarvestedKilowattHours(): 2423.9166666666665
The y-int is 39
Energy harvested: 0.0
iGeneratingEnergyWhenGridNeedsEnergyMinutes =0
iGeneratingEnergyWhenGridNeedsEnergyMinutes =0
iUsingEnergyWhenGridNeedsEnergyMinutes =1
iGeneratingEnergyWhenGridHasExcessEnergyMinutes = 0
iUsingEnergyWhenGridHasExcessEnergyMinutes = 0
iIdleWhenGridDoesNotNeedEnergyMinutes = 46080
iIdleWhenGridNeedsEnergyMinutes = 4688377
iEnergyPriceIsZeroMinutes = 240
harvester.getEnergyHarvestedAVAILABLEKilowattHours( ): 2.4147111533333335E7
harvester.getEnergyHarvestedKilowattHours(): 0.0
The running average is 91
The y-int is 9
Energy harvested: 1.0021761216671355E7
iGeneratingEnergyWhenGridNeedsEnergyMinutes =1013325
iGeneratingEnergyWhenGridNeedsEnergyMinutes =1013325
iUsingEnergyWhenGridNeedsEnergyMinutes =43976
iGeneratingEnergyWhenGridHasExcessEnergyMinutes = 1769
iUsingEnergyWhenGridHasExcessEnergyMinutes = 40
iIdleWhenGridDoesNotNeedEnergyMinutes = 44271
iIdleWhenGridNeedsEnergyMinutes = 3631077
iEnergyPriceIsZeroMinutes = 240
harvester.getEnergyHarvestedAVAILABLEKilowattHours( ): 2.4147111533333335E7
harvester.getEnergyHarvestedKilowattHours(): 1.0021761216671355E7
The y-int is 19
Energy harvested: 935881.4616666668
iGeneratingEnergyWhenGridNeedsEnergyMinutes =27663
iGeneratingEnergyWhenGridNeedsEnergyMinutes =27663
iUsingEnergyWhenGridNeedsEnergyMinutes =17
iGeneratingEnergyWhenGridHasExcessEnergyMinutes = 0
iUsingEnergyWhenGridHasExcessEnergyMinutes = 0
iIdleWhenGridDoesNotNeedEnergyMinutes = 46080
iIdleWhenGridNeedsEnergyMinutes = 4660698
iEnergyPriceIsZeroMinutes = 240
harvester.getEnergyHarvestedAVAILABLEKilowattHours( ): 2.4147111533333335E7
harvester.getEnergyHarvestedKilowattHours(): 935881.4616666668
The y-int is 29
Energy harvested: 0.0
iGeneratingEnergyWhenGridNeedsEnergyMinutes =0
iGeneratingEnergyWhenGridNeedsEnergyMinutes =0
iUsingEnergyWhenGridNeedsEnergyMinutes =1
iGeneratingEnergyWhenGridHasExcessEnergyMinutes = 0
iUsingEnergyWhenGridHasExcessEnergyMinutes = 0
iIdleWhenGridDoesNotNeedEnergyMinutes = 46080
iIdleWhenGridNeedsEnergyMinutes = 4688377
iEnergyPriceIsZeroMinutes = 240
harvester.getEnergyHarvestedAVAILABLEKilowattHours( ): 2.4147111533333335E7
harvester.getEnergyHarvestedKilowattHours(): 0.0
The y-int is 39
Energy harvested: 0.0
iGeneratingEnergyWhenGridNeedsEnergyMinutes =0
iGeneratingEnergyWhenGridNeedsEnergyMinutes =0
iUsingEnergyWhenGridNeedsEnergyMinutes =0
iGeneratingEnergyWhenGridHasExcessEnergyMinutes = 0
iUsingEnergyWhenGridHasExcessEnergyMinutes = 0
iIdleWhenGridDoesNotNeedEnergyMinutes = 46080
iIdleWhenGridNeedsEnergyMinutes = 4688378
iEnergyPriceIsZeroMinutes = 240
harvester.getEnergyHarvestedAVAILABLEKilowattHours( ): 2.4147111533333335E7
harvester.getEnergyHarvestedKilowattHours(): 0.0
The running average is 121
The y-int is 9
Energy harvested: 9907822.848615443
iGeneratingEnergyWhenGridNeedsEnergyMinutes =986162
iGeneratingEnergyWhenGridNeedsEnergyMinutes =986162
iUsingEnergyWhenGridNeedsEnergyMinutes =42255
iGeneratingEnergyWhenGridHasExcessEnergyMinutes = 1735
iUsingEnergyWhenGridHasExcessEnergyMinutes = 39
iIdleWhenGridDoesNotNeedEnergyMinutes = 44306
iIdleWhenGridNeedsEnergyMinutes = 3659961
iEnergyPriceIsZeroMinutes = 240
harvester.getEnergyHarvestedAVAILABLEKilowattHours( ): 2.4147111533333335E7
harvester.getEnergyHarvestedKilowattHours(): 9907822.848615443
The y-int is 19
Energy harvested: 868134.4141666668
iGeneratingEnergyWhenGridNeedsEnergyMinutes =25838
iGeneratingEnergyWhenGridNeedsEnergyMinutes =25838
iUsingEnergyWhenGridNeedsEnergyMinutes =9
iGeneratingEnergyWhenGridHasExcessEnergyMinutes = 0
iUsingEnergyWhenGridHasExcessEnergyMinutes = 0
iIdleWhenGridDoesNotNeedEnergyMinutes = 46080
iIdleWhenGridNeedsEnergyMinutes = 4662531
iEnergyPriceIsZeroMinutes = 240
harvester.getEnergyHarvestedAVAILABLEKilowattHours( ): 2.4147111533333335E7
harvester.getEnergyHarvestedKilowattHours(): 868134.4141666668
The y-int is 29
Energy harvested: 0.0
iGeneratingEnergyWhenGridNeedsEnergyMinutes =0
iGeneratingEnergyWhenGridNeedsEnergyMinutes =0
iUsingEnergyWhenGridNeedsEnergyMinutes =1
iGeneratingEnergyWhenGridHasExcessEnergyMinutes = 0
iUsingEnergyWhenGridHasExcessEnergyMinutes = 0
iIdleWhenGridDoesNotNeedEnergyMinutes = 46080
iIdleWhenGridNeedsEnergyMinutes = 4688377
iEnergyPriceIsZeroMinutes = 240
harvester.getEnergyHarvestedAVAILABLEKilowattHours( ): 2.4147111533333335E7
harvester.getEnergyHarvestedKilowattHours(): 0.0
The y-int is 39
Energy harvested: 0.0
iGeneratingEnergyWhenGridNeedsEnergyMinutes =0
iGeneratingEnergyWhenGridNeedsEnergyMinutes =0
iUsingEnergyWhenGridNeedsEnergyMinutes =0
iGeneratingEnergyWhenGridHasExcessEnergyMinutes = 0
iUsingEnergyWhenGridHasExcessEnergyMinutes = 0
iIdleWhenGridDoesNotNeedEnergyMinutes = 46080
iIdleWhenGridNeedsEnergyMinutes = 4688378
iEnergyPriceIsZeroMinutes = 240
harvester.getEnergyHarvestedAVAILABLEKilowattHours( ): 2.4147111533333335E7
harvester.getEnergyHarvestedKilowattHours(): 0.0
Beginning testing mode:
station,&,y_intercept_for_month_1,&,running_average_size_minutes_for_month_1,&,y_intercept_for_month_2,&,running_average_size_minutes_for_month_2,&,y_intercept_for_month_3,&,running_average_size_minutes_for_month_3,&,y_intercept_for_month_4,&,running_average_size_minutes_for_month_4,&,y_intercept_for_month_5,&,running_average_size_minutes_for_month_5,&,y_intercept_for_month_6,&,running_average_size_minutes_for_month_6,&,y_intercept_for_month_7,&,running_average_size_minutes_for_month_7,&,y_intercept_for_month_8,&,running_average_size_minutes_for_month_8,&,y_intercept_for_month_9,&,running_average_size_minutes_for_month_9,&,y_intercept_for_month_10,&,running_average_size_minutes_for_month_10,&,y_intercept_for_month_11,&,running_average_size_minutes_for_month_11,&,y_intercept_for_month_12,&,running_average_size_minutes_for_month_12,&,dNetNorm,&,dMarketBalancePercentage,&,dMarketNetNorm,
results: KLGA,&,9,&,1,&,9,&,1,&,9,&,1,&,9,&,1,&,9,&,1,&,9,&,1,&,9,&,1,&,9,&,1,&,9,&,1,&,9,&,1,&,9,&,1,&,9,&,1,&,0.43698443536471104,&,0.8958811142349863,&,0.39148610285788366
monthly visible minutes:KLGA,&,2013,&,13426,&,11540,&,15187,&,13329,&,12527,&,12913,&,13667,&,11153,&,10349,&,12102,&,12634,&,11657,&,
monthly visible minutes:KLGA,&,2014,&,12987,&,10342,&,14021,&,12718,&,11965,&,12063,&,12603,&,11219,&,10234,&,13925,&,11736,&,14565,&,
monthly minutes harvester between states:KLGA,&,2013,&,2099,&,1346,&,1943,&,2055,&,2553,&,2608,&,2959,&,3002,&,2097,&,1548,&,1850,&,1644,&,
monthly minutes harvester between states:KLGA,&,2014,&,1825,&,1427,&,2012,&,2008,&,2277,&,2114,&,2676,&,2529,&,1602,&,2006,&,1997,&,1705,&,
station,&,y_intercept_for_month_1,&,running_average_size_minutes_for_month_1,&,y_intercept_for_month_2,&,running_average_size_minutes_for_month_2,&,y_intercept_for_month_3,&,running_average_size_minutes_for_month_3,&,y_intercept_for_month_4,&,running_average_size_minutes_for_month_4,&,y_intercept_for_month_5,&,running_average_size_minutes_for_month_5,&,y_intercept_for_month_6,&,running_average_size_minutes_for_month_6,&,y_intercept_for_month_7,&,running_average_size_minutes_for_month_7,&,y_intercept_for_month_8,&,running_average_size_minutes_for_month_8,&,y_intercept_for_month_9,&,running_average_size_minutes_for_month_9,&,y_intercept_for_month_10,&,running_average_size_minutes_for_month_10,&,y_intercept_for_month_11,&,running_average_size_minutes_for_month_11,&,y_intercept_for_month_12,&,running_average_size_minutes_for_month_12,&,dNetNorm,&,dMarketBalancePercentage,&,dMarketNetNorm,
results: KLGA,&,9,&,31,&,9,&,91,&,9,&,31,&,9,&,31,&,9,&,31,&,9,&,31,&,9,&,31,&,9,&,31,&,9,&,31,&,9,&,31,&,9,&,61,&,9,&,61,&,0.43063944931673903,&,0.9327901414731039,&,0.4016962328520606
monthly visible minutes:KLGA,&,2013,&,13426,&,11540,&,15187,&,13329,&,12527,&,12913,&,13667,&,11153,&,10349,&,12102,&,12634,&,11657,&,
monthly visible minutes:KLGA,&,2014,&,12987,&,10342,&,14021,&,12718,&,11965,&,12063,&,12603,&,11219,&,10234,&,13925,&,11736,&,14565,&,
monthly minutes harvester between states:KLGA,&,2013,&,2099,&,1346,&,1943,&,2055,&,2553,&,2608,&,2959,&,3002,&,2097,&,1548,&,1850,&,1644,&,
monthly minutes harvester between states:KLGA,&,2014,&,1825,&,1427,&,2012,&,2008,&,2277,&,2114,&,2676,&,2529,&,1602,&,2006,&,1997,&,1705,&,
Station: KMCI
abc: The current path is /home/guy/retractable-wind
I have found the property file.
The training windspeed filename is /trainingKMCI2004-2012in.csv
The testing windspeed filename is /testingKMCI2013-2014in.csv
Yes, the station is KMCI
Warning: The bAlsoUsePrediction no longer has any effect
iUsedAllItsAllocatedVisibilityMinutesPerMonth: 51234
Visibility Allocation Minutes:51234
HARVESTER_SIZE_SQM is 6362
Reading file
Success: /Wind turbine power curves - wind turbine power output against wind speed in knots.csv found.
Speed (Knots) = Speed(knots) vs power (kW) , Power (kW) =V90
Speed (Knots) = 0 , Power (kW) =0
Speed (Knots) = 1 , Power (kW) =0
Speed (Knots) = 2 , Power (kW) =0
Speed (Knots) = 3 , Power (kW) =0
Speed (Knots) = 4 , Power (kW) =0
Speed (Knots) = 5 , Power (kW) =0
Speed (Knots) = 6 , Power (kW) =0
Speed (Knots) = 7 , Power (kW) =38
Speed (Knots) = 8 , Power (kW) =87
Speed (Knots) = 9 , Power (kW) =141
Speed (Knots) = 10 , Power (kW) =207
Speed (Knots) = 11 , Power (kW) =286
Speed (Knots) = 12 , Power (kW) =382
Speed (Knots) = 13 , Power (kW) =496
Speed (Knots) = 14 , Power (kW) =628
Speed (Knots) = 15 , Power (kW) =781
Speed (Knots) = 16 , Power (kW) =957
Speed (Knots) = 17 , Power (kW) =1153
Speed (Knots) = 18 , Power (kW) =1366
Speed (Knots) = 19 , Power (kW) =1589
Speed (Knots) = 20 , Power (kW) =1814
Speed (Knots) = 21 , Power (kW) =2035
Speed (Knots) = 22 , Power (kW) =2250
Speed (Knots) = 23 , Power (kW) =2452
Speed (Knots) = 24 , Power (kW) =2634
Speed (Knots) = 25 , Power (kW) =2784
Speed (Knots) = 26 , Power (kW) =2888
Speed (Knots) = 27 , Power (kW) =2949
Speed (Knots) = 28 , Power (kW) =2980
Speed (Knots) = 29 , Power (kW) =2993
Speed (Knots) = 30 , Power (kW) =3000
Speed (Knots) = 31 , Power (kW) =3000
Speed (Knots) = 32 , Power (kW) =3000
Speed (Knots) = 33 , Power (kW) =3000
Speed (Knots) = 34 , Power (kW) =3000
Speed (Knots) = 35 , Power (kW) =3000
Speed (Knots) = 36 , Power (kW) =3000
Speed (Knots) = 37 , Power (kW) =3000
Speed (Knots) = 38 , Power (kW) =3000
Speed (Knots) = 39 , Power (kW) =3000
Speed (Knots) = 40 , Power (kW) =3000
Speed (Knots) = 41 , Power (kW) =3000
Speed (Knots) = 42 , Power (kW) =3000
Speed (Knots) = 43 , Power (kW) =3000
Speed (Knots) = 44 , Power (kW) =3000
Speed (Knots) = 45 , Power (kW) =3000
Speed (Knots) = 46 , Power (kW) =3000
Speed (Knots) = 47 , Power (kW) =3000
Speed (Knots) = 48 , Power (kW) =3000
Speed (Knots) = 49 , Power (kW) =0
Speed (Knots) = 50 , Power (kW) =0
Speed (Knots) = 51 , Power (kW) =0
Speed (Knots) = 52 , Power (kW) =0
Speed (Knots) = 53 , Power (kW) =0
Speed (Knots) = 54 , Power (kW) =0
Speed (Knots) = 55 , Power (kW) =0
Speed (Knots) = 56 , Power (kW) =0
Speed (Knots) = 57 , Power (kW) =0
Speed (Knots) = 58 , Power (kW) =0
Speed (Knots) = 59 , Power (kW) =0
Speed (Knots) = 60 , Power (kW) =0
The scale is 1.0
Wind power at 10 knots in kilowatts is 207.0
Wind power in-cut-out test 0.0
Aging
Class name:edu.pitt.cs.people.guy.wind.benchmarks.Aging
Success: /Noise_Allowed_Time_Definitions_All_Stations.csv found.
The station is the record is KMCI
Success: /Noise_Allowed_Time_Definitions_All_Stations.csv found.
The station is the record is KMCI
I have found the membership file for NOT WINDY.
Windspeed (knots) [0,1), Membership Value =1.00000000,1.0
Windspeed (knots) [1,2), Membership Value =0.99998869,0.9999887
Windspeed (knots) [2,3), Membership Value =0.99979958,0.9997996
Windspeed (knots) [3,4), Membership Value =0.99865857,0.9986586
Windspeed (knots) [4,5), Membership Value =0.99456780,0.9945678
Windspeed (knots) [5,6), Membership Value =0.98358930,0.9835893
Windspeed (knots) [6,7), Membership Value =0.96225896,0.96225893
Windspeed (knots) [7,8), Membership Value =0.92858650,0.9285865
Windspeed (knots) [8,9), Membership Value =0.88286373,0.8828637
Windspeed (knots) [9,10), Membership Value =0.82564946,0.82564944
Windspeed (knots) [10,11), Membership Value =0.75649507,0.75649506
Windspeed (knots) [11,12), Membership Value =0.67417317,0.6741732
Windspeed (knots) [12,13), Membership Value =0.58863346,0.5886335
Windspeed (knots) [13,14), Membership Value =0.49694818,0.49694818
Windspeed (knots) [14,15), Membership Value =0.40225520,0.4022552
Windspeed (knots) [15,16), Membership Value =0.30951428,0.30951428
Windspeed (knots) [16,17), Membership Value =0.22003528,0.22003528
Windspeed (knots) [17,18), Membership Value =0.13671631,0.1367163
Windspeed (knots) [18,19), Membership Value =0.06034575,0.06034575
Windspeed (knots) [19,20), Membership Value =0.00000000,0.0
Windspeed (knots) [20,21), Membership Value =0.00000000,0.0
Windspeed (knots) [21,22), Membership Value =0.00000000,0.0
Windspeed (knots) [22,23), Membership Value =0.00000000,0.0
Windspeed (knots) [23,24), Membership Value =0.00000000,0.0
Windspeed (knots) [24,25), Membership Value =0.00000000,0.0
Windspeed (knots) [25,26), Membership Value =0.00000000,0.0
Windspeed (knots) [26,27), Membership Value =0.00000000,0.0
Windspeed (knots) [27,28), Membership Value =0.00000000,0.0
Windspeed (knots) [28,29), Membership Value =0.00000000,0.0
Windspeed (knots) [29,30), Membership Value =0.00000000,0.0
Windspeed (knots) [30,31), Membership Value =0.00000000,0.0
Windspeed (knots) [31,32), Membership Value =0.00000000,0.0
Windspeed (knots) [32,33), Membership Value =0.00000000,0.0
Windspeed (knots) [33,34), Membership Value =0.00000000,0.0
Windspeed (knots) [34,35), Membership Value =0.00000000,0.0
Windspeed (knots) [35,36), Membership Value =0.00000000,0.0
Windspeed (knots) [36,37), Membership Value =0.00000000,0.0
Windspeed (knots) [37,38), Membership Value =0.00000000,0.0
Windspeed (knots) [38,39), Membership Value =0.00000000,0.0
Windspeed (knots) [39,40), Membership Value =0.00000000,0.0
Windspeed (knots) [40,41), Membership Value =0.00000000,0.0
Windspeed (knots) [41,42), Membership Value =0.00000000,0.0
Windspeed (knots) [42,43), Membership Value =0.00000000,0.0
Windspeed (knots) [43,44), Membership Value =0.00000000,0.0
Windspeed (knots) [44,45), Membership Value =0.00000000,0.0
Windspeed (knots) [45,46), Membership Value =0.00000000,0.0
Windspeed (knots) [46,47), Membership Value =0.00000000,0.0
Windspeed (knots) [47,48), Membership Value =0.00000000,0.0
Windspeed (knots) [48,49), Membership Value =0.00000000,0.0
Windspeed (knots) [49,50), Membership Value =0.00000000,0.0
Windspeed (knots) [50,51), Membership Value =0.00000000,0.0
Windspeed (knots) [51,52), Membership Value =0.00000000,0.0
Windspeed (knots) [52,53), Membership Value =0.00000000,0.0
Windspeed (knots) [53,54), Membership Value =0.00000000,0.0
Windspeed (knots) [54,55), Membership Value =0.00000000,0.0
Windspeed (knots) [55,56), Membership Value =0.00000000,0.0
Windspeed (knots) [56,57), Membership Value =0.00000000,0.0
Windspeed (knots) [57,58), Membership Value =0.00000000,0.0
Windspeed (knots) [58,59), Membership Value =0.00000000,0.0
Windspeed (knots) [59,60), Membership Value =0.00000000,0.0
Windspeed (knots) [60,61), Membership Value =0.00000000,0.0
Windspeed (knots) [61,62), Membership Value =0.00000000,0.0
Windspeed (knots) [62,63), Membership Value =0.00000000,0.0
Windspeed (knots) [63,64), Membership Value =0.00000000,0.0
Windspeed (knots) [64,65), Membership Value =0.00000000,0.0
Windspeed (knots) [65,66), Membership Value =0.00000000,0.0
Windspeed (knots) [66,67), Membership Value =0.00000000,0.0
Windspeed (knots) [67,68), Membership Value =0.00000000,0.0
Windspeed (knots) [68,69), Membership Value =0.00000000,0.0
Windspeed (knots) [69,70), Membership Value =0.00000000,0.0
Windspeed (knots) [70,71), Membership Value =0.00000000,0.0
Windspeed (knots) [71,72), Membership Value =0.00000000,0.0
Windspeed (knots) [72,73), Membership Value =0.00000000,0.0
Windspeed (knots) [73,74), Membership Value =0.00000000,0.0
Windspeed (knots) [74,75), Membership Value =0.00000000,0.0
Windspeed (knots) [75,76), Membership Value =0.00000000,0.0
Windspeed (knots) [76,77), Membership Value =0.00000000,0.0
Windspeed (knots) [77,78), Membership Value =0.00000000,0.0
Windspeed (knots) [78,79), Membership Value =0.00000000,0.0
Windspeed (knots) [79,80), Membership Value =0.00000000,0.0
Windspeed (knots) [80,81), Membership Value =0.00000000,0.0
Windspeed (knots) [81,82), Membership Value =0.00000000,0.0
Windspeed (knots) [82,83), Membership Value =0.00000000,0.0
Windspeed (knots) [83,84), Membership Value =0.00000000,0.0
Windspeed (knots) [84,85), Membership Value =0.00000000,0.0
Windspeed (knots) [85,86), Membership Value =0.00000000,0.0
Windspeed (knots) [86,87), Membership Value =0.00000000,0.0
Windspeed (knots) [87,88), Membership Value =0.00000000,0.0
Windspeed (knots) [88,89), Membership Value =0.00000000,0.0
Windspeed (knots) [89,90), Membership Value =0.00000000,0.0
Windspeed (knots) [90,91), Membership Value =0.00000000,0.0
Windspeed (knots) [91,92), Membership Value =0.00000000,0.0
Windspeed (knots) [92,93), Membership Value =0.00000000,0.0
Windspeed (knots) [93,94), Membership Value =0.00000000,0.0
Windspeed (knots) [94,95), Membership Value =0.00000000,0.0
Windspeed (knots) [95,96), Membership Value =0.00000000,0.0
Windspeed (knots) [96,97), Membership Value =0.00000000,0.0
Windspeed (knots) [97,98), Membership Value =0.00000000,0.0
Windspeed (knots) [98,99), Membership Value =0.00000000,0.0
Windspeed (knots) [99,100), Membership Value =0.00000000,0.0
Windspeed (knots) [100,101), Membership Value =0.00000000,0.0
Windspeed (knots) [101,102), Membership Value =0.00000000,0.0
Windspeed (knots) [102,103), Membership Value =0.00000000,0.0
Windspeed (knots) [103,104), Membership Value =0.00000000,0.0
Windspeed (knots) [104,105), Membership Value =0.00000000,0.0
Windspeed (knots) [105,106), Membership Value =0.00000000,0.0
Windspeed (knots) [106,107), Membership Value =0.00000000,0.0
Windspeed (knots) [107,108), Membership Value =0.00000000,0.0
Windspeed (knots) [108,109), Membership Value =0.00000000,0.0
Windspeed (knots) [109,110), Membership Value =0.00000000,0.0
Windspeed (knots) [110,111), Membership Value =0.00000000,0.0
Windspeed (knots) [111,112), Membership Value =0.00000000,0.0
Windspeed (knots) [112,113), Membership Value =0.00000000,0.0
Windspeed (knots) [113,114), Membership Value =0.00000000,0.0
Windspeed (knots) [114,115), Membership Value =0.00000000,0.0
Windspeed (knots) [115,116), Membership Value =0.00000000,0.0
Windspeed (knots) [116,117), Membership Value =0.00000000,0.0
Windspeed (knots) [117,118), Membership Value =0.00000000,0.0
Windspeed (knots) [118,119), Membership Value =0.00000000,0.0
Windspeed (knots) [119,120), Membership Value =0.00000000,0.0
Windspeed (knots) [120,121), Membership Value =0.00000000,0.0
Windspeed (knots) [121,122), Membership Value =0.00000000,0.0
Windspeed (knots) [122,123), Membership Value =0.00000000,0.0
Windspeed (knots) [123,124), Membership Value =0.00000000,0.0
Windspeed (knots) [124,125), Membership Value =0.00000000,0.0
LowestWindspeedThatIsWindyKnots for station KMCI is 8 knots.
Transition limited :false
bUseWeatherPrediction: true
The running average is 1
The y-int is 8
Energy harvested: 1.4317570836403914E7
iGeneratingEnergyWhenGridNeedsEnergyMinutes =1769846
iGeneratingEnergyWhenGridNeedsEnergyMinutes =1769846
iUsingEnergyWhenGridNeedsEnergyMinutes =100126
iGeneratingEnergyWhenGridHasExcessEnergyMinutes = 4252
iUsingEnergyWhenGridHasExcessEnergyMinutes = 310
iIdleWhenGridDoesNotNeedEnergyMinutes = 41518
iIdleWhenGridNeedsEnergyMinutes = 2818427
iEnergyPriceIsZeroMinutes = 240
harvester.getEnergyHarvestedAVAILABLEKilowattHours( ): 2.116693805E7
harvester.getEnergyHarvestedKilowattHours(): 1.4317570836403914E7
The y-int is 18
Energy harvested: 1549594.0666666667
iGeneratingEnergyWhenGridNeedsEnergyMinutes =45778
iGeneratingEnergyWhenGridNeedsEnergyMinutes =45778
iUsingEnergyWhenGridNeedsEnergyMinutes =1
iGeneratingEnergyWhenGridHasExcessEnergyMinutes = 350
iUsingEnergyWhenGridHasExcessEnergyMinutes = 0
iIdleWhenGridDoesNotNeedEnergyMinutes = 45730
iIdleWhenGridNeedsEnergyMinutes = 4642620
iEnergyPriceIsZeroMinutes = 240
harvester.getEnergyHarvestedAVAILABLEKilowattHours( ): 2.116693805E7
harvester.getEnergyHarvestedKilowattHours(): 1549594.0666666667
The y-int is 28
Energy harvested: 10449.216666666667
iGeneratingEnergyWhenGridNeedsEnergyMinutes =212
iGeneratingEnergyWhenGridNeedsEnergyMinutes =212
iUsingEnergyWhenGridNeedsEnergyMinutes =1
iGeneratingEnergyWhenGridHasExcessEnergyMinutes = 0
iUsingEnergyWhenGridHasExcessEnergyMinutes = 0
iIdleWhenGridDoesNotNeedEnergyMinutes = 46080
iIdleWhenGridNeedsEnergyMinutes = 4688186
iEnergyPriceIsZeroMinutes = 240
harvester.getEnergyHarvestedAVAILABLEKilowattHours( ): 2.116693805E7
harvester.getEnergyHarvestedKilowattHours(): 10449.216666666667
The y-int is 38
Energy harvested: 0.0
iGeneratingEnergyWhenGridNeedsEnergyMinutes =0
iGeneratingEnergyWhenGridNeedsEnergyMinutes =0
iUsingEnergyWhenGridNeedsEnergyMinutes =1
iGeneratingEnergyWhenGridHasExcessEnergyMinutes = 0
iUsingEnergyWhenGridHasExcessEnergyMinutes = 0
iIdleWhenGridDoesNotNeedEnergyMinutes = 46080
iIdleWhenGridNeedsEnergyMinutes = 4688398
iEnergyPriceIsZeroMinutes = 240
harvester.getEnergyHarvestedAVAILABLEKilowattHours( ): 2.116693805E7
harvester.getEnergyHarvestedKilowattHours(): 0.0
The running average is 31
The y-int is 8
Energy harvested: 1.4233171773064466E7
iGeneratingEnergyWhenGridNeedsEnergyMinutes =1737776
iGeneratingEnergyWhenGridNeedsEnergyMinutes =1737776
iUsingEnergyWhenGridNeedsEnergyMinutes =60361
iGeneratingEnergyWhenGridHasExcessEnergyMinutes = 4090
iUsingEnergyWhenGridHasExcessEnergyMinutes = 278
iIdleWhenGridDoesNotNeedEnergyMinutes = 41712
iIdleWhenGridNeedsEnergyMinutes = 2890262
iEnergyPriceIsZeroMinutes = 240
harvester.getEnergyHarvestedAVAILABLEKilowattHours( ): 2.116693805E7
harvester.getEnergyHarvestedKilowattHours(): 1.4233171773064466E7
The y-int is 18
Energy harvested: 1654018.9513888923
iGeneratingEnergyWhenGridNeedsEnergyMinutes =52860
iGeneratingEnergyWhenGridNeedsEnergyMinutes =52860
iUsingEnergyWhenGridNeedsEnergyMinutes =218
iGeneratingEnergyWhenGridHasExcessEnergyMinutes = 446
iUsingEnergyWhenGridHasExcessEnergyMinutes = 0
iIdleWhenGridDoesNotNeedEnergyMinutes = 45634
iIdleWhenGridNeedsEnergyMinutes = 4635321
iEnergyPriceIsZeroMinutes = 240
harvester.getEnergyHarvestedAVAILABLEKilowattHours( ): 2.116693805E7
harvester.getEnergyHarvestedKilowattHours(): 1654018.9513888923
The y-int is 28
Energy harvested: 13457.733333333334
iGeneratingEnergyWhenGridNeedsEnergyMinutes =288
iGeneratingEnergyWhenGridNeedsEnergyMinutes =288
iUsingEnergyWhenGridNeedsEnergyMinutes =1
iGeneratingEnergyWhenGridHasExcessEnergyMinutes = 0
iUsingEnergyWhenGridHasExcessEnergyMinutes = 0
iIdleWhenGridDoesNotNeedEnergyMinutes = 46080
iIdleWhenGridNeedsEnergyMinutes = 4688110
iEnergyPriceIsZeroMinutes = 240
harvester.getEnergyHarvestedAVAILABLEKilowattHours( ): 2.116693805E7
harvester.getEnergyHarvestedKilowattHours(): 13457.733333333334
The y-int is 38
Energy harvested: 0.0
iGeneratingEnergyWhenGridNeedsEnergyMinutes =0
iGeneratingEnergyWhenGridNeedsEnergyMinutes =0
iUsingEnergyWhenGridNeedsEnergyMinutes =1
iGeneratingEnergyWhenGridHasExcessEnergyMinutes = 0
iUsingEnergyWhenGridHasExcessEnergyMinutes = 0
iIdleWhenGridDoesNotNeedEnergyMinutes = 46080
iIdleWhenGridNeedsEnergyMinutes = 4688398
iEnergyPriceIsZeroMinutes = 240
harvester.getEnergyHarvestedAVAILABLEKilowattHours( ): 2.116693805E7
harvester.getEnergyHarvestedKilowattHours(): 0.0
The running average is 61
The y-int is 8
Energy harvested: 1.4152018413063502E7
iGeneratingEnergyWhenGridNeedsEnergyMinutes =1711401
iGeneratingEnergyWhenGridNeedsEnergyMinutes =1711401
iUsingEnergyWhenGridNeedsEnergyMinutes =54225
iGeneratingEnergyWhenGridHasExcessEnergyMinutes = 4016
iUsingEnergyWhenGridHasExcessEnergyMinutes = 266
iIdleWhenGridDoesNotNeedEnergyMinutes = 41798
iIdleWhenGridNeedsEnergyMinutes = 2922773
iEnergyPriceIsZeroMinutes = 240
harvester.getEnergyHarvestedAVAILABLEKilowattHours( ): 2.116693805E7
harvester.getEnergyHarvestedKilowattHours(): 1.4152018413063502E7
The y-int is 18
Energy harvested: 1562456.7280555568
iGeneratingEnergyWhenGridNeedsEnergyMinutes =50612
iGeneratingEnergyWhenGridNeedsEnergyMinutes =50612
iUsingEnergyWhenGridNeedsEnergyMinutes =72
iGeneratingEnergyWhenGridHasExcessEnergyMinutes = 452
iUsingEnergyWhenGridHasExcessEnergyMinutes = 0
iIdleWhenGridDoesNotNeedEnergyMinutes = 45628
iIdleWhenGridNeedsEnergyMinutes = 4637715
iEnergyPriceIsZeroMinutes = 240
harvester.getEnergyHarvestedAVAILABLEKilowattHours( ): 2.116693805E7
harvester.getEnergyHarvestedKilowattHours(): 1562456.7280555568
The y-int is 28
Energy harvested: 8104.6
iGeneratingEnergyWhenGridNeedsEnergyMinutes =182
iGeneratingEnergyWhenGridNeedsEnergyMinutes =182
iUsingEnergyWhenGridNeedsEnergyMinutes =1
iGeneratingEnergyWhenGridHasExcessEnergyMinutes = 0
iUsingEnergyWhenGridHasExcessEnergyMinutes = 0
iIdleWhenGridDoesNotNeedEnergyMinutes = 46080
iIdleWhenGridNeedsEnergyMinutes = 4688216
iEnergyPriceIsZeroMinutes = 240
harvester.getEnergyHarvestedAVAILABLEKilowattHours( ): 2.116693805E7
harvester.getEnergyHarvestedKilowattHours(): 8104.6
The y-int is 38
Energy harvested: 0.0
iGeneratingEnergyWhenGridNeedsEnergyMinutes =0
iGeneratingEnergyWhenGridNeedsEnergyMinutes =0
iUsingEnergyWhenGridNeedsEnergyMinutes =1
iGeneratingEnergyWhenGridHasExcessEnergyMinutes = 0
iUsingEnergyWhenGridHasExcessEnergyMinutes = 0
iIdleWhenGridDoesNotNeedEnergyMinutes = 46080
iIdleWhenGridNeedsEnergyMinutes = 4688398
iEnergyPriceIsZeroMinutes = 240
harvester.getEnergyHarvestedAVAILABLEKilowattHours( ): 2.116693805E7
harvester.getEnergyHarvestedKilowattHours(): 0.0
The running average is 91
The y-int is 8
Energy harvested: 1.407740199834079E7
iGeneratingEnergyWhenGridNeedsEnergyMinutes =1687050
iGeneratingEnergyWhenGridNeedsEnergyMinutes =1687050
iUsingEnergyWhenGridNeedsEnergyMinutes =51271
iGeneratingEnergyWhenGridHasExcessEnergyMinutes = 3991
iUsingEnergyWhenGridHasExcessEnergyMinutes = 227
iIdleWhenGridDoesNotNeedEnergyMinutes = 41862
iIdleWhenGridNeedsEnergyMinutes = 2950078
iEnergyPriceIsZeroMinutes = 240
harvester.getEnergyHarvestedAVAILABLEKilowattHours( ): 2.116693805E7
harvester.getEnergyHarvestedKilowattHours(): 1.407740199834079E7
The y-int is 18
Energy harvested: 1446642.5044444448
iGeneratingEnergyWhenGridNeedsEnergyMinutes =47327
iGeneratingEnergyWhenGridNeedsEnergyMinutes =47327
iUsingEnergyWhenGridNeedsEnergyMinutes =43
iGeneratingEnergyWhenGridHasExcessEnergyMinutes = 470
iUsingEnergyWhenGridHasExcessEnergyMinutes = 0
iIdleWhenGridDoesNotNeedEnergyMinutes = 45610
iIdleWhenGridNeedsEnergyMinutes = 4641029
iEnergyPriceIsZeroMinutes = 240
harvester.getEnergyHarvestedAVAILABLEKilowattHours( ): 2.116693805E7
harvester.getEnergyHarvestedKilowattHours(): 1446642.5044444448
The y-int is 28
Energy harvested: 3226.5
iGeneratingEnergyWhenGridNeedsEnergyMinutes =72
iGeneratingEnergyWhenGridNeedsEnergyMinutes =72
iUsingEnergyWhenGridNeedsEnergyMinutes =1
iGeneratingEnergyWhenGridHasExcessEnergyMinutes = 0
iUsingEnergyWhenGridHasExcessEnergyMinutes = 0
iIdleWhenGridDoesNotNeedEnergyMinutes = 46080
iIdleWhenGridNeedsEnergyMinutes = 4688326
iEnergyPriceIsZeroMinutes = 240
harvester.getEnergyHarvestedAVAILABLEKilowattHours( ): 2.116693805E7
harvester.getEnergyHarvestedKilowattHours(): 3226.5
The y-int is 38
Energy harvested: 0.0
iGeneratingEnergyWhenGridNeedsEnergyMinutes =0
iGeneratingEnergyWhenGridNeedsEnergyMinutes =0
iUsingEnergyWhenGridNeedsEnergyMinutes =1
iGeneratingEnergyWhenGridHasExcessEnergyMinutes = 0
iUsingEnergyWhenGridHasExcessEnergyMinutes = 0
iIdleWhenGridDoesNotNeedEnergyMinutes = 46080
iIdleWhenGridNeedsEnergyMinutes = 4688398
iEnergyPriceIsZeroMinutes = 240
harvester.getEnergyHarvestedAVAILABLEKilowattHours( ): 2.116693805E7
harvester.getEnergyHarvestedKilowattHours(): 0.0
The running average is 121
The y-int is 8
Energy harvested: 1.400382995945149E7
iGeneratingEnergyWhenGridNeedsEnergyMinutes =1662998
iGeneratingEnergyWhenGridNeedsEnergyMinutes =1662998
iUsingEnergyWhenGridNeedsEnergyMinutes =48941
iGeneratingEnergyWhenGridHasExcessEnergyMinutes = 4005
iUsingEnergyWhenGridHasExcessEnergyMinutes = 219
iIdleWhenGridDoesNotNeedEnergyMinutes = 41856
iIdleWhenGridNeedsEnergyMinutes = 2976460
iEnergyPriceIsZeroMinutes = 240
harvester.getEnergyHarvestedAVAILABLEKilowattHours( ): 2.116693805E7
harvester.getEnergyHarvestedKilowattHours(): 1.400382995945149E7
The y-int is 18
Energy harvested: 1361336.685555556
iGeneratingEnergyWhenGridNeedsEnergyMinutes =44811
iGeneratingEnergyWhenGridNeedsEnergyMinutes =44811
iUsingEnergyWhenGridNeedsEnergyMinutes =46
iGeneratingEnergyWhenGridHasExcessEnergyMinutes = 498
iUsingEnergyWhenGridHasExcessEnergyMinutes = 0
iIdleWhenGridDoesNotNeedEnergyMinutes = 45582
iIdleWhenGridNeedsEnergyMinutes = 4643542
iEnergyPriceIsZeroMinutes = 240
harvester.getEnergyHarvestedAVAILABLEKilowattHours( ): 2.116693805E7
harvester.getEnergyHarvestedKilowattHours(): 1361336.685555556
The y-int is 28
Energy harvested: 4118.683333333333
iGeneratingEnergyWhenGridNeedsEnergyMinutes =94
iGeneratingEnergyWhenGridNeedsEnergyMinutes =94
iUsingEnergyWhenGridNeedsEnergyMinutes =1
iGeneratingEnergyWhenGridHasExcessEnergyMinutes = 0
iUsingEnergyWhenGridHasExcessEnergyMinutes = 0
iIdleWhenGridDoesNotNeedEnergyMinutes = 46080
iIdleWhenGridNeedsEnergyMinutes = 4688304
iEnergyPriceIsZeroMinutes = 240
harvester.getEnergyHarvestedAVAILABLEKilowattHours( ): 2.116693805E7
harvester.getEnergyHarvestedKilowattHours(): 4118.683333333333
The y-int is 38
Energy harvested: 0.0
iGeneratingEnergyWhenGridNeedsEnergyMinutes =0
iGeneratingEnergyWhenGridNeedsEnergyMinutes =0
iUsingEnergyWhenGridNeedsEnergyMinutes =1
iGeneratingEnergyWhenGridHasExcessEnergyMinutes = 0
iUsingEnergyWhenGridHasExcessEnergyMinutes = 0
iIdleWhenGridDoesNotNeedEnergyMinutes = 46080
iIdleWhenGridNeedsEnergyMinutes = 4688398
iEnergyPriceIsZeroMinutes = 240
harvester.getEnergyHarvestedAVAILABLEKilowattHours( ): 2.116693805E7
harvester.getEnergyHarvestedKilowattHours(): 0.0
Beginning testing mode:
station,&,y_intercept_for_month_1,&,running_average_size_minutes_for_month_1,&,y_intercept_for_month_2,&,running_average_size_minutes_for_month_2,&,y_intercept_for_month_3,&,running_average_size_minutes_for_month_3,&,y_intercept_for_month_4,&,running_average_size_minutes_for_month_4,&,y_intercept_for_month_5,&,running_average_size_minutes_for_month_5,&,y_intercept_for_month_6,&,running_average_size_minutes_for_month_6,&,y_intercept_for_month_7,&,running_average_size_minutes_for_month_7,&,y_intercept_for_month_8,&,running_average_size_minutes_for_month_8,&,y_intercept_for_month_9,&,running_average_size_minutes_for_month_9,&,y_intercept_for_month_10,&,running_average_size_minutes_for_month_10,&,y_intercept_for_month_11,&,running_average_size_minutes_for_month_11,&,y_intercept_for_month_12,&,running_average_size_minutes_for_month_12,&,dNetNorm,&,dMarketBalancePercentage,&,dMarketNetNorm,
results: KMCI,&,8,&,1,&,8,&,31,&,8,&,1,&,8,&,1,&,8,&,1,&,8,&,1,&,8,&,1,&,8,&,1,&,8,&,1,&,8,&,1,&,8,&,1,&,8,&,1,&,0.6764235737346163,&,0.9370062762493512,&,0.6338131339923512
monthly visible minutes:KMCI,&,2013,&,19482,&,19415,&,24439,&,25278,&,24208,&,23812,&,24637,&,23276,&,22442,&,25611,&,24281,&,24697,&,
monthly visible minutes:KMCI,&,2014,&,26659,&,17994,&,20625,&,20722,&,19572,&,17903,&,15747,&,14859,&,15386,&,16385,&,19803,&,16721,&,
monthly minutes harvester between states:KMCI,&,2013,&,1482,&,1178,&,1818,&,1549,&,1716,&,2004,&,2473,&,2580,&,1692,&,1535,&,1581,&,1520,&,
monthly minutes harvester between states:KMCI,&,2014,&,1351,&,1140,&,1898,&,2177,&,2228,&,2124,&,1885,&,2303,&,1804,&,2045,&,1370,&,1625,&,
station,&,y_intercept_for_month_1,&,running_average_size_minutes_for_month_1,&,y_intercept_for_month_2,&,running_average_size_minutes_for_month_2,&,y_intercept_for_month_3,&,running_average_size_minutes_for_month_3,&,y_intercept_for_month_4,&,running_average_size_minutes_for_month_4,&,y_intercept_for_month_5,&,running_average_size_minutes_for_month_5,&,y_intercept_for_month_6,&,running_average_size_minutes_for_month_6,&,y_intercept_for_month_7,&,running_average_size_minutes_for_month_7,&,y_intercept_for_month_8,&,running_average_size_minutes_for_month_8,&,y_intercept_for_month_9,&,running_average_size_minutes_for_month_9,&,y_intercept_for_month_10,&,running_average_size_minutes_for_month_10,&,y_intercept_for_month_11,&,running_average_size_minutes_for_month_11,&,y_intercept_for_month_12,&,running_average_size_minutes_for_month_12,&,dNetNorm,&,dMarketBalancePercentage,&,dMarketNetNorm,
results: KMCI,&,8,&,1,&,8,&,31,&,8,&,31,&,8,&,121,&,8,&,91,&,8,&,61,&,8,&,31,&,8,&,31,&,8,&,31,&,8,&,31,&,8,&,31,&,8,&,61,&,0.6719887951792096,&,0.9493514697315673,&,0.6379535503465278
monthly visible minutes:KMCI,&,2013,&,19482,&,19415,&,24439,&,25278,&,24208,&,23812,&,24637,&,23276,&,22442,&,25611,&,24281,&,24697,&,
monthly visible minutes:KMCI,&,2014,&,26659,&,17994,&,20625,&,20722,&,19572,&,17903,&,15747,&,14859,&,15386,&,16385,&,19803,&,16721,&,
monthly minutes harvester between states:KMCI,&,2013,&,1482,&,1178,&,1818,&,1549,&,1716,&,2004,&,2473,&,2580,&,1692,&,1535,&,1581,&,1520,&,
monthly minutes harvester between states:KMCI,&,2014,&,1351,&,1140,&,1898,&,2177,&,2228,&,2124,&,1885,&,2303,&,1804,&,2045,&,1370,&,1625,&,
Station: KMCO
abc: The current path is /home/guy/retractable-wind
I have found the property file.
The training windspeed filename is /trainingKMCO2004-2012in.csv
The testing windspeed filename is /testingKMCO2013-2014in.csv
Yes, the station is KMCO
Warning: The bAlsoUsePrediction no longer has any effect
iUsedAllItsAllocatedVisibilityMinutesPerMonth: 51234
Visibility Allocation Minutes:51234
HARVESTER_SIZE_SQM is 6362
Reading file
Success: /Wind turbine power curves - wind turbine power output against wind speed in knots.csv found.
Speed (Knots) = Speed(knots) vs power (kW) , Power (kW) =V90
Speed (Knots) = 0 , Power (kW) =0
Speed (Knots) = 1 , Power (kW) =0
Speed (Knots) = 2 , Power (kW) =0
Speed (Knots) = 3 , Power (kW) =0
Speed (Knots) = 4 , Power (kW) =0
Speed (Knots) = 5 , Power (kW) =0
Speed (Knots) = 6 , Power (kW) =0
Speed (Knots) = 7 , Power (kW) =38
Speed (Knots) = 8 , Power (kW) =87
Speed (Knots) = 9 , Power (kW) =141
Speed (Knots) = 10 , Power (kW) =207
Speed (Knots) = 11 , Power (kW) =286
Speed (Knots) = 12 , Power (kW) =382
Speed (Knots) = 13 , Power (kW) =496
Speed (Knots) = 14 , Power (kW) =628
Speed (Knots) = 15 , Power (kW) =781
Speed (Knots) = 16 , Power (kW) =957
Speed (Knots) = 17 , Power (kW) =1153
Speed (Knots) = 18 , Power (kW) =1366
Speed (Knots) = 19 , Power (kW) =1589
Speed (Knots) = 20 , Power (kW) =1814
Speed (Knots) = 21 , Power (kW) =2035
Speed (Knots) = 22 , Power (kW) =2250
Speed (Knots) = 23 , Power (kW) =2452
Speed (Knots) = 24 , Power (kW) =2634
Speed (Knots) = 25 , Power (kW) =2784
Speed (Knots) = 26 , Power (kW) =2888
Speed (Knots) = 27 , Power (kW) =2949
Speed (Knots) = 28 , Power (kW) =2980
Speed (Knots) = 29 , Power (kW) =2993
Speed (Knots) = 30 , Power (kW) =3000
Speed (Knots) = 31 , Power (kW) =3000
Speed (Knots) = 32 , Power (kW) =3000
Speed (Knots) = 33 , Power (kW) =3000
Speed (Knots) = 34 , Power (kW) =3000
Speed (Knots) = 35 , Power (kW) =3000
Speed (Knots) = 36 , Power (kW) =3000
Speed (Knots) = 37 , Power (kW) =3000
Speed (Knots) = 38 , Power (kW) =3000
Speed (Knots) = 39 , Power (kW) =3000
Speed (Knots) = 40 , Power (kW) =3000
Speed (Knots) = 41 , Power (kW) =3000
Speed (Knots) = 42 , Power (kW) =3000
Speed (Knots) = 43 , Power (kW) =3000
Speed (Knots) = 44 , Power (kW) =3000
Speed (Knots) = 45 , Power (kW) =3000
Speed (Knots) = 46 , Power (kW) =3000
Speed (Knots) = 47 , Power (kW) =3000
Speed (Knots) = 48 , Power (kW) =3000
Speed (Knots) = 49 , Power (kW) =0
Speed (Knots) = 50 , Power (kW) =0
Speed (Knots) = 51 , Power (kW) =0
Speed (Knots) = 52 , Power (kW) =0
Speed (Knots) = 53 , Power (kW) =0
Speed (Knots) = 54 , Power (kW) =0
Speed (Knots) = 55 , Power (kW) =0
Speed (Knots) = 56 , Power (kW) =0
Speed (Knots) = 57 , Power (kW) =0
Speed (Knots) = 58 , Power (kW) =0
Speed (Knots) = 59 , Power (kW) =0
Speed (Knots) = 60 , Power (kW) =0
The scale is 1.0
Wind power at 10 knots in kilowatts is 207.0
Wind power in-cut-out test 0.0
Aging
Class name:edu.pitt.cs.people.guy.wind.benchmarks.Aging
Success: /Noise_Allowed_Time_Definitions_All_Stations.csv found.
The station is the record is KMCO
Success: /Noise_Allowed_Time_Definitions_All_Stations.csv found.
The station is the record is KMCO
I have found the membership file for NOT WINDY.
Windspeed (knots) [0,1), Membership Value =1.00000000,1.0
Windspeed (knots) [1,2), Membership Value =0.99991557,0.99991554
Windspeed (knots) [2,3), Membership Value =0.99877776,0.99877775
Windspeed (knots) [3,4), Membership Value =0.99366158,0.9936616
Windspeed (knots) [4,5), Membership Value =0.98013438,0.98013437
Windspeed (knots) [5,6), Membership Value =0.95466408,0.95466405
Windspeed (knots) [6,7), Membership Value =0.91365205,0.91365206
Windspeed (knots) [7,8), Membership Value =0.85799935,0.8579993
Windspeed (knots) [8,9), Membership Value =0.78919330,0.7891933
Windspeed (knots) [9,10), Membership Value =0.70626895,0.70626897
Windspeed (knots) [10,11), Membership Value =0.61206291,0.61206293
Windspeed (knots) [11,12), Membership Value =0.50791684,0.50791687
Windspeed (knots) [12,13), Membership Value =0.39947380,0.3994738
Windspeed (knots) [13,14), Membership Value =0.29446937,0.29446936
Windspeed (knots) [14,15), Membership Value =0.19709812,0.19709812
Windspeed (knots) [15,16), Membership Value =0.11167400,0.111674
Windspeed (knots) [16,17), Membership Value =0.03908221,0.03908221
Windspeed (knots) [17,18), Membership Value =0.00000000,0.0
Windspeed (knots) [18,19), Membership Value =0.00000000,0.0
Windspeed (knots) [19,20), Membership Value =0.00000000,0.0
Windspeed (knots) [20,21), Membership Value =0.00000000,0.0
Windspeed (knots) [21,22), Membership Value =0.00000000,0.0
Windspeed (knots) [22,23), Membership Value =0.00000000,0.0
Windspeed (knots) [23,24), Membership Value =0.00000000,0.0
Windspeed (knots) [24,25), Membership Value =0.00000000,0.0
Windspeed (knots) [25,26), Membership Value =0.00000000,0.0
Windspeed (knots) [26,27), Membership Value =0.00000000,0.0
Windspeed (knots) [27,28), Membership Value =0.00000000,0.0
Windspeed (knots) [28,29), Membership Value =0.00000000,0.0
Windspeed (knots) [29,30), Membership Value =0.00000000,0.0
Windspeed (knots) [30,31), Membership Value =0.00000000,0.0
Windspeed (knots) [31,32), Membership Value =0.00000000,0.0
Windspeed (knots) [32,33), Membership Value =0.00000000,0.0
Windspeed (knots) [33,34), Membership Value =0.00000000,0.0
Windspeed (knots) [34,35), Membership Value =0.00000000,0.0
Windspeed (knots) [35,36), Membership Value =0.00000000,0.0
Windspeed (knots) [36,37), Membership Value =0.00000000,0.0
Windspeed (knots) [37,38), Membership Value =0.00000000,0.0
Windspeed (knots) [38,39), Membership Value =0.00000000,0.0
Windspeed (knots) [39,40), Membership Value =0.00000000,0.0
Windspeed (knots) [40,41), Membership Value =0.00000000,0.0
Windspeed (knots) [41,42), Membership Value =0.00000000,0.0
Windspeed (knots) [42,43), Membership Value =0.00000000,0.0
Windspeed (knots) [43,44), Membership Value =0.00000000,0.0
Windspeed (knots) [44,45), Membership Value =0.00000000,0.0
Windspeed (knots) [45,46), Membership Value =0.00000000,0.0
Windspeed (knots) [46,47), Membership Value =0.00000000,0.0
Windspeed (knots) [47,48), Membership Value =0.00000000,0.0
Windspeed (knots) [48,49), Membership Value =0.00000000,0.0
Windspeed (knots) [49,50), Membership Value =0.00000000,0.0
Windspeed (knots) [50,51), Membership Value =0.00000000,0.0
Windspeed (knots) [51,52), Membership Value =0.00000000,0.0
Windspeed (knots) [52,53), Membership Value =0.00000000,0.0
Windspeed (knots) [53,54), Membership Value =0.00000000,0.0
Windspeed (knots) [54,55), Membership Value =0.00000000,0.0
Windspeed (knots) [55,56), Membership Value =0.00000000,0.0
Windspeed (knots) [56,57), Membership Value =0.00000000,0.0
Windspeed (knots) [57,58), Membership Value =0.00000000,0.0
Windspeed (knots) [58,59), Membership Value =0.00000000,0.0
Windspeed (knots) [59,60), Membership Value =0.00000000,0.0
Windspeed (knots) [60,61), Membership Value =0.00000000,0.0
Windspeed (knots) [61,62), Membership Value =0.00000000,0.0
Windspeed (knots) [62,63), Membership Value =0.00000000,0.0
Windspeed (knots) [63,64), Membership Value =0.00000000,0.0
Windspeed (knots) [64,65), Membership Value =0.00000000,0.0
Windspeed (knots) [65,66), Membership Value =0.00000000,0.0
Windspeed (knots) [66,67), Membership Value =0.00000000,0.0
Windspeed (knots) [67,68), Membership Value =0.00000000,0.0
Windspeed (knots) [68,69), Membership Value =0.00000000,0.0
Windspeed (knots) [69,70), Membership Value =0.00000000,0.0
Windspeed (knots) [70,71), Membership Value =0.00000000,0.0
Windspeed (knots) [71,72), Membership Value =0.00000000,0.0
Windspeed (knots) [72,73), Membership Value =0.00000000,0.0
Windspeed (knots) [73,74), Membership Value =0.00000000,0.0
Windspeed (knots) [74,75), Membership Value =0.00000000,0.0
Windspeed (knots) [75,76), Membership Value =0.00000000,0.0
Windspeed (knots) [76,77), Membership Value =0.00000000,0.0
Windspeed (knots) [77,78), Membership Value =0.00000000,0.0
Windspeed (knots) [78,79), Membership Value =0.00000000,0.0
Windspeed (knots) [79,80), Membership Value =0.00000000,0.0
Windspeed (knots) [80,81), Membership Value =0.00000000,0.0
Windspeed (knots) [81,82), Membership Value =0.00000000,0.0
Windspeed (knots) [82,83), Membership Value =0.00000000,0.0
Windspeed (knots) [83,84), Membership Value =0.00000000,0.0
Windspeed (knots) [84,85), Membership Value =0.00000000,0.0
Windspeed (knots) [85,86), Membership Value =0.00000000,0.0
Windspeed (knots) [86,87), Membership Value =0.00000000,0.0
Windspeed (knots) [87,88), Membership Value =0.00000000,0.0
Windspeed (knots) [88,89), Membership Value =0.00000000,0.0
Windspeed (knots) [89,90), Membership Value =0.00000000,0.0
Windspeed (knots) [90,91), Membership Value =0.00000000,0.0
Windspeed (knots) [91,92), Membership Value =0.00000000,0.0
Windspeed (knots) [92,93), Membership Value =0.00000000,0.0
Windspeed (knots) [93,94), Membership Value =0.00000000,0.0
Windspeed (knots) [94,95), Membership Value =0.00000000,0.0
Windspeed (knots) [95,96), Membership Value =0.00000000,0.0
Windspeed (knots) [96,97), Membership Value =0.00000000,0.0
Windspeed (knots) [97,98), Membership Value =0.00000000,0.0
Windspeed (knots) [98,99), Membership Value =0.00000000,0.0
Windspeed (knots) [99,100), Membership Value =0.00000000,0.0
Windspeed (knots) [100,101), Membership Value =0.00000000,0.0
Windspeed (knots) [101,102), Membership Value =0.00000000,0.0
Windspeed (knots) [102,103), Membership Value =0.00000000,0.0
Windspeed (knots) [103,104), Membership Value =0.00000000,0.0
Windspeed (knots) [104,105), Membership Value =0.00000000,0.0
Windspeed (knots) [105,106), Membership Value =0.00000000,0.0
Windspeed (knots) [106,107), Membership Value =0.00000000,0.0
Windspeed (knots) [107,108), Membership Value =0.00000000,0.0
Windspeed (knots) [108,109), Membership Value =0.00000000,0.0
Windspeed (knots) [109,110), Membership Value =0.00000000,0.0
Windspeed (knots) [110,111), Membership Value =0.00000000,0.0
Windspeed (knots) [111,112), Membership Value =0.00000000,0.0
Windspeed (knots) [112,113), Membership Value =0.00000000,0.0
Windspeed (knots) [113,114), Membership Value =0.00000000,0.0
Windspeed (knots) [114,115), Membership Value =0.00000000,0.0
Windspeed (knots) [115,116), Membership Value =0.00000000,0.0
Windspeed (knots) [116,117), Membership Value =0.00000000,0.0
Windspeed (knots) [117,118), Membership Value =0.00000000,0.0
Windspeed (knots) [118,119), Membership Value =0.00000000,0.0
Windspeed (knots) [119,120), Membership Value =0.00000000,0.0
Windspeed (knots) [120,121), Membership Value =0.00000000,0.0
Windspeed (knots) [121,122), Membership Value =0.00000000,0.0
Windspeed (knots) [122,123), Membership Value =0.00000000,0.0
Windspeed (knots) [123,124), Membership Value =0.00000000,0.0
Windspeed (knots) [124,125), Membership Value =0.00000000,0.0
LowestWindspeedThatIsWindyKnots for station KMCO is 7 knots.
Transition limited :false
bUseWeatherPrediction: true
The running average is 1
The y-int is 7
Energy harvested: 6540379.163057873
iGeneratingEnergyWhenGridNeedsEnergyMinutes =1179522
iGeneratingEnergyWhenGridNeedsEnergyMinutes =1179522
iUsingEnergyWhenGridNeedsEnergyMinutes =112015
iGeneratingEnergyWhenGridHasExcessEnergyMinutes = 1820
iUsingEnergyWhenGridHasExcessEnergyMinutes = 106
iIdleWhenGridDoesNotNeedEnergyMinutes = 44154
iIdleWhenGridNeedsEnergyMinutes = 3396862
iEnergyPriceIsZeroMinutes = 240
harvester.getEnergyHarvestedAVAILABLEKilowattHours( ): 1.0062656633333333E7
harvester.getEnergyHarvestedKilowattHours(): 6540379.163057873
The y-int is 17
Energy harvested: 340893.86111110996
iGeneratingEnergyWhenGridNeedsEnergyMinutes =11416
iGeneratingEnergyWhenGridNeedsEnergyMinutes =11416
iUsingEnergyWhenGridNeedsEnergyMinutes =250
iGeneratingEnergyWhenGridHasExcessEnergyMinutes = 161
iUsingEnergyWhenGridHasExcessEnergyMinutes = 0
iIdleWhenGridDoesNotNeedEnergyMinutes = 45919
iIdleWhenGridNeedsEnergyMinutes = 4676733
iEnergyPriceIsZeroMinutes = 240
harvester.getEnergyHarvestedAVAILABLEKilowattHours( ): 1.0062656633333333E7
harvester.getEnergyHarvestedKilowattHours(): 340893.86111110996
The y-int is 27
Energy harvested: 1147.9666666666667
iGeneratingEnergyWhenGridNeedsEnergyMinutes =23
iGeneratingEnergyWhenGridNeedsEnergyMinutes =23
iUsingEnergyWhenGridNeedsEnergyMinutes =1
iGeneratingEnergyWhenGridHasExcessEnergyMinutes = 0
iUsingEnergyWhenGridHasExcessEnergyMinutes = 0
iIdleWhenGridDoesNotNeedEnergyMinutes = 46080
iIdleWhenGridNeedsEnergyMinutes = 4688375
iEnergyPriceIsZeroMinutes = 240
harvester.getEnergyHarvestedAVAILABLEKilowattHours( ): 1.0062656633333333E7
harvester.getEnergyHarvestedKilowattHours(): 1147.9666666666667
The y-int is 37
Energy harvested: 0.0
iGeneratingEnergyWhenGridNeedsEnergyMinutes =0
iGeneratingEnergyWhenGridNeedsEnergyMinutes =0
iUsingEnergyWhenGridNeedsEnergyMinutes =1
iGeneratingEnergyWhenGridHasExcessEnergyMinutes = 0
iUsingEnergyWhenGridHasExcessEnergyMinutes = 0
iIdleWhenGridDoesNotNeedEnergyMinutes = 46080
iIdleWhenGridNeedsEnergyMinutes = 4688398
iEnergyPriceIsZeroMinutes = 240
harvester.getEnergyHarvestedAVAILABLEKilowattHours( ): 1.0062656633333333E7
harvester.getEnergyHarvestedKilowattHours(): 0.0
The running average is 31
The y-int is 7
Energy harvested: 6450077.729167738
iGeneratingEnergyWhenGridNeedsEnergyMinutes =1143746
iGeneratingEnergyWhenGridNeedsEnergyMinutes =1143746
iUsingEnergyWhenGridNeedsEnergyMinutes =57922
iGeneratingEnergyWhenGridHasExcessEnergyMinutes = 1842
iUsingEnergyWhenGridHasExcessEnergyMinutes = 38
iIdleWhenGridDoesNotNeedEnergyMinutes = 44200
iIdleWhenGridNeedsEnergyMinutes = 3486731
iEnergyPriceIsZeroMinutes = 240
harvester.getEnergyHarvestedAVAILABLEKilowattHours( ): 1.0062656633333333E7
harvester.getEnergyHarvestedKilowattHours(): 6450077.729167738
The y-int is 17
Energy harvested: 330840.34277777636
iGeneratingEnergyWhenGridNeedsEnergyMinutes =11753
iGeneratingEnergyWhenGridNeedsEnergyMinutes =11753
iUsingEnergyWhenGridNeedsEnergyMinutes =309
iGeneratingEnergyWhenGridHasExcessEnergyMinutes = 327
iUsingEnergyWhenGridHasExcessEnergyMinutes = 0
iIdleWhenGridDoesNotNeedEnergyMinutes = 45753
iIdleWhenGridNeedsEnergyMinutes = 4676337
iEnergyPriceIsZeroMinutes = 240
harvester.getEnergyHarvestedAVAILABLEKilowattHours( ): 1.0062656633333333E7
harvester.getEnergyHarvestedKilowattHours(): 330840.34277777636
The y-int is 27
Energy harvested: 1613.95
iGeneratingEnergyWhenGridNeedsEnergyMinutes =33
iGeneratingEnergyWhenGridNeedsEnergyMinutes =33
iUsingEnergyWhenGridNeedsEnergyMinutes =1
iGeneratingEnergyWhenGridHasExcessEnergyMinutes = 0
iUsingEnergyWhenGridHasExcessEnergyMinutes = 0
iIdleWhenGridDoesNotNeedEnergyMinutes = 46080
iIdleWhenGridNeedsEnergyMinutes = 4688365
iEnergyPriceIsZeroMinutes = 240
harvester.getEnergyHarvestedAVAILABLEKilowattHours( ): 1.0062656633333333E7
harvester.getEnergyHarvestedKilowattHours(): 1613.95
The y-int is 37
Energy harvested: 0.0
iGeneratingEnergyWhenGridNeedsEnergyMinutes =0
iGeneratingEnergyWhenGridNeedsEnergyMinutes =0
iUsingEnergyWhenGridNeedsEnergyMinutes =1
iGeneratingEnergyWhenGridHasExcessEnergyMinutes = 0
iUsingEnergyWhenGridHasExcessEnergyMinutes = 0
iIdleWhenGridDoesNotNeedEnergyMinutes = 46080
iIdleWhenGridNeedsEnergyMinutes = 4688398
iEnergyPriceIsZeroMinutes = 240
harvester.getEnergyHarvestedAVAILABLEKilowattHours( ): 1.0062656633333333E7
harvester.getEnergyHarvestedKilowattHours(): 0.0
The running average is 61
The y-int is 7
Energy harvested: 6362045.272222998
iGeneratingEnergyWhenGridNeedsEnergyMinutes =1111268
iGeneratingEnergyWhenGridNeedsEnergyMinutes =1111268
iUsingEnergyWhenGridNeedsEnergyMinutes =51431
iGeneratingEnergyWhenGridHasExcessEnergyMinutes = 1830
iUsingEnergyWhenGridHasExcessEnergyMinutes = 57
iIdleWhenGridDoesNotNeedEnergyMinutes = 44193
iIdleWhenGridNeedsEnergyMinutes = 3525700
iEnergyPriceIsZeroMinutes = 240
harvester.getEnergyHarvestedAVAILABLEKilowattHours( ): 1.0062656633333333E7
harvester.getEnergyHarvestedKilowattHours(): 6362045.272222998
The y-int is 17
Energy harvested: 286832.19194444345
iGeneratingEnergyWhenGridNeedsEnergyMinutes =9940
iGeneratingEnergyWhenGridNeedsEnergyMinutes =9940
iUsingEnergyWhenGridNeedsEnergyMinutes =86
iGeneratingEnergyWhenGridHasExcessEnergyMinutes = 439
iUsingEnergyWhenGridHasExcessEnergyMinutes = 0
iIdleWhenGridDoesNotNeedEnergyMinutes = 45641
iIdleWhenGridNeedsEnergyMinutes = 4678373
iEnergyPriceIsZeroMinutes = 240
harvester.getEnergyHarvestedAVAILABLEKilowattHours( ): 1.0062656633333333E7
harvester.getEnergyHarvestedKilowattHours(): 286832.19194444345
The y-int is 27
Energy harvested: 0.0
iGeneratingEnergyWhenGridNeedsEnergyMinutes =0
iGeneratingEnergyWhenGridNeedsEnergyMinutes =0
iUsingEnergyWhenGridNeedsEnergyMinutes =1
iGeneratingEnergyWhenGridHasExcessEnergyMinutes = 0
iUsingEnergyWhenGridHasExcessEnergyMinutes = 0
iIdleWhenGridDoesNotNeedEnergyMinutes = 46080
iIdleWhenGridNeedsEnergyMinutes = 4688398
iEnergyPriceIsZeroMinutes = 240
harvester.getEnergyHarvestedAVAILABLEKilowattHours( ): 1.0062656633333333E7
harvester.getEnergyHarvestedKilowattHours(): 0.0
The y-int is 37
Energy harvested: 0.0
iGeneratingEnergyWhenGridNeedsEnergyMinutes =0
iGeneratingEnergyWhenGridNeedsEnergyMinutes =0
iUsingEnergyWhenGridNeedsEnergyMinutes =0
iGeneratingEnergyWhenGridHasExcessEnergyMinutes = 0
iUsingEnergyWhenGridHasExcessEnergyMinutes = 0
iIdleWhenGridDoesNotNeedEnergyMinutes = 46080
iIdleWhenGridNeedsEnergyMinutes = 4688399
iEnergyPriceIsZeroMinutes = 240
harvester.getEnergyHarvestedAVAILABLEKilowattHours( ): 1.0062656633333333E7
harvester.getEnergyHarvestedKilowattHours(): 0.0
The running average is 91
The y-int is 7
Energy harvested: 6271139.110833675
iGeneratingEnergyWhenGridNeedsEnergyMinutes =1081705
iGeneratingEnergyWhenGridNeedsEnergyMinutes =1081705
iUsingEnergyWhenGridNeedsEnergyMinutes =48375
iGeneratingEnergyWhenGridHasExcessEnergyMinutes = 1816
iUsingEnergyWhenGridHasExcessEnergyMinutes = 57
iIdleWhenGridDoesNotNeedEnergyMinutes = 44207
iIdleWhenGridNeedsEnergyMinutes = 3558319
iEnergyPriceIsZeroMinutes = 240
harvester.getEnergyHarvestedAVAILABLEKilowattHours( ): 1.0062656633333333E7
harvester.getEnergyHarvestedKilowattHours(): 6271139.110833675
The y-int is 17
Energy harvested: 247698.94888888887
iGeneratingEnergyWhenGridNeedsEnergyMinutes =8417
iGeneratingEnergyWhenGridNeedsEnergyMinutes =8417
iUsingEnergyWhenGridNeedsEnergyMinutes =5
iGeneratingEnergyWhenGridHasExcessEnergyMinutes = 442
iUsingEnergyWhenGridHasExcessEnergyMinutes = 0
iIdleWhenGridDoesNotNeedEnergyMinutes = 45638
iIdleWhenGridNeedsEnergyMinutes = 4679977
iEnergyPriceIsZeroMinutes = 240
harvester.getEnergyHarvestedAVAILABLEKilowattHours( ): 1.0062656633333333E7
harvester.getEnergyHarvestedKilowattHours(): 247698.94888888887
The y-int is 27
Energy harvested: 0.0
iGeneratingEnergyWhenGridNeedsEnergyMinutes =0
iGeneratingEnergyWhenGridNeedsEnergyMinutes =0
iUsingEnergyWhenGridNeedsEnergyMinutes =1
iGeneratingEnergyWhenGridHasExcessEnergyMinutes = 0
iUsingEnergyWhenGridHasExcessEnergyMinutes = 0
iIdleWhenGridDoesNotNeedEnergyMinutes = 46080
iIdleWhenGridNeedsEnergyMinutes = 4688398
iEnergyPriceIsZeroMinutes = 240
harvester.getEnergyHarvestedAVAILABLEKilowattHours( ): 1.0062656633333333E7
harvester.getEnergyHarvestedKilowattHours(): 0.0
The y-int is 37
Energy harvested: 0.0
iGeneratingEnergyWhenGridNeedsEnergyMinutes =0
iGeneratingEnergyWhenGridNeedsEnergyMinutes =0
iUsingEnergyWhenGridNeedsEnergyMinutes =0
iGeneratingEnergyWhenGridHasExcessEnergyMinutes = 0
iUsingEnergyWhenGridHasExcessEnergyMinutes = 0
iIdleWhenGridDoesNotNeedEnergyMinutes = 46080
iIdleWhenGridNeedsEnergyMinutes = 4688399
iEnergyPriceIsZeroMinutes = 240
harvester.getEnergyHarvestedAVAILABLEKilowattHours( ): 1.0062656633333333E7
harvester.getEnergyHarvestedKilowattHours(): 0.0
The running average is 121
The y-int is 7
Energy harvested: 6192339.377500127
iGeneratingEnergyWhenGridNeedsEnergyMinutes =1056014
iGeneratingEnergyWhenGridNeedsEnergyMinutes =1056014
iUsingEnergyWhenGridNeedsEnergyMinutes =46266
iGeneratingEnergyWhenGridHasExcessEnergyMinutes = 1789
iUsingEnergyWhenGridHasExcessEnergyMinutes = 77
iIdleWhenGridDoesNotNeedEnergyMinutes = 44214
iIdleWhenGridNeedsEnergyMinutes = 3586119
iEnergyPriceIsZeroMinutes = 240
harvester.getEnergyHarvestedAVAILABLEKilowattHours( ): 1.0062656633333333E7
harvester.getEnergyHarvestedKilowattHours(): 6192339.377500127
The y-int is 17
Energy harvested: 217972.82833333316
iGeneratingEnergyWhenGridNeedsEnergyMinutes =7558
iGeneratingEnergyWhenGridNeedsEnergyMinutes =7558
iUsingEnergyWhenGridNeedsEnergyMinutes =18
iGeneratingEnergyWhenGridHasExcessEnergyMinutes = 447
iUsingEnergyWhenGridHasExcessEnergyMinutes = 0
iIdleWhenGridDoesNotNeedEnergyMinutes = 45633
iIdleWhenGridNeedsEnergyMinutes = 4680823
iEnergyPriceIsZeroMinutes = 240
harvester.getEnergyHarvestedAVAILABLEKilowattHours( ): 1.0062656633333333E7
harvester.getEnergyHarvestedKilowattHours(): 217972.82833333316
The y-int is 27
Energy harvested: 0.0
iGeneratingEnergyWhenGridNeedsEnergyMinutes =0
iGeneratingEnergyWhenGridNeedsEnergyMinutes =0
iUsingEnergyWhenGridNeedsEnergyMinutes =1
iGeneratingEnergyWhenGridHasExcessEnergyMinutes = 0
iUsingEnergyWhenGridHasExcessEnergyMinutes = 0
iIdleWhenGridDoesNotNeedEnergyMinutes = 46080
iIdleWhenGridNeedsEnergyMinutes = 4688398
iEnergyPriceIsZeroMinutes = 240
harvester.getEnergyHarvestedAVAILABLEKilowattHours( ): 1.0062656633333333E7
harvester.getEnergyHarvestedKilowattHours(): 0.0
The y-int is 37
Energy harvested: 0.0
iGeneratingEnergyWhenGridNeedsEnergyMinutes =0
iGeneratingEnergyWhenGridNeedsEnergyMinutes =0
iUsingEnergyWhenGridNeedsEnergyMinutes =0
iGeneratingEnergyWhenGridHasExcessEnergyMinutes = 0
iUsingEnergyWhenGridHasExcessEnergyMinutes = 0
iIdleWhenGridDoesNotNeedEnergyMinutes = 46080
iIdleWhenGridNeedsEnergyMinutes = 4688399
iEnergyPriceIsZeroMinutes = 240
harvester.getEnergyHarvestedAVAILABLEKilowattHours( ): 1.0062656633333333E7
harvester.getEnergyHarvestedKilowattHours(): 0.0
Beginning testing mode:
station,&,y_intercept_for_month_1,&,running_average_size_minutes_for_month_1,&,y_intercept_for_month_2,&,running_average_size_minutes_for_month_2,&,y_intercept_for_month_3,&,running_average_size_minutes_for_month_3,&,y_intercept_for_month_4,&,running_average_size_minutes_for_month_4,&,y_intercept_for_month_5,&,running_average_size_minutes_for_month_5,&,y_intercept_for_month_6,&,running_average_size_minutes_for_month_6,&,y_intercept_for_month_7,&,running_average_size_minutes_for_month_7,&,y_intercept_for_month_8,&,running_average_size_minutes_for_month_8,&,y_intercept_for_month_9,&,running_average_size_minutes_for_month_9,&,y_intercept_for_month_10,&,running_average_size_minutes_for_month_10,&,y_intercept_for_month_11,&,running_average_size_minutes_for_month_11,&,y_intercept_for_month_12,&,running_average_size_minutes_for_month_12,&,dNetNorm,&,dMarketBalancePercentage,&,dMarketNetNorm,
results: KMCO,&,7,&,1,&,7,&,1,&,7,&,1,&,7,&,1,&,7,&,1,&,7,&,1,&,7,&,1,&,7,&,1,&,7,&,1,&,7,&,1,&,7,&,1,&,7,&,1,&,0.6817095365664188,&,0.8927523311997433,&,0.608597777970767
monthly visible minutes:KMCO,&,2013,&,15932,&,14064,&,17823,&,18330,&,15623,&,13043,&,14681,&,13989,&,12921,&,15891,&,17741,&,14604,&,
monthly visible minutes:KMCO,&,2014,&,15643,&,12524,&,16049,&,17555,&,17066,&,13907,&,12826,&,12413,&,13513,&,14794,&,16129,&,12566,&,
monthly minutes harvester between states:KMCO,&,2013,&,1862,&,2105,&,3007,&,2147,&,2401,&,2510,&,1944,&,3004,&,1799,&,2383,&,1443,&,1906,&,
monthly minutes harvester between states:KMCO,&,2014,&,1481,&,2175,&,2661,&,2177,&,2468,&,3538,&,3092,&,2739,&,2515,&,2439,&,1512,&,1360,&,
station,&,y_intercept_for_month_1,&,running_average_size_minutes_for_month_1,&,y_intercept_for_month_2,&,running_average_size_minutes_for_month_2,&,y_intercept_for_month_3,&,running_average_size_minutes_for_month_3,&,y_intercept_for_month_4,&,running_average_size_minutes_for_month_4,&,y_intercept_for_month_5,&,running_average_size_minutes_for_month_5,&,y_intercept_for_month_6,&,running_average_size_minutes_for_month_6,&,y_intercept_for_month_7,&,running_average_size_minutes_for_month_7,&,y_intercept_for_month_8,&,running_average_size_minutes_for_month_8,&,y_intercept_for_month_9,&,running_average_size_minutes_for_month_9,&,y_intercept_for_month_10,&,running_average_size_minutes_for_month_10,&,y_intercept_for_month_11,&,running_average_size_minutes_for_month_11,&,y_intercept_for_month_12,&,running_average_size_minutes_for_month_12,&,dNetNorm,&,dMarketBalancePercentage,&,dMarketNetNorm,
results: KMCO,&,7,&,31,&,7,&,31,&,7,&,61,&,7,&,31,&,7,&,31,&,7,&,31,&,7,&,31,&,7,&,31,&,7,&,31,&,7,&,31,&,7,&,1,&,7,&,31,&,0.670022309003527,&,0.9346601330661198,&,0.6262431404905054
monthly visible minutes:KMCO,&,2013,&,15932,&,14064,&,17823,&,18330,&,15623,&,13043,&,14681,&,13989,&,12921,&,15891,&,17741,&,14604,&,
monthly visible minutes:KMCO,&,2014,&,15643,&,12524,&,16049,&,17555,&,17066,&,13907,&,12826,&,12413,&,13513,&,14794,&,16129,&,12566,&,
monthly minutes harvester between states:KMCO,&,2013,&,1862,&,2105,&,3007,&,2147,&,2401,&,2510,&,1944,&,3004,&,1799,&,2383,&,1443,&,1906,&,
monthly minutes harvester between states:KMCO,&,2014,&,1481,&,2175,&,2661,&,2177,&,2468,&,3538,&,3092,&,2739,&,2515,&,2439,&,1512,&,1360,&,
Station: KMSP
abc: The current path is /home/guy/retractable-wind
I have found the property file.
The training windspeed filename is /trainingKMSP2004-2012in.csv
The testing windspeed filename is /testingKMSP2013-2014in.csv
Yes, the station is KMSP
Warning: The bAlsoUsePrediction no longer has any effect
iUsedAllItsAllocatedVisibilityMinutesPerMonth: 51234
Visibility Allocation Minutes:51234
HARVESTER_SIZE_SQM is 6362
Reading file
Success: /Wind turbine power curves - wind turbine power output against wind speed in knots.csv found.
Speed (Knots) = Speed(knots) vs power (kW) , Power (kW) =V90
Speed (Knots) = 0 , Power (kW) =0
Speed (Knots) = 1 , Power (kW) =0
Speed (Knots) = 2 , Power (kW) =0
Speed (Knots) = 3 , Power (kW) =0
Speed (Knots) = 4 , Power (kW) =0
Speed (Knots) = 5 , Power (kW) =0
Speed (Knots) = 6 , Power (kW) =0
Speed (Knots) = 7 , Power (kW) =38
Speed (Knots) = 8 , Power (kW) =87
Speed (Knots) = 9 , Power (kW) =141
Speed (Knots) = 10 , Power (kW) =207
Speed (Knots) = 11 , Power (kW) =286
Speed (Knots) = 12 , Power (kW) =382
Speed (Knots) = 13 , Power (kW) =496
Speed (Knots) = 14 , Power (kW) =628
Speed (Knots) = 15 , Power (kW) =781
Speed (Knots) = 16 , Power (kW) =957
Speed (Knots) = 17 , Power (kW) =1153
Speed (Knots) = 18 , Power (kW) =1366
Speed (Knots) = 19 , Power (kW) =1589
Speed (Knots) = 20 , Power (kW) =1814
Speed (Knots) = 21 , Power (kW) =2035
Speed (Knots) = 22 , Power (kW) =2250
Speed (Knots) = 23 , Power (kW) =2452
Speed (Knots) = 24 , Power (kW) =2634
Speed (Knots) = 25 , Power (kW) =2784
Speed (Knots) = 26 , Power (kW) =2888
Speed (Knots) = 27 , Power (kW) =2949
Speed (Knots) = 28 , Power (kW) =2980
Speed (Knots) = 29 , Power (kW) =2993
Speed (Knots) = 30 , Power (kW) =3000
Speed (Knots) = 31 , Power (kW) =3000
Speed (Knots) = 32 , Power (kW) =3000
Speed (Knots) = 33 , Power (kW) =3000
Speed (Knots) = 34 , Power (kW) =3000
Speed (Knots) = 35 , Power (kW) =3000
Speed (Knots) = 36 , Power (kW) =3000
Speed (Knots) = 37 , Power (kW) =3000
Speed (Knots) = 38 , Power (kW) =3000
Speed (Knots) = 39 , Power (kW) =3000
Speed (Knots) = 40 , Power (kW) =3000
Speed (Knots) = 41 , Power (kW) =3000
Speed (Knots) = 42 , Power (kW) =3000
Speed (Knots) = 43 , Power (kW) =3000
Speed (Knots) = 44 , Power (kW) =3000
Speed (Knots) = 45 , Power (kW) =3000
Speed (Knots) = 46 , Power (kW) =3000
Speed (Knots) = 47 , Power (kW) =3000
Speed (Knots) = 48 , Power (kW) =3000
Speed (Knots) = 49 , Power (kW) =0
Speed (Knots) = 50 , Power (kW) =0
Speed (Knots) = 51 , Power (kW) =0
Speed (Knots) = 52 , Power (kW) =0
Speed (Knots) = 53 , Power (kW) =0
Speed (Knots) = 54 , Power (kW) =0
Speed (Knots) = 55 , Power (kW) =0
Speed (Knots) = 56 , Power (kW) =0
Speed (Knots) = 57 , Power (kW) =0
Speed (Knots) = 58 , Power (kW) =0
Speed (Knots) = 59 , Power (kW) =0
Speed (Knots) = 60 , Power (kW) =0
The scale is 1.0
Wind power at 10 knots in kilowatts is 207.0
Wind power in-cut-out test 0.0
Aging
Class name:edu.pitt.cs.people.guy.wind.benchmarks.Aging
Success: /Noise_Allowed_Time_Definitions_All_Stations.csv found.
The station is the record is KMSP
Success: /Noise_Allowed_Time_Definitions_All_Stations.csv found.
The station is the record is KMSP
I have found the membership file for NOT WINDY.
Windspeed (knots) [0,1), Membership Value =1.00000000,1.0
Windspeed (knots) [1,2), Membership Value =0.99996261,0.9999626
Windspeed (knots) [2,3), Membership Value =0.99943432,0.9994343
Windspeed (knots) [3,4), Membership Value =0.99690141,0.9969014
Windspeed (knots) [4,5), Membership Value =0.98964388,0.9896439
Windspeed (knots) [5,6), Membership Value =0.97415422,0.97415423
Windspeed (knots) [6,7), Membership Value =0.94700907,0.9470091
Windspeed (knots) [7,8), Membership Value =0.90469875,0.9046987
Windspeed (knots) [8,9), Membership Value =0.84617782,0.8461778
Windspeed (knots) [9,10), Membership Value =0.77179805,0.7717981
Windspeed (knots) [10,11), Membership Value =0.68340598,0.683406
Windspeed (knots) [11,12), Membership Value =0.58175701,0.581757
Windspeed (knots) [12,13), Membership Value =0.47518733,0.47518733
Windspeed (knots) [13,14), Membership Value =0.37199182,0.3719918
Windspeed (knots) [14,15), Membership Value =0.27014333,0.27014333
Windspeed (knots) [15,16), Membership Value =0.17485441,0.17485441
Windspeed (knots) [16,17), Membership Value =0.08835086,0.08835086
Windspeed (knots) [17,18), Membership Value =0.01405258,0.01405258
Windspeed (knots) [18,19), Membership Value =0.00000000,0.0
Windspeed (knots) [19,20), Membership Value =0.00000000,0.0
Windspeed (knots) [20,21), Membership Value =0.00000000,0.0
Windspeed (knots) [21,22), Membership Value =0.00000000,0.0
Windspeed (knots) [22,23), Membership Value =0.00000000,0.0
Windspeed (knots) [23,24), Membership Value =0.00000000,0.0
Windspeed (knots) [24,25), Membership Value =0.00000000,0.0
Windspeed (knots) [25,26), Membership Value =0.00000000,0.0
Windspeed (knots) [26,27), Membership Value =0.00000000,0.0
Windspeed (knots) [27,28), Membership Value =0.00000000,0.0
Windspeed (knots) [28,29), Membership Value =0.00000000,0.0
Windspeed (knots) [29,30), Membership Value =0.00000000,0.0
Windspeed (knots) [30,31), Membership Value =0.00000000,0.0
Windspeed (knots) [31,32), Membership Value =0.00000000,0.0
Windspeed (knots) [32,33), Membership Value =0.00000000,0.0
Windspeed (knots) [33,34), Membership Value =0.00000000,0.0
Windspeed (knots) [34,35), Membership Value =0.00000000,0.0
Windspeed (knots) [35,36), Membership Value =0.00000000,0.0
Windspeed (knots) [36,37), Membership Value =0.00000000,0.0
Windspeed (knots) [37,38), Membership Value =0.00000000,0.0
Windspeed (knots) [38,39), Membership Value =0.00000000,0.0
Windspeed (knots) [39,40), Membership Value =0.00000000,0.0
Windspeed (knots) [40,41), Membership Value =0.00000000,0.0
Windspeed (knots) [41,42), Membership Value =0.00000000,0.0
Windspeed (knots) [42,43), Membership Value =0.00000000,0.0
Windspeed (knots) [43,44), Membership Value =0.00000000,0.0
Windspeed (knots) [44,45), Membership Value =0.00000000,0.0
Windspeed (knots) [45,46), Membership Value =0.00000000,0.0
Windspeed (knots) [46,47), Membership Value =0.00000000,0.0
Windspeed (knots) [47,48), Membership Value =0.00000000,0.0
Windspeed (knots) [48,49), Membership Value =0.00000000,0.0
Windspeed (knots) [49,50), Membership Value =0.00000000,0.0
Windspeed (knots) [50,51), Membership Value =0.00000000,0.0
Windspeed (knots) [51,52), Membership Value =0.00000000,0.0
Windspeed (knots) [52,53), Membership Value =0.00000000,0.0
Windspeed (knots) [53,54), Membership Value =0.00000000,0.0
Windspeed (knots) [54,55), Membership Value =0.00000000,0.0
Windspeed (knots) [55,56), Membership Value =0.00000000,0.0
Windspeed (knots) [56,57), Membership Value =0.00000000,0.0
Windspeed (knots) [57,58), Membership Value =0.00000000,0.0
Windspeed (knots) [58,59), Membership Value =0.00000000,0.0
Windspeed (knots) [59,60), Membership Value =0.00000000,0.0
Windspeed (knots) [60,61), Membership Value =0.00000000,0.0
Windspeed (knots) [61,62), Membership Value =0.00000000,0.0
Windspeed (knots) [62,63), Membership Value =0.00000000,0.0
Windspeed (knots) [63,64), Membership Value =0.00000000,0.0
Windspeed (knots) [64,65), Membership Value =0.00000000,0.0
Windspeed (knots) [65,66), Membership Value =0.00000000,0.0
Windspeed (knots) [66,67), Membership Value =0.00000000,0.0
Windspeed (knots) [67,68), Membership Value =0.00000000,0.0
Windspeed (knots) [68,69), Membership Value =0.00000000,0.0
Windspeed (knots) [69,70), Membership Value =0.00000000,0.0
Windspeed (knots) [70,71), Membership Value =0.00000000,0.0
Windspeed (knots) [71,72), Membership Value =0.00000000,0.0
Windspeed (knots) [72,73), Membership Value =0.00000000,0.0
Windspeed (knots) [73,74), Membership Value =0.00000000,0.0
Windspeed (knots) [74,75), Membership Value =0.00000000,0.0
Windspeed (knots) [75,76), Membership Value =0.00000000,0.0
Windspeed (knots) [76,77), Membership Value =0.00000000,0.0
Windspeed (knots) [77,78), Membership Value =0.00000000,0.0
Windspeed (knots) [78,79), Membership Value =0.00000000,0.0
Windspeed (knots) [79,80), Membership Value =0.00000000,0.0
Windspeed (knots) [80,81), Membership Value =0.00000000,0.0
Windspeed (knots) [81,82), Membership Value =0.00000000,0.0
Windspeed (knots) [82,83), Membership Value =0.00000000,0.0
Windspeed (knots) [83,84), Membership Value =0.00000000,0.0
Windspeed (knots) [84,85), Membership Value =0.00000000,0.0
Windspeed (knots) [85,86), Membership Value =0.00000000,0.0
Windspeed (knots) [86,87), Membership Value =0.00000000,0.0
Windspeed (knots) [87,88), Membership Value =0.00000000,0.0
Windspeed (knots) [88,89), Membership Value =0.00000000,0.0
Windspeed (knots) [89,90), Membership Value =0.00000000,0.0
Windspeed (knots) [90,91), Membership Value =0.00000000,0.0
Windspeed (knots) [91,92), Membership Value =0.00000000,0.0
Windspeed (knots) [92,93), Membership Value =0.00000000,0.0
Windspeed (knots) [93,94), Membership Value =0.00000000,0.0
Windspeed (knots) [94,95), Membership Value =0.00000000,0.0
Windspeed (knots) [95,96), Membership Value =0.00000000,0.0
Windspeed (knots) [96,97), Membership Value =0.00000000,0.0
Windspeed (knots) [97,98), Membership Value =0.00000000,0.0
Windspeed (knots) [98,99), Membership Value =0.00000000,0.0
Windspeed (knots) [99,100), Membership Value =0.00000000,0.0
Windspeed (knots) [100,101), Membership Value =0.00000000,0.0
Windspeed (knots) [101,102), Membership Value =0.00000000,0.0
Windspeed (knots) [102,103), Membership Value =0.00000000,0.0
Windspeed (knots) [103,104), Membership Value =0.00000000,0.0
Windspeed (knots) [104,105), Membership Value =0.00000000,0.0
Windspeed (knots) [105,106), Membership Value =0.00000000,0.0
Windspeed (knots) [106,107), Membership Value =0.00000000,0.0
Windspeed (knots) [107,108), Membership Value =0.00000000,0.0
Windspeed (knots) [108,109), Membership Value =0.00000000,0.0
Windspeed (knots) [109,110), Membership Value =0.00000000,0.0
Windspeed (knots) [110,111), Membership Value =0.00000000,0.0
Windspeed (knots) [111,112), Membership Value =0.00000000,0.0
Windspeed (knots) [112,113), Membership Value =0.00000000,0.0
Windspeed (knots) [113,114), Membership Value =0.00000000,0.0
Windspeed (knots) [114,115), Membership Value =0.00000000,0.0
Windspeed (knots) [115,116), Membership Value =0.00000000,0.0
Windspeed (knots) [116,117), Membership Value =0.00000000,0.0
Windspeed (knots) [117,118), Membership Value =0.00000000,0.0
Windspeed (knots) [118,119), Membership Value =0.00000000,0.0
Windspeed (knots) [119,120), Membership Value =0.00000000,0.0
Windspeed (knots) [120,121), Membership Value =0.00000000,0.0
Windspeed (knots) [121,122), Membership Value =0.00000000,0.0
Windspeed (knots) [122,123), Membership Value =0.00000000,0.0
Windspeed (knots) [123,124), Membership Value =0.00000000,0.0
Windspeed (knots) [124,125), Membership Value =0.00000000,0.0
LowestWindspeedThatIsWindyKnots for station KMSP is 8 knots.
Transition limited :false
bUseWeatherPrediction: true
The running average is 1
The y-int is 8
Energy harvested: 6066917.3408319475
iGeneratingEnergyWhenGridNeedsEnergyMinutes =842045
iGeneratingEnergyWhenGridNeedsEnergyMinutes =842045
iUsingEnergyWhenGridNeedsEnergyMinutes =69036
iGeneratingEnergyWhenGridHasExcessEnergyMinutes = 972
iUsingEnergyWhenGridHasExcessEnergyMinutes = 60
iIdleWhenGridDoesNotNeedEnergyMinutes = 45048
iIdleWhenGridNeedsEnergyMinutes = 3776145
iEnergyPriceIsZeroMinutes = 240
harvester.getEnergyHarvestedAVAILABLEKilowattHours( ): 1.5343929966666667E7
harvester.getEnergyHarvestedKilowattHours(): 6066917.3408319475
The y-int is 18
Energy harvested: 365719.55
iGeneratingEnergyWhenGridNeedsEnergyMinutes =11776
iGeneratingEnergyWhenGridNeedsEnergyMinutes =11776
iUsingEnergyWhenGridNeedsEnergyMinutes =1
iGeneratingEnergyWhenGridHasExcessEnergyMinutes = 0
iUsingEnergyWhenGridHasExcessEnergyMinutes = 0
iIdleWhenGridDoesNotNeedEnergyMinutes = 46080
iIdleWhenGridNeedsEnergyMinutes = 4675449
iEnergyPriceIsZeroMinutes = 240
harvester.getEnergyHarvestedAVAILABLEKilowattHours( ): 1.5343929966666667E7
harvester.getEnergyHarvestedKilowattHours(): 365719.55
The y-int is 28
Energy harvested: 46.4
iGeneratingEnergyWhenGridNeedsEnergyMinutes =1
iGeneratingEnergyWhenGridNeedsEnergyMinutes =1
iUsingEnergyWhenGridNeedsEnergyMinutes =1
iGeneratingEnergyWhenGridHasExcessEnergyMinutes = 0
iUsingEnergyWhenGridHasExcessEnergyMinutes = 0
iIdleWhenGridDoesNotNeedEnergyMinutes = 46080
iIdleWhenGridNeedsEnergyMinutes = 4687224
iEnergyPriceIsZeroMinutes = 240
harvester.getEnergyHarvestedAVAILABLEKilowattHours( ): 1.5343929966666667E7
harvester.getEnergyHarvestedKilowattHours(): 46.4
The y-int is 38
Energy harvested: 0.0
iGeneratingEnergyWhenGridNeedsEnergyMinutes =0
iGeneratingEnergyWhenGridNeedsEnergyMinutes =0
iUsingEnergyWhenGridNeedsEnergyMinutes =1
iGeneratingEnergyWhenGridHasExcessEnergyMinutes = 0
iUsingEnergyWhenGridHasExcessEnergyMinutes = 0
iIdleWhenGridDoesNotNeedEnergyMinutes = 46080
iIdleWhenGridNeedsEnergyMinutes = 4687225
iEnergyPriceIsZeroMinutes = 240
harvester.getEnergyHarvestedAVAILABLEKilowattHours( ): 1.5343929966666667E7
harvester.getEnergyHarvestedKilowattHours(): 0.0
The running average is 31
The y-int is 8
Energy harvested: 6004374.140832742
iGeneratingEnergyWhenGridNeedsEnergyMinutes =813159
iGeneratingEnergyWhenGridNeedsEnergyMinutes =813159
iUsingEnergyWhenGridNeedsEnergyMinutes =37351
iGeneratingEnergyWhenGridHasExcessEnergyMinutes = 977
iUsingEnergyWhenGridHasExcessEnergyMinutes = 45
iIdleWhenGridDoesNotNeedEnergyMinutes = 45058
iIdleWhenGridNeedsEnergyMinutes = 3836716
iEnergyPriceIsZeroMinutes = 240
harvester.getEnergyHarvestedAVAILABLEKilowattHours( ): 1.5343929966666667E7
harvester.getEnergyHarvestedKilowattHours(): 6004374.140832742
The y-int is 18
Energy harvested: 415435.0449999998
iGeneratingEnergyWhenGridNeedsEnergyMinutes =14710
iGeneratingEnergyWhenGridNeedsEnergyMinutes =14710
iUsingEnergyWhenGridNeedsEnergyMinutes =73
iGeneratingEnergyWhenGridHasExcessEnergyMinutes = 0
iUsingEnergyWhenGridHasExcessEnergyMinutes = 0
iIdleWhenGridDoesNotNeedEnergyMinutes = 46080
iIdleWhenGridNeedsEnergyMinutes = 4672443
iEnergyPriceIsZeroMinutes = 240
harvester.getEnergyHarvestedAVAILABLEKilowattHours( ): 1.5343929966666667E7
harvester.getEnergyHarvestedKilowattHours(): 415435.0449999998
The y-int is 28
Energy harvested: 0.0
iGeneratingEnergyWhenGridNeedsEnergyMinutes =0
iGeneratingEnergyWhenGridNeedsEnergyMinutes =0
iUsingEnergyWhenGridNeedsEnergyMinutes =1
iGeneratingEnergyWhenGridHasExcessEnergyMinutes = 0
iUsingEnergyWhenGridHasExcessEnergyMinutes = 0
iIdleWhenGridDoesNotNeedEnergyMinutes = 46080
iIdleWhenGridNeedsEnergyMinutes = 4687225
iEnergyPriceIsZeroMinutes = 240
harvester.getEnergyHarvestedAVAILABLEKilowattHours( ): 1.5343929966666667E7
harvester.getEnergyHarvestedKilowattHours(): 0.0
The y-int is 38
Energy harvested: 0.0
iGeneratingEnergyWhenGridNeedsEnergyMinutes =0
iGeneratingEnergyWhenGridNeedsEnergyMinutes =0
iUsingEnergyWhenGridNeedsEnergyMinutes =0
iGeneratingEnergyWhenGridHasExcessEnergyMinutes = 0
iUsingEnergyWhenGridHasExcessEnergyMinutes = 0
iIdleWhenGridDoesNotNeedEnergyMinutes = 46080
iIdleWhenGridNeedsEnergyMinutes = 4687226
iEnergyPriceIsZeroMinutes = 240
harvester.getEnergyHarvestedAVAILABLEKilowattHours( ): 1.5343929966666667E7
harvester.getEnergyHarvestedKilowattHours(): 0.0
The running average is 61
The y-int is 8
Energy harvested: 5941479.641666083
iGeneratingEnergyWhenGridNeedsEnergyMinutes =787940
iGeneratingEnergyWhenGridNeedsEnergyMinutes =787940
iUsingEnergyWhenGridNeedsEnergyMinutes =34190
iGeneratingEnergyWhenGridHasExcessEnergyMinutes = 938
iUsingEnergyWhenGridHasExcessEnergyMinutes = 39
iIdleWhenGridDoesNotNeedEnergyMinutes = 45103
iIdleWhenGridNeedsEnergyMinutes = 3865096
iEnergyPriceIsZeroMinutes = 240
harvester.getEnergyHarvestedAVAILABLEKilowattHours( ): 1.5343929966666667E7
harvester.getEnergyHarvestedKilowattHours(): 5941479.641666083
The y-int is 18
Energy harvested: 378272.58166666614
iGeneratingEnergyWhenGridNeedsEnergyMinutes =13541
iGeneratingEnergyWhenGridNeedsEnergyMinutes =13541
iUsingEnergyWhenGridNeedsEnergyMinutes =59
iGeneratingEnergyWhenGridHasExcessEnergyMinutes = 0
iUsingEnergyWhenGridHasExcessEnergyMinutes = 0
iIdleWhenGridDoesNotNeedEnergyMinutes = 46080
iIdleWhenGridNeedsEnergyMinutes = 4673626
iEnergyPriceIsZeroMinutes = 240
harvester.getEnergyHarvestedAVAILABLEKilowattHours( ): 1.5343929966666667E7
harvester.getEnergyHarvestedKilowattHours(): 378272.58166666614
The y-int is 28
Energy harvested: 0.0
iGeneratingEnergyWhenGridNeedsEnergyMinutes =0
iGeneratingEnergyWhenGridNeedsEnergyMinutes =0
iUsingEnergyWhenGridNeedsEnergyMinutes =1
iGeneratingEnergyWhenGridHasExcessEnergyMinutes = 0
iUsingEnergyWhenGridHasExcessEnergyMinutes = 0
iIdleWhenGridDoesNotNeedEnergyMinutes = 46080
iIdleWhenGridNeedsEnergyMinutes = 4687225
iEnergyPriceIsZeroMinutes = 240
harvester.getEnergyHarvestedAVAILABLEKilowattHours( ): 1.5343929966666667E7
harvester.getEnergyHarvestedKilowattHours(): 0.0
The y-int is 38
Energy harvested: 0.0
iGeneratingEnergyWhenGridNeedsEnergyMinutes =0
iGeneratingEnergyWhenGridNeedsEnergyMinutes =0
iUsingEnergyWhenGridNeedsEnergyMinutes =0
iGeneratingEnergyWhenGridHasExcessEnergyMinutes = 0
iUsingEnergyWhenGridHasExcessEnergyMinutes = 0
iIdleWhenGridDoesNotNeedEnergyMinutes = 46080
iIdleWhenGridNeedsEnergyMinutes = 4687226
iEnergyPriceIsZeroMinutes = 240
harvester.getEnergyHarvestedAVAILABLEKilowattHours( ): 1.5343929966666667E7
harvester.getEnergyHarvestedKilowattHours(): 0.0
The running average is 91
The y-int is 8
Energy harvested: 5883712.549443784
iGeneratingEnergyWhenGridNeedsEnergyMinutes =766756
iGeneratingEnergyWhenGridNeedsEnergyMinutes =766756
iUsingEnergyWhenGridNeedsEnergyMinutes =32603
iGeneratingEnergyWhenGridHasExcessEnergyMinutes = 913
iUsingEnergyWhenGridHasExcessEnergyMinutes = 38
iIdleWhenGridDoesNotNeedEnergyMinutes = 45129
iIdleWhenGridNeedsEnergyMinutes = 3887867
iEnergyPriceIsZeroMinutes = 240
harvester.getEnergyHarvestedAVAILABLEKilowattHours( ): 1.5343929966666667E7
harvester.getEnergyHarvestedKilowattHours(): 5883712.549443784
The y-int is 18
Energy harvested: 353000.72499999986
iGeneratingEnergyWhenGridNeedsEnergyMinutes =12700
iGeneratingEnergyWhenGridNeedsEnergyMinutes =12700
iUsingEnergyWhenGridNeedsEnergyMinutes =29
iGeneratingEnergyWhenGridHasExcessEnergyMinutes = 0
iUsingEnergyWhenGridHasExcessEnergyMinutes = 0
iIdleWhenGridDoesNotNeedEnergyMinutes = 46080
iIdleWhenGridNeedsEnergyMinutes = 4674497
iEnergyPriceIsZeroMinutes = 240
harvester.getEnergyHarvestedAVAILABLEKilowattHours( ): 1.5343929966666667E7
harvester.getEnergyHarvestedKilowattHours(): 353000.72499999986
The y-int is 28
Energy harvested: 0.0
iGeneratingEnergyWhenGridNeedsEnergyMinutes =0
iGeneratingEnergyWhenGridNeedsEnergyMinutes =0
iUsingEnergyWhenGridNeedsEnergyMinutes =1
iGeneratingEnergyWhenGridHasExcessEnergyMinutes = 0
iUsingEnergyWhenGridHasExcessEnergyMinutes = 0
iIdleWhenGridDoesNotNeedEnergyMinutes = 46080
iIdleWhenGridNeedsEnergyMinutes = 4687225
iEnergyPriceIsZeroMinutes = 240
harvester.getEnergyHarvestedAVAILABLEKilowattHours( ): 1.5343929966666667E7
harvester.getEnergyHarvestedKilowattHours(): 0.0
The y-int is 38
Energy harvested: 0.0
iGeneratingEnergyWhenGridNeedsEnergyMinutes =0
iGeneratingEnergyWhenGridNeedsEnergyMinutes =0
iUsingEnergyWhenGridNeedsEnergyMinutes =0
iGeneratingEnergyWhenGridHasExcessEnergyMinutes = 0
iUsingEnergyWhenGridHasExcessEnergyMinutes = 0
iIdleWhenGridDoesNotNeedEnergyMinutes = 46080
iIdleWhenGridNeedsEnergyMinutes = 4687226
iEnergyPriceIsZeroMinutes = 240
harvester.getEnergyHarvestedAVAILABLEKilowattHours( ): 1.5343929966666667E7
harvester.getEnergyHarvestedKilowattHours(): 0.0
The running average is 121
The y-int is 8
Energy harvested: 5826435.18777709
iGeneratingEnergyWhenGridNeedsEnergyMinutes =747882
iGeneratingEnergyWhenGridNeedsEnergyMinutes =747882
iUsingEnergyWhenGridNeedsEnergyMinutes =31385
iGeneratingEnergyWhenGridHasExcessEnergyMinutes = 883
iUsingEnergyWhenGridHasExcessEnergyMinutes = 38
iIdleWhenGridDoesNotNeedEnergyMinutes = 45159
iIdleWhenGridNeedsEnergyMinutes = 3907959
iEnergyPriceIsZeroMinutes = 240
harvester.getEnergyHarvestedAVAILABLEKilowattHours( ): 1.5343929966666667E7
harvester.getEnergyHarvestedKilowattHours(): 5826435.18777709
The y-int is 18
Energy harvested: 302257.81027777767
iGeneratingEnergyWhenGridNeedsEnergyMinutes =10683
iGeneratingEnergyWhenGridNeedsEnergyMinutes =10683
iUsingEnergyWhenGridNeedsEnergyMinutes =22
iGeneratingEnergyWhenGridHasExcessEnergyMinutes = 0
iUsingEnergyWhenGridHasExcessEnergyMinutes = 0
iIdleWhenGridDoesNotNeedEnergyMinutes = 46080
iIdleWhenGridNeedsEnergyMinutes = 4676521
iEnergyPriceIsZeroMinutes = 240
harvester.getEnergyHarvestedAVAILABLEKilowattHours( ): 1.5343929966666667E7
harvester.getEnergyHarvestedKilowattHours(): 302257.81027777767
The y-int is 28
Energy harvested: 0.0
iGeneratingEnergyWhenGridNeedsEnergyMinutes =0
iGeneratingEnergyWhenGridNeedsEnergyMinutes =0
iUsingEnergyWhenGridNeedsEnergyMinutes =1
iGeneratingEnergyWhenGridHasExcessEnergyMinutes = 0
iUsingEnergyWhenGridHasExcessEnergyMinutes = 0
iIdleWhenGridDoesNotNeedEnergyMinutes = 46080
iIdleWhenGridNeedsEnergyMinutes = 4687225
iEnergyPriceIsZeroMinutes = 240
harvester.getEnergyHarvestedAVAILABLEKilowattHours( ): 1.5343929966666667E7
harvester.getEnergyHarvestedKilowattHours(): 0.0
The y-int is 38
Energy harvested: 0.0
iGeneratingEnergyWhenGridNeedsEnergyMinutes =0
iGeneratingEnergyWhenGridNeedsEnergyMinutes =0
iUsingEnergyWhenGridNeedsEnergyMinutes =0
iGeneratingEnergyWhenGridHasExcessEnergyMinutes = 0
iUsingEnergyWhenGridHasExcessEnergyMinutes = 0
iIdleWhenGridDoesNotNeedEnergyMinutes = 46080
iIdleWhenGridNeedsEnergyMinutes = 4687226
iEnergyPriceIsZeroMinutes = 240
harvester.getEnergyHarvestedAVAILABLEKilowattHours( ): 1.5343929966666667E7
harvester.getEnergyHarvestedKilowattHours(): 0.0
Beginning testing mode:
station,&,y_intercept_for_month_1,&,running_average_size_minutes_for_month_1,&,y_intercept_for_month_2,&,running_average_size_minutes_for_month_2,&,y_intercept_for_month_3,&,running_average_size_minutes_for_month_3,&,y_intercept_for_month_4,&,running_average_size_minutes_for_month_4,&,y_intercept_for_month_5,&,running_average_size_minutes_for_month_5,&,y_intercept_for_month_6,&,running_average_size_minutes_for_month_6,&,y_intercept_for_month_7,&,running_average_size_minutes_for_month_7,&,y_intercept_for_month_8,&,running_average_size_minutes_for_month_8,&,y_intercept_for_month_9,&,running_average_size_minutes_for_month_9,&,y_intercept_for_month_10,&,running_average_size_minutes_for_month_10,&,y_intercept_for_month_11,&,running_average_size_minutes_for_month_11,&,y_intercept_for_month_12,&,running_average_size_minutes_for_month_12,&,dNetNorm,&,dMarketBalancePercentage,&,dMarketNetNorm,
results: KMSP,&,8,&,1,&,8,&,1,&,8,&,1,&,8,&,1,&,8,&,1,&,8,&,1,&,8,&,1,&,8,&,1,&,8,&,1,&,8,&,1,&,8,&,1,&,8,&,1,&,0.38588924547103437,&,0.9095700574718121,&,0.35099330318084293
monthly visible minutes:KMSP,&,2013,&,8912,&,8140,&,8595,&,12652,&,10716,&,8675,&,9883,&,9093,&,9984,&,11853,&,10063,&,8718,&,
monthly visible minutes:KMSP,&,2014,&,9200,&,7793,&,11102,&,13023,&,10060,&,9081,&,10895,&,8874,&,10313,&,10682,&,10779,&,10147,&,
monthly minutes harvester between states:KMSP,&,2013,&,973,&,781,&,1077,&,1423,&,1530,&,1585,&,1397,&,2371,&,1332,&,1283,&,1040,&,1053,&,
monthly minutes harvester between states:KMSP,&,2014,&,812,&,1041,&,1457,&,1311,&,1952,&,1412,&,1623,&,2268,&,1506,&,1416,&,793,&,967,&,
station,&,y_intercept_for_month_1,&,running_average_size_minutes_for_month_1,&,y_intercept_for_month_2,&,running_average_size_minutes_for_month_2,&,y_intercept_for_month_3,&,running_average_size_minutes_for_month_3,&,y_intercept_for_month_4,&,running_average_size_minutes_for_month_4,&,y_intercept_for_month_5,&,running_average_size_minutes_for_month_5,&,y_intercept_for_month_6,&,running_average_size_minutes_for_month_6,&,y_intercept_for_month_7,&,running_average_size_minutes_for_month_7,&,y_intercept_for_month_8,&,running_average_size_minutes_for_month_8,&,y_intercept_for_month_9,&,running_average_size_minutes_for_month_9,&,y_intercept_for_month_10,&,running_average_size_minutes_for_month_10,&,y_intercept_for_month_11,&,running_average_size_minutes_for_month_11,&,y_intercept_for_month_12,&,running_average_size_minutes_for_month_12,&,dNetNorm,&,dMarketBalancePercentage,&,dMarketNetNorm,
results: KMSP,&,8,&,1,&,8,&,61,&,8,&,31,&,8,&,31,&,8,&,31,&,8,&,61,&,8,&,31,&,8,&,31,&,8,&,31,&,8,&,31,&,8,&,1,&,8,&,1,&,0.382615582080659,&,0.9372217207803668,&,0.3585956342350169
monthly visible minutes:KMSP,&,2013,&,8912,&,8140,&,8595,&,12652,&,10716,&,8675,&,9883,&,9093,&,9984,&,11853,&,10063,&,8718,&,
monthly visible minutes:KMSP,&,2014,&,9200,&,7793,&,11102,&,13023,&,10060,&,9081,&,10895,&,8874,&,10313,&,10682,&,10779,&,10147,&,
monthly minutes harvester between states:KMSP,&,2013,&,973,&,781,&,1077,&,1423,&,1530,&,1585,&,1397,&,2371,&,1332,&,1283,&,1040,&,1053,&,
monthly minutes harvester between states:KMSP,&,2014,&,812,&,1041,&,1457,&,1311,&,1952,&,1412,&,1623,&,2268,&,1506,&,1416,&,793,&,967,&,
Station: KORD
abc: The current path is /home/guy/retractable-wind
I have found the property file.
The training windspeed filename is /trainingKORD2004-2012in.csv
The testing windspeed filename is /testingKORD2013-2014in.csv
Yes, the station is KORD
Warning: The bAlsoUsePrediction no longer has any effect
iUsedAllItsAllocatedVisibilityMinutesPerMonth: 51234
Visibility Allocation Minutes:51234
HARVESTER_SIZE_SQM is 6362
Reading file
Success: /Wind turbine power curves - wind turbine power output against wind speed in knots.csv found.
Speed (Knots) = Speed(knots) vs power (kW) , Power (kW) =V90
Speed (Knots) = 0 , Power (kW) =0
Speed (Knots) = 1 , Power (kW) =0
Speed (Knots) = 2 , Power (kW) =0
Speed (Knots) = 3 , Power (kW) =0
Speed (Knots) = 4 , Power (kW) =0
Speed (Knots) = 5 , Power (kW) =0
Speed (Knots) = 6 , Power (kW) =0
Speed (Knots) = 7 , Power (kW) =38
Speed (Knots) = 8 , Power (kW) =87
Speed (Knots) = 9 , Power (kW) =141
Speed (Knots) = 10 , Power (kW) =207
Speed (Knots) = 11 , Power (kW) =286
Speed (Knots) = 12 , Power (kW) =382
Speed (Knots) = 13 , Power (kW) =496
Speed (Knots) = 14 , Power (kW) =628
Speed (Knots) = 15 , Power (kW) =781
Speed (Knots) = 16 , Power (kW) =957
Speed (Knots) = 17 , Power (kW) =1153
Speed (Knots) = 18 , Power (kW) =1366
Speed (Knots) = 19 , Power (kW) =1589
Speed (Knots) = 20 , Power (kW) =1814
Speed (Knots) = 21 , Power (kW) =2035
Speed (Knots) = 22 , Power (kW) =2250
Speed (Knots) = 23 , Power (kW) =2452
Speed (Knots) = 24 , Power (kW) =2634
Speed (Knots) = 25 , Power (kW) =2784
Speed (Knots) = 26 , Power (kW) =2888
Speed (Knots) = 27 , Power (kW) =2949
Speed (Knots) = 28 , Power (kW) =2980
Speed (Knots) = 29 , Power (kW) =2993
Speed (Knots) = 30 , Power (kW) =3000
Speed (Knots) = 31 , Power (kW) =3000
Speed (Knots) = 32 , Power (kW) =3000
Speed (Knots) = 33 , Power (kW) =3000
Speed (Knots) = 34 , Power (kW) =3000
Speed (Knots) = 35 , Power (kW) =3000
Speed (Knots) = 36 , Power (kW) =3000
Speed (Knots) = 37 , Power (kW) =3000
Speed (Knots) = 38 , Power (kW) =3000
Speed (Knots) = 39 , Power (kW) =3000
Speed (Knots) = 40 , Power (kW) =3000
Speed (Knots) = 41 , Power (kW) =3000
Speed (Knots) = 42 , Power (kW) =3000
Speed (Knots) = 43 , Power (kW) =3000
Speed (Knots) = 44 , Power (kW) =3000
Speed (Knots) = 45 , Power (kW) =3000
Speed (Knots) = 46 , Power (kW) =3000
Speed (Knots) = 47 , Power (kW) =3000
Speed (Knots) = 48 , Power (kW) =3000
Speed (Knots) = 49 , Power (kW) =0
Speed (Knots) = 50 , Power (kW) =0
Speed (Knots) = 51 , Power (kW) =0
Speed (Knots) = 52 , Power (kW) =0
Speed (Knots) = 53 , Power (kW) =0
Speed (Knots) = 54 , Power (kW) =0
Speed (Knots) = 55 , Power (kW) =0
Speed (Knots) = 56 , Power (kW) =0
Speed (Knots) = 57 , Power (kW) =0
Speed (Knots) = 58 , Power (kW) =0
Speed (Knots) = 59 , Power (kW) =0
Speed (Knots) = 60 , Power (kW) =0
The scale is 1.0
Wind power at 10 knots in kilowatts is 207.0
Wind power in-cut-out test 0.0
Aging
Class name:edu.pitt.cs.people.guy.wind.benchmarks.Aging
Success: /Noise_Allowed_Time_Definitions_All_Stations.csv found.
The station is the record is KORD
Success: /Noise_Allowed_Time_Definitions_All_Stations.csv found.
The station is the record is KORD
I have found the membership file for NOT WINDY.
Windspeed (knots) [0,1), Membership Value =1.00000000,1.0
Windspeed (knots) [1,2), Membership Value =0.99997533,0.9999753
Windspeed (knots) [2,3), Membership Value =0.99960506,0.99960506
Windspeed (knots) [3,4), Membership Value =0.99771125,0.99771124
Windspeed (knots) [4,5), Membership Value =0.99179612,0.99179614
Windspeed (knots) [5,6), Membership Value =0.97771872,0.9777187
Windspeed (knots) [6,7), Membership Value =0.95321127,0.95321125
Windspeed (knots) [7,8), Membership Value =0.91504208,0.9150421
Windspeed (knots) [8,9), Membership Value =0.86135187,0.86135185
Windspeed (knots) [9,10), Membership Value =0.79135992,0.7913599
Windspeed (knots) [10,11), Membership Value =0.70759926,0.7075993
Windspeed (knots) [11,12), Membership Value =0.61289660,0.6128966
Windspeed (knots) [12,13), Membership Value =0.51111605,0.511116
Windspeed (knots) [13,14), Membership Value =0.41162103,0.41162103
Windspeed (knots) [14,15), Membership Value =0.31438982,0.31438982
Windspeed (knots) [15,16), Membership Value =0.22247083,0.22247083
Windspeed (knots) [16,17), Membership Value =0.13821041,0.13821042
Windspeed (knots) [17,18), Membership Value =0.06188268,0.06188268
Windspeed (knots) [18,19), Membership Value =0.00000000,0.0
Windspeed (knots) [19,20), Membership Value =0.00000000,0.0
Windspeed (knots) [20,21), Membership Value =0.00000000,0.0
Windspeed (knots) [21,22), Membership Value =0.00000000,0.0
Windspeed (knots) [22,23), Membership Value =0.00000000,0.0
Windspeed (knots) [23,24), Membership Value =0.00000000,0.0
Windspeed (knots) [24,25), Membership Value =0.00000000,0.0
Windspeed (knots) [25,26), Membership Value =0.00000000,0.0
Windspeed (knots) [26,27), Membership Value =0.00000000,0.0
Windspeed (knots) [27,28), Membership Value =0.00000000,0.0
Windspeed (knots) [28,29), Membership Value =0.00000000,0.0
Windspeed (knots) [29,30), Membership Value =0.00000000,0.0
Windspeed (knots) [30,31), Membership Value =0.00000000,0.0
Windspeed (knots) [31,32), Membership Value =0.00000000,0.0
Windspeed (knots) [32,33), Membership Value =0.00000000,0.0
Windspeed (knots) [33,34), Membership Value =0.00000000,0.0
Windspeed (knots) [34,35), Membership Value =0.00000000,0.0
Windspeed (knots) [35,36), Membership Value =0.00000000,0.0
Windspeed (knots) [36,37), Membership Value =0.00000000,0.0
Windspeed (knots) [37,38), Membership Value =0.00000000,0.0
Windspeed (knots) [38,39), Membership Value =0.00000000,0.0
Windspeed (knots) [39,40), Membership Value =0.00000000,0.0
Windspeed (knots) [40,41), Membership Value =0.00000000,0.0
Windspeed (knots) [41,42), Membership Value =0.00000000,0.0
Windspeed (knots) [42,43), Membership Value =0.00000000,0.0
Windspeed (knots) [43,44), Membership Value =0.00000000,0.0
Windspeed (knots) [44,45), Membership Value =0.00000000,0.0
Windspeed (knots) [45,46), Membership Value =0.00000000,0.0
Windspeed (knots) [46,47), Membership Value =0.00000000,0.0
Windspeed (knots) [47,48), Membership Value =0.00000000,0.0
Windspeed (knots) [48,49), Membership Value =0.00000000,0.0
Windspeed (knots) [49,50), Membership Value =0.00000000,0.0
Windspeed (knots) [50,51), Membership Value =0.00000000,0.0
Windspeed (knots) [51,52), Membership Value =0.00000000,0.0
Windspeed (knots) [52,53), Membership Value =0.00000000,0.0
Windspeed (knots) [53,54), Membership Value =0.00000000,0.0
Windspeed (knots) [54,55), Membership Value =0.00000000,0.0
Windspeed (knots) [55,56), Membership Value =0.00000000,0.0
Windspeed (knots) [56,57), Membership Value =0.00000000,0.0
Windspeed (knots) [57,58), Membership Value =0.00000000,0.0
Windspeed (knots) [58,59), Membership Value =0.00000000,0.0
Windspeed (knots) [59,60), Membership Value =0.00000000,0.0
Windspeed (knots) [60,61), Membership Value =0.00000000,0.0
Windspeed (knots) [61,62), Membership Value =0.00000000,0.0
Windspeed (knots) [62,63), Membership Value =0.00000000,0.0
Windspeed (knots) [63,64), Membership Value =0.00000000,0.0
Windspeed (knots) [64,65), Membership Value =0.00000000,0.0
Windspeed (knots) [65,66), Membership Value =0.00000000,0.0
Windspeed (knots) [66,67), Membership Value =0.00000000,0.0
Windspeed (knots) [67,68), Membership Value =0.00000000,0.0
Windspeed (knots) [68,69), Membership Value =0.00000000,0.0
Windspeed (knots) [69,70), Membership Value =0.00000000,0.0
Windspeed (knots) [70,71), Membership Value =0.00000000,0.0
Windspeed (knots) [71,72), Membership Value =0.00000000,0.0
Windspeed (knots) [72,73), Membership Value =0.00000000,0.0
Windspeed (knots) [73,74), Membership Value =0.00000000,0.0
Windspeed (knots) [74,75), Membership Value =0.00000000,0.0
Windspeed (knots) [75,76), Membership Value =0.00000000,0.0
Windspeed (knots) [76,77), Membership Value =0.00000000,0.0
Windspeed (knots) [77,78), Membership Value =0.00000000,0.0
Windspeed (knots) [78,79), Membership Value =0.00000000,0.0
Windspeed (knots) [79,80), Membership Value =0.00000000,0.0
Windspeed (knots) [80,81), Membership Value =0.00000000,0.0
Windspeed (knots) [81,82), Membership Value =0.00000000,0.0
Windspeed (knots) [82,83), Membership Value =0.00000000,0.0
Windspeed (knots) [83,84), Membership Value =0.00000000,0.0
Windspeed (knots) [84,85), Membership Value =0.00000000,0.0
Windspeed (knots) [85,86), Membership Value =0.00000000,0.0
Windspeed (knots) [86,87), Membership Value =0.00000000,0.0
Windspeed (knots) [87,88), Membership Value =0.00000000,0.0
Windspeed (knots) [88,89), Membership Value =0.00000000,0.0
Windspeed (knots) [89,90), Membership Value =0.00000000,0.0
Windspeed (knots) [90,91), Membership Value =0.00000000,0.0
Windspeed (knots) [91,92), Membership Value =0.00000000,0.0
Windspeed (knots) [92,93), Membership Value =0.00000000,0.0
Windspeed (knots) [93,94), Membership Value =0.00000000,0.0
Windspeed (knots) [94,95), Membership Value =0.00000000,0.0
Windspeed (knots) [95,96), Membership Value =0.00000000,0.0
Windspeed (knots) [96,97), Membership Value =0.00000000,0.0
Windspeed (knots) [97,98), Membership Value =0.00000000,0.0
Windspeed (knots) [98,99), Membership Value =0.00000000,0.0
Windspeed (knots) [99,100), Membership Value =0.00000000,0.0
Windspeed (knots) [100,101), Membership Value =0.00000000,0.0
Windspeed (knots) [101,102), Membership Value =0.00000000,0.0
Windspeed (knots) [102,103), Membership Value =0.00000000,0.0
Windspeed (knots) [103,104), Membership Value =0.00000000,0.0
Windspeed (knots) [104,105), Membership Value =0.00000000,0.0
Windspeed (knots) [105,106), Membership Value =0.00000000,0.0
Windspeed (knots) [106,107), Membership Value =0.00000000,0.0
Windspeed (knots) [107,108), Membership Value =0.00000000,0.0
Windspeed (knots) [108,109), Membership Value =0.00000000,0.0
Windspeed (knots) [109,110), Membership Value =0.00000000,0.0
Windspeed (knots) [110,111), Membership Value =0.00000000,0.0
Windspeed (knots) [111,112), Membership Value =0.00000000,0.0
Windspeed (knots) [112,113), Membership Value =0.00000000,0.0
Windspeed (knots) [113,114), Membership Value =0.00000000,0.0
Windspeed (knots) [114,115), Membership Value =0.00000000,0.0
Windspeed (knots) [115,116), Membership Value =0.00000000,0.0
Windspeed (knots) [116,117), Membership Value =0.00000000,0.0
Windspeed (knots) [117,118), Membership Value =0.00000000,0.0
Windspeed (knots) [118,119), Membership Value =0.00000000,0.0
Windspeed (knots) [119,120), Membership Value =0.00000000,0.0
Windspeed (knots) [120,121), Membership Value =0.00000000,0.0
Windspeed (knots) [121,122), Membership Value =0.00000000,0.0
Windspeed (knots) [122,123), Membership Value =0.00000000,0.0
Windspeed (knots) [123,124), Membership Value =0.00000000,0.0
Windspeed (knots) [124,125), Membership Value =0.00000000,0.0
LowestWindspeedThatIsWindyKnots for station KORD is 8 knots.
Transition limited :false
bUseWeatherPrediction: true
The running average is 1
The y-int is 8
Energy harvested: 1.0447217723066358E7
iGeneratingEnergyWhenGridNeedsEnergyMinutes =1454090
iGeneratingEnergyWhenGridNeedsEnergyMinutes =1454090
iUsingEnergyWhenGridNeedsEnergyMinutes =99319
iGeneratingEnergyWhenGridHasExcessEnergyMinutes = 3393
iUsingEnergyWhenGridHasExcessEnergyMinutes = 119
iIdleWhenGridDoesNotNeedEnergyMinutes = 42568
iIdleWhenGridNeedsEnergyMinutes = 3134955
iEnergyPriceIsZeroMinutes = 240
harvester.getEnergyHarvestedAVAILABLEKilowattHours( ): 1.7193785366666667E7
harvester.getEnergyHarvestedKilowattHours(): 1.0447217723066358E7
The y-int is 18
Energy harvested: 811040.3
iGeneratingEnergyWhenGridNeedsEnergyMinutes =24755
iGeneratingEnergyWhenGridNeedsEnergyMinutes =24755
iUsingEnergyWhenGridNeedsEnergyMinutes =1
iGeneratingEnergyWhenGridHasExcessEnergyMinutes = 157
iUsingEnergyWhenGridHasExcessEnergyMinutes = 0
iIdleWhenGridDoesNotNeedEnergyMinutes = 45923
iIdleWhenGridNeedsEnergyMinutes = 4663608
iEnergyPriceIsZeroMinutes = 240
harvester.getEnergyHarvestedAVAILABLEKilowattHours( ): 1.7193785366666667E7
harvester.getEnergyHarvestedKilowattHours(): 811040.3
The y-int is 28
Energy harvested: 2261.8333333333335
iGeneratingEnergyWhenGridNeedsEnergyMinutes =46
iGeneratingEnergyWhenGridNeedsEnergyMinutes =46
iUsingEnergyWhenGridNeedsEnergyMinutes =1
iGeneratingEnergyWhenGridHasExcessEnergyMinutes = 0
iUsingEnergyWhenGridHasExcessEnergyMinutes = 0
iIdleWhenGridDoesNotNeedEnergyMinutes = 46080
iIdleWhenGridNeedsEnergyMinutes = 4688317
iEnergyPriceIsZeroMinutes = 240
harvester.getEnergyHarvestedAVAILABLEKilowattHours( ): 1.7193785366666667E7
harvester.getEnergyHarvestedKilowattHours(): 2261.8333333333335
The y-int is 38
Energy harvested: 0.0
iGeneratingEnergyWhenGridNeedsEnergyMinutes =0
iGeneratingEnergyWhenGridNeedsEnergyMinutes =0
iUsingEnergyWhenGridNeedsEnergyMinutes =1
iGeneratingEnergyWhenGridHasExcessEnergyMinutes = 0
iUsingEnergyWhenGridHasExcessEnergyMinutes = 0
iIdleWhenGridDoesNotNeedEnergyMinutes = 46080
iIdleWhenGridNeedsEnergyMinutes = 4688363
iEnergyPriceIsZeroMinutes = 240
harvester.getEnergyHarvestedAVAILABLEKilowattHours( ): 1.7193785366666667E7
harvester.getEnergyHarvestedKilowattHours(): 0.0
The running average is 31
The y-int is 8
Energy harvested: 1.036431850250615E7
iGeneratingEnergyWhenGridNeedsEnergyMinutes =1421487
iGeneratingEnergyWhenGridNeedsEnergyMinutes =1421487
iUsingEnergyWhenGridNeedsEnergyMinutes =57291
iGeneratingEnergyWhenGridHasExcessEnergyMinutes = 3372
iUsingEnergyWhenGridHasExcessEnergyMinutes = 109
iIdleWhenGridDoesNotNeedEnergyMinutes = 42599
iIdleWhenGridNeedsEnergyMinutes = 3209586
iEnergyPriceIsZeroMinutes = 240
harvester.getEnergyHarvestedAVAILABLEKilowattHours( ): 1.7193785366666667E7
harvester.getEnergyHarvestedKilowattHours(): 1.036431850250615E7
The y-int is 18
Energy harvested: 933830.1158333346
iGeneratingEnergyWhenGridNeedsEnergyMinutes =30895
iGeneratingEnergyWhenGridNeedsEnergyMinutes =30895
iUsingEnergyWhenGridNeedsEnergyMinutes =115
iGeneratingEnergyWhenGridHasExcessEnergyMinutes = 219
iUsingEnergyWhenGridHasExcessEnergyMinutes = 0
iIdleWhenGridDoesNotNeedEnergyMinutes = 45861
iIdleWhenGridNeedsEnergyMinutes = 4657354
iEnergyPriceIsZeroMinutes = 240
harvester.getEnergyHarvestedAVAILABLEKilowattHours( ): 1.7193785366666667E7
harvester.getEnergyHarvestedKilowattHours(): 933830.1158333346
The y-int is 28
Energy harvested: 570.4833333333333
iGeneratingEnergyWhenGridNeedsEnergyMinutes =12
iGeneratingEnergyWhenGridNeedsEnergyMinutes =12
iUsingEnergyWhenGridNeedsEnergyMinutes =1
iGeneratingEnergyWhenGridHasExcessEnergyMinutes = 0
iUsingEnergyWhenGridHasExcessEnergyMinutes = 0
iIdleWhenGridDoesNotNeedEnergyMinutes = 46080
iIdleWhenGridNeedsEnergyMinutes = 4688351
iEnergyPriceIsZeroMinutes = 240
harvester.getEnergyHarvestedAVAILABLEKilowattHours( ): 1.7193785366666667E7
harvester.getEnergyHarvestedKilowattHours(): 570.4833333333333
The y-int is 38
Energy harvested: 0.0
iGeneratingEnergyWhenGridNeedsEnergyMinutes =0
iGeneratingEnergyWhenGridNeedsEnergyMinutes =0
iUsingEnergyWhenGridNeedsEnergyMinutes =1
iGeneratingEnergyWhenGridHasExcessEnergyMinutes = 0
iUsingEnergyWhenGridHasExcessEnergyMinutes = 0
iIdleWhenGridDoesNotNeedEnergyMinutes = 46080
iIdleWhenGridNeedsEnergyMinutes = 4688363
iEnergyPriceIsZeroMinutes = 240
harvester.getEnergyHarvestedAVAILABLEKilowattHours( ): 1.7193785366666667E7
harvester.getEnergyHarvestedKilowattHours(): 0.0
The running average is 61
The y-int is 8
Energy harvested: 1.0279089932505608E7
iGeneratingEnergyWhenGridNeedsEnergyMinutes =1387152
iGeneratingEnergyWhenGridNeedsEnergyMinutes =1387152
iUsingEnergyWhenGridNeedsEnergyMinutes =52712
iGeneratingEnergyWhenGridHasExcessEnergyMinutes = 3346
iUsingEnergyWhenGridHasExcessEnergyMinutes = 109
iIdleWhenGridDoesNotNeedEnergyMinutes = 42625
iIdleWhenGridNeedsEnergyMinutes = 3248500
iEnergyPriceIsZeroMinutes = 240
harvester.getEnergyHarvestedAVAILABLEKilowattHours( ): 1.7193785366666667E7
harvester.getEnergyHarvestedKilowattHours(): 1.0279089932505608E7
The y-int is 18
Energy harvested: 838399.1288888896
iGeneratingEnergyWhenGridNeedsEnergyMinutes =27974
iGeneratingEnergyWhenGridNeedsEnergyMinutes =27974
iUsingEnergyWhenGridNeedsEnergyMinutes =74
iGeneratingEnergyWhenGridHasExcessEnergyMinutes = 160
iUsingEnergyWhenGridHasExcessEnergyMinutes = 0
iIdleWhenGridDoesNotNeedEnergyMinutes = 45920
iIdleWhenGridNeedsEnergyMinutes = 4660316
iEnergyPriceIsZeroMinutes = 240
harvester.getEnergyHarvestedAVAILABLEKilowattHours( ): 1.7193785366666667E7
harvester.getEnergyHarvestedKilowattHours(): 838399.1288888896
The y-int is 28
Energy harvested: 0.0
iGeneratingEnergyWhenGridNeedsEnergyMinutes =0
iGeneratingEnergyWhenGridNeedsEnergyMinutes =0
iUsingEnergyWhenGridNeedsEnergyMinutes =1
iGeneratingEnergyWhenGridHasExcessEnergyMinutes = 0
iUsingEnergyWhenGridHasExcessEnergyMinutes = 0
iIdleWhenGridDoesNotNeedEnergyMinutes = 46080
iIdleWhenGridNeedsEnergyMinutes = 4688363
iEnergyPriceIsZeroMinutes = 240
harvester.getEnergyHarvestedAVAILABLEKilowattHours( ): 1.7193785366666667E7
harvester.getEnergyHarvestedKilowattHours(): 0.0
The y-int is 38
Energy harvested: 0.0
iGeneratingEnergyWhenGridNeedsEnergyMinutes =0
iGeneratingEnergyWhenGridNeedsEnergyMinutes =0
iUsingEnergyWhenGridNeedsEnergyMinutes =0
iGeneratingEnergyWhenGridHasExcessEnergyMinutes = 0
iUsingEnergyWhenGridHasExcessEnergyMinutes = 0
iIdleWhenGridDoesNotNeedEnergyMinutes = 46080
iIdleWhenGridNeedsEnergyMinutes = 4688364
iEnergyPriceIsZeroMinutes = 240
harvester.getEnergyHarvestedAVAILABLEKilowattHours( ): 1.7193785366666667E7
harvester.getEnergyHarvestedKilowattHours(): 0.0
The running average is 91
The y-int is 8
Energy harvested: 1.0201707978616286E7
iGeneratingEnergyWhenGridNeedsEnergyMinutes =1359156
iGeneratingEnergyWhenGridNeedsEnergyMinutes =1359156
iUsingEnergyWhenGridNeedsEnergyMinutes =50490
iGeneratingEnergyWhenGridHasExcessEnergyMinutes = 3300
iUsingEnergyWhenGridHasExcessEnergyMinutes = 109
iIdleWhenGridDoesNotNeedEnergyMinutes = 42671
iIdleWhenGridNeedsEnergyMinutes = 3278718
iEnergyPriceIsZeroMinutes = 240
harvester.getEnergyHarvestedAVAILABLEKilowattHours( ): 1.7193785366666667E7
harvester.getEnergyHarvestedKilowattHours(): 1.0201707978616286E7
The y-int is 18
Energy harvested: 762267.5261111114
iGeneratingEnergyWhenGridNeedsEnergyMinutes =25554
iGeneratingEnergyWhenGridNeedsEnergyMinutes =25554
iUsingEnergyWhenGridNeedsEnergyMinutes =23
iGeneratingEnergyWhenGridHasExcessEnergyMinutes = 135
iUsingEnergyWhenGridHasExcessEnergyMinutes = 0
iIdleWhenGridDoesNotNeedEnergyMinutes = 45945
iIdleWhenGridNeedsEnergyMinutes = 4662787
iEnergyPriceIsZeroMinutes = 240
harvester.getEnergyHarvestedAVAILABLEKilowattHours( ): 1.7193785366666667E7
harvester.getEnergyHarvestedKilowattHours(): 762267.5261111114
The y-int is 28
Energy harvested: 0.0
iGeneratingEnergyWhenGridNeedsEnergyMinutes =0
iGeneratingEnergyWhenGridNeedsEnergyMinutes =0
iUsingEnergyWhenGridNeedsEnergyMinutes =1
iGeneratingEnergyWhenGridHasExcessEnergyMinutes = 0
iUsingEnergyWhenGridHasExcessEnergyMinutes = 0
iIdleWhenGridDoesNotNeedEnergyMinutes = 46080
iIdleWhenGridNeedsEnergyMinutes = 4688363
iEnergyPriceIsZeroMinutes = 240
harvester.getEnergyHarvestedAVAILABLEKilowattHours( ): 1.7193785366666667E7
harvester.getEnergyHarvestedKilowattHours(): 0.0
The y-int is 38
Energy harvested: 0.0
iGeneratingEnergyWhenGridNeedsEnergyMinutes =0
iGeneratingEnergyWhenGridNeedsEnergyMinutes =0
iUsingEnergyWhenGridNeedsEnergyMinutes =0
iGeneratingEnergyWhenGridHasExcessEnergyMinutes = 0
iUsingEnergyWhenGridHasExcessEnergyMinutes = 0
iIdleWhenGridDoesNotNeedEnergyMinutes = 46080
iIdleWhenGridNeedsEnergyMinutes = 4688364
iEnergyPriceIsZeroMinutes = 240
harvester.getEnergyHarvestedAVAILABLEKilowattHours( ): 1.7193785366666667E7
harvester.getEnergyHarvestedKilowattHours(): 0.0
The running average is 121
The y-int is 8
Energy harvested: 1.0119859848893737E7
iGeneratingEnergyWhenGridNeedsEnergyMinutes =1330891
iGeneratingEnergyWhenGridNeedsEnergyMinutes =1330891
iUsingEnergyWhenGridNeedsEnergyMinutes =48962
iGeneratingEnergyWhenGridHasExcessEnergyMinutes = 3249
iUsingEnergyWhenGridHasExcessEnergyMinutes = 109
iIdleWhenGridDoesNotNeedEnergyMinutes = 42722
iIdleWhenGridNeedsEnergyMinutes = 3308511
iEnergyPriceIsZeroMinutes = 240
harvester.getEnergyHarvestedAVAILABLEKilowattHours( ): 1.7193785366666667E7
harvester.getEnergyHarvestedKilowattHours(): 1.0119859848893737E7
The y-int is 18
Energy harvested: 717733.9322222223
iGeneratingEnergyWhenGridNeedsEnergyMinutes =24449
iGeneratingEnergyWhenGridNeedsEnergyMinutes =24449
iUsingEnergyWhenGridNeedsEnergyMinutes =5
iGeneratingEnergyWhenGridHasExcessEnergyMinutes = 108
iUsingEnergyWhenGridHasExcessEnergyMinutes = 0
iIdleWhenGridDoesNotNeedEnergyMinutes = 45972
iIdleWhenGridNeedsEnergyMinutes = 4663910
iEnergyPriceIsZeroMinutes = 240
harvester.getEnergyHarvestedAVAILABLEKilowattHours( ): 1.7193785366666667E7
harvester.getEnergyHarvestedKilowattHours(): 717733.9322222223
The y-int is 28
Energy harvested: 0.0
iGeneratingEnergyWhenGridNeedsEnergyMinutes =0
iGeneratingEnergyWhenGridNeedsEnergyMinutes =0
iUsingEnergyWhenGridNeedsEnergyMinutes =1
iGeneratingEnergyWhenGridHasExcessEnergyMinutes = 0
iUsingEnergyWhenGridHasExcessEnergyMinutes = 0
iIdleWhenGridDoesNotNeedEnergyMinutes = 46080
iIdleWhenGridNeedsEnergyMinutes = 4688363
iEnergyPriceIsZeroMinutes = 240
harvester.getEnergyHarvestedAVAILABLEKilowattHours( ): 1.7193785366666667E7
harvester.getEnergyHarvestedKilowattHours(): 0.0
The y-int is 38
Energy harvested: 0.0
iGeneratingEnergyWhenGridNeedsEnergyMinutes =0
iGeneratingEnergyWhenGridNeedsEnergyMinutes =0
iUsingEnergyWhenGridNeedsEnergyMinutes =0
iGeneratingEnergyWhenGridHasExcessEnergyMinutes = 0
iUsingEnergyWhenGridHasExcessEnergyMinutes = 0
iIdleWhenGridDoesNotNeedEnergyMinutes = 46080
iIdleWhenGridNeedsEnergyMinutes = 4688364
iEnergyPriceIsZeroMinutes = 240
harvester.getEnergyHarvestedAVAILABLEKilowattHours( ): 1.7193785366666667E7
harvester.getEnergyHarvestedKilowattHours(): 0.0
Beginning testing mode:
station,&,y_intercept_for_month_1,&,running_average_size_minutes_for_month_1,&,y_intercept_for_month_2,&,running_average_size_minutes_for_month_2,&,y_intercept_for_month_3,&,running_average_size_minutes_for_month_3,&,y_intercept_for_month_4,&,running_average_size_minutes_for_month_4,&,y_intercept_for_month_5,&,running_average_size_minutes_for_month_5,&,y_intercept_for_month_6,&,running_average_size_minutes_for_month_6,&,y_intercept_for_month_7,&,running_average_size_minutes_for_month_7,&,y_intercept_for_month_8,&,running_average_size_minutes_for_month_8,&,y_intercept_for_month_9,&,running_average_size_minutes_for_month_9,&,y_intercept_for_month_10,&,running_average_size_minutes_for_month_10,&,y_intercept_for_month_11,&,running_average_size_minutes_for_month_11,&,y_intercept_for_month_12,&,running_average_size_minutes_for_month_12,&,dNetNorm,&,dMarketBalancePercentage,&,dMarketNetNorm,
results: KORD,&,8,&,1,&,8,&,1,&,8,&,1,&,8,&,1,&,8,&,1,&,8,&,1,&,8,&,1,&,8,&,1,&,8,&,1,&,8,&,1,&,8,&,1,&,8,&,1,&,0.6018090062729808,&,0.9174504770955642,&,0.5521299599255536
monthly visible minutes:KORD,&,2013,&,16927,&,16504,&,17175,&,19750,&,18524,&,15936,&,15475,&,16751,&,15201,&,16313,&,17715,&,17318,&,
monthly visible minutes:KORD,&,2014,&,18961,&,11955,&,0,&,10782,&,19104,&,17309,&,17839,&,16329,&,13707,&,18112,&,18922,&,18108,&,
monthly minutes harvester between states:KORD,&,2013,&,1286,&,1332,&,2221,&,1916,&,2261,&,2289,&,2527,&,3373,&,2849,&,2021,&,1534,&,1491,&,
monthly minutes harvester between states:KORD,&,2014,&,1127,&,1035,&,0,&,856,&,2324,&,2403,&,2347,&,2734,&,2666,&,1962,&,1663,&,1385,&,
station,&,y_intercept_for_month_1,&,running_average_size_minutes_for_month_1,&,y_intercept_for_month_2,&,running_average_size_minutes_for_month_2,&,y_intercept_for_month_3,&,running_average_size_minutes_for_month_3,&,y_intercept_for_month_4,&,running_average_size_minutes_for_month_4,&,y_intercept_for_month_5,&,running_average_size_minutes_for_month_5,&,y_intercept_for_month_6,&,running_average_size_minutes_for_month_6,&,y_intercept_for_month_7,&,running_average_size_minutes_for_month_7,&,y_intercept_for_month_8,&,running_average_size_minutes_for_month_8,&,y_intercept_for_month_9,&,running_average_size_minutes_for_month_9,&,y_intercept_for_month_10,&,running_average_size_minutes_for_month_10,&,y_intercept_for_month_11,&,running_average_size_minutes_for_month_11,&,y_intercept_for_month_12,&,running_average_size_minutes_for_month_12,&,dNetNorm,&,dMarketBalancePercentage,&,dMarketNetNorm,
results: KORD,&,8,&,31,&,8,&,1,&,8,&,31,&,8,&,31,&,8,&,31,&,8,&,31,&,8,&,31,&,8,&,31,&,8,&,31,&,8,&,91,&,8,&,31,&,8,&,31,&,0.5982790444970111,&,0.9425328524849323,&,0.5638976543917277
monthly visible minutes:KORD,&,2013,&,16927,&,16504,&,17175,&,19750,&,18524,&,15936,&,15475,&,16751,&,15201,&,16313,&,17715,&,17318,&,
monthly visible minutes:KORD,&,2014,&,18961,&,11955,&,0,&,10782,&,19104,&,17309,&,17839,&,16329,&,13707,&,18112,&,18922,&,18108,&,
monthly minutes harvester between states:KORD,&,2013,&,1286,&,1332,&,2221,&,1916,&,2261,&,2289,&,2527,&,3373,&,2849,&,2021,&,1534,&,1491,&,
monthly minutes harvester between states:KORD,&,2014,&,1127,&,1035,&,0,&,856,&,2324,&,2403,&,2347,&,2734,&,2666,&,1962,&,1663,&,1385,&,
Station: KPHL
abc: The current path is /home/guy/retractable-wind
I have found the property file.
The training windspeed filename is /trainingKPHL2004-2012in.csv
The testing windspeed filename is /testingKPHL2013-2014in.csv
Yes, the station is KPHL
Warning: The bAlsoUsePrediction no longer has any effect
iUsedAllItsAllocatedVisibilityMinutesPerMonth: 51234
Visibility Allocation Minutes:51234
HARVESTER_SIZE_SQM is 6362
Reading file
Success: /Wind turbine power curves - wind turbine power output against wind speed in knots.csv found.
Speed (Knots) = Speed(knots) vs power (kW) , Power (kW) =V90
Speed (Knots) = 0 , Power (kW) =0
Speed (Knots) = 1 , Power (kW) =0
Speed (Knots) = 2 , Power (kW) =0
Speed (Knots) = 3 , Power (kW) =0
Speed (Knots) = 4 , Power (kW) =0
Speed (Knots) = 5 , Power (kW) =0
Speed (Knots) = 6 , Power (kW) =0
Speed (Knots) = 7 , Power (kW) =38
Speed (Knots) = 8 , Power (kW) =87
Speed (Knots) = 9 , Power (kW) =141
Speed (Knots) = 10 , Power (kW) =207
Speed (Knots) = 11 , Power (kW) =286
Speed (Knots) = 12 , Power (kW) =382
Speed (Knots) = 13 , Power (kW) =496
Speed (Knots) = 14 , Power (kW) =628
Speed (Knots) = 15 , Power (kW) =781
Speed (Knots) = 16 , Power (kW) =957
Speed (Knots) = 17 , Power (kW) =1153
Speed (Knots) = 18 , Power (kW) =1366
Speed (Knots) = 19 , Power (kW) =1589
Speed (Knots) = 20 , Power (kW) =1814
Speed (Knots) = 21 , Power (kW) =2035
Speed (Knots) = 22 , Power (kW) =2250
Speed (Knots) = 23 , Power (kW) =2452
Speed (Knots) = 24 , Power (kW) =2634
Speed (Knots) = 25 , Power (kW) =2784
Speed (Knots) = 26 , Power (kW) =2888
Speed (Knots) = 27 , Power (kW) =2949
Speed (Knots) = 28 , Power (kW) =2980
Speed (Knots) = 29 , Power (kW) =2993
Speed (Knots) = 30 , Power (kW) =3000
Speed (Knots) = 31 , Power (kW) =3000
Speed (Knots) = 32 , Power (kW) =3000
Speed (Knots) = 33 , Power (kW) =3000
Speed (Knots) = 34 , Power (kW) =3000
Speed (Knots) = 35 , Power (kW) =3000
Speed (Knots) = 36 , Power (kW) =3000
Speed (Knots) = 37 , Power (kW) =3000
Speed (Knots) = 38 , Power (kW) =3000
Speed (Knots) = 39 , Power (kW) =3000
Speed (Knots) = 40 , Power (kW) =3000
Speed (Knots) = 41 , Power (kW) =3000
Speed (Knots) = 42 , Power (kW) =3000
Speed (Knots) = 43 , Power (kW) =3000
Speed (Knots) = 44 , Power (kW) =3000
Speed (Knots) = 45 , Power (kW) =3000
Speed (Knots) = 46 , Power (kW) =3000
Speed (Knots) = 47 , Power (kW) =3000
Speed (Knots) = 48 , Power (kW) =3000
Speed (Knots) = 49 , Power (kW) =0
Speed (Knots) = 50 , Power (kW) =0
Speed (Knots) = 51 , Power (kW) =0
Speed (Knots) = 52 , Power (kW) =0
Speed (Knots) = 53 , Power (kW) =0
Speed (Knots) = 54 , Power (kW) =0
Speed (Knots) = 55 , Power (kW) =0
Speed (Knots) = 56 , Power (kW) =0
Speed (Knots) = 57 , Power (kW) =0
Speed (Knots) = 58 , Power (kW) =0
Speed (Knots) = 59 , Power (kW) =0
Speed (Knots) = 60 , Power (kW) =0
The scale is 1.0
Wind power at 10 knots in kilowatts is 207.0
Wind power in-cut-out test 0.0
Aging
Class name:edu.pitt.cs.people.guy.wind.benchmarks.Aging
Success: /Noise_Allowed_Time_Definitions_All_Stations.csv found.
The station is the record is KPHL
Success: /Noise_Allowed_Time_Definitions_All_Stations.csv found.
The station is the record is KPHL
I have found the membership file for NOT WINDY.
Windspeed (knots) [0,1), Membership Value =1.00000000,1.0
Windspeed (knots) [1,2), Membership Value =0.99997352,0.99997354
Windspeed (knots) [2,3), Membership Value =0.99956678,0.9995668
Windspeed (knots) [3,4), Membership Value =0.99747780,0.9974778
Windspeed (knots) [4,5), Membership Value =0.99096298,0.990963
Windspeed (knots) [5,6), Membership Value =0.97618897,0.97618896
Windspeed (knots) [6,7), Membership Value =0.94988473,0.9498847
Windspeed (knots) [7,8), Membership Value =0.91036394,0.9103639
Windspeed (knots) [8,9), Membership Value =0.85486817,0.8548682
Windspeed (knots) [9,10), Membership Value =0.78422207,0.78422207
Windspeed (knots) [10,11), Membership Value =0.70316518,0.7031652
Windspeed (knots) [11,12), Membership Value =0.61778189,0.6177819
Windspeed (knots) [12,13), Membership Value =0.52900270,0.5290027
Windspeed (knots) [13,14), Membership Value =0.43975275,0.43975276
Windspeed (knots) [14,15), Membership Value =0.35215236,0.35215235
Windspeed (knots) [15,16), Membership Value =0.26714747,0.26714748
Windspeed (knots) [16,17), Membership Value =0.18851818,0.18851818
Windspeed (knots) [17,18), Membership Value =0.11670629,0.11670629
Windspeed (knots) [18,19), Membership Value =0.05307307,0.05307307
Windspeed (knots) [19,20), Membership Value =0.00000000,0.0
Windspeed (knots) [20,21), Membership Value =0.00000000,0.0
Windspeed (knots) [21,22), Membership Value =0.00000000,0.0
Windspeed (knots) [22,23), Membership Value =0.00000000,0.0
Windspeed (knots) [23,24), Membership Value =0.00000000,0.0
Windspeed (knots) [24,25), Membership Value =0.00000000,0.0
Windspeed (knots) [25,26), Membership Value =0.00000000,0.0
Windspeed (knots) [26,27), Membership Value =0.00000000,0.0
Windspeed (knots) [27,28), Membership Value =0.00000000,0.0
Windspeed (knots) [28,29), Membership Value =0.00000000,0.0
Windspeed (knots) [29,30), Membership Value =0.00000000,0.0
Windspeed (knots) [30,31), Membership Value =0.00000000,0.0
Windspeed (knots) [31,32), Membership Value =0.00000000,0.0
Windspeed (knots) [32,33), Membership Value =0.00000000,0.0
Windspeed (knots) [33,34), Membership Value =0.00000000,0.0
Windspeed (knots) [34,35), Membership Value =0.00000000,0.0
Windspeed (knots) [35,36), Membership Value =0.00000000,0.0
Windspeed (knots) [36,37), Membership Value =0.00000000,0.0
Windspeed (knots) [37,38), Membership Value =0.00000000,0.0
Windspeed (knots) [38,39), Membership Value =0.00000000,0.0
Windspeed (knots) [39,40), Membership Value =0.00000000,0.0
Windspeed (knots) [40,41), Membership Value =0.00000000,0.0
Windspeed (knots) [41,42), Membership Value =0.00000000,0.0
Windspeed (knots) [42,43), Membership Value =0.00000000,0.0
Windspeed (knots) [43,44), Membership Value =0.00000000,0.0
Windspeed (knots) [44,45), Membership Value =0.00000000,0.0
Windspeed (knots) [45,46), Membership Value =0.00000000,0.0
Windspeed (knots) [46,47), Membership Value =0.00000000,0.0
Windspeed (knots) [47,48), Membership Value =0.00000000,0.0
Windspeed (knots) [48,49), Membership Value =0.00000000,0.0
Windspeed (knots) [49,50), Membership Value =0.00000000,0.0
Windspeed (knots) [50,51), Membership Value =0.00000000,0.0
Windspeed (knots) [51,52), Membership Value =0.00000000,0.0
Windspeed (knots) [52,53), Membership Value =0.00000000,0.0
Windspeed (knots) [53,54), Membership Value =0.00000000,0.0
Windspeed (knots) [54,55), Membership Value =0.00000000,0.0
Windspeed (knots) [55,56), Membership Value =0.00000000,0.0
Windspeed (knots) [56,57), Membership Value =0.00000000,0.0
Windspeed (knots) [57,58), Membership Value =0.00000000,0.0
Windspeed (knots) [58,59), Membership Value =0.00000000,0.0
Windspeed (knots) [59,60), Membership Value =0.00000000,0.0
Windspeed (knots) [60,61), Membership Value =0.00000000,0.0
Windspeed (knots) [61,62), Membership Value =0.00000000,0.0
Windspeed (knots) [62,63), Membership Value =0.00000000,0.0
Windspeed (knots) [63,64), Membership Value =0.00000000,0.0
Windspeed (knots) [64,65), Membership Value =0.00000000,0.0
Windspeed (knots) [65,66), Membership Value =0.00000000,0.0
Windspeed (knots) [66,67), Membership Value =0.00000000,0.0
Windspeed (knots) [67,68), Membership Value =0.00000000,0.0
Windspeed (knots) [68,69), Membership Value =0.00000000,0.0
Windspeed (knots) [69,70), Membership Value =0.00000000,0.0
Windspeed (knots) [70,71), Membership Value =0.00000000,0.0
Windspeed (knots) [71,72), Membership Value =0.00000000,0.0
Windspeed (knots) [72,73), Membership Value =0.00000000,0.0
Windspeed (knots) [73,74), Membership Value =0.00000000,0.0
Windspeed (knots) [74,75), Membership Value =0.00000000,0.0
Windspeed (knots) [75,76), Membership Value =0.00000000,0.0
Windspeed (knots) [76,77), Membership Value =0.00000000,0.0
Windspeed (knots) [77,78), Membership Value =0.00000000,0.0
Windspeed (knots) [78,79), Membership Value =0.00000000,0.0
Windspeed (knots) [79,80), Membership Value =0.00000000,0.0
Windspeed (knots) [80,81), Membership Value =0.00000000,0.0
Windspeed (knots) [81,82), Membership Value =0.00000000,0.0
Windspeed (knots) [82,83), Membership Value =0.00000000,0.0
Windspeed (knots) [83,84), Membership Value =0.00000000,0.0
Windspeed (knots) [84,85), Membership Value =0.00000000,0.0
Windspeed (knots) [85,86), Membership Value =0.00000000,0.0
Windspeed (knots) [86,87), Membership Value =0.00000000,0.0
Windspeed (knots) [87,88), Membership Value =0.00000000,0.0
Windspeed (knots) [88,89), Membership Value =0.00000000,0.0
Windspeed (knots) [89,90), Membership Value =0.00000000,0.0
Windspeed (knots) [90,91), Membership Value =0.00000000,0.0
Windspeed (knots) [91,92), Membership Value =0.00000000,0.0
Windspeed (knots) [92,93), Membership Value =0.00000000,0.0
Windspeed (knots) [93,94), Membership Value =0.00000000,0.0
Windspeed (knots) [94,95), Membership Value =0.00000000,0.0
Windspeed (knots) [95,96), Membership Value =0.00000000,0.0
Windspeed (knots) [96,97), Membership Value =0.00000000,0.0
Windspeed (knots) [97,98), Membership Value =0.00000000,0.0
Windspeed (knots) [98,99), Membership Value =0.00000000,0.0
Windspeed (knots) [99,100), Membership Value =0.00000000,0.0
Windspeed (knots) [100,101), Membership Value =0.00000000,0.0
Windspeed (knots) [101,102), Membership Value =0.00000000,0.0
Windspeed (knots) [102,103), Membership Value =0.00000000,0.0
Windspeed (knots) [103,104), Membership Value =0.00000000,0.0
Windspeed (knots) [104,105), Membership Value =0.00000000,0.0
Windspeed (knots) [105,106), Membership Value =0.00000000,0.0
Windspeed (knots) [106,107), Membership Value =0.00000000,0.0
Windspeed (knots) [107,108), Membership Value =0.00000000,0.0
Windspeed (knots) [108,109), Membership Value =0.00000000,0.0
Windspeed (knots) [109,110), Membership Value =0.00000000,0.0
Windspeed (knots) [110,111), Membership Value =0.00000000,0.0
Windspeed (knots) [111,112), Membership Value =0.00000000,0.0
Windspeed (knots) [112,113), Membership Value =0.00000000,0.0
Windspeed (knots) [113,114), Membership Value =0.00000000,0.0
Windspeed (knots) [114,115), Membership Value =0.00000000,0.0
Windspeed (knots) [115,116), Membership Value =0.00000000,0.0
Windspeed (knots) [116,117), Membership Value =0.00000000,0.0
Windspeed (knots) [117,118), Membership Value =0.00000000,0.0
Windspeed (knots) [118,119), Membership Value =0.00000000,0.0
Windspeed (knots) [119,120), Membership Value =0.00000000,0.0
Windspeed (knots) [120,121), Membership Value =0.00000000,0.0
Windspeed (knots) [121,122), Membership Value =0.00000000,0.0
Windspeed (knots) [122,123), Membership Value =0.00000000,0.0
Windspeed (knots) [123,124), Membership Value =0.00000000,0.0
Windspeed (knots) [124,125), Membership Value =0.00000000,0.0
LowestWindspeedThatIsWindyKnots for station KPHL is 8 knots.
Transition limited :false
bUseWeatherPrediction: true
The running average is 1
The y-int is 8
Energy harvested: 1.0722814851678912E7
iGeneratingEnergyWhenGridNeedsEnergyMinutes =1430438
iGeneratingEnergyWhenGridNeedsEnergyMinutes =1430438
iUsingEnergyWhenGridNeedsEnergyMinutes =99538
iGeneratingEnergyWhenGridHasExcessEnergyMinutes = 2375
iUsingEnergyWhenGridHasExcessEnergyMinutes = 101
iIdleWhenGridDoesNotNeedEnergyMinutes = 43604
iIdleWhenGridNeedsEnergyMinutes = 3157040
iEnergyPriceIsZeroMinutes = 240
harvester.getEnergyHarvestedAVAILABLEKilowattHours( ): 1.66037386E7
harvester.getEnergyHarvestedKilowattHours(): 1.0722814851678912E7
The y-int is 18
Energy harvested: 1122536.35
iGeneratingEnergyWhenGridNeedsEnergyMinutes =32410
iGeneratingEnergyWhenGridNeedsEnergyMinutes =32410
iUsingEnergyWhenGridNeedsEnergyMinutes =1
iGeneratingEnergyWhenGridHasExcessEnergyMinutes = 0
iUsingEnergyWhenGridHasExcessEnergyMinutes = 0
iIdleWhenGridDoesNotNeedEnergyMinutes = 46080
iIdleWhenGridNeedsEnergyMinutes = 4654605
iEnergyPriceIsZeroMinutes = 240
harvester.getEnergyHarvestedAVAILABLEKilowattHours( ): 1.66037386E7
harvester.getEnergyHarvestedKilowattHours(): 1122536.35
The y-int is 28
Energy harvested: 15231.033333333333
iGeneratingEnergyWhenGridNeedsEnergyMinutes =306
iGeneratingEnergyWhenGridNeedsEnergyMinutes =306
iUsingEnergyWhenGridNeedsEnergyMinutes =1
iGeneratingEnergyWhenGridHasExcessEnergyMinutes = 0
iUsingEnergyWhenGridHasExcessEnergyMinutes = 0
iIdleWhenGridDoesNotNeedEnergyMinutes = 46080
iIdleWhenGridNeedsEnergyMinutes = 4686709
iEnergyPriceIsZeroMinutes = 240
harvester.getEnergyHarvestedAVAILABLEKilowattHours( ): 1.66037386E7
harvester.getEnergyHarvestedKilowattHours(): 15231.033333333333
The y-int is 38
Energy harvested: 0.0
iGeneratingEnergyWhenGridNeedsEnergyMinutes =0
iGeneratingEnergyWhenGridNeedsEnergyMinutes =0
iUsingEnergyWhenGridNeedsEnergyMinutes =1
iGeneratingEnergyWhenGridHasExcessEnergyMinutes = 0
iUsingEnergyWhenGridHasExcessEnergyMinutes = 0
iIdleWhenGridDoesNotNeedEnergyMinutes = 46080
iIdleWhenGridNeedsEnergyMinutes = 4687015
iEnergyPriceIsZeroMinutes = 240
harvester.getEnergyHarvestedAVAILABLEKilowattHours( ): 1.66037386E7
harvester.getEnergyHarvestedKilowattHours(): 0.0
The running average is 31
The y-int is 8
Energy harvested: 1.0631091670840165E7
iGeneratingEnergyWhenGridNeedsEnergyMinutes =1392032
iGeneratingEnergyWhenGridNeedsEnergyMinutes =1392032
iUsingEnergyWhenGridNeedsEnergyMinutes =58686
iGeneratingEnergyWhenGridHasExcessEnergyMinutes = 2402
iUsingEnergyWhenGridHasExcessEnergyMinutes = 76
iIdleWhenGridDoesNotNeedEnergyMinutes = 43602
iIdleWhenGridNeedsEnergyMinutes = 3236298
iEnergyPriceIsZeroMinutes = 240
harvester.getEnergyHarvestedAVAILABLEKilowattHours( ): 1.66037386E7
harvester.getEnergyHarvestedKilowattHours(): 1.0631091670840165E7
The y-int is 18
Energy harvested: 1228119.189444446
iGeneratingEnergyWhenGridNeedsEnergyMinutes =38427
iGeneratingEnergyWhenGridNeedsEnergyMinutes =38427
iUsingEnergyWhenGridNeedsEnergyMinutes =147
iGeneratingEnergyWhenGridHasExcessEnergyMinutes = 0
iUsingEnergyWhenGridHasExcessEnergyMinutes = 0
iIdleWhenGridDoesNotNeedEnergyMinutes = 46080
iIdleWhenGridNeedsEnergyMinutes = 4648442
iEnergyPriceIsZeroMinutes = 240
harvester.getEnergyHarvestedAVAILABLEKilowattHours( ): 1.66037386E7
harvester.getEnergyHarvestedKilowattHours(): 1228119.189444446
The y-int is 28
Energy harvested: 18416.816666666666
iGeneratingEnergyWhenGridNeedsEnergyMinutes =382
iGeneratingEnergyWhenGridNeedsEnergyMinutes =382
iUsingEnergyWhenGridNeedsEnergyMinutes =1
iGeneratingEnergyWhenGridHasExcessEnergyMinutes = 0
iUsingEnergyWhenGridHasExcessEnergyMinutes = 0
iIdleWhenGridDoesNotNeedEnergyMinutes = 46080
iIdleWhenGridNeedsEnergyMinutes = 4686633
iEnergyPriceIsZeroMinutes = 240
harvester.getEnergyHarvestedAVAILABLEKilowattHours( ): 1.66037386E7
harvester.getEnergyHarvestedKilowattHours(): 18416.816666666666
The y-int is 38
Energy harvested: 0.0
iGeneratingEnergyWhenGridNeedsEnergyMinutes =0
iGeneratingEnergyWhenGridNeedsEnergyMinutes =0
iUsingEnergyWhenGridNeedsEnergyMinutes =1
iGeneratingEnergyWhenGridHasExcessEnergyMinutes = 0
iUsingEnergyWhenGridHasExcessEnergyMinutes = 0
iIdleWhenGridDoesNotNeedEnergyMinutes = 46080
iIdleWhenGridNeedsEnergyMinutes = 4687015
iEnergyPriceIsZeroMinutes = 240
harvester.getEnergyHarvestedAVAILABLEKilowattHours( ): 1.66037386E7
harvester.getEnergyHarvestedKilowattHours(): 0.0
The running average is 61
The y-int is 8
Energy harvested: 1.0531558153617078E7
iGeneratingEnergyWhenGridNeedsEnergyMinutes =1355644
iGeneratingEnergyWhenGridNeedsEnergyMinutes =1355644
iUsingEnergyWhenGridNeedsEnergyMinutes =52577
iGeneratingEnergyWhenGridHasExcessEnergyMinutes = 2363
iUsingEnergyWhenGridHasExcessEnergyMinutes = 70
iIdleWhenGridDoesNotNeedEnergyMinutes = 43647
iIdleWhenGridNeedsEnergyMinutes = 3278795
iEnergyPriceIsZeroMinutes = 240
harvester.getEnergyHarvestedAVAILABLEKilowattHours( ): 1.66037386E7
harvester.getEnergyHarvestedKilowattHours(): 1.0531558153617078E7
The y-int is 18
Energy harvested: 1173049.1258333342
iGeneratingEnergyWhenGridNeedsEnergyMinutes =37418
iGeneratingEnergyWhenGridNeedsEnergyMinutes =37418
iUsingEnergyWhenGridNeedsEnergyMinutes =82
iGeneratingEnergyWhenGridHasExcessEnergyMinutes = 0
iUsingEnergyWhenGridHasExcessEnergyMinutes = 0
iIdleWhenGridDoesNotNeedEnergyMinutes = 46080
iIdleWhenGridNeedsEnergyMinutes = 4649516
iEnergyPriceIsZeroMinutes = 240
harvester.getEnergyHarvestedAVAILABLEKilowattHours( ): 1.66037386E7
harvester.getEnergyHarvestedKilowattHours(): 1173049.1258333342
The y-int is 28
Energy harvested: 19782.466666666667
iGeneratingEnergyWhenGridNeedsEnergyMinutes =427
iGeneratingEnergyWhenGridNeedsEnergyMinutes =427
iUsingEnergyWhenGridNeedsEnergyMinutes =1
iGeneratingEnergyWhenGridHasExcessEnergyMinutes = 0
iUsingEnergyWhenGridHasExcessEnergyMinutes = 0
iIdleWhenGridDoesNotNeedEnergyMinutes = 46080
iIdleWhenGridNeedsEnergyMinutes = 4686588
iEnergyPriceIsZeroMinutes = 240
harvester.getEnergyHarvestedAVAILABLEKilowattHours( ): 1.66037386E7
harvester.getEnergyHarvestedKilowattHours(): 19782.466666666667
The y-int is 38
Energy harvested: 0.0
iGeneratingEnergyWhenGridNeedsEnergyMinutes =0
iGeneratingEnergyWhenGridNeedsEnergyMinutes =0
iUsingEnergyWhenGridNeedsEnergyMinutes =1
iGeneratingEnergyWhenGridHasExcessEnergyMinutes = 0
iUsingEnergyWhenGridHasExcessEnergyMinutes = 0
iIdleWhenGridDoesNotNeedEnergyMinutes = 46080
iIdleWhenGridNeedsEnergyMinutes = 4687015
iEnergyPriceIsZeroMinutes = 240
harvester.getEnergyHarvestedAVAILABLEKilowattHours( ): 1.66037386E7
harvester.getEnergyHarvestedKilowattHours(): 0.0
The running average is 91
The y-int is 8
Energy harvested: 1.0439316760283347E7
iGeneratingEnergyWhenGridNeedsEnergyMinutes =1324126
iGeneratingEnergyWhenGridNeedsEnergyMinutes =1324126
iUsingEnergyWhenGridNeedsEnergyMinutes =49734
iGeneratingEnergyWhenGridHasExcessEnergyMinutes = 2314
iUsingEnergyWhenGridHasExcessEnergyMinutes = 76
iIdleWhenGridDoesNotNeedEnergyMinutes = 43690
iIdleWhenGridNeedsEnergyMinutes = 3313156
iEnergyPriceIsZeroMinutes = 240
harvester.getEnergyHarvestedAVAILABLEKilowattHours( ): 1.66037386E7
harvester.getEnergyHarvestedKilowattHours(): 1.0439316760283347E7
The y-int is 18
Energy harvested: 1123735.940277778
iGeneratingEnergyWhenGridNeedsEnergyMinutes =36387
iGeneratingEnergyWhenGridNeedsEnergyMinutes =36387
iUsingEnergyWhenGridNeedsEnergyMinutes =31
iGeneratingEnergyWhenGridHasExcessEnergyMinutes = 0
iUsingEnergyWhenGridHasExcessEnergyMinutes = 0
iIdleWhenGridDoesNotNeedEnergyMinutes = 46080
iIdleWhenGridNeedsEnergyMinutes = 4650598
iEnergyPriceIsZeroMinutes = 240
harvester.getEnergyHarvestedAVAILABLEKilowattHours( ): 1.66037386E7
harvester.getEnergyHarvestedKilowattHours(): 1123735.940277778
The y-int is 28
Energy harvested: 15657.783333333333
iGeneratingEnergyWhenGridNeedsEnergyMinutes =345
iGeneratingEnergyWhenGridNeedsEnergyMinutes =345
iUsingEnergyWhenGridNeedsEnergyMinutes =1
iGeneratingEnergyWhenGridHasExcessEnergyMinutes = 0
iUsingEnergyWhenGridHasExcessEnergyMinutes = 0
iIdleWhenGridDoesNotNeedEnergyMinutes = 46080
iIdleWhenGridNeedsEnergyMinutes = 4686670
iEnergyPriceIsZeroMinutes = 240
harvester.getEnergyHarvestedAVAILABLEKilowattHours( ): 1.66037386E7
harvester.getEnergyHarvestedKilowattHours(): 15657.783333333333
The y-int is 38
Energy harvested: 0.0
iGeneratingEnergyWhenGridNeedsEnergyMinutes =0
iGeneratingEnergyWhenGridNeedsEnergyMinutes =0
iUsingEnergyWhenGridNeedsEnergyMinutes =1
iGeneratingEnergyWhenGridHasExcessEnergyMinutes = 0
iUsingEnergyWhenGridHasExcessEnergyMinutes = 0
iIdleWhenGridDoesNotNeedEnergyMinutes = 46080
iIdleWhenGridNeedsEnergyMinutes = 4687015
iEnergyPriceIsZeroMinutes = 240
harvester.getEnergyHarvestedAVAILABLEKilowattHours( ): 1.66037386E7
harvester.getEnergyHarvestedKilowattHours(): 0.0
The running average is 121
The y-int is 8
Energy harvested: 1.0348217771116376E7
iGeneratingEnergyWhenGridNeedsEnergyMinutes =1294403
iGeneratingEnergyWhenGridNeedsEnergyMinutes =1294403
iUsingEnergyWhenGridNeedsEnergyMinutes =47754
iGeneratingEnergyWhenGridHasExcessEnergyMinutes = 2299
iUsingEnergyWhenGridHasExcessEnergyMinutes = 71
iIdleWhenGridDoesNotNeedEnergyMinutes = 43710
iIdleWhenGridNeedsEnergyMinutes = 3344859
iEnergyPriceIsZeroMinutes = 240
harvester.getEnergyHarvestedAVAILABLEKilowattHours( ): 1.66037386E7
harvester.getEnergyHarvestedKilowattHours(): 1.0348217771116376E7
The y-int is 18
Energy harvested: 1044991.6738888894
iGeneratingEnergyWhenGridNeedsEnergyMinutes =34489
iGeneratingEnergyWhenGridNeedsEnergyMinutes =34489
iUsingEnergyWhenGridNeedsEnergyMinutes =32
iGeneratingEnergyWhenGridHasExcessEnergyMinutes = 0
iUsingEnergyWhenGridHasExcessEnergyMinutes = 0
iIdleWhenGridDoesNotNeedEnergyMinutes = 46080
iIdleWhenGridNeedsEnergyMinutes = 4652495
iEnergyPriceIsZeroMinutes = 240
harvester.getEnergyHarvestedAVAILABLEKilowattHours( ): 1.66037386E7
harvester.getEnergyHarvestedKilowattHours(): 1044991.6738888894
The y-int is 28
Energy harvested: 12301.416666666666
iGeneratingEnergyWhenGridNeedsEnergyMinutes =278
iGeneratingEnergyWhenGridNeedsEnergyMinutes =278
iUsingEnergyWhenGridNeedsEnergyMinutes =1
iGeneratingEnergyWhenGridHasExcessEnergyMinutes = 0
iUsingEnergyWhenGridHasExcessEnergyMinutes = 0
iIdleWhenGridDoesNotNeedEnergyMinutes = 46080
iIdleWhenGridNeedsEnergyMinutes = 4686737
iEnergyPriceIsZeroMinutes = 240
harvester.getEnergyHarvestedAVAILABLEKilowattHours( ): 1.66037386E7
harvester.getEnergyHarvestedKilowattHours(): 12301.416666666666
The y-int is 38
Energy harvested: 0.0
iGeneratingEnergyWhenGridNeedsEnergyMinutes =0
iGeneratingEnergyWhenGridNeedsEnergyMinutes =0
iUsingEnergyWhenGridNeedsEnergyMinutes =1
iGeneratingEnergyWhenGridHasExcessEnergyMinutes = 0
iUsingEnergyWhenGridHasExcessEnergyMinutes = 0
iIdleWhenGridDoesNotNeedEnergyMinutes = 46080
iIdleWhenGridNeedsEnergyMinutes = 4687015
iEnergyPriceIsZeroMinutes = 240
harvester.getEnergyHarvestedAVAILABLEKilowattHours( ): 1.66037386E7
harvester.getEnergyHarvestedKilowattHours(): 0.0
Beginning testing mode:
station,&,y_intercept_for_month_1,&,running_average_size_minutes_for_month_1,&,y_intercept_for_month_2,&,running_average_size_minutes_for_month_2,&,y_intercept_for_month_3,&,running_average_size_minutes_for_month_3,&,y_intercept_for_month_4,&,running_average_size_minutes_for_month_4,&,y_intercept_for_month_5,&,running_average_size_minutes_for_month_5,&,y_intercept_for_month_6,&,running_average_size_minutes_for_month_6,&,y_intercept_for_month_7,&,running_average_size_minutes_for_month_7,&,y_intercept_for_month_8,&,running_average_size_minutes_for_month_8,&,y_intercept_for_month_9,&,running_average_size_minutes_for_month_9,&,y_intercept_for_month_10,&,running_average_size_minutes_for_month_10,&,y_intercept_for_month_11,&,running_average_size_minutes_for_month_11,&,y_intercept_for_month_12,&,running_average_size_minutes_for_month_12,&,dNetNorm,&,dMarketBalancePercentage,&,dMarketNetNorm,
results: KPHL,&,8,&,1,&,8,&,1,&,8,&,1,&,8,&,1,&,8,&,1,&,8,&,1,&,8,&,1,&,8,&,1,&,8,&,1,&,8,&,1,&,8,&,1,&,8,&,1,&,0.6673890401577012,&,0.9142807621576842,&,0.6101809602910683
monthly visible minutes:KPHL,&,2013,&,14716,&,14706,&,20123,&,18109,&,18911,&,14894,&,17162,&,15554,&,13224,&,14675,&,15868,&,15608,&,
monthly visible minutes:KPHL,&,2014,&,15586,&,13026,&,19813,&,17740,&,17258,&,15454,&,18581,&,14115,&,13902,&,17604,&,16991,&,16391,&,
monthly minutes harvester between states:KPHL,&,2013,&,1876,&,1490,&,1677,&,2377,&,2222,&,2689,&,2593,&,2630,&,2634,&,1549,&,1633,&,1822,&,
monthly minutes harvester between states:KPHL,&,2014,&,1622,&,1570,&,1553,&,1831,&,2491,&,2880,&,2484,&,2489,&,2301,&,1587,&,1534,&,1730,&,
station,&,y_intercept_for_month_1,&,running_average_size_minutes_for_month_1,&,y_intercept_for_month_2,&,running_average_size_minutes_for_month_2,&,y_intercept_for_month_3,&,running_average_size_minutes_for_month_3,&,y_intercept_for_month_4,&,running_average_size_minutes_for_month_4,&,y_intercept_for_month_5,&,running_average_size_minutes_for_month_5,&,y_intercept_for_month_6,&,running_average_size_minutes_for_month_6,&,y_intercept_for_month_7,&,running_average_size_minutes_for_month_7,&,y_intercept_for_month_8,&,running_average_size_minutes_for_month_8,&,y_intercept_for_month_9,&,running_average_size_minutes_for_month_9,&,y_intercept_for_month_10,&,running_average_size_minutes_for_month_10,&,y_intercept_for_month_11,&,running_average_size_minutes_for_month_11,&,y_intercept_for_month_12,&,running_average_size_minutes_for_month_12,&,dNetNorm,&,dMarketBalancePercentage,&,dMarketNetNorm,
results: KPHL,&,8,&,31,&,8,&,31,&,8,&,31,&,8,&,61,&,8,&,31,&,8,&,31,&,8,&,31,&,8,&,31,&,8,&,31,&,8,&,31,&,8,&,31,&,8,&,91,&,0.6596501155378289,&,0.9418924322703189,&,0.6213194517713226
monthly visible minutes:KPHL,&,2013,&,14716,&,14706,&,20123,&,18109,&,18911,&,14894,&,17162,&,15554,&,13224,&,14675,&,15868,&,15608,&,
monthly visible minutes:KPHL,&,2014,&,15586,&,13026,&,19813,&,17740,&,17258,&,15454,&,18581,&,14115,&,13902,&,17604,&,16991,&,16391,&,
monthly minutes harvester between states:KPHL,&,2013,&,1876,&,1490,&,1677,&,2377,&,2222,&,2689,&,2593,&,2630,&,2634,&,1549,&,1633,&,1822,&,
monthly minutes harvester between states:KPHL,&,2014,&,1622,&,1570,&,1553,&,1831,&,2491,&,2880,&,2484,&,2489,&,2301,&,1587,&,1534,&,1730,&,
Station: KPHX
abc: The current path is /home/guy/retractable-wind
I have found the property file.
The training windspeed filename is /trainingKPHX2004-2012in.csv
The testing windspeed filename is /testingKPHX2013-2014in.csv
Yes, the station is KPHX
Warning: The bAlsoUsePrediction no longer has any effect
iUsedAllItsAllocatedVisibilityMinutesPerMonth: 51234
Visibility Allocation Minutes:51234
HARVESTER_SIZE_SQM is 6362
Reading file
Success: /Wind turbine power curves - wind turbine power output against wind speed in knots.csv found.
Speed (Knots) = Speed(knots) vs power (kW) , Power (kW) =V90
Speed (Knots) = 0 , Power (kW) =0
Speed (Knots) = 1 , Power (kW) =0
Speed (Knots) = 2 , Power (kW) =0
Speed (Knots) = 3 , Power (kW) =0
Speed (Knots) = 4 , Power (kW) =0
Speed (Knots) = 5 , Power (kW) =0
Speed (Knots) = 6 , Power (kW) =0
Speed (Knots) = 7 , Power (kW) =38
Speed (Knots) = 8 , Power (kW) =87
Speed (Knots) = 9 , Power (kW) =141
Speed (Knots) = 10 , Power (kW) =207
Speed (Knots) = 11 , Power (kW) =286
Speed (Knots) = 12 , Power (kW) =382
Speed (Knots) = 13 , Power (kW) =496
Speed (Knots) = 14 , Power (kW) =628
Speed (Knots) = 15 , Power (kW) =781
Speed (Knots) = 16 , Power (kW) =957
Speed (Knots) = 17 , Power (kW) =1153
Speed (Knots) = 18 , Power (kW) =1366
Speed (Knots) = 19 , Power (kW) =1589
Speed (Knots) = 20 , Power (kW) =1814
Speed (Knots) = 21 , Power (kW) =2035
Speed (Knots) = 22 , Power (kW) =2250
Speed (Knots) = 23 , Power (kW) =2452
Speed (Knots) = 24 , Power (kW) =2634
Speed (Knots) = 25 , Power (kW) =2784
Speed (Knots) = 26 , Power (kW) =2888
Speed (Knots) = 27 , Power (kW) =2949
Speed (Knots) = 28 , Power (kW) =2980
Speed (Knots) = 29 , Power (kW) =2993
Speed (Knots) = 30 , Power (kW) =3000
Speed (Knots) = 31 , Power (kW) =3000
Speed (Knots) = 32 , Power (kW) =3000
Speed (Knots) = 33 , Power (kW) =3000
Speed (Knots) = 34 , Power (kW) =3000
Speed (Knots) = 35 , Power (kW) =3000
Speed (Knots) = 36 , Power (kW) =3000
Speed (Knots) = 37 , Power (kW) =3000
Speed (Knots) = 38 , Power (kW) =3000
Speed (Knots) = 39 , Power (kW) =3000
Speed (Knots) = 40 , Power (kW) =3000
Speed (Knots) = 41 , Power (kW) =3000
Speed (Knots) = 42 , Power (kW) =3000
Speed (Knots) = 43 , Power (kW) =3000
Speed (Knots) = 44 , Power (kW) =3000
Speed (Knots) = 45 , Power (kW) =3000
Speed (Knots) = 46 , Power (kW) =3000
Speed (Knots) = 47 , Power (kW) =3000
Speed (Knots) = 48 , Power (kW) =3000
Speed (Knots) = 49 , Power (kW) =0
Speed (Knots) = 50 , Power (kW) =0
Speed (Knots) = 51 , Power (kW) =0
Speed (Knots) = 52 , Power (kW) =0
Speed (Knots) = 53 , Power (kW) =0
Speed (Knots) = 54 , Power (kW) =0
Speed (Knots) = 55 , Power (kW) =0
Speed (Knots) = 56 , Power (kW) =0
Speed (Knots) = 57 , Power (kW) =0
Speed (Knots) = 58 , Power (kW) =0
Speed (Knots) = 59 , Power (kW) =0
Speed (Knots) = 60 , Power (kW) =0
The scale is 1.0
Wind power at 10 knots in kilowatts is 207.0
Wind power in-cut-out test 0.0
Aging
Class name:edu.pitt.cs.people.guy.wind.benchmarks.Aging
Success: /Noise_Allowed_Time_Definitions_All_Stations.csv found.
The station is the record is KPHX
Success: /Noise_Allowed_Time_Definitions_All_Stations.csv found.
The station is the record is KPHX
I have found the membership file for NOT WINDY.
Windspeed (knots) [0,1), Membership Value =1.000000000,1.0
Windspeed (knots) [1,2), Membership Value =0.999840232,0.99984026
Windspeed (knots) [2,3), Membership Value =0.997643830,0.9976438
Windspeed (knots) [3,4), Membership Value =0.988018066,0.9880181
Windspeed (knots) [4,5), Membership Value =0.963276854,0.96327686
Windspeed (knots) [5,6), Membership Value =0.915232731,0.9152327
Windspeed (knots) [6,7), Membership Value =0.841737190,0.8417372
Windspeed (knots) [7,8), Membership Value =0.752394815,0.7523948
Windspeed (knots) [8,9), Membership Value =0.655846350,0.65584636
Windspeed (knots) [9,10), Membership Value =0.559982578,0.5599826
Windspeed (knots) [10,11), Membership Value =0.465538138,0.46553814
Windspeed (knots) [11,12), Membership Value =0.373370176,0.37337017
Windspeed (knots) [12,13), Membership Value =0.284243261,0.28424326
Windspeed (knots) [13,14), Membership Value =0.202735662,0.20273566
Windspeed (knots) [14,15), Membership Value =0.125601648,0.12560165
Windspeed (knots) [15,16), Membership Value =0.060810185,0.060810186
Windspeed (knots) [16,17), Membership Value =0.005957039,0.005957039
Windspeed (knots) [17,18), Membership Value =0.000000000,0.0
Windspeed (knots) [18,19), Membership Value =0.000000000,0.0
Windspeed (knots) [19,20), Membership Value =0.000000000,0.0
Windspeed (knots) [20,21), Membership Value =0.000000000,0.0
Windspeed (knots) [21,22), Membership Value =0.000000000,0.0
Windspeed (knots) [22,23), Membership Value =0.000000000,0.0
Windspeed (knots) [23,24), Membership Value =0.000000000,0.0
Windspeed (knots) [24,25), Membership Value =0.000000000,0.0
Windspeed (knots) [25,26), Membership Value =0.000000000,0.0
Windspeed (knots) [26,27), Membership Value =0.000000000,0.0
Windspeed (knots) [27,28), Membership Value =0.000000000,0.0
Windspeed (knots) [28,29), Membership Value =0.000000000,0.0
Windspeed (knots) [29,30), Membership Value =0.000000000,0.0
Windspeed (knots) [30,31), Membership Value =0.000000000,0.0
Windspeed (knots) [31,32), Membership Value =0.000000000,0.0
Windspeed (knots) [32,33), Membership Value =0.000000000,0.0
Windspeed (knots) [33,34), Membership Value =0.000000000,0.0
Windspeed (knots) [34,35), Membership Value =0.000000000,0.0
Windspeed (knots) [35,36), Membership Value =0.000000000,0.0
Windspeed (knots) [36,37), Membership Value =0.000000000,0.0
Windspeed (knots) [37,38), Membership Value =0.000000000,0.0
Windspeed (knots) [38,39), Membership Value =0.000000000,0.0
Windspeed (knots) [39,40), Membership Value =0.000000000,0.0
Windspeed (knots) [40,41), Membership Value =0.000000000,0.0
Windspeed (knots) [41,42), Membership Value =0.000000000,0.0
Windspeed (knots) [42,43), Membership Value =0.000000000,0.0
Windspeed (knots) [43,44), Membership Value =0.000000000,0.0
Windspeed (knots) [44,45), Membership Value =0.000000000,0.0
Windspeed (knots) [45,46), Membership Value =0.000000000,0.0
Windspeed (knots) [46,47), Membership Value =0.000000000,0.0
Windspeed (knots) [47,48), Membership Value =0.000000000,0.0
Windspeed (knots) [48,49), Membership Value =0.000000000,0.0
Windspeed (knots) [49,50), Membership Value =0.000000000,0.0
Windspeed (knots) [50,51), Membership Value =0.000000000,0.0
Windspeed (knots) [51,52), Membership Value =0.000000000,0.0
Windspeed (knots) [52,53), Membership Value =0.000000000,0.0
Windspeed (knots) [53,54), Membership Value =0.000000000,0.0
Windspeed (knots) [54,55), Membership Value =0.000000000,0.0
Windspeed (knots) [55,56), Membership Value =0.000000000,0.0
Windspeed (knots) [56,57), Membership Value =0.000000000,0.0
Windspeed (knots) [57,58), Membership Value =0.000000000,0.0
Windspeed (knots) [58,59), Membership Value =0.000000000,0.0
Windspeed (knots) [59,60), Membership Value =0.000000000,0.0
Windspeed (knots) [60,61), Membership Value =0.000000000,0.0
Windspeed (knots) [61,62), Membership Value =0.000000000,0.0
Windspeed (knots) [62,63), Membership Value =0.000000000,0.0
Windspeed (knots) [63,64), Membership Value =0.000000000,0.0
Windspeed (knots) [64,65), Membership Value =0.000000000,0.0
Windspeed (knots) [65,66), Membership Value =0.000000000,0.0
Windspeed (knots) [66,67), Membership Value =0.000000000,0.0
Windspeed (knots) [67,68), Membership Value =0.000000000,0.0
Windspeed (knots) [68,69), Membership Value =0.000000000,0.0
Windspeed (knots) [69,70), Membership Value =0.000000000,0.0
Windspeed (knots) [70,71), Membership Value =0.000000000,0.0
Windspeed (knots) [71,72), Membership Value =0.000000000,0.0
Windspeed (knots) [72,73), Membership Value =0.000000000,0.0
Windspeed (knots) [73,74), Membership Value =0.000000000,0.0
Windspeed (knots) [74,75), Membership Value =0.000000000,0.0
Windspeed (knots) [75,76), Membership Value =0.000000000,0.0
Windspeed (knots) [76,77), Membership Value =0.000000000,0.0
Windspeed (knots) [77,78), Membership Value =0.000000000,0.0
Windspeed (knots) [78,79), Membership Value =0.000000000,0.0
Windspeed (knots) [79,80), Membership Value =0.000000000,0.0
Windspeed (knots) [80,81), Membership Value =0.000000000,0.0
Windspeed (knots) [81,82), Membership Value =0.000000000,0.0
Windspeed (knots) [82,83), Membership Value =0.000000000,0.0
Windspeed (knots) [83,84), Membership Value =0.000000000,0.0
Windspeed (knots) [84,85), Membership Value =0.000000000,0.0
Windspeed (knots) [85,86), Membership Value =0.000000000,0.0
Windspeed (knots) [86,87), Membership Value =0.000000000,0.0
Windspeed (knots) [87,88), Membership Value =0.000000000,0.0
Windspeed (knots) [88,89), Membership Value =0.000000000,0.0
Windspeed (knots) [89,90), Membership Value =0.000000000,0.0
Windspeed (knots) [90,91), Membership Value =0.000000000,0.0
Windspeed (knots) [91,92), Membership Value =0.000000000,0.0
Windspeed (knots) [92,93), Membership Value =0.000000000,0.0
Windspeed (knots) [93,94), Membership Value =0.000000000,0.0
Windspeed (knots) [94,95), Membership Value =0.000000000,0.0
Windspeed (knots) [95,96), Membership Value =0.000000000,0.0
Windspeed (knots) [96,97), Membership Value =0.000000000,0.0
Windspeed (knots) [97,98), Membership Value =0.000000000,0.0
Windspeed (knots) [98,99), Membership Value =0.000000000,0.0
Windspeed (knots) [99,100), Membership Value =0.000000000,0.0
Windspeed (knots) [100,101), Membership Value =0.000000000,0.0
Windspeed (knots) [101,102), Membership Value =0.000000000,0.0
Windspeed (knots) [102,103), Membership Value =0.000000000,0.0
Windspeed (knots) [103,104), Membership Value =0.000000000,0.0
Windspeed (knots) [104,105), Membership Value =0.000000000,0.0
Windspeed (knots) [105,106), Membership Value =0.000000000,0.0
Windspeed (knots) [106,107), Membership Value =0.000000000,0.0
Windspeed (knots) [107,108), Membership Value =0.000000000,0.0
Windspeed (knots) [108,109), Membership Value =0.000000000,0.0
Windspeed (knots) [109,110), Membership Value =0.000000000,0.0
Windspeed (knots) [110,111), Membership Value =0.000000000,0.0
Windspeed (knots) [111,112), Membership Value =0.000000000,0.0
Windspeed (knots) [112,113), Membership Value =0.000000000,0.0
Windspeed (knots) [113,114), Membership Value =0.000000000,0.0
Windspeed (knots) [114,115), Membership Value =0.000000000,0.0
Windspeed (knots) [115,116), Membership Value =0.000000000,0.0
Windspeed (knots) [116,117), Membership Value =0.000000000,0.0
Windspeed (knots) [117,118), Membership Value =0.000000000,0.0
Windspeed (knots) [118,119), Membership Value =0.000000000,0.0
Windspeed (knots) [119,120), Membership Value =0.000000000,0.0
Windspeed (knots) [120,121), Membership Value =0.000000000,0.0
Windspeed (knots) [121,122), Membership Value =0.000000000,0.0
Windspeed (knots) [122,123), Membership Value =0.000000000,0.0
Windspeed (knots) [123,124), Membership Value =0.000000000,0.0
Windspeed (knots) [124,125), Membership Value =0.000000000,0.0
LowestWindspeedThatIsWindyKnots for station KPHX is 6 knots.
Transition limited :false
bUseWeatherPrediction: true
The running average is 1
The y-int is 6
Energy harvested: 2554478.8133297167
iGeneratingEnergyWhenGridNeedsEnergyMinutes =540395
iGeneratingEnergyWhenGridNeedsEnergyMinutes =540395
iUsingEnergyWhenGridNeedsEnergyMinutes =138209
iGeneratingEnergyWhenGridHasExcessEnergyMinutes = 969
iUsingEnergyWhenGridHasExcessEnergyMinutes = 94
iIdleWhenGridDoesNotNeedEnergyMinutes = 45017
iIdleWhenGridNeedsEnergyMinutes = 4009795
iEnergyPriceIsZeroMinutes = 240
harvester.getEnergyHarvestedAVAILABLEKilowattHours( ): 6110979.783333333
harvester.getEnergyHarvestedKilowattHours(): 2554478.8133297167
The y-int is 16
Energy harvested: 275261.63999999675
iGeneratingEnergyWhenGridNeedsEnergyMinutes =10192
iGeneratingEnergyWhenGridNeedsEnergyMinutes =10192
iUsingEnergyWhenGridNeedsEnergyMinutes =434
iGeneratingEnergyWhenGridHasExcessEnergyMinutes = 38
iUsingEnergyWhenGridHasExcessEnergyMinutes = 0
iIdleWhenGridDoesNotNeedEnergyMinutes = 46042
iIdleWhenGridNeedsEnergyMinutes = 4677773
iEnergyPriceIsZeroMinutes = 240
harvester.getEnergyHarvestedAVAILABLEKilowattHours( ): 6110979.783333333
harvester.getEnergyHarvestedKilowattHours(): 275261.63999999675
The y-int is 26
Energy harvested: 1312.6166666666666
iGeneratingEnergyWhenGridNeedsEnergyMinutes =28
iGeneratingEnergyWhenGridNeedsEnergyMinutes =28
iUsingEnergyWhenGridNeedsEnergyMinutes =1
iGeneratingEnergyWhenGridHasExcessEnergyMinutes = 0
iUsingEnergyWhenGridHasExcessEnergyMinutes = 0
iIdleWhenGridDoesNotNeedEnergyMinutes = 46080
iIdleWhenGridNeedsEnergyMinutes = 4688370
iEnergyPriceIsZeroMinutes = 240
harvester.getEnergyHarvestedAVAILABLEKilowattHours( ): 6110979.783333333
harvester.getEnergyHarvestedKilowattHours(): 1312.6166666666666
The y-int is 36
Energy harvested: 0.0
iGeneratingEnergyWhenGridNeedsEnergyMinutes =0
iGeneratingEnergyWhenGridNeedsEnergyMinutes =0
iUsingEnergyWhenGridNeedsEnergyMinutes =1
iGeneratingEnergyWhenGridHasExcessEnergyMinutes = 0
iUsingEnergyWhenGridHasExcessEnergyMinutes = 0
iIdleWhenGridDoesNotNeedEnergyMinutes = 46080
iIdleWhenGridNeedsEnergyMinutes = 4688398
iEnergyPriceIsZeroMinutes = 240
harvester.getEnergyHarvestedAVAILABLEKilowattHours( ): 6110979.783333333
harvester.getEnergyHarvestedKilowattHours(): 0.0
The running average is 31
The y-int is 6
Energy harvested: 2545610.9927764093
iGeneratingEnergyWhenGridNeedsEnergyMinutes =536580
iGeneratingEnergyWhenGridNeedsEnergyMinutes =536580
iUsingEnergyWhenGridNeedsEnergyMinutes =56096
iGeneratingEnergyWhenGridHasExcessEnergyMinutes = 962
iUsingEnergyWhenGridHasExcessEnergyMinutes = 21
iIdleWhenGridDoesNotNeedEnergyMinutes = 45097
iIdleWhenGridNeedsEnergyMinutes = 4095723
iEnergyPriceIsZeroMinutes = 240
harvester.getEnergyHarvestedAVAILABLEKilowattHours( ): 6110979.783333333
harvester.getEnergyHarvestedKilowattHours(): 2545610.9927764093
The y-int is 16
Energy harvested: 259562.8261111099
iGeneratingEnergyWhenGridNeedsEnergyMinutes =10538
iGeneratingEnergyWhenGridNeedsEnergyMinutes =10538
iUsingEnergyWhenGridNeedsEnergyMinutes =194
iGeneratingEnergyWhenGridHasExcessEnergyMinutes = 59
iUsingEnergyWhenGridHasExcessEnergyMinutes = 0
iIdleWhenGridDoesNotNeedEnergyMinutes = 46021
iIdleWhenGridNeedsEnergyMinutes = 4677667
iEnergyPriceIsZeroMinutes = 240
harvester.getEnergyHarvestedAVAILABLEKilowattHours( ): 6110979.783333333
harvester.getEnergyHarvestedKilowattHours(): 259562.8261111099
The y-int is 26
Energy harvested: 1435.9833333333333
iGeneratingEnergyWhenGridNeedsEnergyMinutes =30
iGeneratingEnergyWhenGridNeedsEnergyMinutes =30
iUsingEnergyWhenGridNeedsEnergyMinutes =1
iGeneratingEnergyWhenGridHasExcessEnergyMinutes = 0
iUsingEnergyWhenGridHasExcessEnergyMinutes = 0
iIdleWhenGridDoesNotNeedEnergyMinutes = 46080
iIdleWhenGridNeedsEnergyMinutes = 4688368
iEnergyPriceIsZeroMinutes = 240
harvester.getEnergyHarvestedAVAILABLEKilowattHours( ): 6110979.783333333
harvester.getEnergyHarvestedKilowattHours(): 1435.9833333333333
The y-int is 36
Energy harvested: 0.0
iGeneratingEnergyWhenGridNeedsEnergyMinutes =0
iGeneratingEnergyWhenGridNeedsEnergyMinutes =0
iUsingEnergyWhenGridNeedsEnergyMinutes =1
iGeneratingEnergyWhenGridHasExcessEnergyMinutes = 0
iUsingEnergyWhenGridHasExcessEnergyMinutes = 0
iIdleWhenGridDoesNotNeedEnergyMinutes = 46080
iIdleWhenGridNeedsEnergyMinutes = 4688398
iEnergyPriceIsZeroMinutes = 240
harvester.getEnergyHarvestedAVAILABLEKilowattHours( ): 6110979.783333333
harvester.getEnergyHarvestedKilowattHours(): 0.0
The running average is 61
The y-int is 6
Energy harvested: 2509864.0958323237
iGeneratingEnergyWhenGridNeedsEnergyMinutes =519444
iGeneratingEnergyWhenGridNeedsEnergyMinutes =519444
iUsingEnergyWhenGridNeedsEnergyMinutes =46881
iGeneratingEnergyWhenGridHasExcessEnergyMinutes = 993
iUsingEnergyWhenGridHasExcessEnergyMinutes = 11
iIdleWhenGridDoesNotNeedEnergyMinutes = 45076
iIdleWhenGridNeedsEnergyMinutes = 4122074
iEnergyPriceIsZeroMinutes = 240
harvester.getEnergyHarvestedAVAILABLEKilowattHours( ): 6110979.783333333
harvester.getEnergyHarvestedKilowattHours(): 2509864.0958323237
The y-int is 16
Energy harvested: 216490.16361111036
iGeneratingEnergyWhenGridNeedsEnergyMinutes =8671
iGeneratingEnergyWhenGridNeedsEnergyMinutes =8671
iUsingEnergyWhenGridNeedsEnergyMinutes =116
iGeneratingEnergyWhenGridHasExcessEnergyMinutes = 48
iUsingEnergyWhenGridHasExcessEnergyMinutes = 0
iIdleWhenGridDoesNotNeedEnergyMinutes = 46032
iIdleWhenGridNeedsEnergyMinutes = 4679612
iEnergyPriceIsZeroMinutes = 240
harvester.getEnergyHarvestedAVAILABLEKilowattHours( ): 6110979.783333333
harvester.getEnergyHarvestedKilowattHours(): 216490.16361111036
The y-int is 26
Energy harvested: 0.0
iGeneratingEnergyWhenGridNeedsEnergyMinutes =0
iGeneratingEnergyWhenGridNeedsEnergyMinutes =0
iUsingEnergyWhenGridNeedsEnergyMinutes =1
iGeneratingEnergyWhenGridHasExcessEnergyMinutes = 0
iUsingEnergyWhenGridHasExcessEnergyMinutes = 0
iIdleWhenGridDoesNotNeedEnergyMinutes = 46080
iIdleWhenGridNeedsEnergyMinutes = 4688398
iEnergyPriceIsZeroMinutes = 240
harvester.getEnergyHarvestedAVAILABLEKilowattHours( ): 6110979.783333333
harvester.getEnergyHarvestedKilowattHours(): 0.0
The y-int is 36
Energy harvested: 0.0
iGeneratingEnergyWhenGridNeedsEnergyMinutes =0
iGeneratingEnergyWhenGridNeedsEnergyMinutes =0
iUsingEnergyWhenGridNeedsEnergyMinutes =0
iGeneratingEnergyWhenGridHasExcessEnergyMinutes = 0
iUsingEnergyWhenGridHasExcessEnergyMinutes = 0
iIdleWhenGridDoesNotNeedEnergyMinutes = 46080
iIdleWhenGridNeedsEnergyMinutes = 4688399
iEnergyPriceIsZeroMinutes = 240
harvester.getEnergyHarvestedAVAILABLEKilowattHours( ): 6110979.783333333
harvester.getEnergyHarvestedKilowattHours(): 0.0
The running average is 91
The y-int is 6
Energy harvested: 2476745.539443665
iGeneratingEnergyWhenGridNeedsEnergyMinutes =505518
iGeneratingEnergyWhenGridNeedsEnergyMinutes =505518
iUsingEnergyWhenGridNeedsEnergyMinutes =42976
iGeneratingEnergyWhenGridHasExcessEnergyMinutes = 993
iUsingEnergyWhenGridHasExcessEnergyMinutes = 0
iIdleWhenGridDoesNotNeedEnergyMinutes = 45087
iIdleWhenGridNeedsEnergyMinutes = 4139905
iEnergyPriceIsZeroMinutes = 240
harvester.getEnergyHarvestedAVAILABLEKilowattHours( ): 6110979.783333333
harvester.getEnergyHarvestedKilowattHours(): 2476745.539443665
The y-int is 16
Energy harvested: 179415.73972222212
iGeneratingEnergyWhenGridNeedsEnergyMinutes =7043
iGeneratingEnergyWhenGridNeedsEnergyMinutes =7043
iUsingEnergyWhenGridNeedsEnergyMinutes =91
iGeneratingEnergyWhenGridHasExcessEnergyMinutes = 0
iUsingEnergyWhenGridHasExcessEnergyMinutes = 0
iIdleWhenGridDoesNotNeedEnergyMinutes = 46080
iIdleWhenGridNeedsEnergyMinutes = 4681265
iEnergyPriceIsZeroMinutes = 240
harvester.getEnergyHarvestedAVAILABLEKilowattHours( ): 6110979.783333333
harvester.getEnergyHarvestedKilowattHours(): 179415.73972222212
The y-int is 26
Energy harvested: 0.0
iGeneratingEnergyWhenGridNeedsEnergyMinutes =0
iGeneratingEnergyWhenGridNeedsEnergyMinutes =0
iUsingEnergyWhenGridNeedsEnergyMinutes =1
iGeneratingEnergyWhenGridHasExcessEnergyMinutes = 0
iUsingEnergyWhenGridHasExcessEnergyMinutes = 0
iIdleWhenGridDoesNotNeedEnergyMinutes = 46080
iIdleWhenGridNeedsEnergyMinutes = 4688398
iEnergyPriceIsZeroMinutes = 240
harvester.getEnergyHarvestedAVAILABLEKilowattHours( ): 6110979.783333333
harvester.getEnergyHarvestedKilowattHours(): 0.0
The y-int is 36
Energy harvested: 0.0
iGeneratingEnergyWhenGridNeedsEnergyMinutes =0
iGeneratingEnergyWhenGridNeedsEnergyMinutes =0
iUsingEnergyWhenGridNeedsEnergyMinutes =0
iGeneratingEnergyWhenGridHasExcessEnergyMinutes = 0
iUsingEnergyWhenGridHasExcessEnergyMinutes = 0
iIdleWhenGridDoesNotNeedEnergyMinutes = 46080
iIdleWhenGridNeedsEnergyMinutes = 4688399
iEnergyPriceIsZeroMinutes = 240
harvester.getEnergyHarvestedAVAILABLEKilowattHours( ): 6110979.783333333
harvester.getEnergyHarvestedKilowattHours(): 0.0
The running average is 121
The y-int is 6
Energy harvested: 2439950.712499513
iGeneratingEnergyWhenGridNeedsEnergyMinutes =490984
iGeneratingEnergyWhenGridNeedsEnergyMinutes =490984
iUsingEnergyWhenGridNeedsEnergyMinutes =40217
iGeneratingEnergyWhenGridHasExcessEnergyMinutes = 993
iUsingEnergyWhenGridHasExcessEnergyMinutes = 0
iIdleWhenGridDoesNotNeedEnergyMinutes = 45087
iIdleWhenGridNeedsEnergyMinutes = 4157198
iEnergyPriceIsZeroMinutes = 240
harvester.getEnergyHarvestedAVAILABLEKilowattHours( ): 6110979.783333333
harvester.getEnergyHarvestedKilowattHours(): 2439950.712499513
The y-int is 16
Energy harvested: 159654.2952777778
iGeneratingEnergyWhenGridNeedsEnergyMinutes =6204
iGeneratingEnergyWhenGridNeedsEnergyMinutes =6204
iUsingEnergyWhenGridNeedsEnergyMinutes =73
iGeneratingEnergyWhenGridHasExcessEnergyMinutes = 0
iUsingEnergyWhenGridHasExcessEnergyMinutes = 0
iIdleWhenGridDoesNotNeedEnergyMinutes = 46080
iIdleWhenGridNeedsEnergyMinutes = 4682122
iEnergyPriceIsZeroMinutes = 240
harvester.getEnergyHarvestedAVAILABLEKilowattHours( ): 6110979.783333333
harvester.getEnergyHarvestedKilowattHours(): 159654.2952777778
The y-int is 26
Energy harvested: 0.0
iGeneratingEnergyWhenGridNeedsEnergyMinutes =0
iGeneratingEnergyWhenGridNeedsEnergyMinutes =0
iUsingEnergyWhenGridNeedsEnergyMinutes =1
iGeneratingEnergyWhenGridHasExcessEnergyMinutes = 0
iUsingEnergyWhenGridHasExcessEnergyMinutes = 0
iIdleWhenGridDoesNotNeedEnergyMinutes = 46080
iIdleWhenGridNeedsEnergyMinutes = 4688398
iEnergyPriceIsZeroMinutes = 240
harvester.getEnergyHarvestedAVAILABLEKilowattHours( ): 6110979.783333333
harvester.getEnergyHarvestedKilowattHours(): 0.0
The y-int is 36
Energy harvested: 0.0
iGeneratingEnergyWhenGridNeedsEnergyMinutes =0
iGeneratingEnergyWhenGridNeedsEnergyMinutes =0
iUsingEnergyWhenGridNeedsEnergyMinutes =0
iGeneratingEnergyWhenGridHasExcessEnergyMinutes = 0
iUsingEnergyWhenGridHasExcessEnergyMinutes = 0
iIdleWhenGridDoesNotNeedEnergyMinutes = 46080
iIdleWhenGridNeedsEnergyMinutes = 4688399
iEnergyPriceIsZeroMinutes = 240
harvester.getEnergyHarvestedAVAILABLEKilowattHours( ): 6110979.783333333
harvester.getEnergyHarvestedKilowattHours(): 0.0
Beginning testing mode:
station,&,y_intercept_for_month_1,&,running_average_size_minutes_for_month_1,&,y_intercept_for_month_2,&,running_average_size_minutes_for_month_2,&,y_intercept_for_month_3,&,running_average_size_minutes_for_month_3,&,y_intercept_for_month_4,&,running_average_size_minutes_for_month_4,&,y_intercept_for_month_5,&,running_average_size_minutes_for_month_5,&,y_intercept_for_month_6,&,running_average_size_minutes_for_month_6,&,y_intercept_for_month_7,&,running_average_size_minutes_for_month_7,&,y_intercept_for_month_8,&,running_average_size_minutes_for_month_8,&,y_intercept_for_month_9,&,running_average_size_minutes_for_month_9,&,y_intercept_for_month_10,&,running_average_size_minutes_for_month_10,&,y_intercept_for_month_11,&,running_average_size_minutes_for_month_11,&,y_intercept_for_month_12,&,running_average_size_minutes_for_month_12,&,dNetNorm,&,dMarketBalancePercentage,&,dMarketNetNorm,
results: KPHX,&,6,&,1,&,6,&,31,&,6,&,1,&,6,&,1,&,6,&,31,&,6,&,31,&,6,&,31,&,6,&,31,&,6,&,1,&,6,&,1,&,6,&,1,&,6,&,1,&,0.37290981065450834,&,0.8573290904527089,&,0.31970642878932154
monthly visible minutes:KPHX,&,2013,&,8232,&,6491,&,6765,&,12608,&,12525,&,10878,&,12852,&,11970,&,7391,&,6459,&,5507,&,4995,&,
monthly visible minutes:KPHX,&,2014,&,3317,&,7390,&,15078,&,15796,&,12453,&,11358,&,10251,&,10263,&,6098,&,3412,&,3539,&,3239,&,
monthly minutes harvester between states:KPHX,&,2013,&,1598,&,1023,&,2088,&,3112,&,1064,&,1026,&,1178,&,1039,&,3311,&,2435,&,1143,&,992,&,
monthly minutes harvester between states:KPHX,&,2014,&,825,&,1064,&,798,&,836,&,1178,&,1102,&,1102,&,1178,&,2315,&,1322,&,1036,&,1108,&,
station,&,y_intercept_for_month_1,&,running_average_size_minutes_for_month_1,&,y_intercept_for_month_2,&,running_average_size_minutes_for_month_2,&,y_intercept_for_month_3,&,running_average_size_minutes_for_month_3,&,y_intercept_for_month_4,&,running_average_size_minutes_for_month_4,&,y_intercept_for_month_5,&,running_average_size_minutes_for_month_5,&,y_intercept_for_month_6,&,running_average_size_minutes_for_month_6,&,y_intercept_for_month_7,&,running_average_size_minutes_for_month_7,&,y_intercept_for_month_8,&,running_average_size_minutes_for_month_8,&,y_intercept_for_month_9,&,running_average_size_minutes_for_month_9,&,y_intercept_for_month_10,&,running_average_size_minutes_for_month_10,&,y_intercept_for_month_11,&,running_average_size_minutes_for_month_11,&,y_intercept_for_month_12,&,running_average_size_minutes_for_month_12,&,dNetNorm,&,dMarketBalancePercentage,&,dMarketNetNorm,
results: KPHX,&,6,&,61,&,6,&,121,&,6,&,91,&,6,&,61,&,6,&,91,&,6,&,31,&,6,&,31,&,6,&,61,&,6,&,91,&,6,&,61,&,6,&,31,&,6,&,121,&,0.3714348471380985,&,0.9007076719021515,&,0.3345542164290882
monthly visible minutes:KPHX,&,2013,&,8232,&,6491,&,6765,&,12608,&,12525,&,10878,&,12852,&,11970,&,7391,&,6459,&,5507,&,4995,&,
monthly visible minutes:KPHX,&,2014,&,3317,&,7390,&,15078,&,15796,&,12453,&,11358,&,10251,&,10263,&,6098,&,3412,&,3539,&,3239,&,
monthly minutes harvester between states:KPHX,&,2013,&,1598,&,1023,&,2088,&,3112,&,1064,&,1026,&,1178,&,1039,&,3311,&,2435,&,1143,&,992,&,
monthly minutes harvester between states:KPHX,&,2014,&,825,&,1064,&,798,&,836,&,1178,&,1102,&,1102,&,1178,&,2315,&,1322,&,1036,&,1108,&,
Station: KPIT
abc: The current path is /home/guy/retractable-wind
I have found the property file.
The training windspeed filename is /trainingKPIT2004-2012in.csv
The testing windspeed filename is /testingKPIT2013-2014in.csv
Yes, the station is KPIT
Warning: The bAlsoUsePrediction no longer has any effect
iUsedAllItsAllocatedVisibilityMinutesPerMonth: 51234
Visibility Allocation Minutes:51234
HARVESTER_SIZE_SQM is 6362
Reading file
Success: /Wind turbine power curves - wind turbine power output against wind speed in knots.csv found.
Speed (Knots) = Speed(knots) vs power (kW) , Power (kW) =V90
Speed (Knots) = 0 , Power (kW) =0
Speed (Knots) = 1 , Power (kW) =0
Speed (Knots) = 2 , Power (kW) =0
Speed (Knots) = 3 , Power (kW) =0
Speed (Knots) = 4 , Power (kW) =0
Speed (Knots) = 5 , Power (kW) =0
Speed (Knots) = 6 , Power (kW) =0
Speed (Knots) = 7 , Power (kW) =38
Speed (Knots) = 8 , Power (kW) =87
Speed (Knots) = 9 , Power (kW) =141
Speed (Knots) = 10 , Power (kW) =207
Speed (Knots) = 11 , Power (kW) =286
Speed (Knots) = 12 , Power (kW) =382
Speed (Knots) = 13 , Power (kW) =496
Speed (Knots) = 14 , Power (kW) =628
Speed (Knots) = 15 , Power (kW) =781
Speed (Knots) = 16 , Power (kW) =957
Speed (Knots) = 17 , Power (kW) =1153
Speed (Knots) = 18 , Power (kW) =1366
Speed (Knots) = 19 , Power (kW) =1589
Speed (Knots) = 20 , Power (kW) =1814
Speed (Knots) = 21 , Power (kW) =2035
Speed (Knots) = 22 , Power (kW) =2250
Speed (Knots) = 23 , Power (kW) =2452
Speed (Knots) = 24 , Power (kW) =2634
Speed (Knots) = 25 , Power (kW) =2784
Speed (Knots) = 26 , Power (kW) =2888
Speed (Knots) = 27 , Power (kW) =2949
Speed (Knots) = 28 , Power (kW) =2980
Speed (Knots) = 29 , Power (kW) =2993
Speed (Knots) = 30 , Power (kW) =3000
Speed (Knots) = 31 , Power (kW) =3000
Speed (Knots) = 32 , Power (kW) =3000
Speed (Knots) = 33 , Power (kW) =3000
Speed (Knots) = 34 , Power (kW) =3000
Speed (Knots) = 35 , Power (kW) =3000
Speed (Knots) = 36 , Power (kW) =3000
Speed (Knots) = 37 , Power (kW) =3000
Speed (Knots) = 38 , Power (kW) =3000
Speed (Knots) = 39 , Power (kW) =3000
Speed (Knots) = 40 , Power (kW) =3000
Speed (Knots) = 41 , Power (kW) =3000
Speed (Knots) = 42 , Power (kW) =3000
Speed (Knots) = 43 , Power (kW) =3000
Speed (Knots) = 44 , Power (kW) =3000
Speed (Knots) = 45 , Power (kW) =3000
Speed (Knots) = 46 , Power (kW) =3000
Speed (Knots) = 47 , Power (kW) =3000
Speed (Knots) = 48 , Power (kW) =3000
Speed (Knots) = 49 , Power (kW) =0
Speed (Knots) = 50 , Power (kW) =0
Speed (Knots) = 51 , Power (kW) =0
Speed (Knots) = 52 , Power (kW) =0
Speed (Knots) = 53 , Power (kW) =0
Speed (Knots) = 54 , Power (kW) =0
Speed (Knots) = 55 , Power (kW) =0
Speed (Knots) = 56 , Power (kW) =0
Speed (Knots) = 57 , Power (kW) =0
Speed (Knots) = 58 , Power (kW) =0
Speed (Knots) = 59 , Power (kW) =0
Speed (Knots) = 60 , Power (kW) =0
The scale is 1.0
Wind power at 10 knots in kilowatts is 207.0
Wind power in-cut-out test 0.0
Aging
Class name:edu.pitt.cs.people.guy.wind.benchmarks.Aging
Success: /Noise_Allowed_Time_Definitions_All_Stations.csv found.
The station is the record is KPIT
Success: /Noise_Allowed_Time_Definitions_All_Stations.csv found.
The station is the record is KPIT
I have found the membership file for NOT WINDY.
Windspeed (knots) [0,1), Membership Value =1.00000000,1.0
Windspeed (knots) [1,2), Membership Value =0.99989125,0.9998912
Windspeed (knots) [2,3), Membership Value =0.99872371,0.9987237
Windspeed (knots) [3,4), Membership Value =0.99363806,0.99363804
Windspeed (knots) [4,5), Membership Value =0.98028956,0.9802896
Windspeed (knots) [5,6), Membership Value =0.95471914,0.9547191
Windspeed (knots) [6,7), Membership Value =0.91492798,0.91492796
Windspeed (knots) [7,8), Membership Value =0.85881581,0.8588158
Windspeed (knots) [8,9), Membership Value =0.78766839,0.7876684
Windspeed (knots) [9,10), Membership Value =0.70331211,0.7033121
Windspeed (knots) [10,11), Membership Value =0.61076914,0.61076915
Windspeed (knots) [11,12), Membership Value =0.51436454,0.51436454
Windspeed (knots) [12,13), Membership Value =0.41845409,0.41845408
Windspeed (knots) [13,14), Membership Value =0.32501766,0.32501766
Windspeed (knots) [14,15), Membership Value =0.23678359,0.2367836
Windspeed (knots) [15,16), Membership Value =0.15551457,0.15551457
Windspeed (knots) [16,17), Membership Value =0.08122689,0.08122689
Windspeed (knots) [17,18), Membership Value =0.01593995,0.01593995
Windspeed (knots) [18,19), Membership Value =0.00000000,0.0
Windspeed (knots) [19,20), Membership Value =0.00000000,0.0
Windspeed (knots) [20,21), Membership Value =0.00000000,0.0
Windspeed (knots) [21,22), Membership Value =0.00000000,0.0
Windspeed (knots) [22,23), Membership Value =0.00000000,0.0
Windspeed (knots) [23,24), Membership Value =0.00000000,0.0
Windspeed (knots) [24,25), Membership Value =0.00000000,0.0
Windspeed (knots) [25,26), Membership Value =0.00000000,0.0
Windspeed (knots) [26,27), Membership Value =0.00000000,0.0
Windspeed (knots) [27,28), Membership Value =0.00000000,0.0
Windspeed (knots) [28,29), Membership Value =0.00000000,0.0
Windspeed (knots) [29,30), Membership Value =0.00000000,0.0
Windspeed (knots) [30,31), Membership Value =0.00000000,0.0
Windspeed (knots) [31,32), Membership Value =0.00000000,0.0
Windspeed (knots) [32,33), Membership Value =0.00000000,0.0
Windspeed (knots) [33,34), Membership Value =0.00000000,0.0
Windspeed (knots) [34,35), Membership Value =0.00000000,0.0
Windspeed (knots) [35,36), Membership Value =0.00000000,0.0
Windspeed (knots) [36,37), Membership Value =0.00000000,0.0
Windspeed (knots) [37,38), Membership Value =0.00000000,0.0
Windspeed (knots) [38,39), Membership Value =0.00000000,0.0
Windspeed (knots) [39,40), Membership Value =0.00000000,0.0
Windspeed (knots) [40,41), Membership Value =0.00000000,0.0
Windspeed (knots) [41,42), Membership Value =0.00000000,0.0
Windspeed (knots) [42,43), Membership Value =0.00000000,0.0
Windspeed (knots) [43,44), Membership Value =0.00000000,0.0
Windspeed (knots) [44,45), Membership Value =0.00000000,0.0
Windspeed (knots) [45,46), Membership Value =0.00000000,0.0
Windspeed (knots) [46,47), Membership Value =0.00000000,0.0
Windspeed (knots) [47,48), Membership Value =0.00000000,0.0
Windspeed (knots) [48,49), Membership Value =0.00000000,0.0
Windspeed (knots) [49,50), Membership Value =0.00000000,0.0
Windspeed (knots) [50,51), Membership Value =0.00000000,0.0
Windspeed (knots) [51,52), Membership Value =0.00000000,0.0
Windspeed (knots) [52,53), Membership Value =0.00000000,0.0
Windspeed (knots) [53,54), Membership Value =0.00000000,0.0
Windspeed (knots) [54,55), Membership Value =0.00000000,0.0
Windspeed (knots) [55,56), Membership Value =0.00000000,0.0
Windspeed (knots) [56,57), Membership Value =0.00000000,0.0
Windspeed (knots) [57,58), Membership Value =0.00000000,0.0
Windspeed (knots) [58,59), Membership Value =0.00000000,0.0
Windspeed (knots) [59,60), Membership Value =0.00000000,0.0
Windspeed (knots) [60,61), Membership Value =0.00000000,0.0
Windspeed (knots) [61,62), Membership Value =0.00000000,0.0
Windspeed (knots) [62,63), Membership Value =0.00000000,0.0
Windspeed (knots) [63,64), Membership Value =0.00000000,0.0
Windspeed (knots) [64,65), Membership Value =0.00000000,0.0
Windspeed (knots) [65,66), Membership Value =0.00000000,0.0
Windspeed (knots) [66,67), Membership Value =0.00000000,0.0
Windspeed (knots) [67,68), Membership Value =0.00000000,0.0
Windspeed (knots) [68,69), Membership Value =0.00000000,0.0
Windspeed (knots) [69,70), Membership Value =0.00000000,0.0
Windspeed (knots) [70,71), Membership Value =0.00000000,0.0
Windspeed (knots) [71,72), Membership Value =0.00000000,0.0
Windspeed (knots) [72,73), Membership Value =0.00000000,0.0
Windspeed (knots) [73,74), Membership Value =0.00000000,0.0
Windspeed (knots) [74,75), Membership Value =0.00000000,0.0
Windspeed (knots) [75,76), Membership Value =0.00000000,0.0
Windspeed (knots) [76,77), Membership Value =0.00000000,0.0
Windspeed (knots) [77,78), Membership Value =0.00000000,0.0
Windspeed (knots) [78,79), Membership Value =0.00000000,0.0
Windspeed (knots) [79,80), Membership Value =0.00000000,0.0
Windspeed (knots) [80,81), Membership Value =0.00000000,0.0
Windspeed (knots) [81,82), Membership Value =0.00000000,0.0
Windspeed (knots) [82,83), Membership Value =0.00000000,0.0
Windspeed (knots) [83,84), Membership Value =0.00000000,0.0
Windspeed (knots) [84,85), Membership Value =0.00000000,0.0
Windspeed (knots) [85,86), Membership Value =0.00000000,0.0
Windspeed (knots) [86,87), Membership Value =0.00000000,0.0
Windspeed (knots) [87,88), Membership Value =0.00000000,0.0
Windspeed (knots) [88,89), Membership Value =0.00000000,0.0
Windspeed (knots) [89,90), Membership Value =0.00000000,0.0
Windspeed (knots) [90,91), Membership Value =0.00000000,0.0
Windspeed (knots) [91,92), Membership Value =0.00000000,0.0
Windspeed (knots) [92,93), Membership Value =0.00000000,0.0
Windspeed (knots) [93,94), Membership Value =0.00000000,0.0
Windspeed (knots) [94,95), Membership Value =0.00000000,0.0
Windspeed (knots) [95,96), Membership Value =0.00000000,0.0
Windspeed (knots) [96,97), Membership Value =0.00000000,0.0
Windspeed (knots) [97,98), Membership Value =0.00000000,0.0
Windspeed (knots) [98,99), Membership Value =0.00000000,0.0
Windspeed (knots) [99,100), Membership Value =0.00000000,0.0
Windspeed (knots) [100,101), Membership Value =0.00000000,0.0
Windspeed (knots) [101,102), Membership Value =0.00000000,0.0
Windspeed (knots) [102,103), Membership Value =0.00000000,0.0
Windspeed (knots) [103,104), Membership Value =0.00000000,0.0
Windspeed (knots) [104,105), Membership Value =0.00000000,0.0
Windspeed (knots) [105,106), Membership Value =0.00000000,0.0
Windspeed (knots) [106,107), Membership Value =0.00000000,0.0
Windspeed (knots) [107,108), Membership Value =0.00000000,0.0
Windspeed (knots) [108,109), Membership Value =0.00000000,0.0
Windspeed (knots) [109,110), Membership Value =0.00000000,0.0
Windspeed (knots) [110,111), Membership Value =0.00000000,0.0
Windspeed (knots) [111,112), Membership Value =0.00000000,0.0
Windspeed (knots) [112,113), Membership Value =0.00000000,0.0
Windspeed (knots) [113,114), Membership Value =0.00000000,0.0
Windspeed (knots) [114,115), Membership Value =0.00000000,0.0
Windspeed (knots) [115,116), Membership Value =0.00000000,0.0
Windspeed (knots) [116,117), Membership Value =0.00000000,0.0
Windspeed (knots) [117,118), Membership Value =0.00000000,0.0
Windspeed (knots) [118,119), Membership Value =0.00000000,0.0
Windspeed (knots) [119,120), Membership Value =0.00000000,0.0
Windspeed (knots) [120,121), Membership Value =0.00000000,0.0
Windspeed (knots) [121,122), Membership Value =0.00000000,0.0
Windspeed (knots) [122,123), Membership Value =0.00000000,0.0
Windspeed (knots) [123,124), Membership Value =0.00000000,0.0
Windspeed (knots) [124,125), Membership Value =0.00000000,0.0
LowestWindspeedThatIsWindyKnots for station KPIT is 7 knots.
Transition limited :false
bUseWeatherPrediction: true
The running average is 1
The y-int is 7
Energy harvested: 7525351.199451429
iGeneratingEnergyWhenGridNeedsEnergyMinutes =1321166
iGeneratingEnergyWhenGridNeedsEnergyMinutes =1321166
iUsingEnergyWhenGridNeedsEnergyMinutes =116873
iGeneratingEnergyWhenGridHasExcessEnergyMinutes = 3441
iUsingEnergyWhenGridHasExcessEnergyMinutes = 268
iIdleWhenGridDoesNotNeedEnergyMinutes = 42371
iIdleWhenGridNeedsEnergyMinutes = 3250360
iEnergyPriceIsZeroMinutes = 240
harvester.getEnergyHarvestedAVAILABLEKilowattHours( ): 9992927.966666667
harvester.getEnergyHarvestedKilowattHours(): 7525351.199451429
The y-int is 17
Energy harvested: 550464.5736111134
iGeneratingEnergyWhenGridNeedsEnergyMinutes =18343
iGeneratingEnergyWhenGridNeedsEnergyMinutes =18343
iUsingEnergyWhenGridNeedsEnergyMinutes =321
iGeneratingEnergyWhenGridHasExcessEnergyMinutes = 18
iUsingEnergyWhenGridHasExcessEnergyMinutes = 5
iIdleWhenGridDoesNotNeedEnergyMinutes = 46057
iIdleWhenGridNeedsEnergyMinutes = 4669735
iEnergyPriceIsZeroMinutes = 240
harvester.getEnergyHarvestedAVAILABLEKilowattHours( ): 9992927.966666667
harvester.getEnergyHarvestedKilowattHours(): 550464.5736111134
The y-int is 27
Energy harvested: 0.0
iGeneratingEnergyWhenGridNeedsEnergyMinutes =0
iGeneratingEnergyWhenGridNeedsEnergyMinutes =0
iUsingEnergyWhenGridNeedsEnergyMinutes =1
iGeneratingEnergyWhenGridHasExcessEnergyMinutes = 0
iUsingEnergyWhenGridHasExcessEnergyMinutes = 0
iIdleWhenGridDoesNotNeedEnergyMinutes = 46080
iIdleWhenGridNeedsEnergyMinutes = 4688398
iEnergyPriceIsZeroMinutes = 240
harvester.getEnergyHarvestedAVAILABLEKilowattHours( ): 9992927.966666667
harvester.getEnergyHarvestedKilowattHours(): 0.0
The y-int is 37
Energy harvested: 0.0
iGeneratingEnergyWhenGridNeedsEnergyMinutes =0
iGeneratingEnergyWhenGridNeedsEnergyMinutes =0
iUsingEnergyWhenGridNeedsEnergyMinutes =0
iGeneratingEnergyWhenGridHasExcessEnergyMinutes = 0
iUsingEnergyWhenGridHasExcessEnergyMinutes = 0
iIdleWhenGridDoesNotNeedEnergyMinutes = 46080
iIdleWhenGridNeedsEnergyMinutes = 4688399
iEnergyPriceIsZeroMinutes = 240
harvester.getEnergyHarvestedAVAILABLEKilowattHours( ): 9992927.966666667
harvester.getEnergyHarvestedKilowattHours(): 0.0
The running average is 31
The y-int is 7
Energy harvested: 7461039.233336473
iGeneratingEnergyWhenGridNeedsEnergyMinutes =1282397
iGeneratingEnergyWhenGridNeedsEnergyMinutes =1282397
iUsingEnergyWhenGridNeedsEnergyMinutes =59911
iGeneratingEnergyWhenGridHasExcessEnergyMinutes = 3405
iUsingEnergyWhenGridHasExcessEnergyMinutes = 184
iIdleWhenGridDoesNotNeedEnergyMinutes = 42491
iIdleWhenGridNeedsEnergyMinutes = 3346091
iEnergyPriceIsZeroMinutes = 240
harvester.getEnergyHarvestedAVAILABLEKilowattHours( ): 9992927.966666667
harvester.getEnergyHarvestedKilowattHours(): 7461039.233336473
The y-int is 17
Energy harvested: 610201.2566666704
iGeneratingEnergyWhenGridNeedsEnergyMinutes =23270
iGeneratingEnergyWhenGridNeedsEnergyMinutes =23270
iUsingEnergyWhenGridNeedsEnergyMinutes =459
iGeneratingEnergyWhenGridHasExcessEnergyMinutes = 9
iUsingEnergyWhenGridHasExcessEnergyMinutes = 22
iIdleWhenGridDoesNotNeedEnergyMinutes = 46049
iIdleWhenGridNeedsEnergyMinutes = 4664670
iEnergyPriceIsZeroMinutes = 240
harvester.getEnergyHarvestedAVAILABLEKilowattHours( ): 9992927.966666667
harvester.getEnergyHarvestedKilowattHours(): 610201.2566666704
The y-int is 27
Energy harvested: 0.0
iGeneratingEnergyWhenGridNeedsEnergyMinutes =0
iGeneratingEnergyWhenGridNeedsEnergyMinutes =0
iUsingEnergyWhenGridNeedsEnergyMinutes =1
iGeneratingEnergyWhenGridHasExcessEnergyMinutes = 0
iUsingEnergyWhenGridHasExcessEnergyMinutes = 0
iIdleWhenGridDoesNotNeedEnergyMinutes = 46080
iIdleWhenGridNeedsEnergyMinutes = 4688398
iEnergyPriceIsZeroMinutes = 240
harvester.getEnergyHarvestedAVAILABLEKilowattHours( ): 9992927.966666667
harvester.getEnergyHarvestedKilowattHours(): 0.0
The y-int is 37
Energy harvested: 0.0
iGeneratingEnergyWhenGridNeedsEnergyMinutes =0
iGeneratingEnergyWhenGridNeedsEnergyMinutes =0
iUsingEnergyWhenGridNeedsEnergyMinutes =0
iGeneratingEnergyWhenGridHasExcessEnergyMinutes = 0
iUsingEnergyWhenGridHasExcessEnergyMinutes = 0
iIdleWhenGridDoesNotNeedEnergyMinutes = 46080
iIdleWhenGridNeedsEnergyMinutes = 4688399
iEnergyPriceIsZeroMinutes = 240
harvester.getEnergyHarvestedAVAILABLEKilowattHours( ): 9992927.966666667
harvester.getEnergyHarvestedKilowattHours(): 0.0
The running average is 61
The y-int is 7
Energy harvested: 7390505.322224907
iGeneratingEnergyWhenGridNeedsEnergyMinutes =1245719
iGeneratingEnergyWhenGridNeedsEnergyMinutes =1245719
iUsingEnergyWhenGridNeedsEnergyMinutes =52771
iGeneratingEnergyWhenGridHasExcessEnergyMinutes = 3381
iUsingEnergyWhenGridHasExcessEnergyMinutes = 148
iIdleWhenGridDoesNotNeedEnergyMinutes = 42551
iIdleWhenGridNeedsEnergyMinutes = 3389909
iEnergyPriceIsZeroMinutes = 240
harvester.getEnergyHarvestedAVAILABLEKilowattHours( ): 9992927.966666667
harvester.getEnergyHarvestedKilowattHours(): 7390505.322224907
The y-int is 17
Energy harvested: 544369.8430555568
iGeneratingEnergyWhenGridNeedsEnergyMinutes =20970
iGeneratingEnergyWhenGridNeedsEnergyMinutes =20970
iUsingEnergyWhenGridNeedsEnergyMinutes =194
iGeneratingEnergyWhenGridHasExcessEnergyMinutes = 0
iUsingEnergyWhenGridHasExcessEnergyMinutes = 0
iIdleWhenGridDoesNotNeedEnergyMinutes = 46080
iIdleWhenGridNeedsEnergyMinutes = 4667235
iEnergyPriceIsZeroMinutes = 240
harvester.getEnergyHarvestedAVAILABLEKilowattHours( ): 9992927.966666667
harvester.getEnergyHarvestedKilowattHours(): 544369.8430555568
The y-int is 27
Energy harvested: 0.0
iGeneratingEnergyWhenGridNeedsEnergyMinutes =0
iGeneratingEnergyWhenGridNeedsEnergyMinutes =0
iUsingEnergyWhenGridNeedsEnergyMinutes =1
iGeneratingEnergyWhenGridHasExcessEnergyMinutes = 0
iUsingEnergyWhenGridHasExcessEnergyMinutes = 0
iIdleWhenGridDoesNotNeedEnergyMinutes = 46080
iIdleWhenGridNeedsEnergyMinutes = 4688398
iEnergyPriceIsZeroMinutes = 240
harvester.getEnergyHarvestedAVAILABLEKilowattHours( ): 9992927.966666667
harvester.getEnergyHarvestedKilowattHours(): 0.0
The y-int is 37
Energy harvested: 0.0
iGeneratingEnergyWhenGridNeedsEnergyMinutes =0
iGeneratingEnergyWhenGridNeedsEnergyMinutes =0
iUsingEnergyWhenGridNeedsEnergyMinutes =0
iGeneratingEnergyWhenGridHasExcessEnergyMinutes = 0
iUsingEnergyWhenGridHasExcessEnergyMinutes = 0
iIdleWhenGridDoesNotNeedEnergyMinutes = 46080
iIdleWhenGridNeedsEnergyMinutes = 4688399
iEnergyPriceIsZeroMinutes = 240
harvester.getEnergyHarvestedAVAILABLEKilowattHours( ): 9992927.966666667
harvester.getEnergyHarvestedKilowattHours(): 0.0
The running average is 91
The y-int is 7
Energy harvested: 7325274.153613687
iGeneratingEnergyWhenGridNeedsEnergyMinutes =1215835
iGeneratingEnergyWhenGridNeedsEnergyMinutes =1215835
iUsingEnergyWhenGridNeedsEnergyMinutes =49306
iGeneratingEnergyWhenGridHasExcessEnergyMinutes = 3392
iUsingEnergyWhenGridHasExcessEnergyMinutes = 147
iIdleWhenGridDoesNotNeedEnergyMinutes = 42541
iIdleWhenGridNeedsEnergyMinutes = 3423258
iEnergyPriceIsZeroMinutes = 240
harvester.getEnergyHarvestedAVAILABLEKilowattHours( ): 9992927.966666667
harvester.getEnergyHarvestedKilowattHours(): 7325274.153613687
The y-int is 17
Energy harvested: 507155.8016666679
iGeneratingEnergyWhenGridNeedsEnergyMinutes =19833
iGeneratingEnergyWhenGridNeedsEnergyMinutes =19833
iUsingEnergyWhenGridNeedsEnergyMinutes =106
iGeneratingEnergyWhenGridHasExcessEnergyMinutes = 0
iUsingEnergyWhenGridHasExcessEnergyMinutes = 0
iIdleWhenGridDoesNotNeedEnergyMinutes = 46080
iIdleWhenGridNeedsEnergyMinutes = 4668460
iEnergyPriceIsZeroMinutes = 240
harvester.getEnergyHarvestedAVAILABLEKilowattHours( ): 9992927.966666667
harvester.getEnergyHarvestedKilowattHours(): 507155.8016666679
The y-int is 27
Energy harvested: 0.0
iGeneratingEnergyWhenGridNeedsEnergyMinutes =0
iGeneratingEnergyWhenGridNeedsEnergyMinutes =0
iUsingEnergyWhenGridNeedsEnergyMinutes =1
iGeneratingEnergyWhenGridHasExcessEnergyMinutes = 0
iUsingEnergyWhenGridHasExcessEnergyMinutes = 0
iIdleWhenGridDoesNotNeedEnergyMinutes = 46080
iIdleWhenGridNeedsEnergyMinutes = 4688398
iEnergyPriceIsZeroMinutes = 240
harvester.getEnergyHarvestedAVAILABLEKilowattHours( ): 9992927.966666667
harvester.getEnergyHarvestedKilowattHours(): 0.0
The y-int is 37
Energy harvested: 0.0
iGeneratingEnergyWhenGridNeedsEnergyMinutes =0
iGeneratingEnergyWhenGridNeedsEnergyMinutes =0
iUsingEnergyWhenGridNeedsEnergyMinutes =0
iGeneratingEnergyWhenGridHasExcessEnergyMinutes = 0
iUsingEnergyWhenGridHasExcessEnergyMinutes = 0
iIdleWhenGridDoesNotNeedEnergyMinutes = 46080
iIdleWhenGridNeedsEnergyMinutes = 4688399
iEnergyPriceIsZeroMinutes = 240
harvester.getEnergyHarvestedAVAILABLEKilowattHours( ): 9992927.966666667
harvester.getEnergyHarvestedKilowattHours(): 0.0
The running average is 121
The y-int is 7
Energy harvested: 7258248.5211135205
iGeneratingEnergyWhenGridNeedsEnergyMinutes =1187067
iGeneratingEnergyWhenGridNeedsEnergyMinutes =1187067
iUsingEnergyWhenGridNeedsEnergyMinutes =47495
iGeneratingEnergyWhenGridHasExcessEnergyMinutes = 3350
iUsingEnergyWhenGridHasExcessEnergyMinutes = 145
iIdleWhenGridDoesNotNeedEnergyMinutes = 42585
iIdleWhenGridNeedsEnergyMinutes = 3453837
iEnergyPriceIsZeroMinutes = 240
harvester.getEnergyHarvestedAVAILABLEKilowattHours( ): 9992927.966666667
harvester.getEnergyHarvestedKilowattHours(): 7258248.5211135205
The y-int is 17
Energy harvested: 456739.206666667
iGeneratingEnergyWhenGridNeedsEnergyMinutes =17985
iGeneratingEnergyWhenGridNeedsEnergyMinutes =17985
iUsingEnergyWhenGridNeedsEnergyMinutes =35
iGeneratingEnergyWhenGridHasExcessEnergyMinutes = 0
iUsingEnergyWhenGridHasExcessEnergyMinutes = 0
iIdleWhenGridDoesNotNeedEnergyMinutes = 46080
iIdleWhenGridNeedsEnergyMinutes = 4670379
iEnergyPriceIsZeroMinutes = 240
harvester.getEnergyHarvestedAVAILABLEKilowattHours( ): 9992927.966666667
harvester.getEnergyHarvestedKilowattHours(): 456739.206666667
The y-int is 27
Energy harvested: 0.0
iGeneratingEnergyWhenGridNeedsEnergyMinutes =0
iGeneratingEnergyWhenGridNeedsEnergyMinutes =0
iUsingEnergyWhenGridNeedsEnergyMinutes =1
iGeneratingEnergyWhenGridHasExcessEnergyMinutes = 0
iUsingEnergyWhenGridHasExcessEnergyMinutes = 0
iIdleWhenGridDoesNotNeedEnergyMinutes = 46080
iIdleWhenGridNeedsEnergyMinutes = 4688398
iEnergyPriceIsZeroMinutes = 240
harvester.getEnergyHarvestedAVAILABLEKilowattHours( ): 9992927.966666667
harvester.getEnergyHarvestedKilowattHours(): 0.0
The y-int is 37
Energy harvested: 0.0
iGeneratingEnergyWhenGridNeedsEnergyMinutes =0
iGeneratingEnergyWhenGridNeedsEnergyMinutes =0
iUsingEnergyWhenGridNeedsEnergyMinutes =0
iGeneratingEnergyWhenGridHasExcessEnergyMinutes = 0
iUsingEnergyWhenGridHasExcessEnergyMinutes = 0
iIdleWhenGridDoesNotNeedEnergyMinutes = 46080
iIdleWhenGridNeedsEnergyMinutes = 4688399
iEnergyPriceIsZeroMinutes = 240
harvester.getEnergyHarvestedAVAILABLEKilowattHours( ): 9992927.966666667
harvester.getEnergyHarvestedKilowattHours(): 0.0
Beginning testing mode:
station,&,y_intercept_for_month_1,&,running_average_size_minutes_for_month_1,&,y_intercept_for_month_2,&,running_average_size_minutes_for_month_2,&,y_intercept_for_month_3,&,running_average_size_minutes_for_month_3,&,y_intercept_for_month_4,&,running_average_size_minutes_for_month_4,&,y_intercept_for_month_5,&,running_average_size_minutes_for_month_5,&,y_intercept_for_month_6,&,running_average_size_minutes_for_month_6,&,y_intercept_for_month_7,&,running_average_size_minutes_for_month_7,&,y_intercept_for_month_8,&,running_average_size_minutes_for_month_8,&,y_intercept_for_month_9,&,running_average_size_minutes_for_month_9,&,y_intercept_for_month_10,&,running_average_size_minutes_for_month_10,&,y_intercept_for_month_11,&,running_average_size_minutes_for_month_11,&,y_intercept_for_month_12,&,running_average_size_minutes_for_month_12,&,dNetNorm,&,dMarketBalancePercentage,&,dMarketNetNorm,
results: KPIT,&,7,&,1,&,7,&,1,&,7,&,1,&,7,&,1,&,7,&,31,&,7,&,1,&,7,&,1,&,7,&,1,&,7,&,1,&,7,&,1,&,7,&,1,&,7,&,1,&,0.7528141068956998,&,0.9036402178282957,&,0.6802731035394441
monthly visible minutes:KPIT,&,2013,&,17913,&,16845,&,21948,&,21110,&,20559,&,19891,&,18573,&,18186,&,19763,&,17911,&,21175,&,22184,&,
monthly visible minutes:KPIT,&,2014,&,21647,&,19978,&,23757,&,22554,&,17283,&,11884,&,15015,&,12108,&,12183,&,17103,&,19253,&,15024,&,
monthly minutes harvester between states:KPIT,&,2013,&,1859,&,1950,&,1576,&,2873,&,1330,&,2541,&,3218,&,2874,&,3109,&,2025,&,1350,&,1556,&,
monthly minutes harvester between states:KPIT,&,2014,&,1876,&,1595,&,1877,&,2451,&,1406,&,2720,&,2316,&,2495,&,2340,&,1805,&,1911,&,1943,&,
station,&,y_intercept_for_month_1,&,running_average_size_minutes_for_month_1,&,y_intercept_for_month_2,&,running_average_size_minutes_for_month_2,&,y_intercept_for_month_3,&,running_average_size_minutes_for_month_3,&,y_intercept_for_month_4,&,running_average_size_minutes_for_month_4,&,y_intercept_for_month_5,&,running_average_size_minutes_for_month_5,&,y_intercept_for_month_6,&,running_average_size_minutes_for_month_6,&,y_intercept_for_month_7,&,running_average_size_minutes_for_month_7,&,y_intercept_for_month_8,&,running_average_size_minutes_for_month_8,&,y_intercept_for_month_9,&,running_average_size_minutes_for_month_9,&,y_intercept_for_month_10,&,running_average_size_minutes_for_month_10,&,y_intercept_for_month_11,&,running_average_size_minutes_for_month_11,&,y_intercept_for_month_12,&,running_average_size_minutes_for_month_12,&,dNetNorm,&,dMarketBalancePercentage,&,dMarketNetNorm,
results: KPIT,&,7,&,31,&,7,&,31,&,7,&,31,&,7,&,31,&,7,&,31,&,7,&,31,&,7,&,31,&,7,&,31,&,7,&,31,&,7,&,61,&,7,&,31,&,7,&,31,&,0.7475568526768952,&,0.9362774818354834,&,0.699920647553183
monthly visible minutes:KPIT,&,2013,&,17913,&,16845,&,21948,&,21110,&,20559,&,19891,&,18573,&,18186,&,19763,&,17911,&,21175,&,22184,&,
monthly visible minutes:KPIT,&,2014,&,21647,&,19978,&,23757,&,22554,&,17283,&,11884,&,15015,&,12108,&,12183,&,17103,&,19253,&,15024,&,
monthly minutes harvester between states:KPIT,&,2013,&,1859,&,1950,&,1576,&,2873,&,1330,&,2541,&,3218,&,2874,&,3109,&,2025,&,1350,&,1556,&,
monthly minutes harvester between states:KPIT,&,2014,&,1876,&,1595,&,1877,&,2451,&,1406,&,2720,&,2316,&,2495,&,2340,&,1805,&,1911,&,1943,&,
Station: KSAC
abc: The current path is /home/guy/retractable-wind
I have found the property file.
The training windspeed filename is /trainingKSAC2004-2012in.csv
The testing windspeed filename is /testingKSAC2013-2014in.csv
Yes, the station is KSAC
Warning: The bAlsoUsePrediction no longer has any effect
iUsedAllItsAllocatedVisibilityMinutesPerMonth: 51234
Visibility Allocation Minutes:51234
HARVESTER_SIZE_SQM is 6362
Reading file
Success: /Wind turbine power curves - wind turbine power output against wind speed in knots.csv found.
Speed (Knots) = Speed(knots) vs power (kW) , Power (kW) =V90
Speed (Knots) = 0 , Power (kW) =0
Speed (Knots) = 1 , Power (kW) =0
Speed (Knots) = 2 , Power (kW) =0
Speed (Knots) = 3 , Power (kW) =0
Speed (Knots) = 4 , Power (kW) =0
Speed (Knots) = 5 , Power (kW) =0
Speed (Knots) = 6 , Power (kW) =0
Speed (Knots) = 7 , Power (kW) =38
Speed (Knots) = 8 , Power (kW) =87
Speed (Knots) = 9 , Power (kW) =141
Speed (Knots) = 10 , Power (kW) =207
Speed (Knots) = 11 , Power (kW) =286
Speed (Knots) = 12 , Power (kW) =382
Speed (Knots) = 13 , Power (kW) =496
Speed (Knots) = 14 , Power (kW) =628
Speed (Knots) = 15 , Power (kW) =781
Speed (Knots) = 16 , Power (kW) =957
Speed (Knots) = 17 , Power (kW) =1153
Speed (Knots) = 18 , Power (kW) =1366
Speed (Knots) = 19 , Power (kW) =1589
Speed (Knots) = 20 , Power (kW) =1814
Speed (Knots) = 21 , Power (kW) =2035
Speed (Knots) = 22 , Power (kW) =2250
Speed (Knots) = 23 , Power (kW) =2452
Speed (Knots) = 24 , Power (kW) =2634
Speed (Knots) = 25 , Power (kW) =2784
Speed (Knots) = 26 , Power (kW) =2888
Speed (Knots) = 27 , Power (kW) =2949
Speed (Knots) = 28 , Power (kW) =2980
Speed (Knots) = 29 , Power (kW) =2993
Speed (Knots) = 30 , Power (kW) =3000
Speed (Knots) = 31 , Power (kW) =3000
Speed (Knots) = 32 , Power (kW) =3000
Speed (Knots) = 33 , Power (kW) =3000
Speed (Knots) = 34 , Power (kW) =3000
Speed (Knots) = 35 , Power (kW) =3000
Speed (Knots) = 36 , Power (kW) =3000
Speed (Knots) = 37 , Power (kW) =3000
Speed (Knots) = 38 , Power (kW) =3000
Speed (Knots) = 39 , Power (kW) =3000
Speed (Knots) = 40 , Power (kW) =3000
Speed (Knots) = 41 , Power (kW) =3000
Speed (Knots) = 42 , Power (kW) =3000
Speed (Knots) = 43 , Power (kW) =3000
Speed (Knots) = 44 , Power (kW) =3000
Speed (Knots) = 45 , Power (kW) =3000
Speed (Knots) = 46 , Power (kW) =3000
Speed (Knots) = 47 , Power (kW) =3000
Speed (Knots) = 48 , Power (kW) =3000
Speed (Knots) = 49 , Power (kW) =0
Speed (Knots) = 50 , Power (kW) =0
Speed (Knots) = 51 , Power (kW) =0
Speed (Knots) = 52 , Power (kW) =0
Speed (Knots) = 53 , Power (kW) =0
Speed (Knots) = 54 , Power (kW) =0
Speed (Knots) = 55 , Power (kW) =0
Speed (Knots) = 56 , Power (kW) =0
Speed (Knots) = 57 , Power (kW) =0
Speed (Knots) = 58 , Power (kW) =0
Speed (Knots) = 59 , Power (kW) =0
Speed (Knots) = 60 , Power (kW) =0
The scale is 1.0
Wind power at 10 knots in kilowatts is 207.0
Wind power in-cut-out test 0.0
Aging
Class name:edu.pitt.cs.people.guy.wind.benchmarks.Aging
Success: /Noise_Allowed_Time_Definitions_All_Stations.csv found.
The station is the record is KSAC
Success: /Noise_Allowed_Time_Definitions_All_Stations.csv found.
The station is the record is KSAC
I have found the membership file for NOT WINDY.
Windspeed (knots) [0,1), Membership Value =1.00000000,1.0
Windspeed (knots) [1,2), Membership Value =0.99973311,0.9997331
Windspeed (knots) [2,3), Membership Value =0.99693987,0.9969399
Windspeed (knots) [3,4), Membership Value =0.98644995,0.98644996
Windspeed (knots) [4,5), Membership Value =0.96259099,0.962591
Windspeed (knots) [5,6), Membership Value =0.92142306,0.9214231
Windspeed (knots) [6,7), Membership Value =0.86200159,0.8620016
Windspeed (knots) [7,8), Membership Value =0.78174397,0.78174394
Windspeed (knots) [8,9), Membership Value =0.68863577,0.68863577
Windspeed (knots) [9,10), Membership Value =0.58899832,0.5889983
Windspeed (knots) [10,11), Membership Value =0.48746724,0.48746723
Windspeed (knots) [11,12), Membership Value =0.38885905,0.38885906
Windspeed (knots) [12,13), Membership Value =0.29687558,0.29687557
Windspeed (knots) [13,14), Membership Value =0.21325590,0.2132559
Windspeed (knots) [14,15), Membership Value =0.13810953,0.13810953
Windspeed (knots) [15,16), Membership Value =0.07087199,0.07087199
Windspeed (knots) [16,17), Membership Value =0.01076194,0.01076194
Windspeed (knots) [17,18), Membership Value =0.00000000,0.0
Windspeed (knots) [18,19), Membership Value =0.00000000,0.0
Windspeed (knots) [19,20), Membership Value =0.00000000,0.0
Windspeed (knots) [20,21), Membership Value =0.00000000,0.0
Windspeed (knots) [21,22), Membership Value =0.00000000,0.0
Windspeed (knots) [22,23), Membership Value =0.00000000,0.0
Windspeed (knots) [23,24), Membership Value =0.00000000,0.0
Windspeed (knots) [24,25), Membership Value =0.00000000,0.0
Windspeed (knots) [25,26), Membership Value =0.00000000,0.0
Windspeed (knots) [26,27), Membership Value =0.00000000,0.0
Windspeed (knots) [27,28), Membership Value =0.00000000,0.0
Windspeed (knots) [28,29), Membership Value =0.00000000,0.0
Windspeed (knots) [29,30), Membership Value =0.00000000,0.0
Windspeed (knots) [30,31), Membership Value =0.00000000,0.0
Windspeed (knots) [31,32), Membership Value =0.00000000,0.0
Windspeed (knots) [32,33), Membership Value =0.00000000,0.0
Windspeed (knots) [33,34), Membership Value =0.00000000,0.0
Windspeed (knots) [34,35), Membership Value =0.00000000,0.0
Windspeed (knots) [35,36), Membership Value =0.00000000,0.0
Windspeed (knots) [36,37), Membership Value =0.00000000,0.0
Windspeed (knots) [37,38), Membership Value =0.00000000,0.0
Windspeed (knots) [38,39), Membership Value =0.00000000,0.0
Windspeed (knots) [39,40), Membership Value =0.00000000,0.0
Windspeed (knots) [40,41), Membership Value =0.00000000,0.0
Windspeed (knots) [41,42), Membership Value =0.00000000,0.0
Windspeed (knots) [42,43), Membership Value =0.00000000,0.0
Windspeed (knots) [43,44), Membership Value =0.00000000,0.0
Windspeed (knots) [44,45), Membership Value =0.00000000,0.0
Windspeed (knots) [45,46), Membership Value =0.00000000,0.0
Windspeed (knots) [46,47), Membership Value =0.00000000,0.0
Windspeed (knots) [47,48), Membership Value =0.00000000,0.0
Windspeed (knots) [48,49), Membership Value =0.00000000,0.0
Windspeed (knots) [49,50), Membership Value =0.00000000,0.0
Windspeed (knots) [50,51), Membership Value =0.00000000,0.0
Windspeed (knots) [51,52), Membership Value =0.00000000,0.0
Windspeed (knots) [52,53), Membership Value =0.00000000,0.0
Windspeed (knots) [53,54), Membership Value =0.00000000,0.0
Windspeed (knots) [54,55), Membership Value =0.00000000,0.0
Windspeed (knots) [55,56), Membership Value =0.00000000,0.0
Windspeed (knots) [56,57), Membership Value =0.00000000,0.0
Windspeed (knots) [57,58), Membership Value =0.00000000,0.0
Windspeed (knots) [58,59), Membership Value =0.00000000,0.0
Windspeed (knots) [59,60), Membership Value =0.00000000,0.0
Windspeed (knots) [60,61), Membership Value =0.00000000,0.0
Windspeed (knots) [61,62), Membership Value =0.00000000,0.0
Windspeed (knots) [62,63), Membership Value =0.00000000,0.0
Windspeed (knots) [63,64), Membership Value =0.00000000,0.0
Windspeed (knots) [64,65), Membership Value =0.00000000,0.0
Windspeed (knots) [65,66), Membership Value =0.00000000,0.0
Windspeed (knots) [66,67), Membership Value =0.00000000,0.0
Windspeed (knots) [67,68), Membership Value =0.00000000,0.0
Windspeed (knots) [68,69), Membership Value =0.00000000,0.0
Windspeed (knots) [69,70), Membership Value =0.00000000,0.0
Windspeed (knots) [70,71), Membership Value =0.00000000,0.0
Windspeed (knots) [71,72), Membership Value =0.00000000,0.0
Windspeed (knots) [72,73), Membership Value =0.00000000,0.0
Windspeed (knots) [73,74), Membership Value =0.00000000,0.0
Windspeed (knots) [74,75), Membership Value =0.00000000,0.0
Windspeed (knots) [75,76), Membership Value =0.00000000,0.0
Windspeed (knots) [76,77), Membership Value =0.00000000,0.0
Windspeed (knots) [77,78), Membership Value =0.00000000,0.0
Windspeed (knots) [78,79), Membership Value =0.00000000,0.0
Windspeed (knots) [79,80), Membership Value =0.00000000,0.0
Windspeed (knots) [80,81), Membership Value =0.00000000,0.0
Windspeed (knots) [81,82), Membership Value =0.00000000,0.0
Windspeed (knots) [82,83), Membership Value =0.00000000,0.0
Windspeed (knots) [83,84), Membership Value =0.00000000,0.0
Windspeed (knots) [84,85), Membership Value =0.00000000,0.0
Windspeed (knots) [85,86), Membership Value =0.00000000,0.0
Windspeed (knots) [86,87), Membership Value =0.00000000,0.0
Windspeed (knots) [87,88), Membership Value =0.00000000,0.0
Windspeed (knots) [88,89), Membership Value =0.00000000,0.0
Windspeed (knots) [89,90), Membership Value =0.00000000,0.0
Windspeed (knots) [90,91), Membership Value =0.00000000,0.0
Windspeed (knots) [91,92), Membership Value =0.00000000,0.0
Windspeed (knots) [92,93), Membership Value =0.00000000,0.0
Windspeed (knots) [93,94), Membership Value =0.00000000,0.0
Windspeed (knots) [94,95), Membership Value =0.00000000,0.0
Windspeed (knots) [95,96), Membership Value =0.00000000,0.0
Windspeed (knots) [96,97), Membership Value =0.00000000,0.0
Windspeed (knots) [97,98), Membership Value =0.00000000,0.0
Windspeed (knots) [98,99), Membership Value =0.00000000,0.0
Windspeed (knots) [99,100), Membership Value =0.00000000,0.0
Windspeed (knots) [100,101), Membership Value =0.00000000,0.0
Windspeed (knots) [101,102), Membership Value =0.00000000,0.0
Windspeed (knots) [102,103), Membership Value =0.00000000,0.0
Windspeed (knots) [103,104), Membership Value =0.00000000,0.0
Windspeed (knots) [104,105), Membership Value =0.00000000,0.0
Windspeed (knots) [105,106), Membership Value =0.00000000,0.0
Windspeed (knots) [106,107), Membership Value =0.00000000,0.0
Windspeed (knots) [107,108), Membership Value =0.00000000,0.0
Windspeed (knots) [108,109), Membership Value =0.00000000,0.0
Windspeed (knots) [109,110), Membership Value =0.00000000,0.0
Windspeed (knots) [110,111), Membership Value =0.00000000,0.0
Windspeed (knots) [111,112), Membership Value =0.00000000,0.0
Windspeed (knots) [112,113), Membership Value =0.00000000,0.0
Windspeed (knots) [113,114), Membership Value =0.00000000,0.0
Windspeed (knots) [114,115), Membership Value =0.00000000,0.0
Windspeed (knots) [115,116), Membership Value =0.00000000,0.0
Windspeed (knots) [116,117), Membership Value =0.00000000,0.0
Windspeed (knots) [117,118), Membership Value =0.00000000,0.0
Windspeed (knots) [118,119), Membership Value =0.00000000,0.0
Windspeed (knots) [119,120), Membership Value =0.00000000,0.0
Windspeed (knots) [120,121), Membership Value =0.00000000,0.0
Windspeed (knots) [121,122), Membership Value =0.00000000,0.0
Windspeed (knots) [122,123), Membership Value =0.00000000,0.0
Windspeed (knots) [123,124), Membership Value =0.00000000,0.0
Windspeed (knots) [124,125), Membership Value =0.00000000,0.0
LowestWindspeedThatIsWindyKnots for station KSAC is 6 knots.
Transition limited :false
bUseWeatherPrediction: true
The running average is 1
The y-int is 6
Energy harvested: 4701698.103323478
iGeneratingEnergyWhenGridNeedsEnergyMinutes =1064834
iGeneratingEnergyWhenGridNeedsEnergyMinutes =1064834
iUsingEnergyWhenGridNeedsEnergyMinutes =111497
iGeneratingEnergyWhenGridHasExcessEnergyMinutes = 2477
iUsingEnergyWhenGridHasExcessEnergyMinutes = 443
iIdleWhenGridDoesNotNeedEnergyMinutes = 43160
iIdleWhenGridNeedsEnergyMinutes = 3510951
iEnergyPriceIsZeroMinutes = 240
harvester.getEnergyHarvestedAVAILABLEKilowattHours( ): 6023616.266666667
harvester.getEnergyHarvestedKilowattHours(): 4701698.103323478
The y-int is 16
Energy harvested: 477760.3547222274
iGeneratingEnergyWhenGridNeedsEnergyMinutes =17413
iGeneratingEnergyWhenGridNeedsEnergyMinutes =17413
iUsingEnergyWhenGridNeedsEnergyMinutes =784
iGeneratingEnergyWhenGridHasExcessEnergyMinutes = 481
iUsingEnergyWhenGridHasExcessEnergyMinutes = 6
iIdleWhenGridDoesNotNeedEnergyMinutes = 45593
iIdleWhenGridNeedsEnergyMinutes = 4669085
iEnergyPriceIsZeroMinutes = 240
harvester.getEnergyHarvestedAVAILABLEKilowattHours( ): 6023616.266666667
harvester.getEnergyHarvestedKilowattHours(): 477760.3547222274
The y-int is 26
Energy harvested: 3108.9666666666667
iGeneratingEnergyWhenGridNeedsEnergyMinutes =65
iGeneratingEnergyWhenGridNeedsEnergyMinutes =65
iUsingEnergyWhenGridNeedsEnergyMinutes =1
iGeneratingEnergyWhenGridHasExcessEnergyMinutes = 0
iUsingEnergyWhenGridHasExcessEnergyMinutes = 0
iIdleWhenGridDoesNotNeedEnergyMinutes = 46080
iIdleWhenGridNeedsEnergyMinutes = 4687216
iEnergyPriceIsZeroMinutes = 240
harvester.getEnergyHarvestedAVAILABLEKilowattHours( ): 6023616.266666667
harvester.getEnergyHarvestedKilowattHours(): 3108.9666666666667
The y-int is 36
Energy harvested: 0.0
iGeneratingEnergyWhenGridNeedsEnergyMinutes =0
iGeneratingEnergyWhenGridNeedsEnergyMinutes =0
iUsingEnergyWhenGridNeedsEnergyMinutes =1
iGeneratingEnergyWhenGridHasExcessEnergyMinutes = 0
iUsingEnergyWhenGridHasExcessEnergyMinutes = 0
iIdleWhenGridDoesNotNeedEnergyMinutes = 46080
iIdleWhenGridNeedsEnergyMinutes = 4687281
iEnergyPriceIsZeroMinutes = 240
harvester.getEnergyHarvestedAVAILABLEKilowattHours( ): 6023616.266666667
harvester.getEnergyHarvestedKilowattHours(): 0.0
The running average is 31
The y-int is 6
Energy harvested: 4668818.5169393085
iGeneratingEnergyWhenGridNeedsEnergyMinutes =1039570
iGeneratingEnergyWhenGridNeedsEnergyMinutes =1039570
iUsingEnergyWhenGridNeedsEnergyMinutes =56733
iGeneratingEnergyWhenGridHasExcessEnergyMinutes = 2386
iUsingEnergyWhenGridHasExcessEnergyMinutes = 236
iIdleWhenGridDoesNotNeedEnergyMinutes = 43458
iIdleWhenGridNeedsEnergyMinutes = 3590979
iEnergyPriceIsZeroMinutes = 240
harvester.getEnergyHarvestedAVAILABLEKilowattHours( ): 6023616.266666667
harvester.getEnergyHarvestedKilowattHours(): 4668818.5169393085
The y-int is 16
Energy harvested: 487055.1533333348
iGeneratingEnergyWhenGridNeedsEnergyMinutes =19504
iGeneratingEnergyWhenGridNeedsEnergyMinutes =19504
iUsingEnergyWhenGridNeedsEnergyMinutes =213
iGeneratingEnergyWhenGridHasExcessEnergyMinutes = 453
iUsingEnergyWhenGridHasExcessEnergyMinutes = 0
iIdleWhenGridDoesNotNeedEnergyMinutes = 45627
iIdleWhenGridNeedsEnergyMinutes = 4667565
iEnergyPriceIsZeroMinutes = 240
harvester.getEnergyHarvestedAVAILABLEKilowattHours( ): 6023616.266666667
harvester.getEnergyHarvestedKilowattHours(): 487055.1533333348
The y-int is 26
Energy harvested: 0.0
iGeneratingEnergyWhenGridNeedsEnergyMinutes =0
iGeneratingEnergyWhenGridNeedsEnergyMinutes =0
iUsingEnergyWhenGridNeedsEnergyMinutes =1
iGeneratingEnergyWhenGridHasExcessEnergyMinutes = 0
iUsingEnergyWhenGridHasExcessEnergyMinutes = 0
iIdleWhenGridDoesNotNeedEnergyMinutes = 46080
iIdleWhenGridNeedsEnergyMinutes = 4687281
iEnergyPriceIsZeroMinutes = 240
harvester.getEnergyHarvestedAVAILABLEKilowattHours( ): 6023616.266666667
harvester.getEnergyHarvestedKilowattHours(): 0.0
The y-int is 36
Energy harvested: 0.0
iGeneratingEnergyWhenGridNeedsEnergyMinutes =0
iGeneratingEnergyWhenGridNeedsEnergyMinutes =0
iUsingEnergyWhenGridNeedsEnergyMinutes =0
iGeneratingEnergyWhenGridHasExcessEnergyMinutes = 0
iUsingEnergyWhenGridHasExcessEnergyMinutes = 0
iIdleWhenGridDoesNotNeedEnergyMinutes = 46080
iIdleWhenGridNeedsEnergyMinutes = 4687282
iEnergyPriceIsZeroMinutes = 240
harvester.getEnergyHarvestedAVAILABLEKilowattHours( ): 6023616.266666667
harvester.getEnergyHarvestedKilowattHours(): 0.0
The running average is 61
The y-int is 6
Energy harvested: 4634982.2683285745
iGeneratingEnergyWhenGridNeedsEnergyMinutes =1015318
iGeneratingEnergyWhenGridNeedsEnergyMinutes =1015318
iUsingEnergyWhenGridNeedsEnergyMinutes =51196
iGeneratingEnergyWhenGridHasExcessEnergyMinutes = 2338
iUsingEnergyWhenGridHasExcessEnergyMinutes = 216
iIdleWhenGridDoesNotNeedEnergyMinutes = 43526
iIdleWhenGridNeedsEnergyMinutes = 3620768
iEnergyPriceIsZeroMinutes = 240
harvester.getEnergyHarvestedAVAILABLEKilowattHours( ): 6023616.266666667
harvester.getEnergyHarvestedKilowattHours(): 4634982.2683285745
The y-int is 16
Energy harvested: 448311.4822222227
iGeneratingEnergyWhenGridNeedsEnergyMinutes =18419
iGeneratingEnergyWhenGridNeedsEnergyMinutes =18419
iUsingEnergyWhenGridNeedsEnergyMinutes =115
iGeneratingEnergyWhenGridHasExcessEnergyMinutes = 422
iUsingEnergyWhenGridHasExcessEnergyMinutes = 0
iIdleWhenGridDoesNotNeedEnergyMinutes = 45658
iIdleWhenGridNeedsEnergyMinutes = 4668748
iEnergyPriceIsZeroMinutes = 240
harvester.getEnergyHarvestedAVAILABLEKilowattHours( ): 6023616.266666667
harvester.getEnergyHarvestedKilowattHours(): 448311.4822222227
The y-int is 26
Energy harvested: 0.0
iGeneratingEnergyWhenGridNeedsEnergyMinutes =0
iGeneratingEnergyWhenGridNeedsEnergyMinutes =0
iUsingEnergyWhenGridNeedsEnergyMinutes =1
iGeneratingEnergyWhenGridHasExcessEnergyMinutes = 0
iUsingEnergyWhenGridHasExcessEnergyMinutes = 0
iIdleWhenGridDoesNotNeedEnergyMinutes = 46080
iIdleWhenGridNeedsEnergyMinutes = 4687281
iEnergyPriceIsZeroMinutes = 240
harvester.getEnergyHarvestedAVAILABLEKilowattHours( ): 6023616.266666667
harvester.getEnergyHarvestedKilowattHours(): 0.0
The y-int is 36
Energy harvested: 0.0
iGeneratingEnergyWhenGridNeedsEnergyMinutes =0
iGeneratingEnergyWhenGridNeedsEnergyMinutes =0
iUsingEnergyWhenGridNeedsEnergyMinutes =0
iGeneratingEnergyWhenGridHasExcessEnergyMinutes = 0
iUsingEnergyWhenGridHasExcessEnergyMinutes = 0
iIdleWhenGridDoesNotNeedEnergyMinutes = 46080
iIdleWhenGridNeedsEnergyMinutes = 4687282
iEnergyPriceIsZeroMinutes = 240
harvester.getEnergyHarvestedAVAILABLEKilowattHours( ): 6023616.266666667
harvester.getEnergyHarvestedKilowattHours(): 0.0
The running average is 91
The y-int is 6
Energy harvested: 4602554.2136065
iGeneratingEnergyWhenGridNeedsEnergyMinutes =994125
iGeneratingEnergyWhenGridNeedsEnergyMinutes =994125
iUsingEnergyWhenGridNeedsEnergyMinutes =48657
iGeneratingEnergyWhenGridHasExcessEnergyMinutes = 2290
iUsingEnergyWhenGridHasExcessEnergyMinutes = 181
iIdleWhenGridDoesNotNeedEnergyMinutes = 43609
iIdleWhenGridNeedsEnergyMinutes = 3644500
iEnergyPriceIsZeroMinutes = 240
harvester.getEnergyHarvestedAVAILABLEKilowattHours( ): 6023616.266666667
harvester.getEnergyHarvestedKilowattHours(): 4602554.2136065
The y-int is 16
Energy harvested: 420794.6994444445
iGeneratingEnergyWhenGridNeedsEnergyMinutes =17212
iGeneratingEnergyWhenGridNeedsEnergyMinutes =17212
iUsingEnergyWhenGridNeedsEnergyMinutes =54
iGeneratingEnergyWhenGridHasExcessEnergyMinutes = 415
iUsingEnergyWhenGridHasExcessEnergyMinutes = 4
iIdleWhenGridDoesNotNeedEnergyMinutes = 45661
iIdleWhenGridNeedsEnergyMinutes = 4670016
iEnergyPriceIsZeroMinutes = 240
harvester.getEnergyHarvestedAVAILABLEKilowattHours( ): 6023616.266666667
harvester.getEnergyHarvestedKilowattHours(): 420794.6994444445
The y-int is 26
Energy harvested: 0.0
iGeneratingEnergyWhenGridNeedsEnergyMinutes =0
iGeneratingEnergyWhenGridNeedsEnergyMinutes =0
iUsingEnergyWhenGridNeedsEnergyMinutes =1
iGeneratingEnergyWhenGridHasExcessEnergyMinutes = 0
iUsingEnergyWhenGridHasExcessEnergyMinutes = 0
iIdleWhenGridDoesNotNeedEnergyMinutes = 46080
iIdleWhenGridNeedsEnergyMinutes = 4687281
iEnergyPriceIsZeroMinutes = 240
harvester.getEnergyHarvestedAVAILABLEKilowattHours( ): 6023616.266666667
harvester.getEnergyHarvestedKilowattHours(): 0.0
The y-int is 36
Energy harvested: 0.0
iGeneratingEnergyWhenGridNeedsEnergyMinutes =0
iGeneratingEnergyWhenGridNeedsEnergyMinutes =0
iUsingEnergyWhenGridNeedsEnergyMinutes =0
iGeneratingEnergyWhenGridHasExcessEnergyMinutes = 0
iUsingEnergyWhenGridHasExcessEnergyMinutes = 0
iIdleWhenGridDoesNotNeedEnergyMinutes = 46080
iIdleWhenGridNeedsEnergyMinutes = 4687282
iEnergyPriceIsZeroMinutes = 240
harvester.getEnergyHarvestedAVAILABLEKilowattHours( ): 6023616.266666667
harvester.getEnergyHarvestedKilowattHours(): 0.0
The running average is 121
The y-int is 6
Energy harvested: 4568927.41721761
iGeneratingEnergyWhenGridNeedsEnergyMinutes =973693
iGeneratingEnergyWhenGridNeedsEnergyMinutes =973693
iUsingEnergyWhenGridNeedsEnergyMinutes =47139
iGeneratingEnergyWhenGridHasExcessEnergyMinutes = 2258
iUsingEnergyWhenGridHasExcessEnergyMinutes = 143
iIdleWhenGridDoesNotNeedEnergyMinutes = 43679
iIdleWhenGridNeedsEnergyMinutes = 3666450
iEnergyPriceIsZeroMinutes = 240
harvester.getEnergyHarvestedAVAILABLEKilowattHours( ): 6023616.266666667
harvester.getEnergyHarvestedKilowattHours(): 4568927.41721761
The y-int is 16
Energy harvested: 390252.38027777785
iGeneratingEnergyWhenGridNeedsEnergyMinutes =15945
iGeneratingEnergyWhenGridNeedsEnergyMinutes =15945
iUsingEnergyWhenGridNeedsEnergyMinutes =12
iGeneratingEnergyWhenGridHasExcessEnergyMinutes = 400
iUsingEnergyWhenGridHasExcessEnergyMinutes = 0
iIdleWhenGridDoesNotNeedEnergyMinutes = 45680
iIdleWhenGridNeedsEnergyMinutes = 4671325
iEnergyPriceIsZeroMinutes = 240
harvester.getEnergyHarvestedAVAILABLEKilowattHours( ): 6023616.266666667
harvester.getEnergyHarvestedKilowattHours(): 390252.38027777785
The y-int is 26
Energy harvested: 0.0
iGeneratingEnergyWhenGridNeedsEnergyMinutes =0
iGeneratingEnergyWhenGridNeedsEnergyMinutes =0
iUsingEnergyWhenGridNeedsEnergyMinutes =1
iGeneratingEnergyWhenGridHasExcessEnergyMinutes = 0
iUsingEnergyWhenGridHasExcessEnergyMinutes = 0
iIdleWhenGridDoesNotNeedEnergyMinutes = 46080
iIdleWhenGridNeedsEnergyMinutes = 4687281
iEnergyPriceIsZeroMinutes = 240
harvester.getEnergyHarvestedAVAILABLEKilowattHours( ): 6023616.266666667
harvester.getEnergyHarvestedKilowattHours(): 0.0
The y-int is 36
Energy harvested: 0.0
iGeneratingEnergyWhenGridNeedsEnergyMinutes =0
iGeneratingEnergyWhenGridNeedsEnergyMinutes =0
iUsingEnergyWhenGridNeedsEnergyMinutes =0
iGeneratingEnergyWhenGridHasExcessEnergyMinutes = 0
iUsingEnergyWhenGridHasExcessEnergyMinutes = 0
iIdleWhenGridDoesNotNeedEnergyMinutes = 46080
iIdleWhenGridNeedsEnergyMinutes = 4687282
iEnergyPriceIsZeroMinutes = 240
harvester.getEnergyHarvestedAVAILABLEKilowattHours( ): 6023616.266666667
harvester.getEnergyHarvestedKilowattHours(): 0.0
Beginning testing mode:
station,&,y_intercept_for_month_1,&,running_average_size_minutes_for_month_1,&,y_intercept_for_month_2,&,running_average_size_minutes_for_month_2,&,y_intercept_for_month_3,&,running_average_size_minutes_for_month_3,&,y_intercept_for_month_4,&,running_average_size_minutes_for_month_4,&,y_intercept_for_month_5,&,running_average_size_minutes_for_month_5,&,y_intercept_for_month_6,&,running_average_size_minutes_for_month_6,&,y_intercept_for_month_7,&,running_average_size_minutes_for_month_7,&,y_intercept_for_month_8,&,running_average_size_minutes_for_month_8,&,y_intercept_for_month_9,&,running_average_size_minutes_for_month_9,&,y_intercept_for_month_10,&,running_average_size_minutes_for_month_10,&,y_intercept_for_month_11,&,running_average_size_minutes_for_month_11,&,y_intercept_for_month_12,&,running_average_size_minutes_for_month_12,&,dNetNorm,&,dMarketBalancePercentage,&,dMarketNetNorm,
results: KSAC,&,6,&,1,&,6,&,1,&,6,&,1,&,6,&,1,&,6,&,1,&,6,&,1,&,6,&,1,&,6,&,1,&,6,&,1,&,6,&,1,&,6,&,1,&,6,&,1,&,0.7932871535014979,&,0.8862563933344333,&,0.7030558115407765
monthly visible minutes:KSAC,&,2013,&,7853,&,11342,&,11647,&,19969,&,22965,&,22471,&,22693,&,22466,&,19299,&,11466,&,7396,&,6783,&,
monthly visible minutes:KSAC,&,2014,&,4770,&,12326,&,17117,&,17136,&,20312,&,21444,&,23378,&,22913,&,16742,&,9956,&,7047,&,14939,&,
monthly minutes harvester between states:KSAC,&,2013,&,1284,&,1357,&,1535,&,2340,&,3267,&,2847,&,2248,&,2859,&,2886,&,2003,&,1110,&,962,&,
monthly minutes harvester between states:KSAC,&,2014,&,596,&,1813,&,2167,&,2600,&,2943,&,2324,&,2772,&,3215,&,2718,&,1986,&,1385,&,1459,&,
station,&,y_intercept_for_month_1,&,running_average_size_minutes_for_month_1,&,y_intercept_for_month_2,&,running_average_size_minutes_for_month_2,&,y_intercept_for_month_3,&,running_average_size_minutes_for_month_3,&,y_intercept_for_month_4,&,running_average_size_minutes_for_month_4,&,y_intercept_for_month_5,&,running_average_size_minutes_for_month_5,&,y_intercept_for_month_6,&,running_average_size_minutes_for_month_6,&,y_intercept_for_month_7,&,running_average_size_minutes_for_month_7,&,y_intercept_for_month_8,&,running_average_size_minutes_for_month_8,&,y_intercept_for_month_9,&,running_average_size_minutes_for_month_9,&,y_intercept_for_month_10,&,running_average_size_minutes_for_month_10,&,y_intercept_for_month_11,&,running_average_size_minutes_for_month_11,&,y_intercept_for_month_12,&,running_average_size_minutes_for_month_12,&,dNetNorm,&,dMarketBalancePercentage,&,dMarketNetNorm,
results: KSAC,&,6,&,61,&,6,&,61,&,6,&,61,&,6,&,31,&,6,&,31,&,6,&,31,&,6,&,31,&,6,&,31,&,6,&,31,&,6,&,61,&,6,&,121,&,6,&,61,&,0.7845375026278195,&,0.9418887190127772,&,0.7389470233676002
monthly visible minutes:KSAC,&,2013,&,7853,&,11342,&,11647,&,19969,&,22965,&,22471,&,22693,&,22466,&,19299,&,11466,&,7396,&,6783,&,
monthly visible minutes:KSAC,&,2014,&,4770,&,12326,&,17117,&,17136,&,20312,&,21444,&,23378,&,22913,&,16742,&,9956,&,7047,&,14939,&,
monthly minutes harvester between states:KSAC,&,2013,&,1284,&,1357,&,1535,&,2340,&,3267,&,2847,&,2248,&,2859,&,2886,&,2003,&,1110,&,962,&,
monthly minutes harvester between states:KSAC,&,2014,&,596,&,1813,&,2167,&,2600,&,2943,&,2324,&,2772,&,3215,&,2718,&,1986,&,1385,&,1459,&,
Station: KSAN
abc: The current path is /home/guy/retractable-wind
I have found the property file.
The training windspeed filename is /trainingKSAN2004-2012in.csv
The testing windspeed filename is /testingKSAN2013-2014in.csv
Yes, the station is KSAN
Warning: The bAlsoUsePrediction no longer has any effect
iUsedAllItsAllocatedVisibilityMinutesPerMonth: 51234
Visibility Allocation Minutes:51234
HARVESTER_SIZE_SQM is 6362
Reading file
Success: /Wind turbine power curves - wind turbine power output against wind speed in knots.csv found.
Speed (Knots) = Speed(knots) vs power (kW) , Power (kW) =V90
Speed (Knots) = 0 , Power (kW) =0
Speed (Knots) = 1 , Power (kW) =0
Speed (Knots) = 2 , Power (kW) =0
Speed (Knots) = 3 , Power (kW) =0
Speed (Knots) = 4 , Power (kW) =0
Speed (Knots) = 5 , Power (kW) =0
Speed (Knots) = 6 , Power (kW) =0
Speed (Knots) = 7 , Power (kW) =38
Speed (Knots) = 8 , Power (kW) =87
Speed (Knots) = 9 , Power (kW) =141
Speed (Knots) = 10 , Power (kW) =207
Speed (Knots) = 11 , Power (kW) =286
Speed (Knots) = 12 , Power (kW) =382
Speed (Knots) = 13 , Power (kW) =496
Speed (Knots) = 14 , Power (kW) =628
Speed (Knots) = 15 , Power (kW) =781
Speed (Knots) = 16 , Power (kW) =957
Speed (Knots) = 17 , Power (kW) =1153
Speed (Knots) = 18 , Power (kW) =1366
Speed (Knots) = 19 , Power (kW) =1589
Speed (Knots) = 20 , Power (kW) =1814
Speed (Knots) = 21 , Power (kW) =2035
Speed (Knots) = 22 , Power (kW) =2250
Speed (Knots) = 23 , Power (kW) =2452
Speed (Knots) = 24 , Power (kW) =2634
Speed (Knots) = 25 , Power (kW) =2784
Speed (Knots) = 26 , Power (kW) =2888
Speed (Knots) = 27 , Power (kW) =2949
Speed (Knots) = 28 , Power (kW) =2980
Speed (Knots) = 29 , Power (kW) =2993
Speed (Knots) = 30 , Power (kW) =3000
Speed (Knots) = 31 , Power (kW) =3000
Speed (Knots) = 32 , Power (kW) =3000
Speed (Knots) = 33 , Power (kW) =3000
Speed (Knots) = 34 , Power (kW) =3000
Speed (Knots) = 35 , Power (kW) =3000
Speed (Knots) = 36 , Power (kW) =3000
Speed (Knots) = 37 , Power (kW) =3000
Speed (Knots) = 38 , Power (kW) =3000
Speed (Knots) = 39 , Power (kW) =3000
Speed (Knots) = 40 , Power (kW) =3000
Speed (Knots) = 41 , Power (kW) =3000
Speed (Knots) = 42 , Power (kW) =3000
Speed (Knots) = 43 , Power (kW) =3000
Speed (Knots) = 44 , Power (kW) =3000
Speed (Knots) = 45 , Power (kW) =3000
Speed (Knots) = 46 , Power (kW) =3000
Speed (Knots) = 47 , Power (kW) =3000
Speed (Knots) = 48 , Power (kW) =3000
Speed (Knots) = 49 , Power (kW) =0
Speed (Knots) = 50 , Power (kW) =0
Speed (Knots) = 51 , Power (kW) =0
Speed (Knots) = 52 , Power (kW) =0
Speed (Knots) = 53 , Power (kW) =0
Speed (Knots) = 54 , Power (kW) =0
Speed (Knots) = 55 , Power (kW) =0
Speed (Knots) = 56 , Power (kW) =0
Speed (Knots) = 57 , Power (kW) =0
Speed (Knots) = 58 , Power (kW) =0
Speed (Knots) = 59 , Power (kW) =0
Speed (Knots) = 60 , Power (kW) =0
The scale is 1.0
Wind power at 10 knots in kilowatts is 207.0
Wind power in-cut-out test 0.0
Aging
Class name:edu.pitt.cs.people.guy.wind.benchmarks.Aging
Success: /Noise_Allowed_Time_Definitions_All_Stations.csv found.
The station is the record is KSAN
Success: /Noise_Allowed_Time_Definitions_All_Stations.csv found.
The station is the record is KSAN
I have found the membership file for NOT WINDY.
Windspeed (knots) [0,1), Membership Value =1.00000000,1.0
Windspeed (knots) [1,2), Membership Value =0.99969692,0.9996969
Windspeed (knots) [2,3), Membership Value =0.99611795,0.99611795
Windspeed (knots) [3,4), Membership Value =0.98306339,0.9830634
Windspeed (knots) [4,5), Membership Value =0.95248416,0.95248413
Windspeed (knots) [5,6), Membership Value =0.89824335,0.89824337
Windspeed (knots) [6,7), Membership Value =0.81762056,0.8176206
Windspeed (knots) [7,8), Membership Value =0.70590716,0.70590717
Windspeed (knots) [8,9), Membership Value =0.56347230,0.5634723
Windspeed (knots) [9,10), Membership Value =0.40870040,0.4087004
Windspeed (knots) [10,11), Membership Value =0.26055232,0.26055232
Windspeed (knots) [11,12), Membership Value =0.13012901,0.13012901
Windspeed (knots) [12,13), Membership Value =0.03512288,0.03512288
Windspeed (knots) [13,14), Membership Value =0.00000000,0.0
Windspeed (knots) [14,15), Membership Value =0.00000000,0.0
Windspeed (knots) [15,16), Membership Value =0.00000000,0.0
Windspeed (knots) [16,17), Membership Value =0.00000000,0.0
Windspeed (knots) [17,18), Membership Value =0.00000000,0.0
Windspeed (knots) [18,19), Membership Value =0.00000000,0.0
Windspeed (knots) [19,20), Membership Value =0.00000000,0.0
Windspeed (knots) [20,21), Membership Value =0.00000000,0.0
Windspeed (knots) [21,22), Membership Value =0.00000000,0.0
Windspeed (knots) [22,23), Membership Value =0.00000000,0.0
Windspeed (knots) [23,24), Membership Value =0.00000000,0.0
Windspeed (knots) [24,25), Membership Value =0.00000000,0.0
Windspeed (knots) [25,26), Membership Value =0.00000000,0.0
Windspeed (knots) [26,27), Membership Value =0.00000000,0.0
Windspeed (knots) [27,28), Membership Value =0.00000000,0.0
Windspeed (knots) [28,29), Membership Value =0.00000000,0.0
Windspeed (knots) [29,30), Membership Value =0.00000000,0.0
Windspeed (knots) [30,31), Membership Value =0.00000000,0.0
Windspeed (knots) [31,32), Membership Value =0.00000000,0.0
Windspeed (knots) [32,33), Membership Value =0.00000000,0.0
Windspeed (knots) [33,34), Membership Value =0.00000000,0.0
Windspeed (knots) [34,35), Membership Value =0.00000000,0.0
Windspeed (knots) [35,36), Membership Value =0.00000000,0.0
Windspeed (knots) [36,37), Membership Value =0.00000000,0.0
Windspeed (knots) [37,38), Membership Value =0.00000000,0.0
Windspeed (knots) [38,39), Membership Value =0.00000000,0.0
Windspeed (knots) [39,40), Membership Value =0.00000000,0.0
Windspeed (knots) [40,41), Membership Value =0.00000000,0.0
Windspeed (knots) [41,42), Membership Value =0.00000000,0.0
Windspeed (knots) [42,43), Membership Value =0.00000000,0.0
Windspeed (knots) [43,44), Membership Value =0.00000000,0.0
Windspeed (knots) [44,45), Membership Value =0.00000000,0.0
Windspeed (knots) [45,46), Membership Value =0.00000000,0.0
Windspeed (knots) [46,47), Membership Value =0.00000000,0.0
Windspeed (knots) [47,48), Membership Value =0.00000000,0.0
Windspeed (knots) [48,49), Membership Value =0.00000000,0.0
Windspeed (knots) [49,50), Membership Value =0.00000000,0.0
Windspeed (knots) [50,51), Membership Value =0.00000000,0.0
Windspeed (knots) [51,52), Membership Value =0.00000000,0.0
Windspeed (knots) [52,53), Membership Value =0.00000000,0.0
Windspeed (knots) [53,54), Membership Value =0.00000000,0.0
Windspeed (knots) [54,55), Membership Value =0.00000000,0.0
Windspeed (knots) [55,56), Membership Value =0.00000000,0.0
Windspeed (knots) [56,57), Membership Value =0.00000000,0.0
Windspeed (knots) [57,58), Membership Value =0.00000000,0.0
Windspeed (knots) [58,59), Membership Value =0.00000000,0.0
Windspeed (knots) [59,60), Membership Value =0.00000000,0.0
Windspeed (knots) [60,61), Membership Value =0.00000000,0.0
Windspeed (knots) [61,62), Membership Value =0.00000000,0.0
Windspeed (knots) [62,63), Membership Value =0.00000000,0.0
Windspeed (knots) [63,64), Membership Value =0.00000000,0.0
Windspeed (knots) [64,65), Membership Value =0.00000000,0.0
Windspeed (knots) [65,66), Membership Value =0.00000000,0.0
Windspeed (knots) [66,67), Membership Value =0.00000000,0.0
Windspeed (knots) [67,68), Membership Value =0.00000000,0.0
Windspeed (knots) [68,69), Membership Value =0.00000000,0.0
Windspeed (knots) [69,70), Membership Value =0.00000000,0.0
Windspeed (knots) [70,71), Membership Value =0.00000000,0.0
Windspeed (knots) [71,72), Membership Value =0.00000000,0.0
Windspeed (knots) [72,73), Membership Value =0.00000000,0.0
Windspeed (knots) [73,74), Membership Value =0.00000000,0.0
Windspeed (knots) [74,75), Membership Value =0.00000000,0.0
Windspeed (knots) [75,76), Membership Value =0.00000000,0.0
Windspeed (knots) [76,77), Membership Value =0.00000000,0.0
Windspeed (knots) [77,78), Membership Value =0.00000000,0.0
Windspeed (knots) [78,79), Membership Value =0.00000000,0.0
Windspeed (knots) [79,80), Membership Value =0.00000000,0.0
Windspeed (knots) [80,81), Membership Value =0.00000000,0.0
Windspeed (knots) [81,82), Membership Value =0.00000000,0.0
Windspeed (knots) [82,83), Membership Value =0.00000000,0.0
Windspeed (knots) [83,84), Membership Value =0.00000000,0.0
Windspeed (knots) [84,85), Membership Value =0.00000000,0.0
Windspeed (knots) [85,86), Membership Value =0.00000000,0.0
Windspeed (knots) [86,87), Membership Value =0.00000000,0.0
Windspeed (knots) [87,88), Membership Value =0.00000000,0.0
Windspeed (knots) [88,89), Membership Value =0.00000000,0.0
Windspeed (knots) [89,90), Membership Value =0.00000000,0.0
Windspeed (knots) [90,91), Membership Value =0.00000000,0.0
Windspeed (knots) [91,92), Membership Value =0.00000000,0.0
Windspeed (knots) [92,93), Membership Value =0.00000000,0.0
Windspeed (knots) [93,94), Membership Value =0.00000000,0.0
Windspeed (knots) [94,95), Membership Value =0.00000000,0.0
Windspeed (knots) [95,96), Membership Value =0.00000000,0.0
Windspeed (knots) [96,97), Membership Value =0.00000000,0.0
Windspeed (knots) [97,98), Membership Value =0.00000000,0.0
Windspeed (knots) [98,99), Membership Value =0.00000000,0.0
Windspeed (knots) [99,100), Membership Value =0.00000000,0.0
Windspeed (knots) [100,101), Membership Value =0.00000000,0.0
Windspeed (knots) [101,102), Membership Value =0.00000000,0.0
Windspeed (knots) [102,103), Membership Value =0.00000000,0.0
Windspeed (knots) [103,104), Membership Value =0.00000000,0.0
Windspeed (knots) [104,105), Membership Value =0.00000000,0.0
Windspeed (knots) [105,106), Membership Value =0.00000000,0.0
Windspeed (knots) [106,107), Membership Value =0.00000000,0.0
Windspeed (knots) [107,108), Membership Value =0.00000000,0.0
Windspeed (knots) [108,109), Membership Value =0.00000000,0.0
Windspeed (knots) [109,110), Membership Value =0.00000000,0.0
Windspeed (knots) [110,111), Membership Value =0.00000000,0.0
Windspeed (knots) [111,112), Membership Value =0.00000000,0.0
Windspeed (knots) [112,113), Membership Value =0.00000000,0.0
Windspeed (knots) [113,114), Membership Value =0.00000000,0.0
Windspeed (knots) [114,115), Membership Value =0.00000000,0.0
Windspeed (knots) [115,116), Membership Value =0.00000000,0.0
Windspeed (knots) [116,117), Membership Value =0.00000000,0.0
Windspeed (knots) [117,118), Membership Value =0.00000000,0.0
Windspeed (knots) [118,119), Membership Value =0.00000000,0.0
Windspeed (knots) [119,120), Membership Value =0.00000000,0.0
Windspeed (knots) [120,121), Membership Value =0.00000000,0.0
Windspeed (knots) [121,122), Membership Value =0.00000000,0.0
Windspeed (knots) [122,123), Membership Value =0.00000000,0.0
Windspeed (knots) [123,124), Membership Value =0.00000000,0.0
Windspeed (knots) [124,125), Membership Value =0.00000000,0.0
LowestWindspeedThatIsWindyKnots for station KSAN is 5 knots.
Transition limited :false
bUseWeatherPrediction: true
The running average is 1
The y-int is 5
Energy harvested: 2891302.245551813
iGeneratingEnergyWhenGridNeedsEnergyMinutes =998749
iGeneratingEnergyWhenGridNeedsEnergyMinutes =998749
iUsingEnergyWhenGridNeedsEnergyMinutes =69746
iGeneratingEnergyWhenGridHasExcessEnergyMinutes = 1424
iUsingEnergyWhenGridHasExcessEnergyMinutes = 119
iIdleWhenGridDoesNotNeedEnergyMinutes = 44537
iIdleWhenGridNeedsEnergyMinutes = 3618818
iEnergyPriceIsZeroMinutes = 240
harvester.getEnergyHarvestedAVAILABLEKilowattHours( ): 4329993.183333334
harvester.getEnergyHarvestedKilowattHours(): 2891302.245551813
The y-int is 15
Energy harvested: 141712.33666666687
iGeneratingEnergyWhenGridNeedsEnergyMinutes =6582
iGeneratingEnergyWhenGridNeedsEnergyMinutes =6582
iUsingEnergyWhenGridNeedsEnergyMinutes =559
iGeneratingEnergyWhenGridHasExcessEnergyMinutes = 0
iUsingEnergyWhenGridHasExcessEnergyMinutes = 0
iIdleWhenGridDoesNotNeedEnergyMinutes = 46080
iIdleWhenGridNeedsEnergyMinutes = 4680172
iEnergyPriceIsZeroMinutes = 240
harvester.getEnergyHarvestedAVAILABLEKilowattHours( ): 4329993.183333334
harvester.getEnergyHarvestedKilowattHours(): 141712.33666666687
The y-int is 25
Energy harvested: 0.0
iGeneratingEnergyWhenGridNeedsEnergyMinutes =0
iGeneratingEnergyWhenGridNeedsEnergyMinutes =0
iUsingEnergyWhenGridNeedsEnergyMinutes =1
iGeneratingEnergyWhenGridHasExcessEnergyMinutes = 0
iUsingEnergyWhenGridHasExcessEnergyMinutes = 0
iIdleWhenGridDoesNotNeedEnergyMinutes = 46080
iIdleWhenGridNeedsEnergyMinutes = 4687312
iEnergyPriceIsZeroMinutes = 240
harvester.getEnergyHarvestedAVAILABLEKilowattHours( ): 4329993.183333334
harvester.getEnergyHarvestedKilowattHours(): 0.0
The y-int is 35
Energy harvested: 0.0
iGeneratingEnergyWhenGridNeedsEnergyMinutes =0
iGeneratingEnergyWhenGridNeedsEnergyMinutes =0
iUsingEnergyWhenGridNeedsEnergyMinutes =0
iGeneratingEnergyWhenGridHasExcessEnergyMinutes = 0
iUsingEnergyWhenGridHasExcessEnergyMinutes = 0
iIdleWhenGridDoesNotNeedEnergyMinutes = 46080
iIdleWhenGridNeedsEnergyMinutes = 4687313
iEnergyPriceIsZeroMinutes = 240
harvester.getEnergyHarvestedAVAILABLEKilowattHours( ): 4329993.183333334
harvester.getEnergyHarvestedKilowattHours(): 0.0
The running average is 31
The y-int is 5
Energy harvested: 2877095.0805527484
iGeneratingEnergyWhenGridNeedsEnergyMinutes =985542
iGeneratingEnergyWhenGridNeedsEnergyMinutes =985542
iUsingEnergyWhenGridNeedsEnergyMinutes =54400
iGeneratingEnergyWhenGridHasExcessEnergyMinutes = 1404
iUsingEnergyWhenGridHasExcessEnergyMinutes = 50
iIdleWhenGridDoesNotNeedEnergyMinutes = 44626
iIdleWhenGridNeedsEnergyMinutes = 3647371
iEnergyPriceIsZeroMinutes = 240
harvester.getEnergyHarvestedAVAILABLEKilowattHours( ): 4329993.183333334
harvester.getEnergyHarvestedKilowattHours(): 2877095.0805527484
The y-int is 15
Energy harvested: 137199.55861111116
iGeneratingEnergyWhenGridNeedsEnergyMinutes =6855
iGeneratingEnergyWhenGridNeedsEnergyMinutes =6855
iUsingEnergyWhenGridNeedsEnergyMinutes =143
iGeneratingEnergyWhenGridHasExcessEnergyMinutes = 0
iUsingEnergyWhenGridHasExcessEnergyMinutes = 0
iIdleWhenGridDoesNotNeedEnergyMinutes = 46080
iIdleWhenGridNeedsEnergyMinutes = 4680315
iEnergyPriceIsZeroMinutes = 240
harvester.getEnergyHarvestedAVAILABLEKilowattHours( ): 4329993.183333334
harvester.getEnergyHarvestedKilowattHours(): 137199.55861111116
The y-int is 25
Energy harvested: 0.0
iGeneratingEnergyWhenGridNeedsEnergyMinutes =0
iGeneratingEnergyWhenGridNeedsEnergyMinutes =0
iUsingEnergyWhenGridNeedsEnergyMinutes =1
iGeneratingEnergyWhenGridHasExcessEnergyMinutes = 0
iUsingEnergyWhenGridHasExcessEnergyMinutes = 0
iIdleWhenGridDoesNotNeedEnergyMinutes = 46080
iIdleWhenGridNeedsEnergyMinutes = 4687312
iEnergyPriceIsZeroMinutes = 240
harvester.getEnergyHarvestedAVAILABLEKilowattHours( ): 4329993.183333334
harvester.getEnergyHarvestedKilowattHours(): 0.0
The y-int is 35
Energy harvested: 0.0
iGeneratingEnergyWhenGridNeedsEnergyMinutes =0
iGeneratingEnergyWhenGridNeedsEnergyMinutes =0
iUsingEnergyWhenGridNeedsEnergyMinutes =0
iGeneratingEnergyWhenGridHasExcessEnergyMinutes = 0
iUsingEnergyWhenGridHasExcessEnergyMinutes = 0
iIdleWhenGridDoesNotNeedEnergyMinutes = 46080
iIdleWhenGridNeedsEnergyMinutes = 4687313
iEnergyPriceIsZeroMinutes = 240
harvester.getEnergyHarvestedAVAILABLEKilowattHours( ): 4329993.183333334
harvester.getEnergyHarvestedKilowattHours(): 0.0
The running average is 61
The y-int is 5
Energy harvested: 2856768.803330662
iGeneratingEnergyWhenGridNeedsEnergyMinutes =968961
iGeneratingEnergyWhenGridNeedsEnergyMinutes =968961
iUsingEnergyWhenGridNeedsEnergyMinutes =52220
iGeneratingEnergyWhenGridHasExcessEnergyMinutes = 1400
iUsingEnergyWhenGridHasExcessEnergyMinutes = 51
iIdleWhenGridDoesNotNeedEnergyMinutes = 44629
iIdleWhenGridNeedsEnergyMinutes = 3666132
iEnergyPriceIsZeroMinutes = 240
harvester.getEnergyHarvestedAVAILABLEKilowattHours( ): 4329993.183333334
harvester.getEnergyHarvestedKilowattHours(): 2856768.803330662
The y-int is 15
Energy harvested: 125499.1108333334
iGeneratingEnergyWhenGridNeedsEnergyMinutes =6513
iGeneratingEnergyWhenGridNeedsEnergyMinutes =6513
iUsingEnergyWhenGridNeedsEnergyMinutes =75
iGeneratingEnergyWhenGridHasExcessEnergyMinutes = 0
iUsingEnergyWhenGridHasExcessEnergyMinutes = 0
iIdleWhenGridDoesNotNeedEnergyMinutes = 46080
iIdleWhenGridNeedsEnergyMinutes = 4680725
iEnergyPriceIsZeroMinutes = 240
harvester.getEnergyHarvestedAVAILABLEKilowattHours( ): 4329993.183333334
harvester.getEnergyHarvestedKilowattHours(): 125499.1108333334
The y-int is 25
Energy harvested: 0.0
iGeneratingEnergyWhenGridNeedsEnergyMinutes =0
iGeneratingEnergyWhenGridNeedsEnergyMinutes =0
iUsingEnergyWhenGridNeedsEnergyMinutes =1
iGeneratingEnergyWhenGridHasExcessEnergyMinutes = 0
iUsingEnergyWhenGridHasExcessEnergyMinutes = 0
iIdleWhenGridDoesNotNeedEnergyMinutes = 46080
iIdleWhenGridNeedsEnergyMinutes = 4687312
iEnergyPriceIsZeroMinutes = 240
harvester.getEnergyHarvestedAVAILABLEKilowattHours( ): 4329993.183333334
harvester.getEnergyHarvestedKilowattHours(): 0.0
The y-int is 35
Energy harvested: 0.0
iGeneratingEnergyWhenGridNeedsEnergyMinutes =0
iGeneratingEnergyWhenGridNeedsEnergyMinutes =0
iUsingEnergyWhenGridNeedsEnergyMinutes =0
iGeneratingEnergyWhenGridHasExcessEnergyMinutes = 0
iUsingEnergyWhenGridHasExcessEnergyMinutes = 0
iIdleWhenGridDoesNotNeedEnergyMinutes = 46080
iIdleWhenGridNeedsEnergyMinutes = 4687313
iEnergyPriceIsZeroMinutes = 240
harvester.getEnergyHarvestedAVAILABLEKilowattHours( ): 4329993.183333334
harvester.getEnergyHarvestedKilowattHours(): 0.0
The running average is 91
The y-int is 5
Energy harvested: 2832703.012775336
iGeneratingEnergyWhenGridNeedsEnergyMinutes =951447
iGeneratingEnergyWhenGridNeedsEnergyMinutes =951447
iUsingEnergyWhenGridNeedsEnergyMinutes =51603
iGeneratingEnergyWhenGridHasExcessEnergyMinutes = 1397
iUsingEnergyWhenGridHasExcessEnergyMinutes = 29
iIdleWhenGridDoesNotNeedEnergyMinutes = 44654
iIdleWhenGridNeedsEnergyMinutes = 3684263
iEnergyPriceIsZeroMinutes = 240
harvester.getEnergyHarvestedAVAILABLEKilowattHours( ): 4329993.183333334
harvester.getEnergyHarvestedKilowattHours(): 2832703.012775336
The y-int is 15
Energy harvested: 111210.34527777783
iGeneratingEnergyWhenGridNeedsEnergyMinutes =5898
iGeneratingEnergyWhenGridNeedsEnergyMinutes =5898
iUsingEnergyWhenGridNeedsEnergyMinutes =75
iGeneratingEnergyWhenGridHasExcessEnergyMinutes = 0
iUsingEnergyWhenGridHasExcessEnergyMinutes = 0
iIdleWhenGridDoesNotNeedEnergyMinutes = 46080
iIdleWhenGridNeedsEnergyMinutes = 4681340
iEnergyPriceIsZeroMinutes = 240
harvester.getEnergyHarvestedAVAILABLEKilowattHours( ): 4329993.183333334
harvester.getEnergyHarvestedKilowattHours(): 111210.34527777783
The y-int is 25
Energy harvested: 0.0
iGeneratingEnergyWhenGridNeedsEnergyMinutes =0
iGeneratingEnergyWhenGridNeedsEnergyMinutes =0
iUsingEnergyWhenGridNeedsEnergyMinutes =1
iGeneratingEnergyWhenGridHasExcessEnergyMinutes = 0
iUsingEnergyWhenGridHasExcessEnergyMinutes = 0
iIdleWhenGridDoesNotNeedEnergyMinutes = 46080
iIdleWhenGridNeedsEnergyMinutes = 4687312
iEnergyPriceIsZeroMinutes = 240
harvester.getEnergyHarvestedAVAILABLEKilowattHours( ): 4329993.183333334
harvester.getEnergyHarvestedKilowattHours(): 0.0
The y-int is 35
Energy harvested: 0.0
iGeneratingEnergyWhenGridNeedsEnergyMinutes =0
iGeneratingEnergyWhenGridNeedsEnergyMinutes =0
iUsingEnergyWhenGridNeedsEnergyMinutes =0
iGeneratingEnergyWhenGridHasExcessEnergyMinutes = 0
iUsingEnergyWhenGridHasExcessEnergyMinutes = 0
iIdleWhenGridDoesNotNeedEnergyMinutes = 46080
iIdleWhenGridNeedsEnergyMinutes = 4687313
iEnergyPriceIsZeroMinutes = 240
harvester.getEnergyHarvestedAVAILABLEKilowattHours( ): 4329993.183333334
harvester.getEnergyHarvestedKilowattHours(): 0.0
The running average is 121
The y-int is 5
Energy harvested: 2804336.7283310685
iGeneratingEnergyWhenGridNeedsEnergyMinutes =932161
iGeneratingEnergyWhenGridNeedsEnergyMinutes =932161
iUsingEnergyWhenGridNeedsEnergyMinutes =51288
iGeneratingEnergyWhenGridHasExcessEnergyMinutes = 1397
iUsingEnergyWhenGridHasExcessEnergyMinutes = 20
iIdleWhenGridDoesNotNeedEnergyMinutes = 44663
iIdleWhenGridNeedsEnergyMinutes = 3703864
iEnergyPriceIsZeroMinutes = 240
harvester.getEnergyHarvestedAVAILABLEKilowattHours( ): 4329993.183333334
harvester.getEnergyHarvestedKilowattHours(): 2804336.7283310685
The y-int is 15
Energy harvested: 96358.71055555562
iGeneratingEnergyWhenGridNeedsEnergyMinutes =4910
iGeneratingEnergyWhenGridNeedsEnergyMinutes =4910
iUsingEnergyWhenGridNeedsEnergyMinutes =81
iGeneratingEnergyWhenGridHasExcessEnergyMinutes = 0
iUsingEnergyWhenGridHasExcessEnergyMinutes = 0
iIdleWhenGridDoesNotNeedEnergyMinutes = 46080
iIdleWhenGridNeedsEnergyMinutes = 4682322
iEnergyPriceIsZeroMinutes = 240
harvester.getEnergyHarvestedAVAILABLEKilowattHours( ): 4329993.183333334
harvester.getEnergyHarvestedKilowattHours(): 96358.71055555562
The y-int is 25
Energy harvested: 0.0
iGeneratingEnergyWhenGridNeedsEnergyMinutes =0
iGeneratingEnergyWhenGridNeedsEnergyMinutes =0
iUsingEnergyWhenGridNeedsEnergyMinutes =1
iGeneratingEnergyWhenGridHasExcessEnergyMinutes = 0
iUsingEnergyWhenGridHasExcessEnergyMinutes = 0
iIdleWhenGridDoesNotNeedEnergyMinutes = 46080
iIdleWhenGridNeedsEnergyMinutes = 4687312
iEnergyPriceIsZeroMinutes = 240
harvester.getEnergyHarvestedAVAILABLEKilowattHours( ): 4329993.183333334
harvester.getEnergyHarvestedKilowattHours(): 0.0
The y-int is 35
Energy harvested: 0.0
iGeneratingEnergyWhenGridNeedsEnergyMinutes =0
iGeneratingEnergyWhenGridNeedsEnergyMinutes =0
iUsingEnergyWhenGridNeedsEnergyMinutes =0
iGeneratingEnergyWhenGridHasExcessEnergyMinutes = 0
iUsingEnergyWhenGridHasExcessEnergyMinutes = 0
iIdleWhenGridDoesNotNeedEnergyMinutes = 46080
iIdleWhenGridNeedsEnergyMinutes = 4687313
iEnergyPriceIsZeroMinutes = 240
harvester.getEnergyHarvestedAVAILABLEKilowattHours( ): 4329993.183333334
harvester.getEnergyHarvestedKilowattHours(): 0.0
Beginning testing mode:
station,&,y_intercept_for_month_1,&,running_average_size_minutes_for_month_1,&,y_intercept_for_month_2,&,running_average_size_minutes_for_month_2,&,y_intercept_for_month_3,&,running_average_size_minutes_for_month_3,&,y_intercept_for_month_4,&,running_average_size_minutes_for_month_4,&,y_intercept_for_month_5,&,running_average_size_minutes_for_month_5,&,y_intercept_for_month_6,&,running_average_size_minutes_for_month_6,&,y_intercept_for_month_7,&,running_average_size_minutes_for_month_7,&,y_intercept_for_month_8,&,running_average_size_minutes_for_month_8,&,y_intercept_for_month_9,&,running_average_size_minutes_for_month_9,&,y_intercept_for_month_10,&,running_average_size_minutes_for_month_10,&,y_intercept_for_month_11,&,running_average_size_minutes_for_month_11,&,y_intercept_for_month_12,&,running_average_size_minutes_for_month_12,&,dNetNorm,&,dMarketBalancePercentage,&,dMarketNetNorm,
results: KSAN,&,5,&,1,&,5,&,31,&,5,&,1,&,5,&,1,&,5,&,1,&,5,&,1,&,5,&,1,&,5,&,1,&,5,&,1,&,5,&,1,&,5,&,1,&,5,&,1,&,0.7181976036852694,&,0.9175174266789443,&,0.6589588171802927
monthly visible minutes:KSAN,&,2013,&,12259,&,12330,&,11949,&,16073,&,16141,&,16319,&,15850,&,16006,&,13532,&,13143,&,11261,&,10697,&,
monthly visible minutes:KSAN,&,2014,&,8592,&,13366,&,14175,&,16185,&,16409,&,16149,&,15869,&,15638,&,15177,&,13501,&,10733,&,10667,&,
monthly minutes harvester between states:KSAN,&,2013,&,1525,&,912,&,1313,&,1174,&,1181,&,1186,&,1693,&,1306,&,1058,&,1035,&,1353,&,1431,&,
monthly minutes harvester between states:KSAN,&,2014,&,1283,&,1026,&,1625,&,1473,&,1392,&,1350,&,1600,&,1231,&,1194,&,1342,&,1042,&,1366,&,
station,&,y_intercept_for_month_1,&,running_average_size_minutes_for_month_1,&,y_intercept_for_month_2,&,running_average_size_minutes_for_month_2,&,y_intercept_for_month_3,&,running_average_size_minutes_for_month_3,&,y_intercept_for_month_4,&,running_average_size_minutes_for_month_4,&,y_intercept_for_month_5,&,running_average_size_minutes_for_month_5,&,y_intercept_for_month_6,&,running_average_size_minutes_for_month_6,&,y_intercept_for_month_7,&,running_average_size_minutes_for_month_7,&,y_intercept_for_month_8,&,running_average_size_minutes_for_month_8,&,y_intercept_for_month_9,&,running_average_size_minutes_for_month_9,&,y_intercept_for_month_10,&,running_average_size_minutes_for_month_10,&,y_intercept_for_month_11,&,running_average_size_minutes_for_month_11,&,y_intercept_for_month_12,&,running_average_size_minutes_for_month_12,&,dNetNorm,&,dMarketBalancePercentage,&,dMarketNetNorm,
results: KSAN,&,5,&,31,&,5,&,31,&,5,&,31,&,5,&,31,&,5,&,31,&,5,&,31,&,5,&,31,&,5,&,1,&,5,&,31,&,5,&,31,&,5,&,31,&,5,&,61,&,0.7196025562844733,&,0.933206313172261,&,0.6715376484995678
monthly visible minutes:KSAN,&,2013,&,12259,&,12330,&,11949,&,16073,&,16141,&,16319,&,15850,&,16006,&,13532,&,13143,&,11261,&,10697,&,
monthly visible minutes:KSAN,&,2014,&,8592,&,13366,&,14175,&,16185,&,16409,&,16149,&,15869,&,15638,&,15177,&,13501,&,10733,&,10667,&,
monthly minutes harvester between states:KSAN,&,2013,&,1525,&,912,&,1313,&,1174,&,1181,&,1186,&,1693,&,1306,&,1058,&,1035,&,1353,&,1431,&,
monthly minutes harvester between states:KSAN,&,2014,&,1283,&,1026,&,1625,&,1473,&,1392,&,1350,&,1600,&,1231,&,1194,&,1342,&,1042,&,1366,&,
Station: KSAT
abc: The current path is /home/guy/retractable-wind
I have found the property file.
The training windspeed filename is /trainingKSAT2004-2012in.csv
The testing windspeed filename is /testingKSAT2013-2014in.csv
Yes, the station is KSAT
Warning: The bAlsoUsePrediction no longer has any effect
iUsedAllItsAllocatedVisibilityMinutesPerMonth: 51234
Visibility Allocation Minutes:51234
HARVESTER_SIZE_SQM is 6362
Reading file
Success: /Wind turbine power curves - wind turbine power output against wind speed in knots.csv found.
Speed (Knots) = Speed(knots) vs power (kW) , Power (kW) =V90
Speed (Knots) = 0 , Power (kW) =0
Speed (Knots) = 1 , Power (kW) =0
Speed (Knots) = 2 , Power (kW) =0
Speed (Knots) = 3 , Power (kW) =0
Speed (Knots) = 4 , Power (kW) =0
Speed (Knots) = 5 , Power (kW) =0
Speed (Knots) = 6 , Power (kW) =0
Speed (Knots) = 7 , Power (kW) =38
Speed (Knots) = 8 , Power (kW) =87
Speed (Knots) = 9 , Power (kW) =141
Speed (Knots) = 10 , Power (kW) =207
Speed (Knots) = 11 , Power (kW) =286
Speed (Knots) = 12 , Power (kW) =382
Speed (Knots) = 13 , Power (kW) =496
Speed (Knots) = 14 , Power (kW) =628
Speed (Knots) = 15 , Power (kW) =781
Speed (Knots) = 16 , Power (kW) =957
Speed (Knots) = 17 , Power (kW) =1153
Speed (Knots) = 18 , Power (kW) =1366
Speed (Knots) = 19 , Power (kW) =1589
Speed (Knots) = 20 , Power (kW) =1814
Speed (Knots) = 21 , Power (kW) =2035
Speed (Knots) = 22 , Power (kW) =2250
Speed (Knots) = 23 , Power (kW) =2452
Speed (Knots) = 24 , Power (kW) =2634
Speed (Knots) = 25 , Power (kW) =2784
Speed (Knots) = 26 , Power (kW) =2888
Speed (Knots) = 27 , Power (kW) =2949
Speed (Knots) = 28 , Power (kW) =2980
Speed (Knots) = 29 , Power (kW) =2993
Speed (Knots) = 30 , Power (kW) =3000
Speed (Knots) = 31 , Power (kW) =3000
Speed (Knots) = 32 , Power (kW) =3000
Speed (Knots) = 33 , Power (kW) =3000
Speed (Knots) = 34 , Power (kW) =3000
Speed (Knots) = 35 , Power (kW) =3000
Speed (Knots) = 36 , Power (kW) =3000
Speed (Knots) = 37 , Power (kW) =3000
Speed (Knots) = 38 , Power (kW) =3000
Speed (Knots) = 39 , Power (kW) =3000
Speed (Knots) = 40 , Power (kW) =3000
Speed (Knots) = 41 , Power (kW) =3000
Speed (Knots) = 42 , Power (kW) =3000
Speed (Knots) = 43 , Power (kW) =3000
Speed (Knots) = 44 , Power (kW) =3000
Speed (Knots) = 45 , Power (kW) =3000
Speed (Knots) = 46 , Power (kW) =3000
Speed (Knots) = 47 , Power (kW) =3000
Speed (Knots) = 48 , Power (kW) =3000
Speed (Knots) = 49 , Power (kW) =0
Speed (Knots) = 50 , Power (kW) =0
Speed (Knots) = 51 , Power (kW) =0
Speed (Knots) = 52 , Power (kW) =0
Speed (Knots) = 53 , Power (kW) =0
Speed (Knots) = 54 , Power (kW) =0
Speed (Knots) = 55 , Power (kW) =0
Speed (Knots) = 56 , Power (kW) =0
Speed (Knots) = 57 , Power (kW) =0
Speed (Knots) = 58 , Power (kW) =0
Speed (Knots) = 59 , Power (kW) =0
Speed (Knots) = 60 , Power (kW) =0
The scale is 1.0
Wind power at 10 knots in kilowatts is 207.0
Wind power in-cut-out test 0.0
Aging
Class name:edu.pitt.cs.people.guy.wind.benchmarks.Aging
Success: /Noise_Allowed_Time_Definitions_All_Stations.csv found.
The station is the record is KSAT
Success: /Noise_Allowed_Time_Definitions_All_Stations.csv found.
The station is the record is KSAT
I have found the membership file for NOT WINDY.
Windspeed (knots) [0,1), Membership Value =1.00000000,1.0
Windspeed (knots) [1,2), Membership Value =0.99995887,0.9999589
Windspeed (knots) [2,3), Membership Value =0.99931529,0.99931526
Windspeed (knots) [3,4), Membership Value =0.99624311,0.9962431
Windspeed (knots) [4,5), Membership Value =0.98768339,0.9876834
Windspeed (knots) [5,6), Membership Value =0.96985384,0.9698538
Windspeed (knots) [6,7), Membership Value =0.93900826,0.93900824
Windspeed (knots) [7,8), Membership Value =0.89280119,0.89280117
Windspeed (knots) [8,9), Membership Value =0.82763838,0.8276384
Windspeed (knots) [9,10), Membership Value =0.74421802,0.744218
Windspeed (knots) [10,11), Membership Value =0.64457283,0.64457285
Windspeed (knots) [11,12), Membership Value =0.53265537,0.53265536
Windspeed (knots) [12,13), Membership Value =0.41474766,0.41474766
Windspeed (knots) [13,14), Membership Value =0.30061695,0.30061695
Windspeed (knots) [14,15), Membership Value =0.19417100,0.194171
Windspeed (knots) [15,16), Membership Value =0.09676980,0.0967698
Windspeed (knots) [16,17), Membership Value =0.01186371,0.01186371
Windspeed (knots) [17,18), Membership Value =0.00000000,0.0
Windspeed (knots) [18,19), Membership Value =0.00000000,0.0
Windspeed (knots) [19,20), Membership Value =0.00000000,0.0
Windspeed (knots) [20,21), Membership Value =0.00000000,0.0
Windspeed (knots) [21,22), Membership Value =0.00000000,0.0
Windspeed (knots) [22,23), Membership Value =0.00000000,0.0
Windspeed (knots) [23,24), Membership Value =0.00000000,0.0
Windspeed (knots) [24,25), Membership Value =0.00000000,0.0
Windspeed (knots) [25,26), Membership Value =0.00000000,0.0
Windspeed (knots) [26,27), Membership Value =0.00000000,0.0
Windspeed (knots) [27,28), Membership Value =0.00000000,0.0
Windspeed (knots) [28,29), Membership Value =0.00000000,0.0
Windspeed (knots) [29,30), Membership Value =0.00000000,0.0
Windspeed (knots) [30,31), Membership Value =0.00000000,0.0
Windspeed (knots) [31,32), Membership Value =0.00000000,0.0
Windspeed (knots) [32,33), Membership Value =0.00000000,0.0
Windspeed (knots) [33,34), Membership Value =0.00000000,0.0
Windspeed (knots) [34,35), Membership Value =0.00000000,0.0
Windspeed (knots) [35,36), Membership Value =0.00000000,0.0
Windspeed (knots) [36,37), Membership Value =0.00000000,0.0
Windspeed (knots) [37,38), Membership Value =0.00000000,0.0
Windspeed (knots) [38,39), Membership Value =0.00000000,0.0
Windspeed (knots) [39,40), Membership Value =0.00000000,0.0
Windspeed (knots) [40,41), Membership Value =0.00000000,0.0
Windspeed (knots) [41,42), Membership Value =0.00000000,0.0
Windspeed (knots) [42,43), Membership Value =0.00000000,0.0
Windspeed (knots) [43,44), Membership Value =0.00000000,0.0
Windspeed (knots) [44,45), Membership Value =0.00000000,0.0
Windspeed (knots) [45,46), Membership Value =0.00000000,0.0
Windspeed (knots) [46,47), Membership Value =0.00000000,0.0
Windspeed (knots) [47,48), Membership Value =0.00000000,0.0
Windspeed (knots) [48,49), Membership Value =0.00000000,0.0
Windspeed (knots) [49,50), Membership Value =0.00000000,0.0
Windspeed (knots) [50,51), Membership Value =0.00000000,0.0
Windspeed (knots) [51,52), Membership Value =0.00000000,0.0
Windspeed (knots) [52,53), Membership Value =0.00000000,0.0
Windspeed (knots) [53,54), Membership Value =0.00000000,0.0
Windspeed (knots) [54,55), Membership Value =0.00000000,0.0
Windspeed (knots) [55,56), Membership Value =0.00000000,0.0
Windspeed (knots) [56,57), Membership Value =0.00000000,0.0
Windspeed (knots) [57,58), Membership Value =0.00000000,0.0
Windspeed (knots) [58,59), Membership Value =0.00000000,0.0
Windspeed (knots) [59,60), Membership Value =0.00000000,0.0
Windspeed (knots) [60,61), Membership Value =0.00000000,0.0
Windspeed (knots) [61,62), Membership Value =0.00000000,0.0
Windspeed (knots) [62,63), Membership Value =0.00000000,0.0
Windspeed (knots) [63,64), Membership Value =0.00000000,0.0
Windspeed (knots) [64,65), Membership Value =0.00000000,0.0
Windspeed (knots) [65,66), Membership Value =0.00000000,0.0
Windspeed (knots) [66,67), Membership Value =0.00000000,0.0
Windspeed (knots) [67,68), Membership Value =0.00000000,0.0
Windspeed (knots) [68,69), Membership Value =0.00000000,0.0
Windspeed (knots) [69,70), Membership Value =0.00000000,0.0
Windspeed (knots) [70,71), Membership Value =0.00000000,0.0
Windspeed (knots) [71,72), Membership Value =0.00000000,0.0
Windspeed (knots) [72,73), Membership Value =0.00000000,0.0
Windspeed (knots) [73,74), Membership Value =0.00000000,0.0
Windspeed (knots) [74,75), Membership Value =0.00000000,0.0
Windspeed (knots) [75,76), Membership Value =0.00000000,0.0
Windspeed (knots) [76,77), Membership Value =0.00000000,0.0
Windspeed (knots) [77,78), Membership Value =0.00000000,0.0
Windspeed (knots) [78,79), Membership Value =0.00000000,0.0
Windspeed (knots) [79,80), Membership Value =0.00000000,0.0
Windspeed (knots) [80,81), Membership Value =0.00000000,0.0
Windspeed (knots) [81,82), Membership Value =0.00000000,0.0
Windspeed (knots) [82,83), Membership Value =0.00000000,0.0
Windspeed (knots) [83,84), Membership Value =0.00000000,0.0
Windspeed (knots) [84,85), Membership Value =0.00000000,0.0
Windspeed (knots) [85,86), Membership Value =0.00000000,0.0
Windspeed (knots) [86,87), Membership Value =0.00000000,0.0
Windspeed (knots) [87,88), Membership Value =0.00000000,0.0
Windspeed (knots) [88,89), Membership Value =0.00000000,0.0
Windspeed (knots) [89,90), Membership Value =0.00000000,0.0
Windspeed (knots) [90,91), Membership Value =0.00000000,0.0
Windspeed (knots) [91,92), Membership Value =0.00000000,0.0
Windspeed (knots) [92,93), Membership Value =0.00000000,0.0
Windspeed (knots) [93,94), Membership Value =0.00000000,0.0
Windspeed (knots) [94,95), Membership Value =0.00000000,0.0
Windspeed (knots) [95,96), Membership Value =0.00000000,0.0
Windspeed (knots) [96,97), Membership Value =0.00000000,0.0
Windspeed (knots) [97,98), Membership Value =0.00000000,0.0
Windspeed (knots) [98,99), Membership Value =0.00000000,0.0
Windspeed (knots) [99,100), Membership Value =0.00000000,0.0
Windspeed (knots) [100,101), Membership Value =0.00000000,0.0
Windspeed (knots) [101,102), Membership Value =0.00000000,0.0
Windspeed (knots) [102,103), Membership Value =0.00000000,0.0
Windspeed (knots) [103,104), Membership Value =0.00000000,0.0
Windspeed (knots) [104,105), Membership Value =0.00000000,0.0
Windspeed (knots) [105,106), Membership Value =0.00000000,0.0
Windspeed (knots) [106,107), Membership Value =0.00000000,0.0
Windspeed (knots) [107,108), Membership Value =0.00000000,0.0
Windspeed (knots) [108,109), Membership Value =0.00000000,0.0
Windspeed (knots) [109,110), Membership Value =0.00000000,0.0
Windspeed (knots) [110,111), Membership Value =0.00000000,0.0
Windspeed (knots) [111,112), Membership Value =0.00000000,0.0
Windspeed (knots) [112,113), Membership Value =0.00000000,0.0
Windspeed (knots) [113,114), Membership Value =0.00000000,0.0
Windspeed (knots) [114,115), Membership Value =0.00000000,0.0
Windspeed (knots) [115,116), Membership Value =0.00000000,0.0
Windspeed (knots) [116,117), Membership Value =0.00000000,0.0
Windspeed (knots) [117,118), Membership Value =0.00000000,0.0
Windspeed (knots) [118,119), Membership Value =0.00000000,0.0
Windspeed (knots) [119,120), Membership Value =0.00000000,0.0
Windspeed (knots) [120,121), Membership Value =0.00000000,0.0
Windspeed (knots) [121,122), Membership Value =0.00000000,0.0
Windspeed (knots) [122,123), Membership Value =0.00000000,0.0
Windspeed (knots) [123,124), Membership Value =0.00000000,0.0
Windspeed (knots) [124,125), Membership Value =0.00000000,0.0
LowestWindspeedThatIsWindyKnots for station KSAT is 7 knots.
Transition limited :false
bUseWeatherPrediction: true
The running average is 1
The y-int is 7
Energy harvested: 7351291.400283192
iGeneratingEnergyWhenGridNeedsEnergyMinutes =1238056
iGeneratingEnergyWhenGridNeedsEnergyMinutes =1238056
iUsingEnergyWhenGridNeedsEnergyMinutes =104291
iGeneratingEnergyWhenGridHasExcessEnergyMinutes = 2695
iUsingEnergyWhenGridHasExcessEnergyMinutes = 139
iIdleWhenGridDoesNotNeedEnergyMinutes = 43246
iIdleWhenGridNeedsEnergyMinutes = 3344828
iEnergyPriceIsZeroMinutes = 240
harvester.getEnergyHarvestedAVAILABLEKilowattHours( ): 1.3569723666666666E7
harvester.getEnergyHarvestedKilowattHours(): 7351291.400283192
The y-int is 17
Energy harvested: 410564.32999999943
iGeneratingEnergyWhenGridNeedsEnergyMinutes =15076
iGeneratingEnergyWhenGridNeedsEnergyMinutes =15076
iUsingEnergyWhenGridNeedsEnergyMinutes =295
iGeneratingEnergyWhenGridHasExcessEnergyMinutes = 0
iUsingEnergyWhenGridHasExcessEnergyMinutes = 0
iIdleWhenGridDoesNotNeedEnergyMinutes = 46080
iIdleWhenGridNeedsEnergyMinutes = 4671804
iEnergyPriceIsZeroMinutes = 240
harvester.getEnergyHarvestedAVAILABLEKilowattHours( ): 1.3569723666666666E7
harvester.getEnergyHarvestedKilowattHours(): 410564.32999999943
The y-int is 27
Energy harvested: 192.33333333333334
iGeneratingEnergyWhenGridNeedsEnergyMinutes =4
iGeneratingEnergyWhenGridNeedsEnergyMinutes =4
iUsingEnergyWhenGridNeedsEnergyMinutes =1
iGeneratingEnergyWhenGridHasExcessEnergyMinutes = 0
iUsingEnergyWhenGridHasExcessEnergyMinutes = 0
iIdleWhenGridDoesNotNeedEnergyMinutes = 46080
iIdleWhenGridNeedsEnergyMinutes = 4687170
iEnergyPriceIsZeroMinutes = 240
harvester.getEnergyHarvestedAVAILABLEKilowattHours( ): 1.3569723666666666E7
harvester.getEnergyHarvestedKilowattHours(): 192.33333333333334
The y-int is 37
Energy harvested: 0.0
iGeneratingEnergyWhenGridNeedsEnergyMinutes =0
iGeneratingEnergyWhenGridNeedsEnergyMinutes =0
iUsingEnergyWhenGridNeedsEnergyMinutes =1
iGeneratingEnergyWhenGridHasExcessEnergyMinutes = 0
iUsingEnergyWhenGridHasExcessEnergyMinutes = 0
iIdleWhenGridDoesNotNeedEnergyMinutes = 46080
iIdleWhenGridNeedsEnergyMinutes = 4687174
iEnergyPriceIsZeroMinutes = 240
harvester.getEnergyHarvestedAVAILABLEKilowattHours( ): 1.3569723666666666E7
harvester.getEnergyHarvestedKilowattHours(): 0.0
The running average is 31
The y-int is 7
Energy harvested: 7303800.441113095
iGeneratingEnergyWhenGridNeedsEnergyMinutes =1216980
iGeneratingEnergyWhenGridNeedsEnergyMinutes =1216980
iUsingEnergyWhenGridNeedsEnergyMinutes =49102
iGeneratingEnergyWhenGridHasExcessEnergyMinutes = 2692
iUsingEnergyWhenGridHasExcessEnergyMinutes = 94
iIdleWhenGridDoesNotNeedEnergyMinutes = 43294
iIdleWhenGridNeedsEnergyMinutes = 3421093
iEnergyPriceIsZeroMinutes = 240
harvester.getEnergyHarvestedAVAILABLEKilowattHours( ): 1.3569723666666666E7
harvester.getEnergyHarvestedKilowattHours(): 7303800.441113095
The y-int is 17
Energy harvested: 407423.6411111114
iGeneratingEnergyWhenGridNeedsEnergyMinutes =16722
iGeneratingEnergyWhenGridNeedsEnergyMinutes =16722
iUsingEnergyWhenGridNeedsEnergyMinutes =197
iGeneratingEnergyWhenGridHasExcessEnergyMinutes = 14
iUsingEnergyWhenGridHasExcessEnergyMinutes = 0
iIdleWhenGridDoesNotNeedEnergyMinutes = 46066
iIdleWhenGridNeedsEnergyMinutes = 4670256
iEnergyPriceIsZeroMinutes = 240
harvester.getEnergyHarvestedAVAILABLEKilowattHours( ): 1.3569723666666666E7
harvester.getEnergyHarvestedKilowattHours(): 407423.6411111114
The y-int is 27
Energy harvested: 0.0
iGeneratingEnergyWhenGridNeedsEnergyMinutes =0
iGeneratingEnergyWhenGridNeedsEnergyMinutes =0
iUsingEnergyWhenGridNeedsEnergyMinutes =1
iGeneratingEnergyWhenGridHasExcessEnergyMinutes = 0
iUsingEnergyWhenGridHasExcessEnergyMinutes = 0
iIdleWhenGridDoesNotNeedEnergyMinutes = 46080
iIdleWhenGridNeedsEnergyMinutes = 4687174
iEnergyPriceIsZeroMinutes = 240
harvester.getEnergyHarvestedAVAILABLEKilowattHours( ): 1.3569723666666666E7
harvester.getEnergyHarvestedKilowattHours(): 0.0
The y-int is 37
Energy harvested: 0.0
iGeneratingEnergyWhenGridNeedsEnergyMinutes =0
iGeneratingEnergyWhenGridNeedsEnergyMinutes =0
iUsingEnergyWhenGridNeedsEnergyMinutes =0
iGeneratingEnergyWhenGridHasExcessEnergyMinutes = 0
iUsingEnergyWhenGridHasExcessEnergyMinutes = 0
iIdleWhenGridDoesNotNeedEnergyMinutes = 46080
iIdleWhenGridNeedsEnergyMinutes = 4687175
iEnergyPriceIsZeroMinutes = 240
harvester.getEnergyHarvestedAVAILABLEKilowattHours( ): 1.3569723666666666E7
harvester.getEnergyHarvestedKilowattHours(): 0.0
The running average is 61
The y-int is 7
Energy harvested: 7242041.668890548
iGeneratingEnergyWhenGridNeedsEnergyMinutes =1190022
iGeneratingEnergyWhenGridNeedsEnergyMinutes =1190022
iUsingEnergyWhenGridNeedsEnergyMinutes =44223
iGeneratingEnergyWhenGridHasExcessEnergyMinutes = 2710
iUsingEnergyWhenGridHasExcessEnergyMinutes = 114
iIdleWhenGridDoesNotNeedEnergyMinutes = 43256
iIdleWhenGridNeedsEnergyMinutes = 3452930
iEnergyPriceIsZeroMinutes = 240
harvester.getEnergyHarvestedAVAILABLEKilowattHours( ): 1.3569723666666666E7
harvester.getEnergyHarvestedKilowattHours(): 7242041.668890548
The y-int is 17
Energy harvested: 366693.9961111104
iGeneratingEnergyWhenGridNeedsEnergyMinutes =15294
iGeneratingEnergyWhenGridNeedsEnergyMinutes =15294
iUsingEnergyWhenGridNeedsEnergyMinutes =125
iGeneratingEnergyWhenGridHasExcessEnergyMinutes = 17
iUsingEnergyWhenGridHasExcessEnergyMinutes = 0
iIdleWhenGridDoesNotNeedEnergyMinutes = 46063
iIdleWhenGridNeedsEnergyMinutes = 4671756
iEnergyPriceIsZeroMinutes = 240
harvester.getEnergyHarvestedAVAILABLEKilowattHours( ): 1.3569723666666666E7
harvester.getEnergyHarvestedKilowattHours(): 366693.9961111104
The y-int is 27
Energy harvested: 0.0
iGeneratingEnergyWhenGridNeedsEnergyMinutes =0
iGeneratingEnergyWhenGridNeedsEnergyMinutes =0
iUsingEnergyWhenGridNeedsEnergyMinutes =1
iGeneratingEnergyWhenGridHasExcessEnergyMinutes = 0
iUsingEnergyWhenGridHasExcessEnergyMinutes = 0
iIdleWhenGridDoesNotNeedEnergyMinutes = 46080
iIdleWhenGridNeedsEnergyMinutes = 4687174
iEnergyPriceIsZeroMinutes = 240
harvester.getEnergyHarvestedAVAILABLEKilowattHours( ): 1.3569723666666666E7
harvester.getEnergyHarvestedKilowattHours(): 0.0
The y-int is 37
Energy harvested: 0.0
iGeneratingEnergyWhenGridNeedsEnergyMinutes =0
iGeneratingEnergyWhenGridNeedsEnergyMinutes =0
iUsingEnergyWhenGridNeedsEnergyMinutes =0
iGeneratingEnergyWhenGridHasExcessEnergyMinutes = 0
iUsingEnergyWhenGridHasExcessEnergyMinutes = 0
iIdleWhenGridDoesNotNeedEnergyMinutes = 46080
iIdleWhenGridNeedsEnergyMinutes = 4687175
iEnergyPriceIsZeroMinutes = 240
harvester.getEnergyHarvestedAVAILABLEKilowattHours( ): 1.3569723666666666E7
harvester.getEnergyHarvestedKilowattHours(): 0.0
The running average is 91
The y-int is 7
Energy harvested: 7180848.635834777
iGeneratingEnergyWhenGridNeedsEnergyMinutes =1165889
iGeneratingEnergyWhenGridNeedsEnergyMinutes =1165889
iUsingEnergyWhenGridNeedsEnergyMinutes =41847
iGeneratingEnergyWhenGridHasExcessEnergyMinutes = 2710
iUsingEnergyWhenGridHasExcessEnergyMinutes = 114
iIdleWhenGridDoesNotNeedEnergyMinutes = 43256
iIdleWhenGridNeedsEnergyMinutes = 3479439
iEnergyPriceIsZeroMinutes = 240
harvester.getEnergyHarvestedAVAILABLEKilowattHours( ): 1.3569723666666666E7
harvester.getEnergyHarvestedKilowattHours(): 7180848.635834777
The y-int is 17
Energy harvested: 333159.7719444443
iGeneratingEnergyWhenGridNeedsEnergyMinutes =13884
iGeneratingEnergyWhenGridNeedsEnergyMinutes =13884
iUsingEnergyWhenGridNeedsEnergyMinutes =38
iGeneratingEnergyWhenGridHasExcessEnergyMinutes = 0
iUsingEnergyWhenGridHasExcessEnergyMinutes = 0
iIdleWhenGridDoesNotNeedEnergyMinutes = 46080
iIdleWhenGridNeedsEnergyMinutes = 4673253
iEnergyPriceIsZeroMinutes = 240
harvester.getEnergyHarvestedAVAILABLEKilowattHours( ): 1.3569723666666666E7
harvester.getEnergyHarvestedKilowattHours(): 333159.7719444443
The y-int is 27
Energy harvested: 0.0
iGeneratingEnergyWhenGridNeedsEnergyMinutes =0
iGeneratingEnergyWhenGridNeedsEnergyMinutes =0
iUsingEnergyWhenGridNeedsEnergyMinutes =1
iGeneratingEnergyWhenGridHasExcessEnergyMinutes = 0
iUsingEnergyWhenGridHasExcessEnergyMinutes = 0
iIdleWhenGridDoesNotNeedEnergyMinutes = 46080
iIdleWhenGridNeedsEnergyMinutes = 4687174
iEnergyPriceIsZeroMinutes = 240
harvester.getEnergyHarvestedAVAILABLEKilowattHours( ): 1.3569723666666666E7
harvester.getEnergyHarvestedKilowattHours(): 0.0
The y-int is 37
Energy harvested: 0.0
iGeneratingEnergyWhenGridNeedsEnergyMinutes =0
iGeneratingEnergyWhenGridNeedsEnergyMinutes =0
iUsingEnergyWhenGridNeedsEnergyMinutes =0
iGeneratingEnergyWhenGridHasExcessEnergyMinutes = 0
iUsingEnergyWhenGridHasExcessEnergyMinutes = 0
iIdleWhenGridDoesNotNeedEnergyMinutes = 46080
iIdleWhenGridNeedsEnergyMinutes = 4687175
iEnergyPriceIsZeroMinutes = 240
harvester.getEnergyHarvestedAVAILABLEKilowattHours( ): 1.3569723666666666E7
harvester.getEnergyHarvestedKilowattHours(): 0.0
The running average is 121
The y-int is 7
Energy harvested: 7124876.878890117
iGeneratingEnergyWhenGridNeedsEnergyMinutes =1145741
iGeneratingEnergyWhenGridNeedsEnergyMinutes =1145741
iUsingEnergyWhenGridNeedsEnergyMinutes =40068
iGeneratingEnergyWhenGridHasExcessEnergyMinutes = 2699
iUsingEnergyWhenGridHasExcessEnergyMinutes = 114
iIdleWhenGridDoesNotNeedEnergyMinutes = 43267
iIdleWhenGridNeedsEnergyMinutes = 3501366
iEnergyPriceIsZeroMinutes = 240
harvester.getEnergyHarvestedAVAILABLEKilowattHours( ): 1.3569723666666666E7
harvester.getEnergyHarvestedKilowattHours(): 7124876.878890117
The y-int is 17
Energy harvested: 309606.52472222183
iGeneratingEnergyWhenGridNeedsEnergyMinutes =13059
iGeneratingEnergyWhenGridNeedsEnergyMinutes =13059
iUsingEnergyWhenGridNeedsEnergyMinutes =29
iGeneratingEnergyWhenGridHasExcessEnergyMinutes = 0
iUsingEnergyWhenGridHasExcessEnergyMinutes = 0
iIdleWhenGridDoesNotNeedEnergyMinutes = 46080
iIdleWhenGridNeedsEnergyMinutes = 4674087
iEnergyPriceIsZeroMinutes = 240
harvester.getEnergyHarvestedAVAILABLEKilowattHours( ): 1.3569723666666666E7
harvester.getEnergyHarvestedKilowattHours(): 309606.52472222183
The y-int is 27
Energy harvested: 0.0
iGeneratingEnergyWhenGridNeedsEnergyMinutes =0
iGeneratingEnergyWhenGridNeedsEnergyMinutes =0
iUsingEnergyWhenGridNeedsEnergyMinutes =1
iGeneratingEnergyWhenGridHasExcessEnergyMinutes = 0
iUsingEnergyWhenGridHasExcessEnergyMinutes = 0
iIdleWhenGridDoesNotNeedEnergyMinutes = 46080
iIdleWhenGridNeedsEnergyMinutes = 4687174
iEnergyPriceIsZeroMinutes = 240
harvester.getEnergyHarvestedAVAILABLEKilowattHours( ): 1.3569723666666666E7
harvester.getEnergyHarvestedKilowattHours(): 0.0
The y-int is 37
Energy harvested: 0.0
iGeneratingEnergyWhenGridNeedsEnergyMinutes =0
iGeneratingEnergyWhenGridNeedsEnergyMinutes =0
iUsingEnergyWhenGridNeedsEnergyMinutes =0
iGeneratingEnergyWhenGridHasExcessEnergyMinutes = 0
iUsingEnergyWhenGridHasExcessEnergyMinutes = 0
iIdleWhenGridDoesNotNeedEnergyMinutes = 46080
iIdleWhenGridNeedsEnergyMinutes = 4687175
iEnergyPriceIsZeroMinutes = 240
harvester.getEnergyHarvestedAVAILABLEKilowattHours( ): 1.3569723666666666E7
harvester.getEnergyHarvestedKilowattHours(): 0.0
Beginning testing mode:
station,&,y_intercept_for_month_1,&,running_average_size_minutes_for_month_1,&,y_intercept_for_month_2,&,running_average_size_minutes_for_month_2,&,y_intercept_for_month_3,&,running_average_size_minutes_for_month_3,&,y_intercept_for_month_4,&,running_average_size_minutes_for_month_4,&,y_intercept_for_month_5,&,running_average_size_minutes_for_month_5,&,y_intercept_for_month_6,&,running_average_size_minutes_for_month_6,&,y_intercept_for_month_7,&,running_average_size_minutes_for_month_7,&,y_intercept_for_month_8,&,running_average_size_minutes_for_month_8,&,y_intercept_for_month_9,&,running_average_size_minutes_for_month_9,&,y_intercept_for_month_10,&,running_average_size_minutes_for_month_10,&,y_intercept_for_month_11,&,running_average_size_minutes_for_month_11,&,y_intercept_for_month_12,&,running_average_size_minutes_for_month_12,&,dNetNorm,&,dMarketBalancePercentage,&,dMarketNetNorm,
results: KSAT,&,7,&,1,&,7,&,1,&,7,&,1,&,7,&,1,&,7,&,1,&,7,&,1,&,7,&,1,&,7,&,1,&,7,&,1,&,7,&,1,&,7,&,1,&,7,&,1,&,0.5426918535742535,&,0.9028220338140064,&,0.48995416297820055
monthly visible minutes:KSAT,&,2013,&,14917,&,14102,&,16233,&,17888,&,19377,&,13624,&,18277,&,16009,&,13333,&,15871,&,13036,&,8946,&,
monthly visible minutes:KSAT,&,2014,&,14446,&,13403,&,15633,&,18471,&,18591,&,18731,&,16888,&,16643,&,15988,&,16008,&,15035,&,14420,&,
monthly minutes harvester between states:KSAT,&,2013,&,1761,&,1586,&,2076,&,1818,&,1757,&,2467,&,3349,&,3722,&,2463,&,2092,&,1452,&,1426,&,
monthly minutes harvester between states:KSAT,&,2014,&,1725,&,1510,&,1864,&,1839,&,1719,&,1781,&,3581,&,3997,&,2522,&,1938,&,1434,&,1258,&,
station,&,y_intercept_for_month_1,&,running_average_size_minutes_for_month_1,&,y_intercept_for_month_2,&,running_average_size_minutes_for_month_2,&,y_intercept_for_month_3,&,running_average_size_minutes_for_month_3,&,y_intercept_for_month_4,&,running_average_size_minutes_for_month_4,&,y_intercept_for_month_5,&,running_average_size_minutes_for_month_5,&,y_intercept_for_month_6,&,running_average_size_minutes_for_month_6,&,y_intercept_for_month_7,&,running_average_size_minutes_for_month_7,&,y_intercept_for_month_8,&,running_average_size_minutes_for_month_8,&,y_intercept_for_month_9,&,running_average_size_minutes_for_month_9,&,y_intercept_for_month_10,&,running_average_size_minutes_for_month_10,&,y_intercept_for_month_11,&,running_average_size_minutes_for_month_11,&,y_intercept_for_month_12,&,running_average_size_minutes_for_month_12,&,dNetNorm,&,dMarketBalancePercentage,&,dMarketNetNorm,
results: KSAT,&,7,&,61,&,7,&,31,&,7,&,121,&,7,&,31,&,7,&,31,&,7,&,31,&,7,&,31,&,7,&,31,&,7,&,61,&,7,&,31,&,7,&,31,&,7,&,31,&,0.5373508656722975,&,0.9467181467181467,&,0.5087198156866692
monthly visible minutes:KSAT,&,2013,&,14917,&,14102,&,16233,&,17888,&,19377,&,13624,&,18277,&,16009,&,13333,&,15871,&,13036,&,8946,&,
monthly visible minutes:KSAT,&,2014,&,14446,&,13403,&,15633,&,18471,&,18591,&,18731,&,16888,&,16643,&,15988,&,16008,&,15035,&,14420,&,
monthly minutes harvester between states:KSAT,&,2013,&,1761,&,1586,&,2076,&,1818,&,1757,&,2467,&,3349,&,3722,&,2463,&,2092,&,1452,&,1426,&,
monthly minutes harvester between states:KSAT,&,2014,&,1725,&,1510,&,1864,&,1839,&,1719,&,1781,&,3581,&,3997,&,2522,&,1938,&,1434,&,1258,&,
Station: KSEA
abc: The current path is /home/guy/retractable-wind
I have found the property file.
The training windspeed filename is /trainingKSEA2004-2012in.csv
The testing windspeed filename is /testingKSEA2013-2014in.csv
Yes, the station is KSEA
Warning: The bAlsoUsePrediction no longer has any effect
iUsedAllItsAllocatedVisibilityMinutesPerMonth: 51234
Visibility Allocation Minutes:51234
HARVESTER_SIZE_SQM is 6362
Reading file
Success: /Wind turbine power curves - wind turbine power output against wind speed in knots.csv found.
Speed (Knots) = Speed(knots) vs power (kW) , Power (kW) =V90
Speed (Knots) = 0 , Power (kW) =0
Speed (Knots) = 1 , Power (kW) =0
Speed (Knots) = 2 , Power (kW) =0
Speed (Knots) = 3 , Power (kW) =0
Speed (Knots) = 4 , Power (kW) =0
Speed (Knots) = 5 , Power (kW) =0
Speed (Knots) = 6 , Power (kW) =0
Speed (Knots) = 7 , Power (kW) =38
Speed (Knots) = 8 , Power (kW) =87
Speed (Knots) = 9 , Power (kW) =141
Speed (Knots) = 10 , Power (kW) =207
Speed (Knots) = 11 , Power (kW) =286
Speed (Knots) = 12 , Power (kW) =382
Speed (Knots) = 13 , Power (kW) =496
Speed (Knots) = 14 , Power (kW) =628
Speed (Knots) = 15 , Power (kW) =781
Speed (Knots) = 16 , Power (kW) =957
Speed (Knots) = 17 , Power (kW) =1153
Speed (Knots) = 18 , Power (kW) =1366
Speed (Knots) = 19 , Power (kW) =1589
Speed (Knots) = 20 , Power (kW) =1814
Speed (Knots) = 21 , Power (kW) =2035
Speed (Knots) = 22 , Power (kW) =2250
Speed (Knots) = 23 , Power (kW) =2452
Speed (Knots) = 24 , Power (kW) =2634
Speed (Knots) = 25 , Power (kW) =2784
Speed (Knots) = 26 , Power (kW) =2888
Speed (Knots) = 27 , Power (kW) =2949
Speed (Knots) = 28 , Power (kW) =2980
Speed (Knots) = 29 , Power (kW) =2993
Speed (Knots) = 30 , Power (kW) =3000
Speed (Knots) = 31 , Power (kW) =3000
Speed (Knots) = 32 , Power (kW) =3000
Speed (Knots) = 33 , Power (kW) =3000
Speed (Knots) = 34 , Power (kW) =3000
Speed (Knots) = 35 , Power (kW) =3000
Speed (Knots) = 36 , Power (kW) =3000
Speed (Knots) = 37 , Power (kW) =3000
Speed (Knots) = 38 , Power (kW) =3000
Speed (Knots) = 39 , Power (kW) =3000
Speed (Knots) = 40 , Power (kW) =3000
Speed (Knots) = 41 , Power (kW) =3000
Speed (Knots) = 42 , Power (kW) =3000
Speed (Knots) = 43 , Power (kW) =3000
Speed (Knots) = 44 , Power (kW) =3000
Speed (Knots) = 45 , Power (kW) =3000
Speed (Knots) = 46 , Power (kW) =3000
Speed (Knots) = 47 , Power (kW) =3000
Speed (Knots) = 48 , Power (kW) =3000
Speed (Knots) = 49 , Power (kW) =0
Speed (Knots) = 50 , Power (kW) =0
Speed (Knots) = 51 , Power (kW) =0
Speed (Knots) = 52 , Power (kW) =0
Speed (Knots) = 53 , Power (kW) =0
Speed (Knots) = 54 , Power (kW) =0
Speed (Knots) = 55 , Power (kW) =0
Speed (Knots) = 56 , Power (kW) =0
Speed (Knots) = 57 , Power (kW) =0
Speed (Knots) = 58 , Power (kW) =0
Speed (Knots) = 59 , Power (kW) =0
Speed (Knots) = 60 , Power (kW) =0
The scale is 1.0
Wind power at 10 knots in kilowatts is 207.0
Wind power in-cut-out test 0.0
Aging
Class name:edu.pitt.cs.people.guy.wind.benchmarks.Aging
Success: /Noise_Allowed_Time_Definitions_All_Stations.csv found.
The station is the record is KSEA
Success: /Noise_Allowed_Time_Definitions_All_Stations.csv found.
The station is the record is KSEA
I have found the membership file for NOT WINDY.
Windspeed (knots) [0,1), Membership Value =1.00000000,1.0
Windspeed (knots) [1,2), Membership Value =0.99993277,0.99993277
Windspeed (knots) [2,3), Membership Value =0.99892165,0.99892163
Windspeed (knots) [3,4), Membership Value =0.99387290,0.9938729
Windspeed (knots) [4,5), Membership Value =0.97894836,0.97894835
Windspeed (knots) [5,6), Membership Value =0.94800931,0.9480093
Windspeed (knots) [6,7), Membership Value =0.89672655,0.89672655
Windspeed (knots) [7,8), Membership Value =0.82453767,0.8245377
Windspeed (knots) [8,9), Membership Value =0.73707467,0.7370747
Windspeed (knots) [9,10), Membership Value =0.63973627,0.6397363
Windspeed (knots) [10,11), Membership Value =0.53478148,0.53478146
Windspeed (knots) [11,12), Membership Value =0.42858798,0.42858797
Windspeed (knots) [12,13), Membership Value =0.32600889,0.3260089
Windspeed (knots) [13,14), Membership Value =0.22910875,0.22910875
Windspeed (knots) [14,15), Membership Value =0.14142866,0.14142866
Windspeed (knots) [15,16), Membership Value =0.06309132,0.06309132
Windspeed (knots) [16,17), Membership Value =0.00000000,0.0
Windspeed (knots) [17,18), Membership Value =0.00000000,0.0
Windspeed (knots) [18,19), Membership Value =0.00000000,0.0
Windspeed (knots) [19,20), Membership Value =0.00000000,0.0
Windspeed (knots) [20,21), Membership Value =0.00000000,0.0
Windspeed (knots) [21,22), Membership Value =0.00000000,0.0
Windspeed (knots) [22,23), Membership Value =0.00000000,0.0
Windspeed (knots) [23,24), Membership Value =0.00000000,0.0
Windspeed (knots) [24,25), Membership Value =0.00000000,0.0
Windspeed (knots) [25,26), Membership Value =0.00000000,0.0
Windspeed (knots) [26,27), Membership Value =0.00000000,0.0
Windspeed (knots) [27,28), Membership Value =0.00000000,0.0
Windspeed (knots) [28,29), Membership Value =0.00000000,0.0
Windspeed (knots) [29,30), Membership Value =0.00000000,0.0
Windspeed (knots) [30,31), Membership Value =0.00000000,0.0
Windspeed (knots) [31,32), Membership Value =0.00000000,0.0
Windspeed (knots) [32,33), Membership Value =0.00000000,0.0
Windspeed (knots) [33,34), Membership Value =0.00000000,0.0
Windspeed (knots) [34,35), Membership Value =0.00000000,0.0
Windspeed (knots) [35,36), Membership Value =0.00000000,0.0
Windspeed (knots) [36,37), Membership Value =0.00000000,0.0
Windspeed (knots) [37,38), Membership Value =0.00000000,0.0
Windspeed (knots) [38,39), Membership Value =0.00000000,0.0
Windspeed (knots) [39,40), Membership Value =0.00000000,0.0
Windspeed (knots) [40,41), Membership Value =0.00000000,0.0
Windspeed (knots) [41,42), Membership Value =0.00000000,0.0
Windspeed (knots) [42,43), Membership Value =0.00000000,0.0
Windspeed (knots) [43,44), Membership Value =0.00000000,0.0
Windspeed (knots) [44,45), Membership Value =0.00000000,0.0
Windspeed (knots) [45,46), Membership Value =0.00000000,0.0
Windspeed (knots) [46,47), Membership Value =0.00000000,0.0
Windspeed (knots) [47,48), Membership Value =0.00000000,0.0
Windspeed (knots) [48,49), Membership Value =0.00000000,0.0
Windspeed (knots) [49,50), Membership Value =0.00000000,0.0
Windspeed (knots) [50,51), Membership Value =0.00000000,0.0
Windspeed (knots) [51,52), Membership Value =0.00000000,0.0
Windspeed (knots) [52,53), Membership Value =0.00000000,0.0
Windspeed (knots) [53,54), Membership Value =0.00000000,0.0
Windspeed (knots) [54,55), Membership Value =0.00000000,0.0
Windspeed (knots) [55,56), Membership Value =0.00000000,0.0
Windspeed (knots) [56,57), Membership Value =0.00000000,0.0
Windspeed (knots) [57,58), Membership Value =0.00000000,0.0
Windspeed (knots) [58,59), Membership Value =0.00000000,0.0
Windspeed (knots) [59,60), Membership Value =0.00000000,0.0
Windspeed (knots) [60,61), Membership Value =0.00000000,0.0
Windspeed (knots) [61,62), Membership Value =0.00000000,0.0
Windspeed (knots) [62,63), Membership Value =0.00000000,0.0
Windspeed (knots) [63,64), Membership Value =0.00000000,0.0
Windspeed (knots) [64,65), Membership Value =0.00000000,0.0
Windspeed (knots) [65,66), Membership Value =0.00000000,0.0
Windspeed (knots) [66,67), Membership Value =0.00000000,0.0
Windspeed (knots) [67,68), Membership Value =0.00000000,0.0
Windspeed (knots) [68,69), Membership Value =0.00000000,0.0
Windspeed (knots) [69,70), Membership Value =0.00000000,0.0
Windspeed (knots) [70,71), Membership Value =0.00000000,0.0
Windspeed (knots) [71,72), Membership Value =0.00000000,0.0
Windspeed (knots) [72,73), Membership Value =0.00000000,0.0
Windspeed (knots) [73,74), Membership Value =0.00000000,0.0
Windspeed (knots) [74,75), Membership Value =0.00000000,0.0
Windspeed (knots) [75,76), Membership Value =0.00000000,0.0
Windspeed (knots) [76,77), Membership Value =0.00000000,0.0
Windspeed (knots) [77,78), Membership Value =0.00000000,0.0
Windspeed (knots) [78,79), Membership Value =0.00000000,0.0
Windspeed (knots) [79,80), Membership Value =0.00000000,0.0
Windspeed (knots) [80,81), Membership Value =0.00000000,0.0
Windspeed (knots) [81,82), Membership Value =0.00000000,0.0
Windspeed (knots) [82,83), Membership Value =0.00000000,0.0
Windspeed (knots) [83,84), Membership Value =0.00000000,0.0
Windspeed (knots) [84,85), Membership Value =0.00000000,0.0
Windspeed (knots) [85,86), Membership Value =0.00000000,0.0
Windspeed (knots) [86,87), Membership Value =0.00000000,0.0
Windspeed (knots) [87,88), Membership Value =0.00000000,0.0
Windspeed (knots) [88,89), Membership Value =0.00000000,0.0
Windspeed (knots) [89,90), Membership Value =0.00000000,0.0
Windspeed (knots) [90,91), Membership Value =0.00000000,0.0
Windspeed (knots) [91,92), Membership Value =0.00000000,0.0
Windspeed (knots) [92,93), Membership Value =0.00000000,0.0
Windspeed (knots) [93,94), Membership Value =0.00000000,0.0
Windspeed (knots) [94,95), Membership Value =0.00000000,0.0
Windspeed (knots) [95,96), Membership Value =0.00000000,0.0
Windspeed (knots) [96,97), Membership Value =0.00000000,0.0
Windspeed (knots) [97,98), Membership Value =0.00000000,0.0
Windspeed (knots) [98,99), Membership Value =0.00000000,0.0
Windspeed (knots) [99,100), Membership Value =0.00000000,0.0
Windspeed (knots) [100,101), Membership Value =0.00000000,0.0
Windspeed (knots) [101,102), Membership Value =0.00000000,0.0
Windspeed (knots) [102,103), Membership Value =0.00000000,0.0
Windspeed (knots) [103,104), Membership Value =0.00000000,0.0
Windspeed (knots) [104,105), Membership Value =0.00000000,0.0
Windspeed (knots) [105,106), Membership Value =0.00000000,0.0
Windspeed (knots) [106,107), Membership Value =0.00000000,0.0
Windspeed (knots) [107,108), Membership Value =0.00000000,0.0
Windspeed (knots) [108,109), Membership Value =0.00000000,0.0
Windspeed (knots) [109,110), Membership Value =0.00000000,0.0
Windspeed (knots) [110,111), Membership Value =0.00000000,0.0
Windspeed (knots) [111,112), Membership Value =0.00000000,0.0
Windspeed (knots) [112,113), Membership Value =0.00000000,0.0
Windspeed (knots) [113,114), Membership Value =0.00000000,0.0
Windspeed (knots) [114,115), Membership Value =0.00000000,0.0
Windspeed (knots) [115,116), Membership Value =0.00000000,0.0
Windspeed (knots) [116,117), Membership Value =0.00000000,0.0
Windspeed (knots) [117,118), Membership Value =0.00000000,0.0
Windspeed (knots) [118,119), Membership Value =0.00000000,0.0
Windspeed (knots) [119,120), Membership Value =0.00000000,0.0
Windspeed (knots) [120,121), Membership Value =0.00000000,0.0
Windspeed (knots) [121,122), Membership Value =0.00000000,0.0
Windspeed (knots) [122,123), Membership Value =0.00000000,0.0
Windspeed (knots) [123,124), Membership Value =0.00000000,0.0
Windspeed (knots) [124,125), Membership Value =0.00000000,0.0
LowestWindspeedThatIsWindyKnots for station KSEA is 6 knots.
Transition limited :false
bUseWeatherPrediction: true
The running average is 1
The y-int is 6
Energy harvested: 5982285.265831712
iGeneratingEnergyWhenGridNeedsEnergyMinutes =1279240
iGeneratingEnergyWhenGridNeedsEnergyMinutes =1279240
iUsingEnergyWhenGridNeedsEnergyMinutes =117110
iGeneratingEnergyWhenGridHasExcessEnergyMinutes = 2335
iUsingEnergyWhenGridHasExcessEnergyMinutes = 218
iIdleWhenGridDoesNotNeedEnergyMinutes = 43527
iIdleWhenGridNeedsEnergyMinutes = 3292049
iEnergyPriceIsZeroMinutes = 240
harvester.getEnergyHarvestedAVAILABLEKilowattHours( ): 9219178.416666666
harvester.getEnergyHarvestedKilowattHours(): 5982285.265831712
The y-int is 16
Energy harvested: 464802.1238888912
iGeneratingEnergyWhenGridNeedsEnergyMinutes =18919
iGeneratingEnergyWhenGridNeedsEnergyMinutes =18919
iUsingEnergyWhenGridNeedsEnergyMinutes =1002
iGeneratingEnergyWhenGridHasExcessEnergyMinutes = 0
iUsingEnergyWhenGridHasExcessEnergyMinutes = 2
iIdleWhenGridDoesNotNeedEnergyMinutes = 46078
iIdleWhenGridNeedsEnergyMinutes = 4668478
iEnergyPriceIsZeroMinutes = 240
harvester.getEnergyHarvestedAVAILABLEKilowattHours( ): 9219178.416666666
harvester.getEnergyHarvestedKilowattHours(): 464802.1238888912
The y-int is 26
Energy harvested: 98.13333333333334
iGeneratingEnergyWhenGridNeedsEnergyMinutes =2
iGeneratingEnergyWhenGridNeedsEnergyMinutes =2
iUsingEnergyWhenGridNeedsEnergyMinutes =1
iGeneratingEnergyWhenGridHasExcessEnergyMinutes = 0
iUsingEnergyWhenGridHasExcessEnergyMinutes = 0
iIdleWhenGridDoesNotNeedEnergyMinutes = 46080
iIdleWhenGridNeedsEnergyMinutes = 4688396
iEnergyPriceIsZeroMinutes = 240
harvester.getEnergyHarvestedAVAILABLEKilowattHours( ): 9219178.416666666
harvester.getEnergyHarvestedKilowattHours(): 98.13333333333334
The y-int is 36
Energy harvested: 0.0
iGeneratingEnergyWhenGridNeedsEnergyMinutes =0
iGeneratingEnergyWhenGridNeedsEnergyMinutes =0
iUsingEnergyWhenGridNeedsEnergyMinutes =1
iGeneratingEnergyWhenGridHasExcessEnergyMinutes = 0
iUsingEnergyWhenGridHasExcessEnergyMinutes = 0
iIdleWhenGridDoesNotNeedEnergyMinutes = 46080
iIdleWhenGridNeedsEnergyMinutes = 4688398
iEnergyPriceIsZeroMinutes = 240
harvester.getEnergyHarvestedAVAILABLEKilowattHours( ): 9219178.416666666
harvester.getEnergyHarvestedKilowattHours(): 0.0
The running average is 31
The y-int is 6
Energy harvested: 5959697.936665472
iGeneratingEnergyWhenGridNeedsEnergyMinutes =1262025
iGeneratingEnergyWhenGridNeedsEnergyMinutes =1262025
iUsingEnergyWhenGridNeedsEnergyMinutes =71286
iGeneratingEnergyWhenGridHasExcessEnergyMinutes = 2350
iUsingEnergyWhenGridHasExcessEnergyMinutes = 117
iIdleWhenGridDoesNotNeedEnergyMinutes = 43613
iIdleWhenGridNeedsEnergyMinutes = 3355088
iEnergyPriceIsZeroMinutes = 240
harvester.getEnergyHarvestedAVAILABLEKilowattHours( ): 9219178.416666666
harvester.getEnergyHarvestedKilowattHours(): 5959697.936665472
The y-int is 16
Energy harvested: 464541.4263888893
iGeneratingEnergyWhenGridNeedsEnergyMinutes =20630
iGeneratingEnergyWhenGridNeedsEnergyMinutes =20630
iUsingEnergyWhenGridNeedsEnergyMinutes =247
iGeneratingEnergyWhenGridHasExcessEnergyMinutes = 0
iUsingEnergyWhenGridHasExcessEnergyMinutes = 0
iIdleWhenGridDoesNotNeedEnergyMinutes = 46080
iIdleWhenGridNeedsEnergyMinutes = 4667522
iEnergyPriceIsZeroMinutes = 240
harvester.getEnergyHarvestedAVAILABLEKilowattHours( ): 9219178.416666666
harvester.getEnergyHarvestedKilowattHours(): 464541.4263888893
The y-int is 26
Energy harvested: -0.003611111111111111
iGeneratingEnergyWhenGridNeedsEnergyMinutes =0
iGeneratingEnergyWhenGridNeedsEnergyMinutes =0
iUsingEnergyWhenGridNeedsEnergyMinutes =14
iGeneratingEnergyWhenGridHasExcessEnergyMinutes = 0
iUsingEnergyWhenGridHasExcessEnergyMinutes = 0
iIdleWhenGridDoesNotNeedEnergyMinutes = 46080
iIdleWhenGridNeedsEnergyMinutes = 4688385
iEnergyPriceIsZeroMinutes = 240
harvester.getEnergyHarvestedAVAILABLEKilowattHours( ): 9219178.416666666
harvester.getEnergyHarvestedKilowattHours(): -0.003611111111111111
The y-int is 36
Energy harvested: 0.0
iGeneratingEnergyWhenGridNeedsEnergyMinutes =1
iGeneratingEnergyWhenGridNeedsEnergyMinutes =1
iUsingEnergyWhenGridNeedsEnergyMinutes =0
iGeneratingEnergyWhenGridHasExcessEnergyMinutes = 0
iUsingEnergyWhenGridHasExcessEnergyMinutes = 0
iIdleWhenGridDoesNotNeedEnergyMinutes = 46080
iIdleWhenGridNeedsEnergyMinutes = 4688398
iEnergyPriceIsZeroMinutes = 240
harvester.getEnergyHarvestedAVAILABLEKilowattHours( ): 9219178.416666666
harvester.getEnergyHarvestedKilowattHours(): 0.0
The running average is 61
The y-int is 6
Energy harvested: 5934663.403054435
iGeneratingEnergyWhenGridNeedsEnergyMinutes =1245095
iGeneratingEnergyWhenGridNeedsEnergyMinutes =1245095
iUsingEnergyWhenGridNeedsEnergyMinutes =60924
iGeneratingEnergyWhenGridHasExcessEnergyMinutes = 2324
iUsingEnergyWhenGridHasExcessEnergyMinutes = 122
iIdleWhenGridDoesNotNeedEnergyMinutes = 43634
iIdleWhenGridNeedsEnergyMinutes = 3382380
iEnergyPriceIsZeroMinutes = 240
harvester.getEnergyHarvestedAVAILABLEKilowattHours( ): 9219178.416666666
harvester.getEnergyHarvestedKilowattHours(): 5934663.403054435
The y-int is 16
Energy harvested: 403795.74555555556
iGeneratingEnergyWhenGridNeedsEnergyMinutes =18557
iGeneratingEnergyWhenGridNeedsEnergyMinutes =18557
iUsingEnergyWhenGridNeedsEnergyMinutes =183
iGeneratingEnergyWhenGridHasExcessEnergyMinutes = 0
iUsingEnergyWhenGridHasExcessEnergyMinutes = 0
iIdleWhenGridDoesNotNeedEnergyMinutes = 46080
iIdleWhenGridNeedsEnergyMinutes = 4669659
iEnergyPriceIsZeroMinutes = 240
harvester.getEnergyHarvestedAVAILABLEKilowattHours( ): 9219178.416666666
harvester.getEnergyHarvestedKilowattHours(): 403795.74555555556
The y-int is 26
Energy harvested: 0.0
iGeneratingEnergyWhenGridNeedsEnergyMinutes =0
iGeneratingEnergyWhenGridNeedsEnergyMinutes =0
iUsingEnergyWhenGridNeedsEnergyMinutes =1
iGeneratingEnergyWhenGridHasExcessEnergyMinutes = 0
iUsingEnergyWhenGridHasExcessEnergyMinutes = 0
iIdleWhenGridDoesNotNeedEnergyMinutes = 46080
iIdleWhenGridNeedsEnergyMinutes = 4688398
iEnergyPriceIsZeroMinutes = 240
harvester.getEnergyHarvestedAVAILABLEKilowattHours( ): 9219178.416666666
harvester.getEnergyHarvestedKilowattHours(): 0.0
The y-int is 36
Energy harvested: 0.0
iGeneratingEnergyWhenGridNeedsEnergyMinutes =0
iGeneratingEnergyWhenGridNeedsEnergyMinutes =0
iUsingEnergyWhenGridNeedsEnergyMinutes =0
iGeneratingEnergyWhenGridHasExcessEnergyMinutes = 0
iUsingEnergyWhenGridHasExcessEnergyMinutes = 0
iIdleWhenGridDoesNotNeedEnergyMinutes = 46080
iIdleWhenGridNeedsEnergyMinutes = 4688399
iEnergyPriceIsZeroMinutes = 240
harvester.getEnergyHarvestedAVAILABLEKilowattHours( ): 9219178.416666666
harvester.getEnergyHarvestedKilowattHours(): 0.0
The running average is 91
The y-int is 6
Energy harvested: 5908802.038332232
iGeneratingEnergyWhenGridNeedsEnergyMinutes =1227826
iGeneratingEnergyWhenGridNeedsEnergyMinutes =1227826
iUsingEnergyWhenGridNeedsEnergyMinutes =56694
iGeneratingEnergyWhenGridHasExcessEnergyMinutes = 2271
iUsingEnergyWhenGridHasExcessEnergyMinutes = 96
iIdleWhenGridDoesNotNeedEnergyMinutes = 43713
iIdleWhenGridNeedsEnergyMinutes = 3403879
iEnergyPriceIsZeroMinutes = 240
harvester.getEnergyHarvestedAVAILABLEKilowattHours( ): 9219178.416666666
harvester.getEnergyHarvestedKilowattHours(): 5908802.038332232
The y-int is 16
Energy harvested: 368763.7583333332
iGeneratingEnergyWhenGridNeedsEnergyMinutes =17377
iGeneratingEnergyWhenGridNeedsEnergyMinutes =17377
iUsingEnergyWhenGridNeedsEnergyMinutes =86
iGeneratingEnergyWhenGridHasExcessEnergyMinutes = 0
iUsingEnergyWhenGridHasExcessEnergyMinutes = 0
iIdleWhenGridDoesNotNeedEnergyMinutes = 46080
iIdleWhenGridNeedsEnergyMinutes = 4670936
iEnergyPriceIsZeroMinutes = 240
harvester.getEnergyHarvestedAVAILABLEKilowattHours( ): 9219178.416666666
harvester.getEnergyHarvestedKilowattHours(): 368763.7583333332
The y-int is 26
Energy harvested: 0.0
iGeneratingEnergyWhenGridNeedsEnergyMinutes =0
iGeneratingEnergyWhenGridNeedsEnergyMinutes =0
iUsingEnergyWhenGridNeedsEnergyMinutes =1
iGeneratingEnergyWhenGridHasExcessEnergyMinutes = 0
iUsingEnergyWhenGridHasExcessEnergyMinutes = 0
iIdleWhenGridDoesNotNeedEnergyMinutes = 46080
iIdleWhenGridNeedsEnergyMinutes = 4688398
iEnergyPriceIsZeroMinutes = 240
harvester.getEnergyHarvestedAVAILABLEKilowattHours( ): 9219178.416666666
harvester.getEnergyHarvestedKilowattHours(): 0.0
The y-int is 36
Energy harvested: 0.0
iGeneratingEnergyWhenGridNeedsEnergyMinutes =0
iGeneratingEnergyWhenGridNeedsEnergyMinutes =0
iUsingEnergyWhenGridNeedsEnergyMinutes =0
iGeneratingEnergyWhenGridHasExcessEnergyMinutes = 0
iUsingEnergyWhenGridHasExcessEnergyMinutes = 0
iIdleWhenGridDoesNotNeedEnergyMinutes = 46080
iIdleWhenGridNeedsEnergyMinutes = 4688399
iEnergyPriceIsZeroMinutes = 240
harvester.getEnergyHarvestedAVAILABLEKilowattHours( ): 9219178.416666666
harvester.getEnergyHarvestedKilowattHours(): 0.0
The running average is 121
The y-int is 6
Energy harvested: 5884337.107498886
iGeneratingEnergyWhenGridNeedsEnergyMinutes =1213679
iGeneratingEnergyWhenGridNeedsEnergyMinutes =1213679
iUsingEnergyWhenGridNeedsEnergyMinutes =54098
iGeneratingEnergyWhenGridHasExcessEnergyMinutes = 2231
iUsingEnergyWhenGridHasExcessEnergyMinutes = 95
iIdleWhenGridDoesNotNeedEnergyMinutes = 43754
iIdleWhenGridNeedsEnergyMinutes = 3420622
iEnergyPriceIsZeroMinutes = 240
harvester.getEnergyHarvestedAVAILABLEKilowattHours( ): 9219178.416666666
harvester.getEnergyHarvestedKilowattHours(): 5884337.107498886
The y-int is 16
Energy harvested: 320975.66222222213
iGeneratingEnergyWhenGridNeedsEnergyMinutes =15705
iGeneratingEnergyWhenGridNeedsEnergyMinutes =15705
iUsingEnergyWhenGridNeedsEnergyMinutes =71
iGeneratingEnergyWhenGridHasExcessEnergyMinutes = 0
iUsingEnergyWhenGridHasExcessEnergyMinutes = 0
iIdleWhenGridDoesNotNeedEnergyMinutes = 46080
iIdleWhenGridNeedsEnergyMinutes = 4672623
iEnergyPriceIsZeroMinutes = 240
harvester.getEnergyHarvestedAVAILABLEKilowattHours( ): 9219178.416666666
harvester.getEnergyHarvestedKilowattHours(): 320975.66222222213
The y-int is 26
Energy harvested: 0.0
iGeneratingEnergyWhenGridNeedsEnergyMinutes =0
iGeneratingEnergyWhenGridNeedsEnergyMinutes =0
iUsingEnergyWhenGridNeedsEnergyMinutes =1
iGeneratingEnergyWhenGridHasExcessEnergyMinutes = 0
iUsingEnergyWhenGridHasExcessEnergyMinutes = 0
iIdleWhenGridDoesNotNeedEnergyMinutes = 46080
iIdleWhenGridNeedsEnergyMinutes = 4688398
iEnergyPriceIsZeroMinutes = 240
harvester.getEnergyHarvestedAVAILABLEKilowattHours( ): 9219178.416666666
harvester.getEnergyHarvestedKilowattHours(): 0.0
The y-int is 36
Energy harvested: 0.0
iGeneratingEnergyWhenGridNeedsEnergyMinutes =0
iGeneratingEnergyWhenGridNeedsEnergyMinutes =0
iUsingEnergyWhenGridNeedsEnergyMinutes =0
iGeneratingEnergyWhenGridHasExcessEnergyMinutes = 0
iUsingEnergyWhenGridHasExcessEnergyMinutes = 0
iIdleWhenGridDoesNotNeedEnergyMinutes = 46080
iIdleWhenGridNeedsEnergyMinutes = 4688399
iEnergyPriceIsZeroMinutes = 240
harvester.getEnergyHarvestedAVAILABLEKilowattHours( ): 9219178.416666666
harvester.getEnergyHarvestedKilowattHours(): 0.0
Beginning testing mode:
station,&,y_intercept_for_month_1,&,running_average_size_minutes_for_month_1,&,y_intercept_for_month_2,&,running_average_size_minutes_for_month_2,&,y_intercept_for_month_3,&,running_average_size_minutes_for_month_3,&,y_intercept_for_month_4,&,running_average_size_minutes_for_month_4,&,y_intercept_for_month_5,&,running_average_size_minutes_for_month_5,&,y_intercept_for_month_6,&,running_average_size_minutes_for_month_6,&,y_intercept_for_month_7,&,running_average_size_minutes_for_month_7,&,y_intercept_for_month_8,&,running_average_size_minutes_for_month_8,&,y_intercept_for_month_9,&,running_average_size_minutes_for_month_9,&,y_intercept_for_month_10,&,running_average_size_minutes_for_month_10,&,y_intercept_for_month_11,&,running_average_size_minutes_for_month_11,&,y_intercept_for_month_12,&,running_average_size_minutes_for_month_12,&,dNetNorm,&,dMarketBalancePercentage,&,dMarketNetNorm,
results: KSEA,&,6,&,1,&,6,&,31,&,6,&,1,&,6,&,1,&,6,&,1,&,6,&,1,&,6,&,1,&,6,&,1,&,6,&,1,&,6,&,1,&,6,&,1,&,6,&,1,&,0.6549975107538416,&,0.8968443421285638,&,0.5874308116278759
monthly visible minutes:KSEA,&,2013,&,15562,&,17416,&,16739,&,18815,&,16750,&,15937,&,14788,&,13847,&,12635,&,7889,&,13710,&,11504,&,
monthly visible minutes:KSEA,&,2014,&,13487,&,20443,&,18398,&,20061,&,17906,&,19192,&,18560,&,14327,&,17011,&,14541,&,17773,&,16746,&,
monthly minutes harvester between states:KSEA,&,2013,&,1991,&,1170,&,1860,&,2363,&,2098,&,3290,&,2489,&,2446,&,1836,&,965,&,1370,&,1730,&,
monthly minutes harvester between states:KSEA,&,2014,&,1800,&,1254,&,2653,&,2519,&,2562,&,3310,&,2669,&,2677,&,2230,&,2543,&,1952,&,2080,&,
station,&,y_intercept_for_month_1,&,running_average_size_minutes_for_month_1,&,y_intercept_for_month_2,&,running_average_size_minutes_for_month_2,&,y_intercept_for_month_3,&,running_average_size_minutes_for_month_3,&,y_intercept_for_month_4,&,running_average_size_minutes_for_month_4,&,y_intercept_for_month_5,&,running_average_size_minutes_for_month_5,&,y_intercept_for_month_6,&,running_average_size_minutes_for_month_6,&,y_intercept_for_month_7,&,running_average_size_minutes_for_month_7,&,y_intercept_for_month_8,&,running_average_size_minutes_for_month_8,&,y_intercept_for_month_9,&,running_average_size_minutes_for_month_9,&,y_intercept_for_month_10,&,running_average_size_minutes_for_month_10,&,y_intercept_for_month_11,&,running_average_size_minutes_for_month_11,&,y_intercept_for_month_12,&,running_average_size_minutes_for_month_12,&,dNetNorm,&,dMarketBalancePercentage,&,dMarketNetNorm,
results: KSEA,&,6,&,121,&,6,&,121,&,6,&,121,&,6,&,121,&,6,&,61,&,6,&,91,&,6,&,31,&,6,&,61,&,6,&,61,&,6,&,61,&,6,&,121,&,6,&,91,&,0.6557540828031646,&,0.9407856444722652,&,0.6169240274052944
monthly visible minutes:KSEA,&,2013,&,15562,&,17416,&,16739,&,18815,&,16750,&,15937,&,14788,&,13847,&,12635,&,7889,&,13710,&,11504,&,
monthly visible minutes:KSEA,&,2014,&,13487,&,20443,&,18398,&,20061,&,17906,&,19192,&,18560,&,14327,&,17011,&,14541,&,17773,&,16746,&,
monthly minutes harvester between states:KSEA,&,2013,&,1991,&,1170,&,1860,&,2363,&,2098,&,3290,&,2489,&,2446,&,1836,&,965,&,1370,&,1730,&,
monthly minutes harvester between states:KSEA,&,2014,&,1800,&,1254,&,2653,&,2519,&,2562,&,3310,&,2669,&,2677,&,2230,&,2543,&,1952,&,2080,&,
Station: KSFO
abc: The current path is /home/guy/retractable-wind
I have found the property file.
The training windspeed filename is /trainingKSFO2004-2012in.csv
The testing windspeed filename is /testingKSFO2013-2014in.csv
Yes, the station is KSFO
Warning: The bAlsoUsePrediction no longer has any effect
iUsedAllItsAllocatedVisibilityMinutesPerMonth: 51234
Visibility Allocation Minutes:51234
HARVESTER_SIZE_SQM is 6362
Reading file
Success: /Wind turbine power curves - wind turbine power output against wind speed in knots.csv found.
Speed (Knots) = Speed(knots) vs power (kW) , Power (kW) =V90
Speed (Knots) = 0 , Power (kW) =0
Speed (Knots) = 1 , Power (kW) =0
Speed (Knots) = 2 , Power (kW) =0
Speed (Knots) = 3 , Power (kW) =0
Speed (Knots) = 4 , Power (kW) =0
Speed (Knots) = 5 , Power (kW) =0
Speed (Knots) = 6 , Power (kW) =0
Speed (Knots) = 7 , Power (kW) =38
Speed (Knots) = 8 , Power (kW) =87
Speed (Knots) = 9 , Power (kW) =141
Speed (Knots) = 10 , Power (kW) =207
Speed (Knots) = 11 , Power (kW) =286
Speed (Knots) = 12 , Power (kW) =382
Speed (Knots) = 13 , Power (kW) =496
Speed (Knots) = 14 , Power (kW) =628
Speed (Knots) = 15 , Power (kW) =781
Speed (Knots) = 16 , Power (kW) =957
Speed (Knots) = 17 , Power (kW) =1153
Speed (Knots) = 18 , Power (kW) =1366
Speed (Knots) = 19 , Power (kW) =1589
Speed (Knots) = 20 , Power (kW) =1814
Speed (Knots) = 21 , Power (kW) =2035
Speed (Knots) = 22 , Power (kW) =2250
Speed (Knots) = 23 , Power (kW) =2452
Speed (Knots) = 24 , Power (kW) =2634
Speed (Knots) = 25 , Power (kW) =2784
Speed (Knots) = 26 , Power (kW) =2888
Speed (Knots) = 27 , Power (kW) =2949
Speed (Knots) = 28 , Power (kW) =2980
Speed (Knots) = 29 , Power (kW) =2993
Speed (Knots) = 30 , Power (kW) =3000
Speed (Knots) = 31 , Power (kW) =3000
Speed (Knots) = 32 , Power (kW) =3000
Speed (Knots) = 33 , Power (kW) =3000
Speed (Knots) = 34 , Power (kW) =3000
Speed (Knots) = 35 , Power (kW) =3000
Speed (Knots) = 36 , Power (kW) =3000
Speed (Knots) = 37 , Power (kW) =3000
Speed (Knots) = 38 , Power (kW) =3000
Speed (Knots) = 39 , Power (kW) =3000
Speed (Knots) = 40 , Power (kW) =3000
Speed (Knots) = 41 , Power (kW) =3000
Speed (Knots) = 42 , Power (kW) =3000
Speed (Knots) = 43 , Power (kW) =3000
Speed (Knots) = 44 , Power (kW) =3000
Speed (Knots) = 45 , Power (kW) =3000
Speed (Knots) = 46 , Power (kW) =3000
Speed (Knots) = 47 , Power (kW) =3000
Speed (Knots) = 48 , Power (kW) =3000
Speed (Knots) = 49 , Power (kW) =0
Speed (Knots) = 50 , Power (kW) =0
Speed (Knots) = 51 , Power (kW) =0
Speed (Knots) = 52 , Power (kW) =0
Speed (Knots) = 53 , Power (kW) =0
Speed (Knots) = 54 , Power (kW) =0
Speed (Knots) = 55 , Power (kW) =0
Speed (Knots) = 56 , Power (kW) =0
Speed (Knots) = 57 , Power (kW) =0
Speed (Knots) = 58 , Power (kW) =0
Speed (Knots) = 59 , Power (kW) =0
Speed (Knots) = 60 , Power (kW) =0
The scale is 1.0
Wind power at 10 knots in kilowatts is 207.0
Wind power in-cut-out test 0.0
Aging
Class name:edu.pitt.cs.people.guy.wind.benchmarks.Aging
Success: /Noise_Allowed_Time_Definitions_All_Stations.csv found.
The station is the record is KSFO
Success: /Noise_Allowed_Time_Definitions_All_Stations.csv found.
The station is the record is KSFO
I have found the membership file for NOT WINDY.
Windspeed (knots) [0,1), Membership Value =1.00000000,1.0
Windspeed (knots) [1,2), Membership Value =0.99996969,0.99996966
Windspeed (knots) [2,3), Membership Value =0.99957051,0.9995705
Windspeed (knots) [3,4), Membership Value =0.99801138,0.99801135
Windspeed (knots) [4,5), Membership Value =0.99467864,0.9946786
Windspeed (knots) [5,6), Membership Value =0.98887177,0.98887175
Windspeed (knots) [6,7), Membership Value =0.97951150,0.9795115
Windspeed (knots) [7,8), Membership Value =0.96524237,0.9652424
Windspeed (knots) [8,9), Membership Value =0.94494139,0.9449414
Windspeed (knots) [9,10), Membership Value =0.91725713,0.91725713
Windspeed (knots) [10,11), Membership Value =0.88074036,0.88074034
Windspeed (knots) [11,12), Membership Value =0.83558029,0.8355803
Windspeed (knots) [12,13), Membership Value =0.78138256,0.78138256
Windspeed (knots) [13,14), Membership Value =0.71758838,0.71758837
Windspeed (knots) [14,15), Membership Value =0.64648835,0.64648837
Windspeed (knots) [15,16), Membership Value =0.56605603,0.566056
Windspeed (knots) [16,17), Membership Value =0.48026860,0.4802686
Windspeed (knots) [17,18), Membership Value =0.39188199,0.391882
Windspeed (knots) [18,19), Membership Value =0.30389209,0.30389208
Windspeed (knots) [19,20), Membership Value =0.21823395,0.21823394
Windspeed (knots) [20,21), Membership Value =0.14138764,0.14138764
Windspeed (knots) [21,22), Membership Value =0.07292651,0.07292651
Windspeed (knots) [22,23), Membership Value =0.01592513,0.01592513
Windspeed (knots) [23,24), Membership Value =0.00000000,0.0
Windspeed (knots) [24,25), Membership Value =0.00000000,0.0
Windspeed (knots) [25,26), Membership Value =0.00000000,0.0
Windspeed (knots) [26,27), Membership Value =0.00000000,0.0
Windspeed (knots) [27,28), Membership Value =0.00000000,0.0
Windspeed (knots) [28,29), Membership Value =0.00000000,0.0
Windspeed (knots) [29,30), Membership Value =0.00000000,0.0
Windspeed (knots) [30,31), Membership Value =0.00000000,0.0
Windspeed (knots) [31,32), Membership Value =0.00000000,0.0
Windspeed (knots) [32,33), Membership Value =0.00000000,0.0
Windspeed (knots) [33,34), Membership Value =0.00000000,0.0
Windspeed (knots) [34,35), Membership Value =0.00000000,0.0
Windspeed (knots) [35,36), Membership Value =0.00000000,0.0
Windspeed (knots) [36,37), Membership Value =0.00000000,0.0
Windspeed (knots) [37,38), Membership Value =0.00000000,0.0
Windspeed (knots) [38,39), Membership Value =0.00000000,0.0
Windspeed (knots) [39,40), Membership Value =0.00000000,0.0
Windspeed (knots) [40,41), Membership Value =0.00000000,0.0
Windspeed (knots) [41,42), Membership Value =0.00000000,0.0
Windspeed (knots) [42,43), Membership Value =0.00000000,0.0
Windspeed (knots) [43,44), Membership Value =0.00000000,0.0
Windspeed (knots) [44,45), Membership Value =0.00000000,0.0
Windspeed (knots) [45,46), Membership Value =0.00000000,0.0
Windspeed (knots) [46,47), Membership Value =0.00000000,0.0
Windspeed (knots) [47,48), Membership Value =0.00000000,0.0
Windspeed (knots) [48,49), Membership Value =0.00000000,0.0
Windspeed (knots) [49,50), Membership Value =0.00000000,0.0
Windspeed (knots) [50,51), Membership Value =0.00000000,0.0
Windspeed (knots) [51,52), Membership Value =0.00000000,0.0
Windspeed (knots) [52,53), Membership Value =0.00000000,0.0
Windspeed (knots) [53,54), Membership Value =0.00000000,0.0
Windspeed (knots) [54,55), Membership Value =0.00000000,0.0
Windspeed (knots) [55,56), Membership Value =0.00000000,0.0
Windspeed (knots) [56,57), Membership Value =0.00000000,0.0
Windspeed (knots) [57,58), Membership Value =0.00000000,0.0
Windspeed (knots) [58,59), Membership Value =0.00000000,0.0
Windspeed (knots) [59,60), Membership Value =0.00000000,0.0
Windspeed (knots) [60,61), Membership Value =0.00000000,0.0
Windspeed (knots) [61,62), Membership Value =0.00000000,0.0
Windspeed (knots) [62,63), Membership Value =0.00000000,0.0
Windspeed (knots) [63,64), Membership Value =0.00000000,0.0
Windspeed (knots) [64,65), Membership Value =0.00000000,0.0
Windspeed (knots) [65,66), Membership Value =0.00000000,0.0
Windspeed (knots) [66,67), Membership Value =0.00000000,0.0
Windspeed (knots) [67,68), Membership Value =0.00000000,0.0
Windspeed (knots) [68,69), Membership Value =0.00000000,0.0
Windspeed (knots) [69,70), Membership Value =0.00000000,0.0
Windspeed (knots) [70,71), Membership Value =0.00000000,0.0
Windspeed (knots) [71,72), Membership Value =0.00000000,0.0
Windspeed (knots) [72,73), Membership Value =0.00000000,0.0
Windspeed (knots) [73,74), Membership Value =0.00000000,0.0
Windspeed (knots) [74,75), Membership Value =0.00000000,0.0
Windspeed (knots) [75,76), Membership Value =0.00000000,0.0
Windspeed (knots) [76,77), Membership Value =0.00000000,0.0
Windspeed (knots) [77,78), Membership Value =0.00000000,0.0
Windspeed (knots) [78,79), Membership Value =0.00000000,0.0
Windspeed (knots) [79,80), Membership Value =0.00000000,0.0
Windspeed (knots) [80,81), Membership Value =0.00000000,0.0
Windspeed (knots) [81,82), Membership Value =0.00000000,0.0
Windspeed (knots) [82,83), Membership Value =0.00000000,0.0
Windspeed (knots) [83,84), Membership Value =0.00000000,0.0
Windspeed (knots) [84,85), Membership Value =0.00000000,0.0
Windspeed (knots) [85,86), Membership Value =0.00000000,0.0
Windspeed (knots) [86,87), Membership Value =0.00000000,0.0
Windspeed (knots) [87,88), Membership Value =0.00000000,0.0
Windspeed (knots) [88,89), Membership Value =0.00000000,0.0
Windspeed (knots) [89,90), Membership Value =0.00000000,0.0
Windspeed (knots) [90,91), Membership Value =0.00000000,0.0
Windspeed (knots) [91,92), Membership Value =0.00000000,0.0
Windspeed (knots) [92,93), Membership Value =0.00000000,0.0
Windspeed (knots) [93,94), Membership Value =0.00000000,0.0
Windspeed (knots) [94,95), Membership Value =0.00000000,0.0
Windspeed (knots) [95,96), Membership Value =0.00000000,0.0
Windspeed (knots) [96,97), Membership Value =0.00000000,0.0
Windspeed (knots) [97,98), Membership Value =0.00000000,0.0
Windspeed (knots) [98,99), Membership Value =0.00000000,0.0
Windspeed (knots) [99,100), Membership Value =0.00000000,0.0
Windspeed (knots) [100,101), Membership Value =0.00000000,0.0
Windspeed (knots) [101,102), Membership Value =0.00000000,0.0
Windspeed (knots) [102,103), Membership Value =0.00000000,0.0
Windspeed (knots) [103,104), Membership Value =0.00000000,0.0
Windspeed (knots) [104,105), Membership Value =0.00000000,0.0
Windspeed (knots) [105,106), Membership Value =0.00000000,0.0
Windspeed (knots) [106,107), Membership Value =0.00000000,0.0
Windspeed (knots) [107,108), Membership Value =0.00000000,0.0
Windspeed (knots) [108,109), Membership Value =0.00000000,0.0
Windspeed (knots) [109,110), Membership Value =0.00000000,0.0
Windspeed (knots) [110,111), Membership Value =0.00000000,0.0
Windspeed (knots) [111,112), Membership Value =0.00000000,0.0
Windspeed (knots) [112,113), Membership Value =0.00000000,0.0
Windspeed (knots) [113,114), Membership Value =0.00000000,0.0
Windspeed (knots) [114,115), Membership Value =0.00000000,0.0
Windspeed (knots) [115,116), Membership Value =0.00000000,0.0
Windspeed (knots) [116,117), Membership Value =0.00000000,0.0
Windspeed (knots) [117,118), Membership Value =0.00000000,0.0
Windspeed (knots) [118,119), Membership Value =0.00000000,0.0
Windspeed (knots) [119,120), Membership Value =0.00000000,0.0
Windspeed (knots) [120,121), Membership Value =0.00000000,0.0
Windspeed (knots) [121,122), Membership Value =0.00000000,0.0
Windspeed (knots) [122,123), Membership Value =0.00000000,0.0
Windspeed (knots) [123,124), Membership Value =0.00000000,0.0
Windspeed (knots) [124,125), Membership Value =0.00000000,0.0
LowestWindspeedThatIsWindyKnots for station KSFO is 10 knots.
Transition limited :false
bUseWeatherPrediction: true
The running average is 1
The y-int is 10
Energy harvested: 2.049076220751407E7
iGeneratingEnergyWhenGridNeedsEnergyMinutes =1305512
iGeneratingEnergyWhenGridNeedsEnergyMinutes =1305512
iUsingEnergyWhenGridNeedsEnergyMinutes =74713
iGeneratingEnergyWhenGridHasExcessEnergyMinutes = 2788
iUsingEnergyWhenGridHasExcessEnergyMinutes = 194
iIdleWhenGridDoesNotNeedEnergyMinutes = 43098
iIdleWhenGridNeedsEnergyMinutes = 3308174
iEnergyPriceIsZeroMinutes = 240
harvester.getEnergyHarvestedAVAILABLEKilowattHours( ): 2.9176973966666665E7
harvester.getEnergyHarvestedKilowattHours(): 2.049076220751407E7
The y-int is 20
Energy harvested: 2749994.0166666666
iGeneratingEnergyWhenGridNeedsEnergyMinutes =65850
iGeneratingEnergyWhenGridNeedsEnergyMinutes =65850
iUsingEnergyWhenGridNeedsEnergyMinutes =1
iGeneratingEnergyWhenGridHasExcessEnergyMinutes = 430
iUsingEnergyWhenGridHasExcessEnergyMinutes = 0
iIdleWhenGridDoesNotNeedEnergyMinutes = 45650
iIdleWhenGridNeedsEnergyMinutes = 4622548
iEnergyPriceIsZeroMinutes = 240
harvester.getEnergyHarvestedAVAILABLEKilowattHours( ): 2.9176973966666665E7
harvester.getEnergyHarvestedKilowattHours(): 2749994.0166666666
The y-int is 30
Energy harvested: 62788.166666666664
iGeneratingEnergyWhenGridNeedsEnergyMinutes =1257
iGeneratingEnergyWhenGridNeedsEnergyMinutes =1257
iUsingEnergyWhenGridNeedsEnergyMinutes =1
iGeneratingEnergyWhenGridHasExcessEnergyMinutes = 0
iUsingEnergyWhenGridHasExcessEnergyMinutes = 0
iIdleWhenGridDoesNotNeedEnergyMinutes = 46080
iIdleWhenGridNeedsEnergyMinutes = 4687141
iEnergyPriceIsZeroMinutes = 240
harvester.getEnergyHarvestedAVAILABLEKilowattHours( ): 2.9176973966666665E7
harvester.getEnergyHarvestedKilowattHours(): 62788.166666666664
The y-int is 40
Energy harvested: 0.0
iGeneratingEnergyWhenGridNeedsEnergyMinutes =0
iGeneratingEnergyWhenGridNeedsEnergyMinutes =0
iUsingEnergyWhenGridNeedsEnergyMinutes =1
iGeneratingEnergyWhenGridHasExcessEnergyMinutes = 0
iUsingEnergyWhenGridHasExcessEnergyMinutes = 0
iIdleWhenGridDoesNotNeedEnergyMinutes = 46080
iIdleWhenGridNeedsEnergyMinutes = 4688398
iEnergyPriceIsZeroMinutes = 240
harvester.getEnergyHarvestedAVAILABLEKilowattHours( ): 2.9176973966666665E7
harvester.getEnergyHarvestedKilowattHours(): 0.0
The running average is 31
The y-int is 10
Energy harvested: 2.0165681928065173E7
iGeneratingEnergyWhenGridNeedsEnergyMinutes =1260723
iGeneratingEnergyWhenGridNeedsEnergyMinutes =1260723
iUsingEnergyWhenGridNeedsEnergyMinutes =51678
iGeneratingEnergyWhenGridHasExcessEnergyMinutes = 2747
iUsingEnergyWhenGridHasExcessEnergyMinutes = 122
iIdleWhenGridDoesNotNeedEnergyMinutes = 43211
iIdleWhenGridNeedsEnergyMinutes = 3375998
iEnergyPriceIsZeroMinutes = 240
harvester.getEnergyHarvestedAVAILABLEKilowattHours( ): 2.9176973966666665E7
harvester.getEnergyHarvestedKilowattHours(): 2.0165681928065173E7
The y-int is 20
Energy harvested: 2649544.4908333314
iGeneratingEnergyWhenGridNeedsEnergyMinutes =66098
iGeneratingEnergyWhenGridNeedsEnergyMinutes =66098
iUsingEnergyWhenGridNeedsEnergyMinutes =28
iGeneratingEnergyWhenGridHasExcessEnergyMinutes = 491
iUsingEnergyWhenGridHasExcessEnergyMinutes = 0
iIdleWhenGridDoesNotNeedEnergyMinutes = 45589
iIdleWhenGridNeedsEnergyMinutes = 4622273
iEnergyPriceIsZeroMinutes = 240
harvester.getEnergyHarvestedAVAILABLEKilowattHours( ): 2.9176973966666665E7
harvester.getEnergyHarvestedKilowattHours(): 2649544.4908333314
The y-int is 30
Energy harvested: 70953.85
iGeneratingEnergyWhenGridNeedsEnergyMinutes =1436
iGeneratingEnergyWhenGridNeedsEnergyMinutes =1436
iUsingEnergyWhenGridNeedsEnergyMinutes =1
iGeneratingEnergyWhenGridHasExcessEnergyMinutes = 0
iUsingEnergyWhenGridHasExcessEnergyMinutes = 0
iIdleWhenGridDoesNotNeedEnergyMinutes = 46080
iIdleWhenGridNeedsEnergyMinutes = 4686962
iEnergyPriceIsZeroMinutes = 240
harvester.getEnergyHarvestedAVAILABLEKilowattHours( ): 2.9176973966666665E7
harvester.getEnergyHarvestedKilowattHours(): 70953.85
The y-int is 40
Energy harvested: 0.0
iGeneratingEnergyWhenGridNeedsEnergyMinutes =0
iGeneratingEnergyWhenGridNeedsEnergyMinutes =0
iUsingEnergyWhenGridNeedsEnergyMinutes =1
iGeneratingEnergyWhenGridHasExcessEnergyMinutes = 0
iUsingEnergyWhenGridHasExcessEnergyMinutes = 0
iIdleWhenGridDoesNotNeedEnergyMinutes = 46080
iIdleWhenGridNeedsEnergyMinutes = 4688398
iEnergyPriceIsZeroMinutes = 240
harvester.getEnergyHarvestedAVAILABLEKilowattHours( ): 2.9176973966666665E7
harvester.getEnergyHarvestedKilowattHours(): 0.0
The running average is 61
The y-int is 10
Energy harvested: 1.984250596056361E7
iGeneratingEnergyWhenGridNeedsEnergyMinutes =1218057
iGeneratingEnergyWhenGridNeedsEnergyMinutes =1218057
iUsingEnergyWhenGridNeedsEnergyMinutes =44404
iGeneratingEnergyWhenGridHasExcessEnergyMinutes = 2674
iUsingEnergyWhenGridHasExcessEnergyMinutes = 103
iIdleWhenGridDoesNotNeedEnergyMinutes = 43303
iIdleWhenGridNeedsEnergyMinutes = 3425938
iEnergyPriceIsZeroMinutes = 240
harvester.getEnergyHarvestedAVAILABLEKilowattHours( ): 2.9176973966666665E7
harvester.getEnergyHarvestedKilowattHours(): 1.984250596056361E7
The y-int is 20
Energy harvested: 2421435.6805555555
iGeneratingEnergyWhenGridNeedsEnergyMinutes =61624
iGeneratingEnergyWhenGridNeedsEnergyMinutes =61624
iUsingEnergyWhenGridNeedsEnergyMinutes =11
iGeneratingEnergyWhenGridHasExcessEnergyMinutes = 426
iUsingEnergyWhenGridHasExcessEnergyMinutes = 0
iIdleWhenGridDoesNotNeedEnergyMinutes = 45654
iIdleWhenGridNeedsEnergyMinutes = 4626764
iEnergyPriceIsZeroMinutes = 240
harvester.getEnergyHarvestedAVAILABLEKilowattHours( ): 2.9176973966666665E7
harvester.getEnergyHarvestedKilowattHours(): 2421435.6805555555
The y-int is 30
Energy harvested: 53546.6
iGeneratingEnergyWhenGridNeedsEnergyMinutes =1094
iGeneratingEnergyWhenGridNeedsEnergyMinutes =1094
iUsingEnergyWhenGridNeedsEnergyMinutes =1
iGeneratingEnergyWhenGridHasExcessEnergyMinutes = 0
iUsingEnergyWhenGridHasExcessEnergyMinutes = 0
iIdleWhenGridDoesNotNeedEnergyMinutes = 46080
iIdleWhenGridNeedsEnergyMinutes = 4687304
iEnergyPriceIsZeroMinutes = 240
harvester.getEnergyHarvestedAVAILABLEKilowattHours( ): 2.9176973966666665E7
harvester.getEnergyHarvestedKilowattHours(): 53546.6
The y-int is 40
Energy harvested: 0.0
iGeneratingEnergyWhenGridNeedsEnergyMinutes =0
iGeneratingEnergyWhenGridNeedsEnergyMinutes =0
iUsingEnergyWhenGridNeedsEnergyMinutes =1
iGeneratingEnergyWhenGridHasExcessEnergyMinutes = 0
iUsingEnergyWhenGridHasExcessEnergyMinutes = 0
iIdleWhenGridDoesNotNeedEnergyMinutes = 46080
iIdleWhenGridNeedsEnergyMinutes = 4688398
iEnergyPriceIsZeroMinutes = 240
harvester.getEnergyHarvestedAVAILABLEKilowattHours( ): 2.9176973966666665E7
harvester.getEnergyHarvestedKilowattHours(): 0.0
The running average is 91
The y-int is 10
Energy harvested: 1.9502867973895986E7
iGeneratingEnergyWhenGridNeedsEnergyMinutes =1176193
iGeneratingEnergyWhenGridNeedsEnergyMinutes =1176193
iUsingEnergyWhenGridNeedsEnergyMinutes =39309
iGeneratingEnergyWhenGridHasExcessEnergyMinutes = 2574
iUsingEnergyWhenGridHasExcessEnergyMinutes = 101
iIdleWhenGridDoesNotNeedEnergyMinutes = 43405
iIdleWhenGridNeedsEnergyMinutes = 3472897
iEnergyPriceIsZeroMinutes = 240
harvester.getEnergyHarvestedAVAILABLEKilowattHours( ): 2.9176973966666665E7
harvester.getEnergyHarvestedKilowattHours(): 1.9502867973895986E7
The y-int is 20
Energy harvested: 2199530.8597222227
iGeneratingEnergyWhenGridNeedsEnergyMinutes =56686
iGeneratingEnergyWhenGridNeedsEnergyMinutes =56686
iUsingEnergyWhenGridNeedsEnergyMinutes =22
iGeneratingEnergyWhenGridHasExcessEnergyMinutes = 307
iUsingEnergyWhenGridHasExcessEnergyMinutes = 0
iIdleWhenGridDoesNotNeedEnergyMinutes = 45773
iIdleWhenGridNeedsEnergyMinutes = 4631691
iEnergyPriceIsZeroMinutes = 240
harvester.getEnergyHarvestedAVAILABLEKilowattHours( ): 2.9176973966666665E7
harvester.getEnergyHarvestedKilowattHours(): 2199530.8597222227
The y-int is 30
Energy harvested: 41012.38333333333
iGeneratingEnergyWhenGridNeedsEnergyMinutes =853
iGeneratingEnergyWhenGridNeedsEnergyMinutes =853
iUsingEnergyWhenGridNeedsEnergyMinutes =1
iGeneratingEnergyWhenGridHasExcessEnergyMinutes = 0
iUsingEnergyWhenGridHasExcessEnergyMinutes = 0
iIdleWhenGridDoesNotNeedEnergyMinutes = 46080
iIdleWhenGridNeedsEnergyMinutes = 4687545
iEnergyPriceIsZeroMinutes = 240
harvester.getEnergyHarvestedAVAILABLEKilowattHours( ): 2.9176973966666665E7
harvester.getEnergyHarvestedKilowattHours(): 41012.38333333333
The y-int is 40
Energy harvested: 0.0
iGeneratingEnergyWhenGridNeedsEnergyMinutes =0
iGeneratingEnergyWhenGridNeedsEnergyMinutes =0
iUsingEnergyWhenGridNeedsEnergyMinutes =1
iGeneratingEnergyWhenGridHasExcessEnergyMinutes = 0
iUsingEnergyWhenGridHasExcessEnergyMinutes = 0
iIdleWhenGridDoesNotNeedEnergyMinutes = 46080
iIdleWhenGridNeedsEnergyMinutes = 4688398
iEnergyPriceIsZeroMinutes = 240
harvester.getEnergyHarvestedAVAILABLEKilowattHours( ): 2.9176973966666665E7
harvester.getEnergyHarvestedKilowattHours(): 0.0
The running average is 121
The y-int is 10
Energy harvested: 1.9158373083895303E7
iGeneratingEnergyWhenGridNeedsEnergyMinutes =1137401
iGeneratingEnergyWhenGridNeedsEnergyMinutes =1137401
iUsingEnergyWhenGridNeedsEnergyMinutes =35553
iGeneratingEnergyWhenGridHasExcessEnergyMinutes = 2430
iUsingEnergyWhenGridHasExcessEnergyMinutes = 106
iIdleWhenGridDoesNotNeedEnergyMinutes = 43544
iIdleWhenGridNeedsEnergyMinutes = 3515445
iEnergyPriceIsZeroMinutes = 240
harvester.getEnergyHarvestedAVAILABLEKilowattHours( ): 2.9176973966666665E7
harvester.getEnergyHarvestedKilowattHours(): 1.9158373083895303E7
The y-int is 20
Energy harvested: 2002869.4136111112
iGeneratingEnergyWhenGridNeedsEnergyMinutes =52037
iGeneratingEnergyWhenGridNeedsEnergyMinutes =52037
iUsingEnergyWhenGridNeedsEnergyMinutes =11
iGeneratingEnergyWhenGridHasExcessEnergyMinutes = 291
iUsingEnergyWhenGridHasExcessEnergyMinutes = 0
iIdleWhenGridDoesNotNeedEnergyMinutes = 45789
iIdleWhenGridNeedsEnergyMinutes = 4636351
iEnergyPriceIsZeroMinutes = 240
harvester.getEnergyHarvestedAVAILABLEKilowattHours( ): 2.9176973966666665E7
harvester.getEnergyHarvestedKilowattHours(): 2002869.4136111112
The y-int is 30
Energy harvested: 31090.75
iGeneratingEnergyWhenGridNeedsEnergyMinutes =665
iGeneratingEnergyWhenGridNeedsEnergyMinutes =665
iUsingEnergyWhenGridNeedsEnergyMinutes =1
iGeneratingEnergyWhenGridHasExcessEnergyMinutes = 0
iUsingEnergyWhenGridHasExcessEnergyMinutes = 0
iIdleWhenGridDoesNotNeedEnergyMinutes = 46080
iIdleWhenGridNeedsEnergyMinutes = 4687733
iEnergyPriceIsZeroMinutes = 240
harvester.getEnergyHarvestedAVAILABLEKilowattHours( ): 2.9176973966666665E7
harvester.getEnergyHarvestedKilowattHours(): 31090.75
The y-int is 40
Energy harvested: 0.0
iGeneratingEnergyWhenGridNeedsEnergyMinutes =0
iGeneratingEnergyWhenGridNeedsEnergyMinutes =0
iUsingEnergyWhenGridNeedsEnergyMinutes =1
iGeneratingEnergyWhenGridHasExcessEnergyMinutes = 0
iUsingEnergyWhenGridHasExcessEnergyMinutes = 0
iIdleWhenGridDoesNotNeedEnergyMinutes = 46080
iIdleWhenGridNeedsEnergyMinutes = 4688398
iEnergyPriceIsZeroMinutes = 240
harvester.getEnergyHarvestedAVAILABLEKilowattHours( ): 2.9176973966666665E7
harvester.getEnergyHarvestedKilowattHours(): 0.0
Beginning testing mode:
station,&,y_intercept_for_month_1,&,running_average_size_minutes_for_month_1,&,y_intercept_for_month_2,&,running_average_size_minutes_for_month_2,&,y_intercept_for_month_3,&,running_average_size_minutes_for_month_3,&,y_intercept_for_month_4,&,running_average_size_minutes_for_month_4,&,y_intercept_for_month_5,&,running_average_size_minutes_for_month_5,&,y_intercept_for_month_6,&,running_average_size_minutes_for_month_6,&,y_intercept_for_month_7,&,running_average_size_minutes_for_month_7,&,y_intercept_for_month_8,&,running_average_size_minutes_for_month_8,&,y_intercept_for_month_9,&,running_average_size_minutes_for_month_9,&,y_intercept_for_month_10,&,running_average_size_minutes_for_month_10,&,y_intercept_for_month_11,&,running_average_size_minutes_for_month_11,&,y_intercept_for_month_12,&,running_average_size_minutes_for_month_12,&,dNetNorm,&,dMarketBalancePercentage,&,dMarketNetNorm,
results: KSFO,&,10,&,1,&,10,&,1,&,10,&,1,&,10,&,1,&,10,&,1,&,10,&,1,&,10,&,1,&,10,&,1,&,10,&,1,&,10,&,1,&,10,&,1,&,10,&,1,&,0.6920506708205912,&,0.9295780902023473,&,0.6433151409046585
monthly visible minutes:KSFO,&,2013,&,5264,&,11017,&,9819,&,16786,&,19783,&,17341,&,18001,&,18557,&,17376,&,12024,&,7712,&,5069,&,
monthly visible minutes:KSFO,&,2014,&,2471,&,11511,&,11875,&,15255,&,19389,&,18236,&,17536,&,16975,&,14937,&,11648,&,7028,&,7632,&,
monthly minutes harvester between states:KSFO,&,2013,&,893,&,1442,&,1352,&,1593,&,1675,&,1740,&,1803,&,1598,&,1437,&,1431,&,1204,&,800,&,
monthly minutes harvester between states:KSFO,&,2014,&,649,&,1964,&,2357,&,1710,&,1313,&,1484,&,1713,&,1823,&,1631,&,2128,&,1366,&,1541,&,
station,&,y_intercept_for_month_1,&,running_average_size_minutes_for_month_1,&,y_intercept_for_month_2,&,running_average_size_minutes_for_month_2,&,y_intercept_for_month_3,&,running_average_size_minutes_for_month_3,&,y_intercept_for_month_4,&,running_average_size_minutes_for_month_4,&,y_intercept_for_month_5,&,running_average_size_minutes_for_month_5,&,y_intercept_for_month_6,&,running_average_size_minutes_for_month_6,&,y_intercept_for_month_7,&,running_average_size_minutes_for_month_7,&,y_intercept_for_month_8,&,running_average_size_minutes_for_month_8,&,y_intercept_for_month_9,&,running_average_size_minutes_for_month_9,&,y_intercept_for_month_10,&,running_average_size_minutes_for_month_10,&,y_intercept_for_month_11,&,running_average_size_minutes_for_month_11,&,y_intercept_for_month_12,&,running_average_size_minutes_for_month_12,&,dNetNorm,&,dMarketBalancePercentage,&,dMarketNetNorm,
results: KSFO,&,10,&,31,&,10,&,31,&,10,&,31,&,10,&,31,&,10,&,1,&,10,&,61,&,10,&,1,&,10,&,1,&,10,&,31,&,10,&,1,&,10,&,31,&,10,&,61,&,0.6866200346256345,&,0.9413305718811935,&,0.6463364298592333
monthly visible minutes:KSFO,&,2013,&,5264,&,11017,&,9819,&,16786,&,19783,&,17341,&,18001,&,18557,&,17376,&,12024,&,7712,&,5069,&,
monthly visible minutes:KSFO,&,2014,&,2471,&,11511,&,11875,&,15255,&,19389,&,18236,&,17536,&,16975,&,14937,&,11648,&,7028,&,7632,&,
monthly minutes harvester between states:KSFO,&,2013,&,893,&,1442,&,1352,&,1593,&,1675,&,1740,&,1803,&,1598,&,1437,&,1431,&,1204,&,800,&,
monthly minutes harvester between states:KSFO,&,2014,&,649,&,1964,&,2357,&,1710,&,1313,&,1484,&,1713,&,1823,&,1631,&,2128,&,1366,&,1541,&,
Station: KSMX
abc: The current path is /home/guy/retractable-wind
I have found the property file.
The training windspeed filename is /trainingKSMX2004-2012in.csv
The testing windspeed filename is /testingKSMX2013-2014in.csv
Yes, the station is KSMX
Warning: The bAlsoUsePrediction no longer has any effect
iUsedAllItsAllocatedVisibilityMinutesPerMonth: 51234
Visibility Allocation Minutes:51234
HARVESTER_SIZE_SQM is 6362
Reading file
Success: /Wind turbine power curves - wind turbine power output against wind speed in knots.csv found.
Speed (Knots) = Speed(knots) vs power (kW) , Power (kW) =V90
Speed (Knots) = 0 , Power (kW) =0
Speed (Knots) = 1 , Power (kW) =0
Speed (Knots) = 2 , Power (kW) =0
Speed (Knots) = 3 , Power (kW) =0
Speed (Knots) = 4 , Power (kW) =0
Speed (Knots) = 5 , Power (kW) =0
Speed (Knots) = 6 , Power (kW) =0
Speed (Knots) = 7 , Power (kW) =38
Speed (Knots) = 8 , Power (kW) =87
Speed (Knots) = 9 , Power (kW) =141
Speed (Knots) = 10 , Power (kW) =207
Speed (Knots) = 11 , Power (kW) =286
Speed (Knots) = 12 , Power (kW) =382
Speed (Knots) = 13 , Power (kW) =496
Speed (Knots) = 14 , Power (kW) =628
Speed (Knots) = 15 , Power (kW) =781
Speed (Knots) = 16 , Power (kW) =957
Speed (Knots) = 17 , Power (kW) =1153
Speed (Knots) = 18 , Power (kW) =1366
Speed (Knots) = 19 , Power (kW) =1589
Speed (Knots) = 20 , Power (kW) =1814
Speed (Knots) = 21 , Power (kW) =2035
Speed (Knots) = 22 , Power (kW) =2250
Speed (Knots) = 23 , Power (kW) =2452
Speed (Knots) = 24 , Power (kW) =2634
Speed (Knots) = 25 , Power (kW) =2784
Speed (Knots) = 26 , Power (kW) =2888
Speed (Knots) = 27 , Power (kW) =2949
Speed (Knots) = 28 , Power (kW) =2980
Speed (Knots) = 29 , Power (kW) =2993
Speed (Knots) = 30 , Power (kW) =3000
Speed (Knots) = 31 , Power (kW) =3000
Speed (Knots) = 32 , Power (kW) =3000
Speed (Knots) = 33 , Power (kW) =3000
Speed (Knots) = 34 , Power (kW) =3000
Speed (Knots) = 35 , Power (kW) =3000
Speed (Knots) = 36 , Power (kW) =3000
Speed (Knots) = 37 , Power (kW) =3000
Speed (Knots) = 38 , Power (kW) =3000
Speed (Knots) = 39 , Power (kW) =3000
Speed (Knots) = 40 , Power (kW) =3000
Speed (Knots) = 41 , Power (kW) =3000
Speed (Knots) = 42 , Power (kW) =3000
Speed (Knots) = 43 , Power (kW) =3000
Speed (Knots) = 44 , Power (kW) =3000
Speed (Knots) = 45 , Power (kW) =3000
Speed (Knots) = 46 , Power (kW) =3000
Speed (Knots) = 47 , Power (kW) =3000
Speed (Knots) = 48 , Power (kW) =3000
Speed (Knots) = 49 , Power (kW) =0
Speed (Knots) = 50 , Power (kW) =0
Speed (Knots) = 51 , Power (kW) =0
Speed (Knots) = 52 , Power (kW) =0
Speed (Knots) = 53 , Power (kW) =0
Speed (Knots) = 54 , Power (kW) =0
Speed (Knots) = 55 , Power (kW) =0
Speed (Knots) = 56 , Power (kW) =0
Speed (Knots) = 57 , Power (kW) =0
Speed (Knots) = 58 , Power (kW) =0
Speed (Knots) = 59 , Power (kW) =0
Speed (Knots) = 60 , Power (kW) =0
The scale is 1.0
Wind power at 10 knots in kilowatts is 207.0
Wind power in-cut-out test 0.0
Aging
Class name:edu.pitt.cs.people.guy.wind.benchmarks.Aging
Success: /Noise_Allowed_Time_Definitions_All_Stations.csv found.
The station is the record is KSMX
Success: /Noise_Allowed_Time_Definitions_All_Stations.csv found.
The station is the record is KSMX
I have found the membership file for NOT WINDY.
Windspeed (knots) [0,1), Membership Value =1.00000000,1.0
Windspeed (knots) [1,2), Membership Value =0.99984152,0.9998415
Windspeed (knots) [2,3), Membership Value =0.99797592,0.99797595
Windspeed (knots) [3,4), Membership Value =0.99176306,0.99176306
Windspeed (knots) [4,5), Membership Value =0.98075195,0.98075193
Windspeed (knots) [5,6), Membership Value =0.96501569,0.9650157
Windspeed (knots) [6,7), Membership Value =0.94321174,0.94321173
Windspeed (knots) [7,8), Membership Value =0.91253429,0.9125343
Windspeed (knots) [8,9), Membership Value =0.86896919,0.8689692
Windspeed (knots) [9,10), Membership Value =0.81232688,0.8123269
Windspeed (knots) [10,11), Membership Value =0.74433181,0.74433184
Windspeed (knots) [11,12), Membership Value =0.67016768,0.6701677
Windspeed (knots) [12,13), Membership Value =0.58838001,0.58838004
Windspeed (knots) [13,14), Membership Value =0.50484257,0.5048426
Windspeed (knots) [14,15), Membership Value =0.42222281,0.42222282
Windspeed (knots) [15,16), Membership Value =0.34158479,0.3415848
Windspeed (knots) [16,17), Membership Value =0.26171593,0.26171592
Windspeed (knots) [17,18), Membership Value =0.18446758,0.18446758
Windspeed (knots) [18,19), Membership Value =0.11059148,0.11059148
Windspeed (knots) [19,20), Membership Value =0.04170878,0.04170878
Windspeed (knots) [20,21), Membership Value =0.00000000,0.0
Windspeed (knots) [21,22), Membership Value =0.00000000,0.0
Windspeed (knots) [22,23), Membership Value =0.00000000,0.0
Windspeed (knots) [23,24), Membership Value =0.00000000,0.0
Windspeed (knots) [24,25), Membership Value =0.00000000,0.0
Windspeed (knots) [25,26), Membership Value =0.00000000,0.0
Windspeed (knots) [26,27), Membership Value =0.00000000,0.0
Windspeed (knots) [27,28), Membership Value =0.00000000,0.0
Windspeed (knots) [28,29), Membership Value =0.00000000,0.0
Windspeed (knots) [29,30), Membership Value =0.00000000,0.0
Windspeed (knots) [30,31), Membership Value =0.00000000,0.0
Windspeed (knots) [31,32), Membership Value =0.00000000,0.0
Windspeed (knots) [32,33), Membership Value =0.00000000,0.0
Windspeed (knots) [33,34), Membership Value =0.00000000,0.0
Windspeed (knots) [34,35), Membership Value =0.00000000,0.0
Windspeed (knots) [35,36), Membership Value =0.00000000,0.0
Windspeed (knots) [36,37), Membership Value =0.00000000,0.0
Windspeed (knots) [37,38), Membership Value =0.00000000,0.0
Windspeed (knots) [38,39), Membership Value =0.00000000,0.0
Windspeed (knots) [39,40), Membership Value =0.00000000,0.0
Windspeed (knots) [40,41), Membership Value =0.00000000,0.0
Windspeed (knots) [41,42), Membership Value =0.00000000,0.0
Windspeed (knots) [42,43), Membership Value =0.00000000,0.0
Windspeed (knots) [43,44), Membership Value =0.00000000,0.0
Windspeed (knots) [44,45), Membership Value =0.00000000,0.0
Windspeed (knots) [45,46), Membership Value =0.00000000,0.0
Windspeed (knots) [46,47), Membership Value =0.00000000,0.0
Windspeed (knots) [47,48), Membership Value =0.00000000,0.0
Windspeed (knots) [48,49), Membership Value =0.00000000,0.0
Windspeed (knots) [49,50), Membership Value =0.00000000,0.0
Windspeed (knots) [50,51), Membership Value =0.00000000,0.0
Windspeed (knots) [51,52), Membership Value =0.00000000,0.0
Windspeed (knots) [52,53), Membership Value =0.00000000,0.0
Windspeed (knots) [53,54), Membership Value =0.00000000,0.0
Windspeed (knots) [54,55), Membership Value =0.00000000,0.0
Windspeed (knots) [55,56), Membership Value =0.00000000,0.0
Windspeed (knots) [56,57), Membership Value =0.00000000,0.0
Windspeed (knots) [57,58), Membership Value =0.00000000,0.0
Windspeed (knots) [58,59), Membership Value =0.00000000,0.0
Windspeed (knots) [59,60), Membership Value =0.00000000,0.0
Windspeed (knots) [60,61), Membership Value =0.00000000,0.0
Windspeed (knots) [61,62), Membership Value =0.00000000,0.0
Windspeed (knots) [62,63), Membership Value =0.00000000,0.0
Windspeed (knots) [63,64), Membership Value =0.00000000,0.0
Windspeed (knots) [64,65), Membership Value =0.00000000,0.0
Windspeed (knots) [65,66), Membership Value =0.00000000,0.0
Windspeed (knots) [66,67), Membership Value =0.00000000,0.0
Windspeed (knots) [67,68), Membership Value =0.00000000,0.0
Windspeed (knots) [68,69), Membership Value =0.00000000,0.0
Windspeed (knots) [69,70), Membership Value =0.00000000,0.0
Windspeed (knots) [70,71), Membership Value =0.00000000,0.0
Windspeed (knots) [71,72), Membership Value =0.00000000,0.0
Windspeed (knots) [72,73), Membership Value =0.00000000,0.0
Windspeed (knots) [73,74), Membership Value =0.00000000,0.0
Windspeed (knots) [74,75), Membership Value =0.00000000,0.0
Windspeed (knots) [75,76), Membership Value =0.00000000,0.0
Windspeed (knots) [76,77), Membership Value =0.00000000,0.0
Windspeed (knots) [77,78), Membership Value =0.00000000,0.0
Windspeed (knots) [78,79), Membership Value =0.00000000,0.0
Windspeed (knots) [79,80), Membership Value =0.00000000,0.0
Windspeed (knots) [80,81), Membership Value =0.00000000,0.0
Windspeed (knots) [81,82), Membership Value =0.00000000,0.0
Windspeed (knots) [82,83), Membership Value =0.00000000,0.0
Windspeed (knots) [83,84), Membership Value =0.00000000,0.0
Windspeed (knots) [84,85), Membership Value =0.00000000,0.0
Windspeed (knots) [85,86), Membership Value =0.00000000,0.0
Windspeed (knots) [86,87), Membership Value =0.00000000,0.0
Windspeed (knots) [87,88), Membership Value =0.00000000,0.0
Windspeed (knots) [88,89), Membership Value =0.00000000,0.0
Windspeed (knots) [89,90), Membership Value =0.00000000,0.0
Windspeed (knots) [90,91), Membership Value =0.00000000,0.0
Windspeed (knots) [91,92), Membership Value =0.00000000,0.0
Windspeed (knots) [92,93), Membership Value =0.00000000,0.0
Windspeed (knots) [93,94), Membership Value =0.00000000,0.0
Windspeed (knots) [94,95), Membership Value =0.00000000,0.0
Windspeed (knots) [95,96), Membership Value =0.00000000,0.0
Windspeed (knots) [96,97), Membership Value =0.00000000,0.0
Windspeed (knots) [97,98), Membership Value =0.00000000,0.0
Windspeed (knots) [98,99), Membership Value =0.00000000,0.0
Windspeed (knots) [99,100), Membership Value =0.00000000,0.0
Windspeed (knots) [100,101), Membership Value =0.00000000,0.0
Windspeed (knots) [101,102), Membership Value =0.00000000,0.0
Windspeed (knots) [102,103), Membership Value =0.00000000,0.0
Windspeed (knots) [103,104), Membership Value =0.00000000,0.0
Windspeed (knots) [104,105), Membership Value =0.00000000,0.0
Windspeed (knots) [105,106), Membership Value =0.00000000,0.0
Windspeed (knots) [106,107), Membership Value =0.00000000,0.0
Windspeed (knots) [107,108), Membership Value =0.00000000,0.0
Windspeed (knots) [108,109), Membership Value =0.00000000,0.0
Windspeed (knots) [109,110), Membership Value =0.00000000,0.0
Windspeed (knots) [110,111), Membership Value =0.00000000,0.0
Windspeed (knots) [111,112), Membership Value =0.00000000,0.0
Windspeed (knots) [112,113), Membership Value =0.00000000,0.0
Windspeed (knots) [113,114), Membership Value =0.00000000,0.0
Windspeed (knots) [114,115), Membership Value =0.00000000,0.0
Windspeed (knots) [115,116), Membership Value =0.00000000,0.0
Windspeed (knots) [116,117), Membership Value =0.00000000,0.0
Windspeed (knots) [117,118), Membership Value =0.00000000,0.0
Windspeed (knots) [118,119), Membership Value =0.00000000,0.0
Windspeed (knots) [119,120), Membership Value =0.00000000,0.0
Windspeed (knots) [120,121), Membership Value =0.00000000,0.0
Windspeed (knots) [121,122), Membership Value =0.00000000,0.0
Windspeed (knots) [122,123), Membership Value =0.00000000,0.0
Windspeed (knots) [123,124), Membership Value =0.00000000,0.0
Windspeed (knots) [124,125), Membership Value =0.00000000,0.0
LowestWindspeedThatIsWindyKnots for station KSMX is 8 knots.
Transition limited :false
bUseWeatherPrediction: true
The running average is 1
The y-int is 8
Energy harvested: 9182946.674174475
iGeneratingEnergyWhenGridNeedsEnergyMinutes =1005025
iGeneratingEnergyWhenGridNeedsEnergyMinutes =1005025
iUsingEnergyWhenGridNeedsEnergyMinutes =80303
iGeneratingEnergyWhenGridHasExcessEnergyMinutes = 1997
iUsingEnergyWhenGridHasExcessEnergyMinutes = 64
iIdleWhenGridDoesNotNeedEnergyMinutes = 44019
iIdleWhenGridNeedsEnergyMinutes = 3603071
iEnergyPriceIsZeroMinutes = 240
harvester.getEnergyHarvestedAVAILABLEKilowattHours( ): 1.1707182983333332E7
harvester.getEnergyHarvestedKilowattHours(): 9182946.674174475
The y-int is 18
Energy harvested: 1372989.4166666667
iGeneratingEnergyWhenGridNeedsEnergyMinutes =39467
iGeneratingEnergyWhenGridNeedsEnergyMinutes =39467
iUsingEnergyWhenGridNeedsEnergyMinutes =1
iGeneratingEnergyWhenGridHasExcessEnergyMinutes = 290
iUsingEnergyWhenGridHasExcessEnergyMinutes = 0
iIdleWhenGridDoesNotNeedEnergyMinutes = 45790
iIdleWhenGridNeedsEnergyMinutes = 4648931
iEnergyPriceIsZeroMinutes = 240
harvester.getEnergyHarvestedAVAILABLEKilowattHours( ): 1.1707182983333332E7
harvester.getEnergyHarvestedKilowattHours(): 1372989.4166666667
The y-int is 28
Energy harvested: 1528.5833333333333
iGeneratingEnergyWhenGridNeedsEnergyMinutes =31
iGeneratingEnergyWhenGridNeedsEnergyMinutes =31
iUsingEnergyWhenGridNeedsEnergyMinutes =1
iGeneratingEnergyWhenGridHasExcessEnergyMinutes = 0
iUsingEnergyWhenGridHasExcessEnergyMinutes = 0
iIdleWhenGridDoesNotNeedEnergyMinutes = 46080
iIdleWhenGridNeedsEnergyMinutes = 4688367
iEnergyPriceIsZeroMinutes = 240
harvester.getEnergyHarvestedAVAILABLEKilowattHours( ): 1.1707182983333332E7
harvester.getEnergyHarvestedKilowattHours(): 1528.5833333333333
The y-int is 38
Energy harvested: 0.0
iGeneratingEnergyWhenGridNeedsEnergyMinutes =0
iGeneratingEnergyWhenGridNeedsEnergyMinutes =0
iUsingEnergyWhenGridNeedsEnergyMinutes =1
iGeneratingEnergyWhenGridHasExcessEnergyMinutes = 0
iUsingEnergyWhenGridHasExcessEnergyMinutes = 0
iIdleWhenGridDoesNotNeedEnergyMinutes = 46080
iIdleWhenGridNeedsEnergyMinutes = 4688398
iEnergyPriceIsZeroMinutes = 240
harvester.getEnergyHarvestedAVAILABLEKilowattHours( ): 1.1707182983333332E7
harvester.getEnergyHarvestedKilowattHours(): 0.0
The running average is 31
The y-int is 8
Energy harvested: 8988423.06500543
iGeneratingEnergyWhenGridNeedsEnergyMinutes =940299
iGeneratingEnergyWhenGridNeedsEnergyMinutes =940299
iUsingEnergyWhenGridNeedsEnergyMinutes =59348
iGeneratingEnergyWhenGridHasExcessEnergyMinutes = 1933
iUsingEnergyWhenGridHasExcessEnergyMinutes = 44
iIdleWhenGridDoesNotNeedEnergyMinutes = 44103
iIdleWhenGridNeedsEnergyMinutes = 3688752
iEnergyPriceIsZeroMinutes = 240
harvester.getEnergyHarvestedAVAILABLEKilowattHours( ): 1.1707182983333332E7
harvester.getEnergyHarvestedKilowattHours(): 8988423.06500543
The y-int is 18
Energy harvested: 1277635.0411111114
iGeneratingEnergyWhenGridNeedsEnergyMinutes =38136
iGeneratingEnergyWhenGridNeedsEnergyMinutes =38136
iUsingEnergyWhenGridNeedsEnergyMinutes =29
iGeneratingEnergyWhenGridHasExcessEnergyMinutes = 271
iUsingEnergyWhenGridHasExcessEnergyMinutes = 0
iIdleWhenGridDoesNotNeedEnergyMinutes = 45809
iIdleWhenGridNeedsEnergyMinutes = 4650234
iEnergyPriceIsZeroMinutes = 240
harvester.getEnergyHarvestedAVAILABLEKilowattHours( ): 1.1707182983333332E7
harvester.getEnergyHarvestedKilowattHours(): 1277635.0411111114
The y-int is 28
Energy harvested: 0.0
iGeneratingEnergyWhenGridNeedsEnergyMinutes =0
iGeneratingEnergyWhenGridNeedsEnergyMinutes =0
iUsingEnergyWhenGridNeedsEnergyMinutes =1
iGeneratingEnergyWhenGridHasExcessEnergyMinutes = 0
iUsingEnergyWhenGridHasExcessEnergyMinutes = 0
iIdleWhenGridDoesNotNeedEnergyMinutes = 46080
iIdleWhenGridNeedsEnergyMinutes = 4688398
iEnergyPriceIsZeroMinutes = 240
harvester.getEnergyHarvestedAVAILABLEKilowattHours( ): 1.1707182983333332E7
harvester.getEnergyHarvestedKilowattHours(): 0.0
The y-int is 38
Energy harvested: 0.0
iGeneratingEnergyWhenGridNeedsEnergyMinutes =0
iGeneratingEnergyWhenGridNeedsEnergyMinutes =0
iUsingEnergyWhenGridNeedsEnergyMinutes =0
iGeneratingEnergyWhenGridHasExcessEnergyMinutes = 0
iUsingEnergyWhenGridHasExcessEnergyMinutes = 0
iIdleWhenGridDoesNotNeedEnergyMinutes = 46080
iIdleWhenGridNeedsEnergyMinutes = 4688399
iEnergyPriceIsZeroMinutes = 240
harvester.getEnergyHarvestedAVAILABLEKilowattHours( ): 1.1707182983333332E7
harvester.getEnergyHarvestedKilowattHours(): 0.0
The running average is 61
The y-int is 8
Energy harvested: 8803390.772227118
iGeneratingEnergyWhenGridNeedsEnergyMinutes =889902
iGeneratingEnergyWhenGridNeedsEnergyMinutes =889902
iUsingEnergyWhenGridNeedsEnergyMinutes =54992
iGeneratingEnergyWhenGridHasExcessEnergyMinutes = 1911
iUsingEnergyWhenGridHasExcessEnergyMinutes = 42
iIdleWhenGridDoesNotNeedEnergyMinutes = 44127
iIdleWhenGridNeedsEnergyMinutes = 3743505
iEnergyPriceIsZeroMinutes = 240
harvester.getEnergyHarvestedAVAILABLEKilowattHours( ): 1.1707182983333332E7
harvester.getEnergyHarvestedKilowattHours(): 8803390.772227118
The y-int is 18
Energy harvested: 1127957.711388889
iGeneratingEnergyWhenGridNeedsEnergyMinutes =33739
iGeneratingEnergyWhenGridNeedsEnergyMinutes =33739
iUsingEnergyWhenGridNeedsEnergyMinutes =19
iGeneratingEnergyWhenGridHasExcessEnergyMinutes = 245
iUsingEnergyWhenGridHasExcessEnergyMinutes = 0
iIdleWhenGridDoesNotNeedEnergyMinutes = 45835
iIdleWhenGridNeedsEnergyMinutes = 4654641
iEnergyPriceIsZeroMinutes = 240
harvester.getEnergyHarvestedAVAILABLEKilowattHours( ): 1.1707182983333332E7
harvester.getEnergyHarvestedKilowattHours(): 1127957.711388889
The y-int is 28
Energy harvested: 0.0
iGeneratingEnergyWhenGridNeedsEnergyMinutes =0
iGeneratingEnergyWhenGridNeedsEnergyMinutes =0
iUsingEnergyWhenGridNeedsEnergyMinutes =1
iGeneratingEnergyWhenGridHasExcessEnergyMinutes = 0
iUsingEnergyWhenGridHasExcessEnergyMinutes = 0
iIdleWhenGridDoesNotNeedEnergyMinutes = 46080
iIdleWhenGridNeedsEnergyMinutes = 4688398
iEnergyPriceIsZeroMinutes = 240
harvester.getEnergyHarvestedAVAILABLEKilowattHours( ): 1.1707182983333332E7
harvester.getEnergyHarvestedKilowattHours(): 0.0
The y-int is 38
Energy harvested: 0.0
iGeneratingEnergyWhenGridNeedsEnergyMinutes =0
iGeneratingEnergyWhenGridNeedsEnergyMinutes =0
iUsingEnergyWhenGridNeedsEnergyMinutes =0
iGeneratingEnergyWhenGridHasExcessEnergyMinutes = 0
iUsingEnergyWhenGridHasExcessEnergyMinutes = 0
iIdleWhenGridDoesNotNeedEnergyMinutes = 46080
iIdleWhenGridNeedsEnergyMinutes = 4688399
iEnergyPriceIsZeroMinutes = 240
harvester.getEnergyHarvestedAVAILABLEKilowattHours( ): 1.1707182983333332E7
harvester.getEnergyHarvestedKilowattHours(): 0.0
The running average is 91
The y-int is 8
Energy harvested: 8608724.598337706
iGeneratingEnergyWhenGridNeedsEnergyMinutes =842302
iGeneratingEnergyWhenGridNeedsEnergyMinutes =842302
iUsingEnergyWhenGridNeedsEnergyMinutes =52447
iGeneratingEnergyWhenGridHasExcessEnergyMinutes = 1890
iUsingEnergyWhenGridHasExcessEnergyMinutes = 46
iIdleWhenGridDoesNotNeedEnergyMinutes = 44144
iIdleWhenGridNeedsEnergyMinutes = 3793650
iEnergyPriceIsZeroMinutes = 240
harvester.getEnergyHarvestedAVAILABLEKilowattHours( ): 1.1707182983333332E7
harvester.getEnergyHarvestedKilowattHours(): 8608724.598337706
The y-int is 18
Energy harvested: 1023795.1472222224
iGeneratingEnergyWhenGridNeedsEnergyMinutes =30920
iGeneratingEnergyWhenGridNeedsEnergyMinutes =30920
iUsingEnergyWhenGridNeedsEnergyMinutes =11
iGeneratingEnergyWhenGridHasExcessEnergyMinutes = 234
iUsingEnergyWhenGridHasExcessEnergyMinutes = 0
iIdleWhenGridDoesNotNeedEnergyMinutes = 45846
iIdleWhenGridNeedsEnergyMinutes = 4657468
iEnergyPriceIsZeroMinutes = 240
harvester.getEnergyHarvestedAVAILABLEKilowattHours( ): 1.1707182983333332E7
harvester.getEnergyHarvestedKilowattHours(): 1023795.1472222224
The y-int is 28
Energy harvested: 0.0
iGeneratingEnergyWhenGridNeedsEnergyMinutes =0
iGeneratingEnergyWhenGridNeedsEnergyMinutes =0
iUsingEnergyWhenGridNeedsEnergyMinutes =1
iGeneratingEnergyWhenGridHasExcessEnergyMinutes = 0
iUsingEnergyWhenGridHasExcessEnergyMinutes = 0
iIdleWhenGridDoesNotNeedEnergyMinutes = 46080
iIdleWhenGridNeedsEnergyMinutes = 4688398
iEnergyPriceIsZeroMinutes = 240
harvester.getEnergyHarvestedAVAILABLEKilowattHours( ): 1.1707182983333332E7
harvester.getEnergyHarvestedKilowattHours(): 0.0
The y-int is 38
Energy harvested: 0.0
iGeneratingEnergyWhenGridNeedsEnergyMinutes =0
iGeneratingEnergyWhenGridNeedsEnergyMinutes =0
iUsingEnergyWhenGridNeedsEnergyMinutes =0
iGeneratingEnergyWhenGridHasExcessEnergyMinutes = 0
iUsingEnergyWhenGridHasExcessEnergyMinutes = 0
iIdleWhenGridDoesNotNeedEnergyMinutes = 46080
iIdleWhenGridNeedsEnergyMinutes = 4688399
iEnergyPriceIsZeroMinutes = 240
harvester.getEnergyHarvestedAVAILABLEKilowattHours( ): 1.1707182983333332E7
harvester.getEnergyHarvestedKilowattHours(): 0.0
The running average is 121
The y-int is 8
Energy harvested: 8407344.00694787
iGeneratingEnergyWhenGridNeedsEnergyMinutes =796995
iGeneratingEnergyWhenGridNeedsEnergyMinutes =796995
iUsingEnergyWhenGridNeedsEnergyMinutes =50253
iGeneratingEnergyWhenGridHasExcessEnergyMinutes = 1873
iUsingEnergyWhenGridHasExcessEnergyMinutes = 26
iIdleWhenGridDoesNotNeedEnergyMinutes = 44181
iIdleWhenGridNeedsEnergyMinutes = 3841151
iEnergyPriceIsZeroMinutes = 240
harvester.getEnergyHarvestedAVAILABLEKilowattHours( ): 1.1707182983333332E7
harvester.getEnergyHarvestedKilowattHours(): 8407344.00694787
The y-int is 18
Energy harvested: 927424.9447222223
iGeneratingEnergyWhenGridNeedsEnergyMinutes =27978
iGeneratingEnergyWhenGridNeedsEnergyMinutes =27978
iUsingEnergyWhenGridNeedsEnergyMinutes =18
iGeneratingEnergyWhenGridHasExcessEnergyMinutes = 228
iUsingEnergyWhenGridHasExcessEnergyMinutes = 0
iIdleWhenGridDoesNotNeedEnergyMinutes = 45852
iIdleWhenGridNeedsEnergyMinutes = 4660403
iEnergyPriceIsZeroMinutes = 240
harvester.getEnergyHarvestedAVAILABLEKilowattHours( ): 1.1707182983333332E7
harvester.getEnergyHarvestedKilowattHours(): 927424.9447222223
The y-int is 28
Energy harvested: 0.0
iGeneratingEnergyWhenGridNeedsEnergyMinutes =0
iGeneratingEnergyWhenGridNeedsEnergyMinutes =0
iUsingEnergyWhenGridNeedsEnergyMinutes =1
iGeneratingEnergyWhenGridHasExcessEnergyMinutes = 0
iUsingEnergyWhenGridHasExcessEnergyMinutes = 0
iIdleWhenGridDoesNotNeedEnergyMinutes = 46080
iIdleWhenGridNeedsEnergyMinutes = 4688398
iEnergyPriceIsZeroMinutes = 240
harvester.getEnergyHarvestedAVAILABLEKilowattHours( ): 1.1707182983333332E7
harvester.getEnergyHarvestedKilowattHours(): 0.0
The y-int is 38
Energy harvested: 0.0
iGeneratingEnergyWhenGridNeedsEnergyMinutes =0
iGeneratingEnergyWhenGridNeedsEnergyMinutes =0
iUsingEnergyWhenGridNeedsEnergyMinutes =0
iGeneratingEnergyWhenGridHasExcessEnergyMinutes = 0
iUsingEnergyWhenGridHasExcessEnergyMinutes = 0
iIdleWhenGridDoesNotNeedEnergyMinutes = 46080
iIdleWhenGridNeedsEnergyMinutes = 4688399
iEnergyPriceIsZeroMinutes = 240
harvester.getEnergyHarvestedAVAILABLEKilowattHours( ): 1.1707182983333332E7
harvester.getEnergyHarvestedKilowattHours(): 0.0
Beginning testing mode:
station,&,y_intercept_for_month_1,&,running_average_size_minutes_for_month_1,&,y_intercept_for_month_2,&,running_average_size_minutes_for_month_2,&,y_intercept_for_month_3,&,running_average_size_minutes_for_month_3,&,y_intercept_for_month_4,&,running_average_size_minutes_for_month_4,&,y_intercept_for_month_5,&,running_average_size_minutes_for_month_5,&,y_intercept_for_month_6,&,running_average_size_minutes_for_month_6,&,y_intercept_for_month_7,&,running_average_size_minutes_for_month_7,&,y_intercept_for_month_8,&,running_average_size_minutes_for_month_8,&,y_intercept_for_month_9,&,running_average_size_minutes_for_month_9,&,y_intercept_for_month_10,&,running_average_size_minutes_for_month_10,&,y_intercept_for_month_11,&,running_average_size_minutes_for_month_11,&,y_intercept_for_month_12,&,running_average_size_minutes_for_month_12,&,dNetNorm,&,dMarketBalancePercentage,&,dMarketNetNorm,
results: KSMX,&,8,&,1,&,8,&,1,&,8,&,1,&,8,&,1,&,8,&,1,&,8,&,1,&,8,&,1,&,8,&,1,&,8,&,1,&,8,&,1,&,8,&,1,&,8,&,1,&,0.8174732740718875,&,0.9102909068224824,&,0.7441384879580422
monthly visible minutes:KSMX,&,2013,&,7217,&,9498,&,8229,&,13592,&,15539,&,13658,&,12430,&,12243,&,12613,&,10344,&,9099,&,6924,&,
monthly visible minutes:KSMX,&,2014,&,7593,&,10628,&,12093,&,11863,&,14622,&,13595,&,12756,&,12504,&,12496,&,12361,&,8467,&,10162,&,
monthly minutes harvester between states:KSMX,&,2013,&,1385,&,1582,&,1293,&,1655,&,1333,&,1675,&,1781,&,1462,&,1410,&,1602,&,1690,&,1195,&,
monthly minutes harvester between states:KSMX,&,2014,&,1298,&,1382,&,1510,&,1566,&,1200,&,1800,&,1636,&,1483,&,1648,&,1591,&,1503,&,1855,&,
station,&,y_intercept_for_month_1,&,running_average_size_minutes_for_month_1,&,y_intercept_for_month_2,&,running_average_size_minutes_for_month_2,&,y_intercept_for_month_3,&,running_average_size_minutes_for_month_3,&,y_intercept_for_month_4,&,running_average_size_minutes_for_month_4,&,y_intercept_for_month_5,&,running_average_size_minutes_for_month_5,&,y_intercept_for_month_6,&,running_average_size_minutes_for_month_6,&,y_intercept_for_month_7,&,running_average_size_minutes_for_month_7,&,y_intercept_for_month_8,&,running_average_size_minutes_for_month_8,&,y_intercept_for_month_9,&,running_average_size_minutes_for_month_9,&,y_intercept_for_month_10,&,running_average_size_minutes_for_month_10,&,y_intercept_for_month_11,&,running_average_size_minutes_for_month_11,&,y_intercept_for_month_12,&,running_average_size_minutes_for_month_12,&,dNetNorm,&,dMarketBalancePercentage,&,dMarketNetNorm,
results: KSMX,&,8,&,1,&,8,&,1,&,8,&,1,&,8,&,1,&,8,&,31,&,8,&,31,&,8,&,1,&,8,&,1,&,8,&,1,&,8,&,1,&,8,&,1,&,8,&,31,&,0.8176518084242435,&,0.9142216948956348,&,0.7475150221320928
monthly visible minutes:KSMX,&,2013,&,7217,&,9498,&,8229,&,13592,&,15539,&,13658,&,12430,&,12243,&,12613,&,10344,&,9099,&,6924,&,
monthly visible minutes:KSMX,&,2014,&,7593,&,10628,&,12093,&,11863,&,14622,&,13595,&,12756,&,12504,&,12496,&,12361,&,8467,&,10162,&,
monthly minutes harvester between states:KSMX,&,2013,&,1385,&,1582,&,1293,&,1655,&,1333,&,1675,&,1781,&,1462,&,1410,&,1602,&,1690,&,1195,&,
monthly minutes harvester between states:KSMX,&,2014,&,1298,&,1382,&,1510,&,1566,&,1200,&,1800,&,1636,&,1483,&,1648,&,1591,&,1503,&,1855,&,
Station: KSTL
abc: The current path is /home/guy/retractable-wind
I have found the property file.
The training windspeed filename is /trainingKSTL2004-2012in.csv
The testing windspeed filename is /testingKSTL2013-2014in.csv
Yes, the station is KSTL
Warning: The bAlsoUsePrediction no longer has any effect
iUsedAllItsAllocatedVisibilityMinutesPerMonth: 51234
Visibility Allocation Minutes:51234
HARVESTER_SIZE_SQM is 6362
Reading file
Success: /Wind turbine power curves - wind turbine power output against wind speed in knots.csv found.
Speed (Knots) = Speed(knots) vs power (kW) , Power (kW) =V90
Speed (Knots) = 0 , Power (kW) =0
Speed (Knots) = 1 , Power (kW) =0
Speed (Knots) = 2 , Power (kW) =0
Speed (Knots) = 3 , Power (kW) =0
Speed (Knots) = 4 , Power (kW) =0
Speed (Knots) = 5 , Power (kW) =0
Speed (Knots) = 6 , Power (kW) =0
Speed (Knots) = 7 , Power (kW) =38
Speed (Knots) = 8 , Power (kW) =87
Speed (Knots) = 9 , Power (kW) =141
Speed (Knots) = 10 , Power (kW) =207
Speed (Knots) = 11 , Power (kW) =286
Speed (Knots) = 12 , Power (kW) =382
Speed (Knots) = 13 , Power (kW) =496
Speed (Knots) = 14 , Power (kW) =628
Speed (Knots) = 15 , Power (kW) =781
Speed (Knots) = 16 , Power (kW) =957
Speed (Knots) = 17 , Power (kW) =1153
Speed (Knots) = 18 , Power (kW) =1366
Speed (Knots) = 19 , Power (kW) =1589
Speed (Knots) = 20 , Power (kW) =1814
Speed (Knots) = 21 , Power (kW) =2035
Speed (Knots) = 22 , Power (kW) =2250
Speed (Knots) = 23 , Power (kW) =2452
Speed (Knots) = 24 , Power (kW) =2634
Speed (Knots) = 25 , Power (kW) =2784
Speed (Knots) = 26 , Power (kW) =2888
Speed (Knots) = 27 , Power (kW) =2949
Speed (Knots) = 28 , Power (kW) =2980
Speed (Knots) = 29 , Power (kW) =2993
Speed (Knots) = 30 , Power (kW) =3000
Speed (Knots) = 31 , Power (kW) =3000
Speed (Knots) = 32 , Power (kW) =3000
Speed (Knots) = 33 , Power (kW) =3000
Speed (Knots) = 34 , Power (kW) =3000
Speed (Knots) = 35 , Power (kW) =3000
Speed (Knots) = 36 , Power (kW) =3000
Speed (Knots) = 37 , Power (kW) =3000
Speed (Knots) = 38 , Power (kW) =3000
Speed (Knots) = 39 , Power (kW) =3000
Speed (Knots) = 40 , Power (kW) =3000
Speed (Knots) = 41 , Power (kW) =3000
Speed (Knots) = 42 , Power (kW) =3000
Speed (Knots) = 43 , Power (kW) =3000
Speed (Knots) = 44 , Power (kW) =3000
Speed (Knots) = 45 , Power (kW) =3000
Speed (Knots) = 46 , Power (kW) =3000
Speed (Knots) = 47 , Power (kW) =3000
Speed (Knots) = 48 , Power (kW) =3000
Speed (Knots) = 49 , Power (kW) =0
Speed (Knots) = 50 , Power (kW) =0
Speed (Knots) = 51 , Power (kW) =0
Speed (Knots) = 52 , Power (kW) =0
Speed (Knots) = 53 , Power (kW) =0
Speed (Knots) = 54 , Power (kW) =0
Speed (Knots) = 55 , Power (kW) =0
Speed (Knots) = 56 , Power (kW) =0
Speed (Knots) = 57 , Power (kW) =0
Speed (Knots) = 58 , Power (kW) =0
Speed (Knots) = 59 , Power (kW) =0
Speed (Knots) = 60 , Power (kW) =0
The scale is 1.0
Wind power at 10 knots in kilowatts is 207.0
Wind power in-cut-out test 0.0
Aging
Class name:edu.pitt.cs.people.guy.wind.benchmarks.Aging
Success: /Noise_Allowed_Time_Definitions_All_Stations.csv found.
The station is the record is KSTL
Using sunset for all noise-allowed days
Using sunset for all noise-allowed days
Using sunset for all noise-allowed days
Reading sunset data for KSTL
Success: /STL_Sunset_Times.csv found.
Success: /Noise_Allowed_Time_Definitions_All_Stations.csv found.
The station is the record is KSTL
Using sunset for all noise-allowed days
Using sunset for all noise-allowed days
Using sunset for all noise-allowed days
Reading sunset data for KSTL
Success: /STL_Sunset_Times.csv found.
I have found the membership file for NOT WINDY.
Windspeed (knots) [0,1), Membership Value =1.00000000,1.0
Windspeed (knots) [1,2), Membership Value =0.99995164,0.99995166
Windspeed (knots) [2,3), Membership Value =0.99933553,0.9993355
Windspeed (knots) [3,4), Membership Value =0.99672278,0.99672276
Windspeed (knots) [4,5), Membership Value =0.98922296,0.98922294
Windspeed (knots) [5,6), Membership Value =0.97267884,0.97267884
Windspeed (knots) [6,7), Membership Value =0.94274286,0.9427429
Windspeed (knots) [7,8), Membership Value =0.89560317,0.8956032
Windspeed (knots) [8,9), Membership Value =0.83087053,0.8308705
Windspeed (knots) [9,10), Membership Value =0.74992761,0.7499276
Windspeed (knots) [10,11), Membership Value =0.65725868,0.6572587
Windspeed (knots) [11,12), Membership Value =0.55977955,0.5597795
Windspeed (knots) [12,13), Membership Value =0.46024850,0.4602485
Windspeed (knots) [13,14), Membership Value =0.36066227,0.36066228
Windspeed (knots) [14,15), Membership Value =0.26428382,0.2642838
Windspeed (knots) [15,16), Membership Value =0.17693071,0.17693071
Windspeed (knots) [16,17), Membership Value =0.09939847,0.09939847
Windspeed (knots) [17,18), Membership Value =0.03080972,0.03080972
Windspeed (knots) [18,19), Membership Value =0.00000000,0.0
Windspeed (knots) [19,20), Membership Value =0.00000000,0.0
Windspeed (knots) [20,21), Membership Value =0.00000000,0.0
Windspeed (knots) [21,22), Membership Value =0.00000000,0.0
Windspeed (knots) [22,23), Membership Value =0.00000000,0.0
Windspeed (knots) [23,24), Membership Value =0.00000000,0.0
Windspeed (knots) [24,25), Membership Value =0.00000000,0.0
Windspeed (knots) [25,26), Membership Value =0.00000000,0.0
Windspeed (knots) [26,27), Membership Value =0.00000000,0.0
Windspeed (knots) [27,28), Membership Value =0.00000000,0.0
Windspeed (knots) [28,29), Membership Value =0.00000000,0.0
Windspeed (knots) [29,30), Membership Value =0.00000000,0.0
Windspeed (knots) [30,31), Membership Value =0.00000000,0.0
Windspeed (knots) [31,32), Membership Value =0.00000000,0.0
Windspeed (knots) [32,33), Membership Value =0.00000000,0.0
Windspeed (knots) [33,34), Membership Value =0.00000000,0.0
Windspeed (knots) [34,35), Membership Value =0.00000000,0.0
Windspeed (knots) [35,36), Membership Value =0.00000000,0.0
Windspeed (knots) [36,37), Membership Value =0.00000000,0.0
Windspeed (knots) [37,38), Membership Value =0.00000000,0.0
Windspeed (knots) [38,39), Membership Value =0.00000000,0.0
Windspeed (knots) [39,40), Membership Value =0.00000000,0.0
Windspeed (knots) [40,41), Membership Value =0.00000000,0.0
Windspeed (knots) [41,42), Membership Value =0.00000000,0.0
Windspeed (knots) [42,43), Membership Value =0.00000000,0.0
Windspeed (knots) [43,44), Membership Value =0.00000000,0.0
Windspeed (knots) [44,45), Membership Value =0.00000000,0.0
Windspeed (knots) [45,46), Membership Value =0.00000000,0.0
Windspeed (knots) [46,47), Membership Value =0.00000000,0.0
Windspeed (knots) [47,48), Membership Value =0.00000000,0.0
Windspeed (knots) [48,49), Membership Value =0.00000000,0.0
Windspeed (knots) [49,50), Membership Value =0.00000000,0.0
Windspeed (knots) [50,51), Membership Value =0.00000000,0.0
Windspeed (knots) [51,52), Membership Value =0.00000000,0.0
Windspeed (knots) [52,53), Membership Value =0.00000000,0.0
Windspeed (knots) [53,54), Membership Value =0.00000000,0.0
Windspeed (knots) [54,55), Membership Value =0.00000000,0.0
Windspeed (knots) [55,56), Membership Value =0.00000000,0.0
Windspeed (knots) [56,57), Membership Value =0.00000000,0.0
Windspeed (knots) [57,58), Membership Value =0.00000000,0.0
Windspeed (knots) [58,59), Membership Value =0.00000000,0.0
Windspeed (knots) [59,60), Membership Value =0.00000000,0.0
Windspeed (knots) [60,61), Membership Value =0.00000000,0.0
Windspeed (knots) [61,62), Membership Value =0.00000000,0.0
Windspeed (knots) [62,63), Membership Value =0.00000000,0.0
Windspeed (knots) [63,64), Membership Value =0.00000000,0.0
Windspeed (knots) [64,65), Membership Value =0.00000000,0.0
Windspeed (knots) [65,66), Membership Value =0.00000000,0.0
Windspeed (knots) [66,67), Membership Value =0.00000000,0.0
Windspeed (knots) [67,68), Membership Value =0.00000000,0.0
Windspeed (knots) [68,69), Membership Value =0.00000000,0.0
Windspeed (knots) [69,70), Membership Value =0.00000000,0.0
Windspeed (knots) [70,71), Membership Value =0.00000000,0.0
Windspeed (knots) [71,72), Membership Value =0.00000000,0.0
Windspeed (knots) [72,73), Membership Value =0.00000000,0.0
Windspeed (knots) [73,74), Membership Value =0.00000000,0.0
Windspeed (knots) [74,75), Membership Value =0.00000000,0.0
Windspeed (knots) [75,76), Membership Value =0.00000000,0.0
Windspeed (knots) [76,77), Membership Value =0.00000000,0.0
Windspeed (knots) [77,78), Membership Value =0.00000000,0.0
Windspeed (knots) [78,79), Membership Value =0.00000000,0.0
Windspeed (knots) [79,80), Membership Value =0.00000000,0.0
Windspeed (knots) [80,81), Membership Value =0.00000000,0.0
Windspeed (knots) [81,82), Membership Value =0.00000000,0.0
Windspeed (knots) [82,83), Membership Value =0.00000000,0.0
Windspeed (knots) [83,84), Membership Value =0.00000000,0.0
Windspeed (knots) [84,85), Membership Value =0.00000000,0.0
Windspeed (knots) [85,86), Membership Value =0.00000000,0.0
Windspeed (knots) [86,87), Membership Value =0.00000000,0.0
Windspeed (knots) [87,88), Membership Value =0.00000000,0.0
Windspeed (knots) [88,89), Membership Value =0.00000000,0.0
Windspeed (knots) [89,90), Membership Value =0.00000000,0.0
Windspeed (knots) [90,91), Membership Value =0.00000000,0.0
Windspeed (knots) [91,92), Membership Value =0.00000000,0.0
Windspeed (knots) [92,93), Membership Value =0.00000000,0.0
Windspeed (knots) [93,94), Membership Value =0.00000000,0.0
Windspeed (knots) [94,95), Membership Value =0.00000000,0.0
Windspeed (knots) [95,96), Membership Value =0.00000000,0.0
Windspeed (knots) [96,97), Membership Value =0.00000000,0.0
Windspeed (knots) [97,98), Membership Value =0.00000000,0.0
Windspeed (knots) [98,99), Membership Value =0.00000000,0.0
Windspeed (knots) [99,100), Membership Value =0.00000000,0.0
Windspeed (knots) [100,101), Membership Value =0.00000000,0.0
Windspeed (knots) [101,102), Membership Value =0.00000000,0.0
Windspeed (knots) [102,103), Membership Value =0.00000000,0.0
Windspeed (knots) [103,104), Membership Value =0.00000000,0.0
Windspeed (knots) [104,105), Membership Value =0.00000000,0.0
Windspeed (knots) [105,106), Membership Value =0.00000000,0.0
Windspeed (knots) [106,107), Membership Value =0.00000000,0.0
Windspeed (knots) [107,108), Membership Value =0.00000000,0.0
Windspeed (knots) [108,109), Membership Value =0.00000000,0.0
Windspeed (knots) [109,110), Membership Value =0.00000000,0.0
Windspeed (knots) [110,111), Membership Value =0.00000000,0.0
Windspeed (knots) [111,112), Membership Value =0.00000000,0.0
Windspeed (knots) [112,113), Membership Value =0.00000000,0.0
Windspeed (knots) [113,114), Membership Value =0.00000000,0.0
Windspeed (knots) [114,115), Membership Value =0.00000000,0.0
Windspeed (knots) [115,116), Membership Value =0.00000000,0.0
Windspeed (knots) [116,117), Membership Value =0.00000000,0.0
Windspeed (knots) [117,118), Membership Value =0.00000000,0.0
Windspeed (knots) [118,119), Membership Value =0.00000000,0.0
Windspeed (knots) [119,120), Membership Value =0.00000000,0.0
Windspeed (knots) [120,121), Membership Value =0.00000000,0.0
Windspeed (knots) [121,122), Membership Value =0.00000000,0.0
Windspeed (knots) [122,123), Membership Value =0.00000000,0.0
Windspeed (knots) [123,124), Membership Value =0.00000000,0.0
Windspeed (knots) [124,125), Membership Value =0.00000000,0.0
LowestWindspeedThatIsWindyKnots for station KSTL is 7 knots.
Transition limited :false
bUseWeatherPrediction: true
The running average is 1
The y-int is 7
Energy harvested: 7487576.070283695
iGeneratingEnergyWhenGridNeedsEnergyMinutes =1179033
iGeneratingEnergyWhenGridNeedsEnergyMinutes =1179033
iUsingEnergyWhenGridNeedsEnergyMinutes =100939
iGeneratingEnergyWhenGridHasExcessEnergyMinutes = 2517
iUsingEnergyWhenGridHasExcessEnergyMinutes = 310
iIdleWhenGridDoesNotNeedEnergyMinutes = 43253
iIdleWhenGridNeedsEnergyMinutes = 3408427
iEnergyPriceIsZeroMinutes = 240
harvester.getEnergyHarvestedAVAILABLEKilowattHours( ): 1.4201779516666668E7
harvester.getEnergyHarvestedKilowattHours(): 7487576.070283695
The y-int is 17
Energy harvested: 742906.3150000029
iGeneratingEnergyWhenGridNeedsEnergyMinutes =24776
iGeneratingEnergyWhenGridNeedsEnergyMinutes =24776
iUsingEnergyWhenGridNeedsEnergyMinutes =461
iGeneratingEnergyWhenGridHasExcessEnergyMinutes = 60
iUsingEnergyWhenGridHasExcessEnergyMinutes = 0
iIdleWhenGridDoesNotNeedEnergyMinutes = 46020
iIdleWhenGridNeedsEnergyMinutes = 4663162
iEnergyPriceIsZeroMinutes = 240
harvester.getEnergyHarvestedAVAILABLEKilowattHours( ): 1.4201779516666668E7
harvester.getEnergyHarvestedKilowattHours(): 742906.3150000029
The y-int is 27
Energy harvested: 13887.9
iGeneratingEnergyWhenGridNeedsEnergyMinutes =281
iGeneratingEnergyWhenGridNeedsEnergyMinutes =281
iUsingEnergyWhenGridNeedsEnergyMinutes =1
iGeneratingEnergyWhenGridHasExcessEnergyMinutes = 0
iUsingEnergyWhenGridHasExcessEnergyMinutes = 0
iIdleWhenGridDoesNotNeedEnergyMinutes = 46080
iIdleWhenGridNeedsEnergyMinutes = 4688117
iEnergyPriceIsZeroMinutes = 240
harvester.getEnergyHarvestedAVAILABLEKilowattHours( ): 1.4201779516666668E7
harvester.getEnergyHarvestedKilowattHours(): 13887.9
The y-int is 37
Energy harvested: 0.0
iGeneratingEnergyWhenGridNeedsEnergyMinutes =0
iGeneratingEnergyWhenGridNeedsEnergyMinutes =0
iUsingEnergyWhenGridNeedsEnergyMinutes =1
iGeneratingEnergyWhenGridHasExcessEnergyMinutes = 0
iUsingEnergyWhenGridHasExcessEnergyMinutes = 0
iIdleWhenGridDoesNotNeedEnergyMinutes = 46080
iIdleWhenGridNeedsEnergyMinutes = 4688398
iEnergyPriceIsZeroMinutes = 240
harvester.getEnergyHarvestedAVAILABLEKilowattHours( ): 1.4201779516666668E7
harvester.getEnergyHarvestedKilowattHours(): 0.0
The running average is 31
The y-int is 7
Energy harvested: 7442742.800558526
iGeneratingEnergyWhenGridNeedsEnergyMinutes =1153031
iGeneratingEnergyWhenGridNeedsEnergyMinutes =1153031
iUsingEnergyWhenGridNeedsEnergyMinutes =54079
iGeneratingEnergyWhenGridHasExcessEnergyMinutes = 2547
iUsingEnergyWhenGridHasExcessEnergyMinutes = 201
iIdleWhenGridDoesNotNeedEnergyMinutes = 43332
iIdleWhenGridNeedsEnergyMinutes = 3481289
iEnergyPriceIsZeroMinutes = 240
harvester.getEnergyHarvestedAVAILABLEKilowattHours( ): 1.4201779516666668E7
harvester.getEnergyHarvestedKilowattHours(): 7442742.800558526
The y-int is 17
Energy harvested: 809293.1363888909
iGeneratingEnergyWhenGridNeedsEnergyMinutes =29967
iGeneratingEnergyWhenGridNeedsEnergyMinutes =29967
iUsingEnergyWhenGridNeedsEnergyMinutes =271
iGeneratingEnergyWhenGridHasExcessEnergyMinutes = 60
iUsingEnergyWhenGridHasExcessEnergyMinutes = 0
iIdleWhenGridDoesNotNeedEnergyMinutes = 46020
iIdleWhenGridNeedsEnergyMinutes = 4658161
iEnergyPriceIsZeroMinutes = 240
harvester.getEnergyHarvestedAVAILABLEKilowattHours( ): 1.4201779516666668E7
harvester.getEnergyHarvestedKilowattHours(): 809293.1363888909
The y-int is 27
Energy harvested: 19180.883333333335
iGeneratingEnergyWhenGridNeedsEnergyMinutes =400
iGeneratingEnergyWhenGridNeedsEnergyMinutes =400
iUsingEnergyWhenGridNeedsEnergyMinutes =1
iGeneratingEnergyWhenGridHasExcessEnergyMinutes = 0
iUsingEnergyWhenGridHasExcessEnergyMinutes = 0
iIdleWhenGridDoesNotNeedEnergyMinutes = 46080
iIdleWhenGridNeedsEnergyMinutes = 4687998
iEnergyPriceIsZeroMinutes = 240
harvester.getEnergyHarvestedAVAILABLEKilowattHours( ): 1.4201779516666668E7
harvester.getEnergyHarvestedKilowattHours(): 19180.883333333335
The y-int is 37
Energy harvested: 0.0
iGeneratingEnergyWhenGridNeedsEnergyMinutes =0
iGeneratingEnergyWhenGridNeedsEnergyMinutes =0
iUsingEnergyWhenGridNeedsEnergyMinutes =1
iGeneratingEnergyWhenGridHasExcessEnergyMinutes = 0
iUsingEnergyWhenGridHasExcessEnergyMinutes = 0
iIdleWhenGridDoesNotNeedEnergyMinutes = 46080
iIdleWhenGridNeedsEnergyMinutes = 4688398
iEnergyPriceIsZeroMinutes = 240
harvester.getEnergyHarvestedAVAILABLEKilowattHours( ): 1.4201779516666668E7
harvester.getEnergyHarvestedKilowattHours(): 0.0
The running average is 61
The y-int is 7
Energy harvested: 7389974.621946969
iGeneratingEnergyWhenGridNeedsEnergyMinutes =1125837
iGeneratingEnergyWhenGridNeedsEnergyMinutes =1125837
iUsingEnergyWhenGridNeedsEnergyMinutes =48732
iGeneratingEnergyWhenGridHasExcessEnergyMinutes = 2533
iUsingEnergyWhenGridHasExcessEnergyMinutes = 201
iIdleWhenGridDoesNotNeedEnergyMinutes = 43346
iIdleWhenGridNeedsEnergyMinutes = 3513830
iEnergyPriceIsZeroMinutes = 240
harvester.getEnergyHarvestedAVAILABLEKilowattHours( ): 1.4201779516666668E7
harvester.getEnergyHarvestedKilowattHours(): 7389974.621946969
The y-int is 17
Energy harvested: 736546.5113888889
iGeneratingEnergyWhenGridNeedsEnergyMinutes =27575
iGeneratingEnergyWhenGridNeedsEnergyMinutes =27575
iUsingEnergyWhenGridNeedsEnergyMinutes =127
iGeneratingEnergyWhenGridHasExcessEnergyMinutes = 60
iUsingEnergyWhenGridHasExcessEnergyMinutes = 0
iIdleWhenGridDoesNotNeedEnergyMinutes = 46020
iIdleWhenGridNeedsEnergyMinutes = 4660697
iEnergyPriceIsZeroMinutes = 240
harvester.getEnergyHarvestedAVAILABLEKilowattHours( ): 1.4201779516666668E7
harvester.getEnergyHarvestedKilowattHours(): 736546.5113888889
The y-int is 27
Energy harvested: 16763.35
iGeneratingEnergyWhenGridNeedsEnergyMinutes =354
iGeneratingEnergyWhenGridNeedsEnergyMinutes =354
iUsingEnergyWhenGridNeedsEnergyMinutes =1
iGeneratingEnergyWhenGridHasExcessEnergyMinutes = 0
iUsingEnergyWhenGridHasExcessEnergyMinutes = 0
iIdleWhenGridDoesNotNeedEnergyMinutes = 46080
iIdleWhenGridNeedsEnergyMinutes = 4688044
iEnergyPriceIsZeroMinutes = 240
harvester.getEnergyHarvestedAVAILABLEKilowattHours( ): 1.4201779516666668E7
harvester.getEnergyHarvestedKilowattHours(): 16763.35
The y-int is 37
Energy harvested: 0.0
iGeneratingEnergyWhenGridNeedsEnergyMinutes =0
iGeneratingEnergyWhenGridNeedsEnergyMinutes =0
iUsingEnergyWhenGridNeedsEnergyMinutes =1
iGeneratingEnergyWhenGridHasExcessEnergyMinutes = 0
iUsingEnergyWhenGridHasExcessEnergyMinutes = 0
iIdleWhenGridDoesNotNeedEnergyMinutes = 46080
iIdleWhenGridNeedsEnergyMinutes = 4688398
iEnergyPriceIsZeroMinutes = 240
harvester.getEnergyHarvestedAVAILABLEKilowattHours( ): 1.4201779516666668E7
harvester.getEnergyHarvestedKilowattHours(): 0.0
The running average is 91
The y-int is 7
Energy harvested: 7337456.538335645
iGeneratingEnergyWhenGridNeedsEnergyMinutes =1102566
iGeneratingEnergyWhenGridNeedsEnergyMinutes =1102566
iUsingEnergyWhenGridNeedsEnergyMinutes =46284
iGeneratingEnergyWhenGridHasExcessEnergyMinutes = 2524
iUsingEnergyWhenGridHasExcessEnergyMinutes = 182
iIdleWhenGridDoesNotNeedEnergyMinutes = 43374
iIdleWhenGridNeedsEnergyMinutes = 3539549
iEnergyPriceIsZeroMinutes = 240
harvester.getEnergyHarvestedAVAILABLEKilowattHours( ): 1.4201779516666668E7
harvester.getEnergyHarvestedKilowattHours(): 7337456.538335645
The y-int is 17
Energy harvested: 647692.5005555557
iGeneratingEnergyWhenGridNeedsEnergyMinutes =23829
iGeneratingEnergyWhenGridNeedsEnergyMinutes =23829
iUsingEnergyWhenGridNeedsEnergyMinutes =51
iGeneratingEnergyWhenGridHasExcessEnergyMinutes = 60
iUsingEnergyWhenGridHasExcessEnergyMinutes = 0
iIdleWhenGridDoesNotNeedEnergyMinutes = 46020
iIdleWhenGridNeedsEnergyMinutes = 4664519
iEnergyPriceIsZeroMinutes = 240
harvester.getEnergyHarvestedAVAILABLEKilowattHours( ): 1.4201779516666668E7
harvester.getEnergyHarvestedKilowattHours(): 647692.5005555557
The y-int is 27
Energy harvested: 14932.75
iGeneratingEnergyWhenGridNeedsEnergyMinutes =321
iGeneratingEnergyWhenGridNeedsEnergyMinutes =321
iUsingEnergyWhenGridNeedsEnergyMinutes =1
iGeneratingEnergyWhenGridHasExcessEnergyMinutes = 0
iUsingEnergyWhenGridHasExcessEnergyMinutes = 0
iIdleWhenGridDoesNotNeedEnergyMinutes = 46080
iIdleWhenGridNeedsEnergyMinutes = 4688077
iEnergyPriceIsZeroMinutes = 240
harvester.getEnergyHarvestedAVAILABLEKilowattHours( ): 1.4201779516666668E7
harvester.getEnergyHarvestedKilowattHours(): 14932.75
The y-int is 37
Energy harvested: 0.0
iGeneratingEnergyWhenGridNeedsEnergyMinutes =0
iGeneratingEnergyWhenGridNeedsEnergyMinutes =0
iUsingEnergyWhenGridNeedsEnergyMinutes =1
iGeneratingEnergyWhenGridHasExcessEnergyMinutes = 0
iUsingEnergyWhenGridHasExcessEnergyMinutes = 0
iIdleWhenGridDoesNotNeedEnergyMinutes = 46080
iIdleWhenGridNeedsEnergyMinutes = 4688398
iEnergyPriceIsZeroMinutes = 240
harvester.getEnergyHarvestedAVAILABLEKilowattHours( ): 1.4201779516666668E7
harvester.getEnergyHarvestedKilowattHours(): 0.0
The running average is 121
The y-int is 7
Energy harvested: 7282281.543335501
iGeneratingEnergyWhenGridNeedsEnergyMinutes =1080234
iGeneratingEnergyWhenGridNeedsEnergyMinutes =1080234
iUsingEnergyWhenGridNeedsEnergyMinutes =44894
iGeneratingEnergyWhenGridHasExcessEnergyMinutes = 2504
iUsingEnergyWhenGridHasExcessEnergyMinutes = 182
iIdleWhenGridDoesNotNeedEnergyMinutes = 43394
iIdleWhenGridNeedsEnergyMinutes = 3563271
iEnergyPriceIsZeroMinutes = 240
harvester.getEnergyHarvestedAVAILABLEKilowattHours( ): 1.4201779516666668E7
harvester.getEnergyHarvestedKilowattHours(): 7282281.543335501
The y-int is 17
Energy harvested: 578691.3850000004
iGeneratingEnergyWhenGridNeedsEnergyMinutes =20959
iGeneratingEnergyWhenGridNeedsEnergyMinutes =20959
iUsingEnergyWhenGridNeedsEnergyMinutes =49
iGeneratingEnergyWhenGridHasExcessEnergyMinutes = 60
iUsingEnergyWhenGridHasExcessEnergyMinutes = 0
iIdleWhenGridDoesNotNeedEnergyMinutes = 46020
iIdleWhenGridNeedsEnergyMinutes = 4667391
iEnergyPriceIsZeroMinutes = 240
harvester.getEnergyHarvestedAVAILABLEKilowattHours( ): 1.4201779516666668E7
harvester.getEnergyHarvestedKilowattHours(): 578691.3850000004
The y-int is 27
Energy harvested: 12469.05
iGeneratingEnergyWhenGridNeedsEnergyMinutes =274
iGeneratingEnergyWhenGridNeedsEnergyMinutes =274
iUsingEnergyWhenGridNeedsEnergyMinutes =1
iGeneratingEnergyWhenGridHasExcessEnergyMinutes = 0
iUsingEnergyWhenGridHasExcessEnergyMinutes = 0
iIdleWhenGridDoesNotNeedEnergyMinutes = 46080
iIdleWhenGridNeedsEnergyMinutes = 4688124
iEnergyPriceIsZeroMinutes = 240
harvester.getEnergyHarvestedAVAILABLEKilowattHours( ): 1.4201779516666668E7
harvester.getEnergyHarvestedKilowattHours(): 12469.05
The y-int is 37
Energy harvested: 0.0
iGeneratingEnergyWhenGridNeedsEnergyMinutes =0
iGeneratingEnergyWhenGridNeedsEnergyMinutes =0
iUsingEnergyWhenGridNeedsEnergyMinutes =1
iGeneratingEnergyWhenGridHasExcessEnergyMinutes = 0
iUsingEnergyWhenGridHasExcessEnergyMinutes = 0
iIdleWhenGridDoesNotNeedEnergyMinutes = 46080
iIdleWhenGridNeedsEnergyMinutes = 4688398
iEnergyPriceIsZeroMinutes = 240
harvester.getEnergyHarvestedAVAILABLEKilowattHours( ): 1.4201779516666668E7
harvester.getEnergyHarvestedKilowattHours(): 0.0
Beginning testing mode:
station,&,y_intercept_for_month_1,&,running_average_size_minutes_for_month_1,&,y_intercept_for_month_2,&,running_average_size_minutes_for_month_2,&,y_intercept_for_month_3,&,running_average_size_minutes_for_month_3,&,y_intercept_for_month_4,&,running_average_size_minutes_for_month_4,&,y_intercept_for_month_5,&,running_average_size_minutes_for_month_5,&,y_intercept_for_month_6,&,running_average_size_minutes_for_month_6,&,y_intercept_for_month_7,&,running_average_size_minutes_for_month_7,&,y_intercept_for_month_8,&,running_average_size_minutes_for_month_8,&,y_intercept_for_month_9,&,running_average_size_minutes_for_month_9,&,y_intercept_for_month_10,&,running_average_size_minutes_for_month_10,&,y_intercept_for_month_11,&,running_average_size_minutes_for_month_11,&,y_intercept_for_month_12,&,running_average_size_minutes_for_month_12,&,dNetNorm,&,dMarketBalancePercentage,&,dMarketNetNorm,
results: KSTL,&,7,&,1,&,7,&,1,&,7,&,1,&,7,&,1,&,7,&,1,&,7,&,1,&,7,&,1,&,7,&,1,&,7,&,1,&,7,&,1,&,7,&,1,&,7,&,1,&,0.5350715211971817,&,0.9021142389907721,&,0.4826956381504304
monthly visible minutes:KSTL,&,2013,&,12801,&,13866,&,16335,&,15635,&,17619,&,16101,&,15052,&,14269,&,11845,&,13398,&,14308,&,11819,&,
monthly visible minutes:KSTL,&,2014,&,15476,&,11328,&,15138,&,16400,&,16249,&,16067,&,16693,&,11927,&,12104,&,14030,&,14358,&,10104,&,
monthly minutes harvester between states:KSTL,&,2013,&,1214,&,1350,&,1533,&,2092,&,2173,&,2184,&,2631,&,3299,&,1935,&,1563,&,1204,&,1262,&,
monthly minutes harvester between states:KSTL,&,2014,&,1306,&,1599,&,1576,&,2110,&,2269,&,2280,&,3567,&,2716,&,1764,&,1590,&,1406,&,1267,&,
station,&,y_intercept_for_month_1,&,running_average_size_minutes_for_month_1,&,y_intercept_for_month_2,&,running_average_size_minutes_for_month_2,&,y_intercept_for_month_3,&,running_average_size_minutes_for_month_3,&,y_intercept_for_month_4,&,running_average_size_minutes_for_month_4,&,y_intercept_for_month_5,&,running_average_size_minutes_for_month_5,&,y_intercept_for_month_6,&,running_average_size_minutes_for_month_6,&,y_intercept_for_month_7,&,running_average_size_minutes_for_month_7,&,y_intercept_for_month_8,&,running_average_size_minutes_for_month_8,&,y_intercept_for_month_9,&,running_average_size_minutes_for_month_9,&,y_intercept_for_month_10,&,running_average_size_minutes_for_month_10,&,y_intercept_for_month_11,&,running_average_size_minutes_for_month_11,&,y_intercept_for_month_12,&,running_average_size_minutes_for_month_12,&,dNetNorm,&,dMarketBalancePercentage,&,dMarketNetNorm,
results: KSTL,&,7,&,31,&,7,&,31,&,7,&,31,&,7,&,61,&,7,&,61,&,7,&,31,&,7,&,61,&,7,&,31,&,7,&,31,&,7,&,31,&,7,&,61,&,7,&,61,&,0.5295685157641509,&,0.9373049721143503,&,0.4963672029009553
monthly visible minutes:KSTL,&,2013,&,12801,&,13866,&,16335,&,15635,&,17619,&,16101,&,15052,&,14269,&,11845,&,13398,&,14308,&,11819,&,
monthly visible minutes:KSTL,&,2014,&,15476,&,11328,&,15138,&,16400,&,16249,&,16067,&,16693,&,11927,&,12104,&,14030,&,14358,&,10104,&,
monthly minutes harvester between states:KSTL,&,2013,&,1214,&,1350,&,1533,&,2092,&,2173,&,2184,&,2631,&,3299,&,1935,&,1563,&,1204,&,1262,&,
monthly minutes harvester between states:KSTL,&,2014,&,1306,&,1599,&,1576,&,2110,&,2269,&,2280,&,3567,&,2716,&,1764,&,1590,&,1406,&,1267,&,
Station: KTPA
abc: The current path is /home/guy/retractable-wind
I have found the property file.
The training windspeed filename is /trainingKTPA2004-2012in.csv
The testing windspeed filename is /testingKTPA2013-2014in.csv
Yes, the station is KTPA
Warning: The bAlsoUsePrediction no longer has any effect
iUsedAllItsAllocatedVisibilityMinutesPerMonth: 51234
Visibility Allocation Minutes:51234
HARVESTER_SIZE_SQM is 6362
Reading file
Success: /Wind turbine power curves - wind turbine power output against wind speed in knots.csv found.
Speed (Knots) = Speed(knots) vs power (kW) , Power (kW) =V90
Speed (Knots) = 0 , Power (kW) =0
Speed (Knots) = 1 , Power (kW) =0
Speed (Knots) = 2 , Power (kW) =0
Speed (Knots) = 3 , Power (kW) =0
Speed (Knots) = 4 , Power (kW) =0
Speed (Knots) = 5 , Power (kW) =0
Speed (Knots) = 6 , Power (kW) =0
Speed (Knots) = 7 , Power (kW) =38
Speed (Knots) = 8 , Power (kW) =87
Speed (Knots) = 9 , Power (kW) =141
Speed (Knots) = 10 , Power (kW) =207
Speed (Knots) = 11 , Power (kW) =286
Speed (Knots) = 12 , Power (kW) =382
Speed (Knots) = 13 , Power (kW) =496
Speed (Knots) = 14 , Power (kW) =628
Speed (Knots) = 15 , Power (kW) =781
Speed (Knots) = 16 , Power (kW) =957
Speed (Knots) = 17 , Power (kW) =1153
Speed (Knots) = 18 , Power (kW) =1366
Speed (Knots) = 19 , Power (kW) =1589
Speed (Knots) = 20 , Power (kW) =1814
Speed (Knots) = 21 , Power (kW) =2035
Speed (Knots) = 22 , Power (kW) =2250
Speed (Knots) = 23 , Power (kW) =2452
Speed (Knots) = 24 , Power (kW) =2634
Speed (Knots) = 25 , Power (kW) =2784
Speed (Knots) = 26 , Power (kW) =2888
Speed (Knots) = 27 , Power (kW) =2949
Speed (Knots) = 28 , Power (kW) =2980
Speed (Knots) = 29 , Power (kW) =2993
Speed (Knots) = 30 , Power (kW) =3000
Speed (Knots) = 31 , Power (kW) =3000
Speed (Knots) = 32 , Power (kW) =3000
Speed (Knots) = 33 , Power (kW) =3000
Speed (Knots) = 34 , Power (kW) =3000
Speed (Knots) = 35 , Power (kW) =3000
Speed (Knots) = 36 , Power (kW) =3000
Speed (Knots) = 37 , Power (kW) =3000
Speed (Knots) = 38 , Power (kW) =3000
Speed (Knots) = 39 , Power (kW) =3000
Speed (Knots) = 40 , Power (kW) =3000
Speed (Knots) = 41 , Power (kW) =3000
Speed (Knots) = 42 , Power (kW) =3000
Speed (Knots) = 43 , Power (kW) =3000
Speed (Knots) = 44 , Power (kW) =3000
Speed (Knots) = 45 , Power (kW) =3000
Speed (Knots) = 46 , Power (kW) =3000
Speed (Knots) = 47 , Power (kW) =3000
Speed (Knots) = 48 , Power (kW) =3000
Speed (Knots) = 49 , Power (kW) =0
Speed (Knots) = 50 , Power (kW) =0
Speed (Knots) = 51 , Power (kW) =0
Speed (Knots) = 52 , Power (kW) =0
Speed (Knots) = 53 , Power (kW) =0
Speed (Knots) = 54 , Power (kW) =0
Speed (Knots) = 55 , Power (kW) =0
Speed (Knots) = 56 , Power (kW) =0
Speed (Knots) = 57 , Power (kW) =0
Speed (Knots) = 58 , Power (kW) =0
Speed (Knots) = 59 , Power (kW) =0
Speed (Knots) = 60 , Power (kW) =0
The scale is 1.0
Wind power at 10 knots in kilowatts is 207.0
Wind power in-cut-out test 0.0
Aging
Class name:edu.pitt.cs.people.guy.wind.benchmarks.Aging
Success: /Noise_Allowed_Time_Definitions_All_Stations.csv found.
The station is the record is KTPA
Success: /Noise_Allowed_Time_Definitions_All_Stations.csv found.
The station is the record is KTPA
I have found the membership file for NOT WINDY.
Windspeed (knots) [0,1), Membership Value =1.00000000,1.0
Windspeed (knots) [1,2), Membership Value =0.99987398,0.999874
Windspeed (knots) [2,3), Membership Value =0.99783640,0.9978364
Windspeed (knots) [3,4), Membership Value =0.98828031,0.9882803
Windspeed (knots) [4,5), Membership Value =0.96288128,0.96288127
Windspeed (knots) [5,6), Membership Value =0.91247289,0.9124729
Windspeed (knots) [6,7), Membership Value =0.83319585,0.83319587
Windspeed (knots) [7,8), Membership Value =0.72389264,0.7238926
Windspeed (knots) [8,9), Membership Value =0.59254789,0.5925479
Windspeed (knots) [9,10), Membership Value =0.45726188,0.4572619
Windspeed (knots) [10,11), Membership Value =0.32620510,0.3262051
Windspeed (knots) [11,12), Membership Value =0.21365425,0.21365425
Windspeed (knots) [12,13), Membership Value =0.11859946,0.11859946
Windspeed (knots) [13,14), Membership Value =0.04377518,0.04377518
Windspeed (knots) [14,15), Membership Value =0.00000000,0.0
Windspeed (knots) [15,16), Membership Value =0.00000000,0.0
Windspeed (knots) [16,17), Membership Value =0.00000000,0.0
Windspeed (knots) [17,18), Membership Value =0.00000000,0.0
Windspeed (knots) [18,19), Membership Value =0.00000000,0.0
Windspeed (knots) [19,20), Membership Value =0.00000000,0.0
Windspeed (knots) [20,21), Membership Value =0.00000000,0.0
Windspeed (knots) [21,22), Membership Value =0.00000000,0.0
Windspeed (knots) [22,23), Membership Value =0.00000000,0.0
Windspeed (knots) [23,24), Membership Value =0.00000000,0.0
Windspeed (knots) [24,25), Membership Value =0.00000000,0.0
Windspeed (knots) [25,26), Membership Value =0.00000000,0.0
Windspeed (knots) [26,27), Membership Value =0.00000000,0.0
Windspeed (knots) [27,28), Membership Value =0.00000000,0.0
Windspeed (knots) [28,29), Membership Value =0.00000000,0.0
Windspeed (knots) [29,30), Membership Value =0.00000000,0.0
Windspeed (knots) [30,31), Membership Value =0.00000000,0.0
Windspeed (knots) [31,32), Membership Value =0.00000000,0.0
Windspeed (knots) [32,33), Membership Value =0.00000000,0.0
Windspeed (knots) [33,34), Membership Value =0.00000000,0.0
Windspeed (knots) [34,35), Membership Value =0.00000000,0.0
Windspeed (knots) [35,36), Membership Value =0.00000000,0.0
Windspeed (knots) [36,37), Membership Value =0.00000000,0.0
Windspeed (knots) [37,38), Membership Value =0.00000000,0.0
Windspeed (knots) [38,39), Membership Value =0.00000000,0.0
Windspeed (knots) [39,40), Membership Value =0.00000000,0.0
Windspeed (knots) [40,41), Membership Value =0.00000000,0.0
Windspeed (knots) [41,42), Membership Value =0.00000000,0.0
Windspeed (knots) [42,43), Membership Value =0.00000000,0.0
Windspeed (knots) [43,44), Membership Value =0.00000000,0.0
Windspeed (knots) [44,45), Membership Value =0.00000000,0.0
Windspeed (knots) [45,46), Membership Value =0.00000000,0.0
Windspeed (knots) [46,47), Membership Value =0.00000000,0.0
Windspeed (knots) [47,48), Membership Value =0.00000000,0.0
Windspeed (knots) [48,49), Membership Value =0.00000000,0.0
Windspeed (knots) [49,50), Membership Value =0.00000000,0.0
Windspeed (knots) [50,51), Membership Value =0.00000000,0.0
Windspeed (knots) [51,52), Membership Value =0.00000000,0.0
Windspeed (knots) [52,53), Membership Value =0.00000000,0.0
Windspeed (knots) [53,54), Membership Value =0.00000000,0.0
Windspeed (knots) [54,55), Membership Value =0.00000000,0.0
Windspeed (knots) [55,56), Membership Value =0.00000000,0.0
Windspeed (knots) [56,57), Membership Value =0.00000000,0.0
Windspeed (knots) [57,58), Membership Value =0.00000000,0.0
Windspeed (knots) [58,59), Membership Value =0.00000000,0.0
Windspeed (knots) [59,60), Membership Value =0.00000000,0.0
Windspeed (knots) [60,61), Membership Value =0.00000000,0.0
Windspeed (knots) [61,62), Membership Value =0.00000000,0.0
Windspeed (knots) [62,63), Membership Value =0.00000000,0.0
Windspeed (knots) [63,64), Membership Value =0.00000000,0.0
Windspeed (knots) [64,65), Membership Value =0.00000000,0.0
Windspeed (knots) [65,66), Membership Value =0.00000000,0.0
Windspeed (knots) [66,67), Membership Value =0.00000000,0.0
Windspeed (knots) [67,68), Membership Value =0.00000000,0.0
Windspeed (knots) [68,69), Membership Value =0.00000000,0.0
Windspeed (knots) [69,70), Membership Value =0.00000000,0.0
Windspeed (knots) [70,71), Membership Value =0.00000000,0.0
Windspeed (knots) [71,72), Membership Value =0.00000000,0.0
Windspeed (knots) [72,73), Membership Value =0.00000000,0.0
Windspeed (knots) [73,74), Membership Value =0.00000000,0.0
Windspeed (knots) [74,75), Membership Value =0.00000000,0.0
Windspeed (knots) [75,76), Membership Value =0.00000000,0.0
Windspeed (knots) [76,77), Membership Value =0.00000000,0.0
Windspeed (knots) [77,78), Membership Value =0.00000000,0.0
Windspeed (knots) [78,79), Membership Value =0.00000000,0.0
Windspeed (knots) [79,80), Membership Value =0.00000000,0.0
Windspeed (knots) [80,81), Membership Value =0.00000000,0.0
Windspeed (knots) [81,82), Membership Value =0.00000000,0.0
Windspeed (knots) [82,83), Membership Value =0.00000000,0.0
Windspeed (knots) [83,84), Membership Value =0.00000000,0.0
Windspeed (knots) [84,85), Membership Value =0.00000000,0.0
Windspeed (knots) [85,86), Membership Value =0.00000000,0.0
Windspeed (knots) [86,87), Membership Value =0.00000000,0.0
Windspeed (knots) [87,88), Membership Value =0.00000000,0.0
Windspeed (knots) [88,89), Membership Value =0.00000000,0.0
Windspeed (knots) [89,90), Membership Value =0.00000000,0.0
Windspeed (knots) [90,91), Membership Value =0.00000000,0.0
Windspeed (knots) [91,92), Membership Value =0.00000000,0.0
Windspeed (knots) [92,93), Membership Value =0.00000000,0.0
Windspeed (knots) [93,94), Membership Value =0.00000000,0.0
Windspeed (knots) [94,95), Membership Value =0.00000000,0.0
Windspeed (knots) [95,96), Membership Value =0.00000000,0.0
Windspeed (knots) [96,97), Membership Value =0.00000000,0.0
Windspeed (knots) [97,98), Membership Value =0.00000000,0.0
Windspeed (knots) [98,99), Membership Value =0.00000000,0.0
Windspeed (knots) [99,100), Membership Value =0.00000000,0.0
Windspeed (knots) [100,101), Membership Value =0.00000000,0.0
Windspeed (knots) [101,102), Membership Value =0.00000000,0.0
Windspeed (knots) [102,103), Membership Value =0.00000000,0.0
Windspeed (knots) [103,104), Membership Value =0.00000000,0.0
Windspeed (knots) [104,105), Membership Value =0.00000000,0.0
Windspeed (knots) [105,106), Membership Value =0.00000000,0.0
Windspeed (knots) [106,107), Membership Value =0.00000000,0.0
Windspeed (knots) [107,108), Membership Value =0.00000000,0.0
Windspeed (knots) [108,109), Membership Value =0.00000000,0.0
Windspeed (knots) [109,110), Membership Value =0.00000000,0.0
Windspeed (knots) [110,111), Membership Value =0.00000000,0.0
Windspeed (knots) [111,112), Membership Value =0.00000000,0.0
Windspeed (knots) [112,113), Membership Value =0.00000000,0.0
Windspeed (knots) [113,114), Membership Value =0.00000000,0.0
Windspeed (knots) [114,115), Membership Value =0.00000000,0.0
Windspeed (knots) [115,116), Membership Value =0.00000000,0.0
Windspeed (knots) [116,117), Membership Value =0.00000000,0.0
Windspeed (knots) [117,118), Membership Value =0.00000000,0.0
Windspeed (knots) [118,119), Membership Value =0.00000000,0.0
Windspeed (knots) [119,120), Membership Value =0.00000000,0.0
Windspeed (knots) [120,121), Membership Value =0.00000000,0.0
Windspeed (knots) [121,122), Membership Value =0.00000000,0.0
Windspeed (knots) [122,123), Membership Value =0.00000000,0.0
Windspeed (knots) [123,124), Membership Value =0.00000000,0.0
Windspeed (knots) [124,125), Membership Value =0.00000000,0.0
LowestWindspeedThatIsWindyKnots for station KTPA is 6 knots.
Transition limited :false
bUseWeatherPrediction: true
The running average is 1
The y-int is 6
Energy harvested: 3399899.4322145577
iGeneratingEnergyWhenGridNeedsEnergyMinutes =994344
iGeneratingEnergyWhenGridNeedsEnergyMinutes =994344
iUsingEnergyWhenGridNeedsEnergyMinutes =97729
iGeneratingEnergyWhenGridHasExcessEnergyMinutes = 2141
iUsingEnergyWhenGridHasExcessEnergyMinutes = 121
iIdleWhenGridDoesNotNeedEnergyMinutes = 43818
iIdleWhenGridNeedsEnergyMinutes = 3586334
iEnergyPriceIsZeroMinutes = 240
harvester.getEnergyHarvestedAVAILABLEKilowattHours( ): 5465520.333333333
harvester.getEnergyHarvestedKilowattHours(): 3399899.4322145577
The y-int is 16
Energy harvested: 179317.12444444338
iGeneratingEnergyWhenGridNeedsEnergyMinutes =6611
iGeneratingEnergyWhenGridNeedsEnergyMinutes =6611
iUsingEnergyWhenGridNeedsEnergyMinutes =432
iGeneratingEnergyWhenGridHasExcessEnergyMinutes = 126
iUsingEnergyWhenGridHasExcessEnergyMinutes = 5
iIdleWhenGridDoesNotNeedEnergyMinutes = 45949
iIdleWhenGridNeedsEnergyMinutes = 4671364
iEnergyPriceIsZeroMinutes = 240
harvester.getEnergyHarvestedAVAILABLEKilowattHours( ): 5465520.333333333
harvester.getEnergyHarvestedKilowattHours(): 179317.12444444338
The y-int is 26
Energy harvested: 17942.55
iGeneratingEnergyWhenGridNeedsEnergyMinutes =361
iGeneratingEnergyWhenGridNeedsEnergyMinutes =361
iUsingEnergyWhenGridNeedsEnergyMinutes =1
iGeneratingEnergyWhenGridHasExcessEnergyMinutes = 0
iUsingEnergyWhenGridHasExcessEnergyMinutes = 0
iIdleWhenGridDoesNotNeedEnergyMinutes = 46080
iIdleWhenGridNeedsEnergyMinutes = 4678045
iEnergyPriceIsZeroMinutes = 240
harvester.getEnergyHarvestedAVAILABLEKilowattHours( ): 5465520.333333333
harvester.getEnergyHarvestedKilowattHours(): 17942.55
The y-int is 36
Energy harvested: 0.0
iGeneratingEnergyWhenGridNeedsEnergyMinutes =0
iGeneratingEnergyWhenGridNeedsEnergyMinutes =0
iUsingEnergyWhenGridNeedsEnergyMinutes =1
iGeneratingEnergyWhenGridHasExcessEnergyMinutes = 0
iUsingEnergyWhenGridHasExcessEnergyMinutes = 0
iIdleWhenGridDoesNotNeedEnergyMinutes = 46080
iIdleWhenGridNeedsEnergyMinutes = 4678406
iEnergyPriceIsZeroMinutes = 240
harvester.getEnergyHarvestedAVAILABLEKilowattHours( ): 5465520.333333333
harvester.getEnergyHarvestedKilowattHours(): 0.0
The running average is 31
The y-int is 6
Energy harvested: 3369062.369162074
iGeneratingEnergyWhenGridNeedsEnergyMinutes =968799
iGeneratingEnergyWhenGridNeedsEnergyMinutes =968799
iUsingEnergyWhenGridNeedsEnergyMinutes =64174
iGeneratingEnergyWhenGridHasExcessEnergyMinutes = 2143
iUsingEnergyWhenGridHasExcessEnergyMinutes = 57
iIdleWhenGridDoesNotNeedEnergyMinutes = 43880
iIdleWhenGridNeedsEnergyMinutes = 3645434
iEnergyPriceIsZeroMinutes = 240
harvester.getEnergyHarvestedAVAILABLEKilowattHours( ): 5465520.333333333
harvester.getEnergyHarvestedKilowattHours(): 3369062.369162074
The y-int is 16
Energy harvested: 178138.2825
iGeneratingEnergyWhenGridNeedsEnergyMinutes =6439
iGeneratingEnergyWhenGridNeedsEnergyMinutes =6439
iUsingEnergyWhenGridNeedsEnergyMinutes =121
iGeneratingEnergyWhenGridHasExcessEnergyMinutes = 165
iUsingEnergyWhenGridHasExcessEnergyMinutes = 0
iIdleWhenGridDoesNotNeedEnergyMinutes = 45915
iIdleWhenGridNeedsEnergyMinutes = 4671847
iEnergyPriceIsZeroMinutes = 240
harvester.getEnergyHarvestedAVAILABLEKilowattHours( ): 5465520.333333333
harvester.getEnergyHarvestedKilowattHours(): 178138.2825
The y-int is 26
Energy harvested: 21709.15
iGeneratingEnergyWhenGridNeedsEnergyMinutes =440
iGeneratingEnergyWhenGridNeedsEnergyMinutes =440
iUsingEnergyWhenGridNeedsEnergyMinutes =1
iGeneratingEnergyWhenGridHasExcessEnergyMinutes = 0
iUsingEnergyWhenGridHasExcessEnergyMinutes = 0
iIdleWhenGridDoesNotNeedEnergyMinutes = 46080
iIdleWhenGridNeedsEnergyMinutes = 4677966
iEnergyPriceIsZeroMinutes = 240
harvester.getEnergyHarvestedAVAILABLEKilowattHours( ): 5465520.333333333
harvester.getEnergyHarvestedKilowattHours(): 21709.15
The y-int is 36
Energy harvested: 0.0
iGeneratingEnergyWhenGridNeedsEnergyMinutes =0
iGeneratingEnergyWhenGridNeedsEnergyMinutes =0
iUsingEnergyWhenGridNeedsEnergyMinutes =1
iGeneratingEnergyWhenGridHasExcessEnergyMinutes = 0
iUsingEnergyWhenGridHasExcessEnergyMinutes = 0
iIdleWhenGridDoesNotNeedEnergyMinutes = 46080
iIdleWhenGridNeedsEnergyMinutes = 4678406
iEnergyPriceIsZeroMinutes = 240
harvester.getEnergyHarvestedAVAILABLEKilowattHours( ): 5465520.333333333
harvester.getEnergyHarvestedKilowattHours(): 0.0
The running average is 61
The y-int is 6
Energy harvested: 3335093.1674958067
iGeneratingEnergyWhenGridNeedsEnergyMinutes =943795
iGeneratingEnergyWhenGridNeedsEnergyMinutes =943795
iUsingEnergyWhenGridNeedsEnergyMinutes =59612
iGeneratingEnergyWhenGridHasExcessEnergyMinutes = 2134
iUsingEnergyWhenGridHasExcessEnergyMinutes = 58
iIdleWhenGridDoesNotNeedEnergyMinutes = 43888
iIdleWhenGridNeedsEnergyMinutes = 3675000
iEnergyPriceIsZeroMinutes = 240
harvester.getEnergyHarvestedAVAILABLEKilowattHours( ): 5465520.333333333
harvester.getEnergyHarvestedKilowattHours(): 3335093.1674958067
The y-int is 16
Energy harvested: 162527.5727777776
iGeneratingEnergyWhenGridNeedsEnergyMinutes =5752
iGeneratingEnergyWhenGridNeedsEnergyMinutes =5752
iUsingEnergyWhenGridNeedsEnergyMinutes =38
iGeneratingEnergyWhenGridHasExcessEnergyMinutes = 144
iUsingEnergyWhenGridHasExcessEnergyMinutes = 0
iIdleWhenGridDoesNotNeedEnergyMinutes = 45936
iIdleWhenGridNeedsEnergyMinutes = 4672617
iEnergyPriceIsZeroMinutes = 240
harvester.getEnergyHarvestedAVAILABLEKilowattHours( ): 5465520.333333333
harvester.getEnergyHarvestedKilowattHours(): 162527.5727777776
The y-int is 26
Energy harvested: 21709.15
iGeneratingEnergyWhenGridNeedsEnergyMinutes =440
iGeneratingEnergyWhenGridNeedsEnergyMinutes =440
iUsingEnergyWhenGridNeedsEnergyMinutes =1
iGeneratingEnergyWhenGridHasExcessEnergyMinutes = 0
iUsingEnergyWhenGridHasExcessEnergyMinutes = 0
iIdleWhenGridDoesNotNeedEnergyMinutes = 46080
iIdleWhenGridNeedsEnergyMinutes = 4677966
iEnergyPriceIsZeroMinutes = 240
harvester.getEnergyHarvestedAVAILABLEKilowattHours( ): 5465520.333333333
harvester.getEnergyHarvestedKilowattHours(): 21709.15
The y-int is 36
Energy harvested: 0.0
iGeneratingEnergyWhenGridNeedsEnergyMinutes =0
iGeneratingEnergyWhenGridNeedsEnergyMinutes =0
iUsingEnergyWhenGridNeedsEnergyMinutes =1
iGeneratingEnergyWhenGridHasExcessEnergyMinutes = 0
iUsingEnergyWhenGridHasExcessEnergyMinutes = 0
iIdleWhenGridDoesNotNeedEnergyMinutes = 46080
iIdleWhenGridNeedsEnergyMinutes = 4678406
iEnergyPriceIsZeroMinutes = 240
harvester.getEnergyHarvestedAVAILABLEKilowattHours( ): 5465520.333333333
harvester.getEnergyHarvestedKilowattHours(): 0.0
The running average is 91
The y-int is 6
Energy harvested: 3300360.4916626937
iGeneratingEnergyWhenGridNeedsEnergyMinutes =919298
iGeneratingEnergyWhenGridNeedsEnergyMinutes =919298
iUsingEnergyWhenGridNeedsEnergyMinutes =57494
iGeneratingEnergyWhenGridHasExcessEnergyMinutes = 2123
iUsingEnergyWhenGridHasExcessEnergyMinutes = 57
iIdleWhenGridDoesNotNeedEnergyMinutes = 43900
iIdleWhenGridNeedsEnergyMinutes = 3701615
iEnergyPriceIsZeroMinutes = 240
harvester.getEnergyHarvestedAVAILABLEKilowattHours( ): 5465520.333333333
harvester.getEnergyHarvestedKilowattHours(): 3300360.4916626937
The y-int is 16
Energy harvested: 155642.77749999997
iGeneratingEnergyWhenGridNeedsEnergyMinutes =5329
iGeneratingEnergyWhenGridNeedsEnergyMinutes =5329
iUsingEnergyWhenGridNeedsEnergyMinutes =22
iGeneratingEnergyWhenGridHasExcessEnergyMinutes = 128
iUsingEnergyWhenGridHasExcessEnergyMinutes = 0
iIdleWhenGridDoesNotNeedEnergyMinutes = 45952
iIdleWhenGridNeedsEnergyMinutes = 4673056
iEnergyPriceIsZeroMinutes = 240
harvester.getEnergyHarvestedAVAILABLEKilowattHours( ): 5465520.333333333
harvester.getEnergyHarvestedKilowattHours(): 155642.77749999997
The y-int is 26
Energy harvested: 21709.15
iGeneratingEnergyWhenGridNeedsEnergyMinutes =440
iGeneratingEnergyWhenGridNeedsEnergyMinutes =440
iUsingEnergyWhenGridNeedsEnergyMinutes =1
iGeneratingEnergyWhenGridHasExcessEnergyMinutes = 0
iUsingEnergyWhenGridHasExcessEnergyMinutes = 0
iIdleWhenGridDoesNotNeedEnergyMinutes = 46080
iIdleWhenGridNeedsEnergyMinutes = 4677966
iEnergyPriceIsZeroMinutes = 240
harvester.getEnergyHarvestedAVAILABLEKilowattHours( ): 5465520.333333333
harvester.getEnergyHarvestedKilowattHours(): 21709.15
The y-int is 36
Energy harvested: 0.0
iGeneratingEnergyWhenGridNeedsEnergyMinutes =0
iGeneratingEnergyWhenGridNeedsEnergyMinutes =0
iUsingEnergyWhenGridNeedsEnergyMinutes =1
iGeneratingEnergyWhenGridHasExcessEnergyMinutes = 0
iUsingEnergyWhenGridHasExcessEnergyMinutes = 0
iIdleWhenGridDoesNotNeedEnergyMinutes = 46080
iIdleWhenGridNeedsEnergyMinutes = 4678406
iEnergyPriceIsZeroMinutes = 240
harvester.getEnergyHarvestedAVAILABLEKilowattHours( ): 5465520.333333333
harvester.getEnergyHarvestedKilowattHours(): 0.0
The running average is 121
The y-int is 6
Energy harvested: 3261101.696662863
iGeneratingEnergyWhenGridNeedsEnergyMinutes =894331
iGeneratingEnergyWhenGridNeedsEnergyMinutes =894331
iUsingEnergyWhenGridNeedsEnergyMinutes =56388
iGeneratingEnergyWhenGridHasExcessEnergyMinutes = 2112
iUsingEnergyWhenGridHasExcessEnergyMinutes = 57
iIdleWhenGridDoesNotNeedEnergyMinutes = 43911
iIdleWhenGridNeedsEnergyMinutes = 3727688
iEnergyPriceIsZeroMinutes = 240
harvester.getEnergyHarvestedAVAILABLEKilowattHours( ): 5465520.333333333
harvester.getEnergyHarvestedKilowattHours(): 3261101.696662863
The y-int is 16
Energy harvested: 151143.1913888889
iGeneratingEnergyWhenGridNeedsEnergyMinutes =5081
iGeneratingEnergyWhenGridNeedsEnergyMinutes =5081
iUsingEnergyWhenGridNeedsEnergyMinutes =30
iGeneratingEnergyWhenGridHasExcessEnergyMinutes = 114
iUsingEnergyWhenGridHasExcessEnergyMinutes = 1
iIdleWhenGridDoesNotNeedEnergyMinutes = 45965
iIdleWhenGridNeedsEnergyMinutes = 4673296
iEnergyPriceIsZeroMinutes = 240
harvester.getEnergyHarvestedAVAILABLEKilowattHours( ): 5465520.333333333
harvester.getEnergyHarvestedKilowattHours(): 151143.1913888889
The y-int is 26
Energy harvested: 21709.15
iGeneratingEnergyWhenGridNeedsEnergyMinutes =440
iGeneratingEnergyWhenGridNeedsEnergyMinutes =440
iUsingEnergyWhenGridNeedsEnergyMinutes =1
iGeneratingEnergyWhenGridHasExcessEnergyMinutes = 0
iUsingEnergyWhenGridHasExcessEnergyMinutes = 0
iIdleWhenGridDoesNotNeedEnergyMinutes = 46080
iIdleWhenGridNeedsEnergyMinutes = 4677966
iEnergyPriceIsZeroMinutes = 240
harvester.getEnergyHarvestedAVAILABLEKilowattHours( ): 5465520.333333333
harvester.getEnergyHarvestedKilowattHours(): 21709.15
The y-int is 36
Energy harvested: 0.0
iGeneratingEnergyWhenGridNeedsEnergyMinutes =0
iGeneratingEnergyWhenGridNeedsEnergyMinutes =0
iUsingEnergyWhenGridNeedsEnergyMinutes =1
iGeneratingEnergyWhenGridHasExcessEnergyMinutes = 0
iUsingEnergyWhenGridHasExcessEnergyMinutes = 0
iIdleWhenGridDoesNotNeedEnergyMinutes = 46080
iIdleWhenGridNeedsEnergyMinutes = 4678406
iEnergyPriceIsZeroMinutes = 240
harvester.getEnergyHarvestedAVAILABLEKilowattHours( ): 5465520.333333333
harvester.getEnergyHarvestedKilowattHours(): 0.0
Beginning testing mode:
station,&,y_intercept_for_month_1,&,running_average_size_minutes_for_month_1,&,y_intercept_for_month_2,&,running_average_size_minutes_for_month_2,&,y_intercept_for_month_3,&,running_average_size_minutes_for_month_3,&,y_intercept_for_month_4,&,running_average_size_minutes_for_month_4,&,y_intercept_for_month_5,&,running_average_size_minutes_for_month_5,&,y_intercept_for_month_6,&,running_average_size_minutes_for_month_6,&,y_intercept_for_month_7,&,running_average_size_minutes_for_month_7,&,y_intercept_for_month_8,&,running_average_size_minutes_for_month_8,&,y_intercept_for_month_9,&,running_average_size_minutes_for_month_9,&,y_intercept_for_month_10,&,running_average_size_minutes_for_month_10,&,y_intercept_for_month_11,&,running_average_size_minutes_for_month_11,&,y_intercept_for_month_12,&,running_average_size_minutes_for_month_12,&,dNetNorm,&,dMarketBalancePercentage,&,dMarketNetNorm,
results: KTPA,&,6,&,1,&,6,&,1,&,6,&,1,&,6,&,1,&,6,&,1,&,6,&,1,&,6,&,1,&,6,&,1,&,6,&,1,&,6,&,1,&,6,&,1,&,6,&,1,&,0.6796948829725685,&,0.8865592285451829,&,0.6025897710942687
monthly visible minutes:KTPA,&,2013,&,15170,&,13568,&,16712,&,16782,&,16221,&,14647,&,14918,&,13961,&,13886,&,14749,&,14201,&,14503,&,
monthly visible minutes:KTPA,&,2014,&,14882,&,12942,&,15450,&,17417,&,17303,&,16307,&,15241,&,14137,&,14197,&,14796,&,16597,&,13446,&,
monthly minutes harvester between states:KTPA,&,2013,&,1847,&,1515,&,1734,&,2059,&,2121,&,2141,&,2479,&,2615,&,2231,&,2340,&,1459,&,1676,&,
monthly minutes harvester between states:KTPA,&,2014,&,1462,&,1242,&,1983,&,1683,&,2051,&,2004,&,2132,&,2402,&,2270,&,2531,&,1595,&,1394,&,
station,&,y_intercept_for_month_1,&,running_average_size_minutes_for_month_1,&,y_intercept_for_month_2,&,running_average_size_minutes_for_month_2,&,y_intercept_for_month_3,&,running_average_size_minutes_for_month_3,&,y_intercept_for_month_4,&,running_average_size_minutes_for_month_4,&,y_intercept_for_month_5,&,running_average_size_minutes_for_month_5,&,y_intercept_for_month_6,&,running_average_size_minutes_for_month_6,&,y_intercept_for_month_7,&,running_average_size_minutes_for_month_7,&,y_intercept_for_month_8,&,running_average_size_minutes_for_month_8,&,y_intercept_for_month_9,&,running_average_size_minutes_for_month_9,&,y_intercept_for_month_10,&,running_average_size_minutes_for_month_10,&,y_intercept_for_month_11,&,running_average_size_minutes_for_month_11,&,y_intercept_for_month_12,&,running_average_size_minutes_for_month_12,&,dNetNorm,&,dMarketBalancePercentage,&,dMarketNetNorm,
results: KTPA,&,6,&,31,&,6,&,31,&,6,&,31,&,6,&,31,&,6,&,31,&,6,&,61,&,6,&,31,&,6,&,61,&,6,&,61,&,6,&,31,&,6,&,31,&,6,&,31,&,0.6688062912191273,&,0.9211604142629273,&,0.6160778802810633
monthly visible minutes:KTPA,&,2013,&,15170,&,13568,&,16712,&,16782,&,16221,&,14647,&,14918,&,13961,&,13886,&,14749,&,14201,&,14503,&,
monthly visible minutes:KTPA,&,2014,&,14882,&,12942,&,15450,&,17417,&,17303,&,16307,&,15241,&,14137,&,14197,&,14796,&,16597,&,13446,&,
monthly minutes harvester between states:KTPA,&,2013,&,1847,&,1515,&,1734,&,2059,&,2121,&,2141,&,2479,&,2615,&,2231,&,2340,&,1459,&,1676,&,
monthly minutes harvester between states:KTPA,&,2014,&,1462,&,1242,&,1983,&,1683,&,2051,&,2004,&,2132,&,2402,&,2270,&,2531,&,1595,&,1394,&,
