Station_argument: ALL
lambda: 0.9
bUseWeatherPrediction: true
bTransitionLimited: true
cAlgorithm: a
Station: KATL
abc: The current path is /home/guy/retractable-wind
I have found the property file.
The training windspeed filename is /trainingKATL2004-2012in.csv
The testing windspeed filename is /testingKATL2013-2014in.csv
Yes, the station is KATL
Warning: The bAlsoUsePrediction no longer has any effect
iUsedAllItsAllocatedVisibilityMinutesPerMonth: 8760
Visibility Allocation Minutes:8760
HARVESTER_SIZE_SQM is 6362
Reading file
Success: /Wind turbine power curves - wind turbine power output against wind speed in knots.csv found.
Speed (Knots) = Speed(knots) vs power (kW) , Power (kW) =V90
Speed (Knots) = 0 , Power (kW) =0
Speed (Knots) = 1 , Power (kW) =0
Speed (Knots) = 2 , Power (kW) =0
Speed (Knots) = 3 , Power (kW) =0
Speed (Knots) = 4 , Power (kW) =0
Speed (Knots) = 5 , Power (kW) =0
Speed (Knots) = 6 , Power (kW) =0
Speed (Knots) = 7 , Power (kW) =38
Speed (Knots) = 8 , Power (kW) =87
Speed (Knots) = 9 , Power (kW) =141
Speed (Knots) = 10 , Power (kW) =207
Speed (Knots) = 11 , Power (kW) =286
Speed (Knots) = 12 , Power (kW) =382
Speed (Knots) = 13 , Power (kW) =496
Speed (Knots) = 14 , Power (kW) =628
Speed (Knots) = 15 , Power (kW) =781
Speed (Knots) = 16 , Power (kW) =957
Speed (Knots) = 17 , Power (kW) =1153
Speed (Knots) = 18 , Power (kW) =1366
Speed (Knots) = 19 , Power (kW) =1589
Speed (Knots) = 20 , Power (kW) =1814
Speed (Knots) = 21 , Power (kW) =2035
Speed (Knots) = 22 , Power (kW) =2250
Speed (Knots) = 23 , Power (kW) =2452
Speed (Knots) = 24 , Power (kW) =2634
Speed (Knots) = 25 , Power (kW) =2784
Speed (Knots) = 26 , Power (kW) =2888
Speed (Knots) = 27 , Power (kW) =2949
Speed (Knots) = 28 , Power (kW) =2980
Speed (Knots) = 29 , Power (kW) =2993
Speed (Knots) = 30 , Power (kW) =3000
Speed (Knots) = 31 , Power (kW) =3000
Speed (Knots) = 32 , Power (kW) =3000
Speed (Knots) = 33 , Power (kW) =3000
Speed (Knots) = 34 , Power (kW) =3000
Speed (Knots) = 35 , Power (kW) =3000
Speed (Knots) = 36 , Power (kW) =3000
Speed (Knots) = 37 , Power (kW) =3000
Speed (Knots) = 38 , Power (kW) =3000
Speed (Knots) = 39 , Power (kW) =3000
Speed (Knots) = 40 , Power (kW) =3000
Speed (Knots) = 41 , Power (kW) =3000
Speed (Knots) = 42 , Power (kW) =3000
Speed (Knots) = 43 , Power (kW) =3000
Speed (Knots) = 44 , Power (kW) =3000
Speed (Knots) = 45 , Power (kW) =3000
Speed (Knots) = 46 , Power (kW) =3000
Speed (Knots) = 47 , Power (kW) =3000
Speed (Knots) = 48 , Power (kW) =3000
Speed (Knots) = 49 , Power (kW) =0
Speed (Knots) = 50 , Power (kW) =0
Speed (Knots) = 51 , Power (kW) =0
Speed (Knots) = 52 , Power (kW) =0
Speed (Knots) = 53 , Power (kW) =0
Speed (Knots) = 54 , Power (kW) =0
Speed (Knots) = 55 , Power (kW) =0
Speed (Knots) = 56 , Power (kW) =0
Speed (Knots) = 57 , Power (kW) =0
Speed (Knots) = 58 , Power (kW) =0
Speed (Knots) = 59 , Power (kW) =0
Speed (Knots) = 60 , Power (kW) =0
The scale is 1.0
Wind power at 10 knots in kilowatts is 207.0
Wind power in-cut-out test 0.0
Aging
Class name:edu.pitt.cs.people.guy.wind.benchmarks.Aging
Success: /Noise_Allowed_Time_Definitions_All_Stations.csv found.
The station is the record is KATL
Success: /Noise_Allowed_Time_Definitions_All_Stations.csv found.
The station is the record is KATL
I have found the membership file for NOT WINDY.
Windspeed (knots) [0,1), Membership Value =1.00000000,1.0
Windspeed (knots) [1,2), Membership Value =0.99995286,0.99995285
Windspeed (knots) [2,3), Membership Value =0.99918496,0.99918497
Windspeed (knots) [3,4), Membership Value =0.99526788,0.99526787
Windspeed (knots) [4,5), Membership Value =0.98383125,0.9838312
Windspeed (knots) [5,6), Membership Value =0.95856363,0.9585636
Windspeed (knots) [6,7), Membership Value =0.91443277,0.91443276
Windspeed (knots) [7,8), Membership Value =0.85177112,0.8517711
Windspeed (knots) [8,9), Membership Value =0.77242385,0.77242386
Windspeed (knots) [9,10), Membership Value =0.68323756,0.68323755
Windspeed (knots) [10,11), Membership Value =0.58520864,0.58520865
Windspeed (knots) [11,12), Membership Value =0.48424525,0.48424524
Windspeed (knots) [12,13), Membership Value =0.38309361,0.3830936
Windspeed (knots) [13,14), Membership Value =0.28631783,0.28631783
Windspeed (knots) [14,15), Membership Value =0.19460303,0.19460303
Windspeed (knots) [15,16), Membership Value =0.11077827,0.11077827
Windspeed (knots) [16,17), Membership Value =0.03581045,0.03581045
Windspeed (knots) [17,18), Membership Value =0.00000000,0.0
Windspeed (knots) [18,19), Membership Value =0.00000000,0.0
Windspeed (knots) [19,20), Membership Value =0.00000000,0.0
Windspeed (knots) [20,21), Membership Value =0.00000000,0.0
Windspeed (knots) [21,22), Membership Value =0.00000000,0.0
Windspeed (knots) [22,23), Membership Value =0.00000000,0.0
Windspeed (knots) [23,24), Membership Value =0.00000000,0.0
Windspeed (knots) [24,25), Membership Value =0.00000000,0.0
Windspeed (knots) [25,26), Membership Value =0.00000000,0.0
Windspeed (knots) [26,27), Membership Value =0.00000000,0.0
Windspeed (knots) [27,28), Membership Value =0.00000000,0.0
Windspeed (knots) [28,29), Membership Value =0.00000000,0.0
Windspeed (knots) [29,30), Membership Value =0.00000000,0.0
Windspeed (knots) [30,31), Membership Value =0.00000000,0.0
Windspeed (knots) [31,32), Membership Value =0.00000000,0.0
Windspeed (knots) [32,33), Membership Value =0.00000000,0.0
Windspeed (knots) [33,34), Membership Value =0.00000000,0.0
Windspeed (knots) [34,35), Membership Value =0.00000000,0.0
Windspeed (knots) [35,36), Membership Value =0.00000000,0.0
Windspeed (knots) [36,37), Membership Value =0.00000000,0.0
Windspeed (knots) [37,38), Membership Value =0.00000000,0.0
Windspeed (knots) [38,39), Membership Value =0.00000000,0.0
Windspeed (knots) [39,40), Membership Value =0.00000000,0.0
Windspeed (knots) [40,41), Membership Value =0.00000000,0.0
Windspeed (knots) [41,42), Membership Value =0.00000000,0.0
Windspeed (knots) [42,43), Membership Value =0.00000000,0.0
Windspeed (knots) [43,44), Membership Value =0.00000000,0.0
Windspeed (knots) [44,45), Membership Value =0.00000000,0.0
Windspeed (knots) [45,46), Membership Value =0.00000000,0.0
Windspeed (knots) [46,47), Membership Value =0.00000000,0.0
Windspeed (knots) [47,48), Membership Value =0.00000000,0.0
Windspeed (knots) [48,49), Membership Value =0.00000000,0.0
Windspeed (knots) [49,50), Membership Value =0.00000000,0.0
Windspeed (knots) [50,51), Membership Value =0.00000000,0.0
Windspeed (knots) [51,52), Membership Value =0.00000000,0.0
Windspeed (knots) [52,53), Membership Value =0.00000000,0.0
Windspeed (knots) [53,54), Membership Value =0.00000000,0.0
Windspeed (knots) [54,55), Membership Value =0.00000000,0.0
Windspeed (knots) [55,56), Membership Value =0.00000000,0.0
Windspeed (knots) [56,57), Membership Value =0.00000000,0.0
Windspeed (knots) [57,58), Membership Value =0.00000000,0.0
Windspeed (knots) [58,59), Membership Value =0.00000000,0.0
Windspeed (knots) [59,60), Membership Value =0.00000000,0.0
Windspeed (knots) [60,61), Membership Value =0.00000000,0.0
Windspeed (knots) [61,62), Membership Value =0.00000000,0.0
Windspeed (knots) [62,63), Membership Value =0.00000000,0.0
Windspeed (knots) [63,64), Membership Value =0.00000000,0.0
Windspeed (knots) [64,65), Membership Value =0.00000000,0.0
Windspeed (knots) [65,66), Membership Value =0.00000000,0.0
Windspeed (knots) [66,67), Membership Value =0.00000000,0.0
Windspeed (knots) [67,68), Membership Value =0.00000000,0.0
Windspeed (knots) [68,69), Membership Value =0.00000000,0.0
Windspeed (knots) [69,70), Membership Value =0.00000000,0.0
Windspeed (knots) [70,71), Membership Value =0.00000000,0.0
Windspeed (knots) [71,72), Membership Value =0.00000000,0.0
Windspeed (knots) [72,73), Membership Value =0.00000000,0.0
Windspeed (knots) [73,74), Membership Value =0.00000000,0.0
Windspeed (knots) [74,75), Membership Value =0.00000000,0.0
Windspeed (knots) [75,76), Membership Value =0.00000000,0.0
Windspeed (knots) [76,77), Membership Value =0.00000000,0.0
Windspeed (knots) [77,78), Membership Value =0.00000000,0.0
Windspeed (knots) [78,79), Membership Value =0.00000000,0.0
Windspeed (knots) [79,80), Membership Value =0.00000000,0.0
Windspeed (knots) [80,81), Membership Value =0.00000000,0.0
Windspeed (knots) [81,82), Membership Value =0.00000000,0.0
Windspeed (knots) [82,83), Membership Value =0.00000000,0.0
Windspeed (knots) [83,84), Membership Value =0.00000000,0.0
Windspeed (knots) [84,85), Membership Value =0.00000000,0.0
Windspeed (knots) [85,86), Membership Value =0.00000000,0.0
Windspeed (knots) [86,87), Membership Value =0.00000000,0.0
Windspeed (knots) [87,88), Membership Value =0.00000000,0.0
Windspeed (knots) [88,89), Membership Value =0.00000000,0.0
Windspeed (knots) [89,90), Membership Value =0.00000000,0.0
Windspeed (knots) [90,91), Membership Value =0.00000000,0.0
Windspeed (knots) [91,92), Membership Value =0.00000000,0.0
Windspeed (knots) [92,93), Membership Value =0.00000000,0.0
Windspeed (knots) [93,94), Membership Value =0.00000000,0.0
Windspeed (knots) [94,95), Membership Value =0.00000000,0.0
Windspeed (knots) [95,96), Membership Value =0.00000000,0.0
Windspeed (knots) [96,97), Membership Value =0.00000000,0.0
Windspeed (knots) [97,98), Membership Value =0.00000000,0.0
Windspeed (knots) [98,99), Membership Value =0.00000000,0.0
Windspeed (knots) [99,100), Membership Value =0.00000000,0.0
Windspeed (knots) [100,101), Membership Value =0.00000000,0.0
Windspeed (knots) [101,102), Membership Value =0.00000000,0.0
Windspeed (knots) [102,103), Membership Value =0.00000000,0.0
Windspeed (knots) [103,104), Membership Value =0.00000000,0.0
Windspeed (knots) [104,105), Membership Value =0.00000000,0.0
Windspeed (knots) [105,106), Membership Value =0.00000000,0.0
Windspeed (knots) [106,107), Membership Value =0.00000000,0.0
Windspeed (knots) [107,108), Membership Value =0.00000000,0.0
Windspeed (knots) [108,109), Membership Value =0.00000000,0.0
Windspeed (knots) [109,110), Membership Value =0.00000000,0.0
Windspeed (knots) [110,111), Membership Value =0.00000000,0.0
Windspeed (knots) [111,112), Membership Value =0.00000000,0.0
Windspeed (knots) [112,113), Membership Value =0.00000000,0.0
Windspeed (knots) [113,114), Membership Value =0.00000000,0.0
Windspeed (knots) [114,115), Membership Value =0.00000000,0.0
Windspeed (knots) [115,116), Membership Value =0.00000000,0.0
Windspeed (knots) [116,117), Membership Value =0.00000000,0.0
Windspeed (knots) [117,118), Membership Value =0.00000000,0.0
Windspeed (knots) [118,119), Membership Value =0.00000000,0.0
Windspeed (knots) [119,120), Membership Value =0.00000000,0.0
Windspeed (knots) [120,121), Membership Value =0.00000000,0.0
Windspeed (knots) [121,122), Membership Value =0.00000000,0.0
Windspeed (knots) [122,123), Membership Value =0.00000000,0.0
Windspeed (knots) [123,124), Membership Value =0.00000000,0.0
Windspeed (knots) [124,125), Membership Value =0.00000000,0.0
LowestWindspeedThatIsWindyKnots for station KATL is 7 knots.
Transition limited :true
bUseWeatherPrediction: true
The running average is 1
The y-int is 7
Energy harvested: 2410418.034999977
iGeneratingEnergyWhenGridNeedsEnergyMinutes =478096
iGeneratingEnergyWhenGridNeedsEnergyMinutes =478096
iUsingEnergyWhenGridNeedsEnergyMinutes =1923
iGeneratingEnergyWhenGridHasExcessEnergyMinutes = 4998
iUsingEnergyWhenGridHasExcessEnergyMinutes = 96
iIdleWhenGridDoesNotNeedEnergyMinutes = 40986
iIdleWhenGridNeedsEnergyMinutes = 4207049
iEnergyPriceIsZeroMinutes = 240
harvester.getEnergyHarvestedAVAILABLEKilowattHours( ): 1.1081643733333332E7
harvester.getEnergyHarvestedKilowattHours(): 2410418.034999977
The y-int is 17
Energy harvested: 2979399.686388874
iGeneratingEnergyWhenGridNeedsEnergyMinutes =482340
iGeneratingEnergyWhenGridNeedsEnergyMinutes =482340
iUsingEnergyWhenGridNeedsEnergyMinutes =552
iGeneratingEnergyWhenGridHasExcessEnergyMinutes = 5579
iUsingEnergyWhenGridHasExcessEnergyMinutes = 0
iIdleWhenGridDoesNotNeedEnergyMinutes = 40501
iIdleWhenGridNeedsEnergyMinutes = 4204176
iEnergyPriceIsZeroMinutes = 240
harvester.getEnergyHarvestedAVAILABLEKilowattHours( ): 1.1081643733333332E7
harvester.getEnergyHarvestedKilowattHours(): 2979399.686388874
The y-int is 27
Energy harvested: 2130797.493611139
iGeneratingEnergyWhenGridNeedsEnergyMinutes =454293
iGeneratingEnergyWhenGridNeedsEnergyMinutes =454293
iUsingEnergyWhenGridNeedsEnergyMinutes =1900
iGeneratingEnergyWhenGridHasExcessEnergyMinutes = 5830
iUsingEnergyWhenGridHasExcessEnergyMinutes = 59
iIdleWhenGridDoesNotNeedEnergyMinutes = 40191
iIdleWhenGridNeedsEnergyMinutes = 4230875
iEnergyPriceIsZeroMinutes = 240
harvester.getEnergyHarvestedAVAILABLEKilowattHours( ): 1.1081643733333332E7
harvester.getEnergyHarvestedKilowattHours(): 2130797.493611139
The y-int is 37
Energy harvested: 2104156.621111139
iGeneratingEnergyWhenGridNeedsEnergyMinutes =454383
iGeneratingEnergyWhenGridNeedsEnergyMinutes =454383
iUsingEnergyWhenGridNeedsEnergyMinutes =1981
iGeneratingEnergyWhenGridHasExcessEnergyMinutes = 5830
iUsingEnergyWhenGridHasExcessEnergyMinutes = 59
iIdleWhenGridDoesNotNeedEnergyMinutes = 40191
iIdleWhenGridNeedsEnergyMinutes = 4230704
iEnergyPriceIsZeroMinutes = 240
harvester.getEnergyHarvestedAVAILABLEKilowattHours( ): 1.1081643733333332E7
harvester.getEnergyHarvestedKilowattHours(): 2104156.621111139
The running average is 31
The y-int is 7
Energy harvested: 2430687.4247221993
iGeneratingEnergyWhenGridNeedsEnergyMinutes =483842
iGeneratingEnergyWhenGridNeedsEnergyMinutes =483842
iUsingEnergyWhenGridNeedsEnergyMinutes =1915
iGeneratingEnergyWhenGridHasExcessEnergyMinutes = 5002
iUsingEnergyWhenGridHasExcessEnergyMinutes = 78
iIdleWhenGridDoesNotNeedEnergyMinutes = 41000
iIdleWhenGridNeedsEnergyMinutes = 4201311
iEnergyPriceIsZeroMinutes = 240
harvester.getEnergyHarvestedAVAILABLEKilowattHours( ): 1.1081643733333332E7
harvester.getEnergyHarvestedKilowattHours(): 2430687.4247221993
The y-int is 17
Energy harvested: 2778104.251666602
iGeneratingEnergyWhenGridNeedsEnergyMinutes =477418
iGeneratingEnergyWhenGridNeedsEnergyMinutes =477418
iUsingEnergyWhenGridNeedsEnergyMinutes =1244
iGeneratingEnergyWhenGridHasExcessEnergyMinutes = 6604
iUsingEnergyWhenGridHasExcessEnergyMinutes = 39
iIdleWhenGridDoesNotNeedEnergyMinutes = 39437
iIdleWhenGridNeedsEnergyMinutes = 4208406
iEnergyPriceIsZeroMinutes = 240
harvester.getEnergyHarvestedAVAILABLEKilowattHours( ): 1.1081643733333332E7
harvester.getEnergyHarvestedKilowattHours(): 2778104.251666602
The y-int is 27
Energy harvested: 2100109.2391666947
iGeneratingEnergyWhenGridNeedsEnergyMinutes =453581
iGeneratingEnergyWhenGridNeedsEnergyMinutes =453581
iUsingEnergyWhenGridNeedsEnergyMinutes =1976
iGeneratingEnergyWhenGridHasExcessEnergyMinutes = 5830
iUsingEnergyWhenGridHasExcessEnergyMinutes = 59
iIdleWhenGridDoesNotNeedEnergyMinutes = 40191
iIdleWhenGridNeedsEnergyMinutes = 4231511
iEnergyPriceIsZeroMinutes = 240
harvester.getEnergyHarvestedAVAILABLEKilowattHours( ): 1.1081643733333332E7
harvester.getEnergyHarvestedKilowattHours(): 2100109.2391666947
The y-int is 37
Energy harvested: 2104156.621111139
iGeneratingEnergyWhenGridNeedsEnergyMinutes =454383
iGeneratingEnergyWhenGridNeedsEnergyMinutes =454383
iUsingEnergyWhenGridNeedsEnergyMinutes =1981
iGeneratingEnergyWhenGridHasExcessEnergyMinutes = 5830
iUsingEnergyWhenGridHasExcessEnergyMinutes = 59
iIdleWhenGridDoesNotNeedEnergyMinutes = 40191
iIdleWhenGridNeedsEnergyMinutes = 4230704
iEnergyPriceIsZeroMinutes = 240
harvester.getEnergyHarvestedAVAILABLEKilowattHours( ): 1.1081643733333332E7
harvester.getEnergyHarvestedKilowattHours(): 2104156.621111139
The running average is 61
The y-int is 7
Energy harvested: 2435799.6644444196
iGeneratingEnergyWhenGridNeedsEnergyMinutes =484768
iGeneratingEnergyWhenGridNeedsEnergyMinutes =484768
iUsingEnergyWhenGridNeedsEnergyMinutes =1928
iGeneratingEnergyWhenGridHasExcessEnergyMinutes = 4975
iUsingEnergyWhenGridHasExcessEnergyMinutes = 39
iIdleWhenGridDoesNotNeedEnergyMinutes = 41066
iIdleWhenGridNeedsEnergyMinutes = 4200372
iEnergyPriceIsZeroMinutes = 240
harvester.getEnergyHarvestedAVAILABLEKilowattHours( ): 1.1081643733333332E7
harvester.getEnergyHarvestedKilowattHours(): 2435799.6644444196
The y-int is 17
Energy harvested: 2575319.768888867
iGeneratingEnergyWhenGridNeedsEnergyMinutes =471297
iGeneratingEnergyWhenGridNeedsEnergyMinutes =471297
iUsingEnergyWhenGridNeedsEnergyMinutes =1538
iGeneratingEnergyWhenGridHasExcessEnergyMinutes = 6594
iUsingEnergyWhenGridHasExcessEnergyMinutes = 39
iIdleWhenGridDoesNotNeedEnergyMinutes = 39447
iIdleWhenGridNeedsEnergyMinutes = 4214233
iEnergyPriceIsZeroMinutes = 240
harvester.getEnergyHarvestedAVAILABLEKilowattHours( ): 1.1081643733333332E7
harvester.getEnergyHarvestedKilowattHours(): 2575319.768888867
The y-int is 27
Energy harvested: 2104156.621111139
iGeneratingEnergyWhenGridNeedsEnergyMinutes =454383
iGeneratingEnergyWhenGridNeedsEnergyMinutes =454383
iUsingEnergyWhenGridNeedsEnergyMinutes =1981
iGeneratingEnergyWhenGridHasExcessEnergyMinutes = 5830
iUsingEnergyWhenGridHasExcessEnergyMinutes = 59
iIdleWhenGridDoesNotNeedEnergyMinutes = 40191
iIdleWhenGridNeedsEnergyMinutes = 4230704
iEnergyPriceIsZeroMinutes = 240
harvester.getEnergyHarvestedAVAILABLEKilowattHours( ): 1.1081643733333332E7
harvester.getEnergyHarvestedKilowattHours(): 2104156.621111139
The y-int is 37
Energy harvested: 2104156.621111139
iGeneratingEnergyWhenGridNeedsEnergyMinutes =454383
iGeneratingEnergyWhenGridNeedsEnergyMinutes =454383
iUsingEnergyWhenGridNeedsEnergyMinutes =1981
iGeneratingEnergyWhenGridHasExcessEnergyMinutes = 5830
iUsingEnergyWhenGridHasExcessEnergyMinutes = 59
iIdleWhenGridDoesNotNeedEnergyMinutes = 40191
iIdleWhenGridNeedsEnergyMinutes = 4230704
iEnergyPriceIsZeroMinutes = 240
harvester.getEnergyHarvestedAVAILABLEKilowattHours( ): 1.1081643733333332E7
harvester.getEnergyHarvestedKilowattHours(): 2104156.621111139
The running average is 91
The y-int is 7
Energy harvested: 2440457.0227777488
iGeneratingEnergyWhenGridNeedsEnergyMinutes =485119
iGeneratingEnergyWhenGridNeedsEnergyMinutes =485119
iUsingEnergyWhenGridNeedsEnergyMinutes =1960
iGeneratingEnergyWhenGridHasExcessEnergyMinutes = 5021
iUsingEnergyWhenGridHasExcessEnergyMinutes = 38
iIdleWhenGridDoesNotNeedEnergyMinutes = 41021
iIdleWhenGridNeedsEnergyMinutes = 4199989
iEnergyPriceIsZeroMinutes = 240
harvester.getEnergyHarvestedAVAILABLEKilowattHours( ): 1.1081643733333332E7
harvester.getEnergyHarvestedKilowattHours(): 2440457.0227777488
The y-int is 17
Energy harvested: 2534396.955277758
iGeneratingEnergyWhenGridNeedsEnergyMinutes =471810
iGeneratingEnergyWhenGridNeedsEnergyMinutes =471810
iUsingEnergyWhenGridNeedsEnergyMinutes =1643
iGeneratingEnergyWhenGridHasExcessEnergyMinutes = 7039
iUsingEnergyWhenGridHasExcessEnergyMinutes = 39
iIdleWhenGridDoesNotNeedEnergyMinutes = 39002
iIdleWhenGridNeedsEnergyMinutes = 4213615
iEnergyPriceIsZeroMinutes = 240
harvester.getEnergyHarvestedAVAILABLEKilowattHours( ): 1.1081643733333332E7
harvester.getEnergyHarvestedKilowattHours(): 2534396.955277758
The y-int is 27
Energy harvested: 2104156.621111139
iGeneratingEnergyWhenGridNeedsEnergyMinutes =454383
iGeneratingEnergyWhenGridNeedsEnergyMinutes =454383
iUsingEnergyWhenGridNeedsEnergyMinutes =1981
iGeneratingEnergyWhenGridHasExcessEnergyMinutes = 5830
iUsingEnergyWhenGridHasExcessEnergyMinutes = 59
iIdleWhenGridDoesNotNeedEnergyMinutes = 40191
iIdleWhenGridNeedsEnergyMinutes = 4230704
iEnergyPriceIsZeroMinutes = 240
harvester.getEnergyHarvestedAVAILABLEKilowattHours( ): 1.1081643733333332E7
harvester.getEnergyHarvestedKilowattHours(): 2104156.621111139
The y-int is 37
Energy harvested: 2104156.621111139
iGeneratingEnergyWhenGridNeedsEnergyMinutes =454383
iGeneratingEnergyWhenGridNeedsEnergyMinutes =454383
iUsingEnergyWhenGridNeedsEnergyMinutes =1981
iGeneratingEnergyWhenGridHasExcessEnergyMinutes = 5830
iUsingEnergyWhenGridHasExcessEnergyMinutes = 59
iIdleWhenGridDoesNotNeedEnergyMinutes = 40191
iIdleWhenGridNeedsEnergyMinutes = 4230704
iEnergyPriceIsZeroMinutes = 240
harvester.getEnergyHarvestedAVAILABLEKilowattHours( ): 1.1081643733333332E7
harvester.getEnergyHarvestedKilowattHours(): 2104156.621111139
The running average is 121
The y-int is 7
Energy harvested: 2443127.146666632
iGeneratingEnergyWhenGridNeedsEnergyMinutes =485060
iGeneratingEnergyWhenGridNeedsEnergyMinutes =485060
iUsingEnergyWhenGridNeedsEnergyMinutes =1928
iGeneratingEnergyWhenGridHasExcessEnergyMinutes = 4967
iUsingEnergyWhenGridHasExcessEnergyMinutes = 39
iIdleWhenGridDoesNotNeedEnergyMinutes = 41074
iIdleWhenGridNeedsEnergyMinutes = 4200080
iEnergyPriceIsZeroMinutes = 240
harvester.getEnergyHarvestedAVAILABLEKilowattHours( ): 1.1081643733333332E7
harvester.getEnergyHarvestedKilowattHours(): 2443127.146666632
The y-int is 17
Energy harvested: 2490104.2749999855
iGeneratingEnergyWhenGridNeedsEnergyMinutes =468746
iGeneratingEnergyWhenGridNeedsEnergyMinutes =468746
iUsingEnergyWhenGridNeedsEnergyMinutes =1693
iGeneratingEnergyWhenGridHasExcessEnergyMinutes = 6799
iUsingEnergyWhenGridHasExcessEnergyMinutes = 39
iIdleWhenGridDoesNotNeedEnergyMinutes = 39242
iIdleWhenGridNeedsEnergyMinutes = 4216629
iEnergyPriceIsZeroMinutes = 240
harvester.getEnergyHarvestedAVAILABLEKilowattHours( ): 1.1081643733333332E7
harvester.getEnergyHarvestedKilowattHours(): 2490104.2749999855
The y-int is 27
Energy harvested: 2104156.621111139
iGeneratingEnergyWhenGridNeedsEnergyMinutes =454383
iGeneratingEnergyWhenGridNeedsEnergyMinutes =454383
iUsingEnergyWhenGridNeedsEnergyMinutes =1981
iGeneratingEnergyWhenGridHasExcessEnergyMinutes = 5830
iUsingEnergyWhenGridHasExcessEnergyMinutes = 59
iIdleWhenGridDoesNotNeedEnergyMinutes = 40191
iIdleWhenGridNeedsEnergyMinutes = 4230704
iEnergyPriceIsZeroMinutes = 240
harvester.getEnergyHarvestedAVAILABLEKilowattHours( ): 1.1081643733333332E7
harvester.getEnergyHarvestedKilowattHours(): 2104156.621111139
The y-int is 37
Energy harvested: 2104156.621111139
iGeneratingEnergyWhenGridNeedsEnergyMinutes =454383
iGeneratingEnergyWhenGridNeedsEnergyMinutes =454383
iUsingEnergyWhenGridNeedsEnergyMinutes =1981
iGeneratingEnergyWhenGridHasExcessEnergyMinutes = 5830
iUsingEnergyWhenGridHasExcessEnergyMinutes = 59
iIdleWhenGridDoesNotNeedEnergyMinutes = 40191
iIdleWhenGridNeedsEnergyMinutes = 4230704
iEnergyPriceIsZeroMinutes = 240
harvester.getEnergyHarvestedAVAILABLEKilowattHours( ): 1.1081643733333332E7
harvester.getEnergyHarvestedKilowattHours(): 2104156.621111139
Beginning testing mode:
station,&,y_intercept_for_month_1,&,running_average_size_minutes_for_month_1,&,y_intercept_for_month_2,&,running_average_size_minutes_for_month_2,&,y_intercept_for_month_3,&,running_average_size_minutes_for_month_3,&,y_intercept_for_month_4,&,running_average_size_minutes_for_month_4,&,y_intercept_for_month_5,&,running_average_size_minutes_for_month_5,&,y_intercept_for_month_6,&,running_average_size_minutes_for_month_6,&,y_intercept_for_month_7,&,running_average_size_minutes_for_month_7,&,y_intercept_for_month_8,&,running_average_size_minutes_for_month_8,&,y_intercept_for_month_9,&,running_average_size_minutes_for_month_9,&,y_intercept_for_month_10,&,running_average_size_minutes_for_month_10,&,y_intercept_for_month_11,&,running_average_size_minutes_for_month_11,&,y_intercept_for_month_12,&,running_average_size_minutes_for_month_12,&,dNetNorm,&,dMarketBalancePercentage,&,dMarketNetNorm,
results: KATL,&,17,&,1,&,17,&,1,&,17,&,1,&,17,&,1,&,17,&,31,&,7,&,1,&,17,&,31,&,17,&,31,&,7,&,121,&,17,&,1,&,17,&,1,&,17,&,1,&,0.23611538460670423,&,0.9552277756900079,&,0.22554397364405282
monthly visible minutes:KATL,&,2013,&,8672,&,8672,&,8672,&,8672,&,8672,&,8672,&,8672,&,8672,&,8672,&,8672,&,8672,&,8672,&,
monthly visible minutes:KATL,&,2014,&,8672,&,8672,&,8672,&,8672,&,8672,&,8672,&,8672,&,8672,&,8672,&,8672,&,8672,&,8672,&,
monthly minutes harvester between states:KATL,&,2013,&,38,&,38,&,38,&,38,&,38,&,38,&,38,&,38,&,38,&,38,&,38,&,38,&,
monthly minutes harvester between states:KATL,&,2014,&,38,&,38,&,38,&,38,&,38,&,38,&,38,&,38,&,38,&,38,&,38,&,38,&,
station,&,y_intercept_for_month_1,&,running_average_size_minutes_for_month_1,&,y_intercept_for_month_2,&,running_average_size_minutes_for_month_2,&,y_intercept_for_month_3,&,running_average_size_minutes_for_month_3,&,y_intercept_for_month_4,&,running_average_size_minutes_for_month_4,&,y_intercept_for_month_5,&,running_average_size_minutes_for_month_5,&,y_intercept_for_month_6,&,running_average_size_minutes_for_month_6,&,y_intercept_for_month_7,&,running_average_size_minutes_for_month_7,&,y_intercept_for_month_8,&,running_average_size_minutes_for_month_8,&,y_intercept_for_month_9,&,running_average_size_minutes_for_month_9,&,y_intercept_for_month_10,&,running_average_size_minutes_for_month_10,&,y_intercept_for_month_11,&,running_average_size_minutes_for_month_11,&,y_intercept_for_month_12,&,running_average_size_minutes_for_month_12,&,dNetNorm,&,dMarketBalancePercentage,&,dMarketNetNorm,
results: KATL,&,17,&,1,&,17,&,1,&,17,&,1,&,17,&,1,&,17,&,31,&,7,&,1,&,17,&,31,&,17,&,31,&,7,&,121,&,17,&,1,&,17,&,1,&,17,&,31,&,0.22683156197837412,&,0.9552179587575046,&,0.21667358161475891
monthly visible minutes:KATL,&,2013,&,8672,&,8672,&,8672,&,8672,&,8672,&,8672,&,8672,&,8672,&,8672,&,8672,&,8672,&,8672,&,
monthly visible minutes:KATL,&,2014,&,8672,&,8672,&,8672,&,8672,&,8672,&,8672,&,8672,&,8672,&,8672,&,8672,&,8672,&,8672,&,
monthly minutes harvester between states:KATL,&,2013,&,38,&,38,&,38,&,38,&,38,&,38,&,38,&,38,&,38,&,38,&,38,&,38,&,
monthly minutes harvester between states:KATL,&,2014,&,38,&,38,&,38,&,38,&,38,&,38,&,38,&,38,&,38,&,38,&,38,&,38,&,
Station: KBOS
abc: The current path is /home/guy/retractable-wind
I have found the property file.
The training windspeed filename is /trainingKBOS2004-2012in.csv
The testing windspeed filename is /testingKBOS2013-2014in.csv
Yes, the station is KBOS
Warning: The bAlsoUsePrediction no longer has any effect
iUsedAllItsAllocatedVisibilityMinutesPerMonth: 8760
Visibility Allocation Minutes:8760
HARVESTER_SIZE_SQM is 6362
Reading file
Success: /Wind turbine power curves - wind turbine power output against wind speed in knots.csv found.
Speed (Knots) = Speed(knots) vs power (kW) , Power (kW) =V90
Speed (Knots) = 0 , Power (kW) =0
Speed (Knots) = 1 , Power (kW) =0
Speed (Knots) = 2 , Power (kW) =0
Speed (Knots) = 3 , Power (kW) =0
Speed (Knots) = 4 , Power (kW) =0
Speed (Knots) = 5 , Power (kW) =0
Speed (Knots) = 6 , Power (kW) =0
Speed (Knots) = 7 , Power (kW) =38
Speed (Knots) = 8 , Power (kW) =87
Speed (Knots) = 9 , Power (kW) =141
Speed (Knots) = 10 , Power (kW) =207
Speed (Knots) = 11 , Power (kW) =286
Speed (Knots) = 12 , Power (kW) =382
Speed (Knots) = 13 , Power (kW) =496
Speed (Knots) = 14 , Power (kW) =628
Speed (Knots) = 15 , Power (kW) =781
Speed (Knots) = 16 , Power (kW) =957
Speed (Knots) = 17 , Power (kW) =1153
Speed (Knots) = 18 , Power (kW) =1366
Speed (Knots) = 19 , Power (kW) =1589
Speed (Knots) = 20 , Power (kW) =1814
Speed (Knots) = 21 , Power (kW) =2035
Speed (Knots) = 22 , Power (kW) =2250
Speed (Knots) = 23 , Power (kW) =2452
Speed (Knots) = 24 , Power (kW) =2634
Speed (Knots) = 25 , Power (kW) =2784
Speed (Knots) = 26 , Power (kW) =2888
Speed (Knots) = 27 , Power (kW) =2949
Speed (Knots) = 28 , Power (kW) =2980
Speed (Knots) = 29 , Power (kW) =2993
Speed (Knots) = 30 , Power (kW) =3000
Speed (Knots) = 31 , Power (kW) =3000
Speed (Knots) = 32 , Power (kW) =3000
Speed (Knots) = 33 , Power (kW) =3000
Speed (Knots) = 34 , Power (kW) =3000
Speed (Knots) = 35 , Power (kW) =3000
Speed (Knots) = 36 , Power (kW) =3000
Speed (Knots) = 37 , Power (kW) =3000
Speed (Knots) = 38 , Power (kW) =3000
Speed (Knots) = 39 , Power (kW) =3000
Speed (Knots) = 40 , Power (kW) =3000
Speed (Knots) = 41 , Power (kW) =3000
Speed (Knots) = 42 , Power (kW) =3000
Speed (Knots) = 43 , Power (kW) =3000
Speed (Knots) = 44 , Power (kW) =3000
Speed (Knots) = 45 , Power (kW) =3000
Speed (Knots) = 46 , Power (kW) =3000
Speed (Knots) = 47 , Power (kW) =3000
Speed (Knots) = 48 , Power (kW) =3000
Speed (Knots) = 49 , Power (kW) =0
Speed (Knots) = 50 , Power (kW) =0
Speed (Knots) = 51 , Power (kW) =0
Speed (Knots) = 52 , Power (kW) =0
Speed (Knots) = 53 , Power (kW) =0
Speed (Knots) = 54 , Power (kW) =0
Speed (Knots) = 55 , Power (kW) =0
Speed (Knots) = 56 , Power (kW) =0
Speed (Knots) = 57 , Power (kW) =0
Speed (Knots) = 58 , Power (kW) =0
Speed (Knots) = 59 , Power (kW) =0
Speed (Knots) = 60 , Power (kW) =0
The scale is 1.0
Wind power at 10 knots in kilowatts is 207.0
Wind power in-cut-out test 0.0
Aging
Class name:edu.pitt.cs.people.guy.wind.benchmarks.Aging
Success: /Noise_Allowed_Time_Definitions_All_Stations.csv found.
The station is the record is KBOS
Success: /Noise_Allowed_Time_Definitions_All_Stations.csv found.
The station is the record is KBOS
I have found the membership file for NOT WINDY.
Windspeed (knots) [0,1), Membership Value =1.00000000,1.0
Windspeed (knots) [1,2), Membership Value =0.99999164,0.99999166
Windspeed (knots) [2,3), Membership Value =0.99985340,0.9998534
Windspeed (knots) [3,4), Membership Value =0.99903368,0.9990337
Windspeed (knots) [4,5), Membership Value =0.99619593,0.9961959
Windspeed (knots) [5,6), Membership Value =0.98905971,0.9890597
Windspeed (knots) [6,7), Membership Value =0.97423011,0.9742301
Windspeed (knots) [7,8), Membership Value =0.94819371,0.9481937
Windspeed (knots) [8,9), Membership Value =0.90716984,0.9071698
Windspeed (knots) [9,10), Membership Value =0.85117041,0.8511704
Windspeed (knots) [10,11), Membership Value =0.78185869,0.7818587
Windspeed (knots) [11,12), Membership Value =0.70042207,0.70042205
Windspeed (knots) [12,13), Membership Value =0.61073236,0.6107324
Windspeed (knots) [13,14), Membership Value =0.51685881,0.5168588
Windspeed (knots) [14,15), Membership Value =0.42111941,0.42111942
Windspeed (knots) [15,16), Membership Value =0.32985274,0.32985273
Windspeed (knots) [16,17), Membership Value =0.24340895,0.24340895
Windspeed (knots) [17,18), Membership Value =0.16532034,0.16532034
Windspeed (knots) [18,19), Membership Value =0.09647823,0.09647823
Windspeed (knots) [19,20), Membership Value =0.03608529,0.03608529
Windspeed (knots) [20,21), Membership Value =0.00000000,0.0
Windspeed (knots) [21,22), Membership Value =0.00000000,0.0
Windspeed (knots) [22,23), Membership Value =0.00000000,0.0
Windspeed (knots) [23,24), Membership Value =0.00000000,0.0
Windspeed (knots) [24,25), Membership Value =0.00000000,0.0
Windspeed (knots) [25,26), Membership Value =0.00000000,0.0
Windspeed (knots) [26,27), Membership Value =0.00000000,0.0
Windspeed (knots) [27,28), Membership Value =0.00000000,0.0
Windspeed (knots) [28,29), Membership Value =0.00000000,0.0
Windspeed (knots) [29,30), Membership Value =0.00000000,0.0
Windspeed (knots) [30,31), Membership Value =0.00000000,0.0
Windspeed (knots) [31,32), Membership Value =0.00000000,0.0
Windspeed (knots) [32,33), Membership Value =0.00000000,0.0
Windspeed (knots) [33,34), Membership Value =0.00000000,0.0
Windspeed (knots) [34,35), Membership Value =0.00000000,0.0
Windspeed (knots) [35,36), Membership Value =0.00000000,0.0
Windspeed (knots) [36,37), Membership Value =0.00000000,0.0
Windspeed (knots) [37,38), Membership Value =0.00000000,0.0
Windspeed (knots) [38,39), Membership Value =0.00000000,0.0
Windspeed (knots) [39,40), Membership Value =0.00000000,0.0
Windspeed (knots) [40,41), Membership Value =0.00000000,0.0
Windspeed (knots) [41,42), Membership Value =0.00000000,0.0
Windspeed (knots) [42,43), Membership Value =0.00000000,0.0
Windspeed (knots) [43,44), Membership Value =0.00000000,0.0
Windspeed (knots) [44,45), Membership Value =0.00000000,0.0
Windspeed (knots) [45,46), Membership Value =0.00000000,0.0
Windspeed (knots) [46,47), Membership Value =0.00000000,0.0
Windspeed (knots) [47,48), Membership Value =0.00000000,0.0
Windspeed (knots) [48,49), Membership Value =0.00000000,0.0
Windspeed (knots) [49,50), Membership Value =0.00000000,0.0
Windspeed (knots) [50,51), Membership Value =0.00000000,0.0
Windspeed (knots) [51,52), Membership Value =0.00000000,0.0
Windspeed (knots) [52,53), Membership Value =0.00000000,0.0
Windspeed (knots) [53,54), Membership Value =0.00000000,0.0
Windspeed (knots) [54,55), Membership Value =0.00000000,0.0
Windspeed (knots) [55,56), Membership Value =0.00000000,0.0
Windspeed (knots) [56,57), Membership Value =0.00000000,0.0
Windspeed (knots) [57,58), Membership Value =0.00000000,0.0
Windspeed (knots) [58,59), Membership Value =0.00000000,0.0
Windspeed (knots) [59,60), Membership Value =0.00000000,0.0
Windspeed (knots) [60,61), Membership Value =0.00000000,0.0
Windspeed (knots) [61,62), Membership Value =0.00000000,0.0
Windspeed (knots) [62,63), Membership Value =0.00000000,0.0
Windspeed (knots) [63,64), Membership Value =0.00000000,0.0
Windspeed (knots) [64,65), Membership Value =0.00000000,0.0
Windspeed (knots) [65,66), Membership Value =0.00000000,0.0
Windspeed (knots) [66,67), Membership Value =0.00000000,0.0
Windspeed (knots) [67,68), Membership Value =0.00000000,0.0
Windspeed (knots) [68,69), Membership Value =0.00000000,0.0
Windspeed (knots) [69,70), Membership Value =0.00000000,0.0
Windspeed (knots) [70,71), Membership Value =0.00000000,0.0
Windspeed (knots) [71,72), Membership Value =0.00000000,0.0
Windspeed (knots) [72,73), Membership Value =0.00000000,0.0
Windspeed (knots) [73,74), Membership Value =0.00000000,0.0
Windspeed (knots) [74,75), Membership Value =0.00000000,0.0
Windspeed (knots) [75,76), Membership Value =0.00000000,0.0
Windspeed (knots) [76,77), Membership Value =0.00000000,0.0
Windspeed (knots) [77,78), Membership Value =0.00000000,0.0
Windspeed (knots) [78,79), Membership Value =0.00000000,0.0
Windspeed (knots) [79,80), Membership Value =0.00000000,0.0
Windspeed (knots) [80,81), Membership Value =0.00000000,0.0
Windspeed (knots) [81,82), Membership Value =0.00000000,0.0
Windspeed (knots) [82,83), Membership Value =0.00000000,0.0
Windspeed (knots) [83,84), Membership Value =0.00000000,0.0
Windspeed (knots) [84,85), Membership Value =0.00000000,0.0
Windspeed (knots) [85,86), Membership Value =0.00000000,0.0
Windspeed (knots) [86,87), Membership Value =0.00000000,0.0
Windspeed (knots) [87,88), Membership Value =0.00000000,0.0
Windspeed (knots) [88,89), Membership Value =0.00000000,0.0
Windspeed (knots) [89,90), Membership Value =0.00000000,0.0
Windspeed (knots) [90,91), Membership Value =0.00000000,0.0
Windspeed (knots) [91,92), Membership Value =0.00000000,0.0
Windspeed (knots) [92,93), Membership Value =0.00000000,0.0
Windspeed (knots) [93,94), Membership Value =0.00000000,0.0
Windspeed (knots) [94,95), Membership Value =0.00000000,0.0
Windspeed (knots) [95,96), Membership Value =0.00000000,0.0
Windspeed (knots) [96,97), Membership Value =0.00000000,0.0
Windspeed (knots) [97,98), Membership Value =0.00000000,0.0
Windspeed (knots) [98,99), Membership Value =0.00000000,0.0
Windspeed (knots) [99,100), Membership Value =0.00000000,0.0
Windspeed (knots) [100,101), Membership Value =0.00000000,0.0
Windspeed (knots) [101,102), Membership Value =0.00000000,0.0
Windspeed (knots) [102,103), Membership Value =0.00000000,0.0
Windspeed (knots) [103,104), Membership Value =0.00000000,0.0
Windspeed (knots) [104,105), Membership Value =0.00000000,0.0
Windspeed (knots) [105,106), Membership Value =0.00000000,0.0
Windspeed (knots) [106,107), Membership Value =0.00000000,0.0
Windspeed (knots) [107,108), Membership Value =0.00000000,0.0
Windspeed (knots) [108,109), Membership Value =0.00000000,0.0
Windspeed (knots) [109,110), Membership Value =0.00000000,0.0
Windspeed (knots) [110,111), Membership Value =0.00000000,0.0
Windspeed (knots) [111,112), Membership Value =0.00000000,0.0
Windspeed (knots) [112,113), Membership Value =0.00000000,0.0
Windspeed (knots) [113,114), Membership Value =0.00000000,0.0
Windspeed (knots) [114,115), Membership Value =0.00000000,0.0
Windspeed (knots) [115,116), Membership Value =0.00000000,0.0
Windspeed (knots) [116,117), Membership Value =0.00000000,0.0
Windspeed (knots) [117,118), Membership Value =0.00000000,0.0
Windspeed (knots) [118,119), Membership Value =0.00000000,0.0
Windspeed (knots) [119,120), Membership Value =0.00000000,0.0
Windspeed (knots) [120,121), Membership Value =0.00000000,0.0
Windspeed (knots) [121,122), Membership Value =0.00000000,0.0
Windspeed (knots) [122,123), Membership Value =0.00000000,0.0
Windspeed (knots) [123,124), Membership Value =0.00000000,0.0
Windspeed (knots) [124,125), Membership Value =0.00000000,0.0
LowestWindspeedThatIsWindyKnots for station KBOS is 9 knots.
Transition limited :true
bUseWeatherPrediction: true
The running average is 1
The y-int is 9
Energy harvested: 4708805.108610961
iGeneratingEnergyWhenGridNeedsEnergyMinutes =676053
iGeneratingEnergyWhenGridNeedsEnergyMinutes =676053
iUsingEnergyWhenGridNeedsEnergyMinutes =1764
iGeneratingEnergyWhenGridHasExcessEnergyMinutes = 7543
iUsingEnergyWhenGridHasExcessEnergyMinutes = 96
iIdleWhenGridDoesNotNeedEnergyMinutes = 38441
iIdleWhenGridNeedsEnergyMinutes = 4010582
iEnergyPriceIsZeroMinutes = 240
harvester.getEnergyHarvestedAVAILABLEKilowattHours( ): 2.462576615E7
harvester.getEnergyHarvestedKilowattHours(): 4708805.108610961
The y-int is 19
Energy harvested: 6331031.444166664
iGeneratingEnergyWhenGridNeedsEnergyMinutes =711210
iGeneratingEnergyWhenGridNeedsEnergyMinutes =711210
iUsingEnergyWhenGridNeedsEnergyMinutes =367
iGeneratingEnergyWhenGridHasExcessEnergyMinutes = 7466
iUsingEnergyWhenGridHasExcessEnergyMinutes = 0
iIdleWhenGridDoesNotNeedEnergyMinutes = 38614
iIdleWhenGridNeedsEnergyMinutes = 3976822
iEnergyPriceIsZeroMinutes = 240
harvester.getEnergyHarvestedAVAILABLEKilowattHours( ): 2.462576615E7
harvester.getEnergyHarvestedKilowattHours(): 6331031.444166664
The y-int is 29
Energy harvested: 5090486.149444308
iGeneratingEnergyWhenGridNeedsEnergyMinutes =664762
iGeneratingEnergyWhenGridNeedsEnergyMinutes =664762
iUsingEnergyWhenGridNeedsEnergyMinutes =1800
iGeneratingEnergyWhenGridHasExcessEnergyMinutes = 6601
iUsingEnergyWhenGridHasExcessEnergyMinutes = 58
iIdleWhenGridDoesNotNeedEnergyMinutes = 39421
iIdleWhenGridNeedsEnergyMinutes = 4021837
iEnergyPriceIsZeroMinutes = 240
harvester.getEnergyHarvestedAVAILABLEKilowattHours( ): 2.462576615E7
harvester.getEnergyHarvestedKilowattHours(): 5090486.149444308
The y-int is 39
Energy harvested: 4951588.3994443035
iGeneratingEnergyWhenGridNeedsEnergyMinutes =660523
iGeneratingEnergyWhenGridNeedsEnergyMinutes =660523
iUsingEnergyWhenGridNeedsEnergyMinutes =1916
iGeneratingEnergyWhenGridHasExcessEnergyMinutes = 6601
iUsingEnergyWhenGridHasExcessEnergyMinutes = 58
iIdleWhenGridDoesNotNeedEnergyMinutes = 39421
iIdleWhenGridNeedsEnergyMinutes = 4025960
iEnergyPriceIsZeroMinutes = 240
harvester.getEnergyHarvestedAVAILABLEKilowattHours( ): 2.462576615E7
harvester.getEnergyHarvestedKilowattHours(): 4951588.3994443035
The running average is 31
The y-int is 9
Energy harvested: 4711949.034999851
iGeneratingEnergyWhenGridNeedsEnergyMinutes =675204
iGeneratingEnergyWhenGridNeedsEnergyMinutes =675204
iUsingEnergyWhenGridNeedsEnergyMinutes =1764
iGeneratingEnergyWhenGridHasExcessEnergyMinutes = 7333
iUsingEnergyWhenGridHasExcessEnergyMinutes = 57
iIdleWhenGridDoesNotNeedEnergyMinutes = 38690
iIdleWhenGridNeedsEnergyMinutes = 4011431
iEnergyPriceIsZeroMinutes = 240
harvester.getEnergyHarvestedAVAILABLEKilowattHours( ): 2.462576615E7
harvester.getEnergyHarvestedKilowattHours(): 4711949.034999851
The y-int is 19
Energy harvested: 5756784.444166615
iGeneratingEnergyWhenGridNeedsEnergyMinutes =686066
iGeneratingEnergyWhenGridNeedsEnergyMinutes =686066
iUsingEnergyWhenGridNeedsEnergyMinutes =909
iGeneratingEnergyWhenGridHasExcessEnergyMinutes = 7138
iUsingEnergyWhenGridHasExcessEnergyMinutes = 39
iIdleWhenGridDoesNotNeedEnergyMinutes = 38903
iIdleWhenGridNeedsEnergyMinutes = 4001424
iEnergyPriceIsZeroMinutes = 240
harvester.getEnergyHarvestedAVAILABLEKilowattHours( ): 2.462576615E7
harvester.getEnergyHarvestedKilowattHours(): 5756784.444166615
The y-int is 29
Energy harvested: 4982185.143888747
iGeneratingEnergyWhenGridNeedsEnergyMinutes =660330
iGeneratingEnergyWhenGridNeedsEnergyMinutes =660330
iUsingEnergyWhenGridNeedsEnergyMinutes =1878
iGeneratingEnergyWhenGridHasExcessEnergyMinutes = 6601
iUsingEnergyWhenGridHasExcessEnergyMinutes = 58
iIdleWhenGridDoesNotNeedEnergyMinutes = 39421
iIdleWhenGridNeedsEnergyMinutes = 4026191
iEnergyPriceIsZeroMinutes = 240
harvester.getEnergyHarvestedAVAILABLEKilowattHours( ): 2.462576615E7
harvester.getEnergyHarvestedKilowattHours(): 4982185.143888747
The y-int is 39
Energy harvested: 4951588.3994443035
iGeneratingEnergyWhenGridNeedsEnergyMinutes =660523
iGeneratingEnergyWhenGridNeedsEnergyMinutes =660523
iUsingEnergyWhenGridNeedsEnergyMinutes =1916
iGeneratingEnergyWhenGridHasExcessEnergyMinutes = 6601
iUsingEnergyWhenGridHasExcessEnergyMinutes = 58
iIdleWhenGridDoesNotNeedEnergyMinutes = 39421
iIdleWhenGridNeedsEnergyMinutes = 4025960
iEnergyPriceIsZeroMinutes = 240
harvester.getEnergyHarvestedAVAILABLEKilowattHours( ): 2.462576615E7
harvester.getEnergyHarvestedKilowattHours(): 4951588.3994443035
The running average is 61
The y-int is 9
Energy harvested: 4712451.664999857
iGeneratingEnergyWhenGridNeedsEnergyMinutes =675171
iGeneratingEnergyWhenGridNeedsEnergyMinutes =675171
iUsingEnergyWhenGridNeedsEnergyMinutes =1723
iGeneratingEnergyWhenGridHasExcessEnergyMinutes = 7105
iUsingEnergyWhenGridHasExcessEnergyMinutes = 55
iIdleWhenGridDoesNotNeedEnergyMinutes = 38920
iIdleWhenGridNeedsEnergyMinutes = 4011505
iEnergyPriceIsZeroMinutes = 240
harvester.getEnergyHarvestedAVAILABLEKilowattHours( ): 2.462576615E7
harvester.getEnergyHarvestedKilowattHours(): 4712451.664999857
The y-int is 19
Energy harvested: 5945390.275833293
iGeneratingEnergyWhenGridNeedsEnergyMinutes =688878
iGeneratingEnergyWhenGridNeedsEnergyMinutes =688878
iUsingEnergyWhenGridNeedsEnergyMinutes =1031
iGeneratingEnergyWhenGridHasExcessEnergyMinutes = 6940
iUsingEnergyWhenGridHasExcessEnergyMinutes = 39
iIdleWhenGridDoesNotNeedEnergyMinutes = 39101
iIdleWhenGridNeedsEnergyMinutes = 3998490
iEnergyPriceIsZeroMinutes = 240
harvester.getEnergyHarvestedAVAILABLEKilowattHours( ): 2.462576615E7
harvester.getEnergyHarvestedKilowattHours(): 5945390.275833293
The y-int is 29
Energy harvested: 4951588.3994443035
iGeneratingEnergyWhenGridNeedsEnergyMinutes =660523
iGeneratingEnergyWhenGridNeedsEnergyMinutes =660523
iUsingEnergyWhenGridNeedsEnergyMinutes =1916
iGeneratingEnergyWhenGridHasExcessEnergyMinutes = 6601
iUsingEnergyWhenGridHasExcessEnergyMinutes = 58
iIdleWhenGridDoesNotNeedEnergyMinutes = 39421
iIdleWhenGridNeedsEnergyMinutes = 4025960
iEnergyPriceIsZeroMinutes = 240
harvester.getEnergyHarvestedAVAILABLEKilowattHours( ): 2.462576615E7
harvester.getEnergyHarvestedKilowattHours(): 4951588.3994443035
The y-int is 39
Energy harvested: 4951588.3994443035
iGeneratingEnergyWhenGridNeedsEnergyMinutes =660523
iGeneratingEnergyWhenGridNeedsEnergyMinutes =660523
iUsingEnergyWhenGridNeedsEnergyMinutes =1916
iGeneratingEnergyWhenGridHasExcessEnergyMinutes = 6601
iUsingEnergyWhenGridHasExcessEnergyMinutes = 58
iIdleWhenGridDoesNotNeedEnergyMinutes = 39421
iIdleWhenGridNeedsEnergyMinutes = 4025960
iEnergyPriceIsZeroMinutes = 240
harvester.getEnergyHarvestedAVAILABLEKilowattHours( ): 2.462576615E7
harvester.getEnergyHarvestedKilowattHours(): 4951588.3994443035
The running average is 91
The y-int is 9
Energy harvested: 4711356.572777641
iGeneratingEnergyWhenGridNeedsEnergyMinutes =674591
iGeneratingEnergyWhenGridNeedsEnergyMinutes =674591
iUsingEnergyWhenGridNeedsEnergyMinutes =1716
iGeneratingEnergyWhenGridHasExcessEnergyMinutes = 7257
iUsingEnergyWhenGridHasExcessEnergyMinutes = 38
iIdleWhenGridDoesNotNeedEnergyMinutes = 38785
iIdleWhenGridNeedsEnergyMinutes = 4012092
iEnergyPriceIsZeroMinutes = 240
harvester.getEnergyHarvestedAVAILABLEKilowattHours( ): 2.462576615E7
harvester.getEnergyHarvestedKilowattHours(): 4711356.572777641
The y-int is 19
Energy harvested: 5928570.123333289
iGeneratingEnergyWhenGridNeedsEnergyMinutes =687857
iGeneratingEnergyWhenGridNeedsEnergyMinutes =687857
iUsingEnergyWhenGridNeedsEnergyMinutes =1156
iGeneratingEnergyWhenGridHasExcessEnergyMinutes = 6864
iUsingEnergyWhenGridHasExcessEnergyMinutes = 39
iIdleWhenGridDoesNotNeedEnergyMinutes = 39177
iIdleWhenGridNeedsEnergyMinutes = 3999386
iEnergyPriceIsZeroMinutes = 240
harvester.getEnergyHarvestedAVAILABLEKilowattHours( ): 2.462576615E7
harvester.getEnergyHarvestedKilowattHours(): 5928570.123333289
The y-int is 29
Energy harvested: 4951588.3994443035
iGeneratingEnergyWhenGridNeedsEnergyMinutes =660523
iGeneratingEnergyWhenGridNeedsEnergyMinutes =660523
iUsingEnergyWhenGridNeedsEnergyMinutes =1916
iGeneratingEnergyWhenGridHasExcessEnergyMinutes = 6601
iUsingEnergyWhenGridHasExcessEnergyMinutes = 58
iIdleWhenGridDoesNotNeedEnergyMinutes = 39421
iIdleWhenGridNeedsEnergyMinutes = 4025960
iEnergyPriceIsZeroMinutes = 240
harvester.getEnergyHarvestedAVAILABLEKilowattHours( ): 2.462576615E7
harvester.getEnergyHarvestedKilowattHours(): 4951588.3994443035
The y-int is 39
Energy harvested: 4951588.3994443035
iGeneratingEnergyWhenGridNeedsEnergyMinutes =660523
iGeneratingEnergyWhenGridNeedsEnergyMinutes =660523
iUsingEnergyWhenGridNeedsEnergyMinutes =1916
iGeneratingEnergyWhenGridHasExcessEnergyMinutes = 6601
iUsingEnergyWhenGridHasExcessEnergyMinutes = 58
iIdleWhenGridDoesNotNeedEnergyMinutes = 39421
iIdleWhenGridNeedsEnergyMinutes = 4025960
iEnergyPriceIsZeroMinutes = 240
harvester.getEnergyHarvestedAVAILABLEKilowattHours( ): 2.462576615E7
harvester.getEnergyHarvestedKilowattHours(): 4951588.3994443035
The running average is 121
The y-int is 9
Energy harvested: 4685636.549722079
iGeneratingEnergyWhenGridNeedsEnergyMinutes =673928
iGeneratingEnergyWhenGridNeedsEnergyMinutes =673928
iUsingEnergyWhenGridNeedsEnergyMinutes =1692
iGeneratingEnergyWhenGridHasExcessEnergyMinutes = 7255
iUsingEnergyWhenGridHasExcessEnergyMinutes = 25
iIdleWhenGridDoesNotNeedEnergyMinutes = 38800
iIdleWhenGridNeedsEnergyMinutes = 4012779
iEnergyPriceIsZeroMinutes = 240
harvester.getEnergyHarvestedAVAILABLEKilowattHours( ): 2.462576615E7
harvester.getEnergyHarvestedKilowattHours(): 4685636.549722079
The y-int is 19
Energy harvested: 5845225.667777719
iGeneratingEnergyWhenGridNeedsEnergyMinutes =686768
iGeneratingEnergyWhenGridNeedsEnergyMinutes =686768
iUsingEnergyWhenGridNeedsEnergyMinutes =1175
iGeneratingEnergyWhenGridHasExcessEnergyMinutes = 6864
iUsingEnergyWhenGridHasExcessEnergyMinutes = 39
iIdleWhenGridDoesNotNeedEnergyMinutes = 39177
iIdleWhenGridNeedsEnergyMinutes = 4000456
iEnergyPriceIsZeroMinutes = 240
harvester.getEnergyHarvestedAVAILABLEKilowattHours( ): 2.462576615E7
harvester.getEnergyHarvestedKilowattHours(): 5845225.667777719
The y-int is 29
Energy harvested: 4951588.3994443035
iGeneratingEnergyWhenGridNeedsEnergyMinutes =660523
iGeneratingEnergyWhenGridNeedsEnergyMinutes =660523
iUsingEnergyWhenGridNeedsEnergyMinutes =1916
iGeneratingEnergyWhenGridHasExcessEnergyMinutes = 6601
iUsingEnergyWhenGridHasExcessEnergyMinutes = 58
iIdleWhenGridDoesNotNeedEnergyMinutes = 39421
iIdleWhenGridNeedsEnergyMinutes = 4025960
iEnergyPriceIsZeroMinutes = 240
harvester.getEnergyHarvestedAVAILABLEKilowattHours( ): 2.462576615E7
harvester.getEnergyHarvestedKilowattHours(): 4951588.3994443035
The y-int is 39
Energy harvested: 4951588.3994443035
iGeneratingEnergyWhenGridNeedsEnergyMinutes =660523
iGeneratingEnergyWhenGridNeedsEnergyMinutes =660523
iUsingEnergyWhenGridNeedsEnergyMinutes =1916
iGeneratingEnergyWhenGridHasExcessEnergyMinutes = 6601
iUsingEnergyWhenGridHasExcessEnergyMinutes = 58
iIdleWhenGridDoesNotNeedEnergyMinutes = 39421
iIdleWhenGridNeedsEnergyMinutes = 4025960
iEnergyPriceIsZeroMinutes = 240
harvester.getEnergyHarvestedAVAILABLEKilowattHours( ): 2.462576615E7
harvester.getEnergyHarvestedKilowattHours(): 4951588.3994443035
Beginning testing mode:
station,&,y_intercept_for_month_1,&,running_average_size_minutes_for_month_1,&,y_intercept_for_month_2,&,running_average_size_minutes_for_month_2,&,y_intercept_for_month_3,&,running_average_size_minutes_for_month_3,&,y_intercept_for_month_4,&,running_average_size_minutes_for_month_4,&,y_intercept_for_month_5,&,running_average_size_minutes_for_month_5,&,y_intercept_for_month_6,&,running_average_size_minutes_for_month_6,&,y_intercept_for_month_7,&,running_average_size_minutes_for_month_7,&,y_intercept_for_month_8,&,running_average_size_minutes_for_month_8,&,y_intercept_for_month_9,&,running_average_size_minutes_for_month_9,&,y_intercept_for_month_10,&,running_average_size_minutes_for_month_10,&,y_intercept_for_month_11,&,running_average_size_minutes_for_month_11,&,y_intercept_for_month_12,&,running_average_size_minutes_for_month_12,&,dNetNorm,&,dMarketBalancePercentage,&,dMarketNetNorm,
results: KBOS,&,19,&,1,&,19,&,61,&,19,&,1,&,19,&,1,&,19,&,1,&,19,&,1,&,9,&,1,&,19,&,1,&,29,&,1,&,29,&,1,&,19,&,1,&,29,&,1,&,0.20270491115388156,&,0.9262773722627737,&,0.18776097244837642
monthly visible minutes:KBOS,&,2013,&,8672,&,8672,&,8672,&,8672,&,8672,&,8672,&,8672,&,8672,&,8672,&,8672,&,8672,&,8672,&,
monthly visible minutes:KBOS,&,2014,&,8672,&,8672,&,8672,&,8672,&,8672,&,8672,&,8672,&,8672,&,8672,&,8672,&,8672,&,8672,&,
monthly minutes harvester between states:KBOS,&,2013,&,38,&,38,&,38,&,38,&,38,&,38,&,38,&,38,&,38,&,38,&,38,&,38,&,
monthly minutes harvester between states:KBOS,&,2014,&,38,&,38,&,38,&,38,&,38,&,38,&,38,&,38,&,38,&,38,&,38,&,38,&,
station,&,y_intercept_for_month_1,&,running_average_size_minutes_for_month_1,&,y_intercept_for_month_2,&,running_average_size_minutes_for_month_2,&,y_intercept_for_month_3,&,running_average_size_minutes_for_month_3,&,y_intercept_for_month_4,&,running_average_size_minutes_for_month_4,&,y_intercept_for_month_5,&,running_average_size_minutes_for_month_5,&,y_intercept_for_month_6,&,running_average_size_minutes_for_month_6,&,y_intercept_for_month_7,&,running_average_size_minutes_for_month_7,&,y_intercept_for_month_8,&,running_average_size_minutes_for_month_8,&,y_intercept_for_month_9,&,running_average_size_minutes_for_month_9,&,y_intercept_for_month_10,&,running_average_size_minutes_for_month_10,&,y_intercept_for_month_11,&,running_average_size_minutes_for_month_11,&,y_intercept_for_month_12,&,running_average_size_minutes_for_month_12,&,dNetNorm,&,dMarketBalancePercentage,&,dMarketNetNorm,
results: KBOS,&,19,&,1,&,19,&,61,&,19,&,1,&,19,&,1,&,19,&,1,&,19,&,1,&,9,&,1,&,19,&,1,&,29,&,1,&,29,&,1,&,19,&,1,&,29,&,1,&,0.20270491115388156,&,0.9262773722627737,&,0.18776097244837642
monthly visible minutes:KBOS,&,2013,&,8672,&,8672,&,8672,&,8672,&,8672,&,8672,&,8672,&,8672,&,8672,&,8672,&,8672,&,8672,&,
monthly visible minutes:KBOS,&,2014,&,8672,&,8672,&,8672,&,8672,&,8672,&,8672,&,8672,&,8672,&,8672,&,8672,&,8672,&,8672,&,
monthly minutes harvester between states:KBOS,&,2013,&,38,&,38,&,38,&,38,&,38,&,38,&,38,&,38,&,38,&,38,&,38,&,38,&,
monthly minutes harvester between states:KBOS,&,2014,&,38,&,38,&,38,&,38,&,38,&,38,&,38,&,38,&,38,&,38,&,38,&,38,&,
Station: KBWI
abc: The current path is /home/guy/retractable-wind
I have found the property file.
The training windspeed filename is /trainingKBWI2004-2012in.csv
The testing windspeed filename is /testingKBWI2013-2014in.csv
Yes, the station is KBWI
Warning: The bAlsoUsePrediction no longer has any effect
iUsedAllItsAllocatedVisibilityMinutesPerMonth: 8760
Visibility Allocation Minutes:8760
HARVESTER_SIZE_SQM is 6362
Reading file
Success: /Wind turbine power curves - wind turbine power output against wind speed in knots.csv found.
Speed (Knots) = Speed(knots) vs power (kW) , Power (kW) =V90
Speed (Knots) = 0 , Power (kW) =0
Speed (Knots) = 1 , Power (kW) =0
Speed (Knots) = 2 , Power (kW) =0
Speed (Knots) = 3 , Power (kW) =0
Speed (Knots) = 4 , Power (kW) =0
Speed (Knots) = 5 , Power (kW) =0
Speed (Knots) = 6 , Power (kW) =0
Speed (Knots) = 7 , Power (kW) =38
Speed (Knots) = 8 , Power (kW) =87
Speed (Knots) = 9 , Power (kW) =141
Speed (Knots) = 10 , Power (kW) =207
Speed (Knots) = 11 , Power (kW) =286
Speed (Knots) = 12 , Power (kW) =382
Speed (Knots) = 13 , Power (kW) =496
Speed (Knots) = 14 , Power (kW) =628
Speed (Knots) = 15 , Power (kW) =781
Speed (Knots) = 16 , Power (kW) =957
Speed (Knots) = 17 , Power (kW) =1153
Speed (Knots) = 18 , Power (kW) =1366
Speed (Knots) = 19 , Power (kW) =1589
Speed (Knots) = 20 , Power (kW) =1814
Speed (Knots) = 21 , Power (kW) =2035
Speed (Knots) = 22 , Power (kW) =2250
Speed (Knots) = 23 , Power (kW) =2452
Speed (Knots) = 24 , Power (kW) =2634
Speed (Knots) = 25 , Power (kW) =2784
Speed (Knots) = 26 , Power (kW) =2888
Speed (Knots) = 27 , Power (kW) =2949
Speed (Knots) = 28 , Power (kW) =2980
Speed (Knots) = 29 , Power (kW) =2993
Speed (Knots) = 30 , Power (kW) =3000
Speed (Knots) = 31 , Power (kW) =3000
Speed (Knots) = 32 , Power (kW) =3000
Speed (Knots) = 33 , Power (kW) =3000
Speed (Knots) = 34 , Power (kW) =3000
Speed (Knots) = 35 , Power (kW) =3000
Speed (Knots) = 36 , Power (kW) =3000
Speed (Knots) = 37 , Power (kW) =3000
Speed (Knots) = 38 , Power (kW) =3000
Speed (Knots) = 39 , Power (kW) =3000
Speed (Knots) = 40 , Power (kW) =3000
Speed (Knots) = 41 , Power (kW) =3000
Speed (Knots) = 42 , Power (kW) =3000
Speed (Knots) = 43 , Power (kW) =3000
Speed (Knots) = 44 , Power (kW) =3000
Speed (Knots) = 45 , Power (kW) =3000
Speed (Knots) = 46 , Power (kW) =3000
Speed (Knots) = 47 , Power (kW) =3000
Speed (Knots) = 48 , Power (kW) =3000
Speed (Knots) = 49 , Power (kW) =0
Speed (Knots) = 50 , Power (kW) =0
Speed (Knots) = 51 , Power (kW) =0
Speed (Knots) = 52 , Power (kW) =0
Speed (Knots) = 53 , Power (kW) =0
Speed (Knots) = 54 , Power (kW) =0
Speed (Knots) = 55 , Power (kW) =0
Speed (Knots) = 56 , Power (kW) =0
Speed (Knots) = 57 , Power (kW) =0
Speed (Knots) = 58 , Power (kW) =0
Speed (Knots) = 59 , Power (kW) =0
Speed (Knots) = 60 , Power (kW) =0
The scale is 1.0
Wind power at 10 knots in kilowatts is 207.0
Wind power in-cut-out test 0.0
Aging
Class name:edu.pitt.cs.people.guy.wind.benchmarks.Aging
Success: /Noise_Allowed_Time_Definitions_All_Stations.csv found.
The station is the record is KBWI
Success: /Noise_Allowed_Time_Definitions_All_Stations.csv found.
The station is the record is KBWI
I have found the membership file for NOT WINDY.
Windspeed (knots) [0,1), Membership Value =1.0000000,1.0
Windspeed (knots) [1,2), Membership Value =0.9998161,0.9998161
Windspeed (knots) [2,3), Membership Value =0.9978543,0.9978543
Windspeed (knots) [3,4), Membership Value =0.9910165,0.9910165
Windspeed (knots) [4,5), Membership Value =0.9758631,0.9758631
Windspeed (knots) [5,6), Membership Value =0.9478741,0.9478741
Windspeed (knots) [6,7), Membership Value =0.9047102,0.9047102
Windspeed (knots) [7,8), Membership Value =0.8444605,0.8444605
Windspeed (knots) [8,9), Membership Value =0.7707480,0.770748
Windspeed (knots) [9,10), Membership Value =0.6887862,0.6887862
Windspeed (knots) [10,11), Membership Value =0.6022681,0.6022681
Windspeed (knots) [11,12), Membership Value =0.5149279,0.5149279
Windspeed (knots) [12,13), Membership Value =0.4278791,0.4278791
Windspeed (knots) [13,14), Membership Value =0.3435245,0.3435245
Windspeed (knots) [14,15), Membership Value =0.2628425,0.2628425
Windspeed (knots) [15,16), Membership Value =0.1871031,0.1871031
Windspeed (knots) [16,17), Membership Value =0.1167085,0.1167085
Windspeed (knots) [17,18), Membership Value =0.0533077,0.0533077
Windspeed (knots) [18,19), Membership Value =0.0000000,0.0
Windspeed (knots) [19,20), Membership Value =0.0000000,0.0
Windspeed (knots) [20,21), Membership Value =0.0000000,0.0
Windspeed (knots) [21,22), Membership Value =0.0000000,0.0
Windspeed (knots) [22,23), Membership Value =0.0000000,0.0
Windspeed (knots) [23,24), Membership Value =0.0000000,0.0
Windspeed (knots) [24,25), Membership Value =0.0000000,0.0
Windspeed (knots) [25,26), Membership Value =0.0000000,0.0
Windspeed (knots) [26,27), Membership Value =0.0000000,0.0
Windspeed (knots) [27,28), Membership Value =0.0000000,0.0
Windspeed (knots) [28,29), Membership Value =0.0000000,0.0
Windspeed (knots) [29,30), Membership Value =0.0000000,0.0
Windspeed (knots) [30,31), Membership Value =0.0000000,0.0
Windspeed (knots) [31,32), Membership Value =0.0000000,0.0
Windspeed (knots) [32,33), Membership Value =0.0000000,0.0
Windspeed (knots) [33,34), Membership Value =0.0000000,0.0
Windspeed (knots) [34,35), Membership Value =0.0000000,0.0
Windspeed (knots) [35,36), Membership Value =0.0000000,0.0
Windspeed (knots) [36,37), Membership Value =0.0000000,0.0
Windspeed (knots) [37,38), Membership Value =0.0000000,0.0
Windspeed (knots) [38,39), Membership Value =0.0000000,0.0
Windspeed (knots) [39,40), Membership Value =0.0000000,0.0
Windspeed (knots) [40,41), Membership Value =0.0000000,0.0
Windspeed (knots) [41,42), Membership Value =0.0000000,0.0
Windspeed (knots) [42,43), Membership Value =0.0000000,0.0
Windspeed (knots) [43,44), Membership Value =0.0000000,0.0
Windspeed (knots) [44,45), Membership Value =0.0000000,0.0
Windspeed (knots) [45,46), Membership Value =0.0000000,0.0
Windspeed (knots) [46,47), Membership Value =0.0000000,0.0
Windspeed (knots) [47,48), Membership Value =0.0000000,0.0
Windspeed (knots) [48,49), Membership Value =0.0000000,0.0
Windspeed (knots) [49,50), Membership Value =0.0000000,0.0
Windspeed (knots) [50,51), Membership Value =0.0000000,0.0
Windspeed (knots) [51,52), Membership Value =0.0000000,0.0
Windspeed (knots) [52,53), Membership Value =0.0000000,0.0
Windspeed (knots) [53,54), Membership Value =0.0000000,0.0
Windspeed (knots) [54,55), Membership Value =0.0000000,0.0
Windspeed (knots) [55,56), Membership Value =0.0000000,0.0
Windspeed (knots) [56,57), Membership Value =0.0000000,0.0
Windspeed (knots) [57,58), Membership Value =0.0000000,0.0
Windspeed (knots) [58,59), Membership Value =0.0000000,0.0
Windspeed (knots) [59,60), Membership Value =0.0000000,0.0
Windspeed (knots) [60,61), Membership Value =0.0000000,0.0
Windspeed (knots) [61,62), Membership Value =0.0000000,0.0
Windspeed (knots) [62,63), Membership Value =0.0000000,0.0
Windspeed (knots) [63,64), Membership Value =0.0000000,0.0
Windspeed (knots) [64,65), Membership Value =0.0000000,0.0
Windspeed (knots) [65,66), Membership Value =0.0000000,0.0
Windspeed (knots) [66,67), Membership Value =0.0000000,0.0
Windspeed (knots) [67,68), Membership Value =0.0000000,0.0
Windspeed (knots) [68,69), Membership Value =0.0000000,0.0
Windspeed (knots) [69,70), Membership Value =0.0000000,0.0
Windspeed (knots) [70,71), Membership Value =0.0000000,0.0
Windspeed (knots) [71,72), Membership Value =0.0000000,0.0
Windspeed (knots) [72,73), Membership Value =0.0000000,0.0
Windspeed (knots) [73,74), Membership Value =0.0000000,0.0
Windspeed (knots) [74,75), Membership Value =0.0000000,0.0
Windspeed (knots) [75,76), Membership Value =0.0000000,0.0
Windspeed (knots) [76,77), Membership Value =0.0000000,0.0
Windspeed (knots) [77,78), Membership Value =0.0000000,0.0
Windspeed (knots) [78,79), Membership Value =0.0000000,0.0
Windspeed (knots) [79,80), Membership Value =0.0000000,0.0
Windspeed (knots) [80,81), Membership Value =0.0000000,0.0
Windspeed (knots) [81,82), Membership Value =0.0000000,0.0
Windspeed (knots) [82,83), Membership Value =0.0000000,0.0
Windspeed (knots) [83,84), Membership Value =0.0000000,0.0
Windspeed (knots) [84,85), Membership Value =0.0000000,0.0
Windspeed (knots) [85,86), Membership Value =0.0000000,0.0
Windspeed (knots) [86,87), Membership Value =0.0000000,0.0
Windspeed (knots) [87,88), Membership Value =0.0000000,0.0
Windspeed (knots) [88,89), Membership Value =0.0000000,0.0
Windspeed (knots) [89,90), Membership Value =0.0000000,0.0
Windspeed (knots) [90,91), Membership Value =0.0000000,0.0
Windspeed (knots) [91,92), Membership Value =0.0000000,0.0
Windspeed (knots) [92,93), Membership Value =0.0000000,0.0
Windspeed (knots) [93,94), Membership Value =0.0000000,0.0
Windspeed (knots) [94,95), Membership Value =0.0000000,0.0
Windspeed (knots) [95,96), Membership Value =0.0000000,0.0
Windspeed (knots) [96,97), Membership Value =0.0000000,0.0
Windspeed (knots) [97,98), Membership Value =0.0000000,0.0
Windspeed (knots) [98,99), Membership Value =0.0000000,0.0
Windspeed (knots) [99,100), Membership Value =0.0000000,0.0
Windspeed (knots) [100,101), Membership Value =0.0000000,0.0
Windspeed (knots) [101,102), Membership Value =0.0000000,0.0
Windspeed (knots) [102,103), Membership Value =0.0000000,0.0
Windspeed (knots) [103,104), Membership Value =0.0000000,0.0
Windspeed (knots) [104,105), Membership Value =0.0000000,0.0
Windspeed (knots) [105,106), Membership Value =0.0000000,0.0
Windspeed (knots) [106,107), Membership Value =0.0000000,0.0
Windspeed (knots) [107,108), Membership Value =0.0000000,0.0
Windspeed (knots) [108,109), Membership Value =0.0000000,0.0
Windspeed (knots) [109,110), Membership Value =0.0000000,0.0
Windspeed (knots) [110,111), Membership Value =0.0000000,0.0
Windspeed (knots) [111,112), Membership Value =0.0000000,0.0
Windspeed (knots) [112,113), Membership Value =0.0000000,0.0
Windspeed (knots) [113,114), Membership Value =0.0000000,0.0
Windspeed (knots) [114,115), Membership Value =0.0000000,0.0
Windspeed (knots) [115,116), Membership Value =0.0000000,0.0
Windspeed (knots) [116,117), Membership Value =0.0000000,0.0
Windspeed (knots) [117,118), Membership Value =0.0000000,0.0
Windspeed (knots) [118,119), Membership Value =0.0000000,0.0
Windspeed (knots) [119,120), Membership Value =0.0000000,0.0
Windspeed (knots) [120,121), Membership Value =0.0000000,0.0
Windspeed (knots) [121,122), Membership Value =0.0000000,0.0
Windspeed (knots) [122,123), Membership Value =0.0000000,0.0
Windspeed (knots) [123,124), Membership Value =0.0000000,0.0
Windspeed (knots) [124,125), Membership Value =0.0000000,0.0
LowestWindspeedThatIsWindyKnots for station KBWI is 7 knots.
Transition limited :true
bUseWeatherPrediction: true
The running average is 1
The y-int is 7
Energy harvested: 1828224.890277806
iGeneratingEnergyWhenGridNeedsEnergyMinutes =341501
iGeneratingEnergyWhenGridNeedsEnergyMinutes =341501
iUsingEnergyWhenGridNeedsEnergyMinutes =2006
iGeneratingEnergyWhenGridHasExcessEnergyMinutes = 3318
iUsingEnergyWhenGridHasExcessEnergyMinutes = 67
iIdleWhenGridDoesNotNeedEnergyMinutes = 42695
iIdleWhenGridNeedsEnergyMinutes = 4343673
iEnergyPriceIsZeroMinutes = 240
harvester.getEnergyHarvestedAVAILABLEKilowattHours( ): 8529008.366666667
harvester.getEnergyHarvestedKilowattHours(): 1828224.890277806
The y-int is 17
Energy harvested: 2479792.55833332
iGeneratingEnergyWhenGridNeedsEnergyMinutes =364117
iGeneratingEnergyWhenGridNeedsEnergyMinutes =364117
iUsingEnergyWhenGridNeedsEnergyMinutes =683
iGeneratingEnergyWhenGridHasExcessEnergyMinutes = 3753
iUsingEnergyWhenGridHasExcessEnergyMinutes = 40
iIdleWhenGridDoesNotNeedEnergyMinutes = 42287
iIdleWhenGridNeedsEnergyMinutes = 4322380
iEnergyPriceIsZeroMinutes = 240
harvester.getEnergyHarvestedAVAILABLEKilowattHours( ): 8529008.366666667
harvester.getEnergyHarvestedKilowattHours(): 2479792.55833332
The y-int is 27
Energy harvested: 1806449.4586111344
iGeneratingEnergyWhenGridNeedsEnergyMinutes =331189
iGeneratingEnergyWhenGridNeedsEnergyMinutes =331189
iUsingEnergyWhenGridNeedsEnergyMinutes =1994
iGeneratingEnergyWhenGridHasExcessEnergyMinutes = 3978
iUsingEnergyWhenGridHasExcessEnergyMinutes = 60
iIdleWhenGridDoesNotNeedEnergyMinutes = 42042
iIdleWhenGridNeedsEnergyMinutes = 4353997
iEnergyPriceIsZeroMinutes = 240
harvester.getEnergyHarvestedAVAILABLEKilowattHours( ): 8529008.366666667
harvester.getEnergyHarvestedKilowattHours(): 1806449.4586111344
The y-int is 37
Energy harvested: 1777913.986944468
iGeneratingEnergyWhenGridNeedsEnergyMinutes =330872
iGeneratingEnergyWhenGridNeedsEnergyMinutes =330872
iUsingEnergyWhenGridNeedsEnergyMinutes =2012
iGeneratingEnergyWhenGridHasExcessEnergyMinutes = 3978
iUsingEnergyWhenGridHasExcessEnergyMinutes = 60
iIdleWhenGridDoesNotNeedEnergyMinutes = 42042
iIdleWhenGridNeedsEnergyMinutes = 4354296
iEnergyPriceIsZeroMinutes = 240
harvester.getEnergyHarvestedAVAILABLEKilowattHours( ): 8529008.366666667
harvester.getEnergyHarvestedKilowattHours(): 1777913.986944468
The running average is 31
The y-int is 7
Energy harvested: 1855111.3016666945
iGeneratingEnergyWhenGridNeedsEnergyMinutes =345512
iGeneratingEnergyWhenGridNeedsEnergyMinutes =345512
iUsingEnergyWhenGridNeedsEnergyMinutes =1957
iGeneratingEnergyWhenGridHasExcessEnergyMinutes = 3298
iUsingEnergyWhenGridHasExcessEnergyMinutes = 57
iIdleWhenGridDoesNotNeedEnergyMinutes = 42725
iIdleWhenGridNeedsEnergyMinutes = 4339711
iEnergyPriceIsZeroMinutes = 240
harvester.getEnergyHarvestedAVAILABLEKilowattHours( ): 8529008.366666667
harvester.getEnergyHarvestedKilowattHours(): 1855111.3016666945
The y-int is 17
Energy harvested: 2250639.916388909
iGeneratingEnergyWhenGridNeedsEnergyMinutes =346597
iGeneratingEnergyWhenGridNeedsEnergyMinutes =346597
iUsingEnergyWhenGridNeedsEnergyMinutes =1370
iGeneratingEnergyWhenGridHasExcessEnergyMinutes = 5689
iUsingEnergyWhenGridHasExcessEnergyMinutes = 60
iIdleWhenGridDoesNotNeedEnergyMinutes = 40331
iIdleWhenGridNeedsEnergyMinutes = 4339213
iEnergyPriceIsZeroMinutes = 240
harvester.getEnergyHarvestedAVAILABLEKilowattHours( ): 8529008.366666667
harvester.getEnergyHarvestedKilowattHours(): 2250639.916388909
The y-int is 27
Energy harvested: 1777913.986944468
iGeneratingEnergyWhenGridNeedsEnergyMinutes =330872
iGeneratingEnergyWhenGridNeedsEnergyMinutes =330872
iUsingEnergyWhenGridNeedsEnergyMinutes =2012
iGeneratingEnergyWhenGridHasExcessEnergyMinutes = 3978
iUsingEnergyWhenGridHasExcessEnergyMinutes = 60
iIdleWhenGridDoesNotNeedEnergyMinutes = 42042
iIdleWhenGridNeedsEnergyMinutes = 4354296
iEnergyPriceIsZeroMinutes = 240
harvester.getEnergyHarvestedAVAILABLEKilowattHours( ): 8529008.366666667
harvester.getEnergyHarvestedKilowattHours(): 1777913.986944468
The y-int is 37
Energy harvested: 1777913.986944468
iGeneratingEnergyWhenGridNeedsEnergyMinutes =330872
iGeneratingEnergyWhenGridNeedsEnergyMinutes =330872
iUsingEnergyWhenGridNeedsEnergyMinutes =2012
iGeneratingEnergyWhenGridHasExcessEnergyMinutes = 3978
iUsingEnergyWhenGridHasExcessEnergyMinutes = 60
iIdleWhenGridDoesNotNeedEnergyMinutes = 42042
iIdleWhenGridNeedsEnergyMinutes = 4354296
iEnergyPriceIsZeroMinutes = 240
harvester.getEnergyHarvestedAVAILABLEKilowattHours( ): 8529008.366666667
harvester.getEnergyHarvestedKilowattHours(): 1777913.986944468
The running average is 61
The y-int is 7
Energy harvested: 1858368.655555583
iGeneratingEnergyWhenGridNeedsEnergyMinutes =346079
iGeneratingEnergyWhenGridNeedsEnergyMinutes =346079
iUsingEnergyWhenGridNeedsEnergyMinutes =1951
iGeneratingEnergyWhenGridHasExcessEnergyMinutes = 3420
iUsingEnergyWhenGridHasExcessEnergyMinutes = 42
iIdleWhenGridDoesNotNeedEnergyMinutes = 42618
iIdleWhenGridNeedsEnergyMinutes = 4339150
iEnergyPriceIsZeroMinutes = 240
harvester.getEnergyHarvestedAVAILABLEKilowattHours( ): 8529008.366666667
harvester.getEnergyHarvestedKilowattHours(): 1858368.655555583
The y-int is 17
Energy harvested: 2155251.963055578
iGeneratingEnergyWhenGridNeedsEnergyMinutes =343123
iGeneratingEnergyWhenGridNeedsEnergyMinutes =343123
iUsingEnergyWhenGridNeedsEnergyMinutes =1561
iGeneratingEnergyWhenGridHasExcessEnergyMinutes = 5858
iUsingEnergyWhenGridHasExcessEnergyMinutes = 60
iIdleWhenGridDoesNotNeedEnergyMinutes = 40162
iIdleWhenGridNeedsEnergyMinutes = 4342496
iEnergyPriceIsZeroMinutes = 240
harvester.getEnergyHarvestedAVAILABLEKilowattHours( ): 8529008.366666667
harvester.getEnergyHarvestedKilowattHours(): 2155251.963055578
The y-int is 27
Energy harvested: 1777913.986944468
iGeneratingEnergyWhenGridNeedsEnergyMinutes =330872
iGeneratingEnergyWhenGridNeedsEnergyMinutes =330872
iUsingEnergyWhenGridNeedsEnergyMinutes =2012
iGeneratingEnergyWhenGridHasExcessEnergyMinutes = 3978
iUsingEnergyWhenGridHasExcessEnergyMinutes = 60
iIdleWhenGridDoesNotNeedEnergyMinutes = 42042
iIdleWhenGridNeedsEnergyMinutes = 4354296
iEnergyPriceIsZeroMinutes = 240
harvester.getEnergyHarvestedAVAILABLEKilowattHours( ): 8529008.366666667
harvester.getEnergyHarvestedKilowattHours(): 1777913.986944468
The y-int is 37
Energy harvested: 1777913.986944468
iGeneratingEnergyWhenGridNeedsEnergyMinutes =330872
iGeneratingEnergyWhenGridNeedsEnergyMinutes =330872
iUsingEnergyWhenGridNeedsEnergyMinutes =2012
iGeneratingEnergyWhenGridHasExcessEnergyMinutes = 3978
iUsingEnergyWhenGridHasExcessEnergyMinutes = 60
iIdleWhenGridDoesNotNeedEnergyMinutes = 42042
iIdleWhenGridNeedsEnergyMinutes = 4354296
iEnergyPriceIsZeroMinutes = 240
harvester.getEnergyHarvestedAVAILABLEKilowattHours( ): 8529008.366666667
harvester.getEnergyHarvestedKilowattHours(): 1777913.986944468
The running average is 91
The y-int is 7
Energy harvested: 1870293.840833361
iGeneratingEnergyWhenGridNeedsEnergyMinutes =349226
iGeneratingEnergyWhenGridNeedsEnergyMinutes =349226
iUsingEnergyWhenGridNeedsEnergyMinutes =1954
iGeneratingEnergyWhenGridHasExcessEnergyMinutes = 3411
iUsingEnergyWhenGridHasExcessEnergyMinutes = 37
iIdleWhenGridDoesNotNeedEnergyMinutes = 42632
iIdleWhenGridNeedsEnergyMinutes = 4336000
iEnergyPriceIsZeroMinutes = 240
harvester.getEnergyHarvestedAVAILABLEKilowattHours( ): 8529008.366666667
harvester.getEnergyHarvestedKilowattHours(): 1870293.840833361
The y-int is 17
Energy harvested: 2095470.1044444668
iGeneratingEnergyWhenGridNeedsEnergyMinutes =340841
iGeneratingEnergyWhenGridNeedsEnergyMinutes =340841
iUsingEnergyWhenGridNeedsEnergyMinutes =1589
iGeneratingEnergyWhenGridHasExcessEnergyMinutes = 5858
iUsingEnergyWhenGridHasExcessEnergyMinutes = 60
iIdleWhenGridDoesNotNeedEnergyMinutes = 40162
iIdleWhenGridNeedsEnergyMinutes = 4344750
iEnergyPriceIsZeroMinutes = 240
harvester.getEnergyHarvestedAVAILABLEKilowattHours( ): 8529008.366666667
harvester.getEnergyHarvestedKilowattHours(): 2095470.1044444668
The y-int is 27
Energy harvested: 1777913.986944468
iGeneratingEnergyWhenGridNeedsEnergyMinutes =330872
iGeneratingEnergyWhenGridNeedsEnergyMinutes =330872
iUsingEnergyWhenGridNeedsEnergyMinutes =2012
iGeneratingEnergyWhenGridHasExcessEnergyMinutes = 3978
iUsingEnergyWhenGridHasExcessEnergyMinutes = 60
iIdleWhenGridDoesNotNeedEnergyMinutes = 42042
iIdleWhenGridNeedsEnergyMinutes = 4354296
iEnergyPriceIsZeroMinutes = 240
harvester.getEnergyHarvestedAVAILABLEKilowattHours( ): 8529008.366666667
harvester.getEnergyHarvestedKilowattHours(): 1777913.986944468
The y-int is 37
Energy harvested: 1777913.986944468
iGeneratingEnergyWhenGridNeedsEnergyMinutes =330872
iGeneratingEnergyWhenGridNeedsEnergyMinutes =330872
iUsingEnergyWhenGridNeedsEnergyMinutes =2012
iGeneratingEnergyWhenGridHasExcessEnergyMinutes = 3978
iUsingEnergyWhenGridHasExcessEnergyMinutes = 60
iIdleWhenGridDoesNotNeedEnergyMinutes = 42042
iIdleWhenGridNeedsEnergyMinutes = 4354296
iEnergyPriceIsZeroMinutes = 240
harvester.getEnergyHarvestedAVAILABLEKilowattHours( ): 8529008.366666667
harvester.getEnergyHarvestedKilowattHours(): 1777913.986944468
The running average is 121
The y-int is 7
Energy harvested: 1869756.7763889162
iGeneratingEnergyWhenGridNeedsEnergyMinutes =348759
iGeneratingEnergyWhenGridNeedsEnergyMinutes =348759
iUsingEnergyWhenGridNeedsEnergyMinutes =1963
iGeneratingEnergyWhenGridHasExcessEnergyMinutes = 3469
iUsingEnergyWhenGridHasExcessEnergyMinutes = 19
iIdleWhenGridDoesNotNeedEnergyMinutes = 42592
iIdleWhenGridNeedsEnergyMinutes = 4336458
iEnergyPriceIsZeroMinutes = 240
harvester.getEnergyHarvestedAVAILABLEKilowattHours( ): 8529008.366666667
harvester.getEnergyHarvestedKilowattHours(): 1869756.7763889162
The y-int is 17
Energy harvested: 1983162.4838889122
iGeneratingEnergyWhenGridNeedsEnergyMinutes =337115
iGeneratingEnergyWhenGridNeedsEnergyMinutes =337115
iUsingEnergyWhenGridNeedsEnergyMinutes =1665
iGeneratingEnergyWhenGridHasExcessEnergyMinutes = 3678
iUsingEnergyWhenGridHasExcessEnergyMinutes = 60
iIdleWhenGridDoesNotNeedEnergyMinutes = 42342
iIdleWhenGridNeedsEnergyMinutes = 4348400
iEnergyPriceIsZeroMinutes = 240
harvester.getEnergyHarvestedAVAILABLEKilowattHours( ): 8529008.366666667
harvester.getEnergyHarvestedKilowattHours(): 1983162.4838889122
The y-int is 27
Energy harvested: 1777913.986944468
iGeneratingEnergyWhenGridNeedsEnergyMinutes =330872
iGeneratingEnergyWhenGridNeedsEnergyMinutes =330872
iUsingEnergyWhenGridNeedsEnergyMinutes =2012
iGeneratingEnergyWhenGridHasExcessEnergyMinutes = 3978
iUsingEnergyWhenGridHasExcessEnergyMinutes = 60
iIdleWhenGridDoesNotNeedEnergyMinutes = 42042
iIdleWhenGridNeedsEnergyMinutes = 4354296
iEnergyPriceIsZeroMinutes = 240
harvester.getEnergyHarvestedAVAILABLEKilowattHours( ): 8529008.366666667
harvester.getEnergyHarvestedKilowattHours(): 1777913.986944468
The y-int is 37
Energy harvested: 1777913.986944468
iGeneratingEnergyWhenGridNeedsEnergyMinutes =330872
iGeneratingEnergyWhenGridNeedsEnergyMinutes =330872
iUsingEnergyWhenGridNeedsEnergyMinutes =2012
iGeneratingEnergyWhenGridHasExcessEnergyMinutes = 3978
iUsingEnergyWhenGridHasExcessEnergyMinutes = 60
iIdleWhenGridDoesNotNeedEnergyMinutes = 42042
iIdleWhenGridNeedsEnergyMinutes = 4354296
iEnergyPriceIsZeroMinutes = 240
harvester.getEnergyHarvestedAVAILABLEKilowattHours( ): 8529008.366666667
harvester.getEnergyHarvestedKilowattHours(): 1777913.986944468
Beginning testing mode:
station,&,y_intercept_for_month_1,&,running_average_size_minutes_for_month_1,&,y_intercept_for_month_2,&,running_average_size_minutes_for_month_2,&,y_intercept_for_month_3,&,running_average_size_minutes_for_month_3,&,y_intercept_for_month_4,&,running_average_size_minutes_for_month_4,&,y_intercept_for_month_5,&,running_average_size_minutes_for_month_5,&,y_intercept_for_month_6,&,running_average_size_minutes_for_month_6,&,y_intercept_for_month_7,&,running_average_size_minutes_for_month_7,&,y_intercept_for_month_8,&,running_average_size_minutes_for_month_8,&,y_intercept_for_month_9,&,running_average_size_minutes_for_month_9,&,y_intercept_for_month_10,&,running_average_size_minutes_for_month_10,&,y_intercept_for_month_11,&,running_average_size_minutes_for_month_11,&,y_intercept_for_month_12,&,running_average_size_minutes_for_month_12,&,dNetNorm,&,dMarketBalancePercentage,&,dMarketNetNorm,
results: KBWI,&,7,&,1,&,17,&,31,&,17,&,31,&,17,&,1,&,17,&,1,&,7,&,1,&,7,&,61,&,27,&,1,&,7,&,1,&,17,&,1,&,27,&,1,&,17,&,31,&,0.22546429239579588,&,0.9666631708659972,&,0.21794802780437839
monthly visible minutes:KBWI,&,2013,&,8672,&,8672,&,8672,&,8672,&,8672,&,8672,&,8672,&,8672,&,8672,&,8672,&,8672,&,8672,&,
monthly visible minutes:KBWI,&,2014,&,8672,&,8672,&,8672,&,8672,&,8672,&,8672,&,8672,&,8672,&,8672,&,8672,&,8672,&,8639,&,
monthly minutes harvester between states:KBWI,&,2013,&,38,&,38,&,38,&,38,&,38,&,38,&,38,&,38,&,38,&,38,&,38,&,38,&,
monthly minutes harvester between states:KBWI,&,2014,&,38,&,38,&,38,&,38,&,38,&,38,&,38,&,38,&,38,&,38,&,38,&,19,&,
station,&,y_intercept_for_month_1,&,running_average_size_minutes_for_month_1,&,y_intercept_for_month_2,&,running_average_size_minutes_for_month_2,&,y_intercept_for_month_3,&,running_average_size_minutes_for_month_3,&,y_intercept_for_month_4,&,running_average_size_minutes_for_month_4,&,y_intercept_for_month_5,&,running_average_size_minutes_for_month_5,&,y_intercept_for_month_6,&,running_average_size_minutes_for_month_6,&,y_intercept_for_month_7,&,running_average_size_minutes_for_month_7,&,y_intercept_for_month_8,&,running_average_size_minutes_for_month_8,&,y_intercept_for_month_9,&,running_average_size_minutes_for_month_9,&,y_intercept_for_month_10,&,running_average_size_minutes_for_month_10,&,y_intercept_for_month_11,&,running_average_size_minutes_for_month_11,&,y_intercept_for_month_12,&,running_average_size_minutes_for_month_12,&,dNetNorm,&,dMarketBalancePercentage,&,dMarketNetNorm,
results: KBWI,&,7,&,1,&,17,&,31,&,17,&,31,&,17,&,1,&,17,&,1,&,7,&,1,&,7,&,61,&,27,&,1,&,7,&,1,&,17,&,1,&,27,&,1,&,17,&,31,&,0.22535680030453006,&,0.9668583733816539,&,0.21788810937293215
monthly visible minutes:KBWI,&,2013,&,8672,&,8672,&,8672,&,8672,&,8672,&,8672,&,8672,&,8672,&,8672,&,8672,&,8672,&,8672,&,
monthly visible minutes:KBWI,&,2014,&,8672,&,8672,&,8672,&,8672,&,8672,&,8672,&,8672,&,8672,&,8672,&,8672,&,8672,&,8639,&,
monthly minutes harvester between states:KBWI,&,2013,&,38,&,38,&,38,&,38,&,38,&,38,&,38,&,38,&,38,&,38,&,38,&,38,&,
monthly minutes harvester between states:KBWI,&,2014,&,38,&,38,&,38,&,38,&,38,&,38,&,38,&,38,&,38,&,38,&,38,&,19,&,
Station: KCLE
abc: The current path is /home/guy/retractable-wind
I have found the property file.
The training windspeed filename is /trainingKCLE2004-2012in.csv
The testing windspeed filename is /testingKCLE2013-2014in.csv
Yes, the station is KCLE
Warning: The bAlsoUsePrediction no longer has any effect
iUsedAllItsAllocatedVisibilityMinutesPerMonth: 8760
Visibility Allocation Minutes:8760
HARVESTER_SIZE_SQM is 6362
Reading file
Success: /Wind turbine power curves - wind turbine power output against wind speed in knots.csv found.
Speed (Knots) = Speed(knots) vs power (kW) , Power (kW) =V90
Speed (Knots) = 0 , Power (kW) =0
Speed (Knots) = 1 , Power (kW) =0
Speed (Knots) = 2 , Power (kW) =0
Speed (Knots) = 3 , Power (kW) =0
Speed (Knots) = 4 , Power (kW) =0
Speed (Knots) = 5 , Power (kW) =0
Speed (Knots) = 6 , Power (kW) =0
Speed (Knots) = 7 , Power (kW) =38
Speed (Knots) = 8 , Power (kW) =87
Speed (Knots) = 9 , Power (kW) =141
Speed (Knots) = 10 , Power (kW) =207
Speed (Knots) = 11 , Power (kW) =286
Speed (Knots) = 12 , Power (kW) =382
Speed (Knots) = 13 , Power (kW) =496
Speed (Knots) = 14 , Power (kW) =628
Speed (Knots) = 15 , Power (kW) =781
Speed (Knots) = 16 , Power (kW) =957
Speed (Knots) = 17 , Power (kW) =1153
Speed (Knots) = 18 , Power (kW) =1366
Speed (Knots) = 19 , Power (kW) =1589
Speed (Knots) = 20 , Power (kW) =1814
Speed (Knots) = 21 , Power (kW) =2035
Speed (Knots) = 22 , Power (kW) =2250
Speed (Knots) = 23 , Power (kW) =2452
Speed (Knots) = 24 , Power (kW) =2634
Speed (Knots) = 25 , Power (kW) =2784
Speed (Knots) = 26 , Power (kW) =2888
Speed (Knots) = 27 , Power (kW) =2949
Speed (Knots) = 28 , Power (kW) =2980
Speed (Knots) = 29 , Power (kW) =2993
Speed (Knots) = 30 , Power (kW) =3000
Speed (Knots) = 31 , Power (kW) =3000
Speed (Knots) = 32 , Power (kW) =3000
Speed (Knots) = 33 , Power (kW) =3000
Speed (Knots) = 34 , Power (kW) =3000
Speed (Knots) = 35 , Power (kW) =3000
Speed (Knots) = 36 , Power (kW) =3000
Speed (Knots) = 37 , Power (kW) =3000
Speed (Knots) = 38 , Power (kW) =3000
Speed (Knots) = 39 , Power (kW) =3000
Speed (Knots) = 40 , Power (kW) =3000
Speed (Knots) = 41 , Power (kW) =3000
Speed (Knots) = 42 , Power (kW) =3000
Speed (Knots) = 43 , Power (kW) =3000
Speed (Knots) = 44 , Power (kW) =3000
Speed (Knots) = 45 , Power (kW) =3000
Speed (Knots) = 46 , Power (kW) =3000
Speed (Knots) = 47 , Power (kW) =3000
Speed (Knots) = 48 , Power (kW) =3000
Speed (Knots) = 49 , Power (kW) =0
Speed (Knots) = 50 , Power (kW) =0
Speed (Knots) = 51 , Power (kW) =0
Speed (Knots) = 52 , Power (kW) =0
Speed (Knots) = 53 , Power (kW) =0
Speed (Knots) = 54 , Power (kW) =0
Speed (Knots) = 55 , Power (kW) =0
Speed (Knots) = 56 , Power (kW) =0
Speed (Knots) = 57 , Power (kW) =0
Speed (Knots) = 58 , Power (kW) =0
Speed (Knots) = 59 , Power (kW) =0
Speed (Knots) = 60 , Power (kW) =0
The scale is 1.0
Wind power at 10 knots in kilowatts is 207.0
Wind power in-cut-out test 0.0
Aging
Class name:edu.pitt.cs.people.guy.wind.benchmarks.Aging
Success: /Noise_Allowed_Time_Definitions_All_Stations.csv found.
The station is the record is KCLE
Success: /Noise_Allowed_Time_Definitions_All_Stations.csv found.
The station is the record is KCLE
I have found the membership file for NOT WINDY.
Windspeed (knots) [0,1), Membership Value =1.00000000,1.0
Windspeed (knots) [1,2), Membership Value =0.99997281,0.9999728
Windspeed (knots) [2,3), Membership Value =0.99957778,0.99957776
Windspeed (knots) [3,4), Membership Value =0.99766724,0.99766725
Windspeed (knots) [4,5), Membership Value =0.99198170,0.9919817
Windspeed (knots) [5,6), Membership Value =0.97895477,0.9789548
Windspeed (knots) [6,7), Membership Value =0.95560852,0.95560855
Windspeed (knots) [7,8), Membership Value =0.91908582,0.9190858
Windspeed (knots) [8,9), Membership Value =0.86803746,0.86803746
Windspeed (knots) [9,10), Membership Value =0.80333819,0.80333817
Windspeed (knots) [10,11), Membership Value =0.72374540,0.7237454
Windspeed (knots) [11,12), Membership Value =0.63479937,0.63479936
Windspeed (knots) [12,13), Membership Value =0.53806325,0.5380632
Windspeed (knots) [13,14), Membership Value =0.44012453,0.44012454
Windspeed (knots) [14,15), Membership Value =0.34663829,0.3466383
Windspeed (knots) [15,16), Membership Value =0.25707557,0.25707558
Windspeed (knots) [16,17), Membership Value =0.17381749,0.17381749
Windspeed (knots) [17,18), Membership Value =0.09744113,0.09744113
Windspeed (knots) [18,19), Membership Value =0.03045835,0.03045835
Windspeed (knots) [19,20), Membership Value =0.00000000,0.0
Windspeed (knots) [20,21), Membership Value =0.00000000,0.0
Windspeed (knots) [21,22), Membership Value =0.00000000,0.0
Windspeed (knots) [22,23), Membership Value =0.00000000,0.0
Windspeed (knots) [23,24), Membership Value =0.00000000,0.0
Windspeed (knots) [24,25), Membership Value =0.00000000,0.0
Windspeed (knots) [25,26), Membership Value =0.00000000,0.0
Windspeed (knots) [26,27), Membership Value =0.00000000,0.0
Windspeed (knots) [27,28), Membership Value =0.00000000,0.0
Windspeed (knots) [28,29), Membership Value =0.00000000,0.0
Windspeed (knots) [29,30), Membership Value =0.00000000,0.0
Windspeed (knots) [30,31), Membership Value =0.00000000,0.0
Windspeed (knots) [31,32), Membership Value =0.00000000,0.0
Windspeed (knots) [32,33), Membership Value =0.00000000,0.0
Windspeed (knots) [33,34), Membership Value =0.00000000,0.0
Windspeed (knots) [34,35), Membership Value =0.00000000,0.0
Windspeed (knots) [35,36), Membership Value =0.00000000,0.0
Windspeed (knots) [36,37), Membership Value =0.00000000,0.0
Windspeed (knots) [37,38), Membership Value =0.00000000,0.0
Windspeed (knots) [38,39), Membership Value =0.00000000,0.0
Windspeed (knots) [39,40), Membership Value =0.00000000,0.0
Windspeed (knots) [40,41), Membership Value =0.00000000,0.0
Windspeed (knots) [41,42), Membership Value =0.00000000,0.0
Windspeed (knots) [42,43), Membership Value =0.00000000,0.0
Windspeed (knots) [43,44), Membership Value =0.00000000,0.0
Windspeed (knots) [44,45), Membership Value =0.00000000,0.0
Windspeed (knots) [45,46), Membership Value =0.00000000,0.0
Windspeed (knots) [46,47), Membership Value =0.00000000,0.0
Windspeed (knots) [47,48), Membership Value =0.00000000,0.0
Windspeed (knots) [48,49), Membership Value =0.00000000,0.0
Windspeed (knots) [49,50), Membership Value =0.00000000,0.0
Windspeed (knots) [50,51), Membership Value =0.00000000,0.0
Windspeed (knots) [51,52), Membership Value =0.00000000,0.0
Windspeed (knots) [52,53), Membership Value =0.00000000,0.0
Windspeed (knots) [53,54), Membership Value =0.00000000,0.0
Windspeed (knots) [54,55), Membership Value =0.00000000,0.0
Windspeed (knots) [55,56), Membership Value =0.00000000,0.0
Windspeed (knots) [56,57), Membership Value =0.00000000,0.0
Windspeed (knots) [57,58), Membership Value =0.00000000,0.0
Windspeed (knots) [58,59), Membership Value =0.00000000,0.0
Windspeed (knots) [59,60), Membership Value =0.00000000,0.0
Windspeed (knots) [60,61), Membership Value =0.00000000,0.0
Windspeed (knots) [61,62), Membership Value =0.00000000,0.0
Windspeed (knots) [62,63), Membership Value =0.00000000,0.0
Windspeed (knots) [63,64), Membership Value =0.00000000,0.0
Windspeed (knots) [64,65), Membership Value =0.00000000,0.0
Windspeed (knots) [65,66), Membership Value =0.00000000,0.0
Windspeed (knots) [66,67), Membership Value =0.00000000,0.0
Windspeed (knots) [67,68), Membership Value =0.00000000,0.0
Windspeed (knots) [68,69), Membership Value =0.00000000,0.0
Windspeed (knots) [69,70), Membership Value =0.00000000,0.0
Windspeed (knots) [70,71), Membership Value =0.00000000,0.0
Windspeed (knots) [71,72), Membership Value =0.00000000,0.0
Windspeed (knots) [72,73), Membership Value =0.00000000,0.0
Windspeed (knots) [73,74), Membership Value =0.00000000,0.0
Windspeed (knots) [74,75), Membership Value =0.00000000,0.0
Windspeed (knots) [75,76), Membership Value =0.00000000,0.0
Windspeed (knots) [76,77), Membership Value =0.00000000,0.0
Windspeed (knots) [77,78), Membership Value =0.00000000,0.0
Windspeed (knots) [78,79), Membership Value =0.00000000,0.0
Windspeed (knots) [79,80), Membership Value =0.00000000,0.0
Windspeed (knots) [80,81), Membership Value =0.00000000,0.0
Windspeed (knots) [81,82), Membership Value =0.00000000,0.0
Windspeed (knots) [82,83), Membership Value =0.00000000,0.0
Windspeed (knots) [83,84), Membership Value =0.00000000,0.0
Windspeed (knots) [84,85), Membership Value =0.00000000,0.0
Windspeed (knots) [85,86), Membership Value =0.00000000,0.0
Windspeed (knots) [86,87), Membership Value =0.00000000,0.0
Windspeed (knots) [87,88), Membership Value =0.00000000,0.0
Windspeed (knots) [88,89), Membership Value =0.00000000,0.0
Windspeed (knots) [89,90), Membership Value =0.00000000,0.0
Windspeed (knots) [90,91), Membership Value =0.00000000,0.0
Windspeed (knots) [91,92), Membership Value =0.00000000,0.0
Windspeed (knots) [92,93), Membership Value =0.00000000,0.0
Windspeed (knots) [93,94), Membership Value =0.00000000,0.0
Windspeed (knots) [94,95), Membership Value =0.00000000,0.0
Windspeed (knots) [95,96), Membership Value =0.00000000,0.0
Windspeed (knots) [96,97), Membership Value =0.00000000,0.0
Windspeed (knots) [97,98), Membership Value =0.00000000,0.0
Windspeed (knots) [98,99), Membership Value =0.00000000,0.0
Windspeed (knots) [99,100), Membership Value =0.00000000,0.0
Windspeed (knots) [100,101), Membership Value =0.00000000,0.0
Windspeed (knots) [101,102), Membership Value =0.00000000,0.0
Windspeed (knots) [102,103), Membership Value =0.00000000,0.0
Windspeed (knots) [103,104), Membership Value =0.00000000,0.0
Windspeed (knots) [104,105), Membership Value =0.00000000,0.0
Windspeed (knots) [105,106), Membership Value =0.00000000,0.0
Windspeed (knots) [106,107), Membership Value =0.00000000,0.0
Windspeed (knots) [107,108), Membership Value =0.00000000,0.0
Windspeed (knots) [108,109), Membership Value =0.00000000,0.0
Windspeed (knots) [109,110), Membership Value =0.00000000,0.0
Windspeed (knots) [110,111), Membership Value =0.00000000,0.0
Windspeed (knots) [111,112), Membership Value =0.00000000,0.0
Windspeed (knots) [112,113), Membership Value =0.00000000,0.0
Windspeed (knots) [113,114), Membership Value =0.00000000,0.0
Windspeed (knots) [114,115), Membership Value =0.00000000,0.0
Windspeed (knots) [115,116), Membership Value =0.00000000,0.0
Windspeed (knots) [116,117), Membership Value =0.00000000,0.0
Windspeed (knots) [117,118), Membership Value =0.00000000,0.0
Windspeed (knots) [118,119), Membership Value =0.00000000,0.0
Windspeed (knots) [119,120), Membership Value =0.00000000,0.0
Windspeed (knots) [120,121), Membership Value =0.00000000,0.0
Windspeed (knots) [121,122), Membership Value =0.00000000,0.0
Windspeed (knots) [122,123), Membership Value =0.00000000,0.0
Windspeed (knots) [123,124), Membership Value =0.00000000,0.0
Windspeed (knots) [124,125), Membership Value =0.00000000,0.0
LowestWindspeedThatIsWindyKnots for station KCLE is 8 knots.
Transition limited :true
bUseWeatherPrediction: true
The running average is 1
The y-int is 8
Energy harvested: 3764916.858888699
iGeneratingEnergyWhenGridNeedsEnergyMinutes =564311
iGeneratingEnergyWhenGridNeedsEnergyMinutes =564311
iUsingEnergyWhenGridNeedsEnergyMinutes =1878
iGeneratingEnergyWhenGridHasExcessEnergyMinutes = 7791
iUsingEnergyWhenGridHasExcessEnergyMinutes = 106
iIdleWhenGridDoesNotNeedEnergyMinutes = 38183
iIdleWhenGridNeedsEnergyMinutes = 4121017
iEnergyPriceIsZeroMinutes = 240
harvester.getEnergyHarvestedAVAILABLEKilowattHours( ): 1.77525112E7
harvester.getEnergyHarvestedKilowattHours(): 3764916.858888699
The y-int is 18
Energy harvested: 4510831.935277728
iGeneratingEnergyWhenGridNeedsEnergyMinutes =580983
iGeneratingEnergyWhenGridNeedsEnergyMinutes =580983
iUsingEnergyWhenGridNeedsEnergyMinutes =448
iGeneratingEnergyWhenGridHasExcessEnergyMinutes = 5878
iUsingEnergyWhenGridHasExcessEnergyMinutes = 0
iIdleWhenGridDoesNotNeedEnergyMinutes = 40202
iIdleWhenGridNeedsEnergyMinutes = 4105775
iEnergyPriceIsZeroMinutes = 240
harvester.getEnergyHarvestedAVAILABLEKilowattHours( ): 1.77525112E7
harvester.getEnergyHarvestedKilowattHours(): 4510831.935277728
The y-int is 28
Energy harvested: 3581933.9202776393
iGeneratingEnergyWhenGridNeedsEnergyMinutes =561028
iGeneratingEnergyWhenGridNeedsEnergyMinutes =561028
iUsingEnergyWhenGridNeedsEnergyMinutes =1756
iGeneratingEnergyWhenGridHasExcessEnergyMinutes = 8159
iUsingEnergyWhenGridHasExcessEnergyMinutes = 38
iIdleWhenGridDoesNotNeedEnergyMinutes = 37883
iIdleWhenGridNeedsEnergyMinutes = 4124422
iEnergyPriceIsZeroMinutes = 240
harvester.getEnergyHarvestedAVAILABLEKilowattHours( ): 1.77525112E7
harvester.getEnergyHarvestedKilowattHours(): 3581933.9202776393
The y-int is 38
Energy harvested: 3521506.4566665236
iGeneratingEnergyWhenGridNeedsEnergyMinutes =556269
iGeneratingEnergyWhenGridNeedsEnergyMinutes =556269
iUsingEnergyWhenGridNeedsEnergyMinutes =1904
iGeneratingEnergyWhenGridHasExcessEnergyMinutes = 8199
iUsingEnergyWhenGridHasExcessEnergyMinutes = 57
iIdleWhenGridDoesNotNeedEnergyMinutes = 37824
iIdleWhenGridNeedsEnergyMinutes = 4129033
iEnergyPriceIsZeroMinutes = 240
harvester.getEnergyHarvestedAVAILABLEKilowattHours( ): 1.77525112E7
harvester.getEnergyHarvestedKilowattHours(): 3521506.4566665236
The running average is 31
The y-int is 8
Energy harvested: 3811053.086110918
iGeneratingEnergyWhenGridNeedsEnergyMinutes =570136
iGeneratingEnergyWhenGridNeedsEnergyMinutes =570136
iUsingEnergyWhenGridNeedsEnergyMinutes =1875
iGeneratingEnergyWhenGridHasExcessEnergyMinutes = 7801
iUsingEnergyWhenGridHasExcessEnergyMinutes = 68
iIdleWhenGridDoesNotNeedEnergyMinutes = 38211
iIdleWhenGridNeedsEnergyMinutes = 4115195
iEnergyPriceIsZeroMinutes = 240
harvester.getEnergyHarvestedAVAILABLEKilowattHours( ): 1.77525112E7
harvester.getEnergyHarvestedKilowattHours(): 3811053.086110918
The y-int is 18
Energy harvested: 4236997.574444365
iGeneratingEnergyWhenGridNeedsEnergyMinutes =574114
iGeneratingEnergyWhenGridNeedsEnergyMinutes =574114
iUsingEnergyWhenGridNeedsEnergyMinutes =890
iGeneratingEnergyWhenGridHasExcessEnergyMinutes = 3851
iUsingEnergyWhenGridHasExcessEnergyMinutes = 19
iIdleWhenGridDoesNotNeedEnergyMinutes = 42210
iIdleWhenGridNeedsEnergyMinutes = 4112202
iEnergyPriceIsZeroMinutes = 240
harvester.getEnergyHarvestedAVAILABLEKilowattHours( ): 1.77525112E7
harvester.getEnergyHarvestedKilowattHours(): 4236997.574444365
The y-int is 28
Energy harvested: 3521506.4566665236
iGeneratingEnergyWhenGridNeedsEnergyMinutes =556269
iGeneratingEnergyWhenGridNeedsEnergyMinutes =556269
iUsingEnergyWhenGridNeedsEnergyMinutes =1904
iGeneratingEnergyWhenGridHasExcessEnergyMinutes = 8199
iUsingEnergyWhenGridHasExcessEnergyMinutes = 57
iIdleWhenGridDoesNotNeedEnergyMinutes = 37824
iIdleWhenGridNeedsEnergyMinutes = 4129033
iEnergyPriceIsZeroMinutes = 240
harvester.getEnergyHarvestedAVAILABLEKilowattHours( ): 1.77525112E7
harvester.getEnergyHarvestedKilowattHours(): 3521506.4566665236
The y-int is 38
Energy harvested: 3521506.4566665236
iGeneratingEnergyWhenGridNeedsEnergyMinutes =556269
iGeneratingEnergyWhenGridNeedsEnergyMinutes =556269
iUsingEnergyWhenGridNeedsEnergyMinutes =1904
iGeneratingEnergyWhenGridHasExcessEnergyMinutes = 8199
iUsingEnergyWhenGridHasExcessEnergyMinutes = 57
iIdleWhenGridDoesNotNeedEnergyMinutes = 37824
iIdleWhenGridNeedsEnergyMinutes = 4129033
iEnergyPriceIsZeroMinutes = 240
harvester.getEnergyHarvestedAVAILABLEKilowattHours( ): 1.77525112E7
harvester.getEnergyHarvestedKilowattHours(): 3521506.4566665236
The running average is 61
The y-int is 8
Energy harvested: 3816959.617499806
iGeneratingEnergyWhenGridNeedsEnergyMinutes =570436
iGeneratingEnergyWhenGridNeedsEnergyMinutes =570436
iUsingEnergyWhenGridNeedsEnergyMinutes =1857
iGeneratingEnergyWhenGridHasExcessEnergyMinutes = 7811
iUsingEnergyWhenGridHasExcessEnergyMinutes = 87
iIdleWhenGridDoesNotNeedEnergyMinutes = 38182
iIdleWhenGridNeedsEnergyMinutes = 4114913
iEnergyPriceIsZeroMinutes = 240
harvester.getEnergyHarvestedAVAILABLEKilowattHours( ): 1.77525112E7
harvester.getEnergyHarvestedKilowattHours(): 3816959.617499806
The y-int is 18
Energy harvested: 4177561.011944324
iGeneratingEnergyWhenGridNeedsEnergyMinutes =575415
iGeneratingEnergyWhenGridNeedsEnergyMinutes =575415
iUsingEnergyWhenGridNeedsEnergyMinutes =1088
iGeneratingEnergyWhenGridHasExcessEnergyMinutes = 4200
iUsingEnergyWhenGridHasExcessEnergyMinutes = 38
iIdleWhenGridDoesNotNeedEnergyMinutes = 41842
iIdleWhenGridNeedsEnergyMinutes = 4110703
iEnergyPriceIsZeroMinutes = 240
harvester.getEnergyHarvestedAVAILABLEKilowattHours( ): 1.77525112E7
harvester.getEnergyHarvestedKilowattHours(): 4177561.011944324
The y-int is 28
Energy harvested: 3521506.4566665236
iGeneratingEnergyWhenGridNeedsEnergyMinutes =556269
iGeneratingEnergyWhenGridNeedsEnergyMinutes =556269
iUsingEnergyWhenGridNeedsEnergyMinutes =1904
iGeneratingEnergyWhenGridHasExcessEnergyMinutes = 8199
iUsingEnergyWhenGridHasExcessEnergyMinutes = 57
iIdleWhenGridDoesNotNeedEnergyMinutes = 37824
iIdleWhenGridNeedsEnergyMinutes = 4129033
iEnergyPriceIsZeroMinutes = 240
harvester.getEnergyHarvestedAVAILABLEKilowattHours( ): 1.77525112E7
harvester.getEnergyHarvestedKilowattHours(): 3521506.4566665236
The y-int is 38
Energy harvested: 3521506.4566665236
iGeneratingEnergyWhenGridNeedsEnergyMinutes =556269
iGeneratingEnergyWhenGridNeedsEnergyMinutes =556269
iUsingEnergyWhenGridNeedsEnergyMinutes =1904
iGeneratingEnergyWhenGridHasExcessEnergyMinutes = 8199
iUsingEnergyWhenGridHasExcessEnergyMinutes = 57
iIdleWhenGridDoesNotNeedEnergyMinutes = 37824
iIdleWhenGridNeedsEnergyMinutes = 4129033
iEnergyPriceIsZeroMinutes = 240
harvester.getEnergyHarvestedAVAILABLEKilowattHours( ): 1.77525112E7
harvester.getEnergyHarvestedKilowattHours(): 3521506.4566665236
The running average is 91
The y-int is 8
Energy harvested: 3817355.1063886983
iGeneratingEnergyWhenGridNeedsEnergyMinutes =569995
iGeneratingEnergyWhenGridNeedsEnergyMinutes =569995
iUsingEnergyWhenGridNeedsEnergyMinutes =1838
iGeneratingEnergyWhenGridHasExcessEnergyMinutes = 7904
iUsingEnergyWhenGridHasExcessEnergyMinutes = 87
iIdleWhenGridDoesNotNeedEnergyMinutes = 38089
iIdleWhenGridNeedsEnergyMinutes = 4115373
iEnergyPriceIsZeroMinutes = 240
harvester.getEnergyHarvestedAVAILABLEKilowattHours( ): 1.77525112E7
harvester.getEnergyHarvestedKilowattHours(): 3817355.1063886983
The y-int is 18
Energy harvested: 4118937.15722209
iGeneratingEnergyWhenGridNeedsEnergyMinutes =580371
iGeneratingEnergyWhenGridNeedsEnergyMinutes =580371
iUsingEnergyWhenGridNeedsEnergyMinutes =1222
iGeneratingEnergyWhenGridHasExcessEnergyMinutes = 3998
iUsingEnergyWhenGridHasExcessEnergyMinutes = 38
iIdleWhenGridDoesNotNeedEnergyMinutes = 42044
iIdleWhenGridNeedsEnergyMinutes = 4105613
iEnergyPriceIsZeroMinutes = 240
harvester.getEnergyHarvestedAVAILABLEKilowattHours( ): 1.77525112E7
harvester.getEnergyHarvestedKilowattHours(): 4118937.15722209
The y-int is 28
Energy harvested: 3521506.4566665236
iGeneratingEnergyWhenGridNeedsEnergyMinutes =556269
iGeneratingEnergyWhenGridNeedsEnergyMinutes =556269
iUsingEnergyWhenGridNeedsEnergyMinutes =1904
iGeneratingEnergyWhenGridHasExcessEnergyMinutes = 8199
iUsingEnergyWhenGridHasExcessEnergyMinutes = 57
iIdleWhenGridDoesNotNeedEnergyMinutes = 37824
iIdleWhenGridNeedsEnergyMinutes = 4129033
iEnergyPriceIsZeroMinutes = 240
harvester.getEnergyHarvestedAVAILABLEKilowattHours( ): 1.77525112E7
harvester.getEnergyHarvestedKilowattHours(): 3521506.4566665236
The y-int is 38
Energy harvested: 3521506.4566665236
iGeneratingEnergyWhenGridNeedsEnergyMinutes =556269
iGeneratingEnergyWhenGridNeedsEnergyMinutes =556269
iUsingEnergyWhenGridNeedsEnergyMinutes =1904
iGeneratingEnergyWhenGridHasExcessEnergyMinutes = 8199
iUsingEnergyWhenGridHasExcessEnergyMinutes = 57
iIdleWhenGridDoesNotNeedEnergyMinutes = 37824
iIdleWhenGridNeedsEnergyMinutes = 4129033
iEnergyPriceIsZeroMinutes = 240
harvester.getEnergyHarvestedAVAILABLEKilowattHours( ): 1.77525112E7
harvester.getEnergyHarvestedKilowattHours(): 3521506.4566665236
The running average is 121
The y-int is 8
Energy harvested: 3816541.3077775883
iGeneratingEnergyWhenGridNeedsEnergyMinutes =569374
iGeneratingEnergyWhenGridNeedsEnergyMinutes =569374
iUsingEnergyWhenGridNeedsEnergyMinutes =1828
iGeneratingEnergyWhenGridHasExcessEnergyMinutes = 7833
iUsingEnergyWhenGridHasExcessEnergyMinutes = 95
iIdleWhenGridDoesNotNeedEnergyMinutes = 38152
iIdleWhenGridNeedsEnergyMinutes = 4116004
iEnergyPriceIsZeroMinutes = 240
harvester.getEnergyHarvestedAVAILABLEKilowattHours( ): 1.77525112E7
harvester.getEnergyHarvestedKilowattHours(): 3816541.3077775883
The y-int is 18
Energy harvested: 3972701.450555416
iGeneratingEnergyWhenGridNeedsEnergyMinutes =575710
iGeneratingEnergyWhenGridNeedsEnergyMinutes =575710
iUsingEnergyWhenGridNeedsEnergyMinutes =1303
iGeneratingEnergyWhenGridHasExcessEnergyMinutes = 3619
iUsingEnergyWhenGridHasExcessEnergyMinutes = 38
iIdleWhenGridDoesNotNeedEnergyMinutes = 42423
iIdleWhenGridNeedsEnergyMinutes = 4110193
iEnergyPriceIsZeroMinutes = 240
harvester.getEnergyHarvestedAVAILABLEKilowattHours( ): 1.77525112E7
harvester.getEnergyHarvestedKilowattHours(): 3972701.450555416
The y-int is 28
Energy harvested: 3521506.4566665236
iGeneratingEnergyWhenGridNeedsEnergyMinutes =556269
iGeneratingEnergyWhenGridNeedsEnergyMinutes =556269
iUsingEnergyWhenGridNeedsEnergyMinutes =1904
iGeneratingEnergyWhenGridHasExcessEnergyMinutes = 8199
iUsingEnergyWhenGridHasExcessEnergyMinutes = 57
iIdleWhenGridDoesNotNeedEnergyMinutes = 37824
iIdleWhenGridNeedsEnergyMinutes = 4129033
iEnergyPriceIsZeroMinutes = 240
harvester.getEnergyHarvestedAVAILABLEKilowattHours( ): 1.77525112E7
harvester.getEnergyHarvestedKilowattHours(): 3521506.4566665236
The y-int is 38
Energy harvested: 3521506.4566665236
iGeneratingEnergyWhenGridNeedsEnergyMinutes =556269
iGeneratingEnergyWhenGridNeedsEnergyMinutes =556269
iUsingEnergyWhenGridNeedsEnergyMinutes =1904
iGeneratingEnergyWhenGridHasExcessEnergyMinutes = 8199
iUsingEnergyWhenGridHasExcessEnergyMinutes = 57
iIdleWhenGridDoesNotNeedEnergyMinutes = 37824
iIdleWhenGridNeedsEnergyMinutes = 4129033
iEnergyPriceIsZeroMinutes = 240
harvester.getEnergyHarvestedAVAILABLEKilowattHours( ): 1.77525112E7
harvester.getEnergyHarvestedKilowattHours(): 3521506.4566665236
Beginning testing mode:
station,&,y_intercept_for_month_1,&,running_average_size_minutes_for_month_1,&,y_intercept_for_month_2,&,running_average_size_minutes_for_month_2,&,y_intercept_for_month_3,&,running_average_size_minutes_for_month_3,&,y_intercept_for_month_4,&,running_average_size_minutes_for_month_4,&,y_intercept_for_month_5,&,running_average_size_minutes_for_month_5,&,y_intercept_for_month_6,&,running_average_size_minutes_for_month_6,&,y_intercept_for_month_7,&,running_average_size_minutes_for_month_7,&,y_intercept_for_month_8,&,running_average_size_minutes_for_month_8,&,y_intercept_for_month_9,&,running_average_size_minutes_for_month_9,&,y_intercept_for_month_10,&,running_average_size_minutes_for_month_10,&,y_intercept_for_month_11,&,running_average_size_minutes_for_month_11,&,y_intercept_for_month_12,&,running_average_size_minutes_for_month_12,&,dNetNorm,&,dMarketBalancePercentage,&,dMarketNetNorm,
results: KCLE,&,18,&,1,&,18,&,61,&,18,&,1,&,8,&,1,&,18,&,1,&,8,&,1,&,8,&,121,&,18,&,1,&,28,&,1,&,28,&,1,&,28,&,1,&,18,&,1,&,0.21734794600265853,&,0.948986390754597,&,0.20626024281498795
monthly visible minutes:KCLE,&,2013,&,8672,&,8672,&,8672,&,8672,&,8672,&,8672,&,8672,&,8672,&,8672,&,8672,&,8672,&,8672,&,
monthly visible minutes:KCLE,&,2014,&,8672,&,8672,&,8672,&,8672,&,8672,&,8672,&,8672,&,8672,&,8672,&,8672,&,8672,&,8672,&,
monthly minutes harvester between states:KCLE,&,2013,&,38,&,38,&,38,&,38,&,38,&,38,&,38,&,38,&,38,&,38,&,38,&,38,&,
monthly minutes harvester between states:KCLE,&,2014,&,38,&,38,&,38,&,38,&,38,&,38,&,38,&,38,&,38,&,38,&,38,&,38,&,
station,&,y_intercept_for_month_1,&,running_average_size_minutes_for_month_1,&,y_intercept_for_month_2,&,running_average_size_minutes_for_month_2,&,y_intercept_for_month_3,&,running_average_size_minutes_for_month_3,&,y_intercept_for_month_4,&,running_average_size_minutes_for_month_4,&,y_intercept_for_month_5,&,running_average_size_minutes_for_month_5,&,y_intercept_for_month_6,&,running_average_size_minutes_for_month_6,&,y_intercept_for_month_7,&,running_average_size_minutes_for_month_7,&,y_intercept_for_month_8,&,running_average_size_minutes_for_month_8,&,y_intercept_for_month_9,&,running_average_size_minutes_for_month_9,&,y_intercept_for_month_10,&,running_average_size_minutes_for_month_10,&,y_intercept_for_month_11,&,running_average_size_minutes_for_month_11,&,y_intercept_for_month_12,&,running_average_size_minutes_for_month_12,&,dNetNorm,&,dMarketBalancePercentage,&,dMarketNetNorm,
results: KCLE,&,18,&,1,&,18,&,61,&,18,&,1,&,8,&,1,&,18,&,1,&,8,&,1,&,8,&,121,&,18,&,1,&,28,&,1,&,28,&,1,&,28,&,1,&,18,&,1,&,0.21734794600265853,&,0.948986390754597,&,0.20626024281498795
monthly visible minutes:KCLE,&,2013,&,8672,&,8672,&,8672,&,8672,&,8672,&,8672,&,8672,&,8672,&,8672,&,8672,&,8672,&,8672,&,
monthly visible minutes:KCLE,&,2014,&,8672,&,8672,&,8672,&,8672,&,8672,&,8672,&,8672,&,8672,&,8672,&,8672,&,8672,&,8672,&,
monthly minutes harvester between states:KCLE,&,2013,&,38,&,38,&,38,&,38,&,38,&,38,&,38,&,38,&,38,&,38,&,38,&,38,&,
monthly minutes harvester between states:KCLE,&,2014,&,38,&,38,&,38,&,38,&,38,&,38,&,38,&,38,&,38,&,38,&,38,&,38,&,
Station: KCLT
abc: The current path is /home/guy/retractable-wind
I have found the property file.
The training windspeed filename is /trainingKCLT2004-2012in.csv
The testing windspeed filename is /testingKCLT2013-2014in.csv
Yes, the station is KCLT
Warning: The bAlsoUsePrediction no longer has any effect
iUsedAllItsAllocatedVisibilityMinutesPerMonth: 8760
Visibility Allocation Minutes:8760
HARVESTER_SIZE_SQM is 6362
Reading file
Success: /Wind turbine power curves - wind turbine power output against wind speed in knots.csv found.
Speed (Knots) = Speed(knots) vs power (kW) , Power (kW) =V90
Speed (Knots) = 0 , Power (kW) =0
Speed (Knots) = 1 , Power (kW) =0
Speed (Knots) = 2 , Power (kW) =0
Speed (Knots) = 3 , Power (kW) =0
Speed (Knots) = 4 , Power (kW) =0
Speed (Knots) = 5 , Power (kW) =0
Speed (Knots) = 6 , Power (kW) =0
Speed (Knots) = 7 , Power (kW) =38
Speed (Knots) = 8 , Power (kW) =87
Speed (Knots) = 9 , Power (kW) =141
Speed (Knots) = 10 , Power (kW) =207
Speed (Knots) = 11 , Power (kW) =286
Speed (Knots) = 12 , Power (kW) =382
Speed (Knots) = 13 , Power (kW) =496
Speed (Knots) = 14 , Power (kW) =628
Speed (Knots) = 15 , Power (kW) =781
Speed (Knots) = 16 , Power (kW) =957
Speed (Knots) = 17 , Power (kW) =1153
Speed (Knots) = 18 , Power (kW) =1366
Speed (Knots) = 19 , Power (kW) =1589
Speed (Knots) = 20 , Power (kW) =1814
Speed (Knots) = 21 , Power (kW) =2035
Speed (Knots) = 22 , Power (kW) =2250
Speed (Knots) = 23 , Power (kW) =2452
Speed (Knots) = 24 , Power (kW) =2634
Speed (Knots) = 25 , Power (kW) =2784
Speed (Knots) = 26 , Power (kW) =2888
Speed (Knots) = 27 , Power (kW) =2949
Speed (Knots) = 28 , Power (kW) =2980
Speed (Knots) = 29 , Power (kW) =2993
Speed (Knots) = 30 , Power (kW) =3000
Speed (Knots) = 31 , Power (kW) =3000
Speed (Knots) = 32 , Power (kW) =3000
Speed (Knots) = 33 , Power (kW) =3000
Speed (Knots) = 34 , Power (kW) =3000
Speed (Knots) = 35 , Power (kW) =3000
Speed (Knots) = 36 , Power (kW) =3000
Speed (Knots) = 37 , Power (kW) =3000
Speed (Knots) = 38 , Power (kW) =3000
Speed (Knots) = 39 , Power (kW) =3000
Speed (Knots) = 40 , Power (kW) =3000
Speed (Knots) = 41 , Power (kW) =3000
Speed (Knots) = 42 , Power (kW) =3000
Speed (Knots) = 43 , Power (kW) =3000
Speed (Knots) = 44 , Power (kW) =3000
Speed (Knots) = 45 , Power (kW) =3000
Speed (Knots) = 46 , Power (kW) =3000
Speed (Knots) = 47 , Power (kW) =3000
Speed (Knots) = 48 , Power (kW) =3000
Speed (Knots) = 49 , Power (kW) =0
Speed (Knots) = 50 , Power (kW) =0
Speed (Knots) = 51 , Power (kW) =0
Speed (Knots) = 52 , Power (kW) =0
Speed (Knots) = 53 , Power (kW) =0
Speed (Knots) = 54 , Power (kW) =0
Speed (Knots) = 55 , Power (kW) =0
Speed (Knots) = 56 , Power (kW) =0
Speed (Knots) = 57 , Power (kW) =0
Speed (Knots) = 58 , Power (kW) =0
Speed (Knots) = 59 , Power (kW) =0
Speed (Knots) = 60 , Power (kW) =0
The scale is 1.0
Wind power at 10 knots in kilowatts is 207.0
Wind power in-cut-out test 0.0
Aging
Class name:edu.pitt.cs.people.guy.wind.benchmarks.Aging
Success: /Noise_Allowed_Time_Definitions_All_Stations.csv found.
The station is the record is KCLT
Success: /Noise_Allowed_Time_Definitions_All_Stations.csv found.
The station is the record is KCLT
I have found the membership file for NOT WINDY.
Windspeed (knots) [0,1), Membership Value =1.000000000,1.0
Windspeed (knots) [1,2), Membership Value =0.999808973,0.99980897
Windspeed (knots) [2,3), Membership Value =0.996959454,0.99695945
Windspeed (knots) [3,4), Membership Value =0.984354107,0.9843541
Windspeed (knots) [4,5), Membership Value =0.953079203,0.9530792
Windspeed (knots) [5,6), Membership Value =0.896573364,0.89657336
Windspeed (knots) [6,7), Membership Value =0.816209435,0.81620944
Windspeed (knots) [7,8), Membership Value =0.716200374,0.71620035
Windspeed (knots) [8,9), Membership Value =0.601639809,0.6016398
Windspeed (knots) [9,10), Membership Value =0.483225306,0.48322532
Windspeed (knots) [10,11), Membership Value =0.366662968,0.36666298
Windspeed (knots) [11,12), Membership Value =0.258615751,0.25861576
Windspeed (knots) [12,13), Membership Value =0.160827277,0.16082728
Windspeed (knots) [13,14), Membership Value =0.078586080,0.07858608
Windspeed (knots) [14,15), Membership Value =0.009183443,0.009183443
Windspeed (knots) [15,16), Membership Value =0.000000000,0.0
Windspeed (knots) [16,17), Membership Value =0.000000000,0.0
Windspeed (knots) [17,18), Membership Value =0.000000000,0.0
Windspeed (knots) [18,19), Membership Value =0.000000000,0.0
Windspeed (knots) [19,20), Membership Value =0.000000000,0.0
Windspeed (knots) [20,21), Membership Value =0.000000000,0.0
Windspeed (knots) [21,22), Membership Value =0.000000000,0.0
Windspeed (knots) [22,23), Membership Value =0.000000000,0.0
Windspeed (knots) [23,24), Membership Value =0.000000000,0.0
Windspeed (knots) [24,25), Membership Value =0.000000000,0.0
Windspeed (knots) [25,26), Membership Value =0.000000000,0.0
Windspeed (knots) [26,27), Membership Value =0.000000000,0.0
Windspeed (knots) [27,28), Membership Value =0.000000000,0.0
Windspeed (knots) [28,29), Membership Value =0.000000000,0.0
Windspeed (knots) [29,30), Membership Value =0.000000000,0.0
Windspeed (knots) [30,31), Membership Value =0.000000000,0.0
Windspeed (knots) [31,32), Membership Value =0.000000000,0.0
Windspeed (knots) [32,33), Membership Value =0.000000000,0.0
Windspeed (knots) [33,34), Membership Value =0.000000000,0.0
Windspeed (knots) [34,35), Membership Value =0.000000000,0.0
Windspeed (knots) [35,36), Membership Value =0.000000000,0.0
Windspeed (knots) [36,37), Membership Value =0.000000000,0.0
Windspeed (knots) [37,38), Membership Value =0.000000000,0.0
Windspeed (knots) [38,39), Membership Value =0.000000000,0.0
Windspeed (knots) [39,40), Membership Value =0.000000000,0.0
Windspeed (knots) [40,41), Membership Value =0.000000000,0.0
Windspeed (knots) [41,42), Membership Value =0.000000000,0.0
Windspeed (knots) [42,43), Membership Value =0.000000000,0.0
Windspeed (knots) [43,44), Membership Value =0.000000000,0.0
Windspeed (knots) [44,45), Membership Value =0.000000000,0.0
Windspeed (knots) [45,46), Membership Value =0.000000000,0.0
Windspeed (knots) [46,47), Membership Value =0.000000000,0.0
Windspeed (knots) [47,48), Membership Value =0.000000000,0.0
Windspeed (knots) [48,49), Membership Value =0.000000000,0.0
Windspeed (knots) [49,50), Membership Value =0.000000000,0.0
Windspeed (knots) [50,51), Membership Value =0.000000000,0.0
Windspeed (knots) [51,52), Membership Value =0.000000000,0.0
Windspeed (knots) [52,53), Membership Value =0.000000000,0.0
Windspeed (knots) [53,54), Membership Value =0.000000000,0.0
Windspeed (knots) [54,55), Membership Value =0.000000000,0.0
Windspeed (knots) [55,56), Membership Value =0.000000000,0.0
Windspeed (knots) [56,57), Membership Value =0.000000000,0.0
Windspeed (knots) [57,58), Membership Value =0.000000000,0.0
Windspeed (knots) [58,59), Membership Value =0.000000000,0.0
Windspeed (knots) [59,60), Membership Value =0.000000000,0.0
Windspeed (knots) [60,61), Membership Value =0.000000000,0.0
Windspeed (knots) [61,62), Membership Value =0.000000000,0.0
Windspeed (knots) [62,63), Membership Value =0.000000000,0.0
Windspeed (knots) [63,64), Membership Value =0.000000000,0.0
Windspeed (knots) [64,65), Membership Value =0.000000000,0.0
Windspeed (knots) [65,66), Membership Value =0.000000000,0.0
Windspeed (knots) [66,67), Membership Value =0.000000000,0.0
Windspeed (knots) [67,68), Membership Value =0.000000000,0.0
Windspeed (knots) [68,69), Membership Value =0.000000000,0.0
Windspeed (knots) [69,70), Membership Value =0.000000000,0.0
Windspeed (knots) [70,71), Membership Value =0.000000000,0.0
Windspeed (knots) [71,72), Membership Value =0.000000000,0.0
Windspeed (knots) [72,73), Membership Value =0.000000000,0.0
Windspeed (knots) [73,74), Membership Value =0.000000000,0.0
Windspeed (knots) [74,75), Membership Value =0.000000000,0.0
Windspeed (knots) [75,76), Membership Value =0.000000000,0.0
Windspeed (knots) [76,77), Membership Value =0.000000000,0.0
Windspeed (knots) [77,78), Membership Value =0.000000000,0.0
Windspeed (knots) [78,79), Membership Value =0.000000000,0.0
Windspeed (knots) [79,80), Membership Value =0.000000000,0.0
Windspeed (knots) [80,81), Membership Value =0.000000000,0.0
Windspeed (knots) [81,82), Membership Value =0.000000000,0.0
Windspeed (knots) [82,83), Membership Value =0.000000000,0.0
Windspeed (knots) [83,84), Membership Value =0.000000000,0.0
Windspeed (knots) [84,85), Membership Value =0.000000000,0.0
Windspeed (knots) [85,86), Membership Value =0.000000000,0.0
Windspeed (knots) [86,87), Membership Value =0.000000000,0.0
Windspeed (knots) [87,88), Membership Value =0.000000000,0.0
Windspeed (knots) [88,89), Membership Value =0.000000000,0.0
Windspeed (knots) [89,90), Membership Value =0.000000000,0.0
Windspeed (knots) [90,91), Membership Value =0.000000000,0.0
Windspeed (knots) [91,92), Membership Value =0.000000000,0.0
Windspeed (knots) [92,93), Membership Value =0.000000000,0.0
Windspeed (knots) [93,94), Membership Value =0.000000000,0.0
Windspeed (knots) [94,95), Membership Value =0.000000000,0.0
Windspeed (knots) [95,96), Membership Value =0.000000000,0.0
Windspeed (knots) [96,97), Membership Value =0.000000000,0.0
Windspeed (knots) [97,98), Membership Value =0.000000000,0.0
Windspeed (knots) [98,99), Membership Value =0.000000000,0.0
Windspeed (knots) [99,100), Membership Value =0.000000000,0.0
Windspeed (knots) [100,101), Membership Value =0.000000000,0.0
Windspeed (knots) [101,102), Membership Value =0.000000000,0.0
Windspeed (knots) [102,103), Membership Value =0.000000000,0.0
Windspeed (knots) [103,104), Membership Value =0.000000000,0.0
Windspeed (knots) [104,105), Membership Value =0.000000000,0.0
Windspeed (knots) [105,106), Membership Value =0.000000000,0.0
Windspeed (knots) [106,107), Membership Value =0.000000000,0.0
Windspeed (knots) [107,108), Membership Value =0.000000000,0.0
Windspeed (knots) [108,109), Membership Value =0.000000000,0.0
Windspeed (knots) [109,110), Membership Value =0.000000000,0.0
Windspeed (knots) [110,111), Membership Value =0.000000000,0.0
Windspeed (knots) [111,112), Membership Value =0.000000000,0.0
Windspeed (knots) [112,113), Membership Value =0.000000000,0.0
Windspeed (knots) [113,114), Membership Value =0.000000000,0.0
Windspeed (knots) [114,115), Membership Value =0.000000000,0.0
Windspeed (knots) [115,116), Membership Value =0.000000000,0.0
Windspeed (knots) [116,117), Membership Value =0.000000000,0.0
Windspeed (knots) [117,118), Membership Value =0.000000000,0.0
Windspeed (knots) [118,119), Membership Value =0.000000000,0.0
Windspeed (knots) [119,120), Membership Value =0.000000000,0.0
Windspeed (knots) [120,121), Membership Value =0.000000000,0.0
Windspeed (knots) [121,122), Membership Value =0.000000000,0.0
Windspeed (knots) [122,123), Membership Value =0.000000000,0.0
Windspeed (knots) [123,124), Membership Value =0.000000000,0.0
Windspeed (knots) [124,125), Membership Value =0.000000000,0.0
LowestWindspeedThatIsWindyKnots for station KCLT is 5 knots.
Transition limited :true
bUseWeatherPrediction: true
The running average is 1
The y-int is 5
Energy harvested: 988127.1944444614
iGeneratingEnergyWhenGridNeedsEnergyMinutes =296395
iGeneratingEnergyWhenGridNeedsEnergyMinutes =296395
iUsingEnergyWhenGridNeedsEnergyMinutes =1976
iGeneratingEnergyWhenGridHasExcessEnergyMinutes = 3922
iUsingEnergyWhenGridHasExcessEnergyMinutes = 116
iIdleWhenGridDoesNotNeedEnergyMinutes = 42042
iIdleWhenGridNeedsEnergyMinutes = 4388852
iEnergyPriceIsZeroMinutes = 240
harvester.getEnergyHarvestedAVAILABLEKilowattHours( ): 4898122.183333334
harvester.getEnergyHarvestedKilowattHours(): 988127.1944444614
The y-int is 15
Energy harvested: 1328807.3163889004
iGeneratingEnergyWhenGridNeedsEnergyMinutes =297168
iGeneratingEnergyWhenGridNeedsEnergyMinutes =297168
iUsingEnergyWhenGridNeedsEnergyMinutes =979
iGeneratingEnergyWhenGridHasExcessEnergyMinutes = 2591
iUsingEnergyWhenGridHasExcessEnergyMinutes = 10
iIdleWhenGridDoesNotNeedEnergyMinutes = 43479
iIdleWhenGridNeedsEnergyMinutes = 4389076
iEnergyPriceIsZeroMinutes = 240
harvester.getEnergyHarvestedAVAILABLEKilowattHours( ): 4898122.183333334
harvester.getEnergyHarvestedKilowattHours(): 1328807.3163889004
The y-int is 25
Energy harvested: 1037384.3266666826
iGeneratingEnergyWhenGridNeedsEnergyMinutes =283570
iGeneratingEnergyWhenGridNeedsEnergyMinutes =283570
iUsingEnergyWhenGridNeedsEnergyMinutes =2039
iGeneratingEnergyWhenGridHasExcessEnergyMinutes = 4138
iUsingEnergyWhenGridHasExcessEnergyMinutes = 59
iIdleWhenGridDoesNotNeedEnergyMinutes = 41883
iIdleWhenGridNeedsEnergyMinutes = 4401614
iEnergyPriceIsZeroMinutes = 240
harvester.getEnergyHarvestedAVAILABLEKilowattHours( ): 4898122.183333334
harvester.getEnergyHarvestedKilowattHours(): 1037384.3266666826
The y-int is 35
Energy harvested: 1027361.8863889052
iGeneratingEnergyWhenGridNeedsEnergyMinutes =281200
iGeneratingEnergyWhenGridNeedsEnergyMinutes =281200
iUsingEnergyWhenGridNeedsEnergyMinutes =2062
iGeneratingEnergyWhenGridHasExcessEnergyMinutes = 4138
iUsingEnergyWhenGridHasExcessEnergyMinutes = 59
iIdleWhenGridDoesNotNeedEnergyMinutes = 41883
iIdleWhenGridNeedsEnergyMinutes = 4403961
iEnergyPriceIsZeroMinutes = 240
harvester.getEnergyHarvestedAVAILABLEKilowattHours( ): 4898122.183333334
harvester.getEnergyHarvestedKilowattHours(): 1027361.8863889052
The running average is 31
The y-int is 5
Energy harvested: 996438.7777777951
iGeneratingEnergyWhenGridNeedsEnergyMinutes =297196
iGeneratingEnergyWhenGridNeedsEnergyMinutes =297196
iUsingEnergyWhenGridNeedsEnergyMinutes =1942
iGeneratingEnergyWhenGridHasExcessEnergyMinutes = 3905
iUsingEnergyWhenGridHasExcessEnergyMinutes = 138
iIdleWhenGridDoesNotNeedEnergyMinutes = 42037
iIdleWhenGridNeedsEnergyMinutes = 4388085
iEnergyPriceIsZeroMinutes = 240
harvester.getEnergyHarvestedAVAILABLEKilowattHours( ): 4898122.183333334
harvester.getEnergyHarvestedKilowattHours(): 996438.7777777951
The y-int is 15
Energy harvested: 1242461.9697222402
iGeneratingEnergyWhenGridNeedsEnergyMinutes =290686
iGeneratingEnergyWhenGridNeedsEnergyMinutes =290686
iUsingEnergyWhenGridNeedsEnergyMinutes =1531
iGeneratingEnergyWhenGridHasExcessEnergyMinutes = 3644
iUsingEnergyWhenGridHasExcessEnergyMinutes = 59
iIdleWhenGridDoesNotNeedEnergyMinutes = 42377
iIdleWhenGridNeedsEnergyMinutes = 4395006
iEnergyPriceIsZeroMinutes = 240
harvester.getEnergyHarvestedAVAILABLEKilowattHours( ): 4898122.183333334
harvester.getEnergyHarvestedKilowattHours(): 1242461.9697222402
The y-int is 25
Energy harvested: 1027361.8863889052
iGeneratingEnergyWhenGridNeedsEnergyMinutes =281200
iGeneratingEnergyWhenGridNeedsEnergyMinutes =281200
iUsingEnergyWhenGridNeedsEnergyMinutes =2062
iGeneratingEnergyWhenGridHasExcessEnergyMinutes = 4138
iUsingEnergyWhenGridHasExcessEnergyMinutes = 59
iIdleWhenGridDoesNotNeedEnergyMinutes = 41883
iIdleWhenGridNeedsEnergyMinutes = 4403961
iEnergyPriceIsZeroMinutes = 240
harvester.getEnergyHarvestedAVAILABLEKilowattHours( ): 4898122.183333334
harvester.getEnergyHarvestedKilowattHours(): 1027361.8863889052
The y-int is 35
Energy harvested: 1027361.8863889052
iGeneratingEnergyWhenGridNeedsEnergyMinutes =281200
iGeneratingEnergyWhenGridNeedsEnergyMinutes =281200
iUsingEnergyWhenGridNeedsEnergyMinutes =2062
iGeneratingEnergyWhenGridHasExcessEnergyMinutes = 4138
iUsingEnergyWhenGridHasExcessEnergyMinutes = 59
iIdleWhenGridDoesNotNeedEnergyMinutes = 41883
iIdleWhenGridNeedsEnergyMinutes = 4403961
iEnergyPriceIsZeroMinutes = 240
harvester.getEnergyHarvestedAVAILABLEKilowattHours( ): 4898122.183333334
harvester.getEnergyHarvestedKilowattHours(): 1027361.8863889052
The running average is 61
The y-int is 5
Energy harvested: 998121.777500018
iGeneratingEnergyWhenGridNeedsEnergyMinutes =297634
iGeneratingEnergyWhenGridNeedsEnergyMinutes =297634
iUsingEnergyWhenGridNeedsEnergyMinutes =1941
iGeneratingEnergyWhenGridHasExcessEnergyMinutes = 3902
iUsingEnergyWhenGridHasExcessEnergyMinutes = 138
iIdleWhenGridDoesNotNeedEnergyMinutes = 42040
iIdleWhenGridNeedsEnergyMinutes = 4387648
iEnergyPriceIsZeroMinutes = 240
harvester.getEnergyHarvestedAVAILABLEKilowattHours( ): 4898122.183333334
harvester.getEnergyHarvestedKilowattHours(): 998121.777500018
The y-int is 15
Energy harvested: 1225184.1005555743
iGeneratingEnergyWhenGridNeedsEnergyMinutes =289405
iGeneratingEnergyWhenGridNeedsEnergyMinutes =289405
iUsingEnergyWhenGridNeedsEnergyMinutes =1659
iGeneratingEnergyWhenGridHasExcessEnergyMinutes = 3533
iUsingEnergyWhenGridHasExcessEnergyMinutes = 59
iIdleWhenGridDoesNotNeedEnergyMinutes = 42488
iIdleWhenGridNeedsEnergyMinutes = 4396159
iEnergyPriceIsZeroMinutes = 240
harvester.getEnergyHarvestedAVAILABLEKilowattHours( ): 4898122.183333334
harvester.getEnergyHarvestedKilowattHours(): 1225184.1005555743
The y-int is 25
Energy harvested: 1027361.8863889052
iGeneratingEnergyWhenGridNeedsEnergyMinutes =281200
iGeneratingEnergyWhenGridNeedsEnergyMinutes =281200
iUsingEnergyWhenGridNeedsEnergyMinutes =2062
iGeneratingEnergyWhenGridHasExcessEnergyMinutes = 4138
iUsingEnergyWhenGridHasExcessEnergyMinutes = 59
iIdleWhenGridDoesNotNeedEnergyMinutes = 41883
iIdleWhenGridNeedsEnergyMinutes = 4403961
iEnergyPriceIsZeroMinutes = 240
harvester.getEnergyHarvestedAVAILABLEKilowattHours( ): 4898122.183333334
harvester.getEnergyHarvestedKilowattHours(): 1027361.8863889052
The y-int is 35
Energy harvested: 1027361.8863889052
iGeneratingEnergyWhenGridNeedsEnergyMinutes =281200
iGeneratingEnergyWhenGridNeedsEnergyMinutes =281200
iUsingEnergyWhenGridNeedsEnergyMinutes =2062
iGeneratingEnergyWhenGridHasExcessEnergyMinutes = 4138
iUsingEnergyWhenGridHasExcessEnergyMinutes = 59
iIdleWhenGridDoesNotNeedEnergyMinutes = 41883
iIdleWhenGridNeedsEnergyMinutes = 4403961
iEnergyPriceIsZeroMinutes = 240
harvester.getEnergyHarvestedAVAILABLEKilowattHours( ): 4898122.183333334
harvester.getEnergyHarvestedKilowattHours(): 1027361.8863889052
The running average is 91
The y-int is 5
Energy harvested: 1001678.9152777963
iGeneratingEnergyWhenGridNeedsEnergyMinutes =298537
iGeneratingEnergyWhenGridNeedsEnergyMinutes =298537
iUsingEnergyWhenGridNeedsEnergyMinutes =1970
iGeneratingEnergyWhenGridHasExcessEnergyMinutes = 3901
iUsingEnergyWhenGridHasExcessEnergyMinutes = 91
iIdleWhenGridDoesNotNeedEnergyMinutes = 42088
iIdleWhenGridNeedsEnergyMinutes = 4386716
iEnergyPriceIsZeroMinutes = 240
harvester.getEnergyHarvestedAVAILABLEKilowattHours( ): 4898122.183333334
harvester.getEnergyHarvestedKilowattHours(): 1001678.9152777963
The y-int is 15
Energy harvested: 1199518.8461111258
iGeneratingEnergyWhenGridNeedsEnergyMinutes =291900
iGeneratingEnergyWhenGridNeedsEnergyMinutes =291900
iUsingEnergyWhenGridNeedsEnergyMinutes =1736
iGeneratingEnergyWhenGridHasExcessEnergyMinutes = 3413
iUsingEnergyWhenGridHasExcessEnergyMinutes = 59
iIdleWhenGridDoesNotNeedEnergyMinutes = 42608
iIdleWhenGridNeedsEnergyMinutes = 4393587
iEnergyPriceIsZeroMinutes = 240
harvester.getEnergyHarvestedAVAILABLEKilowattHours( ): 4898122.183333334
harvester.getEnergyHarvestedKilowattHours(): 1199518.8461111258
The y-int is 25
Energy harvested: 1027361.8863889052
iGeneratingEnergyWhenGridNeedsEnergyMinutes =281200
iGeneratingEnergyWhenGridNeedsEnergyMinutes =281200
iUsingEnergyWhenGridNeedsEnergyMinutes =2062
iGeneratingEnergyWhenGridHasExcessEnergyMinutes = 4138
iUsingEnergyWhenGridHasExcessEnergyMinutes = 59
iIdleWhenGridDoesNotNeedEnergyMinutes = 41883
iIdleWhenGridNeedsEnergyMinutes = 4403961
iEnergyPriceIsZeroMinutes = 240
harvester.getEnergyHarvestedAVAILABLEKilowattHours( ): 4898122.183333334
harvester.getEnergyHarvestedKilowattHours(): 1027361.8863889052
The y-int is 35
Energy harvested: 1027361.8863889052
iGeneratingEnergyWhenGridNeedsEnergyMinutes =281200
iGeneratingEnergyWhenGridNeedsEnergyMinutes =281200
iUsingEnergyWhenGridNeedsEnergyMinutes =2062
iGeneratingEnergyWhenGridHasExcessEnergyMinutes = 4138
iUsingEnergyWhenGridHasExcessEnergyMinutes = 59
iIdleWhenGridDoesNotNeedEnergyMinutes = 41883
iIdleWhenGridNeedsEnergyMinutes = 4403961
iEnergyPriceIsZeroMinutes = 240
harvester.getEnergyHarvestedAVAILABLEKilowattHours( ): 4898122.183333334
harvester.getEnergyHarvestedKilowattHours(): 1027361.8863889052
The running average is 121
The y-int is 5
Energy harvested: 1003605.8136111296
iGeneratingEnergyWhenGridNeedsEnergyMinutes =299150
iGeneratingEnergyWhenGridNeedsEnergyMinutes =299150
iUsingEnergyWhenGridNeedsEnergyMinutes =1988
iGeneratingEnergyWhenGridHasExcessEnergyMinutes = 3899
iUsingEnergyWhenGridHasExcessEnergyMinutes = 73
iIdleWhenGridDoesNotNeedEnergyMinutes = 42108
iIdleWhenGridNeedsEnergyMinutes = 4386085
iEnergyPriceIsZeroMinutes = 240
harvester.getEnergyHarvestedAVAILABLEKilowattHours( ): 4898122.183333334
harvester.getEnergyHarvestedKilowattHours(): 1003605.8136111296
The y-int is 15
Energy harvested: 1173770.680555571
iGeneratingEnergyWhenGridNeedsEnergyMinutes =291882
iGeneratingEnergyWhenGridNeedsEnergyMinutes =291882
iUsingEnergyWhenGridNeedsEnergyMinutes =1787
iGeneratingEnergyWhenGridHasExcessEnergyMinutes = 3413
iUsingEnergyWhenGridHasExcessEnergyMinutes = 59
iIdleWhenGridDoesNotNeedEnergyMinutes = 42608
iIdleWhenGridNeedsEnergyMinutes = 4393554
iEnergyPriceIsZeroMinutes = 240
harvester.getEnergyHarvestedAVAILABLEKilowattHours( ): 4898122.183333334
harvester.getEnergyHarvestedKilowattHours(): 1173770.680555571
The y-int is 25
Energy harvested: 1027361.8863889052
iGeneratingEnergyWhenGridNeedsEnergyMinutes =281200
iGeneratingEnergyWhenGridNeedsEnergyMinutes =281200
iUsingEnergyWhenGridNeedsEnergyMinutes =2062
iGeneratingEnergyWhenGridHasExcessEnergyMinutes = 4138
iUsingEnergyWhenGridHasExcessEnergyMinutes = 59
iIdleWhenGridDoesNotNeedEnergyMinutes = 41883
iIdleWhenGridNeedsEnergyMinutes = 4403961
iEnergyPriceIsZeroMinutes = 240
harvester.getEnergyHarvestedAVAILABLEKilowattHours( ): 4898122.183333334
harvester.getEnergyHarvestedKilowattHours(): 1027361.8863889052
The y-int is 35
Energy harvested: 1027361.8863889052
iGeneratingEnergyWhenGridNeedsEnergyMinutes =281200
iGeneratingEnergyWhenGridNeedsEnergyMinutes =281200
iUsingEnergyWhenGridNeedsEnergyMinutes =2062
iGeneratingEnergyWhenGridHasExcessEnergyMinutes = 4138
iUsingEnergyWhenGridHasExcessEnergyMinutes = 59
iIdleWhenGridDoesNotNeedEnergyMinutes = 41883
iIdleWhenGridNeedsEnergyMinutes = 4403961
iEnergyPriceIsZeroMinutes = 240
harvester.getEnergyHarvestedAVAILABLEKilowattHours( ): 4898122.183333334
harvester.getEnergyHarvestedKilowattHours(): 1027361.8863889052
Beginning testing mode:
station,&,y_intercept_for_month_1,&,running_average_size_minutes_for_month_1,&,y_intercept_for_month_2,&,running_average_size_minutes_for_month_2,&,y_intercept_for_month_3,&,running_average_size_minutes_for_month_3,&,y_intercept_for_month_4,&,running_average_size_minutes_for_month_4,&,y_intercept_for_month_5,&,running_average_size_minutes_for_month_5,&,y_intercept_for_month_6,&,running_average_size_minutes_for_month_6,&,y_intercept_for_month_7,&,running_average_size_minutes_for_month_7,&,y_intercept_for_month_8,&,running_average_size_minutes_for_month_8,&,y_intercept_for_month_9,&,running_average_size_minutes_for_month_9,&,y_intercept_for_month_10,&,running_average_size_minutes_for_month_10,&,y_intercept_for_month_11,&,running_average_size_minutes_for_month_11,&,y_intercept_for_month_12,&,running_average_size_minutes_for_month_12,&,dNetNorm,&,dMarketBalancePercentage,&,dMarketNetNorm,
results: KCLT,&,15,&,1,&,25,&,1,&,15,&,91,&,5,&,1,&,5,&,1,&,25,&,1,&,25,&,1,&,25,&,1,&,15,&,1,&,15,&,1,&,15,&,1,&,15,&,1,&,0.2063790439889657,&,0.9541336594939769,&,0.19691319248406028
monthly visible minutes:KCLT,&,2013,&,8672,&,8672,&,8672,&,8672,&,8672,&,8672,&,8672,&,8672,&,8672,&,8672,&,8672,&,8672,&,
monthly visible minutes:KCLT,&,2014,&,8672,&,8672,&,8672,&,8672,&,8672,&,8672,&,8672,&,8672,&,8672,&,8672,&,8672,&,8672,&,
monthly minutes harvester between states:KCLT,&,2013,&,38,&,38,&,38,&,38,&,38,&,38,&,38,&,38,&,38,&,38,&,38,&,38,&,
monthly minutes harvester between states:KCLT,&,2014,&,38,&,38,&,38,&,38,&,38,&,38,&,38,&,38,&,38,&,38,&,38,&,38,&,
station,&,y_intercept_for_month_1,&,running_average_size_minutes_for_month_1,&,y_intercept_for_month_2,&,running_average_size_minutes_for_month_2,&,y_intercept_for_month_3,&,running_average_size_minutes_for_month_3,&,y_intercept_for_month_4,&,running_average_size_minutes_for_month_4,&,y_intercept_for_month_5,&,running_average_size_minutes_for_month_5,&,y_intercept_for_month_6,&,running_average_size_minutes_for_month_6,&,y_intercept_for_month_7,&,running_average_size_minutes_for_month_7,&,y_intercept_for_month_8,&,running_average_size_minutes_for_month_8,&,y_intercept_for_month_9,&,running_average_size_minutes_for_month_9,&,y_intercept_for_month_10,&,running_average_size_minutes_for_month_10,&,y_intercept_for_month_11,&,running_average_size_minutes_for_month_11,&,y_intercept_for_month_12,&,running_average_size_minutes_for_month_12,&,dNetNorm,&,dMarketBalancePercentage,&,dMarketNetNorm,
results: KCLT,&,15,&,1,&,25,&,1,&,15,&,91,&,5,&,1,&,5,&,1,&,25,&,1,&,25,&,1,&,25,&,1,&,15,&,1,&,15,&,1,&,15,&,1,&,15,&,1,&,0.2063790439889657,&,0.9541336594939769,&,0.19691319248406028
monthly visible minutes:KCLT,&,2013,&,8672,&,8672,&,8672,&,8672,&,8672,&,8672,&,8672,&,8672,&,8672,&,8672,&,8672,&,8672,&,
monthly visible minutes:KCLT,&,2014,&,8672,&,8672,&,8672,&,8672,&,8672,&,8672,&,8672,&,8672,&,8672,&,8672,&,8672,&,8672,&,
monthly minutes harvester between states:KCLT,&,2013,&,38,&,38,&,38,&,38,&,38,&,38,&,38,&,38,&,38,&,38,&,38,&,38,&,
monthly minutes harvester between states:KCLT,&,2014,&,38,&,38,&,38,&,38,&,38,&,38,&,38,&,38,&,38,&,38,&,38,&,38,&,
Station: KCVG
abc: The current path is /home/guy/retractable-wind
I have found the property file.
The training windspeed filename is /trainingKCVG2004-2012in.csv
The testing windspeed filename is /testingKCVG2013-2014in.csv
Yes, the station is KCVG
Warning: The bAlsoUsePrediction no longer has any effect
iUsedAllItsAllocatedVisibilityMinutesPerMonth: 8760
Visibility Allocation Minutes:8760
HARVESTER_SIZE_SQM is 6362
Reading file
Success: /Wind turbine power curves - wind turbine power output against wind speed in knots.csv found.
Speed (Knots) = Speed(knots) vs power (kW) , Power (kW) =V90
Speed (Knots) = 0 , Power (kW) =0
Speed (Knots) = 1 , Power (kW) =0
Speed (Knots) = 2 , Power (kW) =0
Speed (Knots) = 3 , Power (kW) =0
Speed (Knots) = 4 , Power (kW) =0
Speed (Knots) = 5 , Power (kW) =0
Speed (Knots) = 6 , Power (kW) =0
Speed (Knots) = 7 , Power (kW) =38
Speed (Knots) = 8 , Power (kW) =87
Speed (Knots) = 9 , Power (kW) =141
Speed (Knots) = 10 , Power (kW) =207
Speed (Knots) = 11 , Power (kW) =286
Speed (Knots) = 12 , Power (kW) =382
Speed (Knots) = 13 , Power (kW) =496
Speed (Knots) = 14 , Power (kW) =628
Speed (Knots) = 15 , Power (kW) =781
Speed (Knots) = 16 , Power (kW) =957
Speed (Knots) = 17 , Power (kW) =1153
Speed (Knots) = 18 , Power (kW) =1366
Speed (Knots) = 19 , Power (kW) =1589
Speed (Knots) = 20 , Power (kW) =1814
Speed (Knots) = 21 , Power (kW) =2035
Speed (Knots) = 22 , Power (kW) =2250
Speed (Knots) = 23 , Power (kW) =2452
Speed (Knots) = 24 , Power (kW) =2634
Speed (Knots) = 25 , Power (kW) =2784
Speed (Knots) = 26 , Power (kW) =2888
Speed (Knots) = 27 , Power (kW) =2949
Speed (Knots) = 28 , Power (kW) =2980
Speed (Knots) = 29 , Power (kW) =2993
Speed (Knots) = 30 , Power (kW) =3000
Speed (Knots) = 31 , Power (kW) =3000
Speed (Knots) = 32 , Power (kW) =3000
Speed (Knots) = 33 , Power (kW) =3000
Speed (Knots) = 34 , Power (kW) =3000
Speed (Knots) = 35 , Power (kW) =3000
Speed (Knots) = 36 , Power (kW) =3000
Speed (Knots) = 37 , Power (kW) =3000
Speed (Knots) = 38 , Power (kW) =3000
Speed (Knots) = 39 , Power (kW) =3000
Speed (Knots) = 40 , Power (kW) =3000
Speed (Knots) = 41 , Power (kW) =3000
Speed (Knots) = 42 , Power (kW) =3000
Speed (Knots) = 43 , Power (kW) =3000
Speed (Knots) = 44 , Power (kW) =3000
Speed (Knots) = 45 , Power (kW) =3000
Speed (Knots) = 46 , Power (kW) =3000
Speed (Knots) = 47 , Power (kW) =3000
Speed (Knots) = 48 , Power (kW) =3000
Speed (Knots) = 49 , Power (kW) =0
Speed (Knots) = 50 , Power (kW) =0
Speed (Knots) = 51 , Power (kW) =0
Speed (Knots) = 52 , Power (kW) =0
Speed (Knots) = 53 , Power (kW) =0
Speed (Knots) = 54 , Power (kW) =0
Speed (Knots) = 55 , Power (kW) =0
Speed (Knots) = 56 , Power (kW) =0
Speed (Knots) = 57 , Power (kW) =0
Speed (Knots) = 58 , Power (kW) =0
Speed (Knots) = 59 , Power (kW) =0
Speed (Knots) = 60 , Power (kW) =0
The scale is 1.0
Wind power at 10 knots in kilowatts is 207.0
Wind power in-cut-out test 0.0
Aging
Class name:edu.pitt.cs.people.guy.wind.benchmarks.Aging
Success: /Noise_Allowed_Time_Definitions_All_Stations.csv found.
The station is the record is KCVG
Success: /Noise_Allowed_Time_Definitions_All_Stations.csv found.
The station is the record is KCVG
I have found the membership file for NOT WINDY.
Windspeed (knots) [0,1), Membership Value =1.00000000,1.0
Windspeed (knots) [1,2), Membership Value =0.99993104,0.99993104
Windspeed (knots) [2,3), Membership Value =0.99910231,0.9991023
Windspeed (knots) [3,4), Membership Value =0.99547484,0.9954748
Windspeed (knots) [4,5), Membership Value =0.98504723,0.9850472
Windspeed (knots) [5,6), Membership Value =0.96273147,0.9627315
Windspeed (knots) [6,7), Membership Value =0.92411764,0.9241176
Windspeed (knots) [7,8), Membership Value =0.86470912,0.86470914
Windspeed (knots) [8,9), Membership Value =0.79230455,0.7923046
Windspeed (knots) [9,10), Membership Value =0.70498803,0.704988
Windspeed (knots) [10,11), Membership Value =0.60762089,0.6076209
Windspeed (knots) [11,12), Membership Value =0.50467934,0.5046793
Windspeed (knots) [12,13), Membership Value =0.40151416,0.40151417
Windspeed (knots) [13,14), Membership Value =0.30164158,0.30164158
Windspeed (knots) [14,15), Membership Value =0.21096897,0.21096897
Windspeed (knots) [15,16), Membership Value =0.12823072,0.12823072
Windspeed (knots) [16,17), Membership Value =0.05359591,0.05359591
Windspeed (knots) [17,18), Membership Value =0.00000000,0.0
Windspeed (knots) [18,19), Membership Value =0.00000000,0.0
Windspeed (knots) [19,20), Membership Value =0.00000000,0.0
Windspeed (knots) [20,21), Membership Value =0.00000000,0.0
Windspeed (knots) [21,22), Membership Value =0.00000000,0.0
Windspeed (knots) [22,23), Membership Value =0.00000000,0.0
Windspeed (knots) [23,24), Membership Value =0.00000000,0.0
Windspeed (knots) [24,25), Membership Value =0.00000000,0.0
Windspeed (knots) [25,26), Membership Value =0.00000000,0.0
Windspeed (knots) [26,27), Membership Value =0.00000000,0.0
Windspeed (knots) [27,28), Membership Value =0.00000000,0.0
Windspeed (knots) [28,29), Membership Value =0.00000000,0.0
Windspeed (knots) [29,30), Membership Value =0.00000000,0.0
Windspeed (knots) [30,31), Membership Value =0.00000000,0.0
Windspeed (knots) [31,32), Membership Value =0.00000000,0.0
Windspeed (knots) [32,33), Membership Value =0.00000000,0.0
Windspeed (knots) [33,34), Membership Value =0.00000000,0.0
Windspeed (knots) [34,35), Membership Value =0.00000000,0.0
Windspeed (knots) [35,36), Membership Value =0.00000000,0.0
Windspeed (knots) [36,37), Membership Value =0.00000000,0.0
Windspeed (knots) [37,38), Membership Value =0.00000000,0.0
Windspeed (knots) [38,39), Membership Value =0.00000000,0.0
Windspeed (knots) [39,40), Membership Value =0.00000000,0.0
Windspeed (knots) [40,41), Membership Value =0.00000000,0.0
Windspeed (knots) [41,42), Membership Value =0.00000000,0.0
Windspeed (knots) [42,43), Membership Value =0.00000000,0.0
Windspeed (knots) [43,44), Membership Value =0.00000000,0.0
Windspeed (knots) [44,45), Membership Value =0.00000000,0.0
Windspeed (knots) [45,46), Membership Value =0.00000000,0.0
Windspeed (knots) [46,47), Membership Value =0.00000000,0.0
Windspeed (knots) [47,48), Membership Value =0.00000000,0.0
Windspeed (knots) [48,49), Membership Value =0.00000000,0.0
Windspeed (knots) [49,50), Membership Value =0.00000000,0.0
Windspeed (knots) [50,51), Membership Value =0.00000000,0.0
Windspeed (knots) [51,52), Membership Value =0.00000000,0.0
Windspeed (knots) [52,53), Membership Value =0.00000000,0.0
Windspeed (knots) [53,54), Membership Value =0.00000000,0.0
Windspeed (knots) [54,55), Membership Value =0.00000000,0.0
Windspeed (knots) [55,56), Membership Value =0.00000000,0.0
Windspeed (knots) [56,57), Membership Value =0.00000000,0.0
Windspeed (knots) [57,58), Membership Value =0.00000000,0.0
Windspeed (knots) [58,59), Membership Value =0.00000000,0.0
Windspeed (knots) [59,60), Membership Value =0.00000000,0.0
Windspeed (knots) [60,61), Membership Value =0.00000000,0.0
Windspeed (knots) [61,62), Membership Value =0.00000000,0.0
Windspeed (knots) [62,63), Membership Value =0.00000000,0.0
Windspeed (knots) [63,64), Membership Value =0.00000000,0.0
Windspeed (knots) [64,65), Membership Value =0.00000000,0.0
Windspeed (knots) [65,66), Membership Value =0.00000000,0.0
Windspeed (knots) [66,67), Membership Value =0.00000000,0.0
Windspeed (knots) [67,68), Membership Value =0.00000000,0.0
Windspeed (knots) [68,69), Membership Value =0.00000000,0.0
Windspeed (knots) [69,70), Membership Value =0.00000000,0.0
Windspeed (knots) [70,71), Membership Value =0.00000000,0.0
Windspeed (knots) [71,72), Membership Value =0.00000000,0.0
Windspeed (knots) [72,73), Membership Value =0.00000000,0.0
Windspeed (knots) [73,74), Membership Value =0.00000000,0.0
Windspeed (knots) [74,75), Membership Value =0.00000000,0.0
Windspeed (knots) [75,76), Membership Value =0.00000000,0.0
Windspeed (knots) [76,77), Membership Value =0.00000000,0.0
Windspeed (knots) [77,78), Membership Value =0.00000000,0.0
Windspeed (knots) [78,79), Membership Value =0.00000000,0.0
Windspeed (knots) [79,80), Membership Value =0.00000000,0.0
Windspeed (knots) [80,81), Membership Value =0.00000000,0.0
Windspeed (knots) [81,82), Membership Value =0.00000000,0.0
Windspeed (knots) [82,83), Membership Value =0.00000000,0.0
Windspeed (knots) [83,84), Membership Value =0.00000000,0.0
Windspeed (knots) [84,85), Membership Value =0.00000000,0.0
Windspeed (knots) [85,86), Membership Value =0.00000000,0.0
Windspeed (knots) [86,87), Membership Value =0.00000000,0.0
Windspeed (knots) [87,88), Membership Value =0.00000000,0.0
Windspeed (knots) [88,89), Membership Value =0.00000000,0.0
Windspeed (knots) [89,90), Membership Value =0.00000000,0.0
Windspeed (knots) [90,91), Membership Value =0.00000000,0.0
Windspeed (knots) [91,92), Membership Value =0.00000000,0.0
Windspeed (knots) [92,93), Membership Value =0.00000000,0.0
Windspeed (knots) [93,94), Membership Value =0.00000000,0.0
Windspeed (knots) [94,95), Membership Value =0.00000000,0.0
Windspeed (knots) [95,96), Membership Value =0.00000000,0.0
Windspeed (knots) [96,97), Membership Value =0.00000000,0.0
Windspeed (knots) [97,98), Membership Value =0.00000000,0.0
Windspeed (knots) [98,99), Membership Value =0.00000000,0.0
Windspeed (knots) [99,100), Membership Value =0.00000000,0.0
Windspeed (knots) [100,101), Membership Value =0.00000000,0.0
Windspeed (knots) [101,102), Membership Value =0.00000000,0.0
Windspeed (knots) [102,103), Membership Value =0.00000000,0.0
Windspeed (knots) [103,104), Membership Value =0.00000000,0.0
Windspeed (knots) [104,105), Membership Value =0.00000000,0.0
Windspeed (knots) [105,106), Membership Value =0.00000000,0.0
Windspeed (knots) [106,107), Membership Value =0.00000000,0.0
Windspeed (knots) [107,108), Membership Value =0.00000000,0.0
Windspeed (knots) [108,109), Membership Value =0.00000000,0.0
Windspeed (knots) [109,110), Membership Value =0.00000000,0.0
Windspeed (knots) [110,111), Membership Value =0.00000000,0.0
Windspeed (knots) [111,112), Membership Value =0.00000000,0.0
Windspeed (knots) [112,113), Membership Value =0.00000000,0.0
Windspeed (knots) [113,114), Membership Value =0.00000000,0.0
Windspeed (knots) [114,115), Membership Value =0.00000000,0.0
Windspeed (knots) [115,116), Membership Value =0.00000000,0.0
Windspeed (knots) [116,117), Membership Value =0.00000000,0.0
Windspeed (knots) [117,118), Membership Value =0.00000000,0.0
Windspeed (knots) [118,119), Membership Value =0.00000000,0.0
Windspeed (knots) [119,120), Membership Value =0.00000000,0.0
Windspeed (knots) [120,121), Membership Value =0.00000000,0.0
Windspeed (knots) [121,122), Membership Value =0.00000000,0.0
Windspeed (knots) [122,123), Membership Value =0.00000000,0.0
Windspeed (knots) [123,124), Membership Value =0.00000000,0.0
Windspeed (knots) [124,125), Membership Value =0.00000000,0.0
LowestWindspeedThatIsWindyKnots for station KCVG is 7 knots.
Transition limited :true
bUseWeatherPrediction: true
The running average is 1
The y-int is 7
Energy harvested: 2411359.945555535
iGeneratingEnergyWhenGridNeedsEnergyMinutes =468310
iGeneratingEnergyWhenGridNeedsEnergyMinutes =468310
iUsingEnergyWhenGridNeedsEnergyMinutes =1918
iGeneratingEnergyWhenGridHasExcessEnergyMinutes = 5661
iUsingEnergyWhenGridHasExcessEnergyMinutes = 124
iIdleWhenGridDoesNotNeedEnergyMinutes = 40295
iIdleWhenGridNeedsEnergyMinutes = 4216992
iEnergyPriceIsZeroMinutes = 240
harvester.getEnergyHarvestedAVAILABLEKilowattHours( ): 1.1543897016666668E7
harvester.getEnergyHarvestedKilowattHours(): 2411359.945555535
The y-int is 17
Energy harvested: 2986893.5127777546
iGeneratingEnergyWhenGridNeedsEnergyMinutes =475716
iGeneratingEnergyWhenGridNeedsEnergyMinutes =475716
iUsingEnergyWhenGridNeedsEnergyMinutes =412
iGeneratingEnergyWhenGridHasExcessEnergyMinutes = 5824
iUsingEnergyWhenGridHasExcessEnergyMinutes = 0
iIdleWhenGridDoesNotNeedEnergyMinutes = 40256
iIdleWhenGridNeedsEnergyMinutes = 4211092
iEnergyPriceIsZeroMinutes = 240
harvester.getEnergyHarvestedAVAILABLEKilowattHours( ): 1.1543897016666668E7
harvester.getEnergyHarvestedKilowattHours(): 2986893.5127777546
The y-int is 27
Energy harvested: 2420086.1136111035
iGeneratingEnergyWhenGridNeedsEnergyMinutes =480359
iGeneratingEnergyWhenGridNeedsEnergyMinutes =480359
iUsingEnergyWhenGridNeedsEnergyMinutes =1852
iGeneratingEnergyWhenGridHasExcessEnergyMinutes = 6920
iUsingEnergyWhenGridHasExcessEnergyMinutes = 40
iIdleWhenGridDoesNotNeedEnergyMinutes = 39120
iIdleWhenGridNeedsEnergyMinutes = 4205009
iEnergyPriceIsZeroMinutes = 240
harvester.getEnergyHarvestedAVAILABLEKilowattHours( ): 1.1543897016666668E7
harvester.getEnergyHarvestedKilowattHours(): 2420086.1136111035
The y-int is 37
Energy harvested: 2383576.0038888943
iGeneratingEnergyWhenGridNeedsEnergyMinutes =477163
iGeneratingEnergyWhenGridNeedsEnergyMinutes =477163
iUsingEnergyWhenGridNeedsEnergyMinutes =1988
iGeneratingEnergyWhenGridHasExcessEnergyMinutes = 7000
iUsingEnergyWhenGridHasExcessEnergyMinutes = 59
iIdleWhenGridDoesNotNeedEnergyMinutes = 39021
iIdleWhenGridNeedsEnergyMinutes = 4208069
iEnergyPriceIsZeroMinutes = 240
harvester.getEnergyHarvestedAVAILABLEKilowattHours( ): 1.1543897016666668E7
harvester.getEnergyHarvestedKilowattHours(): 2383576.0038888943
The running average is 31
The y-int is 7
Energy harvested: 2414128.146111086
iGeneratingEnergyWhenGridNeedsEnergyMinutes =472296
iGeneratingEnergyWhenGridNeedsEnergyMinutes =472296
iUsingEnergyWhenGridNeedsEnergyMinutes =1899
iGeneratingEnergyWhenGridHasExcessEnergyMinutes = 5589
iUsingEnergyWhenGridHasExcessEnergyMinutes = 124
iIdleWhenGridDoesNotNeedEnergyMinutes = 40367
iIdleWhenGridNeedsEnergyMinutes = 4213025
iEnergyPriceIsZeroMinutes = 240
harvester.getEnergyHarvestedAVAILABLEKilowattHours( ): 1.1543897016666668E7
harvester.getEnergyHarvestedKilowattHours(): 2414128.146111086
The y-int is 17
Energy harvested: 2976049.06083329
iGeneratingEnergyWhenGridNeedsEnergyMinutes =501650
iGeneratingEnergyWhenGridNeedsEnergyMinutes =501650
iUsingEnergyWhenGridNeedsEnergyMinutes =1055
iGeneratingEnergyWhenGridHasExcessEnergyMinutes = 8027
iUsingEnergyWhenGridHasExcessEnergyMinutes = 20
iIdleWhenGridDoesNotNeedEnergyMinutes = 38033
iIdleWhenGridNeedsEnergyMinutes = 4184515
iEnergyPriceIsZeroMinutes = 240
harvester.getEnergyHarvestedAVAILABLEKilowattHours( ): 1.1543897016666668E7
harvester.getEnergyHarvestedKilowattHours(): 2976049.06083329
The y-int is 27
Energy harvested: 2383576.0038888943
iGeneratingEnergyWhenGridNeedsEnergyMinutes =477163
iGeneratingEnergyWhenGridNeedsEnergyMinutes =477163
iUsingEnergyWhenGridNeedsEnergyMinutes =1988
iGeneratingEnergyWhenGridHasExcessEnergyMinutes = 7000
iUsingEnergyWhenGridHasExcessEnergyMinutes = 59
iIdleWhenGridDoesNotNeedEnergyMinutes = 39021
iIdleWhenGridNeedsEnergyMinutes = 4208069
iEnergyPriceIsZeroMinutes = 240
harvester.getEnergyHarvestedAVAILABLEKilowattHours( ): 1.1543897016666668E7
harvester.getEnergyHarvestedKilowattHours(): 2383576.0038888943
The y-int is 37
Energy harvested: 2383576.0038888943
iGeneratingEnergyWhenGridNeedsEnergyMinutes =477163
iGeneratingEnergyWhenGridNeedsEnergyMinutes =477163
iUsingEnergyWhenGridNeedsEnergyMinutes =1988
iGeneratingEnergyWhenGridHasExcessEnergyMinutes = 7000
iUsingEnergyWhenGridHasExcessEnergyMinutes = 59
iIdleWhenGridDoesNotNeedEnergyMinutes = 39021
iIdleWhenGridNeedsEnergyMinutes = 4208069
iEnergyPriceIsZeroMinutes = 240
harvester.getEnergyHarvestedAVAILABLEKilowattHours( ): 1.1543897016666668E7
harvester.getEnergyHarvestedKilowattHours(): 2383576.0038888943
The running average is 61
The y-int is 7
Energy harvested: 2415663.329722197
iGeneratingEnergyWhenGridNeedsEnergyMinutes =472003
iGeneratingEnergyWhenGridNeedsEnergyMinutes =472003
iUsingEnergyWhenGridNeedsEnergyMinutes =1900
iGeneratingEnergyWhenGridHasExcessEnergyMinutes = 5507
iUsingEnergyWhenGridHasExcessEnergyMinutes = 124
iIdleWhenGridDoesNotNeedEnergyMinutes = 40449
iIdleWhenGridNeedsEnergyMinutes = 4213317
iEnergyPriceIsZeroMinutes = 240
harvester.getEnergyHarvestedAVAILABLEKilowattHours( ): 1.1543897016666668E7
harvester.getEnergyHarvestedKilowattHours(): 2415663.329722197
The y-int is 17
Energy harvested: 2869239.4977777246
iGeneratingEnergyWhenGridNeedsEnergyMinutes =500080
iGeneratingEnergyWhenGridNeedsEnergyMinutes =500080
iUsingEnergyWhenGridNeedsEnergyMinutes =1324
iGeneratingEnergyWhenGridHasExcessEnergyMinutes = 6296
iUsingEnergyWhenGridHasExcessEnergyMinutes = 39
iIdleWhenGridDoesNotNeedEnergyMinutes = 39745
iIdleWhenGridNeedsEnergyMinutes = 4185816
iEnergyPriceIsZeroMinutes = 240
harvester.getEnergyHarvestedAVAILABLEKilowattHours( ): 1.1543897016666668E7
harvester.getEnergyHarvestedKilowattHours(): 2869239.4977777246
The y-int is 27
Energy harvested: 2383576.0038888943
iGeneratingEnergyWhenGridNeedsEnergyMinutes =477163
iGeneratingEnergyWhenGridNeedsEnergyMinutes =477163
iUsingEnergyWhenGridNeedsEnergyMinutes =1988
iGeneratingEnergyWhenGridHasExcessEnergyMinutes = 7000
iUsingEnergyWhenGridHasExcessEnergyMinutes = 59
iIdleWhenGridDoesNotNeedEnergyMinutes = 39021
iIdleWhenGridNeedsEnergyMinutes = 4208069
iEnergyPriceIsZeroMinutes = 240
harvester.getEnergyHarvestedAVAILABLEKilowattHours( ): 1.1543897016666668E7
harvester.getEnergyHarvestedKilowattHours(): 2383576.0038888943
The y-int is 37
Energy harvested: 2383576.0038888943
iGeneratingEnergyWhenGridNeedsEnergyMinutes =477163
iGeneratingEnergyWhenGridNeedsEnergyMinutes =477163
iUsingEnergyWhenGridNeedsEnergyMinutes =1988
iGeneratingEnergyWhenGridHasExcessEnergyMinutes = 7000
iUsingEnergyWhenGridHasExcessEnergyMinutes = 59
iIdleWhenGridDoesNotNeedEnergyMinutes = 39021
iIdleWhenGridNeedsEnergyMinutes = 4208069
iEnergyPriceIsZeroMinutes = 240
harvester.getEnergyHarvestedAVAILABLEKilowattHours( ): 1.1543897016666668E7
harvester.getEnergyHarvestedKilowattHours(): 2383576.0038888943
The running average is 91
The y-int is 7
Energy harvested: 2422801.0644444185
iGeneratingEnergyWhenGridNeedsEnergyMinutes =473223
iGeneratingEnergyWhenGridNeedsEnergyMinutes =473223
iUsingEnergyWhenGridNeedsEnergyMinutes =1886
iGeneratingEnergyWhenGridHasExcessEnergyMinutes = 5375
iUsingEnergyWhenGridHasExcessEnergyMinutes = 131
iIdleWhenGridDoesNotNeedEnergyMinutes = 40574
iIdleWhenGridNeedsEnergyMinutes = 4212111
iEnergyPriceIsZeroMinutes = 240
harvester.getEnergyHarvestedAVAILABLEKilowattHours( ): 1.1543897016666668E7
harvester.getEnergyHarvestedKilowattHours(): 2422801.0644444185
The y-int is 17
Energy harvested: 2796380.9261110625
iGeneratingEnergyWhenGridNeedsEnergyMinutes =496108
iGeneratingEnergyWhenGridNeedsEnergyMinutes =496108
iUsingEnergyWhenGridNeedsEnergyMinutes =1400
iGeneratingEnergyWhenGridHasExcessEnergyMinutes = 6376
iUsingEnergyWhenGridHasExcessEnergyMinutes = 39
iIdleWhenGridDoesNotNeedEnergyMinutes = 39665
iIdleWhenGridNeedsEnergyMinutes = 4189712
iEnergyPriceIsZeroMinutes = 240
harvester.getEnergyHarvestedAVAILABLEKilowattHours( ): 1.1543897016666668E7
harvester.getEnergyHarvestedKilowattHours(): 2796380.9261110625
The y-int is 27
Energy harvested: 2383576.0038888943
iGeneratingEnergyWhenGridNeedsEnergyMinutes =477163
iGeneratingEnergyWhenGridNeedsEnergyMinutes =477163
iUsingEnergyWhenGridNeedsEnergyMinutes =1988
iGeneratingEnergyWhenGridHasExcessEnergyMinutes = 7000
iUsingEnergyWhenGridHasExcessEnergyMinutes = 59
iIdleWhenGridDoesNotNeedEnergyMinutes = 39021
iIdleWhenGridNeedsEnergyMinutes = 4208069
iEnergyPriceIsZeroMinutes = 240
harvester.getEnergyHarvestedAVAILABLEKilowattHours( ): 1.1543897016666668E7
harvester.getEnergyHarvestedKilowattHours(): 2383576.0038888943
The y-int is 37
Energy harvested: 2383576.0038888943
iGeneratingEnergyWhenGridNeedsEnergyMinutes =477163
iGeneratingEnergyWhenGridNeedsEnergyMinutes =477163
iUsingEnergyWhenGridNeedsEnergyMinutes =1988
iGeneratingEnergyWhenGridHasExcessEnergyMinutes = 7000
iUsingEnergyWhenGridHasExcessEnergyMinutes = 59
iIdleWhenGridDoesNotNeedEnergyMinutes = 39021
iIdleWhenGridNeedsEnergyMinutes = 4208069
iEnergyPriceIsZeroMinutes = 240
harvester.getEnergyHarvestedAVAILABLEKilowattHours( ): 1.1543897016666668E7
harvester.getEnergyHarvestedKilowattHours(): 2383576.0038888943
The running average is 121
The y-int is 7
Energy harvested: 2436253.2499999744
iGeneratingEnergyWhenGridNeedsEnergyMinutes =477088
iGeneratingEnergyWhenGridNeedsEnergyMinutes =477088
iUsingEnergyWhenGridNeedsEnergyMinutes =1846
iGeneratingEnergyWhenGridHasExcessEnergyMinutes = 5333
iUsingEnergyWhenGridHasExcessEnergyMinutes = 162
iIdleWhenGridDoesNotNeedEnergyMinutes = 40585
iIdleWhenGridNeedsEnergyMinutes = 4208286
iEnergyPriceIsZeroMinutes = 240
harvester.getEnergyHarvestedAVAILABLEKilowattHours( ): 1.1543897016666668E7
harvester.getEnergyHarvestedKilowattHours(): 2436253.2499999744
The y-int is 17
Energy harvested: 2730211.0338888713
iGeneratingEnergyWhenGridNeedsEnergyMinutes =490173
iGeneratingEnergyWhenGridNeedsEnergyMinutes =490173
iUsingEnergyWhenGridNeedsEnergyMinutes =1490
iGeneratingEnergyWhenGridHasExcessEnergyMinutes = 6376
iUsingEnergyWhenGridHasExcessEnergyMinutes = 39
iIdleWhenGridDoesNotNeedEnergyMinutes = 39665
iIdleWhenGridNeedsEnergyMinutes = 4195557
iEnergyPriceIsZeroMinutes = 240
harvester.getEnergyHarvestedAVAILABLEKilowattHours( ): 1.1543897016666668E7
harvester.getEnergyHarvestedKilowattHours(): 2730211.0338888713
The y-int is 27
Energy harvested: 2383576.0038888943
iGeneratingEnergyWhenGridNeedsEnergyMinutes =477163
iGeneratingEnergyWhenGridNeedsEnergyMinutes =477163
iUsingEnergyWhenGridNeedsEnergyMinutes =1988
iGeneratingEnergyWhenGridHasExcessEnergyMinutes = 7000
iUsingEnergyWhenGridHasExcessEnergyMinutes = 59
iIdleWhenGridDoesNotNeedEnergyMinutes = 39021
iIdleWhenGridNeedsEnergyMinutes = 4208069
iEnergyPriceIsZeroMinutes = 240
harvester.getEnergyHarvestedAVAILABLEKilowattHours( ): 1.1543897016666668E7
harvester.getEnergyHarvestedKilowattHours(): 2383576.0038888943
The y-int is 37
Energy harvested: 2383576.0038888943
iGeneratingEnergyWhenGridNeedsEnergyMinutes =477163
iGeneratingEnergyWhenGridNeedsEnergyMinutes =477163
iUsingEnergyWhenGridNeedsEnergyMinutes =1988
iGeneratingEnergyWhenGridHasExcessEnergyMinutes = 7000
iUsingEnergyWhenGridHasExcessEnergyMinutes = 59
iIdleWhenGridDoesNotNeedEnergyMinutes = 39021
iIdleWhenGridNeedsEnergyMinutes = 4208069
iEnergyPriceIsZeroMinutes = 240
harvester.getEnergyHarvestedAVAILABLEKilowattHours( ): 1.1543897016666668E7
harvester.getEnergyHarvestedKilowattHours(): 2383576.0038888943
Beginning testing mode:
station,&,y_intercept_for_month_1,&,running_average_size_minutes_for_month_1,&,y_intercept_for_month_2,&,running_average_size_minutes_for_month_2,&,y_intercept_for_month_3,&,running_average_size_minutes_for_month_3,&,y_intercept_for_month_4,&,running_average_size_minutes_for_month_4,&,y_intercept_for_month_5,&,running_average_size_minutes_for_month_5,&,y_intercept_for_month_6,&,running_average_size_minutes_for_month_6,&,y_intercept_for_month_7,&,running_average_size_minutes_for_month_7,&,y_intercept_for_month_8,&,running_average_size_minutes_for_month_8,&,y_intercept_for_month_9,&,running_average_size_minutes_for_month_9,&,y_intercept_for_month_10,&,running_average_size_minutes_for_month_10,&,y_intercept_for_month_11,&,running_average_size_minutes_for_month_11,&,y_intercept_for_month_12,&,running_average_size_minutes_for_month_12,&,dNetNorm,&,dMarketBalancePercentage,&,dMarketNetNorm,
results: KCVG,&,17,&,1,&,17,&,1,&,17,&,1,&,7,&,1,&,7,&,1,&,27,&,1,&,17,&,1,&,17,&,1,&,17,&,1,&,27,&,1,&,17,&,121,&,17,&,31,&,0.22856380100381127,&,0.9450357769170895,&,0.21600096925675982
monthly visible minutes:KCVG,&,2013,&,8672,&,8672,&,8672,&,8672,&,8672,&,8672,&,8672,&,8672,&,8672,&,8672,&,8672,&,8672,&,
monthly visible minutes:KCVG,&,2014,&,8672,&,8672,&,8672,&,8672,&,8672,&,8672,&,8672,&,8672,&,8672,&,8672,&,8672,&,8672,&,
monthly minutes harvester between states:KCVG,&,2013,&,38,&,38,&,38,&,38,&,38,&,38,&,38,&,38,&,38,&,38,&,38,&,38,&,
monthly minutes harvester between states:KCVG,&,2014,&,38,&,38,&,38,&,38,&,38,&,38,&,38,&,38,&,38,&,38,&,38,&,38,&,
station,&,y_intercept_for_month_1,&,running_average_size_minutes_for_month_1,&,y_intercept_for_month_2,&,running_average_size_minutes_for_month_2,&,y_intercept_for_month_3,&,running_average_size_minutes_for_month_3,&,y_intercept_for_month_4,&,running_average_size_minutes_for_month_4,&,y_intercept_for_month_5,&,running_average_size_minutes_for_month_5,&,y_intercept_for_month_6,&,running_average_size_minutes_for_month_6,&,y_intercept_for_month_7,&,running_average_size_minutes_for_month_7,&,y_intercept_for_month_8,&,running_average_size_minutes_for_month_8,&,y_intercept_for_month_9,&,running_average_size_minutes_for_month_9,&,y_intercept_for_month_10,&,running_average_size_minutes_for_month_10,&,y_intercept_for_month_11,&,running_average_size_minutes_for_month_11,&,y_intercept_for_month_12,&,running_average_size_minutes_for_month_12,&,dNetNorm,&,dMarketBalancePercentage,&,dMarketNetNorm,
results: KCVG,&,17,&,1,&,17,&,1,&,17,&,1,&,7,&,1,&,7,&,1,&,27,&,1,&,17,&,1,&,17,&,1,&,17,&,1,&,27,&,1,&,17,&,121,&,17,&,31,&,0.22856380100381127,&,0.9450357769170895,&,0.21600096925675982
monthly visible minutes:KCVG,&,2013,&,8672,&,8672,&,8672,&,8672,&,8672,&,8672,&,8672,&,8672,&,8672,&,8672,&,8672,&,8672,&,
monthly visible minutes:KCVG,&,2014,&,8672,&,8672,&,8672,&,8672,&,8672,&,8672,&,8672,&,8672,&,8672,&,8672,&,8672,&,8672,&,
monthly minutes harvester between states:KCVG,&,2013,&,38,&,38,&,38,&,38,&,38,&,38,&,38,&,38,&,38,&,38,&,38,&,38,&,
monthly minutes harvester between states:KCVG,&,2014,&,38,&,38,&,38,&,38,&,38,&,38,&,38,&,38,&,38,&,38,&,38,&,38,&,
Station: KDCA
abc: The current path is /home/guy/retractable-wind
I have found the property file.
The training windspeed filename is /trainingKDCA2004-2012in.csv
The testing windspeed filename is /testingKDCA2013-2014in.csv
Yes, the station is KDCA
Warning: The bAlsoUsePrediction no longer has any effect
iUsedAllItsAllocatedVisibilityMinutesPerMonth: 8760
Visibility Allocation Minutes:8760
HARVESTER_SIZE_SQM is 6362
Reading file
Success: /Wind turbine power curves - wind turbine power output against wind speed in knots.csv found.
Speed (Knots) = Speed(knots) vs power (kW) , Power (kW) =V90
Speed (Knots) = 0 , Power (kW) =0
Speed (Knots) = 1 , Power (kW) =0
Speed (Knots) = 2 , Power (kW) =0
Speed (Knots) = 3 , Power (kW) =0
Speed (Knots) = 4 , Power (kW) =0
Speed (Knots) = 5 , Power (kW) =0
Speed (Knots) = 6 , Power (kW) =0
Speed (Knots) = 7 , Power (kW) =38
Speed (Knots) = 8 , Power (kW) =87
Speed (Knots) = 9 , Power (kW) =141
Speed (Knots) = 10 , Power (kW) =207
Speed (Knots) = 11 , Power (kW) =286
Speed (Knots) = 12 , Power (kW) =382
Speed (Knots) = 13 , Power (kW) =496
Speed (Knots) = 14 , Power (kW) =628
Speed (Knots) = 15 , Power (kW) =781
Speed (Knots) = 16 , Power (kW) =957
Speed (Knots) = 17 , Power (kW) =1153
Speed (Knots) = 18 , Power (kW) =1366
Speed (Knots) = 19 , Power (kW) =1589
Speed (Knots) = 20 , Power (kW) =1814
Speed (Knots) = 21 , Power (kW) =2035
Speed (Knots) = 22 , Power (kW) =2250
Speed (Knots) = 23 , Power (kW) =2452
Speed (Knots) = 24 , Power (kW) =2634
Speed (Knots) = 25 , Power (kW) =2784
Speed (Knots) = 26 , Power (kW) =2888
Speed (Knots) = 27 , Power (kW) =2949
Speed (Knots) = 28 , Power (kW) =2980
Speed (Knots) = 29 , Power (kW) =2993
Speed (Knots) = 30 , Power (kW) =3000
Speed (Knots) = 31 , Power (kW) =3000
Speed (Knots) = 32 , Power (kW) =3000
Speed (Knots) = 33 , Power (kW) =3000
Speed (Knots) = 34 , Power (kW) =3000
Speed (Knots) = 35 , Power (kW) =3000
Speed (Knots) = 36 , Power (kW) =3000
Speed (Knots) = 37 , Power (kW) =3000
Speed (Knots) = 38 , Power (kW) =3000
Speed (Knots) = 39 , Power (kW) =3000
Speed (Knots) = 40 , Power (kW) =3000
Speed (Knots) = 41 , Power (kW) =3000
Speed (Knots) = 42 , Power (kW) =3000
Speed (Knots) = 43 , Power (kW) =3000
Speed (Knots) = 44 , Power (kW) =3000
Speed (Knots) = 45 , Power (kW) =3000
Speed (Knots) = 46 , Power (kW) =3000
Speed (Knots) = 47 , Power (kW) =3000
Speed (Knots) = 48 , Power (kW) =3000
Speed (Knots) = 49 , Power (kW) =0
Speed (Knots) = 50 , Power (kW) =0
Speed (Knots) = 51 , Power (kW) =0
Speed (Knots) = 52 , Power (kW) =0
Speed (Knots) = 53 , Power (kW) =0
Speed (Knots) = 54 , Power (kW) =0
Speed (Knots) = 55 , Power (kW) =0
Speed (Knots) = 56 , Power (kW) =0
Speed (Knots) = 57 , Power (kW) =0
Speed (Knots) = 58 , Power (kW) =0
Speed (Knots) = 59 , Power (kW) =0
Speed (Knots) = 60 , Power (kW) =0
The scale is 1.0
Wind power at 10 knots in kilowatts is 207.0
Wind power in-cut-out test 0.0
Aging
Class name:edu.pitt.cs.people.guy.wind.benchmarks.Aging
Success: /Noise_Allowed_Time_Definitions_All_Stations.csv found.
The station is the record is KDCA
Success: /Noise_Allowed_Time_Definitions_All_Stations.csv found.
The station is the record is KDCA
I have found the membership file for NOT WINDY.
Windspeed (knots) [0,1), Membership Value =1.00000000,1.0
Windspeed (knots) [1,2), Membership Value =0.99995870,0.9999587
Windspeed (knots) [2,3), Membership Value =0.99931406,0.99931407
Windspeed (knots) [3,4), Membership Value =0.99597394,0.99597394
Windspeed (knots) [4,5), Membership Value =0.98645224,0.9864522
Windspeed (knots) [5,6), Membership Value =0.96729674,0.9672967
Windspeed (knots) [6,7), Membership Value =0.93346797,0.933468
Windspeed (knots) [7,8), Membership Value =0.88326361,0.8832636
Windspeed (knots) [8,9), Membership Value =0.81258633,0.8125863
Windspeed (knots) [9,10), Membership Value =0.72894185,0.72894186
Windspeed (knots) [10,11), Membership Value =0.63205387,0.63205385
Windspeed (knots) [11,12), Membership Value =0.53365487,0.53365487
Windspeed (knots) [12,13), Membership Value =0.42929035,0.42929035
Windspeed (knots) [13,14), Membership Value =0.33305771,0.3330577
Windspeed (knots) [14,15), Membership Value =0.24499256,0.24499255
Windspeed (knots) [15,16), Membership Value =0.16346385,0.16346385
Windspeed (knots) [16,17), Membership Value =0.09114446,0.09114446
Windspeed (knots) [17,18), Membership Value =0.02753661,0.02753661
Windspeed (knots) [18,19), Membership Value =0.00000000,0.0
Windspeed (knots) [19,20), Membership Value =0.00000000,0.0
Windspeed (knots) [20,21), Membership Value =0.00000000,0.0
Windspeed (knots) [21,22), Membership Value =0.00000000,0.0
Windspeed (knots) [22,23), Membership Value =0.00000000,0.0
Windspeed (knots) [23,24), Membership Value =0.00000000,0.0
Windspeed (knots) [24,25), Membership Value =0.00000000,0.0
Windspeed (knots) [25,26), Membership Value =0.00000000,0.0
Windspeed (knots) [26,27), Membership Value =0.00000000,0.0
Windspeed (knots) [27,28), Membership Value =0.00000000,0.0
Windspeed (knots) [28,29), Membership Value =0.00000000,0.0
Windspeed (knots) [29,30), Membership Value =0.00000000,0.0
Windspeed (knots) [30,31), Membership Value =0.00000000,0.0
Windspeed (knots) [31,32), Membership Value =0.00000000,0.0
Windspeed (knots) [32,33), Membership Value =0.00000000,0.0
Windspeed (knots) [33,34), Membership Value =0.00000000,0.0
Windspeed (knots) [34,35), Membership Value =0.00000000,0.0
Windspeed (knots) [35,36), Membership Value =0.00000000,0.0
Windspeed (knots) [36,37), Membership Value =0.00000000,0.0
Windspeed (knots) [37,38), Membership Value =0.00000000,0.0
Windspeed (knots) [38,39), Membership Value =0.00000000,0.0
Windspeed (knots) [39,40), Membership Value =0.00000000,0.0
Windspeed (knots) [40,41), Membership Value =0.00000000,0.0
Windspeed (knots) [41,42), Membership Value =0.00000000,0.0
Windspeed (knots) [42,43), Membership Value =0.00000000,0.0
Windspeed (knots) [43,44), Membership Value =0.00000000,0.0
Windspeed (knots) [44,45), Membership Value =0.00000000,0.0
Windspeed (knots) [45,46), Membership Value =0.00000000,0.0
Windspeed (knots) [46,47), Membership Value =0.00000000,0.0
Windspeed (knots) [47,48), Membership Value =0.00000000,0.0
Windspeed (knots) [48,49), Membership Value =0.00000000,0.0
Windspeed (knots) [49,50), Membership Value =0.00000000,0.0
Windspeed (knots) [50,51), Membership Value =0.00000000,0.0
Windspeed (knots) [51,52), Membership Value =0.00000000,0.0
Windspeed (knots) [52,53), Membership Value =0.00000000,0.0
Windspeed (knots) [53,54), Membership Value =0.00000000,0.0
Windspeed (knots) [54,55), Membership Value =0.00000000,0.0
Windspeed (knots) [55,56), Membership Value =0.00000000,0.0
Windspeed (knots) [56,57), Membership Value =0.00000000,0.0
Windspeed (knots) [57,58), Membership Value =0.00000000,0.0
Windspeed (knots) [58,59), Membership Value =0.00000000,0.0
Windspeed (knots) [59,60), Membership Value =0.00000000,0.0
Windspeed (knots) [60,61), Membership Value =0.00000000,0.0
Windspeed (knots) [61,62), Membership Value =0.00000000,0.0
Windspeed (knots) [62,63), Membership Value =0.00000000,0.0
Windspeed (knots) [63,64), Membership Value =0.00000000,0.0
Windspeed (knots) [64,65), Membership Value =0.00000000,0.0
Windspeed (knots) [65,66), Membership Value =0.00000000,0.0
Windspeed (knots) [66,67), Membership Value =0.00000000,0.0
Windspeed (knots) [67,68), Membership Value =0.00000000,0.0
Windspeed (knots) [68,69), Membership Value =0.00000000,0.0
Windspeed (knots) [69,70), Membership Value =0.00000000,0.0
Windspeed (knots) [70,71), Membership Value =0.00000000,0.0
Windspeed (knots) [71,72), Membership Value =0.00000000,0.0
Windspeed (knots) [72,73), Membership Value =0.00000000,0.0
Windspeed (knots) [73,74), Membership Value =0.00000000,0.0
Windspeed (knots) [74,75), Membership Value =0.00000000,0.0
Windspeed (knots) [75,76), Membership Value =0.00000000,0.0
Windspeed (knots) [76,77), Membership Value =0.00000000,0.0
Windspeed (knots) [77,78), Membership Value =0.00000000,0.0
Windspeed (knots) [78,79), Membership Value =0.00000000,0.0
Windspeed (knots) [79,80), Membership Value =0.00000000,0.0
Windspeed (knots) [80,81), Membership Value =0.00000000,0.0
Windspeed (knots) [81,82), Membership Value =0.00000000,0.0
Windspeed (knots) [82,83), Membership Value =0.00000000,0.0
Windspeed (knots) [83,84), Membership Value =0.00000000,0.0
Windspeed (knots) [84,85), Membership Value =0.00000000,0.0
Windspeed (knots) [85,86), Membership Value =0.00000000,0.0
Windspeed (knots) [86,87), Membership Value =0.00000000,0.0
Windspeed (knots) [87,88), Membership Value =0.00000000,0.0
Windspeed (knots) [88,89), Membership Value =0.00000000,0.0
Windspeed (knots) [89,90), Membership Value =0.00000000,0.0
Windspeed (knots) [90,91), Membership Value =0.00000000,0.0
Windspeed (knots) [91,92), Membership Value =0.00000000,0.0
Windspeed (knots) [92,93), Membership Value =0.00000000,0.0
Windspeed (knots) [93,94), Membership Value =0.00000000,0.0
Windspeed (knots) [94,95), Membership Value =0.00000000,0.0
Windspeed (knots) [95,96), Membership Value =0.00000000,0.0
Windspeed (knots) [96,97), Membership Value =0.00000000,0.0
Windspeed (knots) [97,98), Membership Value =0.00000000,0.0
Windspeed (knots) [98,99), Membership Value =0.00000000,0.0
Windspeed (knots) [99,100), Membership Value =0.00000000,0.0
Windspeed (knots) [100,101), Membership Value =0.00000000,0.0
Windspeed (knots) [101,102), Membership Value =0.00000000,0.0
Windspeed (knots) [102,103), Membership Value =0.00000000,0.0
Windspeed (knots) [103,104), Membership Value =0.00000000,0.0
Windspeed (knots) [104,105), Membership Value =0.00000000,0.0
Windspeed (knots) [105,106), Membership Value =0.00000000,0.0
Windspeed (knots) [106,107), Membership Value =0.00000000,0.0
Windspeed (knots) [107,108), Membership Value =0.00000000,0.0
Windspeed (knots) [108,109), Membership Value =0.00000000,0.0
Windspeed (knots) [109,110), Membership Value =0.00000000,0.0
Windspeed (knots) [110,111), Membership Value =0.00000000,0.0
Windspeed (knots) [111,112), Membership Value =0.00000000,0.0
Windspeed (knots) [112,113), Membership Value =0.00000000,0.0
Windspeed (knots) [113,114), Membership Value =0.00000000,0.0
Windspeed (knots) [114,115), Membership Value =0.00000000,0.0
Windspeed (knots) [115,116), Membership Value =0.00000000,0.0
Windspeed (knots) [116,117), Membership Value =0.00000000,0.0
Windspeed (knots) [117,118), Membership Value =0.00000000,0.0
Windspeed (knots) [118,119), Membership Value =0.00000000,0.0
Windspeed (knots) [119,120), Membership Value =0.00000000,0.0
Windspeed (knots) [120,121), Membership Value =0.00000000,0.0
Windspeed (knots) [121,122), Membership Value =0.00000000,0.0
Windspeed (knots) [122,123), Membership Value =0.00000000,0.0
Windspeed (knots) [123,124), Membership Value =0.00000000,0.0
Windspeed (knots) [124,125), Membership Value =0.00000000,0.0
LowestWindspeedThatIsWindyKnots for station KDCA is 7 knots.
Transition limited :true
bUseWeatherPrediction: true
The running average is 1
The y-int is 7
Energy harvested: 2673955.731944373
iGeneratingEnergyWhenGridNeedsEnergyMinutes =499994
iGeneratingEnergyWhenGridNeedsEnergyMinutes =499994
iUsingEnergyWhenGridNeedsEnergyMinutes =1942
iGeneratingEnergyWhenGridHasExcessEnergyMinutes = 4732
iUsingEnergyWhenGridHasExcessEnergyMinutes = 90
iIdleWhenGridDoesNotNeedEnergyMinutes = 41258
iIdleWhenGridNeedsEnergyMinutes = 4186463
iEnergyPriceIsZeroMinutes = 240
harvester.getEnergyHarvestedAVAILABLEKilowattHours( ): 1.29294752E7
harvester.getEnergyHarvestedKilowattHours(): 2673955.731944373
The y-int is 17
Energy harvested: 3405446.486944414
iGeneratingEnergyWhenGridNeedsEnergyMinutes =523793
iGeneratingEnergyWhenGridNeedsEnergyMinutes =523793
iUsingEnergyWhenGridNeedsEnergyMinutes =491
iGeneratingEnergyWhenGridHasExcessEnergyMinutes = 4915
iUsingEnergyWhenGridHasExcessEnergyMinutes = 0
iIdleWhenGridDoesNotNeedEnergyMinutes = 41165
iIdleWhenGridNeedsEnergyMinutes = 4164115
iEnergyPriceIsZeroMinutes = 240
harvester.getEnergyHarvestedAVAILABLEKilowattHours( ): 1.29294752E7
harvester.getEnergyHarvestedKilowattHours(): 3405446.486944414
The y-int is 27
Energy harvested: 2701019.8541666144
iGeneratingEnergyWhenGridNeedsEnergyMinutes =491969
iGeneratingEnergyWhenGridNeedsEnergyMinutes =491969
iUsingEnergyWhenGridNeedsEnergyMinutes =1924
iGeneratingEnergyWhenGridHasExcessEnergyMinutes = 5233
iUsingEnergyWhenGridHasExcessEnergyMinutes = 59
iIdleWhenGridDoesNotNeedEnergyMinutes = 40788
iIdleWhenGridNeedsEnergyMinutes = 4194506
iEnergyPriceIsZeroMinutes = 240
harvester.getEnergyHarvestedAVAILABLEKilowattHours( ): 1.29294752E7
harvester.getEnergyHarvestedKilowattHours(): 2701019.8541666144
The y-int is 37
Energy harvested: 2693660.1241666153
iGeneratingEnergyWhenGridNeedsEnergyMinutes =491957
iGeneratingEnergyWhenGridNeedsEnergyMinutes =491957
iUsingEnergyWhenGridNeedsEnergyMinutes =1969
iGeneratingEnergyWhenGridHasExcessEnergyMinutes = 5233
iUsingEnergyWhenGridHasExcessEnergyMinutes = 59
iIdleWhenGridDoesNotNeedEnergyMinutes = 40788
iIdleWhenGridNeedsEnergyMinutes = 4194473
iEnergyPriceIsZeroMinutes = 240
harvester.getEnergyHarvestedAVAILABLEKilowattHours( ): 1.29294752E7
harvester.getEnergyHarvestedKilowattHours(): 2693660.1241666153
The running average is 31
The y-int is 7
Energy harvested: 2683038.414166594
iGeneratingEnergyWhenGridNeedsEnergyMinutes =500358
iGeneratingEnergyWhenGridNeedsEnergyMinutes =500358
iUsingEnergyWhenGridNeedsEnergyMinutes =1881
iGeneratingEnergyWhenGridHasExcessEnergyMinutes = 4755
iUsingEnergyWhenGridHasExcessEnergyMinutes = 94
iIdleWhenGridDoesNotNeedEnergyMinutes = 41231
iIdleWhenGridNeedsEnergyMinutes = 4186160
iEnergyPriceIsZeroMinutes = 240
harvester.getEnergyHarvestedAVAILABLEKilowattHours( ): 1.29294752E7
harvester.getEnergyHarvestedKilowattHours(): 2683038.414166594
The y-int is 17
Energy harvested: 3200744.841388791
iGeneratingEnergyWhenGridNeedsEnergyMinutes =504187
iGeneratingEnergyWhenGridNeedsEnergyMinutes =504187
iUsingEnergyWhenGridNeedsEnergyMinutes =1100
iGeneratingEnergyWhenGridHasExcessEnergyMinutes = 2890
iUsingEnergyWhenGridHasExcessEnergyMinutes = 40
iIdleWhenGridDoesNotNeedEnergyMinutes = 43150
iIdleWhenGridNeedsEnergyMinutes = 4183112
iEnergyPriceIsZeroMinutes = 240
harvester.getEnergyHarvestedAVAILABLEKilowattHours( ): 1.29294752E7
harvester.getEnergyHarvestedKilowattHours(): 3200744.841388791
The y-int is 27
Energy harvested: 2693660.1241666153
iGeneratingEnergyWhenGridNeedsEnergyMinutes =491957
iGeneratingEnergyWhenGridNeedsEnergyMinutes =491957
iUsingEnergyWhenGridNeedsEnergyMinutes =1969
iGeneratingEnergyWhenGridHasExcessEnergyMinutes = 5233
iUsingEnergyWhenGridHasExcessEnergyMinutes = 59
iIdleWhenGridDoesNotNeedEnergyMinutes = 40788
iIdleWhenGridNeedsEnergyMinutes = 4194473
iEnergyPriceIsZeroMinutes = 240
harvester.getEnergyHarvestedAVAILABLEKilowattHours( ): 1.29294752E7
harvester.getEnergyHarvestedKilowattHours(): 2693660.1241666153
The y-int is 37
Energy harvested: 2693660.1241666153
iGeneratingEnergyWhenGridNeedsEnergyMinutes =491957
iGeneratingEnergyWhenGridNeedsEnergyMinutes =491957
iUsingEnergyWhenGridNeedsEnergyMinutes =1969
iGeneratingEnergyWhenGridHasExcessEnergyMinutes = 5233
iUsingEnergyWhenGridHasExcessEnergyMinutes = 59
iIdleWhenGridDoesNotNeedEnergyMinutes = 40788
iIdleWhenGridNeedsEnergyMinutes = 4194473
iEnergyPriceIsZeroMinutes = 240
harvester.getEnergyHarvestedAVAILABLEKilowattHours( ): 1.29294752E7
harvester.getEnergyHarvestedKilowattHours(): 2693660.1241666153
The running average is 61
The y-int is 7
Energy harvested: 2676680.5652777073
iGeneratingEnergyWhenGridNeedsEnergyMinutes =500820
iGeneratingEnergyWhenGridNeedsEnergyMinutes =500820
iUsingEnergyWhenGridNeedsEnergyMinutes =1882
iGeneratingEnergyWhenGridHasExcessEnergyMinutes = 4862
iUsingEnergyWhenGridHasExcessEnergyMinutes = 84
iIdleWhenGridDoesNotNeedEnergyMinutes = 41134
iIdleWhenGridNeedsEnergyMinutes = 4185697
iEnergyPriceIsZeroMinutes = 240
harvester.getEnergyHarvestedAVAILABLEKilowattHours( ): 1.29294752E7
harvester.getEnergyHarvestedKilowattHours(): 2676680.5652777073
The y-int is 17
Energy harvested: 3125622.863611019
iGeneratingEnergyWhenGridNeedsEnergyMinutes =511888
iGeneratingEnergyWhenGridNeedsEnergyMinutes =511888
iUsingEnergyWhenGridNeedsEnergyMinutes =1322
iGeneratingEnergyWhenGridHasExcessEnergyMinutes = 3270
iUsingEnergyWhenGridHasExcessEnergyMinutes = 40
iIdleWhenGridDoesNotNeedEnergyMinutes = 42770
iIdleWhenGridNeedsEnergyMinutes = 4175189
iEnergyPriceIsZeroMinutes = 240
harvester.getEnergyHarvestedAVAILABLEKilowattHours( ): 1.29294752E7
harvester.getEnergyHarvestedKilowattHours(): 3125622.863611019
The y-int is 27
Energy harvested: 2693660.1241666153
iGeneratingEnergyWhenGridNeedsEnergyMinutes =491957
iGeneratingEnergyWhenGridNeedsEnergyMinutes =491957
iUsingEnergyWhenGridNeedsEnergyMinutes =1969
iGeneratingEnergyWhenGridHasExcessEnergyMinutes = 5233
iUsingEnergyWhenGridHasExcessEnergyMinutes = 59
iIdleWhenGridDoesNotNeedEnergyMinutes = 40788
iIdleWhenGridNeedsEnergyMinutes = 4194473
iEnergyPriceIsZeroMinutes = 240
harvester.getEnergyHarvestedAVAILABLEKilowattHours( ): 1.29294752E7
harvester.getEnergyHarvestedKilowattHours(): 2693660.1241666153
The y-int is 37
Energy harvested: 2693660.1241666153
iGeneratingEnergyWhenGridNeedsEnergyMinutes =491957
iGeneratingEnergyWhenGridNeedsEnergyMinutes =491957
iUsingEnergyWhenGridNeedsEnergyMinutes =1969
iGeneratingEnergyWhenGridHasExcessEnergyMinutes = 5233
iUsingEnergyWhenGridHasExcessEnergyMinutes = 59
iIdleWhenGridDoesNotNeedEnergyMinutes = 40788
iIdleWhenGridNeedsEnergyMinutes = 4194473
iEnergyPriceIsZeroMinutes = 240
harvester.getEnergyHarvestedAVAILABLEKilowattHours( ): 1.29294752E7
harvester.getEnergyHarvestedKilowattHours(): 2693660.1241666153
The running average is 91
The y-int is 7
Energy harvested: 2673012.8688888163
iGeneratingEnergyWhenGridNeedsEnergyMinutes =500793
iGeneratingEnergyWhenGridNeedsEnergyMinutes =500793
iUsingEnergyWhenGridNeedsEnergyMinutes =1900
iGeneratingEnergyWhenGridHasExcessEnergyMinutes = 4862
iUsingEnergyWhenGridHasExcessEnergyMinutes = 50
iIdleWhenGridDoesNotNeedEnergyMinutes = 41168
iIdleWhenGridNeedsEnergyMinutes = 4185706
iEnergyPriceIsZeroMinutes = 240
harvester.getEnergyHarvestedAVAILABLEKilowattHours( ): 1.29294752E7
harvester.getEnergyHarvestedKilowattHours(): 2673012.8688888163
The y-int is 17
Energy harvested: 3030696.4283332615
iGeneratingEnergyWhenGridNeedsEnergyMinutes =503522
iGeneratingEnergyWhenGridNeedsEnergyMinutes =503522
iUsingEnergyWhenGridNeedsEnergyMinutes =1446
iGeneratingEnergyWhenGridHasExcessEnergyMinutes = 4806
iUsingEnergyWhenGridHasExcessEnergyMinutes = 40
iIdleWhenGridDoesNotNeedEnergyMinutes = 41234
iIdleWhenGridNeedsEnergyMinutes = 4183431
iEnergyPriceIsZeroMinutes = 240
harvester.getEnergyHarvestedAVAILABLEKilowattHours( ): 1.29294752E7
harvester.getEnergyHarvestedKilowattHours(): 3030696.4283332615
The y-int is 27
Energy harvested: 2693660.1241666153
iGeneratingEnergyWhenGridNeedsEnergyMinutes =491957
iGeneratingEnergyWhenGridNeedsEnergyMinutes =491957
iUsingEnergyWhenGridNeedsEnergyMinutes =1969
iGeneratingEnergyWhenGridHasExcessEnergyMinutes = 5233
iUsingEnergyWhenGridHasExcessEnergyMinutes = 59
iIdleWhenGridDoesNotNeedEnergyMinutes = 40788
iIdleWhenGridNeedsEnergyMinutes = 4194473
iEnergyPriceIsZeroMinutes = 240
harvester.getEnergyHarvestedAVAILABLEKilowattHours( ): 1.29294752E7
harvester.getEnergyHarvestedKilowattHours(): 2693660.1241666153
The y-int is 37
Energy harvested: 2693660.1241666153
iGeneratingEnergyWhenGridNeedsEnergyMinutes =491957
iGeneratingEnergyWhenGridNeedsEnergyMinutes =491957
iUsingEnergyWhenGridNeedsEnergyMinutes =1969
iGeneratingEnergyWhenGridHasExcessEnergyMinutes = 5233
iUsingEnergyWhenGridHasExcessEnergyMinutes = 59
iIdleWhenGridDoesNotNeedEnergyMinutes = 40788
iIdleWhenGridNeedsEnergyMinutes = 4194473
iEnergyPriceIsZeroMinutes = 240
harvester.getEnergyHarvestedAVAILABLEKilowattHours( ): 1.29294752E7
harvester.getEnergyHarvestedKilowattHours(): 2693660.1241666153
The running average is 121
The y-int is 7
Energy harvested: 2670667.849999927
iGeneratingEnergyWhenGridNeedsEnergyMinutes =500401
iGeneratingEnergyWhenGridNeedsEnergyMinutes =500401
iUsingEnergyWhenGridNeedsEnergyMinutes =1882
iGeneratingEnergyWhenGridHasExcessEnergyMinutes = 4643
iUsingEnergyWhenGridHasExcessEnergyMinutes = 70
iIdleWhenGridDoesNotNeedEnergyMinutes = 41367
iIdleWhenGridNeedsEnergyMinutes = 4186116
iEnergyPriceIsZeroMinutes = 240
harvester.getEnergyHarvestedAVAILABLEKilowattHours( ): 1.29294752E7
harvester.getEnergyHarvestedKilowattHours(): 2670667.849999927
The y-int is 17
Energy harvested: 2984519.2119443715
iGeneratingEnergyWhenGridNeedsEnergyMinutes =498727
iGeneratingEnergyWhenGridNeedsEnergyMinutes =498727
iUsingEnergyWhenGridNeedsEnergyMinutes =1505
iGeneratingEnergyWhenGridHasExcessEnergyMinutes = 4806
iUsingEnergyWhenGridHasExcessEnergyMinutes = 40
iIdleWhenGridDoesNotNeedEnergyMinutes = 41234
iIdleWhenGridNeedsEnergyMinutes = 4188167
iEnergyPriceIsZeroMinutes = 240
harvester.getEnergyHarvestedAVAILABLEKilowattHours( ): 1.29294752E7
harvester.getEnergyHarvestedKilowattHours(): 2984519.2119443715
The y-int is 27
Energy harvested: 2693660.1241666153
iGeneratingEnergyWhenGridNeedsEnergyMinutes =491957
iGeneratingEnergyWhenGridNeedsEnergyMinutes =491957
iUsingEnergyWhenGridNeedsEnergyMinutes =1969
iGeneratingEnergyWhenGridHasExcessEnergyMinutes = 5233
iUsingEnergyWhenGridHasExcessEnergyMinutes = 59
iIdleWhenGridDoesNotNeedEnergyMinutes = 40788
iIdleWhenGridNeedsEnergyMinutes = 4194473
iEnergyPriceIsZeroMinutes = 240
harvester.getEnergyHarvestedAVAILABLEKilowattHours( ): 1.29294752E7
harvester.getEnergyHarvestedKilowattHours(): 2693660.1241666153
The y-int is 37
Energy harvested: 2693660.1241666153
iGeneratingEnergyWhenGridNeedsEnergyMinutes =491957
iGeneratingEnergyWhenGridNeedsEnergyMinutes =491957
iUsingEnergyWhenGridNeedsEnergyMinutes =1969
iGeneratingEnergyWhenGridHasExcessEnergyMinutes = 5233
iUsingEnergyWhenGridHasExcessEnergyMinutes = 59
iIdleWhenGridDoesNotNeedEnergyMinutes = 40788
iIdleWhenGridNeedsEnergyMinutes = 4194473
iEnergyPriceIsZeroMinutes = 240
harvester.getEnergyHarvestedAVAILABLEKilowattHours( ): 1.29294752E7
harvester.getEnergyHarvestedKilowattHours(): 2693660.1241666153
Beginning testing mode:
station,&,y_intercept_for_month_1,&,running_average_size_minutes_for_month_1,&,y_intercept_for_month_2,&,running_average_size_minutes_for_month_2,&,y_intercept_for_month_3,&,running_average_size_minutes_for_month_3,&,y_intercept_for_month_4,&,running_average_size_minutes_for_month_4,&,y_intercept_for_month_5,&,running_average_size_minutes_for_month_5,&,y_intercept_for_month_6,&,running_average_size_minutes_for_month_6,&,y_intercept_for_month_7,&,running_average_size_minutes_for_month_7,&,y_intercept_for_month_8,&,running_average_size_minutes_for_month_8,&,y_intercept_for_month_9,&,running_average_size_minutes_for_month_9,&,y_intercept_for_month_10,&,running_average_size_minutes_for_month_10,&,y_intercept_for_month_11,&,running_average_size_minutes_for_month_11,&,y_intercept_for_month_12,&,running_average_size_minutes_for_month_12,&,dNetNorm,&,dMarketBalancePercentage,&,dMarketNetNorm,
results: KDCA,&,17,&,1,&,17,&,1,&,17,&,1,&,17,&,31,&,7,&,1,&,27,&,1,&,7,&,1,&,27,&,1,&,7,&,1,&,27,&,1,&,17,&,121,&,17,&,61,&,0.22102152133725197,&,0.9544568152271743,&,0.21095549735221847
monthly visible minutes:KDCA,&,2013,&,8672,&,8672,&,8672,&,8672,&,8672,&,8672,&,8672,&,8672,&,8672,&,8672,&,8672,&,8672,&,
monthly visible minutes:KDCA,&,2014,&,8672,&,8672,&,8672,&,8672,&,8672,&,8672,&,8672,&,8672,&,8672,&,8672,&,8672,&,8093,&,
monthly minutes harvester between states:KDCA,&,2013,&,38,&,38,&,38,&,38,&,38,&,38,&,38,&,38,&,38,&,38,&,38,&,38,&,
monthly minutes harvester between states:KDCA,&,2014,&,38,&,38,&,38,&,38,&,38,&,38,&,38,&,38,&,38,&,38,&,38,&,19,&,
station,&,y_intercept_for_month_1,&,running_average_size_minutes_for_month_1,&,y_intercept_for_month_2,&,running_average_size_minutes_for_month_2,&,y_intercept_for_month_3,&,running_average_size_minutes_for_month_3,&,y_intercept_for_month_4,&,running_average_size_minutes_for_month_4,&,y_intercept_for_month_5,&,running_average_size_minutes_for_month_5,&,y_intercept_for_month_6,&,running_average_size_minutes_for_month_6,&,y_intercept_for_month_7,&,running_average_size_minutes_for_month_7,&,y_intercept_for_month_8,&,running_average_size_minutes_for_month_8,&,y_intercept_for_month_9,&,running_average_size_minutes_for_month_9,&,y_intercept_for_month_10,&,running_average_size_minutes_for_month_10,&,y_intercept_for_month_11,&,running_average_size_minutes_for_month_11,&,y_intercept_for_month_12,&,running_average_size_minutes_for_month_12,&,dNetNorm,&,dMarketBalancePercentage,&,dMarketNetNorm,
results: KDCA,&,17,&,1,&,17,&,1,&,17,&,1,&,17,&,31,&,7,&,1,&,27,&,1,&,7,&,1,&,27,&,1,&,7,&,1,&,27,&,1,&,17,&,121,&,17,&,61,&,0.2064408519107972,&,0.9558399423215573,&,0.19732441198322956
monthly visible minutes:KDCA,&,2013,&,8672,&,8672,&,8672,&,8672,&,8672,&,8672,&,8672,&,8672,&,8672,&,8672,&,8672,&,8672,&,
monthly visible minutes:KDCA,&,2014,&,8672,&,8672,&,8672,&,8672,&,8672,&,8672,&,8672,&,8672,&,8672,&,8672,&,8672,&,8093,&,
monthly minutes harvester between states:KDCA,&,2013,&,38,&,38,&,38,&,38,&,38,&,38,&,38,&,38,&,38,&,38,&,38,&,38,&,
monthly minutes harvester between states:KDCA,&,2014,&,38,&,38,&,38,&,38,&,38,&,38,&,38,&,38,&,38,&,38,&,38,&,19,&,
Station: KDEN
abc: The current path is /home/guy/retractable-wind
I have found the property file.
The training windspeed filename is /trainingKDEN2004-2012in.csv
The testing windspeed filename is /testingKDEN2013-2014in.csv
Yes, the station is KDEN
Warning: The bAlsoUsePrediction no longer has any effect
iUsedAllItsAllocatedVisibilityMinutesPerMonth: 8760
Visibility Allocation Minutes:8760
HARVESTER_SIZE_SQM is 6362
Reading file
Success: /Wind turbine power curves - wind turbine power output against wind speed in knots.csv found.
Speed (Knots) = Speed(knots) vs power (kW) , Power (kW) =V90
Speed (Knots) = 0 , Power (kW) =0
Speed (Knots) = 1 , Power (kW) =0
Speed (Knots) = 2 , Power (kW) =0
Speed (Knots) = 3 , Power (kW) =0
Speed (Knots) = 4 , Power (kW) =0
Speed (Knots) = 5 , Power (kW) =0
Speed (Knots) = 6 , Power (kW) =0
Speed (Knots) = 7 , Power (kW) =38
Speed (Knots) = 8 , Power (kW) =87
Speed (Knots) = 9 , Power (kW) =141
Speed (Knots) = 10 , Power (kW) =207
Speed (Knots) = 11 , Power (kW) =286
Speed (Knots) = 12 , Power (kW) =382
Speed (Knots) = 13 , Power (kW) =496
Speed (Knots) = 14 , Power (kW) =628
Speed (Knots) = 15 , Power (kW) =781
Speed (Knots) = 16 , Power (kW) =957
Speed (Knots) = 17 , Power (kW) =1153
Speed (Knots) = 18 , Power (kW) =1366
Speed (Knots) = 19 , Power (kW) =1589
Speed (Knots) = 20 , Power (kW) =1814
Speed (Knots) = 21 , Power (kW) =2035
Speed (Knots) = 22 , Power (kW) =2250
Speed (Knots) = 23 , Power (kW) =2452
Speed (Knots) = 24 , Power (kW) =2634
Speed (Knots) = 25 , Power (kW) =2784
Speed (Knots) = 26 , Power (kW) =2888
Speed (Knots) = 27 , Power (kW) =2949
Speed (Knots) = 28 , Power (kW) =2980
Speed (Knots) = 29 , Power (kW) =2993
Speed (Knots) = 30 , Power (kW) =3000
Speed (Knots) = 31 , Power (kW) =3000
Speed (Knots) = 32 , Power (kW) =3000
Speed (Knots) = 33 , Power (kW) =3000
Speed (Knots) = 34 , Power (kW) =3000
Speed (Knots) = 35 , Power (kW) =3000
Speed (Knots) = 36 , Power (kW) =3000
Speed (Knots) = 37 , Power (kW) =3000
Speed (Knots) = 38 , Power (kW) =3000
Speed (Knots) = 39 , Power (kW) =3000
Speed (Knots) = 40 , Power (kW) =3000
Speed (Knots) = 41 , Power (kW) =3000
Speed (Knots) = 42 , Power (kW) =3000
Speed (Knots) = 43 , Power (kW) =3000
Speed (Knots) = 44 , Power (kW) =3000
Speed (Knots) = 45 , Power (kW) =3000
Speed (Knots) = 46 , Power (kW) =3000
Speed (Knots) = 47 , Power (kW) =3000
Speed (Knots) = 48 , Power (kW) =3000
Speed (Knots) = 49 , Power (kW) =0
Speed (Knots) = 50 , Power (kW) =0
Speed (Knots) = 51 , Power (kW) =0
Speed (Knots) = 52 , Power (kW) =0
Speed (Knots) = 53 , Power (kW) =0
Speed (Knots) = 54 , Power (kW) =0
Speed (Knots) = 55 , Power (kW) =0
Speed (Knots) = 56 , Power (kW) =0
Speed (Knots) = 57 , Power (kW) =0
Speed (Knots) = 58 , Power (kW) =0
Speed (Knots) = 59 , Power (kW) =0
Speed (Knots) = 60 , Power (kW) =0
The scale is 1.0
Wind power at 10 knots in kilowatts is 207.0
Wind power in-cut-out test 0.0
Aging
Class name:edu.pitt.cs.people.guy.wind.benchmarks.Aging
Success: /Noise_Allowed_Time_Definitions_All_Stations.csv found.
The station is the record is KDEN
Success: /Noise_Allowed_Time_Definitions_All_Stations.csv found.
The station is the record is KDEN
I have found the membership file for NOT WINDY.
Windspeed (knots) [0,1), Membership Value =1.00000000,1.0
Windspeed (knots) [1,2), Membership Value =0.99998644,0.99998647
Windspeed (knots) [2,3), Membership Value =0.99976402,0.999764
Windspeed (knots) [3,4), Membership Value =0.99851785,0.9985179
Windspeed (knots) [4,5), Membership Value =0.99443778,0.99443775
Windspeed (knots) [5,6), Membership Value =0.98434553,0.98434556
Windspeed (knots) [6,7), Membership Value =0.96433251,0.9643325
Windspeed (knots) [7,8), Membership Value =0.93059785,0.93059784
Windspeed (knots) [8,9), Membership Value =0.88093671,0.8809367
Windspeed (knots) [9,10), Membership Value =0.81678561,0.81678563
Windspeed (knots) [10,11), Membership Value =0.74226802,0.742268
Windspeed (knots) [11,12), Membership Value =0.66316561,0.6631656
Windspeed (knots) [12,13), Membership Value =0.58504879,0.5850488
Windspeed (knots) [13,14), Membership Value =0.50700179,0.5070018
Windspeed (knots) [14,15), Membership Value =0.43250789,0.4325079
Windspeed (knots) [15,16), Membership Value =0.36365001,0.36365002
Windspeed (knots) [16,17), Membership Value =0.29941826,0.29941827
Windspeed (knots) [17,18), Membership Value =0.23939567,0.23939566
Windspeed (knots) [18,19), Membership Value =0.18171279,0.18171279
Windspeed (knots) [19,20), Membership Value =0.12777695,0.12777695
Windspeed (knots) [20,21), Membership Value =0.07727012,0.07727012
Windspeed (knots) [21,22), Membership Value =0.03241841,0.03241841
Windspeed (knots) [22,23), Membership Value =0.00000000,0.0
Windspeed (knots) [23,24), Membership Value =0.00000000,0.0
Windspeed (knots) [24,25), Membership Value =0.00000000,0.0
Windspeed (knots) [25,26), Membership Value =0.00000000,0.0
Windspeed (knots) [26,27), Membership Value =0.00000000,0.0
Windspeed (knots) [27,28), Membership Value =0.00000000,0.0
Windspeed (knots) [28,29), Membership Value =0.00000000,0.0
Windspeed (knots) [29,30), Membership Value =0.00000000,0.0
Windspeed (knots) [30,31), Membership Value =0.00000000,0.0
Windspeed (knots) [31,32), Membership Value =0.00000000,0.0
Windspeed (knots) [32,33), Membership Value =0.00000000,0.0
Windspeed (knots) [33,34), Membership Value =0.00000000,0.0
Windspeed (knots) [34,35), Membership Value =0.00000000,0.0
Windspeed (knots) [35,36), Membership Value =0.00000000,0.0
Windspeed (knots) [36,37), Membership Value =0.00000000,0.0
Windspeed (knots) [37,38), Membership Value =0.00000000,0.0
Windspeed (knots) [38,39), Membership Value =0.00000000,0.0
Windspeed (knots) [39,40), Membership Value =0.00000000,0.0
Windspeed (knots) [40,41), Membership Value =0.00000000,0.0
Windspeed (knots) [41,42), Membership Value =0.00000000,0.0
Windspeed (knots) [42,43), Membership Value =0.00000000,0.0
Windspeed (knots) [43,44), Membership Value =0.00000000,0.0
Windspeed (knots) [44,45), Membership Value =0.00000000,0.0
Windspeed (knots) [45,46), Membership Value =0.00000000,0.0
Windspeed (knots) [46,47), Membership Value =0.00000000,0.0
Windspeed (knots) [47,48), Membership Value =0.00000000,0.0
Windspeed (knots) [48,49), Membership Value =0.00000000,0.0
Windspeed (knots) [49,50), Membership Value =0.00000000,0.0
Windspeed (knots) [50,51), Membership Value =0.00000000,0.0
Windspeed (knots) [51,52), Membership Value =0.00000000,0.0
Windspeed (knots) [52,53), Membership Value =0.00000000,0.0
Windspeed (knots) [53,54), Membership Value =0.00000000,0.0
Windspeed (knots) [54,55), Membership Value =0.00000000,0.0
Windspeed (knots) [55,56), Membership Value =0.00000000,0.0
Windspeed (knots) [56,57), Membership Value =0.00000000,0.0
Windspeed (knots) [57,58), Membership Value =0.00000000,0.0
Windspeed (knots) [58,59), Membership Value =0.00000000,0.0
Windspeed (knots) [59,60), Membership Value =0.00000000,0.0
Windspeed (knots) [60,61), Membership Value =0.00000000,0.0
Windspeed (knots) [61,62), Membership Value =0.00000000,0.0
Windspeed (knots) [62,63), Membership Value =0.00000000,0.0
Windspeed (knots) [63,64), Membership Value =0.00000000,0.0
Windspeed (knots) [64,65), Membership Value =0.00000000,0.0
Windspeed (knots) [65,66), Membership Value =0.00000000,0.0
Windspeed (knots) [66,67), Membership Value =0.00000000,0.0
Windspeed (knots) [67,68), Membership Value =0.00000000,0.0
Windspeed (knots) [68,69), Membership Value =0.00000000,0.0
Windspeed (knots) [69,70), Membership Value =0.00000000,0.0
Windspeed (knots) [70,71), Membership Value =0.00000000,0.0
Windspeed (knots) [71,72), Membership Value =0.00000000,0.0
Windspeed (knots) [72,73), Membership Value =0.00000000,0.0
Windspeed (knots) [73,74), Membership Value =0.00000000,0.0
Windspeed (knots) [74,75), Membership Value =0.00000000,0.0
Windspeed (knots) [75,76), Membership Value =0.00000000,0.0
Windspeed (knots) [76,77), Membership Value =0.00000000,0.0
Windspeed (knots) [77,78), Membership Value =0.00000000,0.0
Windspeed (knots) [78,79), Membership Value =0.00000000,0.0
Windspeed (knots) [79,80), Membership Value =0.00000000,0.0
Windspeed (knots) [80,81), Membership Value =0.00000000,0.0
Windspeed (knots) [81,82), Membership Value =0.00000000,0.0
Windspeed (knots) [82,83), Membership Value =0.00000000,0.0
Windspeed (knots) [83,84), Membership Value =0.00000000,0.0
Windspeed (knots) [84,85), Membership Value =0.00000000,0.0
Windspeed (knots) [85,86), Membership Value =0.00000000,0.0
Windspeed (knots) [86,87), Membership Value =0.00000000,0.0
Windspeed (knots) [87,88), Membership Value =0.00000000,0.0
Windspeed (knots) [88,89), Membership Value =0.00000000,0.0
Windspeed (knots) [89,90), Membership Value =0.00000000,0.0
Windspeed (knots) [90,91), Membership Value =0.00000000,0.0
Windspeed (knots) [91,92), Membership Value =0.00000000,0.0
Windspeed (knots) [92,93), Membership Value =0.00000000,0.0
Windspeed (knots) [93,94), Membership Value =0.00000000,0.0
Windspeed (knots) [94,95), Membership Value =0.00000000,0.0
Windspeed (knots) [95,96), Membership Value =0.00000000,0.0
Windspeed (knots) [96,97), Membership Value =0.00000000,0.0
Windspeed (knots) [97,98), Membership Value =0.00000000,0.0
Windspeed (knots) [98,99), Membership Value =0.00000000,0.0
Windspeed (knots) [99,100), Membership Value =0.00000000,0.0
Windspeed (knots) [100,101), Membership Value =0.00000000,0.0
Windspeed (knots) [101,102), Membership Value =0.00000000,0.0
Windspeed (knots) [102,103), Membership Value =0.00000000,0.0
Windspeed (knots) [103,104), Membership Value =0.00000000,0.0
Windspeed (knots) [104,105), Membership Value =0.00000000,0.0
Windspeed (knots) [105,106), Membership Value =0.00000000,0.0
Windspeed (knots) [106,107), Membership Value =0.00000000,0.0
Windspeed (knots) [107,108), Membership Value =0.00000000,0.0
Windspeed (knots) [108,109), Membership Value =0.00000000,0.0
Windspeed (knots) [109,110), Membership Value =0.00000000,0.0
Windspeed (knots) [110,111), Membership Value =0.00000000,0.0
Windspeed (knots) [111,112), Membership Value =0.00000000,0.0
Windspeed (knots) [112,113), Membership Value =0.00000000,0.0
Windspeed (knots) [113,114), Membership Value =0.00000000,0.0
Windspeed (knots) [114,115), Membership Value =0.00000000,0.0
Windspeed (knots) [115,116), Membership Value =0.00000000,0.0
Windspeed (knots) [116,117), Membership Value =0.00000000,0.0
Windspeed (knots) [117,118), Membership Value =0.00000000,0.0
Windspeed (knots) [118,119), Membership Value =0.00000000,0.0
Windspeed (knots) [119,120), Membership Value =0.00000000,0.0
Windspeed (knots) [120,121), Membership Value =0.00000000,0.0
Windspeed (knots) [121,122), Membership Value =0.00000000,0.0
Windspeed (knots) [122,123), Membership Value =0.00000000,0.0
Windspeed (knots) [123,124), Membership Value =0.00000000,0.0
Windspeed (knots) [124,125), Membership Value =0.00000000,0.0
LowestWindspeedThatIsWindyKnots for station KDEN is 8 knots.
Transition limited :true
bUseWeatherPrediction: true
The running average is 1
The y-int is 8
Energy harvested: 4177698.0063887066
iGeneratingEnergyWhenGridNeedsEnergyMinutes =609585
iGeneratingEnergyWhenGridNeedsEnergyMinutes =609585
iUsingEnergyWhenGridNeedsEnergyMinutes =1809
iGeneratingEnergyWhenGridHasExcessEnergyMinutes = 9426
iUsingEnergyWhenGridHasExcessEnergyMinutes = 57
iIdleWhenGridDoesNotNeedEnergyMinutes = 36597
iIdleWhenGridNeedsEnergyMinutes = 4077005
iEnergyPriceIsZeroMinutes = 240
harvester.getEnergyHarvestedAVAILABLEKilowattHours( ): 2.052796085E7
harvester.getEnergyHarvestedKilowattHours(): 4177698.0063887066
The y-int is 18
Energy harvested: 4819143.513888871
iGeneratingEnergyWhenGridNeedsEnergyMinutes =615725
iGeneratingEnergyWhenGridNeedsEnergyMinutes =615725
iUsingEnergyWhenGridNeedsEnergyMinutes =122
iGeneratingEnergyWhenGridHasExcessEnergyMinutes = 6105
iUsingEnergyWhenGridHasExcessEnergyMinutes = 0
iIdleWhenGridDoesNotNeedEnergyMinutes = 39975
iIdleWhenGridNeedsEnergyMinutes = 4072552
iEnergyPriceIsZeroMinutes = 240
harvester.getEnergyHarvestedAVAILABLEKilowattHours( ): 2.052796085E7
harvester.getEnergyHarvestedKilowattHours(): 4819143.513888871
The y-int is 28
Energy harvested: 4479785.8399998695
iGeneratingEnergyWhenGridNeedsEnergyMinutes =606905
iGeneratingEnergyWhenGridNeedsEnergyMinutes =606905
iUsingEnergyWhenGridNeedsEnergyMinutes =1376
iGeneratingEnergyWhenGridHasExcessEnergyMinutes = 8380
iUsingEnergyWhenGridHasExcessEnergyMinutes = 56
iIdleWhenGridDoesNotNeedEnergyMinutes = 37644
iIdleWhenGridNeedsEnergyMinutes = 4080118
iEnergyPriceIsZeroMinutes = 240
harvester.getEnergyHarvestedAVAILABLEKilowattHours( ): 2.052796085E7
harvester.getEnergyHarvestedKilowattHours(): 4479785.8399998695
The y-int is 38
Energy harvested: 4366122.55666647
iGeneratingEnergyWhenGridNeedsEnergyMinutes =606179
iGeneratingEnergyWhenGridNeedsEnergyMinutes =606179
iUsingEnergyWhenGridNeedsEnergyMinutes =1898
iGeneratingEnergyWhenGridHasExcessEnergyMinutes = 7902
iUsingEnergyWhenGridHasExcessEnergyMinutes = 56
iIdleWhenGridDoesNotNeedEnergyMinutes = 38122
iIdleWhenGridNeedsEnergyMinutes = 4080322
iEnergyPriceIsZeroMinutes = 240
harvester.getEnergyHarvestedAVAILABLEKilowattHours( ): 2.052796085E7
harvester.getEnergyHarvestedKilowattHours(): 4366122.55666647
The running average is 31
The y-int is 8
Energy harvested: 4185140.912777595
iGeneratingEnergyWhenGridNeedsEnergyMinutes =609328
iGeneratingEnergyWhenGridNeedsEnergyMinutes =609328
iUsingEnergyWhenGridNeedsEnergyMinutes =1813
iGeneratingEnergyWhenGridHasExcessEnergyMinutes = 9446
iUsingEnergyWhenGridHasExcessEnergyMinutes = 38
iIdleWhenGridDoesNotNeedEnergyMinutes = 36596
iIdleWhenGridNeedsEnergyMinutes = 4077258
iEnergyPriceIsZeroMinutes = 240
harvester.getEnergyHarvestedAVAILABLEKilowattHours( ): 2.052796085E7
harvester.getEnergyHarvestedKilowattHours(): 4185140.912777595
The y-int is 18
Energy harvested: 5218035.031388875
iGeneratingEnergyWhenGridNeedsEnergyMinutes =636497
iGeneratingEnergyWhenGridNeedsEnergyMinutes =636497
iUsingEnergyWhenGridNeedsEnergyMinutes =275
iGeneratingEnergyWhenGridHasExcessEnergyMinutes = 6633
iUsingEnergyWhenGridHasExcessEnergyMinutes = 19
iIdleWhenGridDoesNotNeedEnergyMinutes = 39428
iIdleWhenGridNeedsEnergyMinutes = 4051627
iEnergyPriceIsZeroMinutes = 240
harvester.getEnergyHarvestedAVAILABLEKilowattHours( ): 2.052796085E7
harvester.getEnergyHarvestedKilowattHours(): 5218035.031388875
The y-int is 28
Energy harvested: 4425887.8899998125
iGeneratingEnergyWhenGridNeedsEnergyMinutes =607491
iGeneratingEnergyWhenGridNeedsEnergyMinutes =607491
iUsingEnergyWhenGridNeedsEnergyMinutes =1841
iGeneratingEnergyWhenGridHasExcessEnergyMinutes = 7902
iUsingEnergyWhenGridHasExcessEnergyMinutes = 56
iIdleWhenGridDoesNotNeedEnergyMinutes = 38122
iIdleWhenGridNeedsEnergyMinutes = 4079067
iEnergyPriceIsZeroMinutes = 240
harvester.getEnergyHarvestedAVAILABLEKilowattHours( ): 2.052796085E7
harvester.getEnergyHarvestedKilowattHours(): 4425887.8899998125
The y-int is 38
Energy harvested: 4366122.55666647
iGeneratingEnergyWhenGridNeedsEnergyMinutes =606179
iGeneratingEnergyWhenGridNeedsEnergyMinutes =606179
iUsingEnergyWhenGridNeedsEnergyMinutes =1898
iGeneratingEnergyWhenGridHasExcessEnergyMinutes = 7902
iUsingEnergyWhenGridHasExcessEnergyMinutes = 56
iIdleWhenGridDoesNotNeedEnergyMinutes = 38122
iIdleWhenGridNeedsEnergyMinutes = 4080322
iEnergyPriceIsZeroMinutes = 240
harvester.getEnergyHarvestedAVAILABLEKilowattHours( ): 2.052796085E7
harvester.getEnergyHarvestedKilowattHours(): 4366122.55666647
The running average is 61
The y-int is 8
Energy harvested: 4197477.971944267
iGeneratingEnergyWhenGridNeedsEnergyMinutes =609378
iGeneratingEnergyWhenGridNeedsEnergyMinutes =609378
iUsingEnergyWhenGridNeedsEnergyMinutes =1761
iGeneratingEnergyWhenGridHasExcessEnergyMinutes = 9485
iUsingEnergyWhenGridHasExcessEnergyMinutes = 57
iIdleWhenGridDoesNotNeedEnergyMinutes = 36538
iIdleWhenGridNeedsEnergyMinutes = 4077260
iEnergyPriceIsZeroMinutes = 240
harvester.getEnergyHarvestedAVAILABLEKilowattHours( ): 2.052796085E7
harvester.getEnergyHarvestedKilowattHours(): 4197477.971944267
The y-int is 18
Energy harvested: 5127682.334444417
iGeneratingEnergyWhenGridNeedsEnergyMinutes =628352
iGeneratingEnergyWhenGridNeedsEnergyMinutes =628352
iUsingEnergyWhenGridNeedsEnergyMinutes =441
iGeneratingEnergyWhenGridHasExcessEnergyMinutes = 7864
iUsingEnergyWhenGridHasExcessEnergyMinutes = 19
iIdleWhenGridDoesNotNeedEnergyMinutes = 38197
iIdleWhenGridNeedsEnergyMinutes = 4059606
iEnergyPriceIsZeroMinutes = 240
harvester.getEnergyHarvestedAVAILABLEKilowattHours( ): 2.052796085E7
harvester.getEnergyHarvestedKilowattHours(): 5127682.334444417
The y-int is 28
Energy harvested: 4407967.667777586
iGeneratingEnergyWhenGridNeedsEnergyMinutes =607068
iGeneratingEnergyWhenGridNeedsEnergyMinutes =607068
iUsingEnergyWhenGridNeedsEnergyMinutes =1860
iGeneratingEnergyWhenGridHasExcessEnergyMinutes = 7902
iUsingEnergyWhenGridHasExcessEnergyMinutes = 56
iIdleWhenGridDoesNotNeedEnergyMinutes = 38122
iIdleWhenGridNeedsEnergyMinutes = 4079471
iEnergyPriceIsZeroMinutes = 240
harvester.getEnergyHarvestedAVAILABLEKilowattHours( ): 2.052796085E7
harvester.getEnergyHarvestedKilowattHours(): 4407967.667777586
The y-int is 38
Energy harvested: 4366122.55666647
iGeneratingEnergyWhenGridNeedsEnergyMinutes =606179
iGeneratingEnergyWhenGridNeedsEnergyMinutes =606179
iUsingEnergyWhenGridNeedsEnergyMinutes =1898
iGeneratingEnergyWhenGridHasExcessEnergyMinutes = 7902
iUsingEnergyWhenGridHasExcessEnergyMinutes = 56
iIdleWhenGridDoesNotNeedEnergyMinutes = 38122
iIdleWhenGridNeedsEnergyMinutes = 4080322
iEnergyPriceIsZeroMinutes = 240
harvester.getEnergyHarvestedAVAILABLEKilowattHours( ): 2.052796085E7
harvester.getEnergyHarvestedKilowattHours(): 4366122.55666647
The running average is 91
The y-int is 8
Energy harvested: 4201568.7730553765
iGeneratingEnergyWhenGridNeedsEnergyMinutes =609496
iGeneratingEnergyWhenGridNeedsEnergyMinutes =609496
iUsingEnergyWhenGridNeedsEnergyMinutes =1719
iGeneratingEnergyWhenGridHasExcessEnergyMinutes = 9461
iUsingEnergyWhenGridHasExcessEnergyMinutes = 38
iIdleWhenGridDoesNotNeedEnergyMinutes = 36581
iIdleWhenGridNeedsEnergyMinutes = 4077184
iEnergyPriceIsZeroMinutes = 240
harvester.getEnergyHarvestedAVAILABLEKilowattHours( ): 2.052796085E7
harvester.getEnergyHarvestedKilowattHours(): 4201568.7730553765
The y-int is 18
Energy harvested: 5174027.110277748
iGeneratingEnergyWhenGridNeedsEnergyMinutes =634264
iGeneratingEnergyWhenGridNeedsEnergyMinutes =634264
iUsingEnergyWhenGridNeedsEnergyMinutes =524
iGeneratingEnergyWhenGridHasExcessEnergyMinutes = 8030
iUsingEnergyWhenGridHasExcessEnergyMinutes = 19
iIdleWhenGridDoesNotNeedEnergyMinutes = 38031
iIdleWhenGridNeedsEnergyMinutes = 4053611
iEnergyPriceIsZeroMinutes = 240
harvester.getEnergyHarvestedAVAILABLEKilowattHours( ): 2.052796085E7
harvester.getEnergyHarvestedKilowattHours(): 5174027.110277748
The y-int is 28
Energy harvested: 4386866.345555363
iGeneratingEnergyWhenGridNeedsEnergyMinutes =606492
iGeneratingEnergyWhenGridNeedsEnergyMinutes =606492
iUsingEnergyWhenGridNeedsEnergyMinutes =1879
iGeneratingEnergyWhenGridHasExcessEnergyMinutes = 7902
iUsingEnergyWhenGridHasExcessEnergyMinutes = 56
iIdleWhenGridDoesNotNeedEnergyMinutes = 38122
iIdleWhenGridNeedsEnergyMinutes = 4080028
iEnergyPriceIsZeroMinutes = 240
harvester.getEnergyHarvestedAVAILABLEKilowattHours( ): 2.052796085E7
harvester.getEnergyHarvestedKilowattHours(): 4386866.345555363
The y-int is 38
Energy harvested: 4366122.55666647
iGeneratingEnergyWhenGridNeedsEnergyMinutes =606179
iGeneratingEnergyWhenGridNeedsEnergyMinutes =606179
iUsingEnergyWhenGridNeedsEnergyMinutes =1898
iGeneratingEnergyWhenGridHasExcessEnergyMinutes = 7902
iUsingEnergyWhenGridHasExcessEnergyMinutes = 56
iIdleWhenGridDoesNotNeedEnergyMinutes = 38122
iIdleWhenGridNeedsEnergyMinutes = 4080322
iEnergyPriceIsZeroMinutes = 240
harvester.getEnergyHarvestedAVAILABLEKilowattHours( ): 2.052796085E7
harvester.getEnergyHarvestedKilowattHours(): 4366122.55666647
The running average is 121
The y-int is 8
Energy harvested: 4149856.333888713
iGeneratingEnergyWhenGridNeedsEnergyMinutes =603709
iGeneratingEnergyWhenGridNeedsEnergyMinutes =603709
iUsingEnergyWhenGridNeedsEnergyMinutes =1739
iGeneratingEnergyWhenGridHasExcessEnergyMinutes = 9461
iUsingEnergyWhenGridHasExcessEnergyMinutes = 38
iIdleWhenGridDoesNotNeedEnergyMinutes = 36581
iIdleWhenGridNeedsEnergyMinutes = 4082951
iEnergyPriceIsZeroMinutes = 240
harvester.getEnergyHarvestedAVAILABLEKilowattHours( ): 2.052796085E7
harvester.getEnergyHarvestedKilowattHours(): 4149856.333888713
The y-int is 18
Energy harvested: 5154884.978055531
iGeneratingEnergyWhenGridNeedsEnergyMinutes =626613
iGeneratingEnergyWhenGridNeedsEnergyMinutes =626613
iUsingEnergyWhenGridNeedsEnergyMinutes =635
iGeneratingEnergyWhenGridHasExcessEnergyMinutes = 7918
iUsingEnergyWhenGridHasExcessEnergyMinutes = 19
iIdleWhenGridDoesNotNeedEnergyMinutes = 38143
iIdleWhenGridNeedsEnergyMinutes = 4061151
iEnergyPriceIsZeroMinutes = 240
harvester.getEnergyHarvestedAVAILABLEKilowattHours( ): 2.052796085E7
harvester.getEnergyHarvestedKilowattHours(): 5154884.978055531
The y-int is 28
Energy harvested: 4385729.56222203
iGeneratingEnergyWhenGridNeedsEnergyMinutes =606478
iGeneratingEnergyWhenGridNeedsEnergyMinutes =606478
iUsingEnergyWhenGridNeedsEnergyMinutes =1879
iGeneratingEnergyWhenGridHasExcessEnergyMinutes = 7902
iUsingEnergyWhenGridHasExcessEnergyMinutes = 56
iIdleWhenGridDoesNotNeedEnergyMinutes = 38122
iIdleWhenGridNeedsEnergyMinutes = 4080042
iEnergyPriceIsZeroMinutes = 240
harvester.getEnergyHarvestedAVAILABLEKilowattHours( ): 2.052796085E7
harvester.getEnergyHarvestedKilowattHours(): 4385729.56222203
The y-int is 38
Energy harvested: 4366122.55666647
iGeneratingEnergyWhenGridNeedsEnergyMinutes =606179
iGeneratingEnergyWhenGridNeedsEnergyMinutes =606179
iUsingEnergyWhenGridNeedsEnergyMinutes =1898
iGeneratingEnergyWhenGridHasExcessEnergyMinutes = 7902
iUsingEnergyWhenGridHasExcessEnergyMinutes = 56
iIdleWhenGridDoesNotNeedEnergyMinutes = 38122
iIdleWhenGridNeedsEnergyMinutes = 4080322
iEnergyPriceIsZeroMinutes = 240
harvester.getEnergyHarvestedAVAILABLEKilowattHours( ): 2.052796085E7
harvester.getEnergyHarvestedKilowattHours(): 4366122.55666647
Beginning testing mode:
station,&,y_intercept_for_month_1,&,running_average_size_minutes_for_month_1,&,y_intercept_for_month_2,&,running_average_size_minutes_for_month_2,&,y_intercept_for_month_3,&,running_average_size_minutes_for_month_3,&,y_intercept_for_month_4,&,running_average_size_minutes_for_month_4,&,y_intercept_for_month_5,&,running_average_size_minutes_for_month_5,&,y_intercept_for_month_6,&,running_average_size_minutes_for_month_6,&,y_intercept_for_month_7,&,running_average_size_minutes_for_month_7,&,y_intercept_for_month_8,&,running_average_size_minutes_for_month_8,&,y_intercept_for_month_9,&,running_average_size_minutes_for_month_9,&,y_intercept_for_month_10,&,running_average_size_minutes_for_month_10,&,y_intercept_for_month_11,&,running_average_size_minutes_for_month_11,&,y_intercept_for_month_12,&,running_average_size_minutes_for_month_12,&,dNetNorm,&,dMarketBalancePercentage,&,dMarketNetNorm,
results: KDEN,&,18,&,91,&,28,&,1,&,18,&,31,&,18,&,1,&,18,&,121,&,18,&,61,&,8,&,1,&,8,&,1,&,18,&,31,&,18,&,31,&,38,&,1,&,18,&,31,&,0.2236553747017708,&,0.9128434735511826,&,0.20416234912115575
monthly visible minutes:KDEN,&,2013,&,8672,&,8672,&,8672,&,8672,&,8672,&,8672,&,8672,&,8672,&,8672,&,8672,&,8672,&,8672,&,
monthly visible minutes:KDEN,&,2014,&,8672,&,8672,&,8672,&,8672,&,8672,&,8672,&,8672,&,8672,&,8672,&,8672,&,8672,&,8672,&,
monthly minutes harvester between states:KDEN,&,2013,&,38,&,38,&,38,&,38,&,38,&,38,&,38,&,38,&,38,&,38,&,38,&,38,&,
monthly minutes harvester between states:KDEN,&,2014,&,38,&,38,&,38,&,38,&,38,&,38,&,38,&,38,&,38,&,38,&,38,&,38,&,
station,&,y_intercept_for_month_1,&,running_average_size_minutes_for_month_1,&,y_intercept_for_month_2,&,running_average_size_minutes_for_month_2,&,y_intercept_for_month_3,&,running_average_size_minutes_for_month_3,&,y_intercept_for_month_4,&,running_average_size_minutes_for_month_4,&,y_intercept_for_month_5,&,running_average_size_minutes_for_month_5,&,y_intercept_for_month_6,&,running_average_size_minutes_for_month_6,&,y_intercept_for_month_7,&,running_average_size_minutes_for_month_7,&,y_intercept_for_month_8,&,running_average_size_minutes_for_month_8,&,y_intercept_for_month_9,&,running_average_size_minutes_for_month_9,&,y_intercept_for_month_10,&,running_average_size_minutes_for_month_10,&,y_intercept_for_month_11,&,running_average_size_minutes_for_month_11,&,y_intercept_for_month_12,&,running_average_size_minutes_for_month_12,&,dNetNorm,&,dMarketBalancePercentage,&,dMarketNetNorm,
results: KDEN,&,18,&,91,&,28,&,1,&,18,&,31,&,18,&,1,&,18,&,121,&,18,&,61,&,8,&,1,&,8,&,1,&,18,&,31,&,18,&,31,&,38,&,1,&,18,&,31,&,0.2236553747017708,&,0.9128434735511826,&,0.20416234912115575
monthly visible minutes:KDEN,&,2013,&,8672,&,8672,&,8672,&,8672,&,8672,&,8672,&,8672,&,8672,&,8672,&,8672,&,8672,&,8672,&,
monthly visible minutes:KDEN,&,2014,&,8672,&,8672,&,8672,&,8672,&,8672,&,8672,&,8672,&,8672,&,8672,&,8672,&,8672,&,8672,&,
monthly minutes harvester between states:KDEN,&,2013,&,38,&,38,&,38,&,38,&,38,&,38,&,38,&,38,&,38,&,38,&,38,&,38,&,
monthly minutes harvester between states:KDEN,&,2014,&,38,&,38,&,38,&,38,&,38,&,38,&,38,&,38,&,38,&,38,&,38,&,38,&,
Station: KDFW
abc: The current path is /home/guy/retractable-wind
I have found the property file.
The training windspeed filename is /trainingKDFW2004-2012in.csv
The testing windspeed filename is /testingKDFW2013-2014in.csv
Yes, the station is KDFW
Warning: The bAlsoUsePrediction no longer has any effect
iUsedAllItsAllocatedVisibilityMinutesPerMonth: 8760
Visibility Allocation Minutes:8760
HARVESTER_SIZE_SQM is 6362
Reading file
Success: /Wind turbine power curves - wind turbine power output against wind speed in knots.csv found.
Speed (Knots) = Speed(knots) vs power (kW) , Power (kW) =V90
Speed (Knots) = 0 , Power (kW) =0
Speed (Knots) = 1 , Power (kW) =0
Speed (Knots) = 2 , Power (kW) =0
Speed (Knots) = 3 , Power (kW) =0
Speed (Knots) = 4 , Power (kW) =0
Speed (Knots) = 5 , Power (kW) =0
Speed (Knots) = 6 , Power (kW) =0
Speed (Knots) = 7 , Power (kW) =38
Speed (Knots) = 8 , Power (kW) =87
Speed (Knots) = 9 , Power (kW) =141
Speed (Knots) = 10 , Power (kW) =207
Speed (Knots) = 11 , Power (kW) =286
Speed (Knots) = 12 , Power (kW) =382
Speed (Knots) = 13 , Power (kW) =496
Speed (Knots) = 14 , Power (kW) =628
Speed (Knots) = 15 , Power (kW) =781
Speed (Knots) = 16 , Power (kW) =957
Speed (Knots) = 17 , Power (kW) =1153
Speed (Knots) = 18 , Power (kW) =1366
Speed (Knots) = 19 , Power (kW) =1589
Speed (Knots) = 20 , Power (kW) =1814
Speed (Knots) = 21 , Power (kW) =2035
Speed (Knots) = 22 , Power (kW) =2250
Speed (Knots) = 23 , Power (kW) =2452
Speed (Knots) = 24 , Power (kW) =2634
Speed (Knots) = 25 , Power (kW) =2784
Speed (Knots) = 26 , Power (kW) =2888
Speed (Knots) = 27 , Power (kW) =2949
Speed (Knots) = 28 , Power (kW) =2980
Speed (Knots) = 29 , Power (kW) =2993
Speed (Knots) = 30 , Power (kW) =3000
Speed (Knots) = 31 , Power (kW) =3000
Speed (Knots) = 32 , Power (kW) =3000
Speed (Knots) = 33 , Power (kW) =3000
Speed (Knots) = 34 , Power (kW) =3000
Speed (Knots) = 35 , Power (kW) =3000
Speed (Knots) = 36 , Power (kW) =3000
Speed (Knots) = 37 , Power (kW) =3000
Speed (Knots) = 38 , Power (kW) =3000
Speed (Knots) = 39 , Power (kW) =3000
Speed (Knots) = 40 , Power (kW) =3000
Speed (Knots) = 41 , Power (kW) =3000
Speed (Knots) = 42 , Power (kW) =3000
Speed (Knots) = 43 , Power (kW) =3000
Speed (Knots) = 44 , Power (kW) =3000
Speed (Knots) = 45 , Power (kW) =3000
Speed (Knots) = 46 , Power (kW) =3000
Speed (Knots) = 47 , Power (kW) =3000
Speed (Knots) = 48 , Power (kW) =3000
Speed (Knots) = 49 , Power (kW) =0
Speed (Knots) = 50 , Power (kW) =0
Speed (Knots) = 51 , Power (kW) =0
Speed (Knots) = 52 , Power (kW) =0
Speed (Knots) = 53 , Power (kW) =0
Speed (Knots) = 54 , Power (kW) =0
Speed (Knots) = 55 , Power (kW) =0
Speed (Knots) = 56 , Power (kW) =0
Speed (Knots) = 57 , Power (kW) =0
Speed (Knots) = 58 , Power (kW) =0
Speed (Knots) = 59 , Power (kW) =0
Speed (Knots) = 60 , Power (kW) =0
The scale is 1.0
Wind power at 10 knots in kilowatts is 207.0
Wind power in-cut-out test 0.0
Aging
Class name:edu.pitt.cs.people.guy.wind.benchmarks.Aging
Success: /Noise_Allowed_Time_Definitions_All_Stations.csv found.
The station is the record is KDFW
Success: /Noise_Allowed_Time_Definitions_All_Stations.csv found.
The station is the record is KDFW
I have found the membership file for NOT WINDY.
Windspeed (knots) [0,1), Membership Value =1.00000000,1.0
Windspeed (knots) [1,2), Membership Value =0.99998544,0.99998546
Windspeed (knots) [2,3), Membership Value =0.99976756,0.99976754
Windspeed (knots) [3,4), Membership Value =0.99867559,0.9986756
Windspeed (knots) [4,5), Membership Value =0.99529308,0.9952931
Windspeed (knots) [5,6), Membership Value =0.98756887,0.98756886
Windspeed (knots) [6,7), Membership Value =0.97221374,0.97221375
Windspeed (knots) [7,8), Membership Value =0.94777919,0.9477792
Windspeed (knots) [8,9), Membership Value =0.91291315,0.91291314
Windspeed (knots) [9,10), Membership Value =0.86600723,0.8660072
Windspeed (knots) [10,11), Membership Value =0.80840906,0.80840904
Windspeed (knots) [11,12), Membership Value =0.74102662,0.74102664
Windspeed (knots) [12,13), Membership Value =0.66476726,0.66476727
Windspeed (knots) [13,14), Membership Value =0.58088890,0.5808889
Windspeed (knots) [14,15), Membership Value =0.49271539,0.4927154
Windspeed (knots) [15,16), Membership Value =0.40051450,0.4005145
Windspeed (knots) [16,17), Membership Value =0.30825269,0.3082527
Windspeed (knots) [17,18), Membership Value =0.22172945,0.22172946
Windspeed (knots) [18,19), Membership Value =0.12917369,0.1291737
Windspeed (knots) [19,20), Membership Value =0.05659841,0.05659841
Windspeed (knots) [20,21), Membership Value =0.00000000,0.0
Windspeed (knots) [21,22), Membership Value =0.00000000,0.0
Windspeed (knots) [22,23), Membership Value =0.00000000,0.0
Windspeed (knots) [23,24), Membership Value =0.00000000,0.0
Windspeed (knots) [24,25), Membership Value =0.00000000,0.0
Windspeed (knots) [25,26), Membership Value =0.00000000,0.0
Windspeed (knots) [26,27), Membership Value =0.00000000,0.0
Windspeed (knots) [27,28), Membership Value =0.00000000,0.0
Windspeed (knots) [28,29), Membership Value =0.00000000,0.0
Windspeed (knots) [29,30), Membership Value =0.00000000,0.0
Windspeed (knots) [30,31), Membership Value =0.00000000,0.0
Windspeed (knots) [31,32), Membership Value =0.00000000,0.0
Windspeed (knots) [32,33), Membership Value =0.00000000,0.0
Windspeed (knots) [33,34), Membership Value =0.00000000,0.0
Windspeed (knots) [34,35), Membership Value =0.00000000,0.0
Windspeed (knots) [35,36), Membership Value =0.00000000,0.0
Windspeed (knots) [36,37), Membership Value =0.00000000,0.0
Windspeed (knots) [37,38), Membership Value =0.00000000,0.0
Windspeed (knots) [38,39), Membership Value =0.00000000,0.0
Windspeed (knots) [39,40), Membership Value =0.00000000,0.0
Windspeed (knots) [40,41), Membership Value =0.00000000,0.0
Windspeed (knots) [41,42), Membership Value =0.00000000,0.0
Windspeed (knots) [42,43), Membership Value =0.00000000,0.0
Windspeed (knots) [43,44), Membership Value =0.00000000,0.0
Windspeed (knots) [44,45), Membership Value =0.00000000,0.0
Windspeed (knots) [45,46), Membership Value =0.00000000,0.0
Windspeed (knots) [46,47), Membership Value =0.00000000,0.0
Windspeed (knots) [47,48), Membership Value =0.00000000,0.0
Windspeed (knots) [48,49), Membership Value =0.00000000,0.0
Windspeed (knots) [49,50), Membership Value =0.00000000,0.0
Windspeed (knots) [50,51), Membership Value =0.00000000,0.0
Windspeed (knots) [51,52), Membership Value =0.00000000,0.0
Windspeed (knots) [52,53), Membership Value =0.00000000,0.0
Windspeed (knots) [53,54), Membership Value =0.00000000,0.0
Windspeed (knots) [54,55), Membership Value =0.00000000,0.0
Windspeed (knots) [55,56), Membership Value =0.00000000,0.0
Windspeed (knots) [56,57), Membership Value =0.00000000,0.0
Windspeed (knots) [57,58), Membership Value =0.00000000,0.0
Windspeed (knots) [58,59), Membership Value =0.00000000,0.0
Windspeed (knots) [59,60), Membership Value =0.00000000,0.0
Windspeed (knots) [60,61), Membership Value =0.00000000,0.0
Windspeed (knots) [61,62), Membership Value =0.00000000,0.0
Windspeed (knots) [62,63), Membership Value =0.00000000,0.0
Windspeed (knots) [63,64), Membership Value =0.00000000,0.0
Windspeed (knots) [64,65), Membership Value =0.00000000,0.0
Windspeed (knots) [65,66), Membership Value =0.00000000,0.0
Windspeed (knots) [66,67), Membership Value =0.00000000,0.0
Windspeed (knots) [67,68), Membership Value =0.00000000,0.0
Windspeed (knots) [68,69), Membership Value =0.00000000,0.0
Windspeed (knots) [69,70), Membership Value =0.00000000,0.0
Windspeed (knots) [70,71), Membership Value =0.00000000,0.0
Windspeed (knots) [71,72), Membership Value =0.00000000,0.0
Windspeed (knots) [72,73), Membership Value =0.00000000,0.0
Windspeed (knots) [73,74), Membership Value =0.00000000,0.0
Windspeed (knots) [74,75), Membership Value =0.00000000,0.0
Windspeed (knots) [75,76), Membership Value =0.00000000,0.0
Windspeed (knots) [76,77), Membership Value =0.00000000,0.0
Windspeed (knots) [77,78), Membership Value =0.00000000,0.0
Windspeed (knots) [78,79), Membership Value =0.00000000,0.0
Windspeed (knots) [79,80), Membership Value =0.00000000,0.0
Windspeed (knots) [80,81), Membership Value =0.00000000,0.0
Windspeed (knots) [81,82), Membership Value =0.00000000,0.0
Windspeed (knots) [82,83), Membership Value =0.00000000,0.0
Windspeed (knots) [83,84), Membership Value =0.00000000,0.0
Windspeed (knots) [84,85), Membership Value =0.00000000,0.0
Windspeed (knots) [85,86), Membership Value =0.00000000,0.0
Windspeed (knots) [86,87), Membership Value =0.00000000,0.0
Windspeed (knots) [87,88), Membership Value =0.00000000,0.0
Windspeed (knots) [88,89), Membership Value =0.00000000,0.0
Windspeed (knots) [89,90), Membership Value =0.00000000,0.0
Windspeed (knots) [90,91), Membership Value =0.00000000,0.0
Windspeed (knots) [91,92), Membership Value =0.00000000,0.0
Windspeed (knots) [92,93), Membership Value =0.00000000,0.0
Windspeed (knots) [93,94), Membership Value =0.00000000,0.0
Windspeed (knots) [94,95), Membership Value =0.00000000,0.0
Windspeed (knots) [95,96), Membership Value =0.00000000,0.0
Windspeed (knots) [96,97), Membership Value =0.00000000,0.0
Windspeed (knots) [97,98), Membership Value =0.00000000,0.0
Windspeed (knots) [98,99), Membership Value =0.00000000,0.0
Windspeed (knots) [99,100), Membership Value =0.00000000,0.0
Windspeed (knots) [100,101), Membership Value =0.00000000,0.0
Windspeed (knots) [101,102), Membership Value =0.00000000,0.0
Windspeed (knots) [102,103), Membership Value =0.00000000,0.0
Windspeed (knots) [103,104), Membership Value =0.00000000,0.0
Windspeed (knots) [104,105), Membership Value =0.00000000,0.0
Windspeed (knots) [105,106), Membership Value =0.00000000,0.0
Windspeed (knots) [106,107), Membership Value =0.00000000,0.0
Windspeed (knots) [107,108), Membership Value =0.00000000,0.0
Windspeed (knots) [108,109), Membership Value =0.00000000,0.0
Windspeed (knots) [109,110), Membership Value =0.00000000,0.0
Windspeed (knots) [110,111), Membership Value =0.00000000,0.0
Windspeed (knots) [111,112), Membership Value =0.00000000,0.0
Windspeed (knots) [112,113), Membership Value =0.00000000,0.0
Windspeed (knots) [113,114), Membership Value =0.00000000,0.0
Windspeed (knots) [114,115), Membership Value =0.00000000,0.0
Windspeed (knots) [115,116), Membership Value =0.00000000,0.0
Windspeed (knots) [116,117), Membership Value =0.00000000,0.0
Windspeed (knots) [117,118), Membership Value =0.00000000,0.0
Windspeed (knots) [118,119), Membership Value =0.00000000,0.0
Windspeed (knots) [119,120), Membership Value =0.00000000,0.0
Windspeed (knots) [120,121), Membership Value =0.00000000,0.0
Windspeed (knots) [121,122), Membership Value =0.00000000,0.0
Windspeed (knots) [122,123), Membership Value =0.00000000,0.0
Windspeed (knots) [123,124), Membership Value =0.00000000,0.0
Windspeed (knots) [124,125), Membership Value =0.00000000,0.0
LowestWindspeedThatIsWindyKnots for station KDFW is 9 knots.
Transition limited :true
bUseWeatherPrediction: true
The running average is 1
The y-int is 9
Energy harvested: 5228886.888333245
iGeneratingEnergyWhenGridNeedsEnergyMinutes =631713
iGeneratingEnergyWhenGridNeedsEnergyMinutes =631713
iUsingEnergyWhenGridNeedsEnergyMinutes =1738
iGeneratingEnergyWhenGridHasExcessEnergyMinutes = 9126
iUsingEnergyWhenGridHasExcessEnergyMinutes = 76
iIdleWhenGridDoesNotNeedEnergyMinutes = 36878
iIdleWhenGridNeedsEnergyMinutes = 4053819
iEnergyPriceIsZeroMinutes = 240
harvester.getEnergyHarvestedAVAILABLEKilowattHours( ): 2.5167150666666668E7
harvester.getEnergyHarvestedKilowattHours(): 5228886.888333245
The y-int is 19
Energy harvested: 6283483.767500003
iGeneratingEnergyWhenGridNeedsEnergyMinutes =629716
iGeneratingEnergyWhenGridNeedsEnergyMinutes =629716
iUsingEnergyWhenGridNeedsEnergyMinutes =218
iGeneratingEnergyWhenGridHasExcessEnergyMinutes = 6894
iUsingEnergyWhenGridHasExcessEnergyMinutes = 0
iIdleWhenGridDoesNotNeedEnergyMinutes = 39186
iIdleWhenGridNeedsEnergyMinutes = 4057336
iEnergyPriceIsZeroMinutes = 240
harvester.getEnergyHarvestedAVAILABLEKilowattHours( ): 2.5167150666666668E7
harvester.getEnergyHarvestedKilowattHours(): 6283483.767500003
The y-int is 29
Energy harvested: 4887084.660833178
iGeneratingEnergyWhenGridNeedsEnergyMinutes =597195
iGeneratingEnergyWhenGridNeedsEnergyMinutes =597195
iUsingEnergyWhenGridNeedsEnergyMinutes =1729
iGeneratingEnergyWhenGridHasExcessEnergyMinutes = 6989
iUsingEnergyWhenGridHasExcessEnergyMinutes = 38
iIdleWhenGridDoesNotNeedEnergyMinutes = 39053
iIdleWhenGridNeedsEnergyMinutes = 4088346
iEnergyPriceIsZeroMinutes = 240
harvester.getEnergyHarvestedAVAILABLEKilowattHours( ): 2.5167150666666668E7
harvester.getEnergyHarvestedKilowattHours(): 4887084.660833178
The y-int is 39
Energy harvested: 4925979.94472207
iGeneratingEnergyWhenGridNeedsEnergyMinutes =604751
iGeneratingEnergyWhenGridNeedsEnergyMinutes =604751
iUsingEnergyWhenGridNeedsEnergyMinutes =1842
iGeneratingEnergyWhenGridHasExcessEnergyMinutes = 6929
iUsingEnergyWhenGridHasExcessEnergyMinutes = 38
iIdleWhenGridDoesNotNeedEnergyMinutes = 39113
iIdleWhenGridNeedsEnergyMinutes = 4080677
iEnergyPriceIsZeroMinutes = 240
harvester.getEnergyHarvestedAVAILABLEKilowattHours( ): 2.5167150666666668E7
harvester.getEnergyHarvestedKilowattHours(): 4925979.94472207
The running average is 31
The y-int is 9
Energy harvested: 5290196.84333329
iGeneratingEnergyWhenGridNeedsEnergyMinutes =633156
iGeneratingEnergyWhenGridNeedsEnergyMinutes =633156
iUsingEnergyWhenGridNeedsEnergyMinutes =1658
iGeneratingEnergyWhenGridHasExcessEnergyMinutes = 9123
iUsingEnergyWhenGridHasExcessEnergyMinutes = 76
iIdleWhenGridDoesNotNeedEnergyMinutes = 36881
iIdleWhenGridNeedsEnergyMinutes = 4052456
iEnergyPriceIsZeroMinutes = 240
harvester.getEnergyHarvestedAVAILABLEKilowattHours( ): 2.5167150666666668E7
harvester.getEnergyHarvestedKilowattHours(): 5290196.84333329
The y-int is 19
Energy harvested: 6297145.620277724
iGeneratingEnergyWhenGridNeedsEnergyMinutes =624446
iGeneratingEnergyWhenGridNeedsEnergyMinutes =624446
iUsingEnergyWhenGridNeedsEnergyMinutes =724
iGeneratingEnergyWhenGridHasExcessEnergyMinutes = 8936
iUsingEnergyWhenGridHasExcessEnergyMinutes = 16
iIdleWhenGridDoesNotNeedEnergyMinutes = 37128
iIdleWhenGridNeedsEnergyMinutes = 4062100
iEnergyPriceIsZeroMinutes = 240
harvester.getEnergyHarvestedAVAILABLEKilowattHours( ): 2.5167150666666668E7
harvester.getEnergyHarvestedKilowattHours(): 6297145.620277724
The y-int is 29
Energy harvested: 4918327.797222075
iGeneratingEnergyWhenGridNeedsEnergyMinutes =604783
iGeneratingEnergyWhenGridNeedsEnergyMinutes =604783
iUsingEnergyWhenGridNeedsEnergyMinutes =1833
iGeneratingEnergyWhenGridHasExcessEnergyMinutes = 6929
iUsingEnergyWhenGridHasExcessEnergyMinutes = 38
iIdleWhenGridDoesNotNeedEnergyMinutes = 39113
iIdleWhenGridNeedsEnergyMinutes = 4080654
iEnergyPriceIsZeroMinutes = 240
harvester.getEnergyHarvestedAVAILABLEKilowattHours( ): 2.5167150666666668E7
harvester.getEnergyHarvestedKilowattHours(): 4918327.797222075
The y-int is 39
Energy harvested: 4925979.94472207
iGeneratingEnergyWhenGridNeedsEnergyMinutes =604751
iGeneratingEnergyWhenGridNeedsEnergyMinutes =604751
iUsingEnergyWhenGridNeedsEnergyMinutes =1842
iGeneratingEnergyWhenGridHasExcessEnergyMinutes = 6929
iUsingEnergyWhenGridHasExcessEnergyMinutes = 38
iIdleWhenGridDoesNotNeedEnergyMinutes = 39113
iIdleWhenGridNeedsEnergyMinutes = 4080677
iEnergyPriceIsZeroMinutes = 240
harvester.getEnergyHarvestedAVAILABLEKilowattHours( ): 2.5167150666666668E7
harvester.getEnergyHarvestedKilowattHours(): 4925979.94472207
The running average is 61
The y-int is 9
Energy harvested: 5300423.352222179
iGeneratingEnergyWhenGridNeedsEnergyMinutes =634033
iGeneratingEnergyWhenGridNeedsEnergyMinutes =634033
iUsingEnergyWhenGridNeedsEnergyMinutes =1693
iGeneratingEnergyWhenGridHasExcessEnergyMinutes = 9028
iUsingEnergyWhenGridHasExcessEnergyMinutes = 73
iIdleWhenGridDoesNotNeedEnergyMinutes = 36979
iIdleWhenGridNeedsEnergyMinutes = 4051544
iEnergyPriceIsZeroMinutes = 240
harvester.getEnergyHarvestedAVAILABLEKilowattHours( ): 2.5167150666666668E7
harvester.getEnergyHarvestedKilowattHours(): 5300423.352222179
The y-int is 19
Energy harvested: 6030136.441111079
iGeneratingEnergyWhenGridNeedsEnergyMinutes =623612
iGeneratingEnergyWhenGridNeedsEnergyMinutes =623612
iUsingEnergyWhenGridNeedsEnergyMinutes =1001
iGeneratingEnergyWhenGridHasExcessEnergyMinutes = 9609
iUsingEnergyWhenGridHasExcessEnergyMinutes = 16
iIdleWhenGridDoesNotNeedEnergyMinutes = 36455
iIdleWhenGridNeedsEnergyMinutes = 4062657
iEnergyPriceIsZeroMinutes = 240
harvester.getEnergyHarvestedAVAILABLEKilowattHours( ): 2.5167150666666668E7
harvester.getEnergyHarvestedKilowattHours(): 6030136.441111079
The y-int is 29
Energy harvested: 4925979.94472207
iGeneratingEnergyWhenGridNeedsEnergyMinutes =604751
iGeneratingEnergyWhenGridNeedsEnergyMinutes =604751
iUsingEnergyWhenGridNeedsEnergyMinutes =1842
iGeneratingEnergyWhenGridHasExcessEnergyMinutes = 6929
iUsingEnergyWhenGridHasExcessEnergyMinutes = 38
iIdleWhenGridDoesNotNeedEnergyMinutes = 39113
iIdleWhenGridNeedsEnergyMinutes = 4080677
iEnergyPriceIsZeroMinutes = 240
harvester.getEnergyHarvestedAVAILABLEKilowattHours( ): 2.5167150666666668E7
harvester.getEnergyHarvestedKilowattHours(): 4925979.94472207
The y-int is 39
Energy harvested: 4925979.94472207
iGeneratingEnergyWhenGridNeedsEnergyMinutes =604751
iGeneratingEnergyWhenGridNeedsEnergyMinutes =604751
iUsingEnergyWhenGridNeedsEnergyMinutes =1842
iGeneratingEnergyWhenGridHasExcessEnergyMinutes = 6929
iUsingEnergyWhenGridHasExcessEnergyMinutes = 38
iIdleWhenGridDoesNotNeedEnergyMinutes = 39113
iIdleWhenGridNeedsEnergyMinutes = 4080677
iEnergyPriceIsZeroMinutes = 240
harvester.getEnergyHarvestedAVAILABLEKilowattHours( ): 2.5167150666666668E7
harvester.getEnergyHarvestedKilowattHours(): 4925979.94472207
The running average is 91
The y-int is 9
Energy harvested: 5307725.289444405
iGeneratingEnergyWhenGridNeedsEnergyMinutes =634657
iGeneratingEnergyWhenGridNeedsEnergyMinutes =634657
iUsingEnergyWhenGridNeedsEnergyMinutes =1684
iGeneratingEnergyWhenGridHasExcessEnergyMinutes = 8672
iUsingEnergyWhenGridHasExcessEnergyMinutes = 67
iIdleWhenGridDoesNotNeedEnergyMinutes = 37341
iIdleWhenGridNeedsEnergyMinutes = 4050929
iEnergyPriceIsZeroMinutes = 240
harvester.getEnergyHarvestedAVAILABLEKilowattHours( ): 2.5167150666666668E7
harvester.getEnergyHarvestedKilowattHours(): 5307725.289444405
The y-int is 19
Energy harvested: 5921983.966111078
iGeneratingEnergyWhenGridNeedsEnergyMinutes =615262
iGeneratingEnergyWhenGridNeedsEnergyMinutes =615262
iUsingEnergyWhenGridNeedsEnergyMinutes =1030
iGeneratingEnergyWhenGridHasExcessEnergyMinutes = 9474
iUsingEnergyWhenGridHasExcessEnergyMinutes = 16
iIdleWhenGridDoesNotNeedEnergyMinutes = 36590
iIdleWhenGridNeedsEnergyMinutes = 4070978
iEnergyPriceIsZeroMinutes = 240
harvester.getEnergyHarvestedAVAILABLEKilowattHours( ): 2.5167150666666668E7
harvester.getEnergyHarvestedKilowattHours(): 5921983.966111078
The y-int is 29
Energy harvested: 4925979.94472207
iGeneratingEnergyWhenGridNeedsEnergyMinutes =604751
iGeneratingEnergyWhenGridNeedsEnergyMinutes =604751
iUsingEnergyWhenGridNeedsEnergyMinutes =1842
iGeneratingEnergyWhenGridHasExcessEnergyMinutes = 6929
iUsingEnergyWhenGridHasExcessEnergyMinutes = 38
iIdleWhenGridDoesNotNeedEnergyMinutes = 39113
iIdleWhenGridNeedsEnergyMinutes = 4080677
iEnergyPriceIsZeroMinutes = 240
harvester.getEnergyHarvestedAVAILABLEKilowattHours( ): 2.5167150666666668E7
harvester.getEnergyHarvestedKilowattHours(): 4925979.94472207
The y-int is 39
Energy harvested: 4925979.94472207
iGeneratingEnergyWhenGridNeedsEnergyMinutes =604751
iGeneratingEnergyWhenGridNeedsEnergyMinutes =604751
iUsingEnergyWhenGridNeedsEnergyMinutes =1842
iGeneratingEnergyWhenGridHasExcessEnergyMinutes = 6929
iUsingEnergyWhenGridHasExcessEnergyMinutes = 38
iIdleWhenGridDoesNotNeedEnergyMinutes = 39113
iIdleWhenGridNeedsEnergyMinutes = 4080677
iEnergyPriceIsZeroMinutes = 240
harvester.getEnergyHarvestedAVAILABLEKilowattHours( ): 2.5167150666666668E7
harvester.getEnergyHarvestedKilowattHours(): 4925979.94472207
The running average is 121
The y-int is 9
Energy harvested: 5312332.19194441
iGeneratingEnergyWhenGridNeedsEnergyMinutes =633970
iGeneratingEnergyWhenGridNeedsEnergyMinutes =633970
iUsingEnergyWhenGridNeedsEnergyMinutes =1623
iGeneratingEnergyWhenGridHasExcessEnergyMinutes = 8631
iUsingEnergyWhenGridHasExcessEnergyMinutes = 58
iIdleWhenGridDoesNotNeedEnergyMinutes = 37391
iIdleWhenGridNeedsEnergyMinutes = 4051677
iEnergyPriceIsZeroMinutes = 240
harvester.getEnergyHarvestedAVAILABLEKilowattHours( ): 2.5167150666666668E7
harvester.getEnergyHarvestedKilowattHours(): 5312332.19194441
The y-int is 19
Energy harvested: 5709810.153888858
iGeneratingEnergyWhenGridNeedsEnergyMinutes =607856
iGeneratingEnergyWhenGridNeedsEnergyMinutes =607856
iUsingEnergyWhenGridNeedsEnergyMinutes =1132
iGeneratingEnergyWhenGridHasExcessEnergyMinutes = 9355
iUsingEnergyWhenGridHasExcessEnergyMinutes = 16
iIdleWhenGridDoesNotNeedEnergyMinutes = 36709
iIdleWhenGridNeedsEnergyMinutes = 4078282
iEnergyPriceIsZeroMinutes = 240
harvester.getEnergyHarvestedAVAILABLEKilowattHours( ): 2.5167150666666668E7
harvester.getEnergyHarvestedKilowattHours(): 5709810.153888858
The y-int is 29
Energy harvested: 4925979.94472207
iGeneratingEnergyWhenGridNeedsEnergyMinutes =604751
iGeneratingEnergyWhenGridNeedsEnergyMinutes =604751
iUsingEnergyWhenGridNeedsEnergyMinutes =1842
iGeneratingEnergyWhenGridHasExcessEnergyMinutes = 6929
iUsingEnergyWhenGridHasExcessEnergyMinutes = 38
iIdleWhenGridDoesNotNeedEnergyMinutes = 39113
iIdleWhenGridNeedsEnergyMinutes = 4080677
iEnergyPriceIsZeroMinutes = 240
harvester.getEnergyHarvestedAVAILABLEKilowattHours( ): 2.5167150666666668E7
harvester.getEnergyHarvestedKilowattHours(): 4925979.94472207
The y-int is 39
Energy harvested: 4925979.94472207
iGeneratingEnergyWhenGridNeedsEnergyMinutes =604751
iGeneratingEnergyWhenGridNeedsEnergyMinutes =604751
iUsingEnergyWhenGridNeedsEnergyMinutes =1842
iGeneratingEnergyWhenGridHasExcessEnergyMinutes = 6929
iUsingEnergyWhenGridHasExcessEnergyMinutes = 38
iIdleWhenGridDoesNotNeedEnergyMinutes = 39113
iIdleWhenGridNeedsEnergyMinutes = 4080677
iEnergyPriceIsZeroMinutes = 240
harvester.getEnergyHarvestedAVAILABLEKilowattHours( ): 2.5167150666666668E7
harvester.getEnergyHarvestedKilowattHours(): 4925979.94472207
Beginning testing mode:
station,&,y_intercept_for_month_1,&,running_average_size_minutes_for_month_1,&,y_intercept_for_month_2,&,running_average_size_minutes_for_month_2,&,y_intercept_for_month_3,&,running_average_size_minutes_for_month_3,&,y_intercept_for_month_4,&,running_average_size_minutes_for_month_4,&,y_intercept_for_month_5,&,running_average_size_minutes_for_month_5,&,y_intercept_for_month_6,&,running_average_size_minutes_for_month_6,&,y_intercept_for_month_7,&,running_average_size_minutes_for_month_7,&,y_intercept_for_month_8,&,running_average_size_minutes_for_month_8,&,y_intercept_for_month_9,&,running_average_size_minutes_for_month_9,&,y_intercept_for_month_10,&,running_average_size_minutes_for_month_10,&,y_intercept_for_month_11,&,running_average_size_minutes_for_month_11,&,y_intercept_for_month_12,&,running_average_size_minutes_for_month_12,&,dNetNorm,&,dMarketBalancePercentage,&,dMarketNetNorm,
results: KDFW,&,19,&,1,&,19,&,61,&,9,&,1,&,9,&,31,&,19,&,121,&,19,&,1,&,29,&,1,&,9,&,1,&,9,&,1,&,19,&,31,&,19,&,31,&,19,&,1,&,0.2273995885453103,&,0.9526568501920615,&,0.21663377575854612
monthly visible minutes:KDFW,&,2013,&,8672,&,8672,&,8672,&,8672,&,8672,&,8672,&,8672,&,8672,&,8672,&,8672,&,8672,&,8672,&,
monthly visible minutes:KDFW,&,2014,&,8672,&,8672,&,8672,&,8672,&,8672,&,8672,&,8672,&,8672,&,8672,&,8672,&,8672,&,8672,&,
monthly minutes harvester between states:KDFW,&,2013,&,38,&,38,&,38,&,38,&,38,&,38,&,38,&,38,&,38,&,38,&,38,&,38,&,
monthly minutes harvester between states:KDFW,&,2014,&,38,&,38,&,38,&,38,&,38,&,38,&,38,&,38,&,38,&,38,&,38,&,38,&,
station,&,y_intercept_for_month_1,&,running_average_size_minutes_for_month_1,&,y_intercept_for_month_2,&,running_average_size_minutes_for_month_2,&,y_intercept_for_month_3,&,running_average_size_minutes_for_month_3,&,y_intercept_for_month_4,&,running_average_size_minutes_for_month_4,&,y_intercept_for_month_5,&,running_average_size_minutes_for_month_5,&,y_intercept_for_month_6,&,running_average_size_minutes_for_month_6,&,y_intercept_for_month_7,&,running_average_size_minutes_for_month_7,&,y_intercept_for_month_8,&,running_average_size_minutes_for_month_8,&,y_intercept_for_month_9,&,running_average_size_minutes_for_month_9,&,y_intercept_for_month_10,&,running_average_size_minutes_for_month_10,&,y_intercept_for_month_11,&,running_average_size_minutes_for_month_11,&,y_intercept_for_month_12,&,running_average_size_minutes_for_month_12,&,dNetNorm,&,dMarketBalancePercentage,&,dMarketNetNorm,
results: KDFW,&,19,&,1,&,19,&,61,&,9,&,1,&,9,&,31,&,19,&,121,&,19,&,1,&,29,&,1,&,9,&,1,&,9,&,1,&,19,&,31,&,19,&,31,&,19,&,1,&,0.2273995885453103,&,0.9526568501920615,&,0.21663377575854612
monthly visible minutes:KDFW,&,2013,&,8672,&,8672,&,8672,&,8672,&,8672,&,8672,&,8672,&,8672,&,8672,&,8672,&,8672,&,8672,&,
monthly visible minutes:KDFW,&,2014,&,8672,&,8672,&,8672,&,8672,&,8672,&,8672,&,8672,&,8672,&,8672,&,8672,&,8672,&,8672,&,
monthly minutes harvester between states:KDFW,&,2013,&,38,&,38,&,38,&,38,&,38,&,38,&,38,&,38,&,38,&,38,&,38,&,38,&,
monthly minutes harvester between states:KDFW,&,2014,&,38,&,38,&,38,&,38,&,38,&,38,&,38,&,38,&,38,&,38,&,38,&,38,&,
Station: KDTW
abc: The current path is /home/guy/retractable-wind
I have found the property file.
The training windspeed filename is /trainingKDTW2004-2012in.csv
The testing windspeed filename is /testingKDTW2013-2014in.csv
Yes, the station is KDTW
Warning: The bAlsoUsePrediction no longer has any effect
iUsedAllItsAllocatedVisibilityMinutesPerMonth: 8760
Visibility Allocation Minutes:8760
HARVESTER_SIZE_SQM is 6362
Reading file
Success: /Wind turbine power curves - wind turbine power output against wind speed in knots.csv found.
Speed (Knots) = Speed(knots) vs power (kW) , Power (kW) =V90
Speed (Knots) = 0 , Power (kW) =0
Speed (Knots) = 1 , Power (kW) =0
Speed (Knots) = 2 , Power (kW) =0
Speed (Knots) = 3 , Power (kW) =0
Speed (Knots) = 4 , Power (kW) =0
Speed (Knots) = 5 , Power (kW) =0
Speed (Knots) = 6 , Power (kW) =0
Speed (Knots) = 7 , Power (kW) =38
Speed (Knots) = 8 , Power (kW) =87
Speed (Knots) = 9 , Power (kW) =141
Speed (Knots) = 10 , Power (kW) =207
Speed (Knots) = 11 , Power (kW) =286
Speed (Knots) = 12 , Power (kW) =382
Speed (Knots) = 13 , Power (kW) =496
Speed (Knots) = 14 , Power (kW) =628
Speed (Knots) = 15 , Power (kW) =781
Speed (Knots) = 16 , Power (kW) =957
Speed (Knots) = 17 , Power (kW) =1153
Speed (Knots) = 18 , Power (kW) =1366
Speed (Knots) = 19 , Power (kW) =1589
Speed (Knots) = 20 , Power (kW) =1814
Speed (Knots) = 21 , Power (kW) =2035
Speed (Knots) = 22 , Power (kW) =2250
Speed (Knots) = 23 , Power (kW) =2452
Speed (Knots) = 24 , Power (kW) =2634
Speed (Knots) = 25 , Power (kW) =2784
Speed (Knots) = 26 , Power (kW) =2888
Speed (Knots) = 27 , Power (kW) =2949
Speed (Knots) = 28 , Power (kW) =2980
Speed (Knots) = 29 , Power (kW) =2993
Speed (Knots) = 30 , Power (kW) =3000
Speed (Knots) = 31 , Power (kW) =3000
Speed (Knots) = 32 , Power (kW) =3000
Speed (Knots) = 33 , Power (kW) =3000
Speed (Knots) = 34 , Power (kW) =3000
Speed (Knots) = 35 , Power (kW) =3000
Speed (Knots) = 36 , Power (kW) =3000
Speed (Knots) = 37 , Power (kW) =3000
Speed (Knots) = 38 , Power (kW) =3000
Speed (Knots) = 39 , Power (kW) =3000
Speed (Knots) = 40 , Power (kW) =3000
Speed (Knots) = 41 , Power (kW) =3000
Speed (Knots) = 42 , Power (kW) =3000
Speed (Knots) = 43 , Power (kW) =3000
Speed (Knots) = 44 , Power (kW) =3000
Speed (Knots) = 45 , Power (kW) =3000
Speed (Knots) = 46 , Power (kW) =3000
Speed (Knots) = 47 , Power (kW) =3000
Speed (Knots) = 48 , Power (kW) =3000
Speed (Knots) = 49 , Power (kW) =0
Speed (Knots) = 50 , Power (kW) =0
Speed (Knots) = 51 , Power (kW) =0
Speed (Knots) = 52 , Power (kW) =0
Speed (Knots) = 53 , Power (kW) =0
Speed (Knots) = 54 , Power (kW) =0
Speed (Knots) = 55 , Power (kW) =0
Speed (Knots) = 56 , Power (kW) =0
Speed (Knots) = 57 , Power (kW) =0
Speed (Knots) = 58 , Power (kW) =0
Speed (Knots) = 59 , Power (kW) =0
Speed (Knots) = 60 , Power (kW) =0
The scale is 1.0
Wind power at 10 knots in kilowatts is 207.0
Wind power in-cut-out test 0.0
Aging
Class name:edu.pitt.cs.people.guy.wind.benchmarks.Aging
Success: /Noise_Allowed_Time_Definitions_All_Stations.csv found.
The station is the record is KDTW
Success: /Noise_Allowed_Time_Definitions_All_Stations.csv found.
The station is the record is KDTW
I have found the membership file for NOT WINDY.
Windspeed (knots) [0,1), Membership Value =1.00000000,1.0
Windspeed (knots) [1,2), Membership Value =0.99995578,0.9999558
Windspeed (knots) [2,3), Membership Value =0.99934990,0.9993499
Windspeed (knots) [3,4), Membership Value =0.99649259,0.99649256
Windspeed (knots) [4,5), Membership Value =0.98852857,0.98852855
Windspeed (knots) [5,6), Membership Value =0.97172833,0.9717283
Windspeed (knots) [6,7), Membership Value =0.94325019,0.9432502
Windspeed (knots) [7,8), Membership Value =0.90218840,0.9021884
Windspeed (knots) [8,9), Membership Value =0.84490642,0.84490645
Windspeed (knots) [9,10), Membership Value =0.77526065,0.7752606
Windspeed (knots) [10,11), Membership Value =0.69778752,0.6977875
Windspeed (knots) [11,12), Membership Value =0.61243102,0.61243105
Windspeed (knots) [12,13), Membership Value =0.52156740,0.5215674
Windspeed (knots) [13,14), Membership Value =0.43012402,0.430124
Windspeed (knots) [14,15), Membership Value =0.34026869,0.3402687
Windspeed (knots) [15,16), Membership Value =0.25529087,0.25529087
Windspeed (knots) [16,17), Membership Value =0.17604379,0.1760438
Windspeed (knots) [17,18), Membership Value =0.10520752,0.10520752
Windspeed (knots) [18,19), Membership Value =0.04344817,0.04344817
Windspeed (knots) [19,20), Membership Value =0.00000000,0.0
Windspeed (knots) [20,21), Membership Value =0.00000000,0.0
Windspeed (knots) [21,22), Membership Value =0.00000000,0.0
Windspeed (knots) [22,23), Membership Value =0.00000000,0.0
Windspeed (knots) [23,24), Membership Value =0.00000000,0.0
Windspeed (knots) [24,25), Membership Value =0.00000000,0.0
Windspeed (knots) [25,26), Membership Value =0.00000000,0.0
Windspeed (knots) [26,27), Membership Value =0.00000000,0.0
Windspeed (knots) [27,28), Membership Value =0.00000000,0.0
Windspeed (knots) [28,29), Membership Value =0.00000000,0.0
Windspeed (knots) [29,30), Membership Value =0.00000000,0.0
Windspeed (knots) [30,31), Membership Value =0.00000000,0.0
Windspeed (knots) [31,32), Membership Value =0.00000000,0.0
Windspeed (knots) [32,33), Membership Value =0.00000000,0.0
Windspeed (knots) [33,34), Membership Value =0.00000000,0.0
Windspeed (knots) [34,35), Membership Value =0.00000000,0.0
Windspeed (knots) [35,36), Membership Value =0.00000000,0.0
Windspeed (knots) [36,37), Membership Value =0.00000000,0.0
Windspeed (knots) [37,38), Membership Value =0.00000000,0.0
Windspeed (knots) [38,39), Membership Value =0.00000000,0.0
Windspeed (knots) [39,40), Membership Value =0.00000000,0.0
Windspeed (knots) [40,41), Membership Value =0.00000000,0.0
Windspeed (knots) [41,42), Membership Value =0.00000000,0.0
Windspeed (knots) [42,43), Membership Value =0.00000000,0.0
Windspeed (knots) [43,44), Membership Value =0.00000000,0.0
Windspeed (knots) [44,45), Membership Value =0.00000000,0.0
Windspeed (knots) [45,46), Membership Value =0.00000000,0.0
Windspeed (knots) [46,47), Membership Value =0.00000000,0.0
Windspeed (knots) [47,48), Membership Value =0.00000000,0.0
Windspeed (knots) [48,49), Membership Value =0.00000000,0.0
Windspeed (knots) [49,50), Membership Value =0.00000000,0.0
Windspeed (knots) [50,51), Membership Value =0.00000000,0.0
Windspeed (knots) [51,52), Membership Value =0.00000000,0.0
Windspeed (knots) [52,53), Membership Value =0.00000000,0.0
Windspeed (knots) [53,54), Membership Value =0.00000000,0.0
Windspeed (knots) [54,55), Membership Value =0.00000000,0.0
Windspeed (knots) [55,56), Membership Value =0.00000000,0.0
Windspeed (knots) [56,57), Membership Value =0.00000000,0.0
Windspeed (knots) [57,58), Membership Value =0.00000000,0.0
Windspeed (knots) [58,59), Membership Value =0.00000000,0.0
Windspeed (knots) [59,60), Membership Value =0.00000000,0.0
Windspeed (knots) [60,61), Membership Value =0.00000000,0.0
Windspeed (knots) [61,62), Membership Value =0.00000000,0.0
Windspeed (knots) [62,63), Membership Value =0.00000000,0.0
Windspeed (knots) [63,64), Membership Value =0.00000000,0.0
Windspeed (knots) [64,65), Membership Value =0.00000000,0.0
Windspeed (knots) [65,66), Membership Value =0.00000000,0.0
Windspeed (knots) [66,67), Membership Value =0.00000000,0.0
Windspeed (knots) [67,68), Membership Value =0.00000000,0.0
Windspeed (knots) [68,69), Membership Value =0.00000000,0.0
Windspeed (knots) [69,70), Membership Value =0.00000000,0.0
Windspeed (knots) [70,71), Membership Value =0.00000000,0.0
Windspeed (knots) [71,72), Membership Value =0.00000000,0.0
Windspeed (knots) [72,73), Membership Value =0.00000000,0.0
Windspeed (knots) [73,74), Membership Value =0.00000000,0.0
Windspeed (knots) [74,75), Membership Value =0.00000000,0.0
Windspeed (knots) [75,76), Membership Value =0.00000000,0.0
Windspeed (knots) [76,77), Membership Value =0.00000000,0.0
Windspeed (knots) [77,78), Membership Value =0.00000000,0.0
Windspeed (knots) [78,79), Membership Value =0.00000000,0.0
Windspeed (knots) [79,80), Membership Value =0.00000000,0.0
Windspeed (knots) [80,81), Membership Value =0.00000000,0.0
Windspeed (knots) [81,82), Membership Value =0.00000000,0.0
Windspeed (knots) [82,83), Membership Value =0.00000000,0.0
Windspeed (knots) [83,84), Membership Value =0.00000000,0.0
Windspeed (knots) [84,85), Membership Value =0.00000000,0.0
Windspeed (knots) [85,86), Membership Value =0.00000000,0.0
Windspeed (knots) [86,87), Membership Value =0.00000000,0.0
Windspeed (knots) [87,88), Membership Value =0.00000000,0.0
Windspeed (knots) [88,89), Membership Value =0.00000000,0.0
Windspeed (knots) [89,90), Membership Value =0.00000000,0.0
Windspeed (knots) [90,91), Membership Value =0.00000000,0.0
Windspeed (knots) [91,92), Membership Value =0.00000000,0.0
Windspeed (knots) [92,93), Membership Value =0.00000000,0.0
Windspeed (knots) [93,94), Membership Value =0.00000000,0.0
Windspeed (knots) [94,95), Membership Value =0.00000000,0.0
Windspeed (knots) [95,96), Membership Value =0.00000000,0.0
Windspeed (knots) [96,97), Membership Value =0.00000000,0.0
Windspeed (knots) [97,98), Membership Value =0.00000000,0.0
Windspeed (knots) [98,99), Membership Value =0.00000000,0.0
Windspeed (knots) [99,100), Membership Value =0.00000000,0.0
Windspeed (knots) [100,101), Membership Value =0.00000000,0.0
Windspeed (knots) [101,102), Membership Value =0.00000000,0.0
Windspeed (knots) [102,103), Membership Value =0.00000000,0.0
Windspeed (knots) [103,104), Membership Value =0.00000000,0.0
Windspeed (knots) [104,105), Membership Value =0.00000000,0.0
Windspeed (knots) [105,106), Membership Value =0.00000000,0.0
Windspeed (knots) [106,107), Membership Value =0.00000000,0.0
Windspeed (knots) [107,108), Membership Value =0.00000000,0.0
Windspeed (knots) [108,109), Membership Value =0.00000000,0.0
Windspeed (knots) [109,110), Membership Value =0.00000000,0.0
Windspeed (knots) [110,111), Membership Value =0.00000000,0.0
Windspeed (knots) [111,112), Membership Value =0.00000000,0.0
Windspeed (knots) [112,113), Membership Value =0.00000000,0.0
Windspeed (knots) [113,114), Membership Value =0.00000000,0.0
Windspeed (knots) [114,115), Membership Value =0.00000000,0.0
Windspeed (knots) [115,116), Membership Value =0.00000000,0.0
Windspeed (knots) [116,117), Membership Value =0.00000000,0.0
Windspeed (knots) [117,118), Membership Value =0.00000000,0.0
Windspeed (knots) [118,119), Membership Value =0.00000000,0.0
Windspeed (knots) [119,120), Membership Value =0.00000000,0.0
Windspeed (knots) [120,121), Membership Value =0.00000000,0.0
Windspeed (knots) [121,122), Membership Value =0.00000000,0.0
Windspeed (knots) [122,123), Membership Value =0.00000000,0.0
Windspeed (knots) [123,124), Membership Value =0.00000000,0.0
Windspeed (knots) [124,125), Membership Value =0.00000000,0.0
LowestWindspeedThatIsWindyKnots for station KDTW is 8 knots.
Transition limited :true
bUseWeatherPrediction: true
The running average is 1
The y-int is 8
Energy harvested: 3028801.8602776644
iGeneratingEnergyWhenGridNeedsEnergyMinutes =496233
iGeneratingEnergyWhenGridNeedsEnergyMinutes =496233
iUsingEnergyWhenGridNeedsEnergyMinutes =1879
iGeneratingEnergyWhenGridHasExcessEnergyMinutes = 5847
iUsingEnergyWhenGridHasExcessEnergyMinutes = 50
iIdleWhenGridDoesNotNeedEnergyMinutes = 40183
iIdleWhenGridNeedsEnergyMinutes = 4189098
iEnergyPriceIsZeroMinutes = 240
harvester.getEnergyHarvestedAVAILABLEKilowattHours( ): 1.493492915E7
harvester.getEnergyHarvestedKilowattHours(): 3028801.8602776644
The y-int is 18
Energy harvested: 4180098.7680554995
iGeneratingEnergyWhenGridNeedsEnergyMinutes =532674
iGeneratingEnergyWhenGridNeedsEnergyMinutes =532674
iUsingEnergyWhenGridNeedsEnergyMinutes =517
iGeneratingEnergyWhenGridHasExcessEnergyMinutes = 6476
iUsingEnergyWhenGridHasExcessEnergyMinutes = 0
iIdleWhenGridDoesNotNeedEnergyMinutes = 39604
iIdleWhenGridNeedsEnergyMinutes = 4154019
iEnergyPriceIsZeroMinutes = 240
harvester.getEnergyHarvestedAVAILABLEKilowattHours( ): 1.493492915E7
harvester.getEnergyHarvestedKilowattHours(): 4180098.7680554995
The y-int is 28
Energy harvested: 3195922.6066665524
iGeneratingEnergyWhenGridNeedsEnergyMinutes =491934
iGeneratingEnergyWhenGridNeedsEnergyMinutes =491934
iUsingEnergyWhenGridNeedsEnergyMinutes =1916
iGeneratingEnergyWhenGridHasExcessEnergyMinutes = 6939
iUsingEnergyWhenGridHasExcessEnergyMinutes = 58
iIdleWhenGridDoesNotNeedEnergyMinutes = 39083
iIdleWhenGridNeedsEnergyMinutes = 4193360
iEnergyPriceIsZeroMinutes = 240
harvester.getEnergyHarvestedAVAILABLEKilowattHours( ): 1.493492915E7
harvester.getEnergyHarvestedKilowattHours(): 3195922.6066665524
The y-int is 38
Energy harvested: 3099883.237777661
iGeneratingEnergyWhenGridNeedsEnergyMinutes =486136
iGeneratingEnergyWhenGridNeedsEnergyMinutes =486136
iUsingEnergyWhenGridNeedsEnergyMinutes =1982
iGeneratingEnergyWhenGridHasExcessEnergyMinutes = 6905
iUsingEnergyWhenGridHasExcessEnergyMinutes = 58
iIdleWhenGridDoesNotNeedEnergyMinutes = 39117
iIdleWhenGridNeedsEnergyMinutes = 4199092
iEnergyPriceIsZeroMinutes = 240
harvester.getEnergyHarvestedAVAILABLEKilowattHours( ): 1.493492915E7
harvester.getEnergyHarvestedKilowattHours(): 3099883.237777661
The running average is 31
The y-int is 8
Energy harvested: 3068497.2308332175
iGeneratingEnergyWhenGridNeedsEnergyMinutes =500350
iGeneratingEnergyWhenGridNeedsEnergyMinutes =500350
iUsingEnergyWhenGridNeedsEnergyMinutes =1750
iGeneratingEnergyWhenGridHasExcessEnergyMinutes = 5724
iUsingEnergyWhenGridHasExcessEnergyMinutes = 89
iIdleWhenGridDoesNotNeedEnergyMinutes = 40267
iIdleWhenGridNeedsEnergyMinutes = 4185110
iEnergyPriceIsZeroMinutes = 240
harvester.getEnergyHarvestedAVAILABLEKilowattHours( ): 1.493492915E7
harvester.getEnergyHarvestedKilowattHours(): 3068497.2308332175
The y-int is 18
Energy harvested: 4007557.698888804
iGeneratingEnergyWhenGridNeedsEnergyMinutes =527028
iGeneratingEnergyWhenGridNeedsEnergyMinutes =527028
iUsingEnergyWhenGridNeedsEnergyMinutes =1020
iGeneratingEnergyWhenGridHasExcessEnergyMinutes = 3813
iUsingEnergyWhenGridHasExcessEnergyMinutes = 38
iIdleWhenGridDoesNotNeedEnergyMinutes = 42229
iIdleWhenGridNeedsEnergyMinutes = 4159162
iEnergyPriceIsZeroMinutes = 240
harvester.getEnergyHarvestedAVAILABLEKilowattHours( ): 1.493492915E7
harvester.getEnergyHarvestedKilowattHours(): 4007557.698888804
The y-int is 28
Energy harvested: 3099823.933610994
iGeneratingEnergyWhenGridNeedsEnergyMinutes =485842
iGeneratingEnergyWhenGridNeedsEnergyMinutes =485842
iUsingEnergyWhenGridNeedsEnergyMinutes =1997
iGeneratingEnergyWhenGridHasExcessEnergyMinutes = 6905
iUsingEnergyWhenGridHasExcessEnergyMinutes = 58
iIdleWhenGridDoesNotNeedEnergyMinutes = 39117
iIdleWhenGridNeedsEnergyMinutes = 4199371
iEnergyPriceIsZeroMinutes = 240
harvester.getEnergyHarvestedAVAILABLEKilowattHours( ): 1.493492915E7
harvester.getEnergyHarvestedKilowattHours(): 3099823.933610994
The y-int is 38
Energy harvested: 3099823.933610994
iGeneratingEnergyWhenGridNeedsEnergyMinutes =485842
iGeneratingEnergyWhenGridNeedsEnergyMinutes =485842
iUsingEnergyWhenGridNeedsEnergyMinutes =1997
iGeneratingEnergyWhenGridHasExcessEnergyMinutes = 6905
iUsingEnergyWhenGridHasExcessEnergyMinutes = 58
iIdleWhenGridDoesNotNeedEnergyMinutes = 39117
iIdleWhenGridNeedsEnergyMinutes = 4199371
iEnergyPriceIsZeroMinutes = 240
harvester.getEnergyHarvestedAVAILABLEKilowattHours( ): 1.493492915E7
harvester.getEnergyHarvestedKilowattHours(): 3099823.933610994
The running average is 61
The y-int is 8
Energy harvested: 3092773.217777659
iGeneratingEnergyWhenGridNeedsEnergyMinutes =500963
iGeneratingEnergyWhenGridNeedsEnergyMinutes =500963
iUsingEnergyWhenGridNeedsEnergyMinutes =1726
iGeneratingEnergyWhenGridHasExcessEnergyMinutes = 5476
iUsingEnergyWhenGridHasExcessEnergyMinutes = 99
iIdleWhenGridDoesNotNeedEnergyMinutes = 40505
iIdleWhenGridNeedsEnergyMinutes = 4184521
iEnergyPriceIsZeroMinutes = 240
harvester.getEnergyHarvestedAVAILABLEKilowattHours( ): 1.493492915E7
harvester.getEnergyHarvestedKilowattHours(): 3092773.217777659
The y-int is 18
Energy harvested: 3886606.001944328
iGeneratingEnergyWhenGridNeedsEnergyMinutes =517608
iGeneratingEnergyWhenGridNeedsEnergyMinutes =517608
iUsingEnergyWhenGridNeedsEnergyMinutes =1190
iGeneratingEnergyWhenGridHasExcessEnergyMinutes = 3786
iUsingEnergyWhenGridHasExcessEnergyMinutes = 38
iIdleWhenGridDoesNotNeedEnergyMinutes = 42256
iIdleWhenGridNeedsEnergyMinutes = 4168412
iEnergyPriceIsZeroMinutes = 240
harvester.getEnergyHarvestedAVAILABLEKilowattHours( ): 1.493492915E7
harvester.getEnergyHarvestedKilowattHours(): 3886606.001944328
The y-int is 28
Energy harvested: 3099823.933610994
iGeneratingEnergyWhenGridNeedsEnergyMinutes =485842
iGeneratingEnergyWhenGridNeedsEnergyMinutes =485842
iUsingEnergyWhenGridNeedsEnergyMinutes =1997
iGeneratingEnergyWhenGridHasExcessEnergyMinutes = 6905
iUsingEnergyWhenGridHasExcessEnergyMinutes = 58
iIdleWhenGridDoesNotNeedEnergyMinutes = 39117
iIdleWhenGridNeedsEnergyMinutes = 4199371
iEnergyPriceIsZeroMinutes = 240
harvester.getEnergyHarvestedAVAILABLEKilowattHours( ): 1.493492915E7
harvester.getEnergyHarvestedKilowattHours(): 3099823.933610994
The y-int is 38
Energy harvested: 3099823.933610994
iGeneratingEnergyWhenGridNeedsEnergyMinutes =485842
iGeneratingEnergyWhenGridNeedsEnergyMinutes =485842
iUsingEnergyWhenGridNeedsEnergyMinutes =1997
iGeneratingEnergyWhenGridHasExcessEnergyMinutes = 6905
iUsingEnergyWhenGridHasExcessEnergyMinutes = 58
iIdleWhenGridDoesNotNeedEnergyMinutes = 39117
iIdleWhenGridNeedsEnergyMinutes = 4199371
iEnergyPriceIsZeroMinutes = 240
harvester.getEnergyHarvestedAVAILABLEKilowattHours( ): 1.493492915E7
harvester.getEnergyHarvestedKilowattHours(): 3099823.933610994
The running average is 91
The y-int is 8
Energy harvested: 3097557.653333209
iGeneratingEnergyWhenGridNeedsEnergyMinutes =501243
iGeneratingEnergyWhenGridNeedsEnergyMinutes =501243
iUsingEnergyWhenGridNeedsEnergyMinutes =1750
iGeneratingEnergyWhenGridHasExcessEnergyMinutes = 5236
iUsingEnergyWhenGridHasExcessEnergyMinutes = 69
iIdleWhenGridDoesNotNeedEnergyMinutes = 40775
iIdleWhenGridNeedsEnergyMinutes = 4184217
iEnergyPriceIsZeroMinutes = 240
harvester.getEnergyHarvestedAVAILABLEKilowattHours( ): 1.493492915E7
harvester.getEnergyHarvestedKilowattHours(): 3097557.653333209
The y-int is 18
Energy harvested: 3824718.428888777
iGeneratingEnergyWhenGridNeedsEnergyMinutes =515983
iGeneratingEnergyWhenGridNeedsEnergyMinutes =515983
iUsingEnergyWhenGridNeedsEnergyMinutes =1211
iGeneratingEnergyWhenGridHasExcessEnergyMinutes = 6092
iUsingEnergyWhenGridHasExcessEnergyMinutes = 38
iIdleWhenGridDoesNotNeedEnergyMinutes = 39950
iIdleWhenGridNeedsEnergyMinutes = 4170016
iEnergyPriceIsZeroMinutes = 240
harvester.getEnergyHarvestedAVAILABLEKilowattHours( ): 1.493492915E7
harvester.getEnergyHarvestedKilowattHours(): 3824718.428888777
The y-int is 28
Energy harvested: 3099823.933610994
iGeneratingEnergyWhenGridNeedsEnergyMinutes =485842
iGeneratingEnergyWhenGridNeedsEnergyMinutes =485842
iUsingEnergyWhenGridNeedsEnergyMinutes =1997
iGeneratingEnergyWhenGridHasExcessEnergyMinutes = 6905
iUsingEnergyWhenGridHasExcessEnergyMinutes = 58
iIdleWhenGridDoesNotNeedEnergyMinutes = 39117
iIdleWhenGridNeedsEnergyMinutes = 4199371
iEnergyPriceIsZeroMinutes = 240
harvester.getEnergyHarvestedAVAILABLEKilowattHours( ): 1.493492915E7
harvester.getEnergyHarvestedKilowattHours(): 3099823.933610994
The y-int is 38
Energy harvested: 3099823.933610994
iGeneratingEnergyWhenGridNeedsEnergyMinutes =485842
iGeneratingEnergyWhenGridNeedsEnergyMinutes =485842
iUsingEnergyWhenGridNeedsEnergyMinutes =1997
iGeneratingEnergyWhenGridHasExcessEnergyMinutes = 6905
iUsingEnergyWhenGridHasExcessEnergyMinutes = 58
iIdleWhenGridDoesNotNeedEnergyMinutes = 39117
iIdleWhenGridNeedsEnergyMinutes = 4199371
iEnergyPriceIsZeroMinutes = 240
harvester.getEnergyHarvestedAVAILABLEKilowattHours( ): 1.493492915E7
harvester.getEnergyHarvestedKilowattHours(): 3099823.933610994
The running average is 121
The y-int is 8
Energy harvested: 3119432.482222098
iGeneratingEnergyWhenGridNeedsEnergyMinutes =503336
iGeneratingEnergyWhenGridNeedsEnergyMinutes =503336
iUsingEnergyWhenGridNeedsEnergyMinutes =1781
iGeneratingEnergyWhenGridHasExcessEnergyMinutes = 5202
iUsingEnergyWhenGridHasExcessEnergyMinutes = 50
iIdleWhenGridDoesNotNeedEnergyMinutes = 40828
iIdleWhenGridNeedsEnergyMinutes = 4182093
iEnergyPriceIsZeroMinutes = 240
harvester.getEnergyHarvestedAVAILABLEKilowattHours( ): 1.493492915E7
harvester.getEnergyHarvestedKilowattHours(): 3119432.482222098
The y-int is 18
Energy harvested: 3805836.226110992
iGeneratingEnergyWhenGridNeedsEnergyMinutes =516389
iGeneratingEnergyWhenGridNeedsEnergyMinutes =516389
iUsingEnergyWhenGridNeedsEnergyMinutes =1280
iGeneratingEnergyWhenGridHasExcessEnergyMinutes = 6058
iUsingEnergyWhenGridHasExcessEnergyMinutes = 38
iIdleWhenGridDoesNotNeedEnergyMinutes = 39984
iIdleWhenGridNeedsEnergyMinutes = 4169541
iEnergyPriceIsZeroMinutes = 240
harvester.getEnergyHarvestedAVAILABLEKilowattHours( ): 1.493492915E7
harvester.getEnergyHarvestedKilowattHours(): 3805836.226110992
The y-int is 28
Energy harvested: 3099823.933610994
iGeneratingEnergyWhenGridNeedsEnergyMinutes =485842
iGeneratingEnergyWhenGridNeedsEnergyMinutes =485842
iUsingEnergyWhenGridNeedsEnergyMinutes =1997
iGeneratingEnergyWhenGridHasExcessEnergyMinutes = 6905
iUsingEnergyWhenGridHasExcessEnergyMinutes = 58
iIdleWhenGridDoesNotNeedEnergyMinutes = 39117
iIdleWhenGridNeedsEnergyMinutes = 4199371
iEnergyPriceIsZeroMinutes = 240
harvester.getEnergyHarvestedAVAILABLEKilowattHours( ): 1.493492915E7
harvester.getEnergyHarvestedKilowattHours(): 3099823.933610994
The y-int is 38
Energy harvested: 3099823.933610994
iGeneratingEnergyWhenGridNeedsEnergyMinutes =485842
iGeneratingEnergyWhenGridNeedsEnergyMinutes =485842
iUsingEnergyWhenGridNeedsEnergyMinutes =1997
iGeneratingEnergyWhenGridHasExcessEnergyMinutes = 6905
iUsingEnergyWhenGridHasExcessEnergyMinutes = 58
iIdleWhenGridDoesNotNeedEnergyMinutes = 39117
iIdleWhenGridNeedsEnergyMinutes = 4199371
iEnergyPriceIsZeroMinutes = 240
harvester.getEnergyHarvestedAVAILABLEKilowattHours( ): 1.493492915E7
harvester.getEnergyHarvestedKilowattHours(): 3099823.933610994
Beginning testing mode:
station,&,y_intercept_for_month_1,&,running_average_size_minutes_for_month_1,&,y_intercept_for_month_2,&,running_average_size_minutes_for_month_2,&,y_intercept_for_month_3,&,running_average_size_minutes_for_month_3,&,y_intercept_for_month_4,&,running_average_size_minutes_for_month_4,&,y_intercept_for_month_5,&,running_average_size_minutes_for_month_5,&,y_intercept_for_month_6,&,running_average_size_minutes_for_month_6,&,y_intercept_for_month_7,&,running_average_size_minutes_for_month_7,&,y_intercept_for_month_8,&,running_average_size_minutes_for_month_8,&,y_intercept_for_month_9,&,running_average_size_minutes_for_month_9,&,y_intercept_for_month_10,&,running_average_size_minutes_for_month_10,&,y_intercept_for_month_11,&,running_average_size_minutes_for_month_11,&,y_intercept_for_month_12,&,running_average_size_minutes_for_month_12,&,dNetNorm,&,dMarketBalancePercentage,&,dMarketNetNorm,
results: KDTW,&,18,&,31,&,18,&,1,&,18,&,1,&,8,&,31,&,28,&,1,&,18,&,1,&,8,&,1,&,8,&,31,&,18,&,1,&,28,&,1,&,28,&,1,&,18,&,1,&,0.2601654068485275,&,0.9418871306441268,&,0.24504644854942143
monthly visible minutes:KDTW,&,2013,&,8672,&,8672,&,8672,&,8672,&,8672,&,8672,&,8672,&,8672,&,8672,&,8672,&,8672,&,8672,&,
monthly visible minutes:KDTW,&,2014,&,8672,&,8672,&,8672,&,8672,&,8672,&,8672,&,8672,&,8672,&,8672,&,8672,&,8672,&,8672,&,
monthly minutes harvester between states:KDTW,&,2013,&,38,&,38,&,38,&,38,&,38,&,38,&,38,&,38,&,38,&,38,&,38,&,38,&,
monthly minutes harvester between states:KDTW,&,2014,&,38,&,38,&,38,&,38,&,38,&,38,&,38,&,38,&,38,&,38,&,38,&,38,&,
station,&,y_intercept_for_month_1,&,running_average_size_minutes_for_month_1,&,y_intercept_for_month_2,&,running_average_size_minutes_for_month_2,&,y_intercept_for_month_3,&,running_average_size_minutes_for_month_3,&,y_intercept_for_month_4,&,running_average_size_minutes_for_month_4,&,y_intercept_for_month_5,&,running_average_size_minutes_for_month_5,&,y_intercept_for_month_6,&,running_average_size_minutes_for_month_6,&,y_intercept_for_month_7,&,running_average_size_minutes_for_month_7,&,y_intercept_for_month_8,&,running_average_size_minutes_for_month_8,&,y_intercept_for_month_9,&,running_average_size_minutes_for_month_9,&,y_intercept_for_month_10,&,running_average_size_minutes_for_month_10,&,y_intercept_for_month_11,&,running_average_size_minutes_for_month_11,&,y_intercept_for_month_12,&,running_average_size_minutes_for_month_12,&,dNetNorm,&,dMarketBalancePercentage,&,dMarketNetNorm,
results: KDTW,&,18,&,31,&,18,&,1,&,18,&,1,&,8,&,31,&,28,&,1,&,18,&,1,&,8,&,1,&,8,&,31,&,18,&,1,&,28,&,1,&,28,&,1,&,18,&,1,&,0.2601654068485275,&,0.9418871306441268,&,0.24504644854942143
monthly visible minutes:KDTW,&,2013,&,8672,&,8672,&,8672,&,8672,&,8672,&,8672,&,8672,&,8672,&,8672,&,8672,&,8672,&,8672,&,
monthly visible minutes:KDTW,&,2014,&,8672,&,8672,&,8672,&,8672,&,8672,&,8672,&,8672,&,8672,&,8672,&,8672,&,8672,&,8672,&,
monthly minutes harvester between states:KDTW,&,2013,&,38,&,38,&,38,&,38,&,38,&,38,&,38,&,38,&,38,&,38,&,38,&,38,&,
monthly minutes harvester between states:KDTW,&,2014,&,38,&,38,&,38,&,38,&,38,&,38,&,38,&,38,&,38,&,38,&,38,&,38,&,
Station: KEUG
abc: The current path is /home/guy/retractable-wind
I have found the property file.
The training windspeed filename is /trainingKEUG2004-2012in.csv
The testing windspeed filename is /testingKEUG2013-2014in.csv
Yes, the station is KEUG
Warning: The bAlsoUsePrediction no longer has any effect
iUsedAllItsAllocatedVisibilityMinutesPerMonth: 8760
Visibility Allocation Minutes:8760
HARVESTER_SIZE_SQM is 6362
Reading file
Success: /Wind turbine power curves - wind turbine power output against wind speed in knots.csv found.
Speed (Knots) = Speed(knots) vs power (kW) , Power (kW) =V90
Speed (Knots) = 0 , Power (kW) =0
Speed (Knots) = 1 , Power (kW) =0
Speed (Knots) = 2 , Power (kW) =0
Speed (Knots) = 3 , Power (kW) =0
Speed (Knots) = 4 , Power (kW) =0
Speed (Knots) = 5 , Power (kW) =0
Speed (Knots) = 6 , Power (kW) =0
Speed (Knots) = 7 , Power (kW) =38
Speed (Knots) = 8 , Power (kW) =87
Speed (Knots) = 9 , Power (kW) =141
Speed (Knots) = 10 , Power (kW) =207
Speed (Knots) = 11 , Power (kW) =286
Speed (Knots) = 12 , Power (kW) =382
Speed (Knots) = 13 , Power (kW) =496
Speed (Knots) = 14 , Power (kW) =628
Speed (Knots) = 15 , Power (kW) =781
Speed (Knots) = 16 , Power (kW) =957
Speed (Knots) = 17 , Power (kW) =1153
Speed (Knots) = 18 , Power (kW) =1366
Speed (Knots) = 19 , Power (kW) =1589
Speed (Knots) = 20 , Power (kW) =1814
Speed (Knots) = 21 , Power (kW) =2035
Speed (Knots) = 22 , Power (kW) =2250
Speed (Knots) = 23 , Power (kW) =2452
Speed (Knots) = 24 , Power (kW) =2634
Speed (Knots) = 25 , Power (kW) =2784
Speed (Knots) = 26 , Power (kW) =2888
Speed (Knots) = 27 , Power (kW) =2949
Speed (Knots) = 28 , Power (kW) =2980
Speed (Knots) = 29 , Power (kW) =2993
Speed (Knots) = 30 , Power (kW) =3000
Speed (Knots) = 31 , Power (kW) =3000
Speed (Knots) = 32 , Power (kW) =3000
Speed (Knots) = 33 , Power (kW) =3000
Speed (Knots) = 34 , Power (kW) =3000
Speed (Knots) = 35 , Power (kW) =3000
Speed (Knots) = 36 , Power (kW) =3000
Speed (Knots) = 37 , Power (kW) =3000
Speed (Knots) = 38 , Power (kW) =3000
Speed (Knots) = 39 , Power (kW) =3000
Speed (Knots) = 40 , Power (kW) =3000
Speed (Knots) = 41 , Power (kW) =3000
Speed (Knots) = 42 , Power (kW) =3000
Speed (Knots) = 43 , Power (kW) =3000
Speed (Knots) = 44 , Power (kW) =3000
Speed (Knots) = 45 , Power (kW) =3000
Speed (Knots) = 46 , Power (kW) =3000
Speed (Knots) = 47 , Power (kW) =3000
Speed (Knots) = 48 , Power (kW) =3000
Speed (Knots) = 49 , Power (kW) =0
Speed (Knots) = 50 , Power (kW) =0
Speed (Knots) = 51 , Power (kW) =0
Speed (Knots) = 52 , Power (kW) =0
Speed (Knots) = 53 , Power (kW) =0
Speed (Knots) = 54 , Power (kW) =0
Speed (Knots) = 55 , Power (kW) =0
Speed (Knots) = 56 , Power (kW) =0
Speed (Knots) = 57 , Power (kW) =0
Speed (Knots) = 58 , Power (kW) =0
Speed (Knots) = 59 , Power (kW) =0
Speed (Knots) = 60 , Power (kW) =0
The scale is 1.0
Wind power at 10 knots in kilowatts is 207.0
Wind power in-cut-out test 0.0
Aging
Class name:edu.pitt.cs.people.guy.wind.benchmarks.Aging
Success: /Noise_Allowed_Time_Definitions_All_Stations.csv found.
The station is the record is KEUG
Success: /Noise_Allowed_Time_Definitions_All_Stations.csv found.
The station is the record is KEUG
I have found the membership file for NOT WINDY.
Windspeed (knots) [0,1), Membership Value =1.00000000,1.0
Windspeed (knots) [1,2), Membership Value =0.99982703,0.999827
Windspeed (knots) [2,3), Membership Value =0.99783840,0.9978384
Windspeed (knots) [3,4), Membership Value =0.99012511,0.9901251
Windspeed (knots) [4,5), Membership Value =0.97115019,0.9711502
Windspeed (knots) [5,6), Membership Value =0.93424135,0.93424135
Windspeed (knots) [6,7), Membership Value =0.87862914,0.87862915
Windspeed (knots) [7,8), Membership Value =0.80433593,0.80433595
Windspeed (knots) [8,9), Membership Value =0.71481927,0.71481925
Windspeed (knots) [9,10), Membership Value =0.61418090,0.6141809
Windspeed (knots) [10,11), Membership Value =0.50332803,0.503328
Windspeed (knots) [11,12), Membership Value =0.38900127,0.38900128
Windspeed (knots) [12,13), Membership Value =0.27898620,0.2789862
Windspeed (knots) [13,14), Membership Value =0.17851534,0.17851534
Windspeed (knots) [14,15), Membership Value =0.08885353,0.08885353
Windspeed (knots) [15,16), Membership Value =0.01449242,0.01449242
Windspeed (knots) [16,17), Membership Value =0.00000000,0.0
Windspeed (knots) [17,18), Membership Value =0.00000000,0.0
Windspeed (knots) [18,19), Membership Value =0.00000000,0.0
Windspeed (knots) [19,20), Membership Value =0.00000000,0.0
Windspeed (knots) [20,21), Membership Value =0.00000000,0.0
Windspeed (knots) [21,22), Membership Value =0.00000000,0.0
Windspeed (knots) [22,23), Membership Value =0.00000000,0.0
Windspeed (knots) [23,24), Membership Value =0.00000000,0.0
Windspeed (knots) [24,25), Membership Value =0.00000000,0.0
Windspeed (knots) [25,26), Membership Value =0.00000000,0.0
Windspeed (knots) [26,27), Membership Value =0.00000000,0.0
Windspeed (knots) [27,28), Membership Value =0.00000000,0.0
Windspeed (knots) [28,29), Membership Value =0.00000000,0.0
Windspeed (knots) [29,30), Membership Value =0.00000000,0.0
Windspeed (knots) [30,31), Membership Value =0.00000000,0.0
Windspeed (knots) [31,32), Membership Value =0.00000000,0.0
Windspeed (knots) [32,33), Membership Value =0.00000000,0.0
Windspeed (knots) [33,34), Membership Value =0.00000000,0.0
Windspeed (knots) [34,35), Membership Value =0.00000000,0.0
Windspeed (knots) [35,36), Membership Value =0.00000000,0.0
Windspeed (knots) [36,37), Membership Value =0.00000000,0.0
Windspeed (knots) [37,38), Membership Value =0.00000000,0.0
Windspeed (knots) [38,39), Membership Value =0.00000000,0.0
Windspeed (knots) [39,40), Membership Value =0.00000000,0.0
Windspeed (knots) [40,41), Membership Value =0.00000000,0.0
Windspeed (knots) [41,42), Membership Value =0.00000000,0.0
Windspeed (knots) [42,43), Membership Value =0.00000000,0.0
Windspeed (knots) [43,44), Membership Value =0.00000000,0.0
Windspeed (knots) [44,45), Membership Value =0.00000000,0.0
Windspeed (knots) [45,46), Membership Value =0.00000000,0.0
Windspeed (knots) [46,47), Membership Value =0.00000000,0.0
Windspeed (knots) [47,48), Membership Value =0.00000000,0.0
Windspeed (knots) [48,49), Membership Value =0.00000000,0.0
Windspeed (knots) [49,50), Membership Value =0.00000000,0.0
Windspeed (knots) [50,51), Membership Value =0.00000000,0.0
Windspeed (knots) [51,52), Membership Value =0.00000000,0.0
Windspeed (knots) [52,53), Membership Value =0.00000000,0.0
Windspeed (knots) [53,54), Membership Value =0.00000000,0.0
Windspeed (knots) [54,55), Membership Value =0.00000000,0.0
Windspeed (knots) [55,56), Membership Value =0.00000000,0.0
Windspeed (knots) [56,57), Membership Value =0.00000000,0.0
Windspeed (knots) [57,58), Membership Value =0.00000000,0.0
Windspeed (knots) [58,59), Membership Value =0.00000000,0.0
Windspeed (knots) [59,60), Membership Value =0.00000000,0.0
Windspeed (knots) [60,61), Membership Value =0.00000000,0.0
Windspeed (knots) [61,62), Membership Value =0.00000000,0.0
Windspeed (knots) [62,63), Membership Value =0.00000000,0.0
Windspeed (knots) [63,64), Membership Value =0.00000000,0.0
Windspeed (knots) [64,65), Membership Value =0.00000000,0.0
Windspeed (knots) [65,66), Membership Value =0.00000000,0.0
Windspeed (knots) [66,67), Membership Value =0.00000000,0.0
Windspeed (knots) [67,68), Membership Value =0.00000000,0.0
Windspeed (knots) [68,69), Membership Value =0.00000000,0.0
Windspeed (knots) [69,70), Membership Value =0.00000000,0.0
Windspeed (knots) [70,71), Membership Value =0.00000000,0.0
Windspeed (knots) [71,72), Membership Value =0.00000000,0.0
Windspeed (knots) [72,73), Membership Value =0.00000000,0.0
Windspeed (knots) [73,74), Membership Value =0.00000000,0.0
Windspeed (knots) [74,75), Membership Value =0.00000000,0.0
Windspeed (knots) [75,76), Membership Value =0.00000000,0.0
Windspeed (knots) [76,77), Membership Value =0.00000000,0.0
Windspeed (knots) [77,78), Membership Value =0.00000000,0.0
Windspeed (knots) [78,79), Membership Value =0.00000000,0.0
Windspeed (knots) [79,80), Membership Value =0.00000000,0.0
Windspeed (knots) [80,81), Membership Value =0.00000000,0.0
Windspeed (knots) [81,82), Membership Value =0.00000000,0.0
Windspeed (knots) [82,83), Membership Value =0.00000000,0.0
Windspeed (knots) [83,84), Membership Value =0.00000000,0.0
Windspeed (knots) [84,85), Membership Value =0.00000000,0.0
Windspeed (knots) [85,86), Membership Value =0.00000000,0.0
Windspeed (knots) [86,87), Membership Value =0.00000000,0.0
Windspeed (knots) [87,88), Membership Value =0.00000000,0.0
Windspeed (knots) [88,89), Membership Value =0.00000000,0.0
Windspeed (knots) [89,90), Membership Value =0.00000000,0.0
Windspeed (knots) [90,91), Membership Value =0.00000000,0.0
Windspeed (knots) [91,92), Membership Value =0.00000000,0.0
Windspeed (knots) [92,93), Membership Value =0.00000000,0.0
Windspeed (knots) [93,94), Membership Value =0.00000000,0.0
Windspeed (knots) [94,95), Membership Value =0.00000000,0.0
Windspeed (knots) [95,96), Membership Value =0.00000000,0.0
Windspeed (knots) [96,97), Membership Value =0.00000000,0.0
Windspeed (knots) [97,98), Membership Value =0.00000000,0.0
Windspeed (knots) [98,99), Membership Value =0.00000000,0.0
Windspeed (knots) [99,100), Membership Value =0.00000000,0.0
Windspeed (knots) [100,101), Membership Value =0.00000000,0.0
Windspeed (knots) [101,102), Membership Value =0.00000000,0.0
Windspeed (knots) [102,103), Membership Value =0.00000000,0.0
Windspeed (knots) [103,104), Membership Value =0.00000000,0.0
Windspeed (knots) [104,105), Membership Value =0.00000000,0.0
Windspeed (knots) [105,106), Membership Value =0.00000000,0.0
Windspeed (knots) [106,107), Membership Value =0.00000000,0.0
Windspeed (knots) [107,108), Membership Value =0.00000000,0.0
Windspeed (knots) [108,109), Membership Value =0.00000000,0.0
Windspeed (knots) [109,110), Membership Value =0.00000000,0.0
Windspeed (knots) [110,111), Membership Value =0.00000000,0.0
Windspeed (knots) [111,112), Membership Value =0.00000000,0.0
Windspeed (knots) [112,113), Membership Value =0.00000000,0.0
Windspeed (knots) [113,114), Membership Value =0.00000000,0.0
Windspeed (knots) [114,115), Membership Value =0.00000000,0.0
Windspeed (knots) [115,116), Membership Value =0.00000000,0.0
Windspeed (knots) [116,117), Membership Value =0.00000000,0.0
Windspeed (knots) [117,118), Membership Value =0.00000000,0.0
Windspeed (knots) [118,119), Membership Value =0.00000000,0.0
Windspeed (knots) [119,120), Membership Value =0.00000000,0.0
Windspeed (knots) [120,121), Membership Value =0.00000000,0.0
Windspeed (knots) [121,122), Membership Value =0.00000000,0.0
Windspeed (knots) [122,123), Membership Value =0.00000000,0.0
Windspeed (knots) [123,124), Membership Value =0.00000000,0.0
Windspeed (knots) [124,125), Membership Value =0.00000000,0.0
LowestWindspeedThatIsWindyKnots for station KEUG is 6 knots.
Transition limited :true
bUseWeatherPrediction: true
The running average is 1
The y-int is 6
Energy harvested: 1455673.2880555796
iGeneratingEnergyWhenGridNeedsEnergyMinutes =350741
iGeneratingEnergyWhenGridNeedsEnergyMinutes =350741
iUsingEnergyWhenGridNeedsEnergyMinutes =2009
iGeneratingEnergyWhenGridHasExcessEnergyMinutes = 2932
iUsingEnergyWhenGridHasExcessEnergyMinutes = 78
iIdleWhenGridDoesNotNeedEnergyMinutes = 43070
iIdleWhenGridNeedsEnergyMinutes = 4335646
iEnergyPriceIsZeroMinutes = 240
harvester.getEnergyHarvestedAVAILABLEKilowattHours( ): 7234854.416666667
harvester.getEnergyHarvestedKilowattHours(): 1455673.2880555796
The y-int is 16
Energy harvested: 2154177.1775000114
iGeneratingEnergyWhenGridNeedsEnergyMinutes =406405
iGeneratingEnergyWhenGridNeedsEnergyMinutes =406405
iUsingEnergyWhenGridNeedsEnergyMinutes =890
iGeneratingEnergyWhenGridHasExcessEnergyMinutes = 1762
iUsingEnergyWhenGridHasExcessEnergyMinutes = 0
iIdleWhenGridDoesNotNeedEnergyMinutes = 44318
iIdleWhenGridNeedsEnergyMinutes = 4281101
iEnergyPriceIsZeroMinutes = 240
harvester.getEnergyHarvestedAVAILABLEKilowattHours( ): 7234854.416666667
harvester.getEnergyHarvestedKilowattHours(): 2154177.1775000114
The y-int is 26
Energy harvested: 1611520.5869444695
iGeneratingEnergyWhenGridNeedsEnergyMinutes =353249
iGeneratingEnergyWhenGridNeedsEnergyMinutes =353249
iUsingEnergyWhenGridNeedsEnergyMinutes =2016
iGeneratingEnergyWhenGridHasExcessEnergyMinutes = 2984
iUsingEnergyWhenGridHasExcessEnergyMinutes = 40
iIdleWhenGridDoesNotNeedEnergyMinutes = 43056
iIdleWhenGridNeedsEnergyMinutes = 4333131
iEnergyPriceIsZeroMinutes = 240
harvester.getEnergyHarvestedAVAILABLEKilowattHours( ): 7234854.416666667
harvester.getEnergyHarvestedKilowattHours(): 1611520.5869444695
The y-int is 36
Energy harvested: 1562379.4361111373
iGeneratingEnergyWhenGridNeedsEnergyMinutes =349721
iGeneratingEnergyWhenGridNeedsEnergyMinutes =349721
iUsingEnergyWhenGridNeedsEnergyMinutes =2079
iGeneratingEnergyWhenGridHasExcessEnergyMinutes = 2999
iUsingEnergyWhenGridHasExcessEnergyMinutes = 40
iIdleWhenGridDoesNotNeedEnergyMinutes = 43041
iIdleWhenGridNeedsEnergyMinutes = 4336596
iEnergyPriceIsZeroMinutes = 240
harvester.getEnergyHarvestedAVAILABLEKilowattHours( ): 7234854.416666667
harvester.getEnergyHarvestedKilowattHours(): 1562379.4361111373
The running average is 31
The y-int is 6
Energy harvested: 1468667.4772222457
iGeneratingEnergyWhenGridNeedsEnergyMinutes =352638
iGeneratingEnergyWhenGridNeedsEnergyMinutes =352638
iUsingEnergyWhenGridNeedsEnergyMinutes =1982
iGeneratingEnergyWhenGridHasExcessEnergyMinutes = 2918
iUsingEnergyWhenGridHasExcessEnergyMinutes = 79
iIdleWhenGridDoesNotNeedEnergyMinutes = 43083
iIdleWhenGridNeedsEnergyMinutes = 4333776
iEnergyPriceIsZeroMinutes = 240
harvester.getEnergyHarvestedAVAILABLEKilowattHours( ): 7234854.416666667
harvester.getEnergyHarvestedKilowattHours(): 1468667.4772222457
The y-int is 16
Energy harvested: 1890080.3102777964
iGeneratingEnergyWhenGridNeedsEnergyMinutes =372291
iGeneratingEnergyWhenGridNeedsEnergyMinutes =372291
iUsingEnergyWhenGridNeedsEnergyMinutes =1520
iGeneratingEnergyWhenGridHasExcessEnergyMinutes = 3654
iUsingEnergyWhenGridHasExcessEnergyMinutes = 40
iIdleWhenGridDoesNotNeedEnergyMinutes = 42386
iIdleWhenGridNeedsEnergyMinutes = 4314585
iEnergyPriceIsZeroMinutes = 240
harvester.getEnergyHarvestedAVAILABLEKilowattHours( ): 7234854.416666667
harvester.getEnergyHarvestedKilowattHours(): 1890080.3102777964
The y-int is 26
Energy harvested: 1558950.5000000263
iGeneratingEnergyWhenGridNeedsEnergyMinutes =349366
iGeneratingEnergyWhenGridNeedsEnergyMinutes =349366
iUsingEnergyWhenGridNeedsEnergyMinutes =2069
iGeneratingEnergyWhenGridHasExcessEnergyMinutes = 2999
iUsingEnergyWhenGridHasExcessEnergyMinutes = 60
iIdleWhenGridDoesNotNeedEnergyMinutes = 43021
iIdleWhenGridNeedsEnergyMinutes = 4336961
iEnergyPriceIsZeroMinutes = 240
harvester.getEnergyHarvestedAVAILABLEKilowattHours( ): 7234854.416666667
harvester.getEnergyHarvestedKilowattHours(): 1558950.5000000263
The y-int is 36
Energy harvested: 1558950.5000000263
iGeneratingEnergyWhenGridNeedsEnergyMinutes =349366
iGeneratingEnergyWhenGridNeedsEnergyMinutes =349366
iUsingEnergyWhenGridNeedsEnergyMinutes =2069
iGeneratingEnergyWhenGridHasExcessEnergyMinutes = 2999
iUsingEnergyWhenGridHasExcessEnergyMinutes = 60
iIdleWhenGridDoesNotNeedEnergyMinutes = 43021
iIdleWhenGridNeedsEnergyMinutes = 4336961
iEnergyPriceIsZeroMinutes = 240
harvester.getEnergyHarvestedAVAILABLEKilowattHours( ): 7234854.416666667
harvester.getEnergyHarvestedKilowattHours(): 1558950.5000000263
The running average is 61
The y-int is 6
Energy harvested: 1483525.9780555787
iGeneratingEnergyWhenGridNeedsEnergyMinutes =356425
iGeneratingEnergyWhenGridNeedsEnergyMinutes =356425
iUsingEnergyWhenGridNeedsEnergyMinutes =1931
iGeneratingEnergyWhenGridHasExcessEnergyMinutes = 2899
iUsingEnergyWhenGridHasExcessEnergyMinutes = 58
iIdleWhenGridDoesNotNeedEnergyMinutes = 43123
iIdleWhenGridNeedsEnergyMinutes = 4330040
iEnergyPriceIsZeroMinutes = 240
harvester.getEnergyHarvestedAVAILABLEKilowattHours( ): 7234854.416666667
harvester.getEnergyHarvestedKilowattHours(): 1483525.9780555787
The y-int is 16
Energy harvested: 1848598.2633333537
iGeneratingEnergyWhenGridNeedsEnergyMinutes =369778
iGeneratingEnergyWhenGridNeedsEnergyMinutes =369778
iUsingEnergyWhenGridNeedsEnergyMinutes =1608
iGeneratingEnergyWhenGridHasExcessEnergyMinutes = 3654
iUsingEnergyWhenGridHasExcessEnergyMinutes = 60
iIdleWhenGridDoesNotNeedEnergyMinutes = 42366
iIdleWhenGridNeedsEnergyMinutes = 4317010
iEnergyPriceIsZeroMinutes = 240
harvester.getEnergyHarvestedAVAILABLEKilowattHours( ): 7234854.416666667
harvester.getEnergyHarvestedKilowattHours(): 1848598.2633333537
The y-int is 26
Energy harvested: 1558950.5000000263
iGeneratingEnergyWhenGridNeedsEnergyMinutes =349366
iGeneratingEnergyWhenGridNeedsEnergyMinutes =349366
iUsingEnergyWhenGridNeedsEnergyMinutes =2069
iGeneratingEnergyWhenGridHasExcessEnergyMinutes = 2999
iUsingEnergyWhenGridHasExcessEnergyMinutes = 60
iIdleWhenGridDoesNotNeedEnergyMinutes = 43021
iIdleWhenGridNeedsEnergyMinutes = 4336961
iEnergyPriceIsZeroMinutes = 240
harvester.getEnergyHarvestedAVAILABLEKilowattHours( ): 7234854.416666667
harvester.getEnergyHarvestedKilowattHours(): 1558950.5000000263
The y-int is 36
Energy harvested: 1558950.5000000263
iGeneratingEnergyWhenGridNeedsEnergyMinutes =349366
iGeneratingEnergyWhenGridNeedsEnergyMinutes =349366
iUsingEnergyWhenGridNeedsEnergyMinutes =2069
iGeneratingEnergyWhenGridHasExcessEnergyMinutes = 2999
iUsingEnergyWhenGridHasExcessEnergyMinutes = 60
iIdleWhenGridDoesNotNeedEnergyMinutes = 43021
iIdleWhenGridNeedsEnergyMinutes = 4336961
iEnergyPriceIsZeroMinutes = 240
harvester.getEnergyHarvestedAVAILABLEKilowattHours( ): 7234854.416666667
harvester.getEnergyHarvestedKilowattHours(): 1558950.5000000263
The running average is 91
The y-int is 6
Energy harvested: 1491341.1280555788
iGeneratingEnergyWhenGridNeedsEnergyMinutes =357456
iGeneratingEnergyWhenGridNeedsEnergyMinutes =357456
iUsingEnergyWhenGridNeedsEnergyMinutes =1938
iGeneratingEnergyWhenGridHasExcessEnergyMinutes = 2884
iUsingEnergyWhenGridHasExcessEnergyMinutes = 39
iIdleWhenGridDoesNotNeedEnergyMinutes = 43157
iIdleWhenGridNeedsEnergyMinutes = 4329002
iEnergyPriceIsZeroMinutes = 240
harvester.getEnergyHarvestedAVAILABLEKilowattHours( ): 7234854.416666667
harvester.getEnergyHarvestedKilowattHours(): 1491341.1280555788
The y-int is 16
Energy harvested: 1805445.8216666873
iGeneratingEnergyWhenGridNeedsEnergyMinutes =367354
iGeneratingEnergyWhenGridNeedsEnergyMinutes =367354
iUsingEnergyWhenGridNeedsEnergyMinutes =1638
iGeneratingEnergyWhenGridHasExcessEnergyMinutes = 3654
iUsingEnergyWhenGridHasExcessEnergyMinutes = 60
iIdleWhenGridDoesNotNeedEnergyMinutes = 42366
iIdleWhenGridNeedsEnergyMinutes = 4319404
iEnergyPriceIsZeroMinutes = 240
harvester.getEnergyHarvestedAVAILABLEKilowattHours( ): 7234854.416666667
harvester.getEnergyHarvestedKilowattHours(): 1805445.8216666873
The y-int is 26
Energy harvested: 1558950.5000000263
iGeneratingEnergyWhenGridNeedsEnergyMinutes =349366
iGeneratingEnergyWhenGridNeedsEnergyMinutes =349366
iUsingEnergyWhenGridNeedsEnergyMinutes =2069
iGeneratingEnergyWhenGridHasExcessEnergyMinutes = 2999
iUsingEnergyWhenGridHasExcessEnergyMinutes = 60
iIdleWhenGridDoesNotNeedEnergyMinutes = 43021
iIdleWhenGridNeedsEnergyMinutes = 4336961
iEnergyPriceIsZeroMinutes = 240
harvester.getEnergyHarvestedAVAILABLEKilowattHours( ): 7234854.416666667
harvester.getEnergyHarvestedKilowattHours(): 1558950.5000000263
The y-int is 36
Energy harvested: 1558950.5000000263
iGeneratingEnergyWhenGridNeedsEnergyMinutes =349366
iGeneratingEnergyWhenGridNeedsEnergyMinutes =349366
iUsingEnergyWhenGridNeedsEnergyMinutes =2069
iGeneratingEnergyWhenGridHasExcessEnergyMinutes = 2999
iUsingEnergyWhenGridHasExcessEnergyMinutes = 60
iIdleWhenGridDoesNotNeedEnergyMinutes = 43021
iIdleWhenGridNeedsEnergyMinutes = 4336961
iEnergyPriceIsZeroMinutes = 240
harvester.getEnergyHarvestedAVAILABLEKilowattHours( ): 7234854.416666667
harvester.getEnergyHarvestedKilowattHours(): 1558950.5000000263
The running average is 121
The y-int is 6
Energy harvested: 1490843.875833357
iGeneratingEnergyWhenGridNeedsEnergyMinutes =357158
iGeneratingEnergyWhenGridNeedsEnergyMinutes =357158
iUsingEnergyWhenGridNeedsEnergyMinutes =1925
iGeneratingEnergyWhenGridHasExcessEnergyMinutes = 2841
iUsingEnergyWhenGridHasExcessEnergyMinutes = 61
iIdleWhenGridDoesNotNeedEnergyMinutes = 43178
iIdleWhenGridNeedsEnergyMinutes = 4329313
iEnergyPriceIsZeroMinutes = 240
harvester.getEnergyHarvestedAVAILABLEKilowattHours( ): 7234854.416666667
harvester.getEnergyHarvestedKilowattHours(): 1490843.875833357
The y-int is 16
Energy harvested: 1775154.7338889113
iGeneratingEnergyWhenGridNeedsEnergyMinutes =364067
iGeneratingEnergyWhenGridNeedsEnergyMinutes =364067
iUsingEnergyWhenGridNeedsEnergyMinutes =1712
iGeneratingEnergyWhenGridHasExcessEnergyMinutes = 3654
iUsingEnergyWhenGridHasExcessEnergyMinutes = 60
iIdleWhenGridDoesNotNeedEnergyMinutes = 42366
iIdleWhenGridNeedsEnergyMinutes = 4322617
iEnergyPriceIsZeroMinutes = 240
harvester.getEnergyHarvestedAVAILABLEKilowattHours( ): 7234854.416666667
harvester.getEnergyHarvestedKilowattHours(): 1775154.7338889113
The y-int is 26
Energy harvested: 1558950.5000000263
iGeneratingEnergyWhenGridNeedsEnergyMinutes =349366
iGeneratingEnergyWhenGridNeedsEnergyMinutes =349366
iUsingEnergyWhenGridNeedsEnergyMinutes =2069
iGeneratingEnergyWhenGridHasExcessEnergyMinutes = 2999
iUsingEnergyWhenGridHasExcessEnergyMinutes = 60
iIdleWhenGridDoesNotNeedEnergyMinutes = 43021
iIdleWhenGridNeedsEnergyMinutes = 4336961
iEnergyPriceIsZeroMinutes = 240
harvester.getEnergyHarvestedAVAILABLEKilowattHours( ): 7234854.416666667
harvester.getEnergyHarvestedKilowattHours(): 1558950.5000000263
The y-int is 36
Energy harvested: 1558950.5000000263
iGeneratingEnergyWhenGridNeedsEnergyMinutes =349366
iGeneratingEnergyWhenGridNeedsEnergyMinutes =349366
iUsingEnergyWhenGridNeedsEnergyMinutes =2069
iGeneratingEnergyWhenGridHasExcessEnergyMinutes = 2999
iUsingEnergyWhenGridHasExcessEnergyMinutes = 60
iIdleWhenGridDoesNotNeedEnergyMinutes = 43021
iIdleWhenGridNeedsEnergyMinutes = 4336961
iEnergyPriceIsZeroMinutes = 240
harvester.getEnergyHarvestedAVAILABLEKilowattHours( ): 7234854.416666667
harvester.getEnergyHarvestedKilowattHours(): 1558950.5000000263
Beginning testing mode:
station,&,y_intercept_for_month_1,&,running_average_size_minutes_for_month_1,&,y_intercept_for_month_2,&,running_average_size_minutes_for_month_2,&,y_intercept_for_month_3,&,running_average_size_minutes_for_month_3,&,y_intercept_for_month_4,&,running_average_size_minutes_for_month_4,&,y_intercept_for_month_5,&,running_average_size_minutes_for_month_5,&,y_intercept_for_month_6,&,running_average_size_minutes_for_month_6,&,y_intercept_for_month_7,&,running_average_size_minutes_for_month_7,&,y_intercept_for_month_8,&,running_average_size_minutes_for_month_8,&,y_intercept_for_month_9,&,running_average_size_minutes_for_month_9,&,y_intercept_for_month_10,&,running_average_size_minutes_for_month_10,&,y_intercept_for_month_11,&,running_average_size_minutes_for_month_11,&,y_intercept_for_month_12,&,running_average_size_minutes_for_month_12,&,dNetNorm,&,dMarketBalancePercentage,&,dMarketNetNorm,
results: KEUG,&,26,&,1,&,26,&,1,&,26,&,1,&,6,&,91,&,6,&,121,&,16,&,1,&,16,&,1,&,6,&,1,&,16,&,1,&,16,&,61,&,16,&,1,&,16,&,1,&,0.24157049812610487,&,0.951630570077172,&,0.22988587084557158
monthly visible minutes:KEUG,&,2013,&,8672,&,8672,&,8672,&,8672,&,8672,&,8672,&,8672,&,8672,&,8672,&,8672,&,8672,&,8672,&,
monthly visible minutes:KEUG,&,2014,&,8672,&,8672,&,8672,&,8672,&,8672,&,8672,&,8672,&,8672,&,8672,&,8672,&,8672,&,8672,&,
monthly minutes harvester between states:KEUG,&,2013,&,38,&,38,&,38,&,38,&,38,&,38,&,38,&,38,&,38,&,38,&,38,&,38,&,
monthly minutes harvester between states:KEUG,&,2014,&,38,&,38,&,38,&,38,&,38,&,38,&,38,&,38,&,38,&,38,&,38,&,38,&,
station,&,y_intercept_for_month_1,&,running_average_size_minutes_for_month_1,&,y_intercept_for_month_2,&,running_average_size_minutes_for_month_2,&,y_intercept_for_month_3,&,running_average_size_minutes_for_month_3,&,y_intercept_for_month_4,&,running_average_size_minutes_for_month_4,&,y_intercept_for_month_5,&,running_average_size_minutes_for_month_5,&,y_intercept_for_month_6,&,running_average_size_minutes_for_month_6,&,y_intercept_for_month_7,&,running_average_size_minutes_for_month_7,&,y_intercept_for_month_8,&,running_average_size_minutes_for_month_8,&,y_intercept_for_month_9,&,running_average_size_minutes_for_month_9,&,y_intercept_for_month_10,&,running_average_size_minutes_for_month_10,&,y_intercept_for_month_11,&,running_average_size_minutes_for_month_11,&,y_intercept_for_month_12,&,running_average_size_minutes_for_month_12,&,dNetNorm,&,dMarketBalancePercentage,&,dMarketNetNorm,
results: KEUG,&,26,&,1,&,26,&,1,&,26,&,1,&,6,&,91,&,6,&,121,&,16,&,1,&,16,&,1,&,6,&,1,&,16,&,1,&,16,&,61,&,16,&,1,&,16,&,1,&,0.24157049812610487,&,0.951630570077172,&,0.22988587084557158
monthly visible minutes:KEUG,&,2013,&,8672,&,8672,&,8672,&,8672,&,8672,&,8672,&,8672,&,8672,&,8672,&,8672,&,8672,&,8672,&,
monthly visible minutes:KEUG,&,2014,&,8672,&,8672,&,8672,&,8672,&,8672,&,8672,&,8672,&,8672,&,8672,&,8672,&,8672,&,8672,&,
monthly minutes harvester between states:KEUG,&,2013,&,38,&,38,&,38,&,38,&,38,&,38,&,38,&,38,&,38,&,38,&,38,&,38,&,
monthly minutes harvester between states:KEUG,&,2014,&,38,&,38,&,38,&,38,&,38,&,38,&,38,&,38,&,38,&,38,&,38,&,38,&,
Station: KIAH
abc: The current path is /home/guy/retractable-wind
I have found the property file.
The training windspeed filename is /trainingKIAH2004-2012in.csv
The testing windspeed filename is /testingKIAH2013-2014in.csv
Yes, the station is KIAH
Warning: The bAlsoUsePrediction no longer has any effect
iUsedAllItsAllocatedVisibilityMinutesPerMonth: 8760
Visibility Allocation Minutes:8760
HARVESTER_SIZE_SQM is 6362
Reading file
Success: /Wind turbine power curves - wind turbine power output against wind speed in knots.csv found.
Speed (Knots) = Speed(knots) vs power (kW) , Power (kW) =V90
Speed (Knots) = 0 , Power (kW) =0
Speed (Knots) = 1 , Power (kW) =0
Speed (Knots) = 2 , Power (kW) =0
Speed (Knots) = 3 , Power (kW) =0
Speed (Knots) = 4 , Power (kW) =0
Speed (Knots) = 5 , Power (kW) =0
Speed (Knots) = 6 , Power (kW) =0
Speed (Knots) = 7 , Power (kW) =38
Speed (Knots) = 8 , Power (kW) =87
Speed (Knots) = 9 , Power (kW) =141
Speed (Knots) = 10 , Power (kW) =207
Speed (Knots) = 11 , Power (kW) =286
Speed (Knots) = 12 , Power (kW) =382
Speed (Knots) = 13 , Power (kW) =496
Speed (Knots) = 14 , Power (kW) =628
Speed (Knots) = 15 , Power (kW) =781
Speed (Knots) = 16 , Power (kW) =957
Speed (Knots) = 17 , Power (kW) =1153
Speed (Knots) = 18 , Power (kW) =1366
Speed (Knots) = 19 , Power (kW) =1589
Speed (Knots) = 20 , Power (kW) =1814
Speed (Knots) = 21 , Power (kW) =2035
Speed (Knots) = 22 , Power (kW) =2250
Speed (Knots) = 23 , Power (kW) =2452
Speed (Knots) = 24 , Power (kW) =2634
Speed (Knots) = 25 , Power (kW) =2784
Speed (Knots) = 26 , Power (kW) =2888
Speed (Knots) = 27 , Power (kW) =2949
Speed (Knots) = 28 , Power (kW) =2980
Speed (Knots) = 29 , Power (kW) =2993
Speed (Knots) = 30 , Power (kW) =3000
Speed (Knots) = 31 , Power (kW) =3000
Speed (Knots) = 32 , Power (kW) =3000
Speed (Knots) = 33 , Power (kW) =3000
Speed (Knots) = 34 , Power (kW) =3000
Speed (Knots) = 35 , Power (kW) =3000
Speed (Knots) = 36 , Power (kW) =3000
Speed (Knots) = 37 , Power (kW) =3000
Speed (Knots) = 38 , Power (kW) =3000
Speed (Knots) = 39 , Power (kW) =3000
Speed (Knots) = 40 , Power (kW) =3000
Speed (Knots) = 41 , Power (kW) =3000
Speed (Knots) = 42 , Power (kW) =3000
Speed (Knots) = 43 , Power (kW) =3000
Speed (Knots) = 44 , Power (kW) =3000
Speed (Knots) = 45 , Power (kW) =3000
Speed (Knots) = 46 , Power (kW) =3000
Speed (Knots) = 47 , Power (kW) =3000
Speed (Knots) = 48 , Power (kW) =3000
Speed (Knots) = 49 , Power (kW) =0
Speed (Knots) = 50 , Power (kW) =0
Speed (Knots) = 51 , Power (kW) =0
Speed (Knots) = 52 , Power (kW) =0
Speed (Knots) = 53 , Power (kW) =0
Speed (Knots) = 54 , Power (kW) =0
Speed (Knots) = 55 , Power (kW) =0
Speed (Knots) = 56 , Power (kW) =0
Speed (Knots) = 57 , Power (kW) =0
Speed (Knots) = 58 , Power (kW) =0
Speed (Knots) = 59 , Power (kW) =0
Speed (Knots) = 60 , Power (kW) =0
The scale is 1.0
Wind power at 10 knots in kilowatts is 207.0
Wind power in-cut-out test 0.0
Aging
Class name:edu.pitt.cs.people.guy.wind.benchmarks.Aging
Success: /Noise_Allowed_Time_Definitions_All_Stations.csv found.
The station is the record is KIAH
Success: /Noise_Allowed_Time_Definitions_All_Stations.csv found.
The station is the record is KIAH
I have found the membership file for NOT WINDY.
Windspeed (knots) [0,1), Membership Value =1.0000000,1.0
Windspeed (knots) [1,2), Membership Value =0.9999109,0.9999109
Windspeed (knots) [2,3), Membership Value =0.9988756,0.9988756
Windspeed (knots) [3,4), Membership Value =0.9945454,0.9945454
Windspeed (knots) [4,5), Membership Value =0.9829569,0.9829569
Windspeed (knots) [5,6), Membership Value =0.9618849,0.9618849
Windspeed (knots) [6,7), Membership Value =0.9273118,0.9273118
Windspeed (knots) [7,8), Membership Value =0.8764096,0.8764096
Windspeed (knots) [8,9), Membership Value =0.8096443,0.8096443
Windspeed (knots) [9,10), Membership Value =0.7237917,0.7237917
Windspeed (knots) [10,11), Membership Value =0.6274935,0.6274935
Windspeed (knots) [11,12), Membership Value =0.5243565,0.5243565
Windspeed (knots) [12,13), Membership Value =0.4135571,0.4135571
Windspeed (knots) [13,14), Membership Value =0.3044805,0.3044805
Windspeed (knots) [14,15), Membership Value =0.2053706,0.2053706
Windspeed (knots) [15,16), Membership Value =0.1178871,0.1178871
Windspeed (knots) [16,17), Membership Value =0.0430639,0.0430639
Windspeed (knots) [17,18), Membership Value =0.0000000,0.0
Windspeed (knots) [18,19), Membership Value =0.0000000,0.0
Windspeed (knots) [19,20), Membership Value =0.0000000,0.0
Windspeed (knots) [20,21), Membership Value =0.0000000,0.0
Windspeed (knots) [21,22), Membership Value =0.0000000,0.0
Windspeed (knots) [22,23), Membership Value =0.0000000,0.0
Windspeed (knots) [23,24), Membership Value =0.0000000,0.0
Windspeed (knots) [24,25), Membership Value =0.0000000,0.0
Windspeed (knots) [25,26), Membership Value =0.0000000,0.0
Windspeed (knots) [26,27), Membership Value =0.0000000,0.0
Windspeed (knots) [27,28), Membership Value =0.0000000,0.0
Windspeed (knots) [28,29), Membership Value =0.0000000,0.0
Windspeed (knots) [29,30), Membership Value =0.0000000,0.0
Windspeed (knots) [30,31), Membership Value =0.0000000,0.0
Windspeed (knots) [31,32), Membership Value =0.0000000,0.0
Windspeed (knots) [32,33), Membership Value =0.0000000,0.0
Windspeed (knots) [33,34), Membership Value =0.0000000,0.0
Windspeed (knots) [34,35), Membership Value =0.0000000,0.0
Windspeed (knots) [35,36), Membership Value =0.0000000,0.0
Windspeed (knots) [36,37), Membership Value =0.0000000,0.0
Windspeed (knots) [37,38), Membership Value =0.0000000,0.0
Windspeed (knots) [38,39), Membership Value =0.0000000,0.0
Windspeed (knots) [39,40), Membership Value =0.0000000,0.0
Windspeed (knots) [40,41), Membership Value =0.0000000,0.0
Windspeed (knots) [41,42), Membership Value =0.0000000,0.0
Windspeed (knots) [42,43), Membership Value =0.0000000,0.0
Windspeed (knots) [43,44), Membership Value =0.0000000,0.0
Windspeed (knots) [44,45), Membership Value =0.0000000,0.0
Windspeed (knots) [45,46), Membership Value =0.0000000,0.0
Windspeed (knots) [46,47), Membership Value =0.0000000,0.0
Windspeed (knots) [47,48), Membership Value =0.0000000,0.0
Windspeed (knots) [48,49), Membership Value =0.0000000,0.0
Windspeed (knots) [49,50), Membership Value =0.0000000,0.0
Windspeed (knots) [50,51), Membership Value =0.0000000,0.0
Windspeed (knots) [51,52), Membership Value =0.0000000,0.0
Windspeed (knots) [52,53), Membership Value =0.0000000,0.0
Windspeed (knots) [53,54), Membership Value =0.0000000,0.0
Windspeed (knots) [54,55), Membership Value =0.0000000,0.0
Windspeed (knots) [55,56), Membership Value =0.0000000,0.0
Windspeed (knots) [56,57), Membership Value =0.0000000,0.0
Windspeed (knots) [57,58), Membership Value =0.0000000,0.0
Windspeed (knots) [58,59), Membership Value =0.0000000,0.0
Windspeed (knots) [59,60), Membership Value =0.0000000,0.0
Windspeed (knots) [60,61), Membership Value =0.0000000,0.0
Windspeed (knots) [61,62), Membership Value =0.0000000,0.0
Windspeed (knots) [62,63), Membership Value =0.0000000,0.0
Windspeed (knots) [63,64), Membership Value =0.0000000,0.0
Windspeed (knots) [64,65), Membership Value =0.0000000,0.0
Windspeed (knots) [65,66), Membership Value =0.0000000,0.0
Windspeed (knots) [66,67), Membership Value =0.0000000,0.0
Windspeed (knots) [67,68), Membership Value =0.0000000,0.0
Windspeed (knots) [68,69), Membership Value =0.0000000,0.0
Windspeed (knots) [69,70), Membership Value =0.0000000,0.0
Windspeed (knots) [70,71), Membership Value =0.0000000,0.0
Windspeed (knots) [71,72), Membership Value =0.0000000,0.0
Windspeed (knots) [72,73), Membership Value =0.0000000,0.0
Windspeed (knots) [73,74), Membership Value =0.0000000,0.0
Windspeed (knots) [74,75), Membership Value =0.0000000,0.0
Windspeed (knots) [75,76), Membership Value =0.0000000,0.0
Windspeed (knots) [76,77), Membership Value =0.0000000,0.0
Windspeed (knots) [77,78), Membership Value =0.0000000,0.0
Windspeed (knots) [78,79), Membership Value =0.0000000,0.0
Windspeed (knots) [79,80), Membership Value =0.0000000,0.0
Windspeed (knots) [80,81), Membership Value =0.0000000,0.0
Windspeed (knots) [81,82), Membership Value =0.0000000,0.0
Windspeed (knots) [82,83), Membership Value =0.0000000,0.0
Windspeed (knots) [83,84), Membership Value =0.0000000,0.0
Windspeed (knots) [84,85), Membership Value =0.0000000,0.0
Windspeed (knots) [85,86), Membership Value =0.0000000,0.0
Windspeed (knots) [86,87), Membership Value =0.0000000,0.0
Windspeed (knots) [87,88), Membership Value =0.0000000,0.0
Windspeed (knots) [88,89), Membership Value =0.0000000,0.0
Windspeed (knots) [89,90), Membership Value =0.0000000,0.0
Windspeed (knots) [90,91), Membership Value =0.0000000,0.0
Windspeed (knots) [91,92), Membership Value =0.0000000,0.0
Windspeed (knots) [92,93), Membership Value =0.0000000,0.0
Windspeed (knots) [93,94), Membership Value =0.0000000,0.0
Windspeed (knots) [94,95), Membership Value =0.0000000,0.0
Windspeed (knots) [95,96), Membership Value =0.0000000,0.0
Windspeed (knots) [96,97), Membership Value =0.0000000,0.0
Windspeed (knots) [97,98), Membership Value =0.0000000,0.0
Windspeed (knots) [98,99), Membership Value =0.0000000,0.0
Windspeed (knots) [99,100), Membership Value =0.0000000,0.0
Windspeed (knots) [100,101), Membership Value =0.0000000,0.0
Windspeed (knots) [101,102), Membership Value =0.0000000,0.0
Windspeed (knots) [102,103), Membership Value =0.0000000,0.0
Windspeed (knots) [103,104), Membership Value =0.0000000,0.0
Windspeed (knots) [104,105), Membership Value =0.0000000,0.0
Windspeed (knots) [105,106), Membership Value =0.0000000,0.0
Windspeed (knots) [106,107), Membership Value =0.0000000,0.0
Windspeed (knots) [107,108), Membership Value =0.0000000,0.0
Windspeed (knots) [108,109), Membership Value =0.0000000,0.0
Windspeed (knots) [109,110), Membership Value =0.0000000,0.0
Windspeed (knots) [110,111), Membership Value =0.0000000,0.0
Windspeed (knots) [111,112), Membership Value =0.0000000,0.0
Windspeed (knots) [112,113), Membership Value =0.0000000,0.0
Windspeed (knots) [113,114), Membership Value =0.0000000,0.0
Windspeed (knots) [114,115), Membership Value =0.0000000,0.0
Windspeed (knots) [115,116), Membership Value =0.0000000,0.0
Windspeed (knots) [116,117), Membership Value =0.0000000,0.0
Windspeed (knots) [117,118), Membership Value =0.0000000,0.0
Windspeed (knots) [118,119), Membership Value =0.0000000,0.0
Windspeed (knots) [119,120), Membership Value =0.0000000,0.0
Windspeed (knots) [120,121), Membership Value =0.0000000,0.0
Windspeed (knots) [121,122), Membership Value =0.0000000,0.0
Windspeed (knots) [122,123), Membership Value =0.0000000,0.0
Windspeed (knots) [123,124), Membership Value =0.0000000,0.0
Windspeed (knots) [124,125), Membership Value =0.0000000,0.0
LowestWindspeedThatIsWindyKnots for station KIAH is 7 knots.
Transition limited :true
bUseWeatherPrediction: true
The running average is 1
The y-int is 7
Energy harvested: 2123857.3619444715
iGeneratingEnergyWhenGridNeedsEnergyMinutes =426481
iGeneratingEnergyWhenGridNeedsEnergyMinutes =426481
iUsingEnergyWhenGridNeedsEnergyMinutes =1989
iGeneratingEnergyWhenGridHasExcessEnergyMinutes = 5303
iUsingEnergyWhenGridHasExcessEnergyMinutes = 57
iIdleWhenGridDoesNotNeedEnergyMinutes = 40720
iIdleWhenGridNeedsEnergyMinutes = 4259929
iEnergyPriceIsZeroMinutes = 240
harvester.getEnergyHarvestedAVAILABLEKilowattHours( ): 1.0827120133333333E7
harvester.getEnergyHarvestedKilowattHours(): 2123857.3619444715
The y-int is 17
Energy harvested: 2433802.4536111024
iGeneratingEnergyWhenGridNeedsEnergyMinutes =424106
iGeneratingEnergyWhenGridNeedsEnergyMinutes =424106
iUsingEnergyWhenGridNeedsEnergyMinutes =597
iGeneratingEnergyWhenGridHasExcessEnergyMinutes = 3080
iUsingEnergyWhenGridHasExcessEnergyMinutes = 20
iIdleWhenGridDoesNotNeedEnergyMinutes = 42980
iIdleWhenGridNeedsEnergyMinutes = 4263696
iEnergyPriceIsZeroMinutes = 240
harvester.getEnergyHarvestedAVAILABLEKilowattHours( ): 1.0827120133333333E7
harvester.getEnergyHarvestedKilowattHours(): 2433802.4536111024
The y-int is 27
Energy harvested: 2312401.9263889045
iGeneratingEnergyWhenGridNeedsEnergyMinutes =425166
iGeneratingEnergyWhenGridNeedsEnergyMinutes =425166
iUsingEnergyWhenGridNeedsEnergyMinutes =1853
iGeneratingEnergyWhenGridHasExcessEnergyMinutes = 3294
iUsingEnergyWhenGridHasExcessEnergyMinutes = 60
iIdleWhenGridDoesNotNeedEnergyMinutes = 42726
iIdleWhenGridNeedsEnergyMinutes = 4261380
iEnergyPriceIsZeroMinutes = 240
harvester.getEnergyHarvestedAVAILABLEKilowattHours( ): 1.0827120133333333E7
harvester.getEnergyHarvestedKilowattHours(): 2312401.9263889045
The y-int is 37
Energy harvested: 2144646.2136111395
iGeneratingEnergyWhenGridNeedsEnergyMinutes =423254
iGeneratingEnergyWhenGridNeedsEnergyMinutes =423254
iUsingEnergyWhenGridNeedsEnergyMinutes =2018
iGeneratingEnergyWhenGridHasExcessEnergyMinutes = 3294
iUsingEnergyWhenGridHasExcessEnergyMinutes = 60
iIdleWhenGridDoesNotNeedEnergyMinutes = 42726
iIdleWhenGridNeedsEnergyMinutes = 4263127
iEnergyPriceIsZeroMinutes = 240
harvester.getEnergyHarvestedAVAILABLEKilowattHours( ): 1.0827120133333333E7
harvester.getEnergyHarvestedKilowattHours(): 2144646.2136111395
The running average is 31
The y-int is 7
Energy harvested: 2157212.042500026
iGeneratingEnergyWhenGridNeedsEnergyMinutes =433351
iGeneratingEnergyWhenGridNeedsEnergyMinutes =433351
iUsingEnergyWhenGridNeedsEnergyMinutes =1926
iGeneratingEnergyWhenGridHasExcessEnergyMinutes = 5276
iUsingEnergyWhenGridHasExcessEnergyMinutes = 51
iIdleWhenGridDoesNotNeedEnergyMinutes = 40753
iIdleWhenGridNeedsEnergyMinutes = 4253122
iEnergyPriceIsZeroMinutes = 240
harvester.getEnergyHarvestedAVAILABLEKilowattHours( ): 1.0827120133333333E7
harvester.getEnergyHarvestedKilowattHours(): 2157212.042500026
The y-int is 17
Energy harvested: 2493880.1072222022
iGeneratingEnergyWhenGridNeedsEnergyMinutes =424035
iGeneratingEnergyWhenGridNeedsEnergyMinutes =424035
iUsingEnergyWhenGridNeedsEnergyMinutes =1347
iGeneratingEnergyWhenGridHasExcessEnergyMinutes = 2823
iUsingEnergyWhenGridHasExcessEnergyMinutes = 40
iIdleWhenGridDoesNotNeedEnergyMinutes = 43217
iIdleWhenGridNeedsEnergyMinutes = 4263017
iEnergyPriceIsZeroMinutes = 240
harvester.getEnergyHarvestedAVAILABLEKilowattHours( ): 1.0827120133333333E7
harvester.getEnergyHarvestedKilowattHours(): 2493880.1072222022
The y-int is 27
Energy harvested: 2266638.8636111384
iGeneratingEnergyWhenGridNeedsEnergyMinutes =426310
iGeneratingEnergyWhenGridNeedsEnergyMinutes =426310
iUsingEnergyWhenGridNeedsEnergyMinutes =1958
iGeneratingEnergyWhenGridHasExcessEnergyMinutes = 3294
iUsingEnergyWhenGridHasExcessEnergyMinutes = 60
iIdleWhenGridDoesNotNeedEnergyMinutes = 42726
iIdleWhenGridNeedsEnergyMinutes = 4260131
iEnergyPriceIsZeroMinutes = 240
harvester.getEnergyHarvestedAVAILABLEKilowattHours( ): 1.0827120133333333E7
harvester.getEnergyHarvestedKilowattHours(): 2266638.8636111384
The y-int is 37
Energy harvested: 2144646.2136111395
iGeneratingEnergyWhenGridNeedsEnergyMinutes =423254
iGeneratingEnergyWhenGridNeedsEnergyMinutes =423254
iUsingEnergyWhenGridNeedsEnergyMinutes =2018
iGeneratingEnergyWhenGridHasExcessEnergyMinutes = 3294
iUsingEnergyWhenGridHasExcessEnergyMinutes = 60
iIdleWhenGridDoesNotNeedEnergyMinutes = 42726
iIdleWhenGridNeedsEnergyMinutes = 4263127
iEnergyPriceIsZeroMinutes = 240
harvester.getEnergyHarvestedAVAILABLEKilowattHours( ): 1.0827120133333333E7
harvester.getEnergyHarvestedKilowattHours(): 2144646.2136111395
The running average is 61
The y-int is 7
Energy harvested: 2160959.310277804
iGeneratingEnergyWhenGridNeedsEnergyMinutes =433309
iGeneratingEnergyWhenGridNeedsEnergyMinutes =433309
iUsingEnergyWhenGridNeedsEnergyMinutes =1921
iGeneratingEnergyWhenGridHasExcessEnergyMinutes = 5245
iUsingEnergyWhenGridHasExcessEnergyMinutes = 57
iIdleWhenGridDoesNotNeedEnergyMinutes = 40778
iIdleWhenGridNeedsEnergyMinutes = 4253169
iEnergyPriceIsZeroMinutes = 240
harvester.getEnergyHarvestedAVAILABLEKilowattHours( ): 1.0827120133333333E7
harvester.getEnergyHarvestedKilowattHours(): 2160959.310277804
The y-int is 17
Energy harvested: 2459792.191388869
iGeneratingEnergyWhenGridNeedsEnergyMinutes =423426
iGeneratingEnergyWhenGridNeedsEnergyMinutes =423426
iUsingEnergyWhenGridNeedsEnergyMinutes =1525
iGeneratingEnergyWhenGridHasExcessEnergyMinutes = 2897
iUsingEnergyWhenGridHasExcessEnergyMinutes = 40
iIdleWhenGridDoesNotNeedEnergyMinutes = 43143
iIdleWhenGridNeedsEnergyMinutes = 4263448
iEnergyPriceIsZeroMinutes = 240
harvester.getEnergyHarvestedAVAILABLEKilowattHours( ): 1.0827120133333333E7
harvester.getEnergyHarvestedKilowattHours(): 2459792.191388869
The y-int is 27
Energy harvested: 2252729.158055583
iGeneratingEnergyWhenGridNeedsEnergyMinutes =425725
iGeneratingEnergyWhenGridNeedsEnergyMinutes =425725
iUsingEnergyWhenGridNeedsEnergyMinutes =1978
iGeneratingEnergyWhenGridHasExcessEnergyMinutes = 3294
iUsingEnergyWhenGridHasExcessEnergyMinutes = 60
iIdleWhenGridDoesNotNeedEnergyMinutes = 42726
iIdleWhenGridNeedsEnergyMinutes = 4260696
iEnergyPriceIsZeroMinutes = 240
harvester.getEnergyHarvestedAVAILABLEKilowattHours( ): 1.0827120133333333E7
harvester.getEnergyHarvestedKilowattHours(): 2252729.158055583
The y-int is 37
Energy harvested: 2144646.2136111395
iGeneratingEnergyWhenGridNeedsEnergyMinutes =423254
iGeneratingEnergyWhenGridNeedsEnergyMinutes =423254
iUsingEnergyWhenGridNeedsEnergyMinutes =2018
iGeneratingEnergyWhenGridHasExcessEnergyMinutes = 3294
iUsingEnergyWhenGridHasExcessEnergyMinutes = 60
iIdleWhenGridDoesNotNeedEnergyMinutes = 42726
iIdleWhenGridNeedsEnergyMinutes = 4263127
iEnergyPriceIsZeroMinutes = 240
harvester.getEnergyHarvestedAVAILABLEKilowattHours( ): 1.0827120133333333E7
harvester.getEnergyHarvestedKilowattHours(): 2144646.2136111395
The running average is 91
The y-int is 7
Energy harvested: 2160103.3397222487
iGeneratingEnergyWhenGridNeedsEnergyMinutes =434410
iGeneratingEnergyWhenGridNeedsEnergyMinutes =434410
iUsingEnergyWhenGridNeedsEnergyMinutes =1932
iGeneratingEnergyWhenGridHasExcessEnergyMinutes = 5220
iUsingEnergyWhenGridHasExcessEnergyMinutes = 53
iIdleWhenGridDoesNotNeedEnergyMinutes = 40807
iIdleWhenGridNeedsEnergyMinutes = 4252057
iEnergyPriceIsZeroMinutes = 240
harvester.getEnergyHarvestedAVAILABLEKilowattHours( ): 1.0827120133333333E7
harvester.getEnergyHarvestedKilowattHours(): 2160103.3397222487
The y-int is 17
Energy harvested: 2449470.0363888717
iGeneratingEnergyWhenGridNeedsEnergyMinutes =424748
iGeneratingEnergyWhenGridNeedsEnergyMinutes =424748
iUsingEnergyWhenGridNeedsEnergyMinutes =1663
iGeneratingEnergyWhenGridHasExcessEnergyMinutes = 2646
iUsingEnergyWhenGridHasExcessEnergyMinutes = 40
iIdleWhenGridDoesNotNeedEnergyMinutes = 43394
iIdleWhenGridNeedsEnergyMinutes = 4261988
iEnergyPriceIsZeroMinutes = 240
harvester.getEnergyHarvestedAVAILABLEKilowattHours( ): 1.0827120133333333E7
harvester.getEnergyHarvestedKilowattHours(): 2449470.0363888717
The y-int is 27
Energy harvested: 2251294.82472225
iGeneratingEnergyWhenGridNeedsEnergyMinutes =425711
iGeneratingEnergyWhenGridNeedsEnergyMinutes =425711
iUsingEnergyWhenGridNeedsEnergyMinutes =1978
iGeneratingEnergyWhenGridHasExcessEnergyMinutes = 3294
iUsingEnergyWhenGridHasExcessEnergyMinutes = 60
iIdleWhenGridDoesNotNeedEnergyMinutes = 42726
iIdleWhenGridNeedsEnergyMinutes = 4260710
iEnergyPriceIsZeroMinutes = 240
harvester.getEnergyHarvestedAVAILABLEKilowattHours( ): 1.0827120133333333E7
harvester.getEnergyHarvestedKilowattHours(): 2251294.82472225
The y-int is 37
Energy harvested: 2144646.2136111395
iGeneratingEnergyWhenGridNeedsEnergyMinutes =423254
iGeneratingEnergyWhenGridNeedsEnergyMinutes =423254
iUsingEnergyWhenGridNeedsEnergyMinutes =2018
iGeneratingEnergyWhenGridHasExcessEnergyMinutes = 3294
iUsingEnergyWhenGridHasExcessEnergyMinutes = 60
iIdleWhenGridDoesNotNeedEnergyMinutes = 42726
iIdleWhenGridNeedsEnergyMinutes = 4263127
iEnergyPriceIsZeroMinutes = 240
harvester.getEnergyHarvestedAVAILABLEKilowattHours( ): 1.0827120133333333E7
harvester.getEnergyHarvestedKilowattHours(): 2144646.2136111395
The running average is 121
The y-int is 7
Energy harvested: 2165834.9447222482
iGeneratingEnergyWhenGridNeedsEnergyMinutes =434374
iGeneratingEnergyWhenGridNeedsEnergyMinutes =434374
iUsingEnergyWhenGridNeedsEnergyMinutes =1916
iGeneratingEnergyWhenGridHasExcessEnergyMinutes = 5199
iUsingEnergyWhenGridHasExcessEnergyMinutes = 51
iIdleWhenGridDoesNotNeedEnergyMinutes = 40830
iIdleWhenGridNeedsEnergyMinutes = 4252109
iEnergyPriceIsZeroMinutes = 240
harvester.getEnergyHarvestedAVAILABLEKilowattHours( ): 1.0827120133333333E7
harvester.getEnergyHarvestedKilowattHours(): 2165834.9447222482
The y-int is 17
Energy harvested: 2414591.1536111
iGeneratingEnergyWhenGridNeedsEnergyMinutes =421592
iGeneratingEnergyWhenGridNeedsEnergyMinutes =421592
iUsingEnergyWhenGridNeedsEnergyMinutes =1722
iGeneratingEnergyWhenGridHasExcessEnergyMinutes = 2916
iUsingEnergyWhenGridHasExcessEnergyMinutes = 40
iIdleWhenGridDoesNotNeedEnergyMinutes = 43124
iIdleWhenGridNeedsEnergyMinutes = 4265085
iEnergyPriceIsZeroMinutes = 240
harvester.getEnergyHarvestedAVAILABLEKilowattHours( ): 1.0827120133333333E7
harvester.getEnergyHarvestedKilowattHours(): 2414591.1536111
The y-int is 27
Energy harvested: 2249201.3913889164
iGeneratingEnergyWhenGridNeedsEnergyMinutes =425679
iGeneratingEnergyWhenGridNeedsEnergyMinutes =425679
iUsingEnergyWhenGridNeedsEnergyMinutes =1978
iGeneratingEnergyWhenGridHasExcessEnergyMinutes = 3294
iUsingEnergyWhenGridHasExcessEnergyMinutes = 60
iIdleWhenGridDoesNotNeedEnergyMinutes = 42726
iIdleWhenGridNeedsEnergyMinutes = 4260742
iEnergyPriceIsZeroMinutes = 240
harvester.getEnergyHarvestedAVAILABLEKilowattHours( ): 1.0827120133333333E7
harvester.getEnergyHarvestedKilowattHours(): 2249201.3913889164
The y-int is 37
Energy harvested: 2144646.2136111395
iGeneratingEnergyWhenGridNeedsEnergyMinutes =423254
iGeneratingEnergyWhenGridNeedsEnergyMinutes =423254
iUsingEnergyWhenGridNeedsEnergyMinutes =2018
iGeneratingEnergyWhenGridHasExcessEnergyMinutes = 3294
iUsingEnergyWhenGridHasExcessEnergyMinutes = 60
iIdleWhenGridDoesNotNeedEnergyMinutes = 42726
iIdleWhenGridNeedsEnergyMinutes = 4263127
iEnergyPriceIsZeroMinutes = 240
harvester.getEnergyHarvestedAVAILABLEKilowattHours( ): 1.0827120133333333E7
harvester.getEnergyHarvestedKilowattHours(): 2144646.2136111395
Beginning testing mode:
station,&,y_intercept_for_month_1,&,running_average_size_minutes_for_month_1,&,y_intercept_for_month_2,&,running_average_size_minutes_for_month_2,&,y_intercept_for_month_3,&,running_average_size_minutes_for_month_3,&,y_intercept_for_month_4,&,running_average_size_minutes_for_month_4,&,y_intercept_for_month_5,&,running_average_size_minutes_for_month_5,&,y_intercept_for_month_6,&,running_average_size_minutes_for_month_6,&,y_intercept_for_month_7,&,running_average_size_minutes_for_month_7,&,y_intercept_for_month_8,&,running_average_size_minutes_for_month_8,&,y_intercept_for_month_9,&,running_average_size_minutes_for_month_9,&,y_intercept_for_month_10,&,running_average_size_minutes_for_month_10,&,y_intercept_for_month_11,&,running_average_size_minutes_for_month_11,&,y_intercept_for_month_12,&,running_average_size_minutes_for_month_12,&,dNetNorm,&,dMarketBalancePercentage,&,dMarketNetNorm,
results: KIAH,&,17,&,1,&,17,&,1,&,17,&,31,&,27,&,1,&,27,&,1,&,7,&,121,&,17,&,1,&,27,&,1,&,17,&,31,&,17,&,1,&,17,&,1,&,7,&,1,&,0.22702964290886887,&,0.9661912205920906,&,0.21935404779270648
monthly visible minutes:KIAH,&,2013,&,8672,&,8672,&,8672,&,8672,&,8672,&,8672,&,8672,&,8672,&,8672,&,8672,&,8672,&,8672,&,
monthly visible minutes:KIAH,&,2014,&,8672,&,8672,&,8672,&,8672,&,8672,&,8672,&,8672,&,8672,&,8672,&,8672,&,8672,&,8672,&,
monthly minutes harvester between states:KIAH,&,2013,&,38,&,38,&,38,&,38,&,38,&,38,&,38,&,38,&,38,&,38,&,38,&,38,&,
monthly minutes harvester between states:KIAH,&,2014,&,38,&,38,&,38,&,38,&,38,&,38,&,38,&,38,&,38,&,38,&,38,&,38,&,
station,&,y_intercept_for_month_1,&,running_average_size_minutes_for_month_1,&,y_intercept_for_month_2,&,running_average_size_minutes_for_month_2,&,y_intercept_for_month_3,&,running_average_size_minutes_for_month_3,&,y_intercept_for_month_4,&,running_average_size_minutes_for_month_4,&,y_intercept_for_month_5,&,running_average_size_minutes_for_month_5,&,y_intercept_for_month_6,&,running_average_size_minutes_for_month_6,&,y_intercept_for_month_7,&,running_average_size_minutes_for_month_7,&,y_intercept_for_month_8,&,running_average_size_minutes_for_month_8,&,y_intercept_for_month_9,&,running_average_size_minutes_for_month_9,&,y_intercept_for_month_10,&,running_average_size_minutes_for_month_10,&,y_intercept_for_month_11,&,running_average_size_minutes_for_month_11,&,y_intercept_for_month_12,&,running_average_size_minutes_for_month_12,&,dNetNorm,&,dMarketBalancePercentage,&,dMarketNetNorm,
results: KIAH,&,17,&,1,&,17,&,1,&,17,&,31,&,27,&,1,&,27,&,1,&,7,&,121,&,17,&,1,&,27,&,1,&,17,&,31,&,17,&,1,&,17,&,1,&,7,&,1,&,0.22702964290886887,&,0.9661912205920906,&,0.21935404779270648
monthly visible minutes:KIAH,&,2013,&,8672,&,8672,&,8672,&,8672,&,8672,&,8672,&,8672,&,8672,&,8672,&,8672,&,8672,&,8672,&,
monthly visible minutes:KIAH,&,2014,&,8672,&,8672,&,8672,&,8672,&,8672,&,8672,&,8672,&,8672,&,8672,&,8672,&,8672,&,8672,&,
monthly minutes harvester between states:KIAH,&,2013,&,38,&,38,&,38,&,38,&,38,&,38,&,38,&,38,&,38,&,38,&,38,&,38,&,
monthly minutes harvester between states:KIAH,&,2014,&,38,&,38,&,38,&,38,&,38,&,38,&,38,&,38,&,38,&,38,&,38,&,38,&,
Station: KLAS
abc: The current path is /home/guy/retractable-wind
I have found the property file.
The training windspeed filename is /trainingKLAS2004-2012in.csv
The testing windspeed filename is /testingKLAS2013-2014in.csv
Yes, the station is KLAS
Warning: The bAlsoUsePrediction no longer has any effect
iUsedAllItsAllocatedVisibilityMinutesPerMonth: 8760
Visibility Allocation Minutes:8760
HARVESTER_SIZE_SQM is 6362
Reading file
Success: /Wind turbine power curves - wind turbine power output against wind speed in knots.csv found.
Speed (Knots) = Speed(knots) vs power (kW) , Power (kW) =V90
Speed (Knots) = 0 , Power (kW) =0
Speed (Knots) = 1 , Power (kW) =0
Speed (Knots) = 2 , Power (kW) =0
Speed (Knots) = 3 , Power (kW) =0
Speed (Knots) = 4 , Power (kW) =0
Speed (Knots) = 5 , Power (kW) =0
Speed (Knots) = 6 , Power (kW) =0
Speed (Knots) = 7 , Power (kW) =38
Speed (Knots) = 8 , Power (kW) =87
Speed (Knots) = 9 , Power (kW) =141
Speed (Knots) = 10 , Power (kW) =207
Speed (Knots) = 11 , Power (kW) =286
Speed (Knots) = 12 , Power (kW) =382
Speed (Knots) = 13 , Power (kW) =496
Speed (Knots) = 14 , Power (kW) =628
Speed (Knots) = 15 , Power (kW) =781
Speed (Knots) = 16 , Power (kW) =957
Speed (Knots) = 17 , Power (kW) =1153
Speed (Knots) = 18 , Power (kW) =1366
Speed (Knots) = 19 , Power (kW) =1589
Speed (Knots) = 20 , Power (kW) =1814
Speed (Knots) = 21 , Power (kW) =2035
Speed (Knots) = 22 , Power (kW) =2250
Speed (Knots) = 23 , Power (kW) =2452
Speed (Knots) = 24 , Power (kW) =2634
Speed (Knots) = 25 , Power (kW) =2784
Speed (Knots) = 26 , Power (kW) =2888
Speed (Knots) = 27 , Power (kW) =2949
Speed (Knots) = 28 , Power (kW) =2980
Speed (Knots) = 29 , Power (kW) =2993
Speed (Knots) = 30 , Power (kW) =3000
Speed (Knots) = 31 , Power (kW) =3000
Speed (Knots) = 32 , Power (kW) =3000
Speed (Knots) = 33 , Power (kW) =3000
Speed (Knots) = 34 , Power (kW) =3000
Speed (Knots) = 35 , Power (kW) =3000
Speed (Knots) = 36 , Power (kW) =3000
Speed (Knots) = 37 , Power (kW) =3000
Speed (Knots) = 38 , Power (kW) =3000
Speed (Knots) = 39 , Power (kW) =3000
Speed (Knots) = 40 , Power (kW) =3000
Speed (Knots) = 41 , Power (kW) =3000
Speed (Knots) = 42 , Power (kW) =3000
Speed (Knots) = 43 , Power (kW) =3000
Speed (Knots) = 44 , Power (kW) =3000
Speed (Knots) = 45 , Power (kW) =3000
Speed (Knots) = 46 , Power (kW) =3000
Speed (Knots) = 47 , Power (kW) =3000
Speed (Knots) = 48 , Power (kW) =3000
Speed (Knots) = 49 , Power (kW) =0
Speed (Knots) = 50 , Power (kW) =0
Speed (Knots) = 51 , Power (kW) =0
Speed (Knots) = 52 , Power (kW) =0
Speed (Knots) = 53 , Power (kW) =0
Speed (Knots) = 54 , Power (kW) =0
Speed (Knots) = 55 , Power (kW) =0
Speed (Knots) = 56 , Power (kW) =0
Speed (Knots) = 57 , Power (kW) =0
Speed (Knots) = 58 , Power (kW) =0
Speed (Knots) = 59 , Power (kW) =0
Speed (Knots) = 60 , Power (kW) =0
The scale is 1.0
Wind power at 10 knots in kilowatts is 207.0
Wind power in-cut-out test 0.0
Aging
Class name:edu.pitt.cs.people.guy.wind.benchmarks.Aging
Success: /Noise_Allowed_Time_Definitions_All_Stations.csv found.
The station is the record is KLAS
Success: /Noise_Allowed_Time_Definitions_All_Stations.csv found.
The station is the record is KLAS
I have found the membership file for NOT WINDY.
Windspeed (knots) [0,1), Membership Value =1.00000000,1.0
Windspeed (knots) [1,2), Membership Value =0.99993672,0.9999367
Windspeed (knots) [2,3), Membership Value =0.99891630,0.9989163
Windspeed (knots) [3,4), Membership Value =0.99447028,0.9944703
Windspeed (knots) [4,5), Membership Value =0.98365956,0.98365957
Windspeed (knots) [5,6), Membership Value =0.96444872,0.9644487
Windspeed (knots) [6,7), Membership Value =0.93727001,0.93727
Windspeed (knots) [7,8), Membership Value =0.90187574,0.90187573
Windspeed (knots) [8,9), Membership Value =0.85869003,0.85869
Windspeed (knots) [9,10), Membership Value =0.80683539,0.8068354
Windspeed (knots) [10,11), Membership Value =0.74522766,0.74522763
Windspeed (knots) [11,12), Membership Value =0.67345918,0.6734592
Windspeed (knots) [12,13), Membership Value =0.59550578,0.5955058
Windspeed (knots) [13,14), Membership Value =0.50924593,0.50924593
Windspeed (knots) [14,15), Membership Value =0.41684177,0.41684178
Windspeed (knots) [15,16), Membership Value =0.32060465,0.32060465
Windspeed (knots) [16,17), Membership Value =0.22534673,0.22534673
Windspeed (knots) [17,18), Membership Value =0.13578596,0.13578597
Windspeed (knots) [18,19), Membership Value =0.05736302,0.05736302
Windspeed (knots) [19,20), Membership Value =0.00000000,0.0
Windspeed (knots) [20,21), Membership Value =0.00000000,0.0
Windspeed (knots) [21,22), Membership Value =0.00000000,0.0
Windspeed (knots) [22,23), Membership Value =0.00000000,0.0
Windspeed (knots) [23,24), Membership Value =0.00000000,0.0
Windspeed (knots) [24,25), Membership Value =0.00000000,0.0
Windspeed (knots) [25,26), Membership Value =0.00000000,0.0
Windspeed (knots) [26,27), Membership Value =0.00000000,0.0
Windspeed (knots) [27,28), Membership Value =0.00000000,0.0
Windspeed (knots) [28,29), Membership Value =0.00000000,0.0
Windspeed (knots) [29,30), Membership Value =0.00000000,0.0
Windspeed (knots) [30,31), Membership Value =0.00000000,0.0
Windspeed (knots) [31,32), Membership Value =0.00000000,0.0
Windspeed (knots) [32,33), Membership Value =0.00000000,0.0
Windspeed (knots) [33,34), Membership Value =0.00000000,0.0
Windspeed (knots) [34,35), Membership Value =0.00000000,0.0
Windspeed (knots) [35,36), Membership Value =0.00000000,0.0
Windspeed (knots) [36,37), Membership Value =0.00000000,0.0
Windspeed (knots) [37,38), Membership Value =0.00000000,0.0
Windspeed (knots) [38,39), Membership Value =0.00000000,0.0
Windspeed (knots) [39,40), Membership Value =0.00000000,0.0
Windspeed (knots) [40,41), Membership Value =0.00000000,0.0
Windspeed (knots) [41,42), Membership Value =0.00000000,0.0
Windspeed (knots) [42,43), Membership Value =0.00000000,0.0
Windspeed (knots) [43,44), Membership Value =0.00000000,0.0
Windspeed (knots) [44,45), Membership Value =0.00000000,0.0
Windspeed (knots) [45,46), Membership Value =0.00000000,0.0
Windspeed (knots) [46,47), Membership Value =0.00000000,0.0
Windspeed (knots) [47,48), Membership Value =0.00000000,0.0
Windspeed (knots) [48,49), Membership Value =0.00000000,0.0
Windspeed (knots) [49,50), Membership Value =0.00000000,0.0
Windspeed (knots) [50,51), Membership Value =0.00000000,0.0
Windspeed (knots) [51,52), Membership Value =0.00000000,0.0
Windspeed (knots) [52,53), Membership Value =0.00000000,0.0
Windspeed (knots) [53,54), Membership Value =0.00000000,0.0
Windspeed (knots) [54,55), Membership Value =0.00000000,0.0
Windspeed (knots) [55,56), Membership Value =0.00000000,0.0
Windspeed (knots) [56,57), Membership Value =0.00000000,0.0
Windspeed (knots) [57,58), Membership Value =0.00000000,0.0
Windspeed (knots) [58,59), Membership Value =0.00000000,0.0
Windspeed (knots) [59,60), Membership Value =0.00000000,0.0
Windspeed (knots) [60,61), Membership Value =0.00000000,0.0
Windspeed (knots) [61,62), Membership Value =0.00000000,0.0
Windspeed (knots) [62,63), Membership Value =0.00000000,0.0
Windspeed (knots) [63,64), Membership Value =0.00000000,0.0
Windspeed (knots) [64,65), Membership Value =0.00000000,0.0
Windspeed (knots) [65,66), Membership Value =0.00000000,0.0
Windspeed (knots) [66,67), Membership Value =0.00000000,0.0
Windspeed (knots) [67,68), Membership Value =0.00000000,0.0
Windspeed (knots) [68,69), Membership Value =0.00000000,0.0
Windspeed (knots) [69,70), Membership Value =0.00000000,0.0
Windspeed (knots) [70,71), Membership Value =0.00000000,0.0
Windspeed (knots) [71,72), Membership Value =0.00000000,0.0
Windspeed (knots) [72,73), Membership Value =0.00000000,0.0
Windspeed (knots) [73,74), Membership Value =0.00000000,0.0
Windspeed (knots) [74,75), Membership Value =0.00000000,0.0
Windspeed (knots) [75,76), Membership Value =0.00000000,0.0
Windspeed (knots) [76,77), Membership Value =0.00000000,0.0
Windspeed (knots) [77,78), Membership Value =0.00000000,0.0
Windspeed (knots) [78,79), Membership Value =0.00000000,0.0
Windspeed (knots) [79,80), Membership Value =0.00000000,0.0
Windspeed (knots) [80,81), Membership Value =0.00000000,0.0
Windspeed (knots) [81,82), Membership Value =0.00000000,0.0
Windspeed (knots) [82,83), Membership Value =0.00000000,0.0
Windspeed (knots) [83,84), Membership Value =0.00000000,0.0
Windspeed (knots) [84,85), Membership Value =0.00000000,0.0
Windspeed (knots) [85,86), Membership Value =0.00000000,0.0
Windspeed (knots) [86,87), Membership Value =0.00000000,0.0
Windspeed (knots) [87,88), Membership Value =0.00000000,0.0
Windspeed (knots) [88,89), Membership Value =0.00000000,0.0
Windspeed (knots) [89,90), Membership Value =0.00000000,0.0
Windspeed (knots) [90,91), Membership Value =0.00000000,0.0
Windspeed (knots) [91,92), Membership Value =0.00000000,0.0
Windspeed (knots) [92,93), Membership Value =0.00000000,0.0
Windspeed (knots) [93,94), Membership Value =0.00000000,0.0
Windspeed (knots) [94,95), Membership Value =0.00000000,0.0
Windspeed (knots) [95,96), Membership Value =0.00000000,0.0
Windspeed (knots) [96,97), Membership Value =0.00000000,0.0
Windspeed (knots) [97,98), Membership Value =0.00000000,0.0
Windspeed (knots) [98,99), Membership Value =0.00000000,0.0
Windspeed (knots) [99,100), Membership Value =0.00000000,0.0
Windspeed (knots) [100,101), Membership Value =0.00000000,0.0
Windspeed (knots) [101,102), Membership Value =0.00000000,0.0
Windspeed (knots) [102,103), Membership Value =0.00000000,0.0
Windspeed (knots) [103,104), Membership Value =0.00000000,0.0
Windspeed (knots) [104,105), Membership Value =0.00000000,0.0
Windspeed (knots) [105,106), Membership Value =0.00000000,0.0
Windspeed (knots) [106,107), Membership Value =0.00000000,0.0
Windspeed (knots) [107,108), Membership Value =0.00000000,0.0
Windspeed (knots) [108,109), Membership Value =0.00000000,0.0
Windspeed (knots) [109,110), Membership Value =0.00000000,0.0
Windspeed (knots) [110,111), Membership Value =0.00000000,0.0
Windspeed (knots) [111,112), Membership Value =0.00000000,0.0
Windspeed (knots) [112,113), Membership Value =0.00000000,0.0
Windspeed (knots) [113,114), Membership Value =0.00000000,0.0
Windspeed (knots) [114,115), Membership Value =0.00000000,0.0
Windspeed (knots) [115,116), Membership Value =0.00000000,0.0
Windspeed (knots) [116,117), Membership Value =0.00000000,0.0
Windspeed (knots) [117,118), Membership Value =0.00000000,0.0
Windspeed (knots) [118,119), Membership Value =0.00000000,0.0
Windspeed (knots) [119,120), Membership Value =0.00000000,0.0
Windspeed (knots) [120,121), Membership Value =0.00000000,0.0
Windspeed (knots) [121,122), Membership Value =0.00000000,0.0
Windspeed (knots) [122,123), Membership Value =0.00000000,0.0
Windspeed (knots) [123,124), Membership Value =0.00000000,0.0
Windspeed (knots) [124,125), Membership Value =0.00000000,0.0
LowestWindspeedThatIsWindyKnots for station KLAS is 8 knots.
Transition limited :true
bUseWeatherPrediction: true
The running average is 1
The y-int is 8
Energy harvested: 2939446.194722163
iGeneratingEnergyWhenGridNeedsEnergyMinutes =412852
iGeneratingEnergyWhenGridNeedsEnergyMinutes =412852
iUsingEnergyWhenGridNeedsEnergyMinutes =1866
iGeneratingEnergyWhenGridHasExcessEnergyMinutes = 5832
iUsingEnergyWhenGridHasExcessEnergyMinutes = 64
iIdleWhenGridDoesNotNeedEnergyMinutes = 40184
iIdleWhenGridNeedsEnergyMinutes = 4272647
iEnergyPriceIsZeroMinutes = 240
harvester.getEnergyHarvestedAVAILABLEKilowattHours( ): 1.410018065E7
harvester.getEnergyHarvestedKilowattHours(): 2939446.194722163
The y-int is 18
Energy harvested: 3295375.4388888716
iGeneratingEnergyWhenGridNeedsEnergyMinutes =395145
iGeneratingEnergyWhenGridNeedsEnergyMinutes =395145
iUsingEnergyWhenGridNeedsEnergyMinutes =323
iGeneratingEnergyWhenGridHasExcessEnergyMinutes = 4579
iUsingEnergyWhenGridHasExcessEnergyMinutes = 0
iIdleWhenGridDoesNotNeedEnergyMinutes = 41501
iIdleWhenGridNeedsEnergyMinutes = 4291897
iEnergyPriceIsZeroMinutes = 240
harvester.getEnergyHarvestedAVAILABLEKilowattHours( ): 1.410018065E7
harvester.getEnergyHarvestedKilowattHours(): 3295375.4388888716
The y-int is 28
Energy harvested: 3064404.085833279
iGeneratingEnergyWhenGridNeedsEnergyMinutes =391249
iGeneratingEnergyWhenGridNeedsEnergyMinutes =391249
iUsingEnergyWhenGridNeedsEnergyMinutes =1832
iGeneratingEnergyWhenGridHasExcessEnergyMinutes = 4155
iUsingEnergyWhenGridHasExcessEnergyMinutes = 37
iIdleWhenGridDoesNotNeedEnergyMinutes = 41888
iIdleWhenGridNeedsEnergyMinutes = 4294284
iEnergyPriceIsZeroMinutes = 240
harvester.getEnergyHarvestedAVAILABLEKilowattHours( ): 1.410018065E7
harvester.getEnergyHarvestedKilowattHours(): 3064404.085833279
The y-int is 38
Energy harvested: 2933720.1366666183
iGeneratingEnergyWhenGridNeedsEnergyMinutes =381869
iGeneratingEnergyWhenGridNeedsEnergyMinutes =381869
iUsingEnergyWhenGridNeedsEnergyMinutes =1947
iGeneratingEnergyWhenGridHasExcessEnergyMinutes = 5675
iUsingEnergyWhenGridHasExcessEnergyMinutes = 37
iIdleWhenGridDoesNotNeedEnergyMinutes = 40368
iIdleWhenGridNeedsEnergyMinutes = 4303549
iEnergyPriceIsZeroMinutes = 240
harvester.getEnergyHarvestedAVAILABLEKilowattHours( ): 1.410018065E7
harvester.getEnergyHarvestedKilowattHours(): 2933720.1366666183
The running average is 31
The y-int is 8
Energy harvested: 3091770.5599999237
iGeneratingEnergyWhenGridNeedsEnergyMinutes =421911
iGeneratingEnergyWhenGridNeedsEnergyMinutes =421911
iUsingEnergyWhenGridNeedsEnergyMinutes =1736
iGeneratingEnergyWhenGridHasExcessEnergyMinutes = 5600
iUsingEnergyWhenGridHasExcessEnergyMinutes = 76
iIdleWhenGridDoesNotNeedEnergyMinutes = 40404
iIdleWhenGridNeedsEnergyMinutes = 4263718
iEnergyPriceIsZeroMinutes = 240
harvester.getEnergyHarvestedAVAILABLEKilowattHours( ): 1.410018065E7
harvester.getEnergyHarvestedKilowattHours(): 3091770.5599999237
The y-int is 18
Energy harvested: 3229329.836111078
iGeneratingEnergyWhenGridNeedsEnergyMinutes =397623
iGeneratingEnergyWhenGridNeedsEnergyMinutes =397623
iUsingEnergyWhenGridNeedsEnergyMinutes =895
iGeneratingEnergyWhenGridHasExcessEnergyMinutes = 5073
iUsingEnergyWhenGridHasExcessEnergyMinutes = 37
iIdleWhenGridDoesNotNeedEnergyMinutes = 40970
iIdleWhenGridNeedsEnergyMinutes = 4288847
iEnergyPriceIsZeroMinutes = 240
harvester.getEnergyHarvestedAVAILABLEKilowattHours( ): 1.410018065E7
harvester.getEnergyHarvestedKilowattHours(): 3229329.836111078
The y-int is 28
Energy harvested: 2933720.1366666183
iGeneratingEnergyWhenGridNeedsEnergyMinutes =381869
iGeneratingEnergyWhenGridNeedsEnergyMinutes =381869
iUsingEnergyWhenGridNeedsEnergyMinutes =1947
iGeneratingEnergyWhenGridHasExcessEnergyMinutes = 5675
iUsingEnergyWhenGridHasExcessEnergyMinutes = 37
iIdleWhenGridDoesNotNeedEnergyMinutes = 40368
iIdleWhenGridNeedsEnergyMinutes = 4303549
iEnergyPriceIsZeroMinutes = 240
harvester.getEnergyHarvestedAVAILABLEKilowattHours( ): 1.410018065E7
harvester.getEnergyHarvestedKilowattHours(): 2933720.1366666183
The y-int is 38
Energy harvested: 2933720.1366666183
iGeneratingEnergyWhenGridNeedsEnergyMinutes =381869
iGeneratingEnergyWhenGridNeedsEnergyMinutes =381869
iUsingEnergyWhenGridNeedsEnergyMinutes =1947
iGeneratingEnergyWhenGridHasExcessEnergyMinutes = 5675
iUsingEnergyWhenGridHasExcessEnergyMinutes = 37
iIdleWhenGridDoesNotNeedEnergyMinutes = 40368
iIdleWhenGridNeedsEnergyMinutes = 4303549
iEnergyPriceIsZeroMinutes = 240
harvester.getEnergyHarvestedAVAILABLEKilowattHours( ): 1.410018065E7
harvester.getEnergyHarvestedKilowattHours(): 2933720.1366666183
The running average is 61
The y-int is 8
Energy harvested: 3131756.4508332456
iGeneratingEnergyWhenGridNeedsEnergyMinutes =424805
iGeneratingEnergyWhenGridNeedsEnergyMinutes =424805
iUsingEnergyWhenGridNeedsEnergyMinutes =1745
iGeneratingEnergyWhenGridHasExcessEnergyMinutes = 5667
iUsingEnergyWhenGridHasExcessEnergyMinutes = 38
iIdleWhenGridDoesNotNeedEnergyMinutes = 40375
iIdleWhenGridNeedsEnergyMinutes = 4260815
iEnergyPriceIsZeroMinutes = 240
harvester.getEnergyHarvestedAVAILABLEKilowattHours( ): 1.410018065E7
harvester.getEnergyHarvestedKilowattHours(): 3131756.4508332456
The y-int is 18
Energy harvested: 3304732.4508332936
iGeneratingEnergyWhenGridNeedsEnergyMinutes =402771
iGeneratingEnergyWhenGridNeedsEnergyMinutes =402771
iUsingEnergyWhenGridNeedsEnergyMinutes =1075
iGeneratingEnergyWhenGridHasExcessEnergyMinutes = 5388
iUsingEnergyWhenGridHasExcessEnergyMinutes = 37
iIdleWhenGridDoesNotNeedEnergyMinutes = 40655
iIdleWhenGridNeedsEnergyMinutes = 4283519
iEnergyPriceIsZeroMinutes = 240
harvester.getEnergyHarvestedAVAILABLEKilowattHours( ): 1.410018065E7
harvester.getEnergyHarvestedKilowattHours(): 3304732.4508332936
The y-int is 28
Energy harvested: 2933720.1366666183
iGeneratingEnergyWhenGridNeedsEnergyMinutes =381869
iGeneratingEnergyWhenGridNeedsEnergyMinutes =381869
iUsingEnergyWhenGridNeedsEnergyMinutes =1947
iGeneratingEnergyWhenGridHasExcessEnergyMinutes = 5675
iUsingEnergyWhenGridHasExcessEnergyMinutes = 37
iIdleWhenGridDoesNotNeedEnergyMinutes = 40368
iIdleWhenGridNeedsEnergyMinutes = 4303549
iEnergyPriceIsZeroMinutes = 240
harvester.getEnergyHarvestedAVAILABLEKilowattHours( ): 1.410018065E7
harvester.getEnergyHarvestedKilowattHours(): 2933720.1366666183
The y-int is 38
Energy harvested: 2933720.1366666183
iGeneratingEnergyWhenGridNeedsEnergyMinutes =381869
iGeneratingEnergyWhenGridNeedsEnergyMinutes =381869
iUsingEnergyWhenGridNeedsEnergyMinutes =1947
iGeneratingEnergyWhenGridHasExcessEnergyMinutes = 5675
iUsingEnergyWhenGridHasExcessEnergyMinutes = 37
iIdleWhenGridDoesNotNeedEnergyMinutes = 40368
iIdleWhenGridNeedsEnergyMinutes = 4303549
iEnergyPriceIsZeroMinutes = 240
harvester.getEnergyHarvestedAVAILABLEKilowattHours( ): 1.410018065E7
harvester.getEnergyHarvestedKilowattHours(): 2933720.1366666183
The running average is 91
The y-int is 8
Energy harvested: 3163392.9555554627
iGeneratingEnergyWhenGridNeedsEnergyMinutes =428016
iGeneratingEnergyWhenGridNeedsEnergyMinutes =428016
iUsingEnergyWhenGridNeedsEnergyMinutes =1722
iGeneratingEnergyWhenGridHasExcessEnergyMinutes = 5748
iUsingEnergyWhenGridHasExcessEnergyMinutes = 38
iIdleWhenGridDoesNotNeedEnergyMinutes = 40294
iIdleWhenGridNeedsEnergyMinutes = 4257627
iEnergyPriceIsZeroMinutes = 240
harvester.getEnergyHarvestedAVAILABLEKilowattHours( ): 1.410018065E7
harvester.getEnergyHarvestedKilowattHours(): 3163392.9555554627
The y-int is 18
Energy harvested: 3191504.2616666243
iGeneratingEnergyWhenGridNeedsEnergyMinutes =395376
iGeneratingEnergyWhenGridNeedsEnergyMinutes =395376
iUsingEnergyWhenGridNeedsEnergyMinutes =1273
iGeneratingEnergyWhenGridHasExcessEnergyMinutes = 4797
iUsingEnergyWhenGridHasExcessEnergyMinutes = 37
iIdleWhenGridDoesNotNeedEnergyMinutes = 41246
iIdleWhenGridNeedsEnergyMinutes = 4290716
iEnergyPriceIsZeroMinutes = 240
harvester.getEnergyHarvestedAVAILABLEKilowattHours( ): 1.410018065E7
harvester.getEnergyHarvestedKilowattHours(): 3191504.2616666243
The y-int is 28
Energy harvested: 2933720.1366666183
iGeneratingEnergyWhenGridNeedsEnergyMinutes =381869
iGeneratingEnergyWhenGridNeedsEnergyMinutes =381869
iUsingEnergyWhenGridNeedsEnergyMinutes =1947
iGeneratingEnergyWhenGridHasExcessEnergyMinutes = 5675
iUsingEnergyWhenGridHasExcessEnergyMinutes = 37
iIdleWhenGridDoesNotNeedEnergyMinutes = 40368
iIdleWhenGridNeedsEnergyMinutes = 4303549
iEnergyPriceIsZeroMinutes = 240
harvester.getEnergyHarvestedAVAILABLEKilowattHours( ): 1.410018065E7
harvester.getEnergyHarvestedKilowattHours(): 2933720.1366666183
The y-int is 38
Energy harvested: 2933720.1366666183
iGeneratingEnergyWhenGridNeedsEnergyMinutes =381869
iGeneratingEnergyWhenGridNeedsEnergyMinutes =381869
iUsingEnergyWhenGridNeedsEnergyMinutes =1947
iGeneratingEnergyWhenGridHasExcessEnergyMinutes = 5675
iUsingEnergyWhenGridHasExcessEnergyMinutes = 37
iIdleWhenGridDoesNotNeedEnergyMinutes = 40368
iIdleWhenGridNeedsEnergyMinutes = 4303549
iEnergyPriceIsZeroMinutes = 240
harvester.getEnergyHarvestedAVAILABLEKilowattHours( ): 1.410018065E7
harvester.getEnergyHarvestedKilowattHours(): 2933720.1366666183
The running average is 121
The y-int is 8
Energy harvested: 3149274.336388795
iGeneratingEnergyWhenGridNeedsEnergyMinutes =427613
iGeneratingEnergyWhenGridNeedsEnergyMinutes =427613
iUsingEnergyWhenGridNeedsEnergyMinutes =1720
iGeneratingEnergyWhenGridHasExcessEnergyMinutes = 5663
iUsingEnergyWhenGridHasExcessEnergyMinutes = 50
iIdleWhenGridDoesNotNeedEnergyMinutes = 40367
iIdleWhenGridNeedsEnergyMinutes = 4258032
iEnergyPriceIsZeroMinutes = 240
harvester.getEnergyHarvestedAVAILABLEKilowattHours( ): 1.410018065E7
harvester.getEnergyHarvestedKilowattHours(): 3149274.336388795
The y-int is 18
Energy harvested: 3160445.721388838
iGeneratingEnergyWhenGridNeedsEnergyMinutes =397593
iGeneratingEnergyWhenGridNeedsEnergyMinutes =397593
iUsingEnergyWhenGridNeedsEnergyMinutes =1414
iGeneratingEnergyWhenGridHasExcessEnergyMinutes = 4927
iUsingEnergyWhenGridHasExcessEnergyMinutes = 37
iIdleWhenGridDoesNotNeedEnergyMinutes = 41116
iIdleWhenGridNeedsEnergyMinutes = 4288358
iEnergyPriceIsZeroMinutes = 240
harvester.getEnergyHarvestedAVAILABLEKilowattHours( ): 1.410018065E7
harvester.getEnergyHarvestedKilowattHours(): 3160445.721388838
The y-int is 28
Energy harvested: 2933720.1366666183
iGeneratingEnergyWhenGridNeedsEnergyMinutes =381869
iGeneratingEnergyWhenGridNeedsEnergyMinutes =381869
iUsingEnergyWhenGridNeedsEnergyMinutes =1947
iGeneratingEnergyWhenGridHasExcessEnergyMinutes = 5675
iUsingEnergyWhenGridHasExcessEnergyMinutes = 37
iIdleWhenGridDoesNotNeedEnergyMinutes = 40368
iIdleWhenGridNeedsEnergyMinutes = 4303549
iEnergyPriceIsZeroMinutes = 240
harvester.getEnergyHarvestedAVAILABLEKilowattHours( ): 1.410018065E7
harvester.getEnergyHarvestedKilowattHours(): 2933720.1366666183
The y-int is 38
Energy harvested: 2933720.1366666183
iGeneratingEnergyWhenGridNeedsEnergyMinutes =381869
iGeneratingEnergyWhenGridNeedsEnergyMinutes =381869
iUsingEnergyWhenGridNeedsEnergyMinutes =1947
iGeneratingEnergyWhenGridHasExcessEnergyMinutes = 5675
iUsingEnergyWhenGridHasExcessEnergyMinutes = 37
iIdleWhenGridDoesNotNeedEnergyMinutes = 40368
iIdleWhenGridNeedsEnergyMinutes = 4303549
iEnergyPriceIsZeroMinutes = 240
harvester.getEnergyHarvestedAVAILABLEKilowattHours( ): 1.410018065E7
harvester.getEnergyHarvestedKilowattHours(): 2933720.1366666183
Beginning testing mode:
station,&,y_intercept_for_month_1,&,running_average_size_minutes_for_month_1,&,y_intercept_for_month_2,&,running_average_size_minutes_for_month_2,&,y_intercept_for_month_3,&,running_average_size_minutes_for_month_3,&,y_intercept_for_month_4,&,running_average_size_minutes_for_month_4,&,y_intercept_for_month_5,&,running_average_size_minutes_for_month_5,&,y_intercept_for_month_6,&,running_average_size_minutes_for_month_6,&,y_intercept_for_month_7,&,running_average_size_minutes_for_month_7,&,y_intercept_for_month_8,&,running_average_size_minutes_for_month_8,&,y_intercept_for_month_9,&,running_average_size_minutes_for_month_9,&,y_intercept_for_month_10,&,running_average_size_minutes_for_month_10,&,y_intercept_for_month_11,&,running_average_size_minutes_for_month_11,&,y_intercept_for_month_12,&,running_average_size_minutes_for_month_12,&,dNetNorm,&,dMarketBalancePercentage,&,dMarketNetNorm,
results: KLAS,&,8,&,61,&,18,&,1,&,8,&,1,&,8,&,31,&,18,&,1,&,18,&,31,&,8,&,1,&,28,&,1,&,18,&,1,&,8,&,1,&,18,&,31,&,28,&,1,&,0.19704188324881833,&,0.9201199383282413,&,0.18130216546298325
monthly visible minutes:KLAS,&,2013,&,8672,&,8672,&,8672,&,8672,&,8672,&,8672,&,8672,&,8672,&,8672,&,8672,&,8672,&,8672,&,
monthly visible minutes:KLAS,&,2014,&,8672,&,8672,&,8672,&,8672,&,8672,&,8672,&,8672,&,8672,&,8672,&,8672,&,8672,&,8458,&,
monthly minutes harvester between states:KLAS,&,2013,&,38,&,38,&,38,&,38,&,38,&,38,&,38,&,38,&,38,&,38,&,38,&,38,&,
monthly minutes harvester between states:KLAS,&,2014,&,38,&,38,&,38,&,38,&,38,&,38,&,38,&,38,&,38,&,38,&,38,&,19,&,
station,&,y_intercept_for_month_1,&,running_average_size_minutes_for_month_1,&,y_intercept_for_month_2,&,running_average_size_minutes_for_month_2,&,y_intercept_for_month_3,&,running_average_size_minutes_for_month_3,&,y_intercept_for_month_4,&,running_average_size_minutes_for_month_4,&,y_intercept_for_month_5,&,running_average_size_minutes_for_month_5,&,y_intercept_for_month_6,&,running_average_size_minutes_for_month_6,&,y_intercept_for_month_7,&,running_average_size_minutes_for_month_7,&,y_intercept_for_month_8,&,running_average_size_minutes_for_month_8,&,y_intercept_for_month_9,&,running_average_size_minutes_for_month_9,&,y_intercept_for_month_10,&,running_average_size_minutes_for_month_10,&,y_intercept_for_month_11,&,running_average_size_minutes_for_month_11,&,y_intercept_for_month_12,&,running_average_size_minutes_for_month_12,&,dNetNorm,&,dMarketBalancePercentage,&,dMarketNetNorm,
results: KLAS,&,8,&,61,&,18,&,1,&,8,&,1,&,8,&,31,&,18,&,1,&,18,&,31,&,8,&,1,&,28,&,1,&,18,&,1,&,8,&,1,&,18,&,31,&,28,&,1,&,0.19651947634881942,&,0.9197577304370185,&,0.18075030755326146
monthly visible minutes:KLAS,&,2013,&,8672,&,8672,&,8672,&,8672,&,8672,&,8672,&,8672,&,8672,&,8672,&,8672,&,8672,&,8672,&,
monthly visible minutes:KLAS,&,2014,&,8672,&,8672,&,8672,&,8672,&,8672,&,8672,&,8672,&,8672,&,8672,&,8672,&,8672,&,8458,&,
monthly minutes harvester between states:KLAS,&,2013,&,38,&,38,&,38,&,38,&,38,&,38,&,38,&,38,&,38,&,38,&,38,&,38,&,
monthly minutes harvester between states:KLAS,&,2014,&,38,&,38,&,38,&,38,&,38,&,38,&,38,&,38,&,38,&,38,&,38,&,19,&,
Station: KLAX
abc: The current path is /home/guy/retractable-wind
I have found the property file.
The training windspeed filename is /trainingKLAX2004-2012in.csv
The testing windspeed filename is /testingKLAX2013-2014in.csv
Yes, the station is KLAX
Warning: The bAlsoUsePrediction no longer has any effect
iUsedAllItsAllocatedVisibilityMinutesPerMonth: 8760
Visibility Allocation Minutes:8760
HARVESTER_SIZE_SQM is 6362
Reading file
Success: /Wind turbine power curves - wind turbine power output against wind speed in knots.csv found.
Speed (Knots) = Speed(knots) vs power (kW) , Power (kW) =V90
Speed (Knots) = 0 , Power (kW) =0
Speed (Knots) = 1 , Power (kW) =0
Speed (Knots) = 2 , Power (kW) =0
Speed (Knots) = 3 , Power (kW) =0
Speed (Knots) = 4 , Power (kW) =0
Speed (Knots) = 5 , Power (kW) =0
Speed (Knots) = 6 , Power (kW) =0
Speed (Knots) = 7 , Power (kW) =38
Speed (Knots) = 8 , Power (kW) =87
Speed (Knots) = 9 , Power (kW) =141
Speed (Knots) = 10 , Power (kW) =207
Speed (Knots) = 11 , Power (kW) =286
Speed (Knots) = 12 , Power (kW) =382
Speed (Knots) = 13 , Power (kW) =496
Speed (Knots) = 14 , Power (kW) =628
Speed (Knots) = 15 , Power (kW) =781
Speed (Knots) = 16 , Power (kW) =957
Speed (Knots) = 17 , Power (kW) =1153
Speed (Knots) = 18 , Power (kW) =1366
Speed (Knots) = 19 , Power (kW) =1589
Speed (Knots) = 20 , Power (kW) =1814
Speed (Knots) = 21 , Power (kW) =2035
Speed (Knots) = 22 , Power (kW) =2250
Speed (Knots) = 23 , Power (kW) =2452
Speed (Knots) = 24 , Power (kW) =2634
Speed (Knots) = 25 , Power (kW) =2784
Speed (Knots) = 26 , Power (kW) =2888
Speed (Knots) = 27 , Power (kW) =2949
Speed (Knots) = 28 , Power (kW) =2980
Speed (Knots) = 29 , Power (kW) =2993
Speed (Knots) = 30 , Power (kW) =3000
Speed (Knots) = 31 , Power (kW) =3000
Speed (Knots) = 32 , Power (kW) =3000
Speed (Knots) = 33 , Power (kW) =3000
Speed (Knots) = 34 , Power (kW) =3000
Speed (Knots) = 35 , Power (kW) =3000
Speed (Knots) = 36 , Power (kW) =3000
Speed (Knots) = 37 , Power (kW) =3000
Speed (Knots) = 38 , Power (kW) =3000
Speed (Knots) = 39 , Power (kW) =3000
Speed (Knots) = 40 , Power (kW) =3000
Speed (Knots) = 41 , Power (kW) =3000
Speed (Knots) = 42 , Power (kW) =3000
Speed (Knots) = 43 , Power (kW) =3000
Speed (Knots) = 44 , Power (kW) =3000
Speed (Knots) = 45 , Power (kW) =3000
Speed (Knots) = 46 , Power (kW) =3000
Speed (Knots) = 47 , Power (kW) =3000
Speed (Knots) = 48 , Power (kW) =3000
Speed (Knots) = 49 , Power (kW) =0
Speed (Knots) = 50 , Power (kW) =0
Speed (Knots) = 51 , Power (kW) =0
Speed (Knots) = 52 , Power (kW) =0
Speed (Knots) = 53 , Power (kW) =0
Speed (Knots) = 54 , Power (kW) =0
Speed (Knots) = 55 , Power (kW) =0
Speed (Knots) = 56 , Power (kW) =0
Speed (Knots) = 57 , Power (kW) =0
Speed (Knots) = 58 , Power (kW) =0
Speed (Knots) = 59 , Power (kW) =0
Speed (Knots) = 60 , Power (kW) =0
The scale is 1.0
Wind power at 10 knots in kilowatts is 207.0
Wind power in-cut-out test 0.0
Aging
Class name:edu.pitt.cs.people.guy.wind.benchmarks.Aging
Success: /Noise_Allowed_Time_Definitions_All_Stations.csv found.
The station is the record is KLAX
Success: /Noise_Allowed_Time_Definitions_All_Stations.csv found.
The station is the record is KLAX
I have found the membership file for NOT WINDY.
Windspeed (knots) [0,1), Membership Value =1.00000000,1.0
Windspeed (knots) [1,2), Membership Value =0.99989871,0.99989873
Windspeed (knots) [2,3), Membership Value =0.99837459,0.9983746
Windspeed (knots) [3,4), Membership Value =0.99140114,0.99140114
Windspeed (knots) [4,5), Membership Value =0.97521952,0.97521955
Windspeed (knots) [5,6), Membership Value =0.94833654,0.94833654
Windspeed (knots) [6,7), Membership Value =0.91015038,0.9101504
Windspeed (knots) [7,8), Membership Value =0.85735640,0.8573564
Windspeed (knots) [8,9), Membership Value =0.78517047,0.7851705
Windspeed (knots) [9,10), Membership Value =0.68245432,0.68245435
Windspeed (knots) [10,11), Membership Value =0.55940406,0.5594041
Windspeed (knots) [11,12), Membership Value =0.42146572,0.42146572
Windspeed (knots) [12,13), Membership Value =0.29265055,0.29265055
Windspeed (knots) [13,14), Membership Value =0.18273665,0.18273665
Windspeed (knots) [14,15), Membership Value =0.09731320,0.0973132
Windspeed (knots) [15,16), Membership Value =0.03512187,0.03512187
Windspeed (knots) [16,17), Membership Value =0.00000000,0.0
Windspeed (knots) [17,18), Membership Value =0.00000000,0.0
Windspeed (knots) [18,19), Membership Value =0.00000000,0.0
Windspeed (knots) [19,20), Membership Value =0.00000000,0.0
Windspeed (knots) [20,21), Membership Value =0.00000000,0.0
Windspeed (knots) [21,22), Membership Value =0.00000000,0.0
Windspeed (knots) [22,23), Membership Value =0.00000000,0.0
Windspeed (knots) [23,24), Membership Value =0.00000000,0.0
Windspeed (knots) [24,25), Membership Value =0.00000000,0.0
Windspeed (knots) [25,26), Membership Value =0.00000000,0.0
Windspeed (knots) [26,27), Membership Value =0.00000000,0.0
Windspeed (knots) [27,28), Membership Value =0.00000000,0.0
Windspeed (knots) [28,29), Membership Value =0.00000000,0.0
Windspeed (knots) [29,30), Membership Value =0.00000000,0.0
Windspeed (knots) [30,31), Membership Value =0.00000000,0.0
Windspeed (knots) [31,32), Membership Value =0.00000000,0.0
Windspeed (knots) [32,33), Membership Value =0.00000000,0.0
Windspeed (knots) [33,34), Membership Value =0.00000000,0.0
Windspeed (knots) [34,35), Membership Value =0.00000000,0.0
Windspeed (knots) [35,36), Membership Value =0.00000000,0.0
Windspeed (knots) [36,37), Membership Value =0.00000000,0.0
Windspeed (knots) [37,38), Membership Value =0.00000000,0.0
Windspeed (knots) [38,39), Membership Value =0.00000000,0.0
Windspeed (knots) [39,40), Membership Value =0.00000000,0.0
Windspeed (knots) [40,41), Membership Value =0.00000000,0.0
Windspeed (knots) [41,42), Membership Value =0.00000000,0.0
Windspeed (knots) [42,43), Membership Value =0.00000000,0.0
Windspeed (knots) [43,44), Membership Value =0.00000000,0.0
Windspeed (knots) [44,45), Membership Value =0.00000000,0.0
Windspeed (knots) [45,46), Membership Value =0.00000000,0.0
Windspeed (knots) [46,47), Membership Value =0.00000000,0.0
Windspeed (knots) [47,48), Membership Value =0.00000000,0.0
Windspeed (knots) [48,49), Membership Value =0.00000000,0.0
Windspeed (knots) [49,50), Membership Value =0.00000000,0.0
Windspeed (knots) [50,51), Membership Value =0.00000000,0.0
Windspeed (knots) [51,52), Membership Value =0.00000000,0.0
Windspeed (knots) [52,53), Membership Value =0.00000000,0.0
Windspeed (knots) [53,54), Membership Value =0.00000000,0.0
Windspeed (knots) [54,55), Membership Value =0.00000000,0.0
Windspeed (knots) [55,56), Membership Value =0.00000000,0.0
Windspeed (knots) [56,57), Membership Value =0.00000000,0.0
Windspeed (knots) [57,58), Membership Value =0.00000000,0.0
Windspeed (knots) [58,59), Membership Value =0.00000000,0.0
Windspeed (knots) [59,60), Membership Value =0.00000000,0.0
Windspeed (knots) [60,61), Membership Value =0.00000000,0.0
Windspeed (knots) [61,62), Membership Value =0.00000000,0.0
Windspeed (knots) [62,63), Membership Value =0.00000000,0.0
Windspeed (knots) [63,64), Membership Value =0.00000000,0.0
Windspeed (knots) [64,65), Membership Value =0.00000000,0.0
Windspeed (knots) [65,66), Membership Value =0.00000000,0.0
Windspeed (knots) [66,67), Membership Value =0.00000000,0.0
Windspeed (knots) [67,68), Membership Value =0.00000000,0.0
Windspeed (knots) [68,69), Membership Value =0.00000000,0.0
Windspeed (knots) [69,70), Membership Value =0.00000000,0.0
Windspeed (knots) [70,71), Membership Value =0.00000000,0.0
Windspeed (knots) [71,72), Membership Value =0.00000000,0.0
Windspeed (knots) [72,73), Membership Value =0.00000000,0.0
Windspeed (knots) [73,74), Membership Value =0.00000000,0.0
Windspeed (knots) [74,75), Membership Value =0.00000000,0.0
Windspeed (knots) [75,76), Membership Value =0.00000000,0.0
Windspeed (knots) [76,77), Membership Value =0.00000000,0.0
Windspeed (knots) [77,78), Membership Value =0.00000000,0.0
Windspeed (knots) [78,79), Membership Value =0.00000000,0.0
Windspeed (knots) [79,80), Membership Value =0.00000000,0.0
Windspeed (knots) [80,81), Membership Value =0.00000000,0.0
Windspeed (knots) [81,82), Membership Value =0.00000000,0.0
Windspeed (knots) [82,83), Membership Value =0.00000000,0.0
Windspeed (knots) [83,84), Membership Value =0.00000000,0.0
Windspeed (knots) [84,85), Membership Value =0.00000000,0.0
Windspeed (knots) [85,86), Membership Value =0.00000000,0.0
Windspeed (knots) [86,87), Membership Value =0.00000000,0.0
Windspeed (knots) [87,88), Membership Value =0.00000000,0.0
Windspeed (knots) [88,89), Membership Value =0.00000000,0.0
Windspeed (knots) [89,90), Membership Value =0.00000000,0.0
Windspeed (knots) [90,91), Membership Value =0.00000000,0.0
Windspeed (knots) [91,92), Membership Value =0.00000000,0.0
Windspeed (knots) [92,93), Membership Value =0.00000000,0.0
Windspeed (knots) [93,94), Membership Value =0.00000000,0.0
Windspeed (knots) [94,95), Membership Value =0.00000000,0.0
Windspeed (knots) [95,96), Membership Value =0.00000000,0.0
Windspeed (knots) [96,97), Membership Value =0.00000000,0.0
Windspeed (knots) [97,98), Membership Value =0.00000000,0.0
Windspeed (knots) [98,99), Membership Value =0.00000000,0.0
Windspeed (knots) [99,100), Membership Value =0.00000000,0.0
Windspeed (knots) [100,101), Membership Value =0.00000000,0.0
Windspeed (knots) [101,102), Membership Value =0.00000000,0.0
Windspeed (knots) [102,103), Membership Value =0.00000000,0.0
Windspeed (knots) [103,104), Membership Value =0.00000000,0.0
Windspeed (knots) [104,105), Membership Value =0.00000000,0.0
Windspeed (knots) [105,106), Membership Value =0.00000000,0.0
Windspeed (knots) [106,107), Membership Value =0.00000000,0.0
Windspeed (knots) [107,108), Membership Value =0.00000000,0.0
Windspeed (knots) [108,109), Membership Value =0.00000000,0.0
Windspeed (knots) [109,110), Membership Value =0.00000000,0.0
Windspeed (knots) [110,111), Membership Value =0.00000000,0.0
Windspeed (knots) [111,112), Membership Value =0.00000000,0.0
Windspeed (knots) [112,113), Membership Value =0.00000000,0.0
Windspeed (knots) [113,114), Membership Value =0.00000000,0.0
Windspeed (knots) [114,115), Membership Value =0.00000000,0.0
Windspeed (knots) [115,116), Membership Value =0.00000000,0.0
Windspeed (knots) [116,117), Membership Value =0.00000000,0.0
Windspeed (knots) [117,118), Membership Value =0.00000000,0.0
Windspeed (knots) [118,119), Membership Value =0.00000000,0.0
Windspeed (knots) [119,120), Membership Value =0.00000000,0.0
Windspeed (knots) [120,121), Membership Value =0.00000000,0.0
Windspeed (knots) [121,122), Membership Value =0.00000000,0.0
Windspeed (knots) [122,123), Membership Value =0.00000000,0.0
Windspeed (knots) [123,124), Membership Value =0.00000000,0.0
Windspeed (knots) [124,125), Membership Value =0.00000000,0.0
LowestWindspeedThatIsWindyKnots for station KLAX is 7 knots.
Transition limited :true
bUseWeatherPrediction: true
The running average is 1
The y-int is 7
Energy harvested: 1674175.4775000259
iGeneratingEnergyWhenGridNeedsEnergyMinutes =392974
iGeneratingEnergyWhenGridNeedsEnergyMinutes =392974
iUsingEnergyWhenGridNeedsEnergyMinutes =2021
iGeneratingEnergyWhenGridHasExcessEnergyMinutes = 3324
iUsingEnergyWhenGridHasExcessEnergyMinutes = 39
iIdleWhenGridDoesNotNeedEnergyMinutes = 42717
iIdleWhenGridNeedsEnergyMinutes = 4292361
iEnergyPriceIsZeroMinutes = 240
harvester.getEnergyHarvestedAVAILABLEKilowattHours( ): 9040475.866666667
harvester.getEnergyHarvestedKilowattHours(): 1674175.4775000259
The y-int is 17
Energy harvested: 2504205.5933333263
iGeneratingEnergyWhenGridNeedsEnergyMinutes =404694
iGeneratingEnergyWhenGridNeedsEnergyMinutes =404694
iUsingEnergyWhenGridNeedsEnergyMinutes =993
iGeneratingEnergyWhenGridHasExcessEnergyMinutes = 1233
iUsingEnergyWhenGridHasExcessEnergyMinutes = 39
iIdleWhenGridDoesNotNeedEnergyMinutes = 44808
iIdleWhenGridNeedsEnergyMinutes = 4281669
iEnergyPriceIsZeroMinutes = 240
harvester.getEnergyHarvestedAVAILABLEKilowattHours( ): 9040475.866666667
harvester.getEnergyHarvestedKilowattHours(): 2504205.5933333263
The y-int is 27
Energy harvested: 1901638.034722251
iGeneratingEnergyWhenGridNeedsEnergyMinutes =393985
iGeneratingEnergyWhenGridNeedsEnergyMinutes =393985
iUsingEnergyWhenGridNeedsEnergyMinutes =2011
iGeneratingEnergyWhenGridHasExcessEnergyMinutes = 1146
iUsingEnergyWhenGridHasExcessEnergyMinutes = 57
iIdleWhenGridDoesNotNeedEnergyMinutes = 44877
iIdleWhenGridNeedsEnergyMinutes = 4291360
iEnergyPriceIsZeroMinutes = 240
harvester.getEnergyHarvestedAVAILABLEKilowattHours( ): 9040475.866666667
harvester.getEnergyHarvestedKilowattHours(): 1901638.034722251
The y-int is 37
Energy harvested: 1876106.190000029
iGeneratingEnergyWhenGridNeedsEnergyMinutes =392863
iGeneratingEnergyWhenGridNeedsEnergyMinutes =392863
iUsingEnergyWhenGridNeedsEnergyMinutes =2051
iGeneratingEnergyWhenGridHasExcessEnergyMinutes = 2261
iUsingEnergyWhenGridHasExcessEnergyMinutes = 57
iIdleWhenGridDoesNotNeedEnergyMinutes = 43762
iIdleWhenGridNeedsEnergyMinutes = 4292442
iEnergyPriceIsZeroMinutes = 240
harvester.getEnergyHarvestedAVAILABLEKilowattHours( ): 9040475.866666667
harvester.getEnergyHarvestedKilowattHours(): 1876106.190000029
The running average is 31
The y-int is 7
Energy harvested: 1686179.2138889155
iGeneratingEnergyWhenGridNeedsEnergyMinutes =394402
iGeneratingEnergyWhenGridNeedsEnergyMinutes =394402
iUsingEnergyWhenGridNeedsEnergyMinutes =2004
iGeneratingEnergyWhenGridHasExcessEnergyMinutes = 3309
iUsingEnergyWhenGridHasExcessEnergyMinutes = 19
iIdleWhenGridDoesNotNeedEnergyMinutes = 42752
iIdleWhenGridNeedsEnergyMinutes = 4290950
iEnergyPriceIsZeroMinutes = 240
harvester.getEnergyHarvestedAVAILABLEKilowattHours( ): 9040475.866666667
harvester.getEnergyHarvestedKilowattHours(): 1686179.2138889155
The y-int is 17
Energy harvested: 2334026.054444456
iGeneratingEnergyWhenGridNeedsEnergyMinutes =401882
iGeneratingEnergyWhenGridNeedsEnergyMinutes =401882
iUsingEnergyWhenGridNeedsEnergyMinutes =1253
iGeneratingEnergyWhenGridHasExcessEnergyMinutes = 1292
iUsingEnergyWhenGridHasExcessEnergyMinutes = 39
iIdleWhenGridDoesNotNeedEnergyMinutes = 44749
iIdleWhenGridNeedsEnergyMinutes = 4284221
iEnergyPriceIsZeroMinutes = 240
harvester.getEnergyHarvestedAVAILABLEKilowattHours( ): 9040475.866666667
harvester.getEnergyHarvestedKilowattHours(): 2334026.054444456
The y-int is 27
Energy harvested: 1892189.1288889176
iGeneratingEnergyWhenGridNeedsEnergyMinutes =394327
iGeneratingEnergyWhenGridNeedsEnergyMinutes =394327
iUsingEnergyWhenGridNeedsEnergyMinutes =2031
iGeneratingEnergyWhenGridHasExcessEnergyMinutes = 1287
iUsingEnergyWhenGridHasExcessEnergyMinutes = 57
iIdleWhenGridDoesNotNeedEnergyMinutes = 44736
iIdleWhenGridNeedsEnergyMinutes = 4290998
iEnergyPriceIsZeroMinutes = 240
harvester.getEnergyHarvestedAVAILABLEKilowattHours( ): 9040475.866666667
harvester.getEnergyHarvestedKilowattHours(): 1892189.1288889176
The y-int is 37
Energy harvested: 1876106.190000029
iGeneratingEnergyWhenGridNeedsEnergyMinutes =392863
iGeneratingEnergyWhenGridNeedsEnergyMinutes =392863
iUsingEnergyWhenGridNeedsEnergyMinutes =2051
iGeneratingEnergyWhenGridHasExcessEnergyMinutes = 2261
iUsingEnergyWhenGridHasExcessEnergyMinutes = 57
iIdleWhenGridDoesNotNeedEnergyMinutes = 43762
iIdleWhenGridNeedsEnergyMinutes = 4292442
iEnergyPriceIsZeroMinutes = 240
harvester.getEnergyHarvestedAVAILABLEKilowattHours( ): 9040475.866666667
harvester.getEnergyHarvestedKilowattHours(): 1876106.190000029
The running average is 61
The y-int is 7
Energy harvested: 1689001.5416666935
iGeneratingEnergyWhenGridNeedsEnergyMinutes =393898
iGeneratingEnergyWhenGridNeedsEnergyMinutes =393898
iUsingEnergyWhenGridNeedsEnergyMinutes =1987
iGeneratingEnergyWhenGridHasExcessEnergyMinutes = 3282
iUsingEnergyWhenGridHasExcessEnergyMinutes = 53
iIdleWhenGridDoesNotNeedEnergyMinutes = 42745
iIdleWhenGridNeedsEnergyMinutes = 4291471
iEnergyPriceIsZeroMinutes = 240
harvester.getEnergyHarvestedAVAILABLEKilowattHours( ): 9040475.866666667
harvester.getEnergyHarvestedKilowattHours(): 1689001.5416666935
The y-int is 17
Energy harvested: 2303998.8786111283
iGeneratingEnergyWhenGridNeedsEnergyMinutes =401910
iGeneratingEnergyWhenGridNeedsEnergyMinutes =401910
iUsingEnergyWhenGridNeedsEnergyMinutes =1286
iGeneratingEnergyWhenGridHasExcessEnergyMinutes = 1399
iUsingEnergyWhenGridHasExcessEnergyMinutes = 39
iIdleWhenGridDoesNotNeedEnergyMinutes = 44642
iIdleWhenGridNeedsEnergyMinutes = 4284160
iEnergyPriceIsZeroMinutes = 240
harvester.getEnergyHarvestedAVAILABLEKilowattHours( ): 9040475.866666667
harvester.getEnergyHarvestedKilowattHours(): 2303998.8786111283
The y-int is 27
Energy harvested: 1876106.190000029
iGeneratingEnergyWhenGridNeedsEnergyMinutes =392863
iGeneratingEnergyWhenGridNeedsEnergyMinutes =392863
iUsingEnergyWhenGridNeedsEnergyMinutes =2051
iGeneratingEnergyWhenGridHasExcessEnergyMinutes = 2261
iUsingEnergyWhenGridHasExcessEnergyMinutes = 57
iIdleWhenGridDoesNotNeedEnergyMinutes = 43762
iIdleWhenGridNeedsEnergyMinutes = 4292442
iEnergyPriceIsZeroMinutes = 240
harvester.getEnergyHarvestedAVAILABLEKilowattHours( ): 9040475.866666667
harvester.getEnergyHarvestedKilowattHours(): 1876106.190000029
The y-int is 37
Energy harvested: 1876106.190000029
iGeneratingEnergyWhenGridNeedsEnergyMinutes =392863
iGeneratingEnergyWhenGridNeedsEnergyMinutes =392863
iUsingEnergyWhenGridNeedsEnergyMinutes =2051
iGeneratingEnergyWhenGridHasExcessEnergyMinutes = 2261
iUsingEnergyWhenGridHasExcessEnergyMinutes = 57
iIdleWhenGridDoesNotNeedEnergyMinutes = 43762
iIdleWhenGridNeedsEnergyMinutes = 4292442
iEnergyPriceIsZeroMinutes = 240
harvester.getEnergyHarvestedAVAILABLEKilowattHours( ): 9040475.866666667
harvester.getEnergyHarvestedKilowattHours(): 1876106.190000029
The running average is 91
The y-int is 7
Energy harvested: 1691943.5197222484
iGeneratingEnergyWhenGridNeedsEnergyMinutes =393610
iGeneratingEnergyWhenGridNeedsEnergyMinutes =393610
iUsingEnergyWhenGridNeedsEnergyMinutes =1957
iGeneratingEnergyWhenGridHasExcessEnergyMinutes = 3247
iUsingEnergyWhenGridHasExcessEnergyMinutes = 39
iIdleWhenGridDoesNotNeedEnergyMinutes = 42794
iIdleWhenGridNeedsEnergyMinutes = 4291789
iEnergyPriceIsZeroMinutes = 240
harvester.getEnergyHarvestedAVAILABLEKilowattHours( ): 9040475.866666667
harvester.getEnergyHarvestedKilowattHours(): 1691943.5197222484
The y-int is 17
Energy harvested: 2277039.26472224
iGeneratingEnergyWhenGridNeedsEnergyMinutes =402127
iGeneratingEnergyWhenGridNeedsEnergyMinutes =402127
iUsingEnergyWhenGridNeedsEnergyMinutes =1315
iGeneratingEnergyWhenGridHasExcessEnergyMinutes = 1450
iUsingEnergyWhenGridHasExcessEnergyMinutes = 57
iIdleWhenGridDoesNotNeedEnergyMinutes = 44573
iIdleWhenGridNeedsEnergyMinutes = 4283914
iEnergyPriceIsZeroMinutes = 240
harvester.getEnergyHarvestedAVAILABLEKilowattHours( ): 9040475.866666667
harvester.getEnergyHarvestedKilowattHours(): 2277039.26472224
The y-int is 27
Energy harvested: 1876106.190000029
iGeneratingEnergyWhenGridNeedsEnergyMinutes =392863
iGeneratingEnergyWhenGridNeedsEnergyMinutes =392863
iUsingEnergyWhenGridNeedsEnergyMinutes =2051
iGeneratingEnergyWhenGridHasExcessEnergyMinutes = 2261
iUsingEnergyWhenGridHasExcessEnergyMinutes = 57
iIdleWhenGridDoesNotNeedEnergyMinutes = 43762
iIdleWhenGridNeedsEnergyMinutes = 4292442
iEnergyPriceIsZeroMinutes = 240
harvester.getEnergyHarvestedAVAILABLEKilowattHours( ): 9040475.866666667
harvester.getEnergyHarvestedKilowattHours(): 1876106.190000029
The y-int is 37
Energy harvested: 1876106.190000029
iGeneratingEnergyWhenGridNeedsEnergyMinutes =392863
iGeneratingEnergyWhenGridNeedsEnergyMinutes =392863
iUsingEnergyWhenGridNeedsEnergyMinutes =2051
iGeneratingEnergyWhenGridHasExcessEnergyMinutes = 2261
iUsingEnergyWhenGridHasExcessEnergyMinutes = 57
iIdleWhenGridDoesNotNeedEnergyMinutes = 43762
iIdleWhenGridNeedsEnergyMinutes = 4292442
iEnergyPriceIsZeroMinutes = 240
harvester.getEnergyHarvestedAVAILABLEKilowattHours( ): 9040475.866666667
harvester.getEnergyHarvestedKilowattHours(): 1876106.190000029
The running average is 121
The y-int is 7
Energy harvested: 1692861.9913889146
iGeneratingEnergyWhenGridNeedsEnergyMinutes =393075
iGeneratingEnergyWhenGridNeedsEnergyMinutes =393075
iUsingEnergyWhenGridNeedsEnergyMinutes =1936
iGeneratingEnergyWhenGridHasExcessEnergyMinutes = 3237
iUsingEnergyWhenGridHasExcessEnergyMinutes = 39
iIdleWhenGridDoesNotNeedEnergyMinutes = 42804
iIdleWhenGridNeedsEnergyMinutes = 4292345
iEnergyPriceIsZeroMinutes = 240
harvester.getEnergyHarvestedAVAILABLEKilowattHours( ): 9040475.866666667
harvester.getEnergyHarvestedKilowattHours(): 1692861.9913889146
The y-int is 17
Energy harvested: 2256357.7400000184
iGeneratingEnergyWhenGridNeedsEnergyMinutes =403145
iGeneratingEnergyWhenGridNeedsEnergyMinutes =403145
iUsingEnergyWhenGridNeedsEnergyMinutes =1343
iGeneratingEnergyWhenGridHasExcessEnergyMinutes = 1450
iUsingEnergyWhenGridHasExcessEnergyMinutes = 57
iIdleWhenGridDoesNotNeedEnergyMinutes = 44573
iIdleWhenGridNeedsEnergyMinutes = 4282868
iEnergyPriceIsZeroMinutes = 240
harvester.getEnergyHarvestedAVAILABLEKilowattHours( ): 9040475.866666667
harvester.getEnergyHarvestedKilowattHours(): 2256357.7400000184
The y-int is 27
Energy harvested: 1876106.190000029
iGeneratingEnergyWhenGridNeedsEnergyMinutes =392863
iGeneratingEnergyWhenGridNeedsEnergyMinutes =392863
iUsingEnergyWhenGridNeedsEnergyMinutes =2051
iGeneratingEnergyWhenGridHasExcessEnergyMinutes = 2261
iUsingEnergyWhenGridHasExcessEnergyMinutes = 57
iIdleWhenGridDoesNotNeedEnergyMinutes = 43762
iIdleWhenGridNeedsEnergyMinutes = 4292442
iEnergyPriceIsZeroMinutes = 240
harvester.getEnergyHarvestedAVAILABLEKilowattHours( ): 9040475.866666667
harvester.getEnergyHarvestedKilowattHours(): 1876106.190000029
The y-int is 37
Energy harvested: 1876106.190000029
iGeneratingEnergyWhenGridNeedsEnergyMinutes =392863
iGeneratingEnergyWhenGridNeedsEnergyMinutes =392863
iUsingEnergyWhenGridNeedsEnergyMinutes =2051
iGeneratingEnergyWhenGridHasExcessEnergyMinutes = 2261
iUsingEnergyWhenGridHasExcessEnergyMinutes = 57
iIdleWhenGridDoesNotNeedEnergyMinutes = 43762
iIdleWhenGridNeedsEnergyMinutes = 4292442
iEnergyPriceIsZeroMinutes = 240
harvester.getEnergyHarvestedAVAILABLEKilowattHours( ): 9040475.866666667
harvester.getEnergyHarvestedKilowattHours(): 1876106.190000029
Beginning testing mode:
station,&,y_intercept_for_month_1,&,running_average_size_minutes_for_month_1,&,y_intercept_for_month_2,&,running_average_size_minutes_for_month_2,&,y_intercept_for_month_3,&,running_average_size_minutes_for_month_3,&,y_intercept_for_month_4,&,running_average_size_minutes_for_month_4,&,y_intercept_for_month_5,&,running_average_size_minutes_for_month_5,&,y_intercept_for_month_6,&,running_average_size_minutes_for_month_6,&,y_intercept_for_month_7,&,running_average_size_minutes_for_month_7,&,y_intercept_for_month_8,&,running_average_size_minutes_for_month_8,&,y_intercept_for_month_9,&,running_average_size_minutes_for_month_9,&,y_intercept_for_month_10,&,running_average_size_minutes_for_month_10,&,y_intercept_for_month_11,&,running_average_size_minutes_for_month_11,&,y_intercept_for_month_12,&,running_average_size_minutes_for_month_12,&,dNetNorm,&,dMarketBalancePercentage,&,dMarketNetNorm,
results: KLAX,&,17,&,1,&,17,&,1,&,17,&,1,&,27,&,1,&,17,&,1,&,7,&,1,&,7,&,31,&,7,&,121,&,17,&,1,&,7,&,1,&,17,&,1,&,17,&,1,&,0.22293378599190666,&,0.9591409052698878,&,0.2138249133115208
monthly visible minutes:KLAX,&,2013,&,8672,&,8672,&,8672,&,8672,&,8672,&,8672,&,8672,&,8672,&,8672,&,8672,&,8672,&,8672,&,
monthly visible minutes:KLAX,&,2014,&,8672,&,8672,&,8672,&,8672,&,8672,&,8672,&,8672,&,8672,&,8672,&,8672,&,8672,&,8672,&,
monthly minutes harvester between states:KLAX,&,2013,&,38,&,38,&,38,&,38,&,38,&,38,&,38,&,38,&,38,&,38,&,38,&,38,&,
monthly minutes harvester between states:KLAX,&,2014,&,38,&,38,&,38,&,38,&,38,&,38,&,38,&,38,&,38,&,38,&,38,&,38,&,
station,&,y_intercept_for_month_1,&,running_average_size_minutes_for_month_1,&,y_intercept_for_month_2,&,running_average_size_minutes_for_month_2,&,y_intercept_for_month_3,&,running_average_size_minutes_for_month_3,&,y_intercept_for_month_4,&,running_average_size_minutes_for_month_4,&,y_intercept_for_month_5,&,running_average_size_minutes_for_month_5,&,y_intercept_for_month_6,&,running_average_size_minutes_for_month_6,&,y_intercept_for_month_7,&,running_average_size_minutes_for_month_7,&,y_intercept_for_month_8,&,running_average_size_minutes_for_month_8,&,y_intercept_for_month_9,&,running_average_size_minutes_for_month_9,&,y_intercept_for_month_10,&,running_average_size_minutes_for_month_10,&,y_intercept_for_month_11,&,running_average_size_minutes_for_month_11,&,y_intercept_for_month_12,&,running_average_size_minutes_for_month_12,&,dNetNorm,&,dMarketBalancePercentage,&,dMarketNetNorm,
results: KLAX,&,17,&,1,&,17,&,1,&,17,&,1,&,27,&,1,&,17,&,1,&,7,&,1,&,7,&,31,&,7,&,121,&,17,&,1,&,7,&,1,&,17,&,1,&,17,&,1,&,0.22293378599190666,&,0.9591409052698878,&,0.2138249133115208
monthly visible minutes:KLAX,&,2013,&,8672,&,8672,&,8672,&,8672,&,8672,&,8672,&,8672,&,8672,&,8672,&,8672,&,8672,&,8672,&,
monthly visible minutes:KLAX,&,2014,&,8672,&,8672,&,8672,&,8672,&,8672,&,8672,&,8672,&,8672,&,8672,&,8672,&,8672,&,8672,&,
monthly minutes harvester between states:KLAX,&,2013,&,38,&,38,&,38,&,38,&,38,&,38,&,38,&,38,&,38,&,38,&,38,&,38,&,
monthly minutes harvester between states:KLAX,&,2014,&,38,&,38,&,38,&,38,&,38,&,38,&,38,&,38,&,38,&,38,&,38,&,38,&,
Station: KLGA
abc: The current path is /home/guy/retractable-wind
I have found the property file.
The training windspeed filename is /trainingKLGA2004-2012in.csv
The testing windspeed filename is /testingKLGA2013-2014in.csv
Yes, the station is KLGA
Warning: The bAlsoUsePrediction no longer has any effect
iUsedAllItsAllocatedVisibilityMinutesPerMonth: 8760
Visibility Allocation Minutes:8760
HARVESTER_SIZE_SQM is 6362
Reading file
Success: /Wind turbine power curves - wind turbine power output against wind speed in knots.csv found.
Speed (Knots) = Speed(knots) vs power (kW) , Power (kW) =V90
Speed (Knots) = 0 , Power (kW) =0
Speed (Knots) = 1 , Power (kW) =0
Speed (Knots) = 2 , Power (kW) =0
Speed (Knots) = 3 , Power (kW) =0
Speed (Knots) = 4 , Power (kW) =0
Speed (Knots) = 5 , Power (kW) =0
Speed (Knots) = 6 , Power (kW) =0
Speed (Knots) = 7 , Power (kW) =38
Speed (Knots) = 8 , Power (kW) =87
Speed (Knots) = 9 , Power (kW) =141
Speed (Knots) = 10 , Power (kW) =207
Speed (Knots) = 11 , Power (kW) =286
Speed (Knots) = 12 , Power (kW) =382
Speed (Knots) = 13 , Power (kW) =496
Speed (Knots) = 14 , Power (kW) =628
Speed (Knots) = 15 , Power (kW) =781
Speed (Knots) = 16 , Power (kW) =957
Speed (Knots) = 17 , Power (kW) =1153
Speed (Knots) = 18 , Power (kW) =1366
Speed (Knots) = 19 , Power (kW) =1589
Speed (Knots) = 20 , Power (kW) =1814
Speed (Knots) = 21 , Power (kW) =2035
Speed (Knots) = 22 , Power (kW) =2250
Speed (Knots) = 23 , Power (kW) =2452
Speed (Knots) = 24 , Power (kW) =2634
Speed (Knots) = 25 , Power (kW) =2784
Speed (Knots) = 26 , Power (kW) =2888
Speed (Knots) = 27 , Power (kW) =2949
Speed (Knots) = 28 , Power (kW) =2980
Speed (Knots) = 29 , Power (kW) =2993
Speed (Knots) = 30 , Power (kW) =3000
Speed (Knots) = 31 , Power (kW) =3000
Speed (Knots) = 32 , Power (kW) =3000
Speed (Knots) = 33 , Power (kW) =3000
Speed (Knots) = 34 , Power (kW) =3000
Speed (Knots) = 35 , Power (kW) =3000
Speed (Knots) = 36 , Power (kW) =3000
Speed (Knots) = 37 , Power (kW) =3000
Speed (Knots) = 38 , Power (kW) =3000
Speed (Knots) = 39 , Power (kW) =3000
Speed (Knots) = 40 , Power (kW) =3000
Speed (Knots) = 41 , Power (kW) =3000
Speed (Knots) = 42 , Power (kW) =3000
Speed (Knots) = 43 , Power (kW) =3000
Speed (Knots) = 44 , Power (kW) =3000
Speed (Knots) = 45 , Power (kW) =3000
Speed (Knots) = 46 , Power (kW) =3000
Speed (Knots) = 47 , Power (kW) =3000
Speed (Knots) = 48 , Power (kW) =3000
Speed (Knots) = 49 , Power (kW) =0
Speed (Knots) = 50 , Power (kW) =0
Speed (Knots) = 51 , Power (kW) =0
Speed (Knots) = 52 , Power (kW) =0
Speed (Knots) = 53 , Power (kW) =0
Speed (Knots) = 54 , Power (kW) =0
Speed (Knots) = 55 , Power (kW) =0
Speed (Knots) = 56 , Power (kW) =0
Speed (Knots) = 57 , Power (kW) =0
Speed (Knots) = 58 , Power (kW) =0
Speed (Knots) = 59 , Power (kW) =0
Speed (Knots) = 60 , Power (kW) =0
The scale is 1.0
Wind power at 10 knots in kilowatts is 207.0
Wind power in-cut-out test 0.0
Aging
Class name:edu.pitt.cs.people.guy.wind.benchmarks.Aging
Success: /Noise_Allowed_Time_Definitions_All_Stations.csv found.
The station is the record is KLGA
Success: /Noise_Allowed_Time_Definitions_All_Stations.csv found.
The station is the record is KLGA
I have found the membership file for NOT WINDY.
Windspeed (knots) [0,1), Membership Value =1.00000000,1.0
Windspeed (knots) [1,2), Membership Value =0.99999030,0.9999903
Windspeed (knots) [2,3), Membership Value =0.99983586,0.99983585
Windspeed (knots) [3,4), Membership Value =0.99896311,0.9989631
Windspeed (knots) [4,5), Membership Value =0.99585529,0.9958553
Windspeed (knots) [5,6), Membership Value =0.98809748,0.9880975
Windspeed (knots) [6,7), Membership Value =0.97214940,0.9721494
Windspeed (knots) [7,8), Membership Value =0.94498727,0.9449873
Windspeed (knots) [8,9), Membership Value =0.90291974,0.90291977
Windspeed (knots) [9,10), Membership Value =0.84773545,0.84773546
Windspeed (knots) [10,11), Membership Value =0.78144970,0.7814497
Windspeed (knots) [11,12), Membership Value =0.70288628,0.7028863
Windspeed (knots) [12,13), Membership Value =0.61769336,0.61769336
Windspeed (knots) [13,14), Membership Value =0.52980379,0.5298038
Windspeed (knots) [14,15), Membership Value =0.44055494,0.44055495
Windspeed (knots) [15,16), Membership Value =0.35444121,0.3544412
Windspeed (knots) [16,17), Membership Value =0.27128060,0.2712806
Windspeed (knots) [17,18), Membership Value =0.19481438,0.19481438
Windspeed (knots) [18,19), Membership Value =0.11987781,0.11987781
Windspeed (knots) [19,20), Membership Value =0.05612127,0.05612127
Windspeed (knots) [20,21), Membership Value =0.00000000,0.0
Windspeed (knots) [21,22), Membership Value =0.00000000,0.0
Windspeed (knots) [22,23), Membership Value =0.00000000,0.0
Windspeed (knots) [23,24), Membership Value =0.00000000,0.0
Windspeed (knots) [24,25), Membership Value =0.00000000,0.0
Windspeed (knots) [25,26), Membership Value =0.00000000,0.0
Windspeed (knots) [26,27), Membership Value =0.00000000,0.0
Windspeed (knots) [27,28), Membership Value =0.00000000,0.0
Windspeed (knots) [28,29), Membership Value =0.00000000,0.0
Windspeed (knots) [29,30), Membership Value =0.00000000,0.0
Windspeed (knots) [30,31), Membership Value =0.00000000,0.0
Windspeed (knots) [31,32), Membership Value =0.00000000,0.0
Windspeed (knots) [32,33), Membership Value =0.00000000,0.0
Windspeed (knots) [33,34), Membership Value =0.00000000,0.0
Windspeed (knots) [34,35), Membership Value =0.00000000,0.0
Windspeed (knots) [35,36), Membership Value =0.00000000,0.0
Windspeed (knots) [36,37), Membership Value =0.00000000,0.0
Windspeed (knots) [37,38), Membership Value =0.00000000,0.0
Windspeed (knots) [38,39), Membership Value =0.00000000,0.0
Windspeed (knots) [39,40), Membership Value =0.00000000,0.0
Windspeed (knots) [40,41), Membership Value =0.00000000,0.0
Windspeed (knots) [41,42), Membership Value =0.00000000,0.0
Windspeed (knots) [42,43), Membership Value =0.00000000,0.0
Windspeed (knots) [43,44), Membership Value =0.00000000,0.0
Windspeed (knots) [44,45), Membership Value =0.00000000,0.0
Windspeed (knots) [45,46), Membership Value =0.00000000,0.0
Windspeed (knots) [46,47), Membership Value =0.00000000,0.0
Windspeed (knots) [47,48), Membership Value =0.00000000,0.0
Windspeed (knots) [48,49), Membership Value =0.00000000,0.0
Windspeed (knots) [49,50), Membership Value =0.00000000,0.0
Windspeed (knots) [50,51), Membership Value =0.00000000,0.0
Windspeed (knots) [51,52), Membership Value =0.00000000,0.0
Windspeed (knots) [52,53), Membership Value =0.00000000,0.0
Windspeed (knots) [53,54), Membership Value =0.00000000,0.0
Windspeed (knots) [54,55), Membership Value =0.00000000,0.0
Windspeed (knots) [55,56), Membership Value =0.00000000,0.0
Windspeed (knots) [56,57), Membership Value =0.00000000,0.0
Windspeed (knots) [57,58), Membership Value =0.00000000,0.0
Windspeed (knots) [58,59), Membership Value =0.00000000,0.0
Windspeed (knots) [59,60), Membership Value =0.00000000,0.0
Windspeed (knots) [60,61), Membership Value =0.00000000,0.0
Windspeed (knots) [61,62), Membership Value =0.00000000,0.0
Windspeed (knots) [62,63), Membership Value =0.00000000,0.0
Windspeed (knots) [63,64), Membership Value =0.00000000,0.0
Windspeed (knots) [64,65), Membership Value =0.00000000,0.0
Windspeed (knots) [65,66), Membership Value =0.00000000,0.0
Windspeed (knots) [66,67), Membership Value =0.00000000,0.0
Windspeed (knots) [67,68), Membership Value =0.00000000,0.0
Windspeed (knots) [68,69), Membership Value =0.00000000,0.0
Windspeed (knots) [69,70), Membership Value =0.00000000,0.0
Windspeed (knots) [70,71), Membership Value =0.00000000,0.0
Windspeed (knots) [71,72), Membership Value =0.00000000,0.0
Windspeed (knots) [72,73), Membership Value =0.00000000,0.0
Windspeed (knots) [73,74), Membership Value =0.00000000,0.0
Windspeed (knots) [74,75), Membership Value =0.00000000,0.0
Windspeed (knots) [75,76), Membership Value =0.00000000,0.0
Windspeed (knots) [76,77), Membership Value =0.00000000,0.0
Windspeed (knots) [77,78), Membership Value =0.00000000,0.0
Windspeed (knots) [78,79), Membership Value =0.00000000,0.0
Windspeed (knots) [79,80), Membership Value =0.00000000,0.0
Windspeed (knots) [80,81), Membership Value =0.00000000,0.0
Windspeed (knots) [81,82), Membership Value =0.00000000,0.0
Windspeed (knots) [82,83), Membership Value =0.00000000,0.0
Windspeed (knots) [83,84), Membership Value =0.00000000,0.0
Windspeed (knots) [84,85), Membership Value =0.00000000,0.0
Windspeed (knots) [85,86), Membership Value =0.00000000,0.0
Windspeed (knots) [86,87), Membership Value =0.00000000,0.0
Windspeed (knots) [87,88), Membership Value =0.00000000,0.0
Windspeed (knots) [88,89), Membership Value =0.00000000,0.0
Windspeed (knots) [89,90), Membership Value =0.00000000,0.0
Windspeed (knots) [90,91), Membership Value =0.00000000,0.0
Windspeed (knots) [91,92), Membership Value =0.00000000,0.0
Windspeed (knots) [92,93), Membership Value =0.00000000,0.0
Windspeed (knots) [93,94), Membership Value =0.00000000,0.0
Windspeed (knots) [94,95), Membership Value =0.00000000,0.0
Windspeed (knots) [95,96), Membership Value =0.00000000,0.0
Windspeed (knots) [96,97), Membership Value =0.00000000,0.0
Windspeed (knots) [97,98), Membership Value =0.00000000,0.0
Windspeed (knots) [98,99), Membership Value =0.00000000,0.0
Windspeed (knots) [99,100), Membership Value =0.00000000,0.0
Windspeed (knots) [100,101), Membership Value =0.00000000,0.0
Windspeed (knots) [101,102), Membership Value =0.00000000,0.0
Windspeed (knots) [102,103), Membership Value =0.00000000,0.0
Windspeed (knots) [103,104), Membership Value =0.00000000,0.0
Windspeed (knots) [104,105), Membership Value =0.00000000,0.0
Windspeed (knots) [105,106), Membership Value =0.00000000,0.0
Windspeed (knots) [106,107), Membership Value =0.00000000,0.0
Windspeed (knots) [107,108), Membership Value =0.00000000,0.0
Windspeed (knots) [108,109), Membership Value =0.00000000,0.0
Windspeed (knots) [109,110), Membership Value =0.00000000,0.0
Windspeed (knots) [110,111), Membership Value =0.00000000,0.0
Windspeed (knots) [111,112), Membership Value =0.00000000,0.0
Windspeed (knots) [112,113), Membership Value =0.00000000,0.0
Windspeed (knots) [113,114), Membership Value =0.00000000,0.0
Windspeed (knots) [114,115), Membership Value =0.00000000,0.0
Windspeed (knots) [115,116), Membership Value =0.00000000,0.0
Windspeed (knots) [116,117), Membership Value =0.00000000,0.0
Windspeed (knots) [117,118), Membership Value =0.00000000,0.0
Windspeed (knots) [118,119), Membership Value =0.00000000,0.0
Windspeed (knots) [119,120), Membership Value =0.00000000,0.0
Windspeed (knots) [120,121), Membership Value =0.00000000,0.0
Windspeed (knots) [121,122), Membership Value =0.00000000,0.0
Windspeed (knots) [122,123), Membership Value =0.00000000,0.0
Windspeed (knots) [123,124), Membership Value =0.00000000,0.0
Windspeed (knots) [124,125), Membership Value =0.00000000,0.0
LowestWindspeedThatIsWindyKnots for station KLGA is 9 knots.
Transition limited :true
bUseWeatherPrediction: true
The running average is 1
The y-int is 9
Energy harvested: 4661960.743055397
iGeneratingEnergyWhenGridNeedsEnergyMinutes =642967
iGeneratingEnergyWhenGridNeedsEnergyMinutes =642967
iUsingEnergyWhenGridNeedsEnergyMinutes =1789
iGeneratingEnergyWhenGridHasExcessEnergyMinutes = 6849
iUsingEnergyWhenGridHasExcessEnergyMinutes = 73
iIdleWhenGridDoesNotNeedEnergyMinutes = 39158
iIdleWhenGridNeedsEnergyMinutes = 4043622
iEnergyPriceIsZeroMinutes = 240
harvester.getEnergyHarvestedAVAILABLEKilowattHours( ): 2.4147111533333335E7
harvester.getEnergyHarvestedKilowattHours(): 4661960.743055397
The y-int is 19
Energy harvested: 6226182.949166671
iGeneratingEnergyWhenGridNeedsEnergyMinutes =685806
iGeneratingEnergyWhenGridNeedsEnergyMinutes =685806
iUsingEnergyWhenGridNeedsEnergyMinutes =384
iGeneratingEnergyWhenGridHasExcessEnergyMinutes = 6904
iUsingEnergyWhenGridHasExcessEnergyMinutes = 20
iIdleWhenGridDoesNotNeedEnergyMinutes = 39156
iIdleWhenGridNeedsEnergyMinutes = 4002188
iEnergyPriceIsZeroMinutes = 240
harvester.getEnergyHarvestedAVAILABLEKilowattHours( ): 2.4147111533333335E7
harvester.getEnergyHarvestedKilowattHours(): 6226182.949166671
The y-int is 29
Energy harvested: 4944445.791110973
iGeneratingEnergyWhenGridNeedsEnergyMinutes =643146
iGeneratingEnergyWhenGridNeedsEnergyMinutes =643146
iUsingEnergyWhenGridNeedsEnergyMinutes =1720
iGeneratingEnergyWhenGridHasExcessEnergyMinutes = 6949
iUsingEnergyWhenGridHasExcessEnergyMinutes = 59
iIdleWhenGridDoesNotNeedEnergyMinutes = 39072
iIdleWhenGridNeedsEnergyMinutes = 4043512
iEnergyPriceIsZeroMinutes = 240
harvester.getEnergyHarvestedAVAILABLEKilowattHours( ): 2.4147111533333335E7
harvester.getEnergyHarvestedKilowattHours(): 4944445.791110973
The y-int is 39
Energy harvested: 4943936.827222075
iGeneratingEnergyWhenGridNeedsEnergyMinutes =642735
iGeneratingEnergyWhenGridNeedsEnergyMinutes =642735
iUsingEnergyWhenGridNeedsEnergyMinutes =1824
iGeneratingEnergyWhenGridHasExcessEnergyMinutes = 7005
iUsingEnergyWhenGridHasExcessEnergyMinutes = 59
iIdleWhenGridDoesNotNeedEnergyMinutes = 39016
iIdleWhenGridNeedsEnergyMinutes = 4043819
iEnergyPriceIsZeroMinutes = 240
harvester.getEnergyHarvestedAVAILABLEKilowattHours( ): 2.4147111533333335E7
harvester.getEnergyHarvestedKilowattHours(): 4943936.827222075
The running average is 31
The y-int is 9
Energy harvested: 4711482.570833208
iGeneratingEnergyWhenGridNeedsEnergyMinutes =646010
iGeneratingEnergyWhenGridNeedsEnergyMinutes =646010
iUsingEnergyWhenGridNeedsEnergyMinutes =1690
iGeneratingEnergyWhenGridHasExcessEnergyMinutes = 6809
iUsingEnergyWhenGridHasExcessEnergyMinutes = 71
iIdleWhenGridDoesNotNeedEnergyMinutes = 39200
iIdleWhenGridNeedsEnergyMinutes = 4040678
iEnergyPriceIsZeroMinutes = 240
harvester.getEnergyHarvestedAVAILABLEKilowattHours( ): 2.4147111533333335E7
harvester.getEnergyHarvestedKilowattHours(): 4711482.570833208
The y-int is 19
Energy harvested: 6211350.6169444835
iGeneratingEnergyWhenGridNeedsEnergyMinutes =667370
iGeneratingEnergyWhenGridNeedsEnergyMinutes =667370
iUsingEnergyWhenGridNeedsEnergyMinutes =915
iGeneratingEnergyWhenGridHasExcessEnergyMinutes = 9391
iUsingEnergyWhenGridHasExcessEnergyMinutes = 20
iIdleWhenGridDoesNotNeedEnergyMinutes = 36669
iIdleWhenGridNeedsEnergyMinutes = 4020093
iEnergyPriceIsZeroMinutes = 240
harvester.getEnergyHarvestedAVAILABLEKilowattHours( ): 2.4147111533333335E7
harvester.getEnergyHarvestedKilowattHours(): 6211350.6169444835
The y-int is 29
Energy harvested: 4943936.827222075
iGeneratingEnergyWhenGridNeedsEnergyMinutes =642735
iGeneratingEnergyWhenGridNeedsEnergyMinutes =642735
iUsingEnergyWhenGridNeedsEnergyMinutes =1824
iGeneratingEnergyWhenGridHasExcessEnergyMinutes = 7005
iUsingEnergyWhenGridHasExcessEnergyMinutes = 59
iIdleWhenGridDoesNotNeedEnergyMinutes = 39016
iIdleWhenGridNeedsEnergyMinutes = 4043819
iEnergyPriceIsZeroMinutes = 240
harvester.getEnergyHarvestedAVAILABLEKilowattHours( ): 2.4147111533333335E7
harvester.getEnergyHarvestedKilowattHours(): 4943936.827222075
The y-int is 39
Energy harvested: 4943936.827222075
iGeneratingEnergyWhenGridNeedsEnergyMinutes =642735
iGeneratingEnergyWhenGridNeedsEnergyMinutes =642735
iUsingEnergyWhenGridNeedsEnergyMinutes =1824
iGeneratingEnergyWhenGridHasExcessEnergyMinutes = 7005
iUsingEnergyWhenGridHasExcessEnergyMinutes = 59
iIdleWhenGridDoesNotNeedEnergyMinutes = 39016
iIdleWhenGridNeedsEnergyMinutes = 4043819
iEnergyPriceIsZeroMinutes = 240
harvester.getEnergyHarvestedAVAILABLEKilowattHours( ): 2.4147111533333335E7
harvester.getEnergyHarvestedKilowattHours(): 4943936.827222075
The running average is 61
The y-int is 9
Energy harvested: 4722586.278888762
iGeneratingEnergyWhenGridNeedsEnergyMinutes =645542
iGeneratingEnergyWhenGridNeedsEnergyMinutes =645542
iUsingEnergyWhenGridNeedsEnergyMinutes =1657
iGeneratingEnergyWhenGridHasExcessEnergyMinutes = 6808
iUsingEnergyWhenGridHasExcessEnergyMinutes = 73
iIdleWhenGridDoesNotNeedEnergyMinutes = 39199
iIdleWhenGridNeedsEnergyMinutes = 4041179
iEnergyPriceIsZeroMinutes = 240
harvester.getEnergyHarvestedAVAILABLEKilowattHours( ): 2.4147111533333335E7
harvester.getEnergyHarvestedKilowattHours(): 4722586.278888762
The y-int is 19
Energy harvested: 5997924.480555531
iGeneratingEnergyWhenGridNeedsEnergyMinutes =666939
iGeneratingEnergyWhenGridNeedsEnergyMinutes =666939
iUsingEnergyWhenGridNeedsEnergyMinutes =1023
iGeneratingEnergyWhenGridHasExcessEnergyMinutes = 6059
iUsingEnergyWhenGridHasExcessEnergyMinutes = 40
iIdleWhenGridDoesNotNeedEnergyMinutes = 39981
iIdleWhenGridNeedsEnergyMinutes = 4020416
iEnergyPriceIsZeroMinutes = 240
harvester.getEnergyHarvestedAVAILABLEKilowattHours( ): 2.4147111533333335E7
harvester.getEnergyHarvestedKilowattHours(): 5997924.480555531
The y-int is 29
Energy harvested: 4943936.827222075
iGeneratingEnergyWhenGridNeedsEnergyMinutes =642735
iGeneratingEnergyWhenGridNeedsEnergyMinutes =642735
iUsingEnergyWhenGridNeedsEnergyMinutes =1824
iGeneratingEnergyWhenGridHasExcessEnergyMinutes = 7005
iUsingEnergyWhenGridHasExcessEnergyMinutes = 59
iIdleWhenGridDoesNotNeedEnergyMinutes = 39016
iIdleWhenGridNeedsEnergyMinutes = 4043819
iEnergyPriceIsZeroMinutes = 240
harvester.getEnergyHarvestedAVAILABLEKilowattHours( ): 2.4147111533333335E7
harvester.getEnergyHarvestedKilowattHours(): 4943936.827222075
The y-int is 39
Energy harvested: 4943936.827222075
iGeneratingEnergyWhenGridNeedsEnergyMinutes =642735
iGeneratingEnergyWhenGridNeedsEnergyMinutes =642735
iUsingEnergyWhenGridNeedsEnergyMinutes =1824
iGeneratingEnergyWhenGridHasExcessEnergyMinutes = 7005
iUsingEnergyWhenGridHasExcessEnergyMinutes = 59
iIdleWhenGridDoesNotNeedEnergyMinutes = 39016
iIdleWhenGridNeedsEnergyMinutes = 4043819
iEnergyPriceIsZeroMinutes = 240
harvester.getEnergyHarvestedAVAILABLEKilowattHours( ): 2.4147111533333335E7
harvester.getEnergyHarvestedKilowattHours(): 4943936.827222075
The running average is 91
The y-int is 9
Energy harvested: 4723354.271388764
iGeneratingEnergyWhenGridNeedsEnergyMinutes =646037
iGeneratingEnergyWhenGridNeedsEnergyMinutes =646037
iUsingEnergyWhenGridNeedsEnergyMinutes =1622
iGeneratingEnergyWhenGridHasExcessEnergyMinutes = 6790
iUsingEnergyWhenGridHasExcessEnergyMinutes = 73
iIdleWhenGridDoesNotNeedEnergyMinutes = 39217
iIdleWhenGridNeedsEnergyMinutes = 4040719
iEnergyPriceIsZeroMinutes = 240
harvester.getEnergyHarvestedAVAILABLEKilowattHours( ): 2.4147111533333335E7
harvester.getEnergyHarvestedKilowattHours(): 4723354.271388764
The y-int is 19
Energy harvested: 5932538.546388859
iGeneratingEnergyWhenGridNeedsEnergyMinutes =660569
iGeneratingEnergyWhenGridNeedsEnergyMinutes =660569
iUsingEnergyWhenGridNeedsEnergyMinutes =1083
iGeneratingEnergyWhenGridHasExcessEnergyMinutes = 6123
iUsingEnergyWhenGridHasExcessEnergyMinutes = 40
iIdleWhenGridDoesNotNeedEnergyMinutes = 39917
iIdleWhenGridNeedsEnergyMinutes = 4026726
iEnergyPriceIsZeroMinutes = 240
harvester.getEnergyHarvestedAVAILABLEKilowattHours( ): 2.4147111533333335E7
harvester.getEnergyHarvestedKilowattHours(): 5932538.546388859
The y-int is 29
Energy harvested: 4943936.827222075
iGeneratingEnergyWhenGridNeedsEnergyMinutes =642735
iGeneratingEnergyWhenGridNeedsEnergyMinutes =642735
iUsingEnergyWhenGridNeedsEnergyMinutes =1824
iGeneratingEnergyWhenGridHasExcessEnergyMinutes = 7005
iUsingEnergyWhenGridHasExcessEnergyMinutes = 59
iIdleWhenGridDoesNotNeedEnergyMinutes = 39016
iIdleWhenGridNeedsEnergyMinutes = 4043819
iEnergyPriceIsZeroMinutes = 240
harvester.getEnergyHarvestedAVAILABLEKilowattHours( ): 2.4147111533333335E7
harvester.getEnergyHarvestedKilowattHours(): 4943936.827222075
The y-int is 39
Energy harvested: 4943936.827222075
iGeneratingEnergyWhenGridNeedsEnergyMinutes =642735
iGeneratingEnergyWhenGridNeedsEnergyMinutes =642735
iUsingEnergyWhenGridNeedsEnergyMinutes =1824
iGeneratingEnergyWhenGridHasExcessEnergyMinutes = 7005
iUsingEnergyWhenGridHasExcessEnergyMinutes = 59
iIdleWhenGridDoesNotNeedEnergyMinutes = 39016
iIdleWhenGridNeedsEnergyMinutes = 4043819
iEnergyPriceIsZeroMinutes = 240
harvester.getEnergyHarvestedAVAILABLEKilowattHours( ): 2.4147111533333335E7
harvester.getEnergyHarvestedKilowattHours(): 4943936.827222075
The running average is 121
The y-int is 9
Energy harvested: 4725004.453055429
iGeneratingEnergyWhenGridNeedsEnergyMinutes =645801
iGeneratingEnergyWhenGridNeedsEnergyMinutes =645801
iUsingEnergyWhenGridNeedsEnergyMinutes =1648
iGeneratingEnergyWhenGridHasExcessEnergyMinutes = 6783
iUsingEnergyWhenGridHasExcessEnergyMinutes = 57
iIdleWhenGridDoesNotNeedEnergyMinutes = 39240
iIdleWhenGridNeedsEnergyMinutes = 4040929
iEnergyPriceIsZeroMinutes = 240
harvester.getEnergyHarvestedAVAILABLEKilowattHours( ): 2.4147111533333335E7
harvester.getEnergyHarvestedKilowattHours(): 4725004.453055429
The y-int is 19
Energy harvested: 5840170.407222182
iGeneratingEnergyWhenGridNeedsEnergyMinutes =663668
iGeneratingEnergyWhenGridNeedsEnergyMinutes =663668
iUsingEnergyWhenGridNeedsEnergyMinutes =1103
iGeneratingEnergyWhenGridHasExcessEnergyMinutes = 6131
iUsingEnergyWhenGridHasExcessEnergyMinutes = 40
iIdleWhenGridDoesNotNeedEnergyMinutes = 39909
iIdleWhenGridNeedsEnergyMinutes = 4023607
iEnergyPriceIsZeroMinutes = 240
harvester.getEnergyHarvestedAVAILABLEKilowattHours( ): 2.4147111533333335E7
harvester.getEnergyHarvestedKilowattHours(): 5840170.407222182
The y-int is 29
Energy harvested: 4943936.827222075
iGeneratingEnergyWhenGridNeedsEnergyMinutes =642735
iGeneratingEnergyWhenGridNeedsEnergyMinutes =642735
iUsingEnergyWhenGridNeedsEnergyMinutes =1824
iGeneratingEnergyWhenGridHasExcessEnergyMinutes = 7005
iUsingEnergyWhenGridHasExcessEnergyMinutes = 59
iIdleWhenGridDoesNotNeedEnergyMinutes = 39016
iIdleWhenGridNeedsEnergyMinutes = 4043819
iEnergyPriceIsZeroMinutes = 240
harvester.getEnergyHarvestedAVAILABLEKilowattHours( ): 2.4147111533333335E7
harvester.getEnergyHarvestedKilowattHours(): 4943936.827222075
The y-int is 39
Energy harvested: 4943936.827222075
iGeneratingEnergyWhenGridNeedsEnergyMinutes =642735
iGeneratingEnergyWhenGridNeedsEnergyMinutes =642735
iUsingEnergyWhenGridNeedsEnergyMinutes =1824
iGeneratingEnergyWhenGridHasExcessEnergyMinutes = 7005
iUsingEnergyWhenGridHasExcessEnergyMinutes = 59
iIdleWhenGridDoesNotNeedEnergyMinutes = 39016
iIdleWhenGridNeedsEnergyMinutes = 4043819
iEnergyPriceIsZeroMinutes = 240
harvester.getEnergyHarvestedAVAILABLEKilowattHours( ): 2.4147111533333335E7
harvester.getEnergyHarvestedKilowattHours(): 4943936.827222075
Beginning testing mode:
station,&,y_intercept_for_month_1,&,running_average_size_minutes_for_month_1,&,y_intercept_for_month_2,&,running_average_size_minutes_for_month_2,&,y_intercept_for_month_3,&,running_average_size_minutes_for_month_3,&,y_intercept_for_month_4,&,running_average_size_minutes_for_month_4,&,y_intercept_for_month_5,&,running_average_size_minutes_for_month_5,&,y_intercept_for_month_6,&,running_average_size_minutes_for_month_6,&,y_intercept_for_month_7,&,running_average_size_minutes_for_month_7,&,y_intercept_for_month_8,&,running_average_size_minutes_for_month_8,&,y_intercept_for_month_9,&,running_average_size_minutes_for_month_9,&,y_intercept_for_month_10,&,running_average_size_minutes_for_month_10,&,y_intercept_for_month_11,&,running_average_size_minutes_for_month_11,&,y_intercept_for_month_12,&,running_average_size_minutes_for_month_12,&,dNetNorm,&,dMarketBalancePercentage,&,dMarketNetNorm,
results: KLGA,&,9,&,1,&,19,&,31,&,19,&,1,&,9,&,1,&,19,&,31,&,19,&,1,&,9,&,121,&,29,&,1,&,29,&,1,&,19,&,31,&,19,&,31,&,9,&,1,&,0.2296763218911944,&,0.952463189141577,&,0.21875824201879443
monthly visible minutes:KLGA,&,2013,&,8672,&,8672,&,8672,&,8672,&,8672,&,8672,&,8672,&,8672,&,8672,&,8672,&,8672,&,8672,&,
monthly visible minutes:KLGA,&,2014,&,8672,&,8672,&,8672,&,8672,&,8672,&,8672,&,8672,&,8672,&,8672,&,8672,&,8672,&,8672,&,
monthly minutes harvester between states:KLGA,&,2013,&,38,&,38,&,38,&,38,&,38,&,38,&,38,&,38,&,38,&,38,&,38,&,38,&,
monthly minutes harvester between states:KLGA,&,2014,&,38,&,38,&,38,&,38,&,38,&,38,&,38,&,38,&,38,&,38,&,38,&,38,&,
station,&,y_intercept_for_month_1,&,running_average_size_minutes_for_month_1,&,y_intercept_for_month_2,&,running_average_size_minutes_for_month_2,&,y_intercept_for_month_3,&,running_average_size_minutes_for_month_3,&,y_intercept_for_month_4,&,running_average_size_minutes_for_month_4,&,y_intercept_for_month_5,&,running_average_size_minutes_for_month_5,&,y_intercept_for_month_6,&,running_average_size_minutes_for_month_6,&,y_intercept_for_month_7,&,running_average_size_minutes_for_month_7,&,y_intercept_for_month_8,&,running_average_size_minutes_for_month_8,&,y_intercept_for_month_9,&,running_average_size_minutes_for_month_9,&,y_intercept_for_month_10,&,running_average_size_minutes_for_month_10,&,y_intercept_for_month_11,&,running_average_size_minutes_for_month_11,&,y_intercept_for_month_12,&,running_average_size_minutes_for_month_12,&,dNetNorm,&,dMarketBalancePercentage,&,dMarketNetNorm,
results: KLGA,&,9,&,1,&,19,&,31,&,19,&,1,&,9,&,1,&,19,&,31,&,19,&,1,&,9,&,121,&,29,&,1,&,29,&,1,&,19,&,31,&,19,&,31,&,9,&,1,&,0.2296763218911944,&,0.952463189141577,&,0.21875824201879443
monthly visible minutes:KLGA,&,2013,&,8672,&,8672,&,8672,&,8672,&,8672,&,8672,&,8672,&,8672,&,8672,&,8672,&,8672,&,8672,&,
monthly visible minutes:KLGA,&,2014,&,8672,&,8672,&,8672,&,8672,&,8672,&,8672,&,8672,&,8672,&,8672,&,8672,&,8672,&,8672,&,
monthly minutes harvester between states:KLGA,&,2013,&,38,&,38,&,38,&,38,&,38,&,38,&,38,&,38,&,38,&,38,&,38,&,38,&,
monthly minutes harvester between states:KLGA,&,2014,&,38,&,38,&,38,&,38,&,38,&,38,&,38,&,38,&,38,&,38,&,38,&,38,&,
Station: KMCI
abc: The current path is /home/guy/retractable-wind
I have found the property file.
The training windspeed filename is /trainingKMCI2004-2012in.csv
The testing windspeed filename is /testingKMCI2013-2014in.csv
Yes, the station is KMCI
Warning: The bAlsoUsePrediction no longer has any effect
iUsedAllItsAllocatedVisibilityMinutesPerMonth: 8760
Visibility Allocation Minutes:8760
HARVESTER_SIZE_SQM is 6362
Reading file
Success: /Wind turbine power curves - wind turbine power output against wind speed in knots.csv found.
Speed (Knots) = Speed(knots) vs power (kW) , Power (kW) =V90
Speed (Knots) = 0 , Power (kW) =0
Speed (Knots) = 1 , Power (kW) =0
Speed (Knots) = 2 , Power (kW) =0
Speed (Knots) = 3 , Power (kW) =0
Speed (Knots) = 4 , Power (kW) =0
Speed (Knots) = 5 , Power (kW) =0
Speed (Knots) = 6 , Power (kW) =0
Speed (Knots) = 7 , Power (kW) =38
Speed (Knots) = 8 , Power (kW) =87
Speed (Knots) = 9 , Power (kW) =141
Speed (Knots) = 10 , Power (kW) =207
Speed (Knots) = 11 , Power (kW) =286
Speed (Knots) = 12 , Power (kW) =382
Speed (Knots) = 13 , Power (kW) =496
Speed (Knots) = 14 , Power (kW) =628
Speed (Knots) = 15 , Power (kW) =781
Speed (Knots) = 16 , Power (kW) =957
Speed (Knots) = 17 , Power (kW) =1153
Speed (Knots) = 18 , Power (kW) =1366
Speed (Knots) = 19 , Power (kW) =1589
Speed (Knots) = 20 , Power (kW) =1814
Speed (Knots) = 21 , Power (kW) =2035
Speed (Knots) = 22 , Power (kW) =2250
Speed (Knots) = 23 , Power (kW) =2452
Speed (Knots) = 24 , Power (kW) =2634
Speed (Knots) = 25 , Power (kW) =2784
Speed (Knots) = 26 , Power (kW) =2888
Speed (Knots) = 27 , Power (kW) =2949
Speed (Knots) = 28 , Power (kW) =2980
Speed (Knots) = 29 , Power (kW) =2993
Speed (Knots) = 30 , Power (kW) =3000
Speed (Knots) = 31 , Power (kW) =3000
Speed (Knots) = 32 , Power (kW) =3000
Speed (Knots) = 33 , Power (kW) =3000
Speed (Knots) = 34 , Power (kW) =3000
Speed (Knots) = 35 , Power (kW) =3000
Speed (Knots) = 36 , Power (kW) =3000
Speed (Knots) = 37 , Power (kW) =3000
Speed (Knots) = 38 , Power (kW) =3000
Speed (Knots) = 39 , Power (kW) =3000
Speed (Knots) = 40 , Power (kW) =3000
Speed (Knots) = 41 , Power (kW) =3000
Speed (Knots) = 42 , Power (kW) =3000
Speed (Knots) = 43 , Power (kW) =3000
Speed (Knots) = 44 , Power (kW) =3000
Speed (Knots) = 45 , Power (kW) =3000
Speed (Knots) = 46 , Power (kW) =3000
Speed (Knots) = 47 , Power (kW) =3000
Speed (Knots) = 48 , Power (kW) =3000
Speed (Knots) = 49 , Power (kW) =0
Speed (Knots) = 50 , Power (kW) =0
Speed (Knots) = 51 , Power (kW) =0
Speed (Knots) = 52 , Power (kW) =0
Speed (Knots) = 53 , Power (kW) =0
Speed (Knots) = 54 , Power (kW) =0
Speed (Knots) = 55 , Power (kW) =0
Speed (Knots) = 56 , Power (kW) =0
Speed (Knots) = 57 , Power (kW) =0
Speed (Knots) = 58 , Power (kW) =0
Speed (Knots) = 59 , Power (kW) =0
Speed (Knots) = 60 , Power (kW) =0
The scale is 1.0
Wind power at 10 knots in kilowatts is 207.0
Wind power in-cut-out test 0.0
Aging
Class name:edu.pitt.cs.people.guy.wind.benchmarks.Aging
Success: /Noise_Allowed_Time_Definitions_All_Stations.csv found.
The station is the record is KMCI
Success: /Noise_Allowed_Time_Definitions_All_Stations.csv found.
The station is the record is KMCI
I have found the membership file for NOT WINDY.
Windspeed (knots) [0,1), Membership Value =1.00000000,1.0
Windspeed (knots) [1,2), Membership Value =0.99998869,0.9999887
Windspeed (knots) [2,3), Membership Value =0.99979958,0.9997996
Windspeed (knots) [3,4), Membership Value =0.99865857,0.9986586
Windspeed (knots) [4,5), Membership Value =0.99456780,0.9945678
Windspeed (knots) [5,6), Membership Value =0.98358930,0.9835893
Windspeed (knots) [6,7), Membership Value =0.96225896,0.96225893
Windspeed (knots) [7,8), Membership Value =0.92858650,0.9285865
Windspeed (knots) [8,9), Membership Value =0.88286373,0.8828637
Windspeed (knots) [9,10), Membership Value =0.82564946,0.82564944
Windspeed (knots) [10,11), Membership Value =0.75649507,0.75649506
Windspeed (knots) [11,12), Membership Value =0.67417317,0.6741732
Windspeed (knots) [12,13), Membership Value =0.58863346,0.5886335
Windspeed (knots) [13,14), Membership Value =0.49694818,0.49694818
Windspeed (knots) [14,15), Membership Value =0.40225520,0.4022552
Windspeed (knots) [15,16), Membership Value =0.30951428,0.30951428
Windspeed (knots) [16,17), Membership Value =0.22003528,0.22003528
Windspeed (knots) [17,18), Membership Value =0.13671631,0.1367163
Windspeed (knots) [18,19), Membership Value =0.06034575,0.06034575
Windspeed (knots) [19,20), Membership Value =0.00000000,0.0
Windspeed (knots) [20,21), Membership Value =0.00000000,0.0
Windspeed (knots) [21,22), Membership Value =0.00000000,0.0
Windspeed (knots) [22,23), Membership Value =0.00000000,0.0
Windspeed (knots) [23,24), Membership Value =0.00000000,0.0
Windspeed (knots) [24,25), Membership Value =0.00000000,0.0
Windspeed (knots) [25,26), Membership Value =0.00000000,0.0
Windspeed (knots) [26,27), Membership Value =0.00000000,0.0
Windspeed (knots) [27,28), Membership Value =0.00000000,0.0
Windspeed (knots) [28,29), Membership Value =0.00000000,0.0
Windspeed (knots) [29,30), Membership Value =0.00000000,0.0
Windspeed (knots) [30,31), Membership Value =0.00000000,0.0
Windspeed (knots) [31,32), Membership Value =0.00000000,0.0
Windspeed (knots) [32,33), Membership Value =0.00000000,0.0
Windspeed (knots) [33,34), Membership Value =0.00000000,0.0
Windspeed (knots) [34,35), Membership Value =0.00000000,0.0
Windspeed (knots) [35,36), Membership Value =0.00000000,0.0
Windspeed (knots) [36,37), Membership Value =0.00000000,0.0
Windspeed (knots) [37,38), Membership Value =0.00000000,0.0
Windspeed (knots) [38,39), Membership Value =0.00000000,0.0
Windspeed (knots) [39,40), Membership Value =0.00000000,0.0
Windspeed (knots) [40,41), Membership Value =0.00000000,0.0
Windspeed (knots) [41,42), Membership Value =0.00000000,0.0
Windspeed (knots) [42,43), Membership Value =0.00000000,0.0
Windspeed (knots) [43,44), Membership Value =0.00000000,0.0
Windspeed (knots) [44,45), Membership Value =0.00000000,0.0
Windspeed (knots) [45,46), Membership Value =0.00000000,0.0
Windspeed (knots) [46,47), Membership Value =0.00000000,0.0
Windspeed (knots) [47,48), Membership Value =0.00000000,0.0
Windspeed (knots) [48,49), Membership Value =0.00000000,0.0
Windspeed (knots) [49,50), Membership Value =0.00000000,0.0
Windspeed (knots) [50,51), Membership Value =0.00000000,0.0
Windspeed (knots) [51,52), Membership Value =0.00000000,0.0
Windspeed (knots) [52,53), Membership Value =0.00000000,0.0
Windspeed (knots) [53,54), Membership Value =0.00000000,0.0
Windspeed (knots) [54,55), Membership Value =0.00000000,0.0
Windspeed (knots) [55,56), Membership Value =0.00000000,0.0
Windspeed (knots) [56,57), Membership Value =0.00000000,0.0
Windspeed (knots) [57,58), Membership Value =0.00000000,0.0
Windspeed (knots) [58,59), Membership Value =0.00000000,0.0
Windspeed (knots) [59,60), Membership Value =0.00000000,0.0
Windspeed (knots) [60,61), Membership Value =0.00000000,0.0
Windspeed (knots) [61,62), Membership Value =0.00000000,0.0
Windspeed (knots) [62,63), Membership Value =0.00000000,0.0
Windspeed (knots) [63,64), Membership Value =0.00000000,0.0
Windspeed (knots) [64,65), Membership Value =0.00000000,0.0
Windspeed (knots) [65,66), Membership Value =0.00000000,0.0
Windspeed (knots) [66,67), Membership Value =0.00000000,0.0
Windspeed (knots) [67,68), Membership Value =0.00000000,0.0
Windspeed (knots) [68,69), Membership Value =0.00000000,0.0
Windspeed (knots) [69,70), Membership Value =0.00000000,0.0
Windspeed (knots) [70,71), Membership Value =0.00000000,0.0
Windspeed (knots) [71,72), Membership Value =0.00000000,0.0
Windspeed (knots) [72,73), Membership Value =0.00000000,0.0
Windspeed (knots) [73,74), Membership Value =0.00000000,0.0
Windspeed (knots) [74,75), Membership Value =0.00000000,0.0
Windspeed (knots) [75,76), Membership Value =0.00000000,0.0
Windspeed (knots) [76,77), Membership Value =0.00000000,0.0
Windspeed (knots) [77,78), Membership Value =0.00000000,0.0
Windspeed (knots) [78,79), Membership Value =0.00000000,0.0
Windspeed (knots) [79,80), Membership Value =0.00000000,0.0
Windspeed (knots) [80,81), Membership Value =0.00000000,0.0
Windspeed (knots) [81,82), Membership Value =0.00000000,0.0
Windspeed (knots) [82,83), Membership Value =0.00000000,0.0
Windspeed (knots) [83,84), Membership Value =0.00000000,0.0
Windspeed (knots) [84,85), Membership Value =0.00000000,0.0
Windspeed (knots) [85,86), Membership Value =0.00000000,0.0
Windspeed (knots) [86,87), Membership Value =0.00000000,0.0
Windspeed (knots) [87,88), Membership Value =0.00000000,0.0
Windspeed (knots) [88,89), Membership Value =0.00000000,0.0
Windspeed (knots) [89,90), Membership Value =0.00000000,0.0
Windspeed (knots) [90,91), Membership Value =0.00000000,0.0
Windspeed (knots) [91,92), Membership Value =0.00000000,0.0
Windspeed (knots) [92,93), Membership Value =0.00000000,0.0
Windspeed (knots) [93,94), Membership Value =0.00000000,0.0
Windspeed (knots) [94,95), Membership Value =0.00000000,0.0
Windspeed (knots) [95,96), Membership Value =0.00000000,0.0
Windspeed (knots) [96,97), Membership Value =0.00000000,0.0
Windspeed (knots) [97,98), Membership Value =0.00000000,0.0
Windspeed (knots) [98,99), Membership Value =0.00000000,0.0
Windspeed (knots) [99,100), Membership Value =0.00000000,0.0
Windspeed (knots) [100,101), Membership Value =0.00000000,0.0
Windspeed (knots) [101,102), Membership Value =0.00000000,0.0
Windspeed (knots) [102,103), Membership Value =0.00000000,0.0
Windspeed (knots) [103,104), Membership Value =0.00000000,0.0
Windspeed (knots) [104,105), Membership Value =0.00000000,0.0
Windspeed (knots) [105,106), Membership Value =0.00000000,0.0
Windspeed (knots) [106,107), Membership Value =0.00000000,0.0
Windspeed (knots) [107,108), Membership Value =0.00000000,0.0
Windspeed (knots) [108,109), Membership Value =0.00000000,0.0
Windspeed (knots) [109,110), Membership Value =0.00000000,0.0
Windspeed (knots) [110,111), Membership Value =0.00000000,0.0
Windspeed (knots) [111,112), Membership Value =0.00000000,0.0
Windspeed (knots) [112,113), Membership Value =0.00000000,0.0
Windspeed (knots) [113,114), Membership Value =0.00000000,0.0
Windspeed (knots) [114,115), Membership Value =0.00000000,0.0
Windspeed (knots) [115,116), Membership Value =0.00000000,0.0
Windspeed (knots) [116,117), Membership Value =0.00000000,0.0
Windspeed (knots) [117,118), Membership Value =0.00000000,0.0
Windspeed (knots) [118,119), Membership Value =0.00000000,0.0
Windspeed (knots) [119,120), Membership Value =0.00000000,0.0
Windspeed (knots) [120,121), Membership Value =0.00000000,0.0
Windspeed (knots) [121,122), Membership Value =0.00000000,0.0
Windspeed (knots) [122,123), Membership Value =0.00000000,0.0
Windspeed (knots) [123,124), Membership Value =0.00000000,0.0
Windspeed (knots) [124,125), Membership Value =0.00000000,0.0
LowestWindspeedThatIsWindyKnots for station KMCI is 8 knots.
Transition limited :true
bUseWeatherPrediction: true
The running average is 1
The y-int is 8
Energy harvested: 4321632.606666469
iGeneratingEnergyWhenGridNeedsEnergyMinutes =615415
iGeneratingEnergyWhenGridNeedsEnergyMinutes =615415
iUsingEnergyWhenGridNeedsEnergyMinutes =1801
iGeneratingEnergyWhenGridHasExcessEnergyMinutes = 7972
iUsingEnergyWhenGridHasExcessEnergyMinutes = 68
iIdleWhenGridDoesNotNeedEnergyMinutes = 38040
iIdleWhenGridNeedsEnergyMinutes = 4071183
iEnergyPriceIsZeroMinutes = 240
harvester.getEnergyHarvestedAVAILABLEKilowattHours( ): 2.116693805E7
harvester.getEnergyHarvestedKilowattHours(): 4321632.606666469
The y-int is 18
Energy harvested: 5482154.737777778
iGeneratingEnergyWhenGridNeedsEnergyMinutes =640730
iGeneratingEnergyWhenGridNeedsEnergyMinutes =640730
iUsingEnergyWhenGridNeedsEnergyMinutes =271
iGeneratingEnergyWhenGridHasExcessEnergyMinutes = 6653
iUsingEnergyWhenGridHasExcessEnergyMinutes = 0
iIdleWhenGridDoesNotNeedEnergyMinutes = 39427
iIdleWhenGridNeedsEnergyMinutes = 4047398
iEnergyPriceIsZeroMinutes = 240
harvester.getEnergyHarvestedAVAILABLEKilowattHours( ): 2.116693805E7
harvester.getEnergyHarvestedKilowattHours(): 5482154.737777778
The y-int is 28
Energy harvested: 4212891.222777621
iGeneratingEnergyWhenGridNeedsEnergyMinutes =592105
iGeneratingEnergyWhenGridNeedsEnergyMinutes =592105
iUsingEnergyWhenGridNeedsEnergyMinutes =1740
iGeneratingEnergyWhenGridHasExcessEnergyMinutes = 5942
iUsingEnergyWhenGridHasExcessEnergyMinutes = 48
iIdleWhenGridDoesNotNeedEnergyMinutes = 40090
iIdleWhenGridNeedsEnergyMinutes = 4094554
iEnergyPriceIsZeroMinutes = 240
harvester.getEnergyHarvestedAVAILABLEKilowattHours( ): 2.116693805E7
harvester.getEnergyHarvestedKilowattHours(): 4212891.222777621
The y-int is 38
Energy harvested: 4195696.393888713
iGeneratingEnergyWhenGridNeedsEnergyMinutes =587442
iGeneratingEnergyWhenGridNeedsEnergyMinutes =587442
iUsingEnergyWhenGridNeedsEnergyMinutes =1843
iGeneratingEnergyWhenGridHasExcessEnergyMinutes = 7510
iUsingEnergyWhenGridHasExcessEnergyMinutes = 48
iIdleWhenGridDoesNotNeedEnergyMinutes = 38522
iIdleWhenGridNeedsEnergyMinutes = 4099114
iEnergyPriceIsZeroMinutes = 240
harvester.getEnergyHarvestedAVAILABLEKilowattHours( ): 2.116693805E7
harvester.getEnergyHarvestedKilowattHours(): 4195696.393888713
The running average is 31
The y-int is 8
Energy harvested: 4387685.666388681
iGeneratingEnergyWhenGridNeedsEnergyMinutes =618523
iGeneratingEnergyWhenGridNeedsEnergyMinutes =618523
iUsingEnergyWhenGridNeedsEnergyMinutes =1785
iGeneratingEnergyWhenGridHasExcessEnergyMinutes = 7912
iUsingEnergyWhenGridHasExcessEnergyMinutes = 49
iIdleWhenGridDoesNotNeedEnergyMinutes = 38119
iIdleWhenGridNeedsEnergyMinutes = 4068091
iEnergyPriceIsZeroMinutes = 240
harvester.getEnergyHarvestedAVAILABLEKilowattHours( ): 2.116693805E7
harvester.getEnergyHarvestedKilowattHours(): 4387685.666388681
The y-int is 18
Energy harvested: 5565422.412222177
iGeneratingEnergyWhenGridNeedsEnergyMinutes =627223
iGeneratingEnergyWhenGridNeedsEnergyMinutes =627223
iUsingEnergyWhenGridNeedsEnergyMinutes =749
iGeneratingEnergyWhenGridHasExcessEnergyMinutes = 8005
iUsingEnergyWhenGridHasExcessEnergyMinutes = 29
iIdleWhenGridDoesNotNeedEnergyMinutes = 38046
iIdleWhenGridNeedsEnergyMinutes = 4060427
iEnergyPriceIsZeroMinutes = 240
harvester.getEnergyHarvestedAVAILABLEKilowattHours( ): 2.116693805E7
harvester.getEnergyHarvestedKilowattHours(): 5565422.412222177
The y-int is 28
Energy harvested: 4195696.393888713
iGeneratingEnergyWhenGridNeedsEnergyMinutes =587442
iGeneratingEnergyWhenGridNeedsEnergyMinutes =587442
iUsingEnergyWhenGridNeedsEnergyMinutes =1843
iGeneratingEnergyWhenGridHasExcessEnergyMinutes = 7510
iUsingEnergyWhenGridHasExcessEnergyMinutes = 48
iIdleWhenGridDoesNotNeedEnergyMinutes = 38522
iIdleWhenGridNeedsEnergyMinutes = 4099114
iEnergyPriceIsZeroMinutes = 240
harvester.getEnergyHarvestedAVAILABLEKilowattHours( ): 2.116693805E7
harvester.getEnergyHarvestedKilowattHours(): 4195696.393888713
The y-int is 38
Energy harvested: 4195696.393888713
iGeneratingEnergyWhenGridNeedsEnergyMinutes =587442
iGeneratingEnergyWhenGridNeedsEnergyMinutes =587442
iUsingEnergyWhenGridNeedsEnergyMinutes =1843
iGeneratingEnergyWhenGridHasExcessEnergyMinutes = 7510
iUsingEnergyWhenGridHasExcessEnergyMinutes = 48
iIdleWhenGridDoesNotNeedEnergyMinutes = 38522
iIdleWhenGridNeedsEnergyMinutes = 4099114
iEnergyPriceIsZeroMinutes = 240
harvester.getEnergyHarvestedAVAILABLEKilowattHours( ): 2.116693805E7
harvester.getEnergyHarvestedKilowattHours(): 4195696.393888713
The running average is 61
The y-int is 8
Energy harvested: 4441464.948888687
iGeneratingEnergyWhenGridNeedsEnergyMinutes =625165
iGeneratingEnergyWhenGridNeedsEnergyMinutes =625165
iUsingEnergyWhenGridNeedsEnergyMinutes =1739
iGeneratingEnergyWhenGridHasExcessEnergyMinutes = 7932
iUsingEnergyWhenGridHasExcessEnergyMinutes = 37
iIdleWhenGridDoesNotNeedEnergyMinutes = 38111
iIdleWhenGridNeedsEnergyMinutes = 4061495
iEnergyPriceIsZeroMinutes = 240
harvester.getEnergyHarvestedAVAILABLEKilowattHours( ): 2.116693805E7
harvester.getEnergyHarvestedKilowattHours(): 4441464.948888687
The y-int is 18
Energy harvested: 5146401.26916658
iGeneratingEnergyWhenGridNeedsEnergyMinutes =597859
iGeneratingEnergyWhenGridNeedsEnergyMinutes =597859
iUsingEnergyWhenGridNeedsEnergyMinutes =1059
iGeneratingEnergyWhenGridHasExcessEnergyMinutes = 6771
iUsingEnergyWhenGridHasExcessEnergyMinutes = 48
iIdleWhenGridDoesNotNeedEnergyMinutes = 39261
iIdleWhenGridNeedsEnergyMinutes = 4089481
iEnergyPriceIsZeroMinutes = 240
harvester.getEnergyHarvestedAVAILABLEKilowattHours( ): 2.116693805E7
harvester.getEnergyHarvestedKilowattHours(): 5146401.26916658
The y-int is 28
Energy harvested: 4195696.393888713
iGeneratingEnergyWhenGridNeedsEnergyMinutes =587442
iGeneratingEnergyWhenGridNeedsEnergyMinutes =587442
iUsingEnergyWhenGridNeedsEnergyMinutes =1843
iGeneratingEnergyWhenGridHasExcessEnergyMinutes = 7510
iUsingEnergyWhenGridHasExcessEnergyMinutes = 48
iIdleWhenGridDoesNotNeedEnergyMinutes = 38522
iIdleWhenGridNeedsEnergyMinutes = 4099114
iEnergyPriceIsZeroMinutes = 240
harvester.getEnergyHarvestedAVAILABLEKilowattHours( ): 2.116693805E7
harvester.getEnergyHarvestedKilowattHours(): 4195696.393888713
The y-int is 38
Energy harvested: 4195696.393888713
iGeneratingEnergyWhenGridNeedsEnergyMinutes =587442
iGeneratingEnergyWhenGridNeedsEnergyMinutes =587442
iUsingEnergyWhenGridNeedsEnergyMinutes =1843
iGeneratingEnergyWhenGridHasExcessEnergyMinutes = 7510
iUsingEnergyWhenGridHasExcessEnergyMinutes = 48
iIdleWhenGridDoesNotNeedEnergyMinutes = 38522
iIdleWhenGridNeedsEnergyMinutes = 4099114
iEnergyPriceIsZeroMinutes = 240
harvester.getEnergyHarvestedAVAILABLEKilowattHours( ): 2.116693805E7
harvester.getEnergyHarvestedKilowattHours(): 4195696.393888713
The running average is 91
The y-int is 8
Energy harvested: 4443387.216944244
iGeneratingEnergyWhenGridNeedsEnergyMinutes =623339
iGeneratingEnergyWhenGridNeedsEnergyMinutes =623339
iUsingEnergyWhenGridNeedsEnergyMinutes =1739
iGeneratingEnergyWhenGridHasExcessEnergyMinutes = 7932
iUsingEnergyWhenGridHasExcessEnergyMinutes = 30
iIdleWhenGridDoesNotNeedEnergyMinutes = 38118
iIdleWhenGridNeedsEnergyMinutes = 4063321
iEnergyPriceIsZeroMinutes = 240
harvester.getEnergyHarvestedAVAILABLEKilowattHours( ): 2.116693805E7
harvester.getEnergyHarvestedKilowattHours(): 4443387.216944244
The y-int is 18
Energy harvested: 5101521.562222128
iGeneratingEnergyWhenGridNeedsEnergyMinutes =601400
iGeneratingEnergyWhenGridNeedsEnergyMinutes =601400
iUsingEnergyWhenGridNeedsEnergyMinutes =1142
iGeneratingEnergyWhenGridHasExcessEnergyMinutes = 6730
iUsingEnergyWhenGridHasExcessEnergyMinutes = 48
iIdleWhenGridDoesNotNeedEnergyMinutes = 39302
iIdleWhenGridNeedsEnergyMinutes = 4085857
iEnergyPriceIsZeroMinutes = 240
harvester.getEnergyHarvestedAVAILABLEKilowattHours( ): 2.116693805E7
harvester.getEnergyHarvestedKilowattHours(): 5101521.562222128
The y-int is 28
Energy harvested: 4195696.393888713
iGeneratingEnergyWhenGridNeedsEnergyMinutes =587442
iGeneratingEnergyWhenGridNeedsEnergyMinutes =587442
iUsingEnergyWhenGridNeedsEnergyMinutes =1843
iGeneratingEnergyWhenGridHasExcessEnergyMinutes = 7510
iUsingEnergyWhenGridHasExcessEnergyMinutes = 48
iIdleWhenGridDoesNotNeedEnergyMinutes = 38522
iIdleWhenGridNeedsEnergyMinutes = 4099114
iEnergyPriceIsZeroMinutes = 240
harvester.getEnergyHarvestedAVAILABLEKilowattHours( ): 2.116693805E7
harvester.getEnergyHarvestedKilowattHours(): 4195696.393888713
The y-int is 38
Energy harvested: 4195696.393888713
iGeneratingEnergyWhenGridNeedsEnergyMinutes =587442
iGeneratingEnergyWhenGridNeedsEnergyMinutes =587442
iUsingEnergyWhenGridNeedsEnergyMinutes =1843
iGeneratingEnergyWhenGridHasExcessEnergyMinutes = 7510
iUsingEnergyWhenGridHasExcessEnergyMinutes = 48
iIdleWhenGridDoesNotNeedEnergyMinutes = 38522
iIdleWhenGridNeedsEnergyMinutes = 4099114
iEnergyPriceIsZeroMinutes = 240
harvester.getEnergyHarvestedAVAILABLEKilowattHours( ): 2.116693805E7
harvester.getEnergyHarvestedKilowattHours(): 4195696.393888713
The running average is 121
The y-int is 8
Energy harvested: 4441277.936388693
iGeneratingEnergyWhenGridNeedsEnergyMinutes =624030
iGeneratingEnergyWhenGridNeedsEnergyMinutes =624030
iUsingEnergyWhenGridNeedsEnergyMinutes =1732
iGeneratingEnergyWhenGridHasExcessEnergyMinutes = 7932
iUsingEnergyWhenGridHasExcessEnergyMinutes = 30
iIdleWhenGridDoesNotNeedEnergyMinutes = 38118
iIdleWhenGridNeedsEnergyMinutes = 4062637
iEnergyPriceIsZeroMinutes = 240
harvester.getEnergyHarvestedAVAILABLEKilowattHours( ): 2.116693805E7
harvester.getEnergyHarvestedKilowattHours(): 4441277.936388693
The y-int is 18
Energy harvested: 5122646.716388791
iGeneratingEnergyWhenGridNeedsEnergyMinutes =603720
iGeneratingEnergyWhenGridNeedsEnergyMinutes =603720
iUsingEnergyWhenGridNeedsEnergyMinutes =1186
iGeneratingEnergyWhenGridHasExcessEnergyMinutes = 6355
iUsingEnergyWhenGridHasExcessEnergyMinutes = 48
iIdleWhenGridDoesNotNeedEnergyMinutes = 39677
iIdleWhenGridNeedsEnergyMinutes = 4083493
iEnergyPriceIsZeroMinutes = 240
harvester.getEnergyHarvestedAVAILABLEKilowattHours( ): 2.116693805E7
harvester.getEnergyHarvestedKilowattHours(): 5122646.716388791
The y-int is 28
Energy harvested: 4195696.393888713
iGeneratingEnergyWhenGridNeedsEnergyMinutes =587442
iGeneratingEnergyWhenGridNeedsEnergyMinutes =587442
iUsingEnergyWhenGridNeedsEnergyMinutes =1843
iGeneratingEnergyWhenGridHasExcessEnergyMinutes = 7510
iUsingEnergyWhenGridHasExcessEnergyMinutes = 48
iIdleWhenGridDoesNotNeedEnergyMinutes = 38522
iIdleWhenGridNeedsEnergyMinutes = 4099114
iEnergyPriceIsZeroMinutes = 240
harvester.getEnergyHarvestedAVAILABLEKilowattHours( ): 2.116693805E7
harvester.getEnergyHarvestedKilowattHours(): 4195696.393888713
The y-int is 38
Energy harvested: 4195696.393888713
iGeneratingEnergyWhenGridNeedsEnergyMinutes =587442
iGeneratingEnergyWhenGridNeedsEnergyMinutes =587442
iUsingEnergyWhenGridNeedsEnergyMinutes =1843
iGeneratingEnergyWhenGridHasExcessEnergyMinutes = 7510
iUsingEnergyWhenGridHasExcessEnergyMinutes = 48
iIdleWhenGridDoesNotNeedEnergyMinutes = 38522
iIdleWhenGridNeedsEnergyMinutes = 4099114
iEnergyPriceIsZeroMinutes = 240
harvester.getEnergyHarvestedAVAILABLEKilowattHours( ): 2.116693805E7
harvester.getEnergyHarvestedKilowattHours(): 4195696.393888713
Beginning testing mode:
station,&,y_intercept_for_month_1,&,running_average_size_minutes_for_month_1,&,y_intercept_for_month_2,&,running_average_size_minutes_for_month_2,&,y_intercept_for_month_3,&,running_average_size_minutes_for_month_3,&,y_intercept_for_month_4,&,running_average_size_minutes_for_month_4,&,y_intercept_for_month_5,&,running_average_size_minutes_for_month_5,&,y_intercept_for_month_6,&,running_average_size_minutes_for_month_6,&,y_intercept_for_month_7,&,running_average_size_minutes_for_month_7,&,y_intercept_for_month_8,&,running_average_size_minutes_for_month_8,&,y_intercept_for_month_9,&,running_average_size_minutes_for_month_9,&,y_intercept_for_month_10,&,running_average_size_minutes_for_month_10,&,y_intercept_for_month_11,&,running_average_size_minutes_for_month_11,&,y_intercept_for_month_12,&,running_average_size_minutes_for_month_12,&,dNetNorm,&,dMarketBalancePercentage,&,dMarketNetNorm,
results: KMCI,&,28,&,1,&,18,&,1,&,18,&,31,&,18,&,1,&,28,&,1,&,18,&,31,&,28,&,1,&,8,&,61,&,18,&,1,&,8,&,121,&,8,&,91,&,18,&,1,&,0.20391891709607946,&,0.9151718759373688,&,0.18662085789793584
monthly visible minutes:KMCI,&,2013,&,8672,&,8672,&,8672,&,8672,&,8672,&,8672,&,8672,&,8672,&,8672,&,8672,&,8672,&,8672,&,
monthly visible minutes:KMCI,&,2014,&,8672,&,8672,&,8672,&,8672,&,8672,&,8672,&,8672,&,8672,&,8672,&,8672,&,8672,&,8672,&,
monthly minutes harvester between states:KMCI,&,2013,&,38,&,38,&,38,&,38,&,38,&,38,&,38,&,38,&,38,&,38,&,38,&,38,&,
monthly minutes harvester between states:KMCI,&,2014,&,38,&,38,&,38,&,38,&,38,&,38,&,38,&,38,&,38,&,38,&,38,&,38,&,
station,&,y_intercept_for_month_1,&,running_average_size_minutes_for_month_1,&,y_intercept_for_month_2,&,running_average_size_minutes_for_month_2,&,y_intercept_for_month_3,&,running_average_size_minutes_for_month_3,&,y_intercept_for_month_4,&,running_average_size_minutes_for_month_4,&,y_intercept_for_month_5,&,running_average_size_minutes_for_month_5,&,y_intercept_for_month_6,&,running_average_size_minutes_for_month_6,&,y_intercept_for_month_7,&,running_average_size_minutes_for_month_7,&,y_intercept_for_month_8,&,running_average_size_minutes_for_month_8,&,y_intercept_for_month_9,&,running_average_size_minutes_for_month_9,&,y_intercept_for_month_10,&,running_average_size_minutes_for_month_10,&,y_intercept_for_month_11,&,running_average_size_minutes_for_month_11,&,y_intercept_for_month_12,&,running_average_size_minutes_for_month_12,&,dNetNorm,&,dMarketBalancePercentage,&,dMarketNetNorm,
results: KMCI,&,28,&,1,&,18,&,1,&,18,&,31,&,18,&,1,&,28,&,1,&,18,&,31,&,28,&,1,&,8,&,61,&,18,&,1,&,8,&,121,&,8,&,121,&,18,&,1,&,0.20388187539314528,&,0.9153174097266489,&,0.18661663007506513
monthly visible minutes:KMCI,&,2013,&,8672,&,8672,&,8672,&,8672,&,8672,&,8672,&,8672,&,8672,&,8672,&,8672,&,8672,&,8672,&,
monthly visible minutes:KMCI,&,2014,&,8672,&,8672,&,8672,&,8672,&,8672,&,8672,&,8672,&,8672,&,8672,&,8672,&,8672,&,8672,&,
monthly minutes harvester between states:KMCI,&,2013,&,38,&,38,&,38,&,38,&,38,&,38,&,38,&,38,&,38,&,38,&,38,&,38,&,
monthly minutes harvester between states:KMCI,&,2014,&,38,&,38,&,38,&,38,&,38,&,38,&,38,&,38,&,38,&,38,&,38,&,38,&,
Station: KMCO
abc: The current path is /home/guy/retractable-wind
I have found the property file.
The training windspeed filename is /trainingKMCO2004-2012in.csv
The testing windspeed filename is /testingKMCO2013-2014in.csv
Yes, the station is KMCO
Warning: The bAlsoUsePrediction no longer has any effect
iUsedAllItsAllocatedVisibilityMinutesPerMonth: 8760
Visibility Allocation Minutes:8760
HARVESTER_SIZE_SQM is 6362
Reading file
Success: /Wind turbine power curves - wind turbine power output against wind speed in knots.csv found.
Speed (Knots) = Speed(knots) vs power (kW) , Power (kW) =V90
Speed (Knots) = 0 , Power (kW) =0
Speed (Knots) = 1 , Power (kW) =0
Speed (Knots) = 2 , Power (kW) =0
Speed (Knots) = 3 , Power (kW) =0
Speed (Knots) = 4 , Power (kW) =0
Speed (Knots) = 5 , Power (kW) =0
Speed (Knots) = 6 , Power (kW) =0
Speed (Knots) = 7 , Power (kW) =38
Speed (Knots) = 8 , Power (kW) =87
Speed (Knots) = 9 , Power (kW) =141
Speed (Knots) = 10 , Power (kW) =207
Speed (Knots) = 11 , Power (kW) =286
Speed (Knots) = 12 , Power (kW) =382
Speed (Knots) = 13 , Power (kW) =496
Speed (Knots) = 14 , Power (kW) =628
Speed (Knots) = 15 , Power (kW) =781
Speed (Knots) = 16 , Power (kW) =957
Speed (Knots) = 17 , Power (kW) =1153
Speed (Knots) = 18 , Power (kW) =1366
Speed (Knots) = 19 , Power (kW) =1589
Speed (Knots) = 20 , Power (kW) =1814
Speed (Knots) = 21 , Power (kW) =2035
Speed (Knots) = 22 , Power (kW) =2250
Speed (Knots) = 23 , Power (kW) =2452
Speed (Knots) = 24 , Power (kW) =2634
Speed (Knots) = 25 , Power (kW) =2784
Speed (Knots) = 26 , Power (kW) =2888
Speed (Knots) = 27 , Power (kW) =2949
Speed (Knots) = 28 , Power (kW) =2980
Speed (Knots) = 29 , Power (kW) =2993
Speed (Knots) = 30 , Power (kW) =3000
Speed (Knots) = 31 , Power (kW) =3000
Speed (Knots) = 32 , Power (kW) =3000
Speed (Knots) = 33 , Power (kW) =3000
Speed (Knots) = 34 , Power (kW) =3000
Speed (Knots) = 35 , Power (kW) =3000
Speed (Knots) = 36 , Power (kW) =3000
Speed (Knots) = 37 , Power (kW) =3000
Speed (Knots) = 38 , Power (kW) =3000
Speed (Knots) = 39 , Power (kW) =3000
Speed (Knots) = 40 , Power (kW) =3000
Speed (Knots) = 41 , Power (kW) =3000
Speed (Knots) = 42 , Power (kW) =3000
Speed (Knots) = 43 , Power (kW) =3000
Speed (Knots) = 44 , Power (kW) =3000
Speed (Knots) = 45 , Power (kW) =3000
Speed (Knots) = 46 , Power (kW) =3000
Speed (Knots) = 47 , Power (kW) =3000
Speed (Knots) = 48 , Power (kW) =3000
Speed (Knots) = 49 , Power (kW) =0
Speed (Knots) = 50 , Power (kW) =0
Speed (Knots) = 51 , Power (kW) =0
Speed (Knots) = 52 , Power (kW) =0
Speed (Knots) = 53 , Power (kW) =0
Speed (Knots) = 54 , Power (kW) =0
Speed (Knots) = 55 , Power (kW) =0
Speed (Knots) = 56 , Power (kW) =0
Speed (Knots) = 57 , Power (kW) =0
Speed (Knots) = 58 , Power (kW) =0
Speed (Knots) = 59 , Power (kW) =0
Speed (Knots) = 60 , Power (kW) =0
The scale is 1.0
Wind power at 10 knots in kilowatts is 207.0
Wind power in-cut-out test 0.0
Aging
Class name:edu.pitt.cs.people.guy.wind.benchmarks.Aging
Success: /Noise_Allowed_Time_Definitions_All_Stations.csv found.
The station is the record is KMCO
Success: /Noise_Allowed_Time_Definitions_All_Stations.csv found.
The station is the record is KMCO
I have found the membership file for NOT WINDY.
Windspeed (knots) [0,1), Membership Value =1.00000000,1.0
Windspeed (knots) [1,2), Membership Value =0.99991557,0.99991554
Windspeed (knots) [2,3), Membership Value =0.99877776,0.99877775
Windspeed (knots) [3,4), Membership Value =0.99366158,0.9936616
Windspeed (knots) [4,5), Membership Value =0.98013438,0.98013437
Windspeed (knots) [5,6), Membership Value =0.95466408,0.95466405
Windspeed (knots) [6,7), Membership Value =0.91365205,0.91365206
Windspeed (knots) [7,8), Membership Value =0.85799935,0.8579993
Windspeed (knots) [8,9), Membership Value =0.78919330,0.7891933
Windspeed (knots) [9,10), Membership Value =0.70626895,0.70626897
Windspeed (knots) [10,11), Membership Value =0.61206291,0.61206293
Windspeed (knots) [11,12), Membership Value =0.50791684,0.50791687
Windspeed (knots) [12,13), Membership Value =0.39947380,0.3994738
Windspeed (knots) [13,14), Membership Value =0.29446937,0.29446936
Windspeed (knots) [14,15), Membership Value =0.19709812,0.19709812
Windspeed (knots) [15,16), Membership Value =0.11167400,0.111674
Windspeed (knots) [16,17), Membership Value =0.03908221,0.03908221
Windspeed (knots) [17,18), Membership Value =0.00000000,0.0
Windspeed (knots) [18,19), Membership Value =0.00000000,0.0
Windspeed (knots) [19,20), Membership Value =0.00000000,0.0
Windspeed (knots) [20,21), Membership Value =0.00000000,0.0
Windspeed (knots) [21,22), Membership Value =0.00000000,0.0
Windspeed (knots) [22,23), Membership Value =0.00000000,0.0
Windspeed (knots) [23,24), Membership Value =0.00000000,0.0
Windspeed (knots) [24,25), Membership Value =0.00000000,0.0
Windspeed (knots) [25,26), Membership Value =0.00000000,0.0
Windspeed (knots) [26,27), Membership Value =0.00000000,0.0
Windspeed (knots) [27,28), Membership Value =0.00000000,0.0
Windspeed (knots) [28,29), Membership Value =0.00000000,0.0
Windspeed (knots) [29,30), Membership Value =0.00000000,0.0
Windspeed (knots) [30,31), Membership Value =0.00000000,0.0
Windspeed (knots) [31,32), Membership Value =0.00000000,0.0
Windspeed (knots) [32,33), Membership Value =0.00000000,0.0
Windspeed (knots) [33,34), Membership Value =0.00000000,0.0
Windspeed (knots) [34,35), Membership Value =0.00000000,0.0
Windspeed (knots) [35,36), Membership Value =0.00000000,0.0
Windspeed (knots) [36,37), Membership Value =0.00000000,0.0
Windspeed (knots) [37,38), Membership Value =0.00000000,0.0
Windspeed (knots) [38,39), Membership Value =0.00000000,0.0
Windspeed (knots) [39,40), Membership Value =0.00000000,0.0
Windspeed (knots) [40,41), Membership Value =0.00000000,0.0
Windspeed (knots) [41,42), Membership Value =0.00000000,0.0
Windspeed (knots) [42,43), Membership Value =0.00000000,0.0
Windspeed (knots) [43,44), Membership Value =0.00000000,0.0
Windspeed (knots) [44,45), Membership Value =0.00000000,0.0
Windspeed (knots) [45,46), Membership Value =0.00000000,0.0
Windspeed (knots) [46,47), Membership Value =0.00000000,0.0
Windspeed (knots) [47,48), Membership Value =0.00000000,0.0
Windspeed (knots) [48,49), Membership Value =0.00000000,0.0
Windspeed (knots) [49,50), Membership Value =0.00000000,0.0
Windspeed (knots) [50,51), Membership Value =0.00000000,0.0
Windspeed (knots) [51,52), Membership Value =0.00000000,0.0
Windspeed (knots) [52,53), Membership Value =0.00000000,0.0
Windspeed (knots) [53,54), Membership Value =0.00000000,0.0
Windspeed (knots) [54,55), Membership Value =0.00000000,0.0
Windspeed (knots) [55,56), Membership Value =0.00000000,0.0
Windspeed (knots) [56,57), Membership Value =0.00000000,0.0
Windspeed (knots) [57,58), Membership Value =0.00000000,0.0
Windspeed (knots) [58,59), Membership Value =0.00000000,0.0
Windspeed (knots) [59,60), Membership Value =0.00000000,0.0
Windspeed (knots) [60,61), Membership Value =0.00000000,0.0
Windspeed (knots) [61,62), Membership Value =0.00000000,0.0
Windspeed (knots) [62,63), Membership Value =0.00000000,0.0
Windspeed (knots) [63,64), Membership Value =0.00000000,0.0
Windspeed (knots) [64,65), Membership Value =0.00000000,0.0
Windspeed (knots) [65,66), Membership Value =0.00000000,0.0
Windspeed (knots) [66,67), Membership Value =0.00000000,0.0
Windspeed (knots) [67,68), Membership Value =0.00000000,0.0
Windspeed (knots) [68,69), Membership Value =0.00000000,0.0
Windspeed (knots) [69,70), Membership Value =0.00000000,0.0
Windspeed (knots) [70,71), Membership Value =0.00000000,0.0
Windspeed (knots) [71,72), Membership Value =0.00000000,0.0
Windspeed (knots) [72,73), Membership Value =0.00000000,0.0
Windspeed (knots) [73,74), Membership Value =0.00000000,0.0
Windspeed (knots) [74,75), Membership Value =0.00000000,0.0
Windspeed (knots) [75,76), Membership Value =0.00000000,0.0
Windspeed (knots) [76,77), Membership Value =0.00000000,0.0
Windspeed (knots) [77,78), Membership Value =0.00000000,0.0
Windspeed (knots) [78,79), Membership Value =0.00000000,0.0
Windspeed (knots) [79,80), Membership Value =0.00000000,0.0
Windspeed (knots) [80,81), Membership Value =0.00000000,0.0
Windspeed (knots) [81,82), Membership Value =0.00000000,0.0
Windspeed (knots) [82,83), Membership Value =0.00000000,0.0
Windspeed (knots) [83,84), Membership Value =0.00000000,0.0
Windspeed (knots) [84,85), Membership Value =0.00000000,0.0
Windspeed (knots) [85,86), Membership Value =0.00000000,0.0
Windspeed (knots) [86,87), Membership Value =0.00000000,0.0
Windspeed (knots) [87,88), Membership Value =0.00000000,0.0
Windspeed (knots) [88,89), Membership Value =0.00000000,0.0
Windspeed (knots) [89,90), Membership Value =0.00000000,0.0
Windspeed (knots) [90,91), Membership Value =0.00000000,0.0
Windspeed (knots) [91,92), Membership Value =0.00000000,0.0
Windspeed (knots) [92,93), Membership Value =0.00000000,0.0
Windspeed (knots) [93,94), Membership Value =0.00000000,0.0
Windspeed (knots) [94,95), Membership Value =0.00000000,0.0
Windspeed (knots) [95,96), Membership Value =0.00000000,0.0
Windspeed (knots) [96,97), Membership Value =0.00000000,0.0
Windspeed (knots) [97,98), Membership Value =0.00000000,0.0
Windspeed (knots) [98,99), Membership Value =0.00000000,0.0
Windspeed (knots) [99,100), Membership Value =0.00000000,0.0
Windspeed (knots) [100,101), Membership Value =0.00000000,0.0
Windspeed (knots) [101,102), Membership Value =0.00000000,0.0
Windspeed (knots) [102,103), Membership Value =0.00000000,0.0
Windspeed (knots) [103,104), Membership Value =0.00000000,0.0
Windspeed (knots) [104,105), Membership Value =0.00000000,0.0
Windspeed (knots) [105,106), Membership Value =0.00000000,0.0
Windspeed (knots) [106,107), Membership Value =0.00000000,0.0
Windspeed (knots) [107,108), Membership Value =0.00000000,0.0
Windspeed (knots) [108,109), Membership Value =0.00000000,0.0
Windspeed (knots) [109,110), Membership Value =0.00000000,0.0
Windspeed (knots) [110,111), Membership Value =0.00000000,0.0
Windspeed (knots) [111,112), Membership Value =0.00000000,0.0
Windspeed (knots) [112,113), Membership Value =0.00000000,0.0
Windspeed (knots) [113,114), Membership Value =0.00000000,0.0
Windspeed (knots) [114,115), Membership Value =0.00000000,0.0
Windspeed (knots) [115,116), Membership Value =0.00000000,0.0
Windspeed (knots) [116,117), Membership Value =0.00000000,0.0
Windspeed (knots) [117,118), Membership Value =0.00000000,0.0
Windspeed (knots) [118,119), Membership Value =0.00000000,0.0
Windspeed (knots) [119,120), Membership Value =0.00000000,0.0
Windspeed (knots) [120,121), Membership Value =0.00000000,0.0
Windspeed (knots) [121,122), Membership Value =0.00000000,0.0
Windspeed (knots) [122,123), Membership Value =0.00000000,0.0
Windspeed (knots) [123,124), Membership Value =0.00000000,0.0
Windspeed (knots) [124,125), Membership Value =0.00000000,0.0
LowestWindspeedThatIsWindyKnots for station KMCO is 7 knots.
Transition limited :true
bUseWeatherPrediction: true
The running average is 1
The y-int is 7
Energy harvested: 2109806.0972222546
iGeneratingEnergyWhenGridNeedsEnergyMinutes =423411
iGeneratingEnergyWhenGridNeedsEnergyMinutes =423411
iUsingEnergyWhenGridNeedsEnergyMinutes =1997
iGeneratingEnergyWhenGridHasExcessEnergyMinutes = 3319
iUsingEnergyWhenGridHasExcessEnergyMinutes = 47
iIdleWhenGridDoesNotNeedEnergyMinutes = 42714
iIdleWhenGridNeedsEnergyMinutes = 4262991
iEnergyPriceIsZeroMinutes = 240
harvester.getEnergyHarvestedAVAILABLEKilowattHours( ): 1.0062656633333333E7
harvester.getEnergyHarvestedKilowattHours(): 2109806.0972222546
The y-int is 17
Energy harvested: 2546237.598333328
iGeneratingEnergyWhenGridNeedsEnergyMinutes =420824
iGeneratingEnergyWhenGridNeedsEnergyMinutes =420824
iUsingEnergyWhenGridNeedsEnergyMinutes =627
iGeneratingEnergyWhenGridHasExcessEnergyMinutes = 3762
iUsingEnergyWhenGridHasExcessEnergyMinutes = 0
iIdleWhenGridDoesNotNeedEnergyMinutes = 42318
iIdleWhenGridNeedsEnergyMinutes = 4266948
iEnergyPriceIsZeroMinutes = 240
harvester.getEnergyHarvestedAVAILABLEKilowattHours( ): 1.0062656633333333E7
harvester.getEnergyHarvestedKilowattHours(): 2546237.598333328
The y-int is 27
Energy harvested: 2104591.426944475
iGeneratingEnergyWhenGridNeedsEnergyMinutes =406323
iGeneratingEnergyWhenGridNeedsEnergyMinutes =406323
iUsingEnergyWhenGridNeedsEnergyMinutes =1906
iGeneratingEnergyWhenGridHasExcessEnergyMinutes = 4856
iUsingEnergyWhenGridHasExcessEnergyMinutes = 60
iIdleWhenGridDoesNotNeedEnergyMinutes = 41164
iIdleWhenGridNeedsEnergyMinutes = 4280170
iEnergyPriceIsZeroMinutes = 240
harvester.getEnergyHarvestedAVAILABLEKilowattHours( ): 1.0062656633333333E7
harvester.getEnergyHarvestedKilowattHours(): 2104591.426944475
The y-int is 37
Energy harvested: 2109499.9647222543
iGeneratingEnergyWhenGridNeedsEnergyMinutes =405014
iGeneratingEnergyWhenGridNeedsEnergyMinutes =405014
iUsingEnergyWhenGridNeedsEnergyMinutes =2011
iGeneratingEnergyWhenGridHasExcessEnergyMinutes = 4847
iUsingEnergyWhenGridHasExcessEnergyMinutes = 60
iIdleWhenGridDoesNotNeedEnergyMinutes = 41173
iIdleWhenGridNeedsEnergyMinutes = 4281374
iEnergyPriceIsZeroMinutes = 240
harvester.getEnergyHarvestedAVAILABLEKilowattHours( ): 1.0062656633333333E7
harvester.getEnergyHarvestedKilowattHours(): 2109499.9647222543
The running average is 31
The y-int is 7
Energy harvested: 2125009.0438889205
iGeneratingEnergyWhenGridNeedsEnergyMinutes =424837
iGeneratingEnergyWhenGridNeedsEnergyMinutes =424837
iUsingEnergyWhenGridNeedsEnergyMinutes =1946
iGeneratingEnergyWhenGridHasExcessEnergyMinutes = 3290
iUsingEnergyWhenGridHasExcessEnergyMinutes = 39
iIdleWhenGridDoesNotNeedEnergyMinutes = 42751
iIdleWhenGridNeedsEnergyMinutes = 4261616
iEnergyPriceIsZeroMinutes = 240
harvester.getEnergyHarvestedAVAILABLEKilowattHours( ): 1.0062656633333333E7
harvester.getEnergyHarvestedKilowattHours(): 2125009.0438889205
The y-int is 17
Energy harvested: 2517087.46749998
iGeneratingEnergyWhenGridNeedsEnergyMinutes =422810
iGeneratingEnergyWhenGridNeedsEnergyMinutes =422810
iUsingEnergyWhenGridNeedsEnergyMinutes =1428
iGeneratingEnergyWhenGridHasExcessEnergyMinutes = 5262
iUsingEnergyWhenGridHasExcessEnergyMinutes = 40
iIdleWhenGridDoesNotNeedEnergyMinutes = 40778
iIdleWhenGridNeedsEnergyMinutes = 4264161
iEnergyPriceIsZeroMinutes = 240
harvester.getEnergyHarvestedAVAILABLEKilowattHours( ): 1.0062656633333333E7
harvester.getEnergyHarvestedKilowattHours(): 2517087.46749998
The y-int is 27
Energy harvested: 2135996.1702778097
iGeneratingEnergyWhenGridNeedsEnergyMinutes =405537
iGeneratingEnergyWhenGridNeedsEnergyMinutes =405537
iUsingEnergyWhenGridNeedsEnergyMinutes =1992
iGeneratingEnergyWhenGridHasExcessEnergyMinutes = 4847
iUsingEnergyWhenGridHasExcessEnergyMinutes = 60
iIdleWhenGridDoesNotNeedEnergyMinutes = 41173
iIdleWhenGridNeedsEnergyMinutes = 4280870
iEnergyPriceIsZeroMinutes = 240
harvester.getEnergyHarvestedAVAILABLEKilowattHours( ): 1.0062656633333333E7
harvester.getEnergyHarvestedKilowattHours(): 2135996.1702778097
The y-int is 37
Energy harvested: 2109499.9647222543
iGeneratingEnergyWhenGridNeedsEnergyMinutes =405014
iGeneratingEnergyWhenGridNeedsEnergyMinutes =405014
iUsingEnergyWhenGridNeedsEnergyMinutes =2011
iGeneratingEnergyWhenGridHasExcessEnergyMinutes = 4847
iUsingEnergyWhenGridHasExcessEnergyMinutes = 60
iIdleWhenGridDoesNotNeedEnergyMinutes = 41173
iIdleWhenGridNeedsEnergyMinutes = 4281374
iEnergyPriceIsZeroMinutes = 240
harvester.getEnergyHarvestedAVAILABLEKilowattHours( ): 1.0062656633333333E7
harvester.getEnergyHarvestedKilowattHours(): 2109499.9647222543
The running average is 61
The y-int is 7
Energy harvested: 2141063.9716666974
iGeneratingEnergyWhenGridNeedsEnergyMinutes =426009
iGeneratingEnergyWhenGridNeedsEnergyMinutes =426009
iUsingEnergyWhenGridNeedsEnergyMinutes =1914
iGeneratingEnergyWhenGridHasExcessEnergyMinutes = 3181
iUsingEnergyWhenGridHasExcessEnergyMinutes = 19
iIdleWhenGridDoesNotNeedEnergyMinutes = 42880
iIdleWhenGridNeedsEnergyMinutes = 4260476
iEnergyPriceIsZeroMinutes = 240
harvester.getEnergyHarvestedAVAILABLEKilowattHours( ): 1.0062656633333333E7
harvester.getEnergyHarvestedKilowattHours(): 2141063.9716666974
The y-int is 17
Energy harvested: 2498855.6344444356
iGeneratingEnergyWhenGridNeedsEnergyMinutes =420407
iGeneratingEnergyWhenGridNeedsEnergyMinutes =420407
iUsingEnergyWhenGridNeedsEnergyMinutes =1648
iGeneratingEnergyWhenGridHasExcessEnergyMinutes = 5240
iUsingEnergyWhenGridHasExcessEnergyMinutes = 60
iIdleWhenGridDoesNotNeedEnergyMinutes = 40780
iIdleWhenGridNeedsEnergyMinutes = 4266344
iEnergyPriceIsZeroMinutes = 240
harvester.getEnergyHarvestedAVAILABLEKilowattHours( ): 1.0062656633333333E7
harvester.getEnergyHarvestedKilowattHours(): 2498855.6344444356
The y-int is 27
Energy harvested: 2109499.9647222543
iGeneratingEnergyWhenGridNeedsEnergyMinutes =405014
iGeneratingEnergyWhenGridNeedsEnergyMinutes =405014
iUsingEnergyWhenGridNeedsEnergyMinutes =2011
iGeneratingEnergyWhenGridHasExcessEnergyMinutes = 4847
iUsingEnergyWhenGridHasExcessEnergyMinutes = 60
iIdleWhenGridDoesNotNeedEnergyMinutes = 41173
iIdleWhenGridNeedsEnergyMinutes = 4281374
iEnergyPriceIsZeroMinutes = 240
harvester.getEnergyHarvestedAVAILABLEKilowattHours( ): 1.0062656633333333E7
harvester.getEnergyHarvestedKilowattHours(): 2109499.9647222543
The y-int is 37
Energy harvested: 2109499.9647222543
iGeneratingEnergyWhenGridNeedsEnergyMinutes =405014
iGeneratingEnergyWhenGridNeedsEnergyMinutes =405014
iUsingEnergyWhenGridNeedsEnergyMinutes =2011
iGeneratingEnergyWhenGridHasExcessEnergyMinutes = 4847
iUsingEnergyWhenGridHasExcessEnergyMinutes = 60
iIdleWhenGridDoesNotNeedEnergyMinutes = 41173
iIdleWhenGridNeedsEnergyMinutes = 4281374
iEnergyPriceIsZeroMinutes = 240
harvester.getEnergyHarvestedAVAILABLEKilowattHours( ): 1.0062656633333333E7
harvester.getEnergyHarvestedKilowattHours(): 2109499.9647222543
The running average is 91
The y-int is 7
Energy harvested: 2141858.4019444757
iGeneratingEnergyWhenGridNeedsEnergyMinutes =425077
iGeneratingEnergyWhenGridNeedsEnergyMinutes =425077
iUsingEnergyWhenGridNeedsEnergyMinutes =1928
iGeneratingEnergyWhenGridHasExcessEnergyMinutes = 3168
iUsingEnergyWhenGridHasExcessEnergyMinutes = 19
iIdleWhenGridDoesNotNeedEnergyMinutes = 42893
iIdleWhenGridNeedsEnergyMinutes = 4261394
iEnergyPriceIsZeroMinutes = 240
harvester.getEnergyHarvestedAVAILABLEKilowattHours( ): 1.0062656633333333E7
harvester.getEnergyHarvestedKilowattHours(): 2141858.4019444757
The y-int is 17
Energy harvested: 2425087.415277777
iGeneratingEnergyWhenGridNeedsEnergyMinutes =417956
iGeneratingEnergyWhenGridNeedsEnergyMinutes =417956
iUsingEnergyWhenGridNeedsEnergyMinutes =1774
iGeneratingEnergyWhenGridHasExcessEnergyMinutes = 5240
iUsingEnergyWhenGridHasExcessEnergyMinutes = 60
iIdleWhenGridDoesNotNeedEnergyMinutes = 40780
iIdleWhenGridNeedsEnergyMinutes = 4268669
iEnergyPriceIsZeroMinutes = 240
harvester.getEnergyHarvestedAVAILABLEKilowattHours( ): 1.0062656633333333E7
harvester.getEnergyHarvestedKilowattHours(): 2425087.415277777
The y-int is 27
Energy harvested: 2109499.9647222543
iGeneratingEnergyWhenGridNeedsEnergyMinutes =405014
iGeneratingEnergyWhenGridNeedsEnergyMinutes =405014
iUsingEnergyWhenGridNeedsEnergyMinutes =2011
iGeneratingEnergyWhenGridHasExcessEnergyMinutes = 4847
iUsingEnergyWhenGridHasExcessEnergyMinutes = 60
iIdleWhenGridDoesNotNeedEnergyMinutes = 41173
iIdleWhenGridNeedsEnergyMinutes = 4281374
iEnergyPriceIsZeroMinutes = 240
harvester.getEnergyHarvestedAVAILABLEKilowattHours( ): 1.0062656633333333E7
harvester.getEnergyHarvestedKilowattHours(): 2109499.9647222543
The y-int is 37
Energy harvested: 2035080.2758333639
iGeneratingEnergyWhenGridNeedsEnergyMinutes =403420
iGeneratingEnergyWhenGridNeedsEnergyMinutes =403420
iUsingEnergyWhenGridNeedsEnergyMinutes =2031
iGeneratingEnergyWhenGridHasExcessEnergyMinutes = 4847
iUsingEnergyWhenGridHasExcessEnergyMinutes = 60
iIdleWhenGridDoesNotNeedEnergyMinutes = 41173
iIdleWhenGridNeedsEnergyMinutes = 4282948
iEnergyPriceIsZeroMinutes = 240
harvester.getEnergyHarvestedAVAILABLEKilowattHours( ): 1.0062656633333333E7
harvester.getEnergyHarvestedKilowattHours(): 2035080.2758333639
The running average is 121
The y-int is 7
Energy harvested: 2159041.8786111423
iGeneratingEnergyWhenGridNeedsEnergyMinutes =425948
iGeneratingEnergyWhenGridNeedsEnergyMinutes =425948
iUsingEnergyWhenGridNeedsEnergyMinutes =1945
iGeneratingEnergyWhenGridHasExcessEnergyMinutes = 3145
iUsingEnergyWhenGridHasExcessEnergyMinutes = 19
iIdleWhenGridDoesNotNeedEnergyMinutes = 42916
iIdleWhenGridNeedsEnergyMinutes = 4260506
iEnergyPriceIsZeroMinutes = 240
harvester.getEnergyHarvestedAVAILABLEKilowattHours( ): 1.0062656633333333E7
harvester.getEnergyHarvestedKilowattHours(): 2159041.8786111423
The y-int is 17
Energy harvested: 2366879.903333343
iGeneratingEnergyWhenGridNeedsEnergyMinutes =413377
iGeneratingEnergyWhenGridNeedsEnergyMinutes =413377
iUsingEnergyWhenGridNeedsEnergyMinutes =1816
iGeneratingEnergyWhenGridHasExcessEnergyMinutes = 5293
iUsingEnergyWhenGridHasExcessEnergyMinutes = 60
iIdleWhenGridDoesNotNeedEnergyMinutes = 40727
iIdleWhenGridNeedsEnergyMinutes = 4273206
iEnergyPriceIsZeroMinutes = 240
harvester.getEnergyHarvestedAVAILABLEKilowattHours( ): 1.0062656633333333E7
harvester.getEnergyHarvestedKilowattHours(): 2366879.903333343
The y-int is 27
Energy harvested: 2109499.9647222543
iGeneratingEnergyWhenGridNeedsEnergyMinutes =405014
iGeneratingEnergyWhenGridNeedsEnergyMinutes =405014
iUsingEnergyWhenGridNeedsEnergyMinutes =2011
iGeneratingEnergyWhenGridHasExcessEnergyMinutes = 4847
iUsingEnergyWhenGridHasExcessEnergyMinutes = 60
iIdleWhenGridDoesNotNeedEnergyMinutes = 41173
iIdleWhenGridNeedsEnergyMinutes = 4281374
iEnergyPriceIsZeroMinutes = 240
harvester.getEnergyHarvestedAVAILABLEKilowattHours( ): 1.0062656633333333E7
harvester.getEnergyHarvestedKilowattHours(): 2109499.9647222543
The y-int is 37
Energy harvested: 2035080.2758333639
iGeneratingEnergyWhenGridNeedsEnergyMinutes =403420
iGeneratingEnergyWhenGridNeedsEnergyMinutes =403420
iUsingEnergyWhenGridNeedsEnergyMinutes =2031
iGeneratingEnergyWhenGridHasExcessEnergyMinutes = 4847
iUsingEnergyWhenGridHasExcessEnergyMinutes = 60
iIdleWhenGridDoesNotNeedEnergyMinutes = 41173
iIdleWhenGridNeedsEnergyMinutes = 4282948
iEnergyPriceIsZeroMinutes = 240
harvester.getEnergyHarvestedAVAILABLEKilowattHours( ): 1.0062656633333333E7
harvester.getEnergyHarvestedKilowattHours(): 2035080.2758333639
Beginning testing mode:
station,&,y_intercept_for_month_1,&,running_average_size_minutes_for_month_1,&,y_intercept_for_month_2,&,running_average_size_minutes_for_month_2,&,y_intercept_for_month_3,&,running_average_size_minutes_for_month_3,&,y_intercept_for_month_4,&,running_average_size_minutes_for_month_4,&,y_intercept_for_month_5,&,running_average_size_minutes_for_month_5,&,y_intercept_for_month_6,&,running_average_size_minutes_for_month_6,&,y_intercept_for_month_7,&,running_average_size_minutes_for_month_7,&,y_intercept_for_month_8,&,running_average_size_minutes_for_month_8,&,y_intercept_for_month_9,&,running_average_size_minutes_for_month_9,&,y_intercept_for_month_10,&,running_average_size_minutes_for_month_10,&,y_intercept_for_month_11,&,running_average_size_minutes_for_month_11,&,y_intercept_for_month_12,&,running_average_size_minutes_for_month_12,&,dNetNorm,&,dMarketBalancePercentage,&,dMarketNetNorm,
results: KMCO,&,17,&,1,&,27,&,1,&,17,&,31,&,17,&,1,&,17,&,31,&,7,&,1,&,7,&,121,&,17,&,31,&,7,&,121,&,17,&,1,&,17,&,1,&,7,&,31,&,0.2380602535862265,&,0.9639299433556873,&,0.22947340675461186
monthly visible minutes:KMCO,&,2013,&,8672,&,8672,&,8672,&,8672,&,8672,&,8672,&,8672,&,8672,&,8672,&,8672,&,8672,&,8672,&,
monthly visible minutes:KMCO,&,2014,&,8672,&,8672,&,8672,&,8672,&,8672,&,8672,&,8672,&,8672,&,8672,&,8672,&,8672,&,8672,&,
monthly minutes harvester between states:KMCO,&,2013,&,38,&,38,&,38,&,38,&,38,&,38,&,38,&,38,&,38,&,38,&,38,&,38,&,
monthly minutes harvester between states:KMCO,&,2014,&,38,&,38,&,38,&,38,&,38,&,38,&,38,&,38,&,38,&,38,&,38,&,38,&,
station,&,y_intercept_for_month_1,&,running_average_size_minutes_for_month_1,&,y_intercept_for_month_2,&,running_average_size_minutes_for_month_2,&,y_intercept_for_month_3,&,running_average_size_minutes_for_month_3,&,y_intercept_for_month_4,&,running_average_size_minutes_for_month_4,&,y_intercept_for_month_5,&,running_average_size_minutes_for_month_5,&,y_intercept_for_month_6,&,running_average_size_minutes_for_month_6,&,y_intercept_for_month_7,&,running_average_size_minutes_for_month_7,&,y_intercept_for_month_8,&,running_average_size_minutes_for_month_8,&,y_intercept_for_month_9,&,running_average_size_minutes_for_month_9,&,y_intercept_for_month_10,&,running_average_size_minutes_for_month_10,&,y_intercept_for_month_11,&,running_average_size_minutes_for_month_11,&,y_intercept_for_month_12,&,running_average_size_minutes_for_month_12,&,dNetNorm,&,dMarketBalancePercentage,&,dMarketNetNorm,
results: KMCO,&,17,&,1,&,27,&,1,&,17,&,31,&,17,&,1,&,17,&,31,&,7,&,1,&,7,&,121,&,17,&,31,&,7,&,121,&,17,&,1,&,17,&,1,&,7,&,31,&,0.2380602535862265,&,0.9639299433556873,&,0.22947340675461186
monthly visible minutes:KMCO,&,2013,&,8672,&,8672,&,8672,&,8672,&,8672,&,8672,&,8672,&,8672,&,8672,&,8672,&,8672,&,8672,&,
monthly visible minutes:KMCO,&,2014,&,8672,&,8672,&,8672,&,8672,&,8672,&,8672,&,8672,&,8672,&,8672,&,8672,&,8672,&,8672,&,
monthly minutes harvester between states:KMCO,&,2013,&,38,&,38,&,38,&,38,&,38,&,38,&,38,&,38,&,38,&,38,&,38,&,38,&,
monthly minutes harvester between states:KMCO,&,2014,&,38,&,38,&,38,&,38,&,38,&,38,&,38,&,38,&,38,&,38,&,38,&,38,&,
Station: KMSP
abc: The current path is /home/guy/retractable-wind
I have found the property file.
The training windspeed filename is /trainingKMSP2004-2012in.csv
The testing windspeed filename is /testingKMSP2013-2014in.csv
Yes, the station is KMSP
Warning: The bAlsoUsePrediction no longer has any effect
iUsedAllItsAllocatedVisibilityMinutesPerMonth: 8760
Visibility Allocation Minutes:8760
HARVESTER_SIZE_SQM is 6362
Reading file
Success: /Wind turbine power curves - wind turbine power output against wind speed in knots.csv found.
Speed (Knots) = Speed(knots) vs power (kW) , Power (kW) =V90
Speed (Knots) = 0 , Power (kW) =0
Speed (Knots) = 1 , Power (kW) =0
Speed (Knots) = 2 , Power (kW) =0
Speed (Knots) = 3 , Power (kW) =0
Speed (Knots) = 4 , Power (kW) =0
Speed (Knots) = 5 , Power (kW) =0
Speed (Knots) = 6 , Power (kW) =0
Speed (Knots) = 7 , Power (kW) =38
Speed (Knots) = 8 , Power (kW) =87
Speed (Knots) = 9 , Power (kW) =141
Speed (Knots) = 10 , Power (kW) =207
Speed (Knots) = 11 , Power (kW) =286
Speed (Knots) = 12 , Power (kW) =382
Speed (Knots) = 13 , Power (kW) =496
Speed (Knots) = 14 , Power (kW) =628
Speed (Knots) = 15 , Power (kW) =781
Speed (Knots) = 16 , Power (kW) =957
Speed (Knots) = 17 , Power (kW) =1153
Speed (Knots) = 18 , Power (kW) =1366
Speed (Knots) = 19 , Power (kW) =1589
Speed (Knots) = 20 , Power (kW) =1814
Speed (Knots) = 21 , Power (kW) =2035
Speed (Knots) = 22 , Power (kW) =2250
Speed (Knots) = 23 , Power (kW) =2452
Speed (Knots) = 24 , Power (kW) =2634
Speed (Knots) = 25 , Power (kW) =2784
Speed (Knots) = 26 , Power (kW) =2888
Speed (Knots) = 27 , Power (kW) =2949
Speed (Knots) = 28 , Power (kW) =2980
Speed (Knots) = 29 , Power (kW) =2993
Speed (Knots) = 30 , Power (kW) =3000
Speed (Knots) = 31 , Power (kW) =3000
Speed (Knots) = 32 , Power (kW) =3000
Speed (Knots) = 33 , Power (kW) =3000
Speed (Knots) = 34 , Power (kW) =3000
Speed (Knots) = 35 , Power (kW) =3000
Speed (Knots) = 36 , Power (kW) =3000
Speed (Knots) = 37 , Power (kW) =3000
Speed (Knots) = 38 , Power (kW) =3000
Speed (Knots) = 39 , Power (kW) =3000
Speed (Knots) = 40 , Power (kW) =3000
Speed (Knots) = 41 , Power (kW) =3000
Speed (Knots) = 42 , Power (kW) =3000
Speed (Knots) = 43 , Power (kW) =3000
Speed (Knots) = 44 , Power (kW) =3000
Speed (Knots) = 45 , Power (kW) =3000
Speed (Knots) = 46 , Power (kW) =3000
Speed (Knots) = 47 , Power (kW) =3000
Speed (Knots) = 48 , Power (kW) =3000
Speed (Knots) = 49 , Power (kW) =0
Speed (Knots) = 50 , Power (kW) =0
Speed (Knots) = 51 , Power (kW) =0
Speed (Knots) = 52 , Power (kW) =0
Speed (Knots) = 53 , Power (kW) =0
Speed (Knots) = 54 , Power (kW) =0
Speed (Knots) = 55 , Power (kW) =0
Speed (Knots) = 56 , Power (kW) =0
Speed (Knots) = 57 , Power (kW) =0
Speed (Knots) = 58 , Power (kW) =0
Speed (Knots) = 59 , Power (kW) =0
Speed (Knots) = 60 , Power (kW) =0
The scale is 1.0
Wind power at 10 knots in kilowatts is 207.0
Wind power in-cut-out test 0.0
Aging
Class name:edu.pitt.cs.people.guy.wind.benchmarks.Aging
Success: /Noise_Allowed_Time_Definitions_All_Stations.csv found.
The station is the record is KMSP
Success: /Noise_Allowed_Time_Definitions_All_Stations.csv found.
The station is the record is KMSP
I have found the membership file for NOT WINDY.
Windspeed (knots) [0,1), Membership Value =1.00000000,1.0
Windspeed (knots) [1,2), Membership Value =0.99996261,0.9999626
Windspeed (knots) [2,3), Membership Value =0.99943432,0.9994343
Windspeed (knots) [3,4), Membership Value =0.99690141,0.9969014
Windspeed (knots) [4,5), Membership Value =0.98964388,0.9896439
Windspeed (knots) [5,6), Membership Value =0.97415422,0.97415423
Windspeed (knots) [6,7), Membership Value =0.94700907,0.9470091
Windspeed (knots) [7,8), Membership Value =0.90469875,0.9046987
Windspeed (knots) [8,9), Membership Value =0.84617782,0.8461778
Windspeed (knots) [9,10), Membership Value =0.77179805,0.7717981
Windspeed (knots) [10,11), Membership Value =0.68340598,0.683406
Windspeed (knots) [11,12), Membership Value =0.58175701,0.581757
Windspeed (knots) [12,13), Membership Value =0.47518733,0.47518733
Windspeed (knots) [13,14), Membership Value =0.37199182,0.3719918
Windspeed (knots) [14,15), Membership Value =0.27014333,0.27014333
Windspeed (knots) [15,16), Membership Value =0.17485441,0.17485441
Windspeed (knots) [16,17), Membership Value =0.08835086,0.08835086
Windspeed (knots) [17,18), Membership Value =0.01405258,0.01405258
Windspeed (knots) [18,19), Membership Value =0.00000000,0.0
Windspeed (knots) [19,20), Membership Value =0.00000000,0.0
Windspeed (knots) [20,21), Membership Value =0.00000000,0.0
Windspeed (knots) [21,22), Membership Value =0.00000000,0.0
Windspeed (knots) [22,23), Membership Value =0.00000000,0.0
Windspeed (knots) [23,24), Membership Value =0.00000000,0.0
Windspeed (knots) [24,25), Membership Value =0.00000000,0.0
Windspeed (knots) [25,26), Membership Value =0.00000000,0.0
Windspeed (knots) [26,27), Membership Value =0.00000000,0.0
Windspeed (knots) [27,28), Membership Value =0.00000000,0.0
Windspeed (knots) [28,29), Membership Value =0.00000000,0.0
Windspeed (knots) [29,30), Membership Value =0.00000000,0.0
Windspeed (knots) [30,31), Membership Value =0.00000000,0.0
Windspeed (knots) [31,32), Membership Value =0.00000000,0.0
Windspeed (knots) [32,33), Membership Value =0.00000000,0.0
Windspeed (knots) [33,34), Membership Value =0.00000000,0.0
Windspeed (knots) [34,35), Membership Value =0.00000000,0.0
Windspeed (knots) [35,36), Membership Value =0.00000000,0.0
Windspeed (knots) [36,37), Membership Value =0.00000000,0.0
Windspeed (knots) [37,38), Membership Value =0.00000000,0.0
Windspeed (knots) [38,39), Membership Value =0.00000000,0.0
Windspeed (knots) [39,40), Membership Value =0.00000000,0.0
Windspeed (knots) [40,41), Membership Value =0.00000000,0.0
Windspeed (knots) [41,42), Membership Value =0.00000000,0.0
Windspeed (knots) [42,43), Membership Value =0.00000000,0.0
Windspeed (knots) [43,44), Membership Value =0.00000000,0.0
Windspeed (knots) [44,45), Membership Value =0.00000000,0.0
Windspeed (knots) [45,46), Membership Value =0.00000000,0.0
Windspeed (knots) [46,47), Membership Value =0.00000000,0.0
Windspeed (knots) [47,48), Membership Value =0.00000000,0.0
Windspeed (knots) [48,49), Membership Value =0.00000000,0.0
Windspeed (knots) [49,50), Membership Value =0.00000000,0.0
Windspeed (knots) [50,51), Membership Value =0.00000000,0.0
Windspeed (knots) [51,52), Membership Value =0.00000000,0.0
Windspeed (knots) [52,53), Membership Value =0.00000000,0.0
Windspeed (knots) [53,54), Membership Value =0.00000000,0.0
Windspeed (knots) [54,55), Membership Value =0.00000000,0.0
Windspeed (knots) [55,56), Membership Value =0.00000000,0.0
Windspeed (knots) [56,57), Membership Value =0.00000000,0.0
Windspeed (knots) [57,58), Membership Value =0.00000000,0.0
Windspeed (knots) [58,59), Membership Value =0.00000000,0.0
Windspeed (knots) [59,60), Membership Value =0.00000000,0.0
Windspeed (knots) [60,61), Membership Value =0.00000000,0.0
Windspeed (knots) [61,62), Membership Value =0.00000000,0.0
Windspeed (knots) [62,63), Membership Value =0.00000000,0.0
Windspeed (knots) [63,64), Membership Value =0.00000000,0.0
Windspeed (knots) [64,65), Membership Value =0.00000000,0.0
Windspeed (knots) [65,66), Membership Value =0.00000000,0.0
Windspeed (knots) [66,67), Membership Value =0.00000000,0.0
Windspeed (knots) [67,68), Membership Value =0.00000000,0.0
Windspeed (knots) [68,69), Membership Value =0.00000000,0.0
Windspeed (knots) [69,70), Membership Value =0.00000000,0.0
Windspeed (knots) [70,71), Membership Value =0.00000000,0.0
Windspeed (knots) [71,72), Membership Value =0.00000000,0.0
Windspeed (knots) [72,73), Membership Value =0.00000000,0.0
Windspeed (knots) [73,74), Membership Value =0.00000000,0.0
Windspeed (knots) [74,75), Membership Value =0.00000000,0.0
Windspeed (knots) [75,76), Membership Value =0.00000000,0.0
Windspeed (knots) [76,77), Membership Value =0.00000000,0.0
Windspeed (knots) [77,78), Membership Value =0.00000000,0.0
Windspeed (knots) [78,79), Membership Value =0.00000000,0.0
Windspeed (knots) [79,80), Membership Value =0.00000000,0.0
Windspeed (knots) [80,81), Membership Value =0.00000000,0.0
Windspeed (knots) [81,82), Membership Value =0.00000000,0.0
Windspeed (knots) [82,83), Membership Value =0.00000000,0.0
Windspeed (knots) [83,84), Membership Value =0.00000000,0.0
Windspeed (knots) [84,85), Membership Value =0.00000000,0.0
Windspeed (knots) [85,86), Membership Value =0.00000000,0.0
Windspeed (knots) [86,87), Membership Value =0.00000000,0.0
Windspeed (knots) [87,88), Membership Value =0.00000000,0.0
Windspeed (knots) [88,89), Membership Value =0.00000000,0.0
Windspeed (knots) [89,90), Membership Value =0.00000000,0.0
Windspeed (knots) [90,91), Membership Value =0.00000000,0.0
Windspeed (knots) [91,92), Membership Value =0.00000000,0.0
Windspeed (knots) [92,93), Membership Value =0.00000000,0.0
Windspeed (knots) [93,94), Membership Value =0.00000000,0.0
Windspeed (knots) [94,95), Membership Value =0.00000000,0.0
Windspeed (knots) [95,96), Membership Value =0.00000000,0.0
Windspeed (knots) [96,97), Membership Value =0.00000000,0.0
Windspeed (knots) [97,98), Membership Value =0.00000000,0.0
Windspeed (knots) [98,99), Membership Value =0.00000000,0.0
Windspeed (knots) [99,100), Membership Value =0.00000000,0.0
Windspeed (knots) [100,101), Membership Value =0.00000000,0.0
Windspeed (knots) [101,102), Membership Value =0.00000000,0.0
Windspeed (knots) [102,103), Membership Value =0.00000000,0.0
Windspeed (knots) [103,104), Membership Value =0.00000000,0.0
Windspeed (knots) [104,105), Membership Value =0.00000000,0.0
Windspeed (knots) [105,106), Membership Value =0.00000000,0.0
Windspeed (knots) [106,107), Membership Value =0.00000000,0.0
Windspeed (knots) [107,108), Membership Value =0.00000000,0.0
Windspeed (knots) [108,109), Membership Value =0.00000000,0.0
Windspeed (knots) [109,110), Membership Value =0.00000000,0.0
Windspeed (knots) [110,111), Membership Value =0.00000000,0.0
Windspeed (knots) [111,112), Membership Value =0.00000000,0.0
Windspeed (knots) [112,113), Membership Value =0.00000000,0.0
Windspeed (knots) [113,114), Membership Value =0.00000000,0.0
Windspeed (knots) [114,115), Membership Value =0.00000000,0.0
Windspeed (knots) [115,116), Membership Value =0.00000000,0.0
Windspeed (knots) [116,117), Membership Value =0.00000000,0.0
Windspeed (knots) [117,118), Membership Value =0.00000000,0.0
Windspeed (knots) [118,119), Membership Value =0.00000000,0.0
Windspeed (knots) [119,120), Membership Value =0.00000000,0.0
Windspeed (knots) [120,121), Membership Value =0.00000000,0.0
Windspeed (knots) [121,122), Membership Value =0.00000000,0.0
Windspeed (knots) [122,123), Membership Value =0.00000000,0.0
Windspeed (knots) [123,124), Membership Value =0.00000000,0.0
Windspeed (knots) [124,125), Membership Value =0.00000000,0.0
LowestWindspeedThatIsWindyKnots for station KMSP is 8 knots.
Transition limited :true
bUseWeatherPrediction: true
The running average is 1
The y-int is 8
Energy harvested: 3004961.990833231
iGeneratingEnergyWhenGridNeedsEnergyMinutes =542511
iGeneratingEnergyWhenGridNeedsEnergyMinutes =542511
iUsingEnergyWhenGridNeedsEnergyMinutes =1843
iGeneratingEnergyWhenGridHasExcessEnergyMinutes = 7266
iUsingEnergyWhenGridHasExcessEnergyMinutes = 81
iIdleWhenGridDoesNotNeedEnergyMinutes = 38733
iIdleWhenGridNeedsEnergyMinutes = 4142872
iEnergyPriceIsZeroMinutes = 240
harvester.getEnergyHarvestedAVAILABLEKilowattHours( ): 1.5343929966666667E7
harvester.getEnergyHarvestedKilowattHours(): 3004961.990833231
The y-int is 18
Energy harvested: 3759718.289166628
iGeneratingEnergyWhenGridNeedsEnergyMinutes =543797
iGeneratingEnergyWhenGridNeedsEnergyMinutes =543797
iUsingEnergyWhenGridNeedsEnergyMinutes =440
iGeneratingEnergyWhenGridHasExcessEnergyMinutes = 4143
iUsingEnergyWhenGridHasExcessEnergyMinutes = 1
iIdleWhenGridDoesNotNeedEnergyMinutes = 41936
iIdleWhenGridNeedsEnergyMinutes = 4142989
iEnergyPriceIsZeroMinutes = 240
harvester.getEnergyHarvestedAVAILABLEKilowattHours( ): 1.5343929966666667E7
harvester.getEnergyHarvestedKilowattHours(): 3759718.289166628
The y-int is 28
Energy harvested: 3096305.1297221044
iGeneratingEnergyWhenGridNeedsEnergyMinutes =520738
iGeneratingEnergyWhenGridNeedsEnergyMinutes =520738
iUsingEnergyWhenGridNeedsEnergyMinutes =1898
iGeneratingEnergyWhenGridHasExcessEnergyMinutes = 5608
iUsingEnergyWhenGridHasExcessEnergyMinutes = 58
iIdleWhenGridDoesNotNeedEnergyMinutes = 40414
iIdleWhenGridNeedsEnergyMinutes = 4164590
iEnergyPriceIsZeroMinutes = 240
harvester.getEnergyHarvestedAVAILABLEKilowattHours( ): 1.5343929966666667E7
harvester.getEnergyHarvestedKilowattHours(): 3096305.1297221044
The y-int is 38
Energy harvested: 3141557.7913887617
iGeneratingEnergyWhenGridNeedsEnergyMinutes =523407
iGeneratingEnergyWhenGridNeedsEnergyMinutes =523407
iUsingEnergyWhenGridNeedsEnergyMinutes =1976
iGeneratingEnergyWhenGridHasExcessEnergyMinutes = 5608
iUsingEnergyWhenGridHasExcessEnergyMinutes = 58
iIdleWhenGridDoesNotNeedEnergyMinutes = 40414
iIdleWhenGridNeedsEnergyMinutes = 4161843
iEnergyPriceIsZeroMinutes = 240
harvester.getEnergyHarvestedAVAILABLEKilowattHours( ): 1.5343929966666667E7
harvester.getEnergyHarvestedKilowattHours(): 3141557.7913887617
The running average is 31
The y-int is 8
Energy harvested: 3031173.2947221226
iGeneratingEnergyWhenGridNeedsEnergyMinutes =545416
iGeneratingEnergyWhenGridNeedsEnergyMinutes =545416
iUsingEnergyWhenGridNeedsEnergyMinutes =1830
iGeneratingEnergyWhenGridHasExcessEnergyMinutes = 7313
iUsingEnergyWhenGridHasExcessEnergyMinutes = 81
iIdleWhenGridDoesNotNeedEnergyMinutes = 38686
iIdleWhenGridNeedsEnergyMinutes = 4139980
iEnergyPriceIsZeroMinutes = 240
harvester.getEnergyHarvestedAVAILABLEKilowattHours( ): 1.5343929966666667E7
harvester.getEnergyHarvestedKilowattHours(): 3031173.2947221226
The y-int is 18
Energy harvested: 3566101.1897221217
iGeneratingEnergyWhenGridNeedsEnergyMinutes =538292
iGeneratingEnergyWhenGridNeedsEnergyMinutes =538292
iUsingEnergyWhenGridNeedsEnergyMinutes =1250
iGeneratingEnergyWhenGridHasExcessEnergyMinutes = 4201
iUsingEnergyWhenGridHasExcessEnergyMinutes = 20
iIdleWhenGridDoesNotNeedEnergyMinutes = 41859
iIdleWhenGridNeedsEnergyMinutes = 4147684
iEnergyPriceIsZeroMinutes = 240
harvester.getEnergyHarvestedAVAILABLEKilowattHours( ): 1.5343929966666667E7
harvester.getEnergyHarvestedKilowattHours(): 3566101.1897221217
The y-int is 28
Energy harvested: 3141557.7913887617
iGeneratingEnergyWhenGridNeedsEnergyMinutes =523407
iGeneratingEnergyWhenGridNeedsEnergyMinutes =523407
iUsingEnergyWhenGridNeedsEnergyMinutes =1976
iGeneratingEnergyWhenGridHasExcessEnergyMinutes = 5608
iUsingEnergyWhenGridHasExcessEnergyMinutes = 58
iIdleWhenGridDoesNotNeedEnergyMinutes = 40414
iIdleWhenGridNeedsEnergyMinutes = 4161843
iEnergyPriceIsZeroMinutes = 240
harvester.getEnergyHarvestedAVAILABLEKilowattHours( ): 1.5343929966666667E7
harvester.getEnergyHarvestedKilowattHours(): 3141557.7913887617
The y-int is 38
Energy harvested: 3141557.7913887617
iGeneratingEnergyWhenGridNeedsEnergyMinutes =523407
iGeneratingEnergyWhenGridNeedsEnergyMinutes =523407
iUsingEnergyWhenGridNeedsEnergyMinutes =1976
iGeneratingEnergyWhenGridHasExcessEnergyMinutes = 5608
iUsingEnergyWhenGridHasExcessEnergyMinutes = 58
iIdleWhenGridDoesNotNeedEnergyMinutes = 40414
iIdleWhenGridNeedsEnergyMinutes = 4161843
iEnergyPriceIsZeroMinutes = 240
harvester.getEnergyHarvestedAVAILABLEKilowattHours( ): 1.5343929966666667E7
harvester.getEnergyHarvestedKilowattHours(): 3141557.7913887617
The running average is 61
The y-int is 8
Energy harvested: 3020633.924444347
iGeneratingEnergyWhenGridNeedsEnergyMinutes =543946
iGeneratingEnergyWhenGridNeedsEnergyMinutes =543946
iUsingEnergyWhenGridNeedsEnergyMinutes =1782
iGeneratingEnergyWhenGridHasExcessEnergyMinutes = 7265
iUsingEnergyWhenGridHasExcessEnergyMinutes = 81
iIdleWhenGridDoesNotNeedEnergyMinutes = 38734
iIdleWhenGridNeedsEnergyMinutes = 4141498
iEnergyPriceIsZeroMinutes = 240
harvester.getEnergyHarvestedAVAILABLEKilowattHours( ): 1.5343929966666667E7
harvester.getEnergyHarvestedKilowattHours(): 3020633.924444347
The y-int is 18
Energy harvested: 3442126.76888878
iGeneratingEnergyWhenGridNeedsEnergyMinutes =532836
iGeneratingEnergyWhenGridNeedsEnergyMinutes =532836
iUsingEnergyWhenGridNeedsEnergyMinutes =1502
iGeneratingEnergyWhenGridHasExcessEnergyMinutes = 4500
iUsingEnergyWhenGridHasExcessEnergyMinutes = 20
iIdleWhenGridDoesNotNeedEnergyMinutes = 41560
iIdleWhenGridNeedsEnergyMinutes = 4152888
iEnergyPriceIsZeroMinutes = 240
harvester.getEnergyHarvestedAVAILABLEKilowattHours( ): 1.5343929966666667E7
harvester.getEnergyHarvestedKilowattHours(): 3442126.76888878
The y-int is 28
Energy harvested: 3141557.7913887617
iGeneratingEnergyWhenGridNeedsEnergyMinutes =523407
iGeneratingEnergyWhenGridNeedsEnergyMinutes =523407
iUsingEnergyWhenGridNeedsEnergyMinutes =1976
iGeneratingEnergyWhenGridHasExcessEnergyMinutes = 5608
iUsingEnergyWhenGridHasExcessEnergyMinutes = 58
iIdleWhenGridDoesNotNeedEnergyMinutes = 40414
iIdleWhenGridNeedsEnergyMinutes = 4161843
iEnergyPriceIsZeroMinutes = 240
harvester.getEnergyHarvestedAVAILABLEKilowattHours( ): 1.5343929966666667E7
harvester.getEnergyHarvestedKilowattHours(): 3141557.7913887617
The y-int is 38
Energy harvested: 3141557.7913887617
iGeneratingEnergyWhenGridNeedsEnergyMinutes =523407
iGeneratingEnergyWhenGridNeedsEnergyMinutes =523407
iUsingEnergyWhenGridNeedsEnergyMinutes =1976
iGeneratingEnergyWhenGridHasExcessEnergyMinutes = 5608
iUsingEnergyWhenGridHasExcessEnergyMinutes = 58
iIdleWhenGridDoesNotNeedEnergyMinutes = 40414
iIdleWhenGridNeedsEnergyMinutes = 4161843
iEnergyPriceIsZeroMinutes = 240
harvester.getEnergyHarvestedAVAILABLEKilowattHours( ): 1.5343929966666667E7
harvester.getEnergyHarvestedKilowattHours(): 3141557.7913887617
The running average is 91
The y-int is 8
Energy harvested: 3048385.2097221157
iGeneratingEnergyWhenGridNeedsEnergyMinutes =545383
iGeneratingEnergyWhenGridNeedsEnergyMinutes =545383
iUsingEnergyWhenGridNeedsEnergyMinutes =1773
iGeneratingEnergyWhenGridHasExcessEnergyMinutes = 7241
iUsingEnergyWhenGridHasExcessEnergyMinutes = 82
iIdleWhenGridDoesNotNeedEnergyMinutes = 38757
iIdleWhenGridNeedsEnergyMinutes = 4140070
iEnergyPriceIsZeroMinutes = 240
harvester.getEnergyHarvestedAVAILABLEKilowattHours( ): 1.5343929966666667E7
harvester.getEnergyHarvestedKilowattHours(): 3048385.2097221157
The y-int is 18
Energy harvested: 3362403.519722105
iGeneratingEnergyWhenGridNeedsEnergyMinutes =528366
iGeneratingEnergyWhenGridNeedsEnergyMinutes =528366
iUsingEnergyWhenGridNeedsEnergyMinutes =1541
iGeneratingEnergyWhenGridHasExcessEnergyMinutes = 4502
iUsingEnergyWhenGridHasExcessEnergyMinutes = 39
iIdleWhenGridDoesNotNeedEnergyMinutes = 41539
iIdleWhenGridNeedsEnergyMinutes = 4157319
iEnergyPriceIsZeroMinutes = 240
harvester.getEnergyHarvestedAVAILABLEKilowattHours( ): 1.5343929966666667E7
harvester.getEnergyHarvestedKilowattHours(): 3362403.519722105
The y-int is 28
Energy harvested: 3141557.7913887617
iGeneratingEnergyWhenGridNeedsEnergyMinutes =523407
iGeneratingEnergyWhenGridNeedsEnergyMinutes =523407
iUsingEnergyWhenGridNeedsEnergyMinutes =1976
iGeneratingEnergyWhenGridHasExcessEnergyMinutes = 5608
iUsingEnergyWhenGridHasExcessEnergyMinutes = 58
iIdleWhenGridDoesNotNeedEnergyMinutes = 40414
iIdleWhenGridNeedsEnergyMinutes = 4161843
iEnergyPriceIsZeroMinutes = 240
harvester.getEnergyHarvestedAVAILABLEKilowattHours( ): 1.5343929966666667E7
harvester.getEnergyHarvestedKilowattHours(): 3141557.7913887617
The y-int is 38
Energy harvested: 3141557.7913887617
iGeneratingEnergyWhenGridNeedsEnergyMinutes =523407
iGeneratingEnergyWhenGridNeedsEnergyMinutes =523407
iUsingEnergyWhenGridNeedsEnergyMinutes =1976
iGeneratingEnergyWhenGridHasExcessEnergyMinutes = 5608
iUsingEnergyWhenGridHasExcessEnergyMinutes = 58
iIdleWhenGridDoesNotNeedEnergyMinutes = 40414
iIdleWhenGridNeedsEnergyMinutes = 4161843
iEnergyPriceIsZeroMinutes = 240
harvester.getEnergyHarvestedAVAILABLEKilowattHours( ): 1.5343929966666667E7
harvester.getEnergyHarvestedKilowattHours(): 3141557.7913887617
The running average is 121
The y-int is 8
Energy harvested: 3077745.9113887833
iGeneratingEnergyWhenGridNeedsEnergyMinutes =546675
iGeneratingEnergyWhenGridNeedsEnergyMinutes =546675
iUsingEnergyWhenGridNeedsEnergyMinutes =1785
iGeneratingEnergyWhenGridHasExcessEnergyMinutes = 7391
iUsingEnergyWhenGridHasExcessEnergyMinutes = 62
iIdleWhenGridDoesNotNeedEnergyMinutes = 38627
iIdleWhenGridNeedsEnergyMinutes = 4138766
iEnergyPriceIsZeroMinutes = 240
harvester.getEnergyHarvestedAVAILABLEKilowattHours( ): 1.5343929966666667E7
harvester.getEnergyHarvestedKilowattHours(): 3077745.9113887833
The y-int is 18
Energy harvested: 3312569.8263887633
iGeneratingEnergyWhenGridNeedsEnergyMinutes =527218
iGeneratingEnergyWhenGridNeedsEnergyMinutes =527218
iUsingEnergyWhenGridNeedsEnergyMinutes =1577
iGeneratingEnergyWhenGridHasExcessEnergyMinutes = 4611
iUsingEnergyWhenGridHasExcessEnergyMinutes = 39
iIdleWhenGridDoesNotNeedEnergyMinutes = 41430
iIdleWhenGridNeedsEnergyMinutes = 4158431
iEnergyPriceIsZeroMinutes = 240
harvester.getEnergyHarvestedAVAILABLEKilowattHours( ): 1.5343929966666667E7
harvester.getEnergyHarvestedKilowattHours(): 3312569.8263887633
The y-int is 28
Energy harvested: 3141557.7913887617
iGeneratingEnergyWhenGridNeedsEnergyMinutes =523407
iGeneratingEnergyWhenGridNeedsEnergyMinutes =523407
iUsingEnergyWhenGridNeedsEnergyMinutes =1976
iGeneratingEnergyWhenGridHasExcessEnergyMinutes = 5608
iUsingEnergyWhenGridHasExcessEnergyMinutes = 58
iIdleWhenGridDoesNotNeedEnergyMinutes = 40414
iIdleWhenGridNeedsEnergyMinutes = 4161843
iEnergyPriceIsZeroMinutes = 240
harvester.getEnergyHarvestedAVAILABLEKilowattHours( ): 1.5343929966666667E7
harvester.getEnergyHarvestedKilowattHours(): 3141557.7913887617
The y-int is 38
Energy harvested: 3141557.7913887617
iGeneratingEnergyWhenGridNeedsEnergyMinutes =523407
iGeneratingEnergyWhenGridNeedsEnergyMinutes =523407
iUsingEnergyWhenGridNeedsEnergyMinutes =1976
iGeneratingEnergyWhenGridHasExcessEnergyMinutes = 5608
iUsingEnergyWhenGridHasExcessEnergyMinutes = 58
iIdleWhenGridDoesNotNeedEnergyMinutes = 40414
iIdleWhenGridNeedsEnergyMinutes = 4161843
iEnergyPriceIsZeroMinutes = 240
harvester.getEnergyHarvestedAVAILABLEKilowattHours( ): 1.5343929966666667E7
harvester.getEnergyHarvestedKilowattHours(): 3141557.7913887617
Beginning testing mode:
station,&,y_intercept_for_month_1,&,running_average_size_minutes_for_month_1,&,y_intercept_for_month_2,&,running_average_size_minutes_for_month_2,&,y_intercept_for_month_3,&,running_average_size_minutes_for_month_3,&,y_intercept_for_month_4,&,running_average_size_minutes_for_month_4,&,y_intercept_for_month_5,&,running_average_size_minutes_for_month_5,&,y_intercept_for_month_6,&,running_average_size_minutes_for_month_6,&,y_intercept_for_month_7,&,running_average_size_minutes_for_month_7,&,y_intercept_for_month_8,&,running_average_size_minutes_for_month_8,&,y_intercept_for_month_9,&,running_average_size_minutes_for_month_9,&,y_intercept_for_month_10,&,running_average_size_minutes_for_month_10,&,y_intercept_for_month_11,&,running_average_size_minutes_for_month_11,&,y_intercept_for_month_12,&,running_average_size_minutes_for_month_12,&,dNetNorm,&,dMarketBalancePercentage,&,dMarketNetNorm,
results: KMSP,&,8,&,1,&,28,&,1,&,28,&,1,&,8,&,1,&,18,&,1,&,38,&,1,&,18,&,1,&,28,&,1,&,18,&,1,&,28,&,1,&,18,&,1,&,18,&,1,&,0.20848150209133307,&,0.9340676089781642,&,0.19473581817462762
monthly visible minutes:KMSP,&,2013,&,8672,&,8672,&,8672,&,8672,&,8672,&,8672,&,8672,&,8672,&,8672,&,8672,&,8672,&,8672,&,
monthly visible minutes:KMSP,&,2014,&,8672,&,8672,&,8672,&,8672,&,8672,&,8672,&,8672,&,8672,&,8672,&,8672,&,8672,&,8672,&,
monthly minutes harvester between states:KMSP,&,2013,&,38,&,38,&,38,&,38,&,38,&,38,&,38,&,38,&,38,&,38,&,38,&,38,&,
monthly minutes harvester between states:KMSP,&,2014,&,38,&,38,&,38,&,38,&,38,&,38,&,38,&,38,&,38,&,38,&,38,&,38,&,
station,&,y_intercept_for_month_1,&,running_average_size_minutes_for_month_1,&,y_intercept_for_month_2,&,running_average_size_minutes_for_month_2,&,y_intercept_for_month_3,&,running_average_size_minutes_for_month_3,&,y_intercept_for_month_4,&,running_average_size_minutes_for_month_4,&,y_intercept_for_month_5,&,running_average_size_minutes_for_month_5,&,y_intercept_for_month_6,&,running_average_size_minutes_for_month_6,&,y_intercept_for_month_7,&,running_average_size_minutes_for_month_7,&,y_intercept_for_month_8,&,running_average_size_minutes_for_month_8,&,y_intercept_for_month_9,&,running_average_size_minutes_for_month_9,&,y_intercept_for_month_10,&,running_average_size_minutes_for_month_10,&,y_intercept_for_month_11,&,running_average_size_minutes_for_month_11,&,y_intercept_for_month_12,&,running_average_size_minutes_for_month_12,&,dNetNorm,&,dMarketBalancePercentage,&,dMarketNetNorm,
results: KMSP,&,8,&,1,&,28,&,1,&,28,&,1,&,8,&,1,&,18,&,1,&,38,&,1,&,18,&,1,&,28,&,1,&,18,&,1,&,28,&,1,&,18,&,1,&,18,&,1,&,0.20848150209133307,&,0.9340676089781642,&,0.19473581817462762
monthly visible minutes:KMSP,&,2013,&,8672,&,8672,&,8672,&,8672,&,8672,&,8672,&,8672,&,8672,&,8672,&,8672,&,8672,&,8672,&,
monthly visible minutes:KMSP,&,2014,&,8672,&,8672,&,8672,&,8672,&,8672,&,8672,&,8672,&,8672,&,8672,&,8672,&,8672,&,8672,&,
monthly minutes harvester between states:KMSP,&,2013,&,38,&,38,&,38,&,38,&,38,&,38,&,38,&,38,&,38,&,38,&,38,&,38,&,
monthly minutes harvester between states:KMSP,&,2014,&,38,&,38,&,38,&,38,&,38,&,38,&,38,&,38,&,38,&,38,&,38,&,38,&,
Station: KORD
abc: The current path is /home/guy/retractable-wind
I have found the property file.
The training windspeed filename is /trainingKORD2004-2012in.csv
The testing windspeed filename is /testingKORD2013-2014in.csv
Yes, the station is KORD
Warning: The bAlsoUsePrediction no longer has any effect
iUsedAllItsAllocatedVisibilityMinutesPerMonth: 8760
Visibility Allocation Minutes:8760
HARVESTER_SIZE_SQM is 6362
Reading file
Success: /Wind turbine power curves - wind turbine power output against wind speed in knots.csv found.
Speed (Knots) = Speed(knots) vs power (kW) , Power (kW) =V90
Speed (Knots) = 0 , Power (kW) =0
Speed (Knots) = 1 , Power (kW) =0
Speed (Knots) = 2 , Power (kW) =0
Speed (Knots) = 3 , Power (kW) =0
Speed (Knots) = 4 , Power (kW) =0
Speed (Knots) = 5 , Power (kW) =0
Speed (Knots) = 6 , Power (kW) =0
Speed (Knots) = 7 , Power (kW) =38
Speed (Knots) = 8 , Power (kW) =87
Speed (Knots) = 9 , Power (kW) =141
Speed (Knots) = 10 , Power (kW) =207
Speed (Knots) = 11 , Power (kW) =286
Speed (Knots) = 12 , Power (kW) =382
Speed (Knots) = 13 , Power (kW) =496
Speed (Knots) = 14 , Power (kW) =628
Speed (Knots) = 15 , Power (kW) =781
Speed (Knots) = 16 , Power (kW) =957
Speed (Knots) = 17 , Power (kW) =1153
Speed (Knots) = 18 , Power (kW) =1366
Speed (Knots) = 19 , Power (kW) =1589
Speed (Knots) = 20 , Power (kW) =1814
Speed (Knots) = 21 , Power (kW) =2035
Speed (Knots) = 22 , Power (kW) =2250
Speed (Knots) = 23 , Power (kW) =2452
Speed (Knots) = 24 , Power (kW) =2634
Speed (Knots) = 25 , Power (kW) =2784
Speed (Knots) = 26 , Power (kW) =2888
Speed (Knots) = 27 , Power (kW) =2949
Speed (Knots) = 28 , Power (kW) =2980
Speed (Knots) = 29 , Power (kW) =2993
Speed (Knots) = 30 , Power (kW) =3000
Speed (Knots) = 31 , Power (kW) =3000
Speed (Knots) = 32 , Power (kW) =3000
Speed (Knots) = 33 , Power (kW) =3000
Speed (Knots) = 34 , Power (kW) =3000
Speed (Knots) = 35 , Power (kW) =3000
Speed (Knots) = 36 , Power (kW) =3000
Speed (Knots) = 37 , Power (kW) =3000
Speed (Knots) = 38 , Power (kW) =3000
Speed (Knots) = 39 , Power (kW) =3000
Speed (Knots) = 40 , Power (kW) =3000
Speed (Knots) = 41 , Power (kW) =3000
Speed (Knots) = 42 , Power (kW) =3000
Speed (Knots) = 43 , Power (kW) =3000
Speed (Knots) = 44 , Power (kW) =3000
Speed (Knots) = 45 , Power (kW) =3000
Speed (Knots) = 46 , Power (kW) =3000
Speed (Knots) = 47 , Power (kW) =3000
Speed (Knots) = 48 , Power (kW) =3000
Speed (Knots) = 49 , Power (kW) =0
Speed (Knots) = 50 , Power (kW) =0
Speed (Knots) = 51 , Power (kW) =0
Speed (Knots) = 52 , Power (kW) =0
Speed (Knots) = 53 , Power (kW) =0
Speed (Knots) = 54 , Power (kW) =0
Speed (Knots) = 55 , Power (kW) =0
Speed (Knots) = 56 , Power (kW) =0
Speed (Knots) = 57 , Power (kW) =0
Speed (Knots) = 58 , Power (kW) =0
Speed (Knots) = 59 , Power (kW) =0
Speed (Knots) = 60 , Power (kW) =0
The scale is 1.0
Wind power at 10 knots in kilowatts is 207.0
Wind power in-cut-out test 0.0
Aging
Class name:edu.pitt.cs.people.guy.wind.benchmarks.Aging
Success: /Noise_Allowed_Time_Definitions_All_Stations.csv found.
The station is the record is KORD
Success: /Noise_Allowed_Time_Definitions_All_Stations.csv found.
The station is the record is KORD
I have found the membership file for NOT WINDY.
Windspeed (knots) [0,1), Membership Value =1.00000000,1.0
Windspeed (knots) [1,2), Membership Value =0.99997533,0.9999753
Windspeed (knots) [2,3), Membership Value =0.99960506,0.99960506
Windspeed (knots) [3,4), Membership Value =0.99771125,0.99771124
Windspeed (knots) [4,5), Membership Value =0.99179612,0.99179614
Windspeed (knots) [5,6), Membership Value =0.97771872,0.9777187
Windspeed (knots) [6,7), Membership Value =0.95321127,0.95321125
Windspeed (knots) [7,8), Membership Value =0.91504208,0.9150421
Windspeed (knots) [8,9), Membership Value =0.86135187,0.86135185
Windspeed (knots) [9,10), Membership Value =0.79135992,0.7913599
Windspeed (knots) [10,11), Membership Value =0.70759926,0.7075993
Windspeed (knots) [11,12), Membership Value =0.61289660,0.6128966
Windspeed (knots) [12,13), Membership Value =0.51111605,0.511116
Windspeed (knots) [13,14), Membership Value =0.41162103,0.41162103
Windspeed (knots) [14,15), Membership Value =0.31438982,0.31438982
Windspeed (knots) [15,16), Membership Value =0.22247083,0.22247083
Windspeed (knots) [16,17), Membership Value =0.13821041,0.13821042
Windspeed (knots) [17,18), Membership Value =0.06188268,0.06188268
Windspeed (knots) [18,19), Membership Value =0.00000000,0.0
Windspeed (knots) [19,20), Membership Value =0.00000000,0.0
Windspeed (knots) [20,21), Membership Value =0.00000000,0.0
Windspeed (knots) [21,22), Membership Value =0.00000000,0.0
Windspeed (knots) [22,23), Membership Value =0.00000000,0.0
Windspeed (knots) [23,24), Membership Value =0.00000000,0.0
Windspeed (knots) [24,25), Membership Value =0.00000000,0.0
Windspeed (knots) [25,26), Membership Value =0.00000000,0.0
Windspeed (knots) [26,27), Membership Value =0.00000000,0.0
Windspeed (knots) [27,28), Membership Value =0.00000000,0.0
Windspeed (knots) [28,29), Membership Value =0.00000000,0.0
Windspeed (knots) [29,30), Membership Value =0.00000000,0.0
Windspeed (knots) [30,31), Membership Value =0.00000000,0.0
Windspeed (knots) [31,32), Membership Value =0.00000000,0.0
Windspeed (knots) [32,33), Membership Value =0.00000000,0.0
Windspeed (knots) [33,34), Membership Value =0.00000000,0.0
Windspeed (knots) [34,35), Membership Value =0.00000000,0.0
Windspeed (knots) [35,36), Membership Value =0.00000000,0.0
Windspeed (knots) [36,37), Membership Value =0.00000000,0.0
Windspeed (knots) [37,38), Membership Value =0.00000000,0.0
Windspeed (knots) [38,39), Membership Value =0.00000000,0.0
Windspeed (knots) [39,40), Membership Value =0.00000000,0.0
Windspeed (knots) [40,41), Membership Value =0.00000000,0.0
Windspeed (knots) [41,42), Membership Value =0.00000000,0.0
Windspeed (knots) [42,43), Membership Value =0.00000000,0.0
Windspeed (knots) [43,44), Membership Value =0.00000000,0.0
Windspeed (knots) [44,45), Membership Value =0.00000000,0.0
Windspeed (knots) [45,46), Membership Value =0.00000000,0.0
Windspeed (knots) [46,47), Membership Value =0.00000000,0.0
Windspeed (knots) [47,48), Membership Value =0.00000000,0.0
Windspeed (knots) [48,49), Membership Value =0.00000000,0.0
Windspeed (knots) [49,50), Membership Value =0.00000000,0.0
Windspeed (knots) [50,51), Membership Value =0.00000000,0.0
Windspeed (knots) [51,52), Membership Value =0.00000000,0.0
Windspeed (knots) [52,53), Membership Value =0.00000000,0.0
Windspeed (knots) [53,54), Membership Value =0.00000000,0.0
Windspeed (knots) [54,55), Membership Value =0.00000000,0.0
Windspeed (knots) [55,56), Membership Value =0.00000000,0.0
Windspeed (knots) [56,57), Membership Value =0.00000000,0.0
Windspeed (knots) [57,58), Membership Value =0.00000000,0.0
Windspeed (knots) [58,59), Membership Value =0.00000000,0.0
Windspeed (knots) [59,60), Membership Value =0.00000000,0.0
Windspeed (knots) [60,61), Membership Value =0.00000000,0.0
Windspeed (knots) [61,62), Membership Value =0.00000000,0.0
Windspeed (knots) [62,63), Membership Value =0.00000000,0.0
Windspeed (knots) [63,64), Membership Value =0.00000000,0.0
Windspeed (knots) [64,65), Membership Value =0.00000000,0.0
Windspeed (knots) [65,66), Membership Value =0.00000000,0.0
Windspeed (knots) [66,67), Membership Value =0.00000000,0.0
Windspeed (knots) [67,68), Membership Value =0.00000000,0.0
Windspeed (knots) [68,69), Membership Value =0.00000000,0.0
Windspeed (knots) [69,70), Membership Value =0.00000000,0.0
Windspeed (knots) [70,71), Membership Value =0.00000000,0.0
Windspeed (knots) [71,72), Membership Value =0.00000000,0.0
Windspeed (knots) [72,73), Membership Value =0.00000000,0.0
Windspeed (knots) [73,74), Membership Value =0.00000000,0.0
Windspeed (knots) [74,75), Membership Value =0.00000000,0.0
Windspeed (knots) [75,76), Membership Value =0.00000000,0.0
Windspeed (knots) [76,77), Membership Value =0.00000000,0.0
Windspeed (knots) [77,78), Membership Value =0.00000000,0.0
Windspeed (knots) [78,79), Membership Value =0.00000000,0.0
Windspeed (knots) [79,80), Membership Value =0.00000000,0.0
Windspeed (knots) [80,81), Membership Value =0.00000000,0.0
Windspeed (knots) [81,82), Membership Value =0.00000000,0.0
Windspeed (knots) [82,83), Membership Value =0.00000000,0.0
Windspeed (knots) [83,84), Membership Value =0.00000000,0.0
Windspeed (knots) [84,85), Membership Value =0.00000000,0.0
Windspeed (knots) [85,86), Membership Value =0.00000000,0.0
Windspeed (knots) [86,87), Membership Value =0.00000000,0.0
Windspeed (knots) [87,88), Membership Value =0.00000000,0.0
Windspeed (knots) [88,89), Membership Value =0.00000000,0.0
Windspeed (knots) [89,90), Membership Value =0.00000000,0.0
Windspeed (knots) [90,91), Membership Value =0.00000000,0.0
Windspeed (knots) [91,92), Membership Value =0.00000000,0.0
Windspeed (knots) [92,93), Membership Value =0.00000000,0.0
Windspeed (knots) [93,94), Membership Value =0.00000000,0.0
Windspeed (knots) [94,95), Membership Value =0.00000000,0.0
Windspeed (knots) [95,96), Membership Value =0.00000000,0.0
Windspeed (knots) [96,97), Membership Value =0.00000000,0.0
Windspeed (knots) [97,98), Membership Value =0.00000000,0.0
Windspeed (knots) [98,99), Membership Value =0.00000000,0.0
Windspeed (knots) [99,100), Membership Value =0.00000000,0.0
Windspeed (knots) [100,101), Membership Value =0.00000000,0.0
Windspeed (knots) [101,102), Membership Value =0.00000000,0.0
Windspeed (knots) [102,103), Membership Value =0.00000000,0.0
Windspeed (knots) [103,104), Membership Value =0.00000000,0.0
Windspeed (knots) [104,105), Membership Value =0.00000000,0.0
Windspeed (knots) [105,106), Membership Value =0.00000000,0.0
Windspeed (knots) [106,107), Membership Value =0.00000000,0.0
Windspeed (knots) [107,108), Membership Value =0.00000000,0.0
Windspeed (knots) [108,109), Membership Value =0.00000000,0.0
Windspeed (knots) [109,110), Membership Value =0.00000000,0.0
Windspeed (knots) [110,111), Membership Value =0.00000000,0.0
Windspeed (knots) [111,112), Membership Value =0.00000000,0.0
Windspeed (knots) [112,113), Membership Value =0.00000000,0.0
Windspeed (knots) [113,114), Membership Value =0.00000000,0.0
Windspeed (knots) [114,115), Membership Value =0.00000000,0.0
Windspeed (knots) [115,116), Membership Value =0.00000000,0.0
Windspeed (knots) [116,117), Membership Value =0.00000000,0.0
Windspeed (knots) [117,118), Membership Value =0.00000000,0.0
Windspeed (knots) [118,119), Membership Value =0.00000000,0.0
Windspeed (knots) [119,120), Membership Value =0.00000000,0.0
Windspeed (knots) [120,121), Membership Value =0.00000000,0.0
Windspeed (knots) [121,122), Membership Value =0.00000000,0.0
Windspeed (knots) [122,123), Membership Value =0.00000000,0.0
Windspeed (knots) [123,124), Membership Value =0.00000000,0.0
Windspeed (knots) [124,125), Membership Value =0.00000000,0.0
LowestWindspeedThatIsWindyKnots for station KORD is 8 knots.
Transition limited :true
bUseWeatherPrediction: true
The running average is 1
The y-int is 8
Energy harvested: 3462668.9858331773
iGeneratingEnergyWhenGridNeedsEnergyMinutes =571886
iGeneratingEnergyWhenGridNeedsEnergyMinutes =571886
iUsingEnergyWhenGridNeedsEnergyMinutes =1858
iGeneratingEnergyWhenGridHasExcessEnergyMinutes = 7017
iUsingEnergyWhenGridHasExcessEnergyMinutes = 86
iIdleWhenGridDoesNotNeedEnergyMinutes = 38977
iIdleWhenGridNeedsEnergyMinutes = 4114620
iEnergyPriceIsZeroMinutes = 240
harvester.getEnergyHarvestedAVAILABLEKilowattHours( ): 1.7193785366666667E7
harvester.getEnergyHarvestedKilowattHours(): 3462668.9858331773
The y-int is 18
Energy harvested: 4430381.4397221785
iGeneratingEnergyWhenGridNeedsEnergyMinutes =587034
iGeneratingEnergyWhenGridNeedsEnergyMinutes =587034
iUsingEnergyWhenGridNeedsEnergyMinutes =434
iGeneratingEnergyWhenGridHasExcessEnergyMinutes = 3969
iUsingEnergyWhenGridHasExcessEnergyMinutes = 0
iIdleWhenGridDoesNotNeedEnergyMinutes = 42111
iIdleWhenGridNeedsEnergyMinutes = 4100896
iEnergyPriceIsZeroMinutes = 240
harvester.getEnergyHarvestedAVAILABLEKilowattHours( ): 1.7193785366666667E7
harvester.getEnergyHarvestedKilowattHours(): 4430381.4397221785
The y-int is 28
Energy harvested: 3543011.3113887715
iGeneratingEnergyWhenGridNeedsEnergyMinutes =556229
iGeneratingEnergyWhenGridNeedsEnergyMinutes =556229
iUsingEnergyWhenGridNeedsEnergyMinutes =1787
iGeneratingEnergyWhenGridHasExcessEnergyMinutes = 7501
iUsingEnergyWhenGridHasExcessEnergyMinutes = 38
iIdleWhenGridDoesNotNeedEnergyMinutes = 38541
iIdleWhenGridNeedsEnergyMinutes = 4130348
iEnergyPriceIsZeroMinutes = 240
harvester.getEnergyHarvestedAVAILABLEKilowattHours( ): 1.7193785366666667E7
harvester.getEnergyHarvestedKilowattHours(): 3543011.3113887715
The y-int is 38
Energy harvested: 3535122.2938887635
iGeneratingEnergyWhenGridNeedsEnergyMinutes =555813
iGeneratingEnergyWhenGridNeedsEnergyMinutes =555813
iUsingEnergyWhenGridNeedsEnergyMinutes =1911
iGeneratingEnergyWhenGridHasExcessEnergyMinutes = 7802
iUsingEnergyWhenGridHasExcessEnergyMinutes = 38
iIdleWhenGridDoesNotNeedEnergyMinutes = 38240
iIdleWhenGridNeedsEnergyMinutes = 4130640
iEnergyPriceIsZeroMinutes = 240
harvester.getEnergyHarvestedAVAILABLEKilowattHours( ): 1.7193785366666667E7
harvester.getEnergyHarvestedKilowattHours(): 3535122.2938887635
The running average is 31
The y-int is 8
Energy harvested: 3507116.608888731
iGeneratingEnergyWhenGridNeedsEnergyMinutes =575042
iGeneratingEnergyWhenGridNeedsEnergyMinutes =575042
iUsingEnergyWhenGridNeedsEnergyMinutes =1818
iGeneratingEnergyWhenGridHasExcessEnergyMinutes = 6908
iUsingEnergyWhenGridHasExcessEnergyMinutes = 101
iIdleWhenGridDoesNotNeedEnergyMinutes = 39071
iIdleWhenGridNeedsEnergyMinutes = 4111504
iEnergyPriceIsZeroMinutes = 240
harvester.getEnergyHarvestedAVAILABLEKilowattHours( ): 1.7193785366666667E7
harvester.getEnergyHarvestedKilowattHours(): 3507116.608888731
The y-int is 18
Energy harvested: 4249085.944722145
iGeneratingEnergyWhenGridNeedsEnergyMinutes =564878
iGeneratingEnergyWhenGridNeedsEnergyMinutes =564878
iUsingEnergyWhenGridNeedsEnergyMinutes =1071
iGeneratingEnergyWhenGridHasExcessEnergyMinutes = 3588
iUsingEnergyWhenGridHasExcessEnergyMinutes = 0
iIdleWhenGridDoesNotNeedEnergyMinutes = 42492
iIdleWhenGridNeedsEnergyMinutes = 4122415
iEnergyPriceIsZeroMinutes = 240
harvester.getEnergyHarvestedAVAILABLEKilowattHours( ): 1.7193785366666667E7
harvester.getEnergyHarvestedKilowattHours(): 4249085.944722145
The y-int is 28
Energy harvested: 3525277.1383332033
iGeneratingEnergyWhenGridNeedsEnergyMinutes =554361
iGeneratingEnergyWhenGridNeedsEnergyMinutes =554361
iUsingEnergyWhenGridNeedsEnergyMinutes =1931
iGeneratingEnergyWhenGridHasExcessEnergyMinutes = 7802
iUsingEnergyWhenGridHasExcessEnergyMinutes = 38
iIdleWhenGridDoesNotNeedEnergyMinutes = 38240
iIdleWhenGridNeedsEnergyMinutes = 4132072
iEnergyPriceIsZeroMinutes = 240
harvester.getEnergyHarvestedAVAILABLEKilowattHours( ): 1.7193785366666667E7
harvester.getEnergyHarvestedKilowattHours(): 3525277.1383332033
The y-int is 38
Energy harvested: 3525277.1383332033
iGeneratingEnergyWhenGridNeedsEnergyMinutes =554361
iGeneratingEnergyWhenGridNeedsEnergyMinutes =554361
iUsingEnergyWhenGridNeedsEnergyMinutes =1931
iGeneratingEnergyWhenGridHasExcessEnergyMinutes = 7802
iUsingEnergyWhenGridHasExcessEnergyMinutes = 38
iIdleWhenGridDoesNotNeedEnergyMinutes = 38240
iIdleWhenGridNeedsEnergyMinutes = 4132072
iEnergyPriceIsZeroMinutes = 240
harvester.getEnergyHarvestedAVAILABLEKilowattHours( ): 1.7193785366666667E7
harvester.getEnergyHarvestedKilowattHours(): 3525277.1383332033
The running average is 61
The y-int is 8
Energy harvested: 3518258.2813887317
iGeneratingEnergyWhenGridNeedsEnergyMinutes =574038
iGeneratingEnergyWhenGridNeedsEnergyMinutes =574038
iUsingEnergyWhenGridNeedsEnergyMinutes =1765
iGeneratingEnergyWhenGridHasExcessEnergyMinutes = 6838
iUsingEnergyWhenGridHasExcessEnergyMinutes = 127
iIdleWhenGridDoesNotNeedEnergyMinutes = 39115
iIdleWhenGridNeedsEnergyMinutes = 4112561
iEnergyPriceIsZeroMinutes = 240
harvester.getEnergyHarvestedAVAILABLEKilowattHours( ): 1.7193785366666667E7
harvester.getEnergyHarvestedKilowattHours(): 3518258.2813887317
The y-int is 18
Energy harvested: 4126235.154444335
iGeneratingEnergyWhenGridNeedsEnergyMinutes =562643
iGeneratingEnergyWhenGridNeedsEnergyMinutes =562643
iUsingEnergyWhenGridNeedsEnergyMinutes =1313
iGeneratingEnergyWhenGridHasExcessEnergyMinutes = 7356
iUsingEnergyWhenGridHasExcessEnergyMinutes = 19
iIdleWhenGridDoesNotNeedEnergyMinutes = 38705
iIdleWhenGridNeedsEnergyMinutes = 4124408
iEnergyPriceIsZeroMinutes = 240
harvester.getEnergyHarvestedAVAILABLEKilowattHours( ): 1.7193785366666667E7
harvester.getEnergyHarvestedKilowattHours(): 4126235.154444335
The y-int is 28
Energy harvested: 3525277.1383332033
iGeneratingEnergyWhenGridNeedsEnergyMinutes =554361
iGeneratingEnergyWhenGridNeedsEnergyMinutes =554361
iUsingEnergyWhenGridNeedsEnergyMinutes =1931
iGeneratingEnergyWhenGridHasExcessEnergyMinutes = 7802
iUsingEnergyWhenGridHasExcessEnergyMinutes = 38
iIdleWhenGridDoesNotNeedEnergyMinutes = 38240
iIdleWhenGridNeedsEnergyMinutes = 4132072
iEnergyPriceIsZeroMinutes = 240
harvester.getEnergyHarvestedAVAILABLEKilowattHours( ): 1.7193785366666667E7
harvester.getEnergyHarvestedKilowattHours(): 3525277.1383332033
The y-int is 38
Energy harvested: 3525277.1383332033
iGeneratingEnergyWhenGridNeedsEnergyMinutes =554361
iGeneratingEnergyWhenGridNeedsEnergyMinutes =554361
iUsingEnergyWhenGridNeedsEnergyMinutes =1931
iGeneratingEnergyWhenGridHasExcessEnergyMinutes = 7802
iUsingEnergyWhenGridHasExcessEnergyMinutes = 38
iIdleWhenGridDoesNotNeedEnergyMinutes = 38240
iIdleWhenGridNeedsEnergyMinutes = 4132072
iEnergyPriceIsZeroMinutes = 240
harvester.getEnergyHarvestedAVAILABLEKilowattHours( ): 1.7193785366666667E7
harvester.getEnergyHarvestedKilowattHours(): 3525277.1383332033
The running average is 91
The y-int is 8
Energy harvested: 3521343.9994442896
iGeneratingEnergyWhenGridNeedsEnergyMinutes =574306
iGeneratingEnergyWhenGridNeedsEnergyMinutes =574306
iUsingEnergyWhenGridNeedsEnergyMinutes =1765
iGeneratingEnergyWhenGridHasExcessEnergyMinutes = 6798
iUsingEnergyWhenGridHasExcessEnergyMinutes = 126
iIdleWhenGridDoesNotNeedEnergyMinutes = 39156
iIdleWhenGridNeedsEnergyMinutes = 4112293
iEnergyPriceIsZeroMinutes = 240
harvester.getEnergyHarvestedAVAILABLEKilowattHours( ): 1.7193785366666667E7
harvester.getEnergyHarvestedKilowattHours(): 3521343.9994442896
The y-int is 18
Energy harvested: 3981296.520555442
iGeneratingEnergyWhenGridNeedsEnergyMinutes =560126
iGeneratingEnergyWhenGridNeedsEnergyMinutes =560126
iUsingEnergyWhenGridNeedsEnergyMinutes =1373
iGeneratingEnergyWhenGridHasExcessEnergyMinutes = 7296
iUsingEnergyWhenGridHasExcessEnergyMinutes = 19
iIdleWhenGridDoesNotNeedEnergyMinutes = 38765
iIdleWhenGridNeedsEnergyMinutes = 4126865
iEnergyPriceIsZeroMinutes = 240
harvester.getEnergyHarvestedAVAILABLEKilowattHours( ): 1.7193785366666667E7
harvester.getEnergyHarvestedKilowattHours(): 3981296.520555442
The y-int is 28
Energy harvested: 3525277.1383332033
iGeneratingEnergyWhenGridNeedsEnergyMinutes =554361
iGeneratingEnergyWhenGridNeedsEnergyMinutes =554361
iUsingEnergyWhenGridNeedsEnergyMinutes =1931
iGeneratingEnergyWhenGridHasExcessEnergyMinutes = 7802
iUsingEnergyWhenGridHasExcessEnergyMinutes = 38
iIdleWhenGridDoesNotNeedEnergyMinutes = 38240
iIdleWhenGridNeedsEnergyMinutes = 4132072
iEnergyPriceIsZeroMinutes = 240
harvester.getEnergyHarvestedAVAILABLEKilowattHours( ): 1.7193785366666667E7
harvester.getEnergyHarvestedKilowattHours(): 3525277.1383332033
The y-int is 38
Energy harvested: 3525277.1383332033
iGeneratingEnergyWhenGridNeedsEnergyMinutes =554361
iGeneratingEnergyWhenGridNeedsEnergyMinutes =554361
iUsingEnergyWhenGridNeedsEnergyMinutes =1931
iGeneratingEnergyWhenGridHasExcessEnergyMinutes = 7802
iUsingEnergyWhenGridHasExcessEnergyMinutes = 38
iIdleWhenGridDoesNotNeedEnergyMinutes = 38240
iIdleWhenGridNeedsEnergyMinutes = 4132072
iEnergyPriceIsZeroMinutes = 240
harvester.getEnergyHarvestedAVAILABLEKilowattHours( ): 1.7193785366666667E7
harvester.getEnergyHarvestedKilowattHours(): 3525277.1383332033
The running average is 121
The y-int is 8
Energy harvested: 3529208.386110952
iGeneratingEnergyWhenGridNeedsEnergyMinutes =575562
iGeneratingEnergyWhenGridNeedsEnergyMinutes =575562
iUsingEnergyWhenGridNeedsEnergyMinutes =1769
iGeneratingEnergyWhenGridHasExcessEnergyMinutes = 6768
iUsingEnergyWhenGridHasExcessEnergyMinutes = 108
iIdleWhenGridDoesNotNeedEnergyMinutes = 39204
iIdleWhenGridNeedsEnergyMinutes = 4111033
iEnergyPriceIsZeroMinutes = 240
harvester.getEnergyHarvestedAVAILABLEKilowattHours( ): 1.7193785366666667E7
harvester.getEnergyHarvestedKilowattHours(): 3529208.386110952
The y-int is 18
Energy harvested: 3929968.7169443355
iGeneratingEnergyWhenGridNeedsEnergyMinutes =557545
iGeneratingEnergyWhenGridNeedsEnergyMinutes =557545
iUsingEnergyWhenGridNeedsEnergyMinutes =1386
iGeneratingEnergyWhenGridHasExcessEnergyMinutes = 7296
iUsingEnergyWhenGridHasExcessEnergyMinutes = 19
iIdleWhenGridDoesNotNeedEnergyMinutes = 38765
iIdleWhenGridNeedsEnergyMinutes = 4129433
iEnergyPriceIsZeroMinutes = 240
harvester.getEnergyHarvestedAVAILABLEKilowattHours( ): 1.7193785366666667E7
harvester.getEnergyHarvestedKilowattHours(): 3929968.7169443355
The y-int is 28
Energy harvested: 3525277.1383332033
iGeneratingEnergyWhenGridNeedsEnergyMinutes =554361
iGeneratingEnergyWhenGridNeedsEnergyMinutes =554361
iUsingEnergyWhenGridNeedsEnergyMinutes =1931
iGeneratingEnergyWhenGridHasExcessEnergyMinutes = 7802
iUsingEnergyWhenGridHasExcessEnergyMinutes = 38
iIdleWhenGridDoesNotNeedEnergyMinutes = 38240
iIdleWhenGridNeedsEnergyMinutes = 4132072
iEnergyPriceIsZeroMinutes = 240
harvester.getEnergyHarvestedAVAILABLEKilowattHours( ): 1.7193785366666667E7
harvester.getEnergyHarvestedKilowattHours(): 3525277.1383332033
The y-int is 38
Energy harvested: 3525277.1383332033
iGeneratingEnergyWhenGridNeedsEnergyMinutes =554361
iGeneratingEnergyWhenGridNeedsEnergyMinutes =554361
iUsingEnergyWhenGridNeedsEnergyMinutes =1931
iGeneratingEnergyWhenGridHasExcessEnergyMinutes = 7802
iUsingEnergyWhenGridHasExcessEnergyMinutes = 38
iIdleWhenGridDoesNotNeedEnergyMinutes = 38240
iIdleWhenGridNeedsEnergyMinutes = 4132072
iEnergyPriceIsZeroMinutes = 240
harvester.getEnergyHarvestedAVAILABLEKilowattHours( ): 1.7193785366666667E7
harvester.getEnergyHarvestedKilowattHours(): 3525277.1383332033
Beginning testing mode:
station,&,y_intercept_for_month_1,&,running_average_size_minutes_for_month_1,&,y_intercept_for_month_2,&,running_average_size_minutes_for_month_2,&,y_intercept_for_month_3,&,running_average_size_minutes_for_month_3,&,y_intercept_for_month_4,&,running_average_size_minutes_for_month_4,&,y_intercept_for_month_5,&,running_average_size_minutes_for_month_5,&,y_intercept_for_month_6,&,running_average_size_minutes_for_month_6,&,y_intercept_for_month_7,&,running_average_size_minutes_for_month_7,&,y_intercept_for_month_8,&,running_average_size_minutes_for_month_8,&,y_intercept_for_month_9,&,running_average_size_minutes_for_month_9,&,y_intercept_for_month_10,&,running_average_size_minutes_for_month_10,&,y_intercept_for_month_11,&,running_average_size_minutes_for_month_11,&,y_intercept_for_month_12,&,running_average_size_minutes_for_month_12,&,dNetNorm,&,dMarketBalancePercentage,&,dMarketNetNorm,
results: KORD,&,28,&,1,&,8,&,1,&,18,&,1,&,8,&,1,&,18,&,1,&,8,&,121,&,8,&,121,&,18,&,1,&,18,&,1,&,18,&,31,&,18,&,31,&,18,&,1,&,0.20754999493701257,&,0.9392248201573764,&,0.19493610666838002
monthly visible minutes:KORD,&,2013,&,8672,&,8672,&,8672,&,8672,&,8672,&,8672,&,8672,&,8672,&,8672,&,8672,&,8672,&,8672,&,
monthly visible minutes:KORD,&,2014,&,8672,&,8672,&,8672,&,8672,&,8672,&,8672,&,8672,&,8672,&,8672,&,8672,&,8672,&,8623,&,
monthly minutes harvester between states:KORD,&,2013,&,38,&,38,&,38,&,38,&,38,&,38,&,38,&,38,&,38,&,38,&,38,&,38,&,
monthly minutes harvester between states:KORD,&,2014,&,38,&,38,&,38,&,38,&,38,&,38,&,38,&,38,&,38,&,38,&,38,&,19,&,
station,&,y_intercept_for_month_1,&,running_average_size_minutes_for_month_1,&,y_intercept_for_month_2,&,running_average_size_minutes_for_month_2,&,y_intercept_for_month_3,&,running_average_size_minutes_for_month_3,&,y_intercept_for_month_4,&,running_average_size_minutes_for_month_4,&,y_intercept_for_month_5,&,running_average_size_minutes_for_month_5,&,y_intercept_for_month_6,&,running_average_size_minutes_for_month_6,&,y_intercept_for_month_7,&,running_average_size_minutes_for_month_7,&,y_intercept_for_month_8,&,running_average_size_minutes_for_month_8,&,y_intercept_for_month_9,&,running_average_size_minutes_for_month_9,&,y_intercept_for_month_10,&,running_average_size_minutes_for_month_10,&,y_intercept_for_month_11,&,running_average_size_minutes_for_month_11,&,y_intercept_for_month_12,&,running_average_size_minutes_for_month_12,&,dNetNorm,&,dMarketBalancePercentage,&,dMarketNetNorm,
results: KORD,&,28,&,1,&,8,&,1,&,18,&,1,&,8,&,1,&,18,&,1,&,8,&,121,&,8,&,121,&,18,&,1,&,18,&,1,&,18,&,31,&,18,&,31,&,18,&,1,&,0.2055947280260432,&,0.941449210437899,&,0.19355699437031296
monthly visible minutes:KORD,&,2013,&,8672,&,8672,&,8672,&,8672,&,8672,&,8672,&,8672,&,8672,&,8672,&,8672,&,8672,&,8672,&,
monthly visible minutes:KORD,&,2014,&,8672,&,8672,&,8672,&,8672,&,8672,&,8672,&,8672,&,8672,&,8672,&,8672,&,8672,&,8623,&,
monthly minutes harvester between states:KORD,&,2013,&,38,&,38,&,38,&,38,&,38,&,38,&,38,&,38,&,38,&,38,&,38,&,38,&,
monthly minutes harvester between states:KORD,&,2014,&,38,&,38,&,38,&,38,&,38,&,38,&,38,&,38,&,38,&,38,&,38,&,19,&,
Station: KPHL
abc: The current path is /home/guy/retractable-wind
I have found the property file.
The training windspeed filename is /trainingKPHL2004-2012in.csv
The testing windspeed filename is /testingKPHL2013-2014in.csv
Yes, the station is KPHL
Warning: The bAlsoUsePrediction no longer has any effect
iUsedAllItsAllocatedVisibilityMinutesPerMonth: 8760
Visibility Allocation Minutes:8760
HARVESTER_SIZE_SQM is 6362
Reading file
Success: /Wind turbine power curves - wind turbine power output against wind speed in knots.csv found.
Speed (Knots) = Speed(knots) vs power (kW) , Power (kW) =V90
Speed (Knots) = 0 , Power (kW) =0
Speed (Knots) = 1 , Power (kW) =0
Speed (Knots) = 2 , Power (kW) =0
Speed (Knots) = 3 , Power (kW) =0
Speed (Knots) = 4 , Power (kW) =0
Speed (Knots) = 5 , Power (kW) =0
Speed (Knots) = 6 , Power (kW) =0
Speed (Knots) = 7 , Power (kW) =38
Speed (Knots) = 8 , Power (kW) =87
Speed (Knots) = 9 , Power (kW) =141
Speed (Knots) = 10 , Power (kW) =207
Speed (Knots) = 11 , Power (kW) =286
Speed (Knots) = 12 , Power (kW) =382
Speed (Knots) = 13 , Power (kW) =496
Speed (Knots) = 14 , Power (kW) =628
Speed (Knots) = 15 , Power (kW) =781
Speed (Knots) = 16 , Power (kW) =957
Speed (Knots) = 17 , Power (kW) =1153
Speed (Knots) = 18 , Power (kW) =1366
Speed (Knots) = 19 , Power (kW) =1589
Speed (Knots) = 20 , Power (kW) =1814
Speed (Knots) = 21 , Power (kW) =2035
Speed (Knots) = 22 , Power (kW) =2250
Speed (Knots) = 23 , Power (kW) =2452
Speed (Knots) = 24 , Power (kW) =2634
Speed (Knots) = 25 , Power (kW) =2784
Speed (Knots) = 26 , Power (kW) =2888
Speed (Knots) = 27 , Power (kW) =2949
Speed (Knots) = 28 , Power (kW) =2980
Speed (Knots) = 29 , Power (kW) =2993
Speed (Knots) = 30 , Power (kW) =3000
Speed (Knots) = 31 , Power (kW) =3000
Speed (Knots) = 32 , Power (kW) =3000
Speed (Knots) = 33 , Power (kW) =3000
Speed (Knots) = 34 , Power (kW) =3000
Speed (Knots) = 35 , Power (kW) =3000
Speed (Knots) = 36 , Power (kW) =3000
Speed (Knots) = 37 , Power (kW) =3000
Speed (Knots) = 38 , Power (kW) =3000
Speed (Knots) = 39 , Power (kW) =3000
Speed (Knots) = 40 , Power (kW) =3000
Speed (Knots) = 41 , Power (kW) =3000
Speed (Knots) = 42 , Power (kW) =3000
Speed (Knots) = 43 , Power (kW) =3000
Speed (Knots) = 44 , Power (kW) =3000
Speed (Knots) = 45 , Power (kW) =3000
Speed (Knots) = 46 , Power (kW) =3000
Speed (Knots) = 47 , Power (kW) =3000
Speed (Knots) = 48 , Power (kW) =3000
Speed (Knots) = 49 , Power (kW) =0
Speed (Knots) = 50 , Power (kW) =0
Speed (Knots) = 51 , Power (kW) =0
Speed (Knots) = 52 , Power (kW) =0
Speed (Knots) = 53 , Power (kW) =0
Speed (Knots) = 54 , Power (kW) =0
Speed (Knots) = 55 , Power (kW) =0
Speed (Knots) = 56 , Power (kW) =0
Speed (Knots) = 57 , Power (kW) =0
Speed (Knots) = 58 , Power (kW) =0
Speed (Knots) = 59 , Power (kW) =0
Speed (Knots) = 60 , Power (kW) =0
The scale is 1.0
Wind power at 10 knots in kilowatts is 207.0
Wind power in-cut-out test 0.0
Aging
Class name:edu.pitt.cs.people.guy.wind.benchmarks.Aging
Success: /Noise_Allowed_Time_Definitions_All_Stations.csv found.
The station is the record is KPHL
Success: /Noise_Allowed_Time_Definitions_All_Stations.csv found.
The station is the record is KPHL
I have found the membership file for NOT WINDY.
Windspeed (knots) [0,1), Membership Value =1.00000000,1.0
Windspeed (knots) [1,2), Membership Value =0.99997352,0.99997354
Windspeed (knots) [2,3), Membership Value =0.99956678,0.9995668
Windspeed (knots) [3,4), Membership Value =0.99747780,0.9974778
Windspeed (knots) [4,5), Membership Value =0.99096298,0.990963
Windspeed (knots) [5,6), Membership Value =0.97618897,0.97618896
Windspeed (knots) [6,7), Membership Value =0.94988473,0.9498847
Windspeed (knots) [7,8), Membership Value =0.91036394,0.9103639
Windspeed (knots) [8,9), Membership Value =0.85486817,0.8548682
Windspeed (knots) [9,10), Membership Value =0.78422207,0.78422207
Windspeed (knots) [10,11), Membership Value =0.70316518,0.7031652
Windspeed (knots) [11,12), Membership Value =0.61778189,0.6177819
Windspeed (knots) [12,13), Membership Value =0.52900270,0.5290027
Windspeed (knots) [13,14), Membership Value =0.43975275,0.43975276
Windspeed (knots) [14,15), Membership Value =0.35215236,0.35215235
Windspeed (knots) [15,16), Membership Value =0.26714747,0.26714748
Windspeed (knots) [16,17), Membership Value =0.18851818,0.18851818
Windspeed (knots) [17,18), Membership Value =0.11670629,0.11670629
Windspeed (knots) [18,19), Membership Value =0.05307307,0.05307307
Windspeed (knots) [19,20), Membership Value =0.00000000,0.0
Windspeed (knots) [20,21), Membership Value =0.00000000,0.0
Windspeed (knots) [21,22), Membership Value =0.00000000,0.0
Windspeed (knots) [22,23), Membership Value =0.00000000,0.0
Windspeed (knots) [23,24), Membership Value =0.00000000,0.0
Windspeed (knots) [24,25), Membership Value =0.00000000,0.0
Windspeed (knots) [25,26), Membership Value =0.00000000,0.0
Windspeed (knots) [26,27), Membership Value =0.00000000,0.0
Windspeed (knots) [27,28), Membership Value =0.00000000,0.0
Windspeed (knots) [28,29), Membership Value =0.00000000,0.0
Windspeed (knots) [29,30), Membership Value =0.00000000,0.0
Windspeed (knots) [30,31), Membership Value =0.00000000,0.0
Windspeed (knots) [31,32), Membership Value =0.00000000,0.0
Windspeed (knots) [32,33), Membership Value =0.00000000,0.0
Windspeed (knots) [33,34), Membership Value =0.00000000,0.0
Windspeed (knots) [34,35), Membership Value =0.00000000,0.0
Windspeed (knots) [35,36), Membership Value =0.00000000,0.0
Windspeed (knots) [36,37), Membership Value =0.00000000,0.0
Windspeed (knots) [37,38), Membership Value =0.00000000,0.0
Windspeed (knots) [38,39), Membership Value =0.00000000,0.0
Windspeed (knots) [39,40), Membership Value =0.00000000,0.0
Windspeed (knots) [40,41), Membership Value =0.00000000,0.0
Windspeed (knots) [41,42), Membership Value =0.00000000,0.0
Windspeed (knots) [42,43), Membership Value =0.00000000,0.0
Windspeed (knots) [43,44), Membership Value =0.00000000,0.0
Windspeed (knots) [44,45), Membership Value =0.00000000,0.0
Windspeed (knots) [45,46), Membership Value =0.00000000,0.0
Windspeed (knots) [46,47), Membership Value =0.00000000,0.0
Windspeed (knots) [47,48), Membership Value =0.00000000,0.0
Windspeed (knots) [48,49), Membership Value =0.00000000,0.0
Windspeed (knots) [49,50), Membership Value =0.00000000,0.0
Windspeed (knots) [50,51), Membership Value =0.00000000,0.0
Windspeed (knots) [51,52), Membership Value =0.00000000,0.0
Windspeed (knots) [52,53), Membership Value =0.00000000,0.0
Windspeed (knots) [53,54), Membership Value =0.00000000,0.0
Windspeed (knots) [54,55), Membership Value =0.00000000,0.0
Windspeed (knots) [55,56), Membership Value =0.00000000,0.0
Windspeed (knots) [56,57), Membership Value =0.00000000,0.0
Windspeed (knots) [57,58), Membership Value =0.00000000,0.0
Windspeed (knots) [58,59), Membership Value =0.00000000,0.0
Windspeed (knots) [59,60), Membership Value =0.00000000,0.0
Windspeed (knots) [60,61), Membership Value =0.00000000,0.0
Windspeed (knots) [61,62), Membership Value =0.00000000,0.0
Windspeed (knots) [62,63), Membership Value =0.00000000,0.0
Windspeed (knots) [63,64), Membership Value =0.00000000,0.0
Windspeed (knots) [64,65), Membership Value =0.00000000,0.0
Windspeed (knots) [65,66), Membership Value =0.00000000,0.0
Windspeed (knots) [66,67), Membership Value =0.00000000,0.0
Windspeed (knots) [67,68), Membership Value =0.00000000,0.0
Windspeed (knots) [68,69), Membership Value =0.00000000,0.0
Windspeed (knots) [69,70), Membership Value =0.00000000,0.0
Windspeed (knots) [70,71), Membership Value =0.00000000,0.0
Windspeed (knots) [71,72), Membership Value =0.00000000,0.0
Windspeed (knots) [72,73), Membership Value =0.00000000,0.0
Windspeed (knots) [73,74), Membership Value =0.00000000,0.0
Windspeed (knots) [74,75), Membership Value =0.00000000,0.0
Windspeed (knots) [75,76), Membership Value =0.00000000,0.0
Windspeed (knots) [76,77), Membership Value =0.00000000,0.0
Windspeed (knots) [77,78), Membership Value =0.00000000,0.0
Windspeed (knots) [78,79), Membership Value =0.00000000,0.0
Windspeed (knots) [79,80), Membership Value =0.00000000,0.0
Windspeed (knots) [80,81), Membership Value =0.00000000,0.0
Windspeed (knots) [81,82), Membership Value =0.00000000,0.0
Windspeed (knots) [82,83), Membership Value =0.00000000,0.0
Windspeed (knots) [83,84), Membership Value =0.00000000,0.0
Windspeed (knots) [84,85), Membership Value =0.00000000,0.0
Windspeed (knots) [85,86), Membership Value =0.00000000,0.0
Windspeed (knots) [86,87), Membership Value =0.00000000,0.0
Windspeed (knots) [87,88), Membership Value =0.00000000,0.0
Windspeed (knots) [88,89), Membership Value =0.00000000,0.0
Windspeed (knots) [89,90), Membership Value =0.00000000,0.0
Windspeed (knots) [90,91), Membership Value =0.00000000,0.0
Windspeed (knots) [91,92), Membership Value =0.00000000,0.0
Windspeed (knots) [92,93), Membership Value =0.00000000,0.0
Windspeed (knots) [93,94), Membership Value =0.00000000,0.0
Windspeed (knots) [94,95), Membership Value =0.00000000,0.0
Windspeed (knots) [95,96), Membership Value =0.00000000,0.0
Windspeed (knots) [96,97), Membership Value =0.00000000,0.0
Windspeed (knots) [97,98), Membership Value =0.00000000,0.0
Windspeed (knots) [98,99), Membership Value =0.00000000,0.0
Windspeed (knots) [99,100), Membership Value =0.00000000,0.0
Windspeed (knots) [100,101), Membership Value =0.00000000,0.0
Windspeed (knots) [101,102), Membership Value =0.00000000,0.0
Windspeed (knots) [102,103), Membership Value =0.00000000,0.0
Windspeed (knots) [103,104), Membership Value =0.00000000,0.0
Windspeed (knots) [104,105), Membership Value =0.00000000,0.0
Windspeed (knots) [105,106), Membership Value =0.00000000,0.0
Windspeed (knots) [106,107), Membership Value =0.00000000,0.0
Windspeed (knots) [107,108), Membership Value =0.00000000,0.0
Windspeed (knots) [108,109), Membership Value =0.00000000,0.0
Windspeed (knots) [109,110), Membership Value =0.00000000,0.0
Windspeed (knots) [110,111), Membership Value =0.00000000,0.0
Windspeed (knots) [111,112), Membership Value =0.00000000,0.0
Windspeed (knots) [112,113), Membership Value =0.00000000,0.0
Windspeed (knots) [113,114), Membership Value =0.00000000,0.0
Windspeed (knots) [114,115), Membership Value =0.00000000,0.0
Windspeed (knots) [115,116), Membership Value =0.00000000,0.0
Windspeed (knots) [116,117), Membership Value =0.00000000,0.0
Windspeed (knots) [117,118), Membership Value =0.00000000,0.0
Windspeed (knots) [118,119), Membership Value =0.00000000,0.0
Windspeed (knots) [119,120), Membership Value =0.00000000,0.0
Windspeed (knots) [120,121), Membership Value =0.00000000,0.0
Windspeed (knots) [121,122), Membership Value =0.00000000,0.0
Windspeed (knots) [122,123), Membership Value =0.00000000,0.0
Windspeed (knots) [123,124), Membership Value =0.00000000,0.0
Windspeed (knots) [124,125), Membership Value =0.00000000,0.0
LowestWindspeedThatIsWindyKnots for station KPHL is 8 knots.
Transition limited :true
bUseWeatherPrediction: true
The running average is 1
The y-int is 8
Energy harvested: 3386065.6577776046
iGeneratingEnergyWhenGridNeedsEnergyMinutes =545518
iGeneratingEnergyWhenGridNeedsEnergyMinutes =545518
iUsingEnergyWhenGridNeedsEnergyMinutes =1947
iGeneratingEnergyWhenGridHasExcessEnergyMinutes = 6232
iUsingEnergyWhenGridHasExcessEnergyMinutes = 96
iIdleWhenGridDoesNotNeedEnergyMinutes = 39752
iIdleWhenGridNeedsEnergyMinutes = 4139551
iEnergyPriceIsZeroMinutes = 240
harvester.getEnergyHarvestedAVAILABLEKilowattHours( ): 1.66037386E7
harvester.getEnergyHarvestedKilowattHours(): 3386065.6577776046
The y-int is 18
Energy harvested: 4304580.601944401
iGeneratingEnergyWhenGridNeedsEnergyMinutes =564248
iGeneratingEnergyWhenGridNeedsEnergyMinutes =564248
iUsingEnergyWhenGridNeedsEnergyMinutes =387
iGeneratingEnergyWhenGridHasExcessEnergyMinutes = 5761
iUsingEnergyWhenGridHasExcessEnergyMinutes = 0
iIdleWhenGridDoesNotNeedEnergyMinutes = 40319
iIdleWhenGridNeedsEnergyMinutes = 4122381
iEnergyPriceIsZeroMinutes = 240
harvester.getEnergyHarvestedAVAILABLEKilowattHours( ): 1.66037386E7
harvester.getEnergyHarvestedKilowattHours(): 4304580.601944401
The y-int is 28
Energy harvested: 3396205.3794443165
iGeneratingEnergyWhenGridNeedsEnergyMinutes =529384
iGeneratingEnergyWhenGridNeedsEnergyMinutes =529384
iUsingEnergyWhenGridNeedsEnergyMinutes =1890
iGeneratingEnergyWhenGridHasExcessEnergyMinutes = 5229
iUsingEnergyWhenGridHasExcessEnergyMinutes = 60
iIdleWhenGridDoesNotNeedEnergyMinutes = 40791
iIdleWhenGridNeedsEnergyMinutes = 4155742
iEnergyPriceIsZeroMinutes = 240
harvester.getEnergyHarvestedAVAILABLEKilowattHours( ): 1.66037386E7
harvester.getEnergyHarvestedKilowattHours(): 3396205.3794443165
The y-int is 38
Energy harvested: 3391373.94555542
iGeneratingEnergyWhenGridNeedsEnergyMinutes =526478
iGeneratingEnergyWhenGridNeedsEnergyMinutes =526478
iUsingEnergyWhenGridNeedsEnergyMinutes =1951
iGeneratingEnergyWhenGridHasExcessEnergyMinutes = 5693
iUsingEnergyWhenGridHasExcessEnergyMinutes = 60
iIdleWhenGridDoesNotNeedEnergyMinutes = 40327
iIdleWhenGridNeedsEnergyMinutes = 4158587
iEnergyPriceIsZeroMinutes = 240
harvester.getEnergyHarvestedAVAILABLEKilowattHours( ): 1.66037386E7
harvester.getEnergyHarvestedKilowattHours(): 3391373.94555542
The running average is 31
The y-int is 8
Energy harvested: 3362913.594444296
iGeneratingEnergyWhenGridNeedsEnergyMinutes =544251
iGeneratingEnergyWhenGridNeedsEnergyMinutes =544251
iUsingEnergyWhenGridNeedsEnergyMinutes =1875
iGeneratingEnergyWhenGridHasExcessEnergyMinutes = 6169
iUsingEnergyWhenGridHasExcessEnergyMinutes = 96
iIdleWhenGridDoesNotNeedEnergyMinutes = 39815
iIdleWhenGridNeedsEnergyMinutes = 4140890
iEnergyPriceIsZeroMinutes = 240
harvester.getEnergyHarvestedAVAILABLEKilowattHours( ): 1.66037386E7
harvester.getEnergyHarvestedKilowattHours(): 3362913.594444296
The y-int is 18
Energy harvested: 4255625.556388783
iGeneratingEnergyWhenGridNeedsEnergyMinutes =547836
iGeneratingEnergyWhenGridNeedsEnergyMinutes =547836
iUsingEnergyWhenGridNeedsEnergyMinutes =1104
iGeneratingEnergyWhenGridHasExcessEnergyMinutes = 6946
iUsingEnergyWhenGridHasExcessEnergyMinutes = 40
iIdleWhenGridDoesNotNeedEnergyMinutes = 39094
iIdleWhenGridNeedsEnergyMinutes = 4138076
iEnergyPriceIsZeroMinutes = 240
harvester.getEnergyHarvestedAVAILABLEKilowattHours( ): 1.66037386E7
harvester.getEnergyHarvestedKilowattHours(): 4255625.556388783
The y-int is 28
Energy harvested: 3391949.159999863
iGeneratingEnergyWhenGridNeedsEnergyMinutes =526542
iGeneratingEnergyWhenGridNeedsEnergyMinutes =526542
iUsingEnergyWhenGridNeedsEnergyMinutes =1959
iGeneratingEnergyWhenGridHasExcessEnergyMinutes = 5693
iUsingEnergyWhenGridHasExcessEnergyMinutes = 60
iIdleWhenGridDoesNotNeedEnergyMinutes = 40327
iIdleWhenGridNeedsEnergyMinutes = 4158515
iEnergyPriceIsZeroMinutes = 240
harvester.getEnergyHarvestedAVAILABLEKilowattHours( ): 1.66037386E7
harvester.getEnergyHarvestedKilowattHours(): 3391949.159999863
The y-int is 38
Energy harvested: 3391949.159999863
iGeneratingEnergyWhenGridNeedsEnergyMinutes =526542
iGeneratingEnergyWhenGridNeedsEnergyMinutes =526542
iUsingEnergyWhenGridNeedsEnergyMinutes =1959
iGeneratingEnergyWhenGridHasExcessEnergyMinutes = 5693
iUsingEnergyWhenGridHasExcessEnergyMinutes = 60
iIdleWhenGridDoesNotNeedEnergyMinutes = 40327
iIdleWhenGridNeedsEnergyMinutes = 4158515
iEnergyPriceIsZeroMinutes = 240
harvester.getEnergyHarvestedAVAILABLEKilowattHours( ): 1.66037386E7
harvester.getEnergyHarvestedKilowattHours(): 3391949.159999863
The running average is 61
The y-int is 8
Energy harvested: 3392555.249166506
iGeneratingEnergyWhenGridNeedsEnergyMinutes =546703
iGeneratingEnergyWhenGridNeedsEnergyMinutes =546703
iUsingEnergyWhenGridNeedsEnergyMinutes =1876
iGeneratingEnergyWhenGridHasExcessEnergyMinutes = 6202
iUsingEnergyWhenGridHasExcessEnergyMinutes = 66
iIdleWhenGridDoesNotNeedEnergyMinutes = 39812
iIdleWhenGridNeedsEnergyMinutes = 4138437
iEnergyPriceIsZeroMinutes = 240
harvester.getEnergyHarvestedAVAILABLEKilowattHours( ): 1.66037386E7
harvester.getEnergyHarvestedKilowattHours(): 3392555.249166506
The y-int is 18
Energy harvested: 4146685.330555445
iGeneratingEnergyWhenGridNeedsEnergyMinutes =552382
iGeneratingEnergyWhenGridNeedsEnergyMinutes =552382
iUsingEnergyWhenGridNeedsEnergyMinutes =1201
iGeneratingEnergyWhenGridHasExcessEnergyMinutes = 6893
iUsingEnergyWhenGridHasExcessEnergyMinutes = 40
iIdleWhenGridDoesNotNeedEnergyMinutes = 39147
iIdleWhenGridNeedsEnergyMinutes = 4133433
iEnergyPriceIsZeroMinutes = 240
harvester.getEnergyHarvestedAVAILABLEKilowattHours( ): 1.66037386E7
harvester.getEnergyHarvestedKilowattHours(): 4146685.330555445
The y-int is 28
Energy harvested: 3391949.159999863
iGeneratingEnergyWhenGridNeedsEnergyMinutes =526542
iGeneratingEnergyWhenGridNeedsEnergyMinutes =526542
iUsingEnergyWhenGridNeedsEnergyMinutes =1959
iGeneratingEnergyWhenGridHasExcessEnergyMinutes = 5693
iUsingEnergyWhenGridHasExcessEnergyMinutes = 60
iIdleWhenGridDoesNotNeedEnergyMinutes = 40327
iIdleWhenGridNeedsEnergyMinutes = 4158515
iEnergyPriceIsZeroMinutes = 240
harvester.getEnergyHarvestedAVAILABLEKilowattHours( ): 1.66037386E7
harvester.getEnergyHarvestedKilowattHours(): 3391949.159999863
The y-int is 38
Energy harvested: 3391949.159999863
iGeneratingEnergyWhenGridNeedsEnergyMinutes =526542
iGeneratingEnergyWhenGridNeedsEnergyMinutes =526542
iUsingEnergyWhenGridNeedsEnergyMinutes =1959
iGeneratingEnergyWhenGridHasExcessEnergyMinutes = 5693
iUsingEnergyWhenGridHasExcessEnergyMinutes = 60
iIdleWhenGridDoesNotNeedEnergyMinutes = 40327
iIdleWhenGridNeedsEnergyMinutes = 4158515
iEnergyPriceIsZeroMinutes = 240
harvester.getEnergyHarvestedAVAILABLEKilowattHours( ): 1.66037386E7
harvester.getEnergyHarvestedKilowattHours(): 3391949.159999863
The running average is 91
The y-int is 8
Energy harvested: 3391608.941944287
iGeneratingEnergyWhenGridNeedsEnergyMinutes =547036
iGeneratingEnergyWhenGridNeedsEnergyMinutes =547036
iUsingEnergyWhenGridNeedsEnergyMinutes =1867
iGeneratingEnergyWhenGridHasExcessEnergyMinutes = 6205
iUsingEnergyWhenGridHasExcessEnergyMinutes = 50
iIdleWhenGridDoesNotNeedEnergyMinutes = 39825
iIdleWhenGridNeedsEnergyMinutes = 4138113
iEnergyPriceIsZeroMinutes = 240
harvester.getEnergyHarvestedAVAILABLEKilowattHours( ): 1.66037386E7
harvester.getEnergyHarvestedKilowattHours(): 3391608.941944287
The y-int is 18
Energy harvested: 4131490.7933332184
iGeneratingEnergyWhenGridNeedsEnergyMinutes =554248
iGeneratingEnergyWhenGridNeedsEnergyMinutes =554248
iUsingEnergyWhenGridNeedsEnergyMinutes =1215
iGeneratingEnergyWhenGridHasExcessEnergyMinutes = 7380
iUsingEnergyWhenGridHasExcessEnergyMinutes = 40
iIdleWhenGridDoesNotNeedEnergyMinutes = 38660
iIdleWhenGridNeedsEnergyMinutes = 4131553
iEnergyPriceIsZeroMinutes = 240
harvester.getEnergyHarvestedAVAILABLEKilowattHours( ): 1.66037386E7
harvester.getEnergyHarvestedKilowattHours(): 4131490.7933332184
The y-int is 28
Energy harvested: 3391949.159999863
iGeneratingEnergyWhenGridNeedsEnergyMinutes =526542
iGeneratingEnergyWhenGridNeedsEnergyMinutes =526542
iUsingEnergyWhenGridNeedsEnergyMinutes =1959
iGeneratingEnergyWhenGridHasExcessEnergyMinutes = 5693
iUsingEnergyWhenGridHasExcessEnergyMinutes = 60
iIdleWhenGridDoesNotNeedEnergyMinutes = 40327
iIdleWhenGridNeedsEnergyMinutes = 4158515
iEnergyPriceIsZeroMinutes = 240
harvester.getEnergyHarvestedAVAILABLEKilowattHours( ): 1.66037386E7
harvester.getEnergyHarvestedKilowattHours(): 3391949.159999863
The y-int is 38
Energy harvested: 3391949.159999863
iGeneratingEnergyWhenGridNeedsEnergyMinutes =526542
iGeneratingEnergyWhenGridNeedsEnergyMinutes =526542
iUsingEnergyWhenGridNeedsEnergyMinutes =1959
iGeneratingEnergyWhenGridHasExcessEnergyMinutes = 5693
iUsingEnergyWhenGridHasExcessEnergyMinutes = 60
iIdleWhenGridDoesNotNeedEnergyMinutes = 40327
iIdleWhenGridNeedsEnergyMinutes = 4158515
iEnergyPriceIsZeroMinutes = 240
harvester.getEnergyHarvestedAVAILABLEKilowattHours( ): 1.66037386E7
harvester.getEnergyHarvestedKilowattHours(): 3391949.159999863
The running average is 121
The y-int is 8
Energy harvested: 3399130.267777622
iGeneratingEnergyWhenGridNeedsEnergyMinutes =548760
iGeneratingEnergyWhenGridNeedsEnergyMinutes =548760
iUsingEnergyWhenGridNeedsEnergyMinutes =1846
iGeneratingEnergyWhenGridHasExcessEnergyMinutes = 6134
iUsingEnergyWhenGridHasExcessEnergyMinutes = 39
iIdleWhenGridDoesNotNeedEnergyMinutes = 39907
iIdleWhenGridNeedsEnergyMinutes = 4136410
iEnergyPriceIsZeroMinutes = 240
harvester.getEnergyHarvestedAVAILABLEKilowattHours( ): 1.66037386E7
harvester.getEnergyHarvestedKilowattHours(): 3399130.267777622
The y-int is 18
Energy harvested: 4014210.6674998696
iGeneratingEnergyWhenGridNeedsEnergyMinutes =553279
iGeneratingEnergyWhenGridNeedsEnergyMinutes =553279
iUsingEnergyWhenGridNeedsEnergyMinutes =1305
iGeneratingEnergyWhenGridHasExcessEnergyMinutes = 4578
iUsingEnergyWhenGridHasExcessEnergyMinutes = 40
iIdleWhenGridDoesNotNeedEnergyMinutes = 41462
iIdleWhenGridNeedsEnergyMinutes = 4132432
iEnergyPriceIsZeroMinutes = 240
harvester.getEnergyHarvestedAVAILABLEKilowattHours( ): 1.66037386E7
harvester.getEnergyHarvestedKilowattHours(): 4014210.6674998696
The y-int is 28
Energy harvested: 3391949.159999863
iGeneratingEnergyWhenGridNeedsEnergyMinutes =526542
iGeneratingEnergyWhenGridNeedsEnergyMinutes =526542
iUsingEnergyWhenGridNeedsEnergyMinutes =1959
iGeneratingEnergyWhenGridHasExcessEnergyMinutes = 5693
iUsingEnergyWhenGridHasExcessEnergyMinutes = 60
iIdleWhenGridDoesNotNeedEnergyMinutes = 40327
iIdleWhenGridNeedsEnergyMinutes = 4158515
iEnergyPriceIsZeroMinutes = 240
harvester.getEnergyHarvestedAVAILABLEKilowattHours( ): 1.66037386E7
harvester.getEnergyHarvestedKilowattHours(): 3391949.159999863
The y-int is 38
Energy harvested: 3391949.159999863
iGeneratingEnergyWhenGridNeedsEnergyMinutes =526542
iGeneratingEnergyWhenGridNeedsEnergyMinutes =526542
iUsingEnergyWhenGridNeedsEnergyMinutes =1959
iGeneratingEnergyWhenGridHasExcessEnergyMinutes = 5693
iUsingEnergyWhenGridHasExcessEnergyMinutes = 60
iIdleWhenGridDoesNotNeedEnergyMinutes = 40327
iIdleWhenGridNeedsEnergyMinutes = 4158515
iEnergyPriceIsZeroMinutes = 240
harvester.getEnergyHarvestedAVAILABLEKilowattHours( ): 1.66037386E7
harvester.getEnergyHarvestedKilowattHours(): 3391949.159999863
Beginning testing mode:
station,&,y_intercept_for_month_1,&,running_average_size_minutes_for_month_1,&,y_intercept_for_month_2,&,running_average_size_minutes_for_month_2,&,y_intercept_for_month_3,&,running_average_size_minutes_for_month_3,&,y_intercept_for_month_4,&,running_average_size_minutes_for_month_4,&,y_intercept_for_month_5,&,running_average_size_minutes_for_month_5,&,y_intercept_for_month_6,&,running_average_size_minutes_for_month_6,&,y_intercept_for_month_7,&,running_average_size_minutes_for_month_7,&,y_intercept_for_month_8,&,running_average_size_minutes_for_month_8,&,y_intercept_for_month_9,&,running_average_size_minutes_for_month_9,&,y_intercept_for_month_10,&,running_average_size_minutes_for_month_10,&,y_intercept_for_month_11,&,running_average_size_minutes_for_month_11,&,y_intercept_for_month_12,&,running_average_size_minutes_for_month_12,&,dNetNorm,&,dMarketBalancePercentage,&,dMarketNetNorm,
results: KPHL,&,18,&,1,&,18,&,31,&,18,&,1,&,18,&,1,&,18,&,1,&,28,&,1,&,18,&,1,&,38,&,1,&,8,&,1,&,18,&,1,&,18,&,1,&,18,&,31,&,0.24964799378623403,&,0.9430414969552768,&,0.23542841777205178
monthly visible minutes:KPHL,&,2013,&,8672,&,8672,&,8672,&,8672,&,8672,&,8672,&,8672,&,8672,&,8672,&,8672,&,8672,&,8672,&,
monthly visible minutes:KPHL,&,2014,&,8672,&,8672,&,8672,&,8672,&,8672,&,8672,&,8672,&,8672,&,8672,&,8672,&,8672,&,8672,&,
monthly minutes harvester between states:KPHL,&,2013,&,38,&,38,&,38,&,38,&,38,&,38,&,38,&,38,&,38,&,38,&,38,&,38,&,
monthly minutes harvester between states:KPHL,&,2014,&,38,&,38,&,38,&,38,&,38,&,38,&,38,&,38,&,38,&,38,&,38,&,38,&,
station,&,y_intercept_for_month_1,&,running_average_size_minutes_for_month_1,&,y_intercept_for_month_2,&,running_average_size_minutes_for_month_2,&,y_intercept_for_month_3,&,running_average_size_minutes_for_month_3,&,y_intercept_for_month_4,&,running_average_size_minutes_for_month_4,&,y_intercept_for_month_5,&,running_average_size_minutes_for_month_5,&,y_intercept_for_month_6,&,running_average_size_minutes_for_month_6,&,y_intercept_for_month_7,&,running_average_size_minutes_for_month_7,&,y_intercept_for_month_8,&,running_average_size_minutes_for_month_8,&,y_intercept_for_month_9,&,running_average_size_minutes_for_month_9,&,y_intercept_for_month_10,&,running_average_size_minutes_for_month_10,&,y_intercept_for_month_11,&,running_average_size_minutes_for_month_11,&,y_intercept_for_month_12,&,running_average_size_minutes_for_month_12,&,dNetNorm,&,dMarketBalancePercentage,&,dMarketNetNorm,
results: KPHL,&,18,&,1,&,18,&,31,&,18,&,1,&,18,&,1,&,18,&,1,&,28,&,1,&,18,&,1,&,38,&,1,&,8,&,1,&,18,&,1,&,18,&,1,&,18,&,31,&,0.24964799378623403,&,0.9430414969552768,&,0.23542841777205178
monthly visible minutes:KPHL,&,2013,&,8672,&,8672,&,8672,&,8672,&,8672,&,8672,&,8672,&,8672,&,8672,&,8672,&,8672,&,8672,&,
monthly visible minutes:KPHL,&,2014,&,8672,&,8672,&,8672,&,8672,&,8672,&,8672,&,8672,&,8672,&,8672,&,8672,&,8672,&,8672,&,
monthly minutes harvester between states:KPHL,&,2013,&,38,&,38,&,38,&,38,&,38,&,38,&,38,&,38,&,38,&,38,&,38,&,38,&,
monthly minutes harvester between states:KPHL,&,2014,&,38,&,38,&,38,&,38,&,38,&,38,&,38,&,38,&,38,&,38,&,38,&,38,&,
Station: KPHX
abc: The current path is /home/guy/retractable-wind
I have found the property file.
The training windspeed filename is /trainingKPHX2004-2012in.csv
The testing windspeed filename is /testingKPHX2013-2014in.csv
Yes, the station is KPHX
Warning: The bAlsoUsePrediction no longer has any effect
iUsedAllItsAllocatedVisibilityMinutesPerMonth: 8760
Visibility Allocation Minutes:8760
HARVESTER_SIZE_SQM is 6362
Reading file
Success: /Wind turbine power curves - wind turbine power output against wind speed in knots.csv found.
Speed (Knots) = Speed(knots) vs power (kW) , Power (kW) =V90
Speed (Knots) = 0 , Power (kW) =0
Speed (Knots) = 1 , Power (kW) =0
Speed (Knots) = 2 , Power (kW) =0
Speed (Knots) = 3 , Power (kW) =0
Speed (Knots) = 4 , Power (kW) =0
Speed (Knots) = 5 , Power (kW) =0
Speed (Knots) = 6 , Power (kW) =0
Speed (Knots) = 7 , Power (kW) =38
Speed (Knots) = 8 , Power (kW) =87
Speed (Knots) = 9 , Power (kW) =141
Speed (Knots) = 10 , Power (kW) =207
Speed (Knots) = 11 , Power (kW) =286
Speed (Knots) = 12 , Power (kW) =382
Speed (Knots) = 13 , Power (kW) =496
Speed (Knots) = 14 , Power (kW) =628
Speed (Knots) = 15 , Power (kW) =781
Speed (Knots) = 16 , Power (kW) =957
Speed (Knots) = 17 , Power (kW) =1153
Speed (Knots) = 18 , Power (kW) =1366
Speed (Knots) = 19 , Power (kW) =1589
Speed (Knots) = 20 , Power (kW) =1814
Speed (Knots) = 21 , Power (kW) =2035
Speed (Knots) = 22 , Power (kW) =2250
Speed (Knots) = 23 , Power (kW) =2452
Speed (Knots) = 24 , Power (kW) =2634
Speed (Knots) = 25 , Power (kW) =2784
Speed (Knots) = 26 , Power (kW) =2888
Speed (Knots) = 27 , Power (kW) =2949
Speed (Knots) = 28 , Power (kW) =2980
Speed (Knots) = 29 , Power (kW) =2993
Speed (Knots) = 30 , Power (kW) =3000
Speed (Knots) = 31 , Power (kW) =3000
Speed (Knots) = 32 , Power (kW) =3000
Speed (Knots) = 33 , Power (kW) =3000
Speed (Knots) = 34 , Power (kW) =3000
Speed (Knots) = 35 , Power (kW) =3000
Speed (Knots) = 36 , Power (kW) =3000
Speed (Knots) = 37 , Power (kW) =3000
Speed (Knots) = 38 , Power (kW) =3000
Speed (Knots) = 39 , Power (kW) =3000
Speed (Knots) = 40 , Power (kW) =3000
Speed (Knots) = 41 , Power (kW) =3000
Speed (Knots) = 42 , Power (kW) =3000
Speed (Knots) = 43 , Power (kW) =3000
Speed (Knots) = 44 , Power (kW) =3000
Speed (Knots) = 45 , Power (kW) =3000
Speed (Knots) = 46 , Power (kW) =3000
Speed (Knots) = 47 , Power (kW) =3000
Speed (Knots) = 48 , Power (kW) =3000
Speed (Knots) = 49 , Power (kW) =0
Speed (Knots) = 50 , Power (kW) =0
Speed (Knots) = 51 , Power (kW) =0
Speed (Knots) = 52 , Power (kW) =0
Speed (Knots) = 53 , Power (kW) =0
Speed (Knots) = 54 , Power (kW) =0
Speed (Knots) = 55 , Power (kW) =0
Speed (Knots) = 56 , Power (kW) =0
Speed (Knots) = 57 , Power (kW) =0
Speed (Knots) = 58 , Power (kW) =0
Speed (Knots) = 59 , Power (kW) =0
Speed (Knots) = 60 , Power (kW) =0
The scale is 1.0
Wind power at 10 knots in kilowatts is 207.0
Wind power in-cut-out test 0.0
Aging
Class name:edu.pitt.cs.people.guy.wind.benchmarks.Aging
Success: /Noise_Allowed_Time_Definitions_All_Stations.csv found.
The station is the record is KPHX
Success: /Noise_Allowed_Time_Definitions_All_Stations.csv found.
The station is the record is KPHX
I have found the membership file for NOT WINDY.
Windspeed (knots) [0,1), Membership Value =1.000000000,1.0
Windspeed (knots) [1,2), Membership Value =0.999840232,0.99984026
Windspeed (knots) [2,3), Membership Value =0.997643830,0.9976438
Windspeed (knots) [3,4), Membership Value =0.988018066,0.9880181
Windspeed (knots) [4,5), Membership Value =0.963276854,0.96327686
Windspeed (knots) [5,6), Membership Value =0.915232731,0.9152327
Windspeed (knots) [6,7), Membership Value =0.841737190,0.8417372
Windspeed (knots) [7,8), Membership Value =0.752394815,0.7523948
Windspeed (knots) [8,9), Membership Value =0.655846350,0.65584636
Windspeed (knots) [9,10), Membership Value =0.559982578,0.5599826
Windspeed (knots) [10,11), Membership Value =0.465538138,0.46553814
Windspeed (knots) [11,12), Membership Value =0.373370176,0.37337017
Windspeed (knots) [12,13), Membership Value =0.284243261,0.28424326
Windspeed (knots) [13,14), Membership Value =0.202735662,0.20273566
Windspeed (knots) [14,15), Membership Value =0.125601648,0.12560165
Windspeed (knots) [15,16), Membership Value =0.060810185,0.060810186
Windspeed (knots) [16,17), Membership Value =0.005957039,0.005957039
Windspeed (knots) [17,18), Membership Value =0.000000000,0.0
Windspeed (knots) [18,19), Membership Value =0.000000000,0.0
Windspeed (knots) [19,20), Membership Value =0.000000000,0.0
Windspeed (knots) [20,21), Membership Value =0.000000000,0.0
Windspeed (knots) [21,22), Membership Value =0.000000000,0.0
Windspeed (knots) [22,23), Membership Value =0.000000000,0.0
Windspeed (knots) [23,24), Membership Value =0.000000000,0.0
Windspeed (knots) [24,25), Membership Value =0.000000000,0.0
Windspeed (knots) [25,26), Membership Value =0.000000000,0.0
Windspeed (knots) [26,27), Membership Value =0.000000000,0.0
Windspeed (knots) [27,28), Membership Value =0.000000000,0.0
Windspeed (knots) [28,29), Membership Value =0.000000000,0.0
Windspeed (knots) [29,30), Membership Value =0.000000000,0.0
Windspeed (knots) [30,31), Membership Value =0.000000000,0.0
Windspeed (knots) [31,32), Membership Value =0.000000000,0.0
Windspeed (knots) [32,33), Membership Value =0.000000000,0.0
Windspeed (knots) [33,34), Membership Value =0.000000000,0.0
Windspeed (knots) [34,35), Membership Value =0.000000000,0.0
Windspeed (knots) [35,36), Membership Value =0.000000000,0.0
Windspeed (knots) [36,37), Membership Value =0.000000000,0.0
Windspeed (knots) [37,38), Membership Value =0.000000000,0.0
Windspeed (knots) [38,39), Membership Value =0.000000000,0.0
Windspeed (knots) [39,40), Membership Value =0.000000000,0.0
Windspeed (knots) [40,41), Membership Value =0.000000000,0.0
Windspeed (knots) [41,42), Membership Value =0.000000000,0.0
Windspeed (knots) [42,43), Membership Value =0.000000000,0.0
Windspeed (knots) [43,44), Membership Value =0.000000000,0.0
Windspeed (knots) [44,45), Membership Value =0.000000000,0.0
Windspeed (knots) [45,46), Membership Value =0.000000000,0.0
Windspeed (knots) [46,47), Membership Value =0.000000000,0.0
Windspeed (knots) [47,48), Membership Value =0.000000000,0.0
Windspeed (knots) [48,49), Membership Value =0.000000000,0.0
Windspeed (knots) [49,50), Membership Value =0.000000000,0.0
Windspeed (knots) [50,51), Membership Value =0.000000000,0.0
Windspeed (knots) [51,52), Membership Value =0.000000000,0.0
Windspeed (knots) [52,53), Membership Value =0.000000000,0.0
Windspeed (knots) [53,54), Membership Value =0.000000000,0.0
Windspeed (knots) [54,55), Membership Value =0.000000000,0.0
Windspeed (knots) [55,56), Membership Value =0.000000000,0.0
Windspeed (knots) [56,57), Membership Value =0.000000000,0.0
Windspeed (knots) [57,58), Membership Value =0.000000000,0.0
Windspeed (knots) [58,59), Membership Value =0.000000000,0.0
Windspeed (knots) [59,60), Membership Value =0.000000000,0.0
Windspeed (knots) [60,61), Membership Value =0.000000000,0.0
Windspeed (knots) [61,62), Membership Value =0.000000000,0.0
Windspeed (knots) [62,63), Membership Value =0.000000000,0.0
Windspeed (knots) [63,64), Membership Value =0.000000000,0.0
Windspeed (knots) [64,65), Membership Value =0.000000000,0.0
Windspeed (knots) [65,66), Membership Value =0.000000000,0.0
Windspeed (knots) [66,67), Membership Value =0.000000000,0.0
Windspeed (knots) [67,68), Membership Value =0.000000000,0.0
Windspeed (knots) [68,69), Membership Value =0.000000000,0.0
Windspeed (knots) [69,70), Membership Value =0.000000000,0.0
Windspeed (knots) [70,71), Membership Value =0.000000000,0.0
Windspeed (knots) [71,72), Membership Value =0.000000000,0.0
Windspeed (knots) [72,73), Membership Value =0.000000000,0.0
Windspeed (knots) [73,74), Membership Value =0.000000000,0.0
Windspeed (knots) [74,75), Membership Value =0.000000000,0.0
Windspeed (knots) [75,76), Membership Value =0.000000000,0.0
Windspeed (knots) [76,77), Membership Value =0.000000000,0.0
Windspeed (knots) [77,78), Membership Value =0.000000000,0.0
Windspeed (knots) [78,79), Membership Value =0.000000000,0.0
Windspeed (knots) [79,80), Membership Value =0.000000000,0.0
Windspeed (knots) [80,81), Membership Value =0.000000000,0.0
Windspeed (knots) [81,82), Membership Value =0.000000000,0.0
Windspeed (knots) [82,83), Membership Value =0.000000000,0.0
Windspeed (knots) [83,84), Membership Value =0.000000000,0.0
Windspeed (knots) [84,85), Membership Value =0.000000000,0.0
Windspeed (knots) [85,86), Membership Value =0.000000000,0.0
Windspeed (knots) [86,87), Membership Value =0.000000000,0.0
Windspeed (knots) [87,88), Membership Value =0.000000000,0.0
Windspeed (knots) [88,89), Membership Value =0.000000000,0.0
Windspeed (knots) [89,90), Membership Value =0.000000000,0.0
Windspeed (knots) [90,91), Membership Value =0.000000000,0.0
Windspeed (knots) [91,92), Membership Value =0.000000000,0.0
Windspeed (knots) [92,93), Membership Value =0.000000000,0.0
Windspeed (knots) [93,94), Membership Value =0.000000000,0.0
Windspeed (knots) [94,95), Membership Value =0.000000000,0.0
Windspeed (knots) [95,96), Membership Value =0.000000000,0.0
Windspeed (knots) [96,97), Membership Value =0.000000000,0.0
Windspeed (knots) [97,98), Membership Value =0.000000000,0.0
Windspeed (knots) [98,99), Membership Value =0.000000000,0.0
Windspeed (knots) [99,100), Membership Value =0.000000000,0.0
Windspeed (knots) [100,101), Membership Value =0.000000000,0.0
Windspeed (knots) [101,102), Membership Value =0.000000000,0.0
Windspeed (knots) [102,103), Membership Value =0.000000000,0.0
Windspeed (knots) [103,104), Membership Value =0.000000000,0.0
Windspeed (knots) [104,105), Membership Value =0.000000000,0.0
Windspeed (knots) [105,106), Membership Value =0.000000000,0.0
Windspeed (knots) [106,107), Membership Value =0.000000000,0.0
Windspeed (knots) [107,108), Membership Value =0.000000000,0.0
Windspeed (knots) [108,109), Membership Value =0.000000000,0.0
Windspeed (knots) [109,110), Membership Value =0.000000000,0.0
Windspeed (knots) [110,111), Membership Value =0.000000000,0.0
Windspeed (knots) [111,112), Membership Value =0.000000000,0.0
Windspeed (knots) [112,113), Membership Value =0.000000000,0.0
Windspeed (knots) [113,114), Membership Value =0.000000000,0.0
Windspeed (knots) [114,115), Membership Value =0.000000000,0.0
Windspeed (knots) [115,116), Membership Value =0.000000000,0.0
Windspeed (knots) [116,117), Membership Value =0.000000000,0.0
Windspeed (knots) [117,118), Membership Value =0.000000000,0.0
Windspeed (knots) [118,119), Membership Value =0.000000000,0.0
Windspeed (knots) [119,120), Membership Value =0.000000000,0.0
Windspeed (knots) [120,121), Membership Value =0.000000000,0.0
Windspeed (knots) [121,122), Membership Value =0.000000000,0.0
Windspeed (knots) [122,123), Membership Value =0.000000000,0.0
Windspeed (knots) [123,124), Membership Value =0.000000000,0.0
Windspeed (knots) [124,125), Membership Value =0.000000000,0.0
LowestWindspeedThatIsWindyKnots for station KPHX is 6 knots.
Transition limited :true
bUseWeatherPrediction: true
The running average is 1
The y-int is 6
Energy harvested: 1260426.1380555793
iGeneratingEnergyWhenGridNeedsEnergyMinutes =307981
iGeneratingEnergyWhenGridNeedsEnergyMinutes =307981
iUsingEnergyWhenGridNeedsEnergyMinutes =1986
iGeneratingEnergyWhenGridHasExcessEnergyMinutes = 3049
iUsingEnergyWhenGridHasExcessEnergyMinutes = 96
iIdleWhenGridDoesNotNeedEnergyMinutes = 42935
iIdleWhenGridNeedsEnergyMinutes = 4378432
iEnergyPriceIsZeroMinutes = 240
harvester.getEnergyHarvestedAVAILABLEKilowattHours( ): 6110979.783333333
harvester.getEnergyHarvestedKilowattHours(): 1260426.1380555793
The y-int is 16
Energy harvested: 1650884.0150000066
iGeneratingEnergyWhenGridNeedsEnergyMinutes =323918
iGeneratingEnergyWhenGridNeedsEnergyMinutes =323918
iUsingEnergyWhenGridNeedsEnergyMinutes =405
iGeneratingEnergyWhenGridHasExcessEnergyMinutes = 3106
iUsingEnergyWhenGridHasExcessEnergyMinutes = 0
iIdleWhenGridDoesNotNeedEnergyMinutes = 42974
iIdleWhenGridNeedsEnergyMinutes = 4364076
iEnergyPriceIsZeroMinutes = 240
harvester.getEnergyHarvestedAVAILABLEKilowattHours( ): 6110979.783333333
harvester.getEnergyHarvestedKilowattHours(): 1650884.0150000066
The y-int is 26
Energy harvested: 1302901.9255555794
iGeneratingEnergyWhenGridNeedsEnergyMinutes =301035
iGeneratingEnergyWhenGridNeedsEnergyMinutes =301035
iUsingEnergyWhenGridNeedsEnergyMinutes =1805
iGeneratingEnergyWhenGridHasExcessEnergyMinutes = 3042
iUsingEnergyWhenGridHasExcessEnergyMinutes = 60
iIdleWhenGridDoesNotNeedEnergyMinutes = 42978
iIdleWhenGridNeedsEnergyMinutes = 4385559
iEnergyPriceIsZeroMinutes = 240
harvester.getEnergyHarvestedAVAILABLEKilowattHours( ): 6110979.783333333
harvester.getEnergyHarvestedKilowattHours(): 1302901.9255555794
The y-int is 36
Energy harvested: 1247699.248888915
iGeneratingEnergyWhenGridNeedsEnergyMinutes =297687
iGeneratingEnergyWhenGridNeedsEnergyMinutes =297687
iUsingEnergyWhenGridNeedsEnergyMinutes =2023
iGeneratingEnergyWhenGridHasExcessEnergyMinutes = 3012
iUsingEnergyWhenGridHasExcessEnergyMinutes = 60
iIdleWhenGridDoesNotNeedEnergyMinutes = 43008
iIdleWhenGridNeedsEnergyMinutes = 4388689
iEnergyPriceIsZeroMinutes = 240
harvester.getEnergyHarvestedAVAILABLEKilowattHours( ): 6110979.783333333
harvester.getEnergyHarvestedKilowattHours(): 1247699.248888915
The running average is 31
The y-int is 6
Energy harvested: 1263942.8102778012
iGeneratingEnergyWhenGridNeedsEnergyMinutes =307890
iGeneratingEnergyWhenGridNeedsEnergyMinutes =307890
iUsingEnergyWhenGridNeedsEnergyMinutes =1966
iGeneratingEnergyWhenGridHasExcessEnergyMinutes = 3030
iUsingEnergyWhenGridHasExcessEnergyMinutes = 98
iIdleWhenGridDoesNotNeedEnergyMinutes = 42952
iIdleWhenGridNeedsEnergyMinutes = 4378543
iEnergyPriceIsZeroMinutes = 240
harvester.getEnergyHarvestedAVAILABLEKilowattHours( ): 6110979.783333333
harvester.getEnergyHarvestedKilowattHours(): 1263942.8102778012
The y-int is 16
Energy harvested: 1503087.1380555683
iGeneratingEnergyWhenGridNeedsEnergyMinutes =306944
iGeneratingEnergyWhenGridNeedsEnergyMinutes =306944
iUsingEnergyWhenGridNeedsEnergyMinutes =945
iGeneratingEnergyWhenGridHasExcessEnergyMinutes = 2759
iUsingEnergyWhenGridHasExcessEnergyMinutes = 40
iIdleWhenGridDoesNotNeedEnergyMinutes = 43281
iIdleWhenGridNeedsEnergyMinutes = 4380510
iEnergyPriceIsZeroMinutes = 240
harvester.getEnergyHarvestedAVAILABLEKilowattHours( ): 6110979.783333333
harvester.getEnergyHarvestedKilowattHours(): 1503087.1380555683
The y-int is 26
Energy harvested: 1243840.648888915
iGeneratingEnergyWhenGridNeedsEnergyMinutes =297216
iGeneratingEnergyWhenGridNeedsEnergyMinutes =297216
iUsingEnergyWhenGridNeedsEnergyMinutes =2023
iGeneratingEnergyWhenGridHasExcessEnergyMinutes = 3012
iUsingEnergyWhenGridHasExcessEnergyMinutes = 60
iIdleWhenGridDoesNotNeedEnergyMinutes = 43008
iIdleWhenGridNeedsEnergyMinutes = 4389160
iEnergyPriceIsZeroMinutes = 240
harvester.getEnergyHarvestedAVAILABLEKilowattHours( ): 6110979.783333333
harvester.getEnergyHarvestedKilowattHours(): 1243840.648888915
The y-int is 36
Energy harvested: 1243840.648888915
iGeneratingEnergyWhenGridNeedsEnergyMinutes =297216
iGeneratingEnergyWhenGridNeedsEnergyMinutes =297216
iUsingEnergyWhenGridNeedsEnergyMinutes =2023
iGeneratingEnergyWhenGridHasExcessEnergyMinutes = 3012
iUsingEnergyWhenGridHasExcessEnergyMinutes = 60
iIdleWhenGridDoesNotNeedEnergyMinutes = 43008
iIdleWhenGridNeedsEnergyMinutes = 4389160
iEnergyPriceIsZeroMinutes = 240
harvester.getEnergyHarvestedAVAILABLEKilowattHours( ): 6110979.783333333
harvester.getEnergyHarvestedKilowattHours(): 1243840.648888915
The running average is 61
The y-int is 6
Energy harvested: 1264274.7277778012
iGeneratingEnergyWhenGridNeedsEnergyMinutes =308045
iGeneratingEnergyWhenGridNeedsEnergyMinutes =308045
iUsingEnergyWhenGridNeedsEnergyMinutes =1991
iGeneratingEnergyWhenGridHasExcessEnergyMinutes = 3044
iUsingEnergyWhenGridHasExcessEnergyMinutes = 58
iIdleWhenGridDoesNotNeedEnergyMinutes = 42978
iIdleWhenGridNeedsEnergyMinutes = 4378363
iEnergyPriceIsZeroMinutes = 240
harvester.getEnergyHarvestedAVAILABLEKilowattHours( ): 6110979.783333333
harvester.getEnergyHarvestedKilowattHours(): 1264274.7277778012
The y-int is 16
Energy harvested: 1441648.422500016
iGeneratingEnergyWhenGridNeedsEnergyMinutes =304320
iGeneratingEnergyWhenGridNeedsEnergyMinutes =304320
iUsingEnergyWhenGridNeedsEnergyMinutes =1157
iGeneratingEnergyWhenGridHasExcessEnergyMinutes = 2639
iUsingEnergyWhenGridHasExcessEnergyMinutes = 60
iIdleWhenGridDoesNotNeedEnergyMinutes = 43381
iIdleWhenGridNeedsEnergyMinutes = 4382922
iEnergyPriceIsZeroMinutes = 240
harvester.getEnergyHarvestedAVAILABLEKilowattHours( ): 6110979.783333333
harvester.getEnergyHarvestedKilowattHours(): 1441648.422500016
The y-int is 26
Energy harvested: 1243840.648888915
iGeneratingEnergyWhenGridNeedsEnergyMinutes =297216
iGeneratingEnergyWhenGridNeedsEnergyMinutes =297216
iUsingEnergyWhenGridNeedsEnergyMinutes =2023
iGeneratingEnergyWhenGridHasExcessEnergyMinutes = 3012
iUsingEnergyWhenGridHasExcessEnergyMinutes = 60
iIdleWhenGridDoesNotNeedEnergyMinutes = 43008
iIdleWhenGridNeedsEnergyMinutes = 4389160
iEnergyPriceIsZeroMinutes = 240
harvester.getEnergyHarvestedAVAILABLEKilowattHours( ): 6110979.783333333
harvester.getEnergyHarvestedKilowattHours(): 1243840.648888915
The y-int is 36
Energy harvested: 1243840.648888915
iGeneratingEnergyWhenGridNeedsEnergyMinutes =297216
iGeneratingEnergyWhenGridNeedsEnergyMinutes =297216
iUsingEnergyWhenGridNeedsEnergyMinutes =2023
iGeneratingEnergyWhenGridHasExcessEnergyMinutes = 3012
iUsingEnergyWhenGridHasExcessEnergyMinutes = 60
iIdleWhenGridDoesNotNeedEnergyMinutes = 43008
iIdleWhenGridNeedsEnergyMinutes = 4389160
iEnergyPriceIsZeroMinutes = 240
harvester.getEnergyHarvestedAVAILABLEKilowattHours( ): 6110979.783333333
harvester.getEnergyHarvestedKilowattHours(): 1243840.648888915
The running average is 91
The y-int is 6
Energy harvested: 1268614.7302778012
iGeneratingEnergyWhenGridNeedsEnergyMinutes =308905
iGeneratingEnergyWhenGridNeedsEnergyMinutes =308905
iUsingEnergyWhenGridNeedsEnergyMinutes =1982
iGeneratingEnergyWhenGridHasExcessEnergyMinutes = 3028
iUsingEnergyWhenGridHasExcessEnergyMinutes = 57
iIdleWhenGridDoesNotNeedEnergyMinutes = 42995
iIdleWhenGridNeedsEnergyMinutes = 4377512
iEnergyPriceIsZeroMinutes = 240
harvester.getEnergyHarvestedAVAILABLEKilowattHours( ): 6110979.783333333
harvester.getEnergyHarvestedKilowattHours(): 1268614.7302778012
The y-int is 16
Energy harvested: 1380663.7075000177
iGeneratingEnergyWhenGridNeedsEnergyMinutes =301299
iGeneratingEnergyWhenGridNeedsEnergyMinutes =301299
iUsingEnergyWhenGridNeedsEnergyMinutes =1338
iGeneratingEnergyWhenGridHasExcessEnergyMinutes = 1654
iUsingEnergyWhenGridHasExcessEnergyMinutes = 60
iIdleWhenGridDoesNotNeedEnergyMinutes = 44366
iIdleWhenGridNeedsEnergyMinutes = 4385762
iEnergyPriceIsZeroMinutes = 240
harvester.getEnergyHarvestedAVAILABLEKilowattHours( ): 6110979.783333333
harvester.getEnergyHarvestedKilowattHours(): 1380663.7075000177
The y-int is 26
Energy harvested: 1243840.648888915
iGeneratingEnergyWhenGridNeedsEnergyMinutes =297216
iGeneratingEnergyWhenGridNeedsEnergyMinutes =297216
iUsingEnergyWhenGridNeedsEnergyMinutes =2023
iGeneratingEnergyWhenGridHasExcessEnergyMinutes = 3012
iUsingEnergyWhenGridHasExcessEnergyMinutes = 60
iIdleWhenGridDoesNotNeedEnergyMinutes = 43008
iIdleWhenGridNeedsEnergyMinutes = 4389160
iEnergyPriceIsZeroMinutes = 240
harvester.getEnergyHarvestedAVAILABLEKilowattHours( ): 6110979.783333333
harvester.getEnergyHarvestedKilowattHours(): 1243840.648888915
The y-int is 36
Energy harvested: 1243840.648888915
iGeneratingEnergyWhenGridNeedsEnergyMinutes =297216
iGeneratingEnergyWhenGridNeedsEnergyMinutes =297216
iUsingEnergyWhenGridNeedsEnergyMinutes =2023
iGeneratingEnergyWhenGridHasExcessEnergyMinutes = 3012
iUsingEnergyWhenGridHasExcessEnergyMinutes = 60
iIdleWhenGridDoesNotNeedEnergyMinutes = 43008
iIdleWhenGridNeedsEnergyMinutes = 4389160
iEnergyPriceIsZeroMinutes = 240
harvester.getEnergyHarvestedAVAILABLEKilowattHours( ): 6110979.783333333
harvester.getEnergyHarvestedKilowattHours(): 1243840.648888915
The running average is 121
The y-int is 6
Energy harvested: 1273656.8308333566
iGeneratingEnergyWhenGridNeedsEnergyMinutes =309757
iGeneratingEnergyWhenGridNeedsEnergyMinutes =309757
iUsingEnergyWhenGridNeedsEnergyMinutes =1985
iGeneratingEnergyWhenGridHasExcessEnergyMinutes = 3012
iUsingEnergyWhenGridHasExcessEnergyMinutes = 57
iIdleWhenGridDoesNotNeedEnergyMinutes = 43011
iIdleWhenGridNeedsEnergyMinutes = 4376657
iEnergyPriceIsZeroMinutes = 240
harvester.getEnergyHarvestedAVAILABLEKilowattHours( ): 6110979.783333333
harvester.getEnergyHarvestedKilowattHours(): 1273656.8308333566
The y-int is 16
Energy harvested: 1358520.7008333518
iGeneratingEnergyWhenGridNeedsEnergyMinutes =302102
iGeneratingEnergyWhenGridNeedsEnergyMinutes =302102
iUsingEnergyWhenGridNeedsEnergyMinutes =1416
iGeneratingEnergyWhenGridHasExcessEnergyMinutes = 1658
iUsingEnergyWhenGridHasExcessEnergyMinutes = 60
iIdleWhenGridDoesNotNeedEnergyMinutes = 44362
iIdleWhenGridNeedsEnergyMinutes = 4384881
iEnergyPriceIsZeroMinutes = 240
harvester.getEnergyHarvestedAVAILABLEKilowattHours( ): 6110979.783333333
harvester.getEnergyHarvestedKilowattHours(): 1358520.7008333518
The y-int is 26
Energy harvested: 1243840.648888915
iGeneratingEnergyWhenGridNeedsEnergyMinutes =297216
iGeneratingEnergyWhenGridNeedsEnergyMinutes =297216
iUsingEnergyWhenGridNeedsEnergyMinutes =2023
iGeneratingEnergyWhenGridHasExcessEnergyMinutes = 3012
iUsingEnergyWhenGridHasExcessEnergyMinutes = 60
iIdleWhenGridDoesNotNeedEnergyMinutes = 43008
iIdleWhenGridNeedsEnergyMinutes = 4389160
iEnergyPriceIsZeroMinutes = 240
harvester.getEnergyHarvestedAVAILABLEKilowattHours( ): 6110979.783333333
harvester.getEnergyHarvestedKilowattHours(): 1243840.648888915
The y-int is 36
Energy harvested: 1243840.648888915
iGeneratingEnergyWhenGridNeedsEnergyMinutes =297216
iGeneratingEnergyWhenGridNeedsEnergyMinutes =297216
iUsingEnergyWhenGridNeedsEnergyMinutes =2023
iGeneratingEnergyWhenGridHasExcessEnergyMinutes = 3012
iUsingEnergyWhenGridHasExcessEnergyMinutes = 60
iIdleWhenGridDoesNotNeedEnergyMinutes = 43008
iIdleWhenGridNeedsEnergyMinutes = 4389160
iEnergyPriceIsZeroMinutes = 240
harvester.getEnergyHarvestedAVAILABLEKilowattHours( ): 6110979.783333333
harvester.getEnergyHarvestedKilowattHours(): 1243840.648888915
Beginning testing mode:
station,&,y_intercept_for_month_1,&,running_average_size_minutes_for_month_1,&,y_intercept_for_month_2,&,running_average_size_minutes_for_month_2,&,y_intercept_for_month_3,&,running_average_size_minutes_for_month_3,&,y_intercept_for_month_4,&,running_average_size_minutes_for_month_4,&,y_intercept_for_month_5,&,running_average_size_minutes_for_month_5,&,y_intercept_for_month_6,&,running_average_size_minutes_for_month_6,&,y_intercept_for_month_7,&,running_average_size_minutes_for_month_7,&,y_intercept_for_month_8,&,running_average_size_minutes_for_month_8,&,y_intercept_for_month_9,&,running_average_size_minutes_for_month_9,&,y_intercept_for_month_10,&,running_average_size_minutes_for_month_10,&,y_intercept_for_month_11,&,running_average_size_minutes_for_month_11,&,y_intercept_for_month_12,&,running_average_size_minutes_for_month_12,&,dNetNorm,&,dMarketBalancePercentage,&,dMarketNetNorm,
results: KPHX,&,16,&,1,&,6,&,1,&,16,&,1,&,26,&,1,&,26,&,1,&,6,&,31,&,16,&,1,&,16,&,1,&,16,&,1,&,26,&,1,&,16,&,1,&,16,&,1,&,0.1957166357661664,&,0.9153695737192022,&,0.1791530534510321
monthly visible minutes:KPHX,&,2013,&,8672,&,8672,&,8672,&,8672,&,8672,&,8672,&,8672,&,8672,&,8672,&,8672,&,8672,&,8672,&,
monthly visible minutes:KPHX,&,2014,&,8672,&,8672,&,8672,&,8672,&,8672,&,8672,&,8672,&,8672,&,8672,&,8672,&,8672,&,8558,&,
monthly minutes harvester between states:KPHX,&,2013,&,38,&,38,&,38,&,38,&,38,&,38,&,38,&,38,&,38,&,38,&,38,&,38,&,
monthly minutes harvester between states:KPHX,&,2014,&,38,&,38,&,38,&,38,&,38,&,38,&,38,&,38,&,38,&,38,&,38,&,19,&,
station,&,y_intercept_for_month_1,&,running_average_size_minutes_for_month_1,&,y_intercept_for_month_2,&,running_average_size_minutes_for_month_2,&,y_intercept_for_month_3,&,running_average_size_minutes_for_month_3,&,y_intercept_for_month_4,&,running_average_size_minutes_for_month_4,&,y_intercept_for_month_5,&,running_average_size_minutes_for_month_5,&,y_intercept_for_month_6,&,running_average_size_minutes_for_month_6,&,y_intercept_for_month_7,&,running_average_size_minutes_for_month_7,&,y_intercept_for_month_8,&,running_average_size_minutes_for_month_8,&,y_intercept_for_month_9,&,running_average_size_minutes_for_month_9,&,y_intercept_for_month_10,&,running_average_size_minutes_for_month_10,&,y_intercept_for_month_11,&,running_average_size_minutes_for_month_11,&,y_intercept_for_month_12,&,running_average_size_minutes_for_month_12,&,dNetNorm,&,dMarketBalancePercentage,&,dMarketNetNorm,
results: KPHX,&,16,&,1,&,6,&,1,&,16,&,1,&,26,&,1,&,26,&,1,&,6,&,31,&,16,&,1,&,16,&,1,&,16,&,1,&,26,&,1,&,16,&,1,&,16,&,1,&,0.19853704837482336,&,0.9162823806134134,&,0.18191599932484356
monthly visible minutes:KPHX,&,2013,&,8672,&,8672,&,8672,&,8672,&,8672,&,8672,&,8672,&,8672,&,8672,&,8672,&,8672,&,8672,&,
monthly visible minutes:KPHX,&,2014,&,8672,&,8672,&,8672,&,8672,&,8672,&,8672,&,8672,&,8672,&,8672,&,8672,&,8672,&,8558,&,
monthly minutes harvester between states:KPHX,&,2013,&,38,&,38,&,38,&,38,&,38,&,38,&,38,&,38,&,38,&,38,&,38,&,38,&,
monthly minutes harvester between states:KPHX,&,2014,&,38,&,38,&,38,&,38,&,38,&,38,&,38,&,38,&,38,&,38,&,38,&,19,&,
Station: KPIT
abc: The current path is /home/guy/retractable-wind
I have found the property file.
The training windspeed filename is /trainingKPIT2004-2012in.csv
The testing windspeed filename is /testingKPIT2013-2014in.csv
Yes, the station is KPIT
Warning: The bAlsoUsePrediction no longer has any effect
iUsedAllItsAllocatedVisibilityMinutesPerMonth: 8760
Visibility Allocation Minutes:8760
HARVESTER_SIZE_SQM is 6362
Reading file
Success: /Wind turbine power curves - wind turbine power output against wind speed in knots.csv found.
Speed (Knots) = Speed(knots) vs power (kW) , Power (kW) =V90
Speed (Knots) = 0 , Power (kW) =0
Speed (Knots) = 1 , Power (kW) =0
Speed (Knots) = 2 , Power (kW) =0
Speed (Knots) = 3 , Power (kW) =0
Speed (Knots) = 4 , Power (kW) =0
Speed (Knots) = 5 , Power (kW) =0
Speed (Knots) = 6 , Power (kW) =0
Speed (Knots) = 7 , Power (kW) =38
Speed (Knots) = 8 , Power (kW) =87
Speed (Knots) = 9 , Power (kW) =141
Speed (Knots) = 10 , Power (kW) =207
Speed (Knots) = 11 , Power (kW) =286
Speed (Knots) = 12 , Power (kW) =382
Speed (Knots) = 13 , Power (kW) =496
Speed (Knots) = 14 , Power (kW) =628
Speed (Knots) = 15 , Power (kW) =781
Speed (Knots) = 16 , Power (kW) =957
Speed (Knots) = 17 , Power (kW) =1153
Speed (Knots) = 18 , Power (kW) =1366
Speed (Knots) = 19 , Power (kW) =1589
Speed (Knots) = 20 , Power (kW) =1814
Speed (Knots) = 21 , Power (kW) =2035
Speed (Knots) = 22 , Power (kW) =2250
Speed (Knots) = 23 , Power (kW) =2452
Speed (Knots) = 24 , Power (kW) =2634
Speed (Knots) = 25 , Power (kW) =2784
Speed (Knots) = 26 , Power (kW) =2888
Speed (Knots) = 27 , Power (kW) =2949
Speed (Knots) = 28 , Power (kW) =2980
Speed (Knots) = 29 , Power (kW) =2993
Speed (Knots) = 30 , Power (kW) =3000
Speed (Knots) = 31 , Power (kW) =3000
Speed (Knots) = 32 , Power (kW) =3000
Speed (Knots) = 33 , Power (kW) =3000
Speed (Knots) = 34 , Power (kW) =3000
Speed (Knots) = 35 , Power (kW) =3000
Speed (Knots) = 36 , Power (kW) =3000
Speed (Knots) = 37 , Power (kW) =3000
Speed (Knots) = 38 , Power (kW) =3000
Speed (Knots) = 39 , Power (kW) =3000
Speed (Knots) = 40 , Power (kW) =3000
Speed (Knots) = 41 , Power (kW) =3000
Speed (Knots) = 42 , Power (kW) =3000
Speed (Knots) = 43 , Power (kW) =3000
Speed (Knots) = 44 , Power (kW) =3000
Speed (Knots) = 45 , Power (kW) =3000
Speed (Knots) = 46 , Power (kW) =3000
Speed (Knots) = 47 , Power (kW) =3000
Speed (Knots) = 48 , Power (kW) =3000
Speed (Knots) = 49 , Power (kW) =0
Speed (Knots) = 50 , Power (kW) =0
Speed (Knots) = 51 , Power (kW) =0
Speed (Knots) = 52 , Power (kW) =0
Speed (Knots) = 53 , Power (kW) =0
Speed (Knots) = 54 , Power (kW) =0
Speed (Knots) = 55 , Power (kW) =0
Speed (Knots) = 56 , Power (kW) =0
Speed (Knots) = 57 , Power (kW) =0
Speed (Knots) = 58 , Power (kW) =0
Speed (Knots) = 59 , Power (kW) =0
Speed (Knots) = 60 , Power (kW) =0
The scale is 1.0
Wind power at 10 knots in kilowatts is 207.0
Wind power in-cut-out test 0.0
Aging
Class name:edu.pitt.cs.people.guy.wind.benchmarks.Aging
Success: /Noise_Allowed_Time_Definitions_All_Stations.csv found.
The station is the record is KPIT
Success: /Noise_Allowed_Time_Definitions_All_Stations.csv found.
The station is the record is KPIT
I have found the membership file for NOT WINDY.
Windspeed (knots) [0,1), Membership Value =1.00000000,1.0
Windspeed (knots) [1,2), Membership Value =0.99989125,0.9998912
Windspeed (knots) [2,3), Membership Value =0.99872371,0.9987237
Windspeed (knots) [3,4), Membership Value =0.99363806,0.99363804
Windspeed (knots) [4,5), Membership Value =0.98028956,0.9802896
Windspeed (knots) [5,6), Membership Value =0.95471914,0.9547191
Windspeed (knots) [6,7), Membership Value =0.91492798,0.91492796
Windspeed (knots) [7,8), Membership Value =0.85881581,0.8588158
Windspeed (knots) [8,9), Membership Value =0.78766839,0.7876684
Windspeed (knots) [9,10), Membership Value =0.70331211,0.7033121
Windspeed (knots) [10,11), Membership Value =0.61076914,0.61076915
Windspeed (knots) [11,12), Membership Value =0.51436454,0.51436454
Windspeed (knots) [12,13), Membership Value =0.41845409,0.41845408
Windspeed (knots) [13,14), Membership Value =0.32501766,0.32501766
Windspeed (knots) [14,15), Membership Value =0.23678359,0.2367836
Windspeed (knots) [15,16), Membership Value =0.15551457,0.15551457
Windspeed (knots) [16,17), Membership Value =0.08122689,0.08122689
Windspeed (knots) [17,18), Membership Value =0.01593995,0.01593995
Windspeed (knots) [18,19), Membership Value =0.00000000,0.0
Windspeed (knots) [19,20), Membership Value =0.00000000,0.0
Windspeed (knots) [20,21), Membership Value =0.00000000,0.0
Windspeed (knots) [21,22), Membership Value =0.00000000,0.0
Windspeed (knots) [22,23), Membership Value =0.00000000,0.0
Windspeed (knots) [23,24), Membership Value =0.00000000,0.0
Windspeed (knots) [24,25), Membership Value =0.00000000,0.0
Windspeed (knots) [25,26), Membership Value =0.00000000,0.0
Windspeed (knots) [26,27), Membership Value =0.00000000,0.0
Windspeed (knots) [27,28), Membership Value =0.00000000,0.0
Windspeed (knots) [28,29), Membership Value =0.00000000,0.0
Windspeed (knots) [29,30), Membership Value =0.00000000,0.0
Windspeed (knots) [30,31), Membership Value =0.00000000,0.0
Windspeed (knots) [31,32), Membership Value =0.00000000,0.0
Windspeed (knots) [32,33), Membership Value =0.00000000,0.0
Windspeed (knots) [33,34), Membership Value =0.00000000,0.0
Windspeed (knots) [34,35), Membership Value =0.00000000,0.0
Windspeed (knots) [35,36), Membership Value =0.00000000,0.0
Windspeed (knots) [36,37), Membership Value =0.00000000,0.0
Windspeed (knots) [37,38), Membership Value =0.00000000,0.0
Windspeed (knots) [38,39), Membership Value =0.00000000,0.0
Windspeed (knots) [39,40), Membership Value =0.00000000,0.0
Windspeed (knots) [40,41), Membership Value =0.00000000,0.0
Windspeed (knots) [41,42), Membership Value =0.00000000,0.0
Windspeed (knots) [42,43), Membership Value =0.00000000,0.0
Windspeed (knots) [43,44), Membership Value =0.00000000,0.0
Windspeed (knots) [44,45), Membership Value =0.00000000,0.0
Windspeed (knots) [45,46), Membership Value =0.00000000,0.0
Windspeed (knots) [46,47), Membership Value =0.00000000,0.0
Windspeed (knots) [47,48), Membership Value =0.00000000,0.0
Windspeed (knots) [48,49), Membership Value =0.00000000,0.0
Windspeed (knots) [49,50), Membership Value =0.00000000,0.0
Windspeed (knots) [50,51), Membership Value =0.00000000,0.0
Windspeed (knots) [51,52), Membership Value =0.00000000,0.0
Windspeed (knots) [52,53), Membership Value =0.00000000,0.0
Windspeed (knots) [53,54), Membership Value =0.00000000,0.0
Windspeed (knots) [54,55), Membership Value =0.00000000,0.0
Windspeed (knots) [55,56), Membership Value =0.00000000,0.0
Windspeed (knots) [56,57), Membership Value =0.00000000,0.0
Windspeed (knots) [57,58), Membership Value =0.00000000,0.0
Windspeed (knots) [58,59), Membership Value =0.00000000,0.0
Windspeed (knots) [59,60), Membership Value =0.00000000,0.0
Windspeed (knots) [60,61), Membership Value =0.00000000,0.0
Windspeed (knots) [61,62), Membership Value =0.00000000,0.0
Windspeed (knots) [62,63), Membership Value =0.00000000,0.0
Windspeed (knots) [63,64), Membership Value =0.00000000,0.0
Windspeed (knots) [64,65), Membership Value =0.00000000,0.0
Windspeed (knots) [65,66), Membership Value =0.00000000,0.0
Windspeed (knots) [66,67), Membership Value =0.00000000,0.0
Windspeed (knots) [67,68), Membership Value =0.00000000,0.0
Windspeed (knots) [68,69), Membership Value =0.00000000,0.0
Windspeed (knots) [69,70), Membership Value =0.00000000,0.0
Windspeed (knots) [70,71), Membership Value =0.00000000,0.0
Windspeed (knots) [71,72), Membership Value =0.00000000,0.0
Windspeed (knots) [72,73), Membership Value =0.00000000,0.0
Windspeed (knots) [73,74), Membership Value =0.00000000,0.0
Windspeed (knots) [74,75), Membership Value =0.00000000,0.0
Windspeed (knots) [75,76), Membership Value =0.00000000,0.0
Windspeed (knots) [76,77), Membership Value =0.00000000,0.0
Windspeed (knots) [77,78), Membership Value =0.00000000,0.0
Windspeed (knots) [78,79), Membership Value =0.00000000,0.0
Windspeed (knots) [79,80), Membership Value =0.00000000,0.0
Windspeed (knots) [80,81), Membership Value =0.00000000,0.0
Windspeed (knots) [81,82), Membership Value =0.00000000,0.0
Windspeed (knots) [82,83), Membership Value =0.00000000,0.0
Windspeed (knots) [83,84), Membership Value =0.00000000,0.0
Windspeed (knots) [84,85), Membership Value =0.00000000,0.0
Windspeed (knots) [85,86), Membership Value =0.00000000,0.0
Windspeed (knots) [86,87), Membership Value =0.00000000,0.0
Windspeed (knots) [87,88), Membership Value =0.00000000,0.0
Windspeed (knots) [88,89), Membership Value =0.00000000,0.0
Windspeed (knots) [89,90), Membership Value =0.00000000,0.0
Windspeed (knots) [90,91), Membership Value =0.00000000,0.0
Windspeed (knots) [91,92), Membership Value =0.00000000,0.0
Windspeed (knots) [92,93), Membership Value =0.00000000,0.0
Windspeed (knots) [93,94), Membership Value =0.00000000,0.0
Windspeed (knots) [94,95), Membership Value =0.00000000,0.0
Windspeed (knots) [95,96), Membership Value =0.00000000,0.0
Windspeed (knots) [96,97), Membership Value =0.00000000,0.0
Windspeed (knots) [97,98), Membership Value =0.00000000,0.0
Windspeed (knots) [98,99), Membership Value =0.00000000,0.0
Windspeed (knots) [99,100), Membership Value =0.00000000,0.0
Windspeed (knots) [100,101), Membership Value =0.00000000,0.0
Windspeed (knots) [101,102), Membership Value =0.00000000,0.0
Windspeed (knots) [102,103), Membership Value =0.00000000,0.0
Windspeed (knots) [103,104), Membership Value =0.00000000,0.0
Windspeed (knots) [104,105), Membership Value =0.00000000,0.0
Windspeed (knots) [105,106), Membership Value =0.00000000,0.0
Windspeed (knots) [106,107), Membership Value =0.00000000,0.0
Windspeed (knots) [107,108), Membership Value =0.00000000,0.0
Windspeed (knots) [108,109), Membership Value =0.00000000,0.0
Windspeed (knots) [109,110), Membership Value =0.00000000,0.0
Windspeed (knots) [110,111), Membership Value =0.00000000,0.0
Windspeed (knots) [111,112), Membership Value =0.00000000,0.0
Windspeed (knots) [112,113), Membership Value =0.00000000,0.0
Windspeed (knots) [113,114), Membership Value =0.00000000,0.0
Windspeed (knots) [114,115), Membership Value =0.00000000,0.0
Windspeed (knots) [115,116), Membership Value =0.00000000,0.0
Windspeed (knots) [116,117), Membership Value =0.00000000,0.0
Windspeed (knots) [117,118), Membership Value =0.00000000,0.0
Windspeed (knots) [118,119), Membership Value =0.00000000,0.0
Windspeed (knots) [119,120), Membership Value =0.00000000,0.0
Windspeed (knots) [120,121), Membership Value =0.00000000,0.0
Windspeed (knots) [121,122), Membership Value =0.00000000,0.0
Windspeed (knots) [122,123), Membership Value =0.00000000,0.0
Windspeed (knots) [123,124), Membership Value =0.00000000,0.0
Windspeed (knots) [124,125), Membership Value =0.00000000,0.0
LowestWindspeedThatIsWindyKnots for station KPIT is 7 knots.
Transition limited :true
bUseWeatherPrediction: true
The running average is 1
The y-int is 7
Energy harvested: 2106941.5375000276
iGeneratingEnergyWhenGridNeedsEnergyMinutes =401958
iGeneratingEnergyWhenGridNeedsEnergyMinutes =401958
iUsingEnergyWhenGridNeedsEnergyMinutes =1932
iGeneratingEnergyWhenGridHasExcessEnergyMinutes = 5176
iUsingEnergyWhenGridHasExcessEnergyMinutes = 87
iIdleWhenGridDoesNotNeedEnergyMinutes = 40817
iIdleWhenGridNeedsEnergyMinutes = 4284509
iEnergyPriceIsZeroMinutes = 240
harvester.getEnergyHarvestedAVAILABLEKilowattHours( ): 9992927.966666667
harvester.getEnergyHarvestedKilowattHours(): 2106941.5375000276
The y-int is 17
Energy harvested: 2688225.72222221
iGeneratingEnergyWhenGridNeedsEnergyMinutes =422161
iGeneratingEnergyWhenGridNeedsEnergyMinutes =422161
iUsingEnergyWhenGridNeedsEnergyMinutes =432
iGeneratingEnergyWhenGridHasExcessEnergyMinutes = 4014
iUsingEnergyWhenGridHasExcessEnergyMinutes = 0
iIdleWhenGridDoesNotNeedEnergyMinutes = 42066
iIdleWhenGridNeedsEnergyMinutes = 4265806
iEnergyPriceIsZeroMinutes = 240
harvester.getEnergyHarvestedAVAILABLEKilowattHours( ): 9992927.966666667
harvester.getEnergyHarvestedKilowattHours(): 2688225.72222221
The y-int is 27
Energy harvested: 2039292.0788889143
iGeneratingEnergyWhenGridNeedsEnergyMinutes =400422
iGeneratingEnergyWhenGridNeedsEnergyMinutes =400422
iUsingEnergyWhenGridNeedsEnergyMinutes =1850
iGeneratingEnergyWhenGridHasExcessEnergyMinutes = 5196
iUsingEnergyWhenGridHasExcessEnergyMinutes = 59
iIdleWhenGridDoesNotNeedEnergyMinutes = 40825
iIdleWhenGridNeedsEnergyMinutes = 4286127
iEnergyPriceIsZeroMinutes = 240
harvester.getEnergyHarvestedAVAILABLEKilowattHours( ): 9992927.966666667
harvester.getEnergyHarvestedKilowattHours(): 2039292.0788889143
The y-int is 37
Energy harvested: 2023292.3230555824
iGeneratingEnergyWhenGridNeedsEnergyMinutes =396461
iGeneratingEnergyWhenGridNeedsEnergyMinutes =396461
iUsingEnergyWhenGridNeedsEnergyMinutes =1991
iGeneratingEnergyWhenGridHasExcessEnergyMinutes = 5341
iUsingEnergyWhenGridHasExcessEnergyMinutes = 59
iIdleWhenGridDoesNotNeedEnergyMinutes = 40680
iIdleWhenGridNeedsEnergyMinutes = 4289947
iEnergyPriceIsZeroMinutes = 240
harvester.getEnergyHarvestedAVAILABLEKilowattHours( ): 9992927.966666667
harvester.getEnergyHarvestedKilowattHours(): 2023292.3230555824
The running average is 31
The y-int is 7
Energy harvested: 2148317.5258333613
iGeneratingEnergyWhenGridNeedsEnergyMinutes =408933
iGeneratingEnergyWhenGridNeedsEnergyMinutes =408933
iUsingEnergyWhenGridNeedsEnergyMinutes =1919
iGeneratingEnergyWhenGridHasExcessEnergyMinutes = 5190
iUsingEnergyWhenGridHasExcessEnergyMinutes = 68
iIdleWhenGridDoesNotNeedEnergyMinutes = 40822
iIdleWhenGridNeedsEnergyMinutes = 4277547
iEnergyPriceIsZeroMinutes = 240
harvester.getEnergyHarvestedAVAILABLEKilowattHours( ): 9992927.966666667
harvester.getEnergyHarvestedKilowattHours(): 2148317.5258333613
The y-int is 17
Energy harvested: 2459242.1413888787
iGeneratingEnergyWhenGridNeedsEnergyMinutes =418372
iGeneratingEnergyWhenGridNeedsEnergyMinutes =418372
iUsingEnergyWhenGridNeedsEnergyMinutes =1151
iGeneratingEnergyWhenGridHasExcessEnergyMinutes = 2281
iUsingEnergyWhenGridHasExcessEnergyMinutes = 0
iIdleWhenGridDoesNotNeedEnergyMinutes = 43799
iIdleWhenGridNeedsEnergyMinutes = 4268876
iEnergyPriceIsZeroMinutes = 240
harvester.getEnergyHarvestedAVAILABLEKilowattHours( ): 9992927.966666667
harvester.getEnergyHarvestedKilowattHours(): 2459242.1413888787
The y-int is 27
Energy harvested: 2023292.3230555824
iGeneratingEnergyWhenGridNeedsEnergyMinutes =396461
iGeneratingEnergyWhenGridNeedsEnergyMinutes =396461
iUsingEnergyWhenGridNeedsEnergyMinutes =1991
iGeneratingEnergyWhenGridHasExcessEnergyMinutes = 5341
iUsingEnergyWhenGridHasExcessEnergyMinutes = 59
iIdleWhenGridDoesNotNeedEnergyMinutes = 40680
iIdleWhenGridNeedsEnergyMinutes = 4289947
iEnergyPriceIsZeroMinutes = 240
harvester.getEnergyHarvestedAVAILABLEKilowattHours( ): 9992927.966666667
harvester.getEnergyHarvestedKilowattHours(): 2023292.3230555824
The y-int is 37
Energy harvested: 2023292.3230555824
iGeneratingEnergyWhenGridNeedsEnergyMinutes =396461
iGeneratingEnergyWhenGridNeedsEnergyMinutes =396461
iUsingEnergyWhenGridNeedsEnergyMinutes =1991
iGeneratingEnergyWhenGridHasExcessEnergyMinutes = 5341
iUsingEnergyWhenGridHasExcessEnergyMinutes = 59
iIdleWhenGridDoesNotNeedEnergyMinutes = 40680
iIdleWhenGridNeedsEnergyMinutes = 4289947
iEnergyPriceIsZeroMinutes = 240
harvester.getEnergyHarvestedAVAILABLEKilowattHours( ): 9992927.966666667
harvester.getEnergyHarvestedKilowattHours(): 2023292.3230555824
The running average is 61
The y-int is 7
Energy harvested: 2159167.7427778062
iGeneratingEnergyWhenGridNeedsEnergyMinutes =411697
iGeneratingEnergyWhenGridNeedsEnergyMinutes =411697
iUsingEnergyWhenGridNeedsEnergyMinutes =1902
iGeneratingEnergyWhenGridHasExcessEnergyMinutes = 5290
iUsingEnergyWhenGridHasExcessEnergyMinutes = 78
iIdleWhenGridDoesNotNeedEnergyMinutes = 40712
iIdleWhenGridNeedsEnergyMinutes = 4274800
iEnergyPriceIsZeroMinutes = 240
harvester.getEnergyHarvestedAVAILABLEKilowattHours( ): 9992927.966666667
harvester.getEnergyHarvestedKilowattHours(): 2159167.7427778062
The y-int is 17
Energy harvested: 2337599.151666668
iGeneratingEnergyWhenGridNeedsEnergyMinutes =409965
iGeneratingEnergyWhenGridNeedsEnergyMinutes =409965
iUsingEnergyWhenGridNeedsEnergyMinutes =1499
iGeneratingEnergyWhenGridHasExcessEnergyMinutes = 2260
iUsingEnergyWhenGridHasExcessEnergyMinutes = 39
iIdleWhenGridDoesNotNeedEnergyMinutes = 43781
iIdleWhenGridNeedsEnergyMinutes = 4276935
iEnergyPriceIsZeroMinutes = 240
harvester.getEnergyHarvestedAVAILABLEKilowattHours( ): 9992927.966666667
harvester.getEnergyHarvestedKilowattHours(): 2337599.151666668
The y-int is 27
Energy harvested: 2023292.3230555824
iGeneratingEnergyWhenGridNeedsEnergyMinutes =396461
iGeneratingEnergyWhenGridNeedsEnergyMinutes =396461
iUsingEnergyWhenGridNeedsEnergyMinutes =1991
iGeneratingEnergyWhenGridHasExcessEnergyMinutes = 5341
iUsingEnergyWhenGridHasExcessEnergyMinutes = 59
iIdleWhenGridDoesNotNeedEnergyMinutes = 40680
iIdleWhenGridNeedsEnergyMinutes = 4289947
iEnergyPriceIsZeroMinutes = 240
harvester.getEnergyHarvestedAVAILABLEKilowattHours( ): 9992927.966666667
harvester.getEnergyHarvestedKilowattHours(): 2023292.3230555824
The y-int is 37
Energy harvested: 2023292.3230555824
iGeneratingEnergyWhenGridNeedsEnergyMinutes =396461
iGeneratingEnergyWhenGridNeedsEnergyMinutes =396461
iUsingEnergyWhenGridNeedsEnergyMinutes =1991
iGeneratingEnergyWhenGridHasExcessEnergyMinutes = 5341
iUsingEnergyWhenGridHasExcessEnergyMinutes = 59
iIdleWhenGridDoesNotNeedEnergyMinutes = 40680
iIdleWhenGridNeedsEnergyMinutes = 4289947
iEnergyPriceIsZeroMinutes = 240
harvester.getEnergyHarvestedAVAILABLEKilowattHours( ): 9992927.966666667
harvester.getEnergyHarvestedKilowattHours(): 2023292.3230555824
The running average is 91
The y-int is 7
Energy harvested: 2168402.948888917
iGeneratingEnergyWhenGridNeedsEnergyMinutes =411998
iGeneratingEnergyWhenGridNeedsEnergyMinutes =411998
iUsingEnergyWhenGridNeedsEnergyMinutes =1876
iGeneratingEnergyWhenGridHasExcessEnergyMinutes = 5266
iUsingEnergyWhenGridHasExcessEnergyMinutes = 87
iIdleWhenGridDoesNotNeedEnergyMinutes = 40727
iIdleWhenGridNeedsEnergyMinutes = 4274525
iEnergyPriceIsZeroMinutes = 240
harvester.getEnergyHarvestedAVAILABLEKilowattHours( ): 9992927.966666667
harvester.getEnergyHarvestedKilowattHours(): 2168402.948888917
The y-int is 17
Energy harvested: 2250654.4144444666
iGeneratingEnergyWhenGridNeedsEnergyMinutes =407792
iGeneratingEnergyWhenGridNeedsEnergyMinutes =407792
iUsingEnergyWhenGridNeedsEnergyMinutes =1553
iGeneratingEnergyWhenGridHasExcessEnergyMinutes = 2435
iUsingEnergyWhenGridHasExcessEnergyMinutes = 59
iIdleWhenGridDoesNotNeedEnergyMinutes = 43586
iIdleWhenGridNeedsEnergyMinutes = 4279054
iEnergyPriceIsZeroMinutes = 240
harvester.getEnergyHarvestedAVAILABLEKilowattHours( ): 9992927.966666667
harvester.getEnergyHarvestedKilowattHours(): 2250654.4144444666
The y-int is 27
Energy harvested: 2023292.3230555824
iGeneratingEnergyWhenGridNeedsEnergyMinutes =396461
iGeneratingEnergyWhenGridNeedsEnergyMinutes =396461
iUsingEnergyWhenGridNeedsEnergyMinutes =1991
iGeneratingEnergyWhenGridHasExcessEnergyMinutes = 5341
iUsingEnergyWhenGridHasExcessEnergyMinutes = 59
iIdleWhenGridDoesNotNeedEnergyMinutes = 40680
iIdleWhenGridNeedsEnergyMinutes = 4289947
iEnergyPriceIsZeroMinutes = 240
harvester.getEnergyHarvestedAVAILABLEKilowattHours( ): 9992927.966666667
harvester.getEnergyHarvestedKilowattHours(): 2023292.3230555824
The y-int is 37
Energy harvested: 2023292.3230555824
iGeneratingEnergyWhenGridNeedsEnergyMinutes =396461
iGeneratingEnergyWhenGridNeedsEnergyMinutes =396461
iUsingEnergyWhenGridNeedsEnergyMinutes =1991
iGeneratingEnergyWhenGridHasExcessEnergyMinutes = 5341
iUsingEnergyWhenGridHasExcessEnergyMinutes = 59
iIdleWhenGridDoesNotNeedEnergyMinutes = 40680
iIdleWhenGridNeedsEnergyMinutes = 4289947
iEnergyPriceIsZeroMinutes = 240
harvester.getEnergyHarvestedAVAILABLEKilowattHours( ): 9992927.966666667
harvester.getEnergyHarvestedKilowattHours(): 2023292.3230555824
The running average is 121
The y-int is 7
Energy harvested: 2177893.9888889166
iGeneratingEnergyWhenGridNeedsEnergyMinutes =413148
iGeneratingEnergyWhenGridNeedsEnergyMinutes =413148
iUsingEnergyWhenGridNeedsEnergyMinutes =1849
iGeneratingEnergyWhenGridHasExcessEnergyMinutes = 5179
iUsingEnergyWhenGridHasExcessEnergyMinutes = 88
iIdleWhenGridDoesNotNeedEnergyMinutes = 40813
iIdleWhenGridNeedsEnergyMinutes = 4273402
iEnergyPriceIsZeroMinutes = 240
harvester.getEnergyHarvestedAVAILABLEKilowattHours( ): 9992927.966666667
harvester.getEnergyHarvestedKilowattHours(): 2177893.9888889166
The y-int is 17
Energy harvested: 2179110.897500023
iGeneratingEnergyWhenGridNeedsEnergyMinutes =402528
iGeneratingEnergyWhenGridNeedsEnergyMinutes =402528
iUsingEnergyWhenGridNeedsEnergyMinutes =1613
iGeneratingEnergyWhenGridHasExcessEnergyMinutes = 2661
iUsingEnergyWhenGridHasExcessEnergyMinutes = 59
iIdleWhenGridDoesNotNeedEnergyMinutes = 43360
iIdleWhenGridNeedsEnergyMinutes = 4284258
iEnergyPriceIsZeroMinutes = 240
harvester.getEnergyHarvestedAVAILABLEKilowattHours( ): 9992927.966666667
harvester.getEnergyHarvestedKilowattHours(): 2179110.897500023
The y-int is 27
Energy harvested: 2023292.3230555824
iGeneratingEnergyWhenGridNeedsEnergyMinutes =396461
iGeneratingEnergyWhenGridNeedsEnergyMinutes =396461
iUsingEnergyWhenGridNeedsEnergyMinutes =1991
iGeneratingEnergyWhenGridHasExcessEnergyMinutes = 5341
iUsingEnergyWhenGridHasExcessEnergyMinutes = 59
iIdleWhenGridDoesNotNeedEnergyMinutes = 40680
iIdleWhenGridNeedsEnergyMinutes = 4289947
iEnergyPriceIsZeroMinutes = 240
harvester.getEnergyHarvestedAVAILABLEKilowattHours( ): 9992927.966666667
harvester.getEnergyHarvestedKilowattHours(): 2023292.3230555824
The y-int is 37
Energy harvested: 2023292.3230555824
iGeneratingEnergyWhenGridNeedsEnergyMinutes =396461
iGeneratingEnergyWhenGridNeedsEnergyMinutes =396461
iUsingEnergyWhenGridNeedsEnergyMinutes =1991
iGeneratingEnergyWhenGridHasExcessEnergyMinutes = 5341
iUsingEnergyWhenGridHasExcessEnergyMinutes = 59
iIdleWhenGridDoesNotNeedEnergyMinutes = 40680
iIdleWhenGridNeedsEnergyMinutes = 4289947
iEnergyPriceIsZeroMinutes = 240
harvester.getEnergyHarvestedAVAILABLEKilowattHours( ): 9992927.966666667
harvester.getEnergyHarvestedKilowattHours(): 2023292.3230555824
Beginning testing mode:
station,&,y_intercept_for_month_1,&,running_average_size_minutes_for_month_1,&,y_intercept_for_month_2,&,running_average_size_minutes_for_month_2,&,y_intercept_for_month_3,&,running_average_size_minutes_for_month_3,&,y_intercept_for_month_4,&,running_average_size_minutes_for_month_4,&,y_intercept_for_month_5,&,running_average_size_minutes_for_month_5,&,y_intercept_for_month_6,&,running_average_size_minutes_for_month_6,&,y_intercept_for_month_7,&,running_average_size_minutes_for_month_7,&,y_intercept_for_month_8,&,running_average_size_minutes_for_month_8,&,y_intercept_for_month_9,&,running_average_size_minutes_for_month_9,&,y_intercept_for_month_10,&,running_average_size_minutes_for_month_10,&,y_intercept_for_month_11,&,running_average_size_minutes_for_month_11,&,y_intercept_for_month_12,&,running_average_size_minutes_for_month_12,&,dNetNorm,&,dMarketBalancePercentage,&,dMarketNetNorm,
results: KPIT,&,17,&,31,&,27,&,1,&,17,&,1,&,17,&,1,&,17,&,1,&,17,&,1,&,27,&,1,&,27,&,1,&,17,&,1,&,17,&,31,&,17,&,61,&,37,&,1,&,0.2314704633801287,&,0.9606612035463373,&,0.22236469393618283
monthly visible minutes:KPIT,&,2013,&,8672,&,8672,&,8672,&,8672,&,8672,&,8672,&,8672,&,8672,&,8672,&,8672,&,8672,&,8672,&,
monthly visible minutes:KPIT,&,2014,&,8672,&,8672,&,8672,&,8672,&,8672,&,8672,&,8672,&,8672,&,8672,&,8672,&,8672,&,8664,&,
monthly minutes harvester between states:KPIT,&,2013,&,38,&,38,&,38,&,38,&,38,&,38,&,38,&,38,&,38,&,38,&,38,&,38,&,
monthly minutes harvester between states:KPIT,&,2014,&,38,&,38,&,38,&,38,&,38,&,38,&,38,&,38,&,38,&,38,&,38,&,30,&,
station,&,y_intercept_for_month_1,&,running_average_size_minutes_for_month_1,&,y_intercept_for_month_2,&,running_average_size_minutes_for_month_2,&,y_intercept_for_month_3,&,running_average_size_minutes_for_month_3,&,y_intercept_for_month_4,&,running_average_size_minutes_for_month_4,&,y_intercept_for_month_5,&,running_average_size_minutes_for_month_5,&,y_intercept_for_month_6,&,running_average_size_minutes_for_month_6,&,y_intercept_for_month_7,&,running_average_size_minutes_for_month_7,&,y_intercept_for_month_8,&,running_average_size_minutes_for_month_8,&,y_intercept_for_month_9,&,running_average_size_minutes_for_month_9,&,y_intercept_for_month_10,&,running_average_size_minutes_for_month_10,&,y_intercept_for_month_11,&,running_average_size_minutes_for_month_11,&,y_intercept_for_month_12,&,running_average_size_minutes_for_month_12,&,dNetNorm,&,dMarketBalancePercentage,&,dMarketNetNorm,
results: KPIT,&,17,&,31,&,27,&,1,&,17,&,1,&,17,&,1,&,17,&,1,&,17,&,1,&,27,&,1,&,27,&,1,&,17,&,1,&,17,&,31,&,17,&,61,&,37,&,1,&,0.21954384925821419,&,0.9598992925414963,&,0.2107399855847967
monthly visible minutes:KPIT,&,2013,&,8672,&,8672,&,8672,&,8672,&,8672,&,8672,&,8672,&,8672,&,8672,&,8672,&,8672,&,8672,&,
monthly visible minutes:KPIT,&,2014,&,8672,&,8672,&,8672,&,8672,&,8672,&,8672,&,8672,&,8672,&,8672,&,8672,&,8672,&,8664,&,
monthly minutes harvester between states:KPIT,&,2013,&,38,&,38,&,38,&,38,&,38,&,38,&,38,&,38,&,38,&,38,&,38,&,38,&,
monthly minutes harvester between states:KPIT,&,2014,&,38,&,38,&,38,&,38,&,38,&,38,&,38,&,38,&,38,&,38,&,38,&,30,&,
Station: KSAC
abc: The current path is /home/guy/retractable-wind
I have found the property file.
The training windspeed filename is /trainingKSAC2004-2012in.csv
The testing windspeed filename is /testingKSAC2013-2014in.csv
Yes, the station is KSAC
Warning: The bAlsoUsePrediction no longer has any effect
iUsedAllItsAllocatedVisibilityMinutesPerMonth: 8760
Visibility Allocation Minutes:8760
HARVESTER_SIZE_SQM is 6362
Reading file
Success: /Wind turbine power curves - wind turbine power output against wind speed in knots.csv found.
Speed (Knots) = Speed(knots) vs power (kW) , Power (kW) =V90
Speed (Knots) = 0 , Power (kW) =0
Speed (Knots) = 1 , Power (kW) =0
Speed (Knots) = 2 , Power (kW) =0
Speed (Knots) = 3 , Power (kW) =0
Speed (Knots) = 4 , Power (kW) =0
Speed (Knots) = 5 , Power (kW) =0
Speed (Knots) = 6 , Power (kW) =0
Speed (Knots) = 7 , Power (kW) =38
Speed (Knots) = 8 , Power (kW) =87
Speed (Knots) = 9 , Power (kW) =141
Speed (Knots) = 10 , Power (kW) =207
Speed (Knots) = 11 , Power (kW) =286
Speed (Knots) = 12 , Power (kW) =382
Speed (Knots) = 13 , Power (kW) =496
Speed (Knots) = 14 , Power (kW) =628
Speed (Knots) = 15 , Power (kW) =781
Speed (Knots) = 16 , Power (kW) =957
Speed (Knots) = 17 , Power (kW) =1153
Speed (Knots) = 18 , Power (kW) =1366
Speed (Knots) = 19 , Power (kW) =1589
Speed (Knots) = 20 , Power (kW) =1814
Speed (Knots) = 21 , Power (kW) =2035
Speed (Knots) = 22 , Power (kW) =2250
Speed (Knots) = 23 , Power (kW) =2452
Speed (Knots) = 24 , Power (kW) =2634
Speed (Knots) = 25 , Power (kW) =2784
Speed (Knots) = 26 , Power (kW) =2888
Speed (Knots) = 27 , Power (kW) =2949
Speed (Knots) = 28 , Power (kW) =2980
Speed (Knots) = 29 , Power (kW) =2993
Speed (Knots) = 30 , Power (kW) =3000
Speed (Knots) = 31 , Power (kW) =3000
Speed (Knots) = 32 , Power (kW) =3000
Speed (Knots) = 33 , Power (kW) =3000
Speed (Knots) = 34 , Power (kW) =3000
Speed (Knots) = 35 , Power (kW) =3000
Speed (Knots) = 36 , Power (kW) =3000
Speed (Knots) = 37 , Power (kW) =3000
Speed (Knots) = 38 , Power (kW) =3000
Speed (Knots) = 39 , Power (kW) =3000
Speed (Knots) = 40 , Power (kW) =3000
Speed (Knots) = 41 , Power (kW) =3000
Speed (Knots) = 42 , Power (kW) =3000
Speed (Knots) = 43 , Power (kW) =3000
Speed (Knots) = 44 , Power (kW) =3000
Speed (Knots) = 45 , Power (kW) =3000
Speed (Knots) = 46 , Power (kW) =3000
Speed (Knots) = 47 , Power (kW) =3000
Speed (Knots) = 48 , Power (kW) =3000
Speed (Knots) = 49 , Power (kW) =0
Speed (Knots) = 50 , Power (kW) =0
Speed (Knots) = 51 , Power (kW) =0
Speed (Knots) = 52 , Power (kW) =0
Speed (Knots) = 53 , Power (kW) =0
Speed (Knots) = 54 , Power (kW) =0
Speed (Knots) = 55 , Power (kW) =0
Speed (Knots) = 56 , Power (kW) =0
Speed (Knots) = 57 , Power (kW) =0
Speed (Knots) = 58 , Power (kW) =0
Speed (Knots) = 59 , Power (kW) =0
Speed (Knots) = 60 , Power (kW) =0
The scale is 1.0
Wind power at 10 knots in kilowatts is 207.0
Wind power in-cut-out test 0.0
Aging
Class name:edu.pitt.cs.people.guy.wind.benchmarks.Aging
Success: /Noise_Allowed_Time_Definitions_All_Stations.csv found.
The station is the record is KSAC
Success: /Noise_Allowed_Time_Definitions_All_Stations.csv found.
The station is the record is KSAC
I have found the membership file for NOT WINDY.
Windspeed (knots) [0,1), Membership Value =1.00000000,1.0
Windspeed (knots) [1,2), Membership Value =0.99973311,0.9997331
Windspeed (knots) [2,3), Membership Value =0.99693987,0.9969399
Windspeed (knots) [3,4), Membership Value =0.98644995,0.98644996
Windspeed (knots) [4,5), Membership Value =0.96259099,0.962591
Windspeed (knots) [5,6), Membership Value =0.92142306,0.9214231
Windspeed (knots) [6,7), Membership Value =0.86200159,0.8620016
Windspeed (knots) [7,8), Membership Value =0.78174397,0.78174394
Windspeed (knots) [8,9), Membership Value =0.68863577,0.68863577
Windspeed (knots) [9,10), Membership Value =0.58899832,0.5889983
Windspeed (knots) [10,11), Membership Value =0.48746724,0.48746723
Windspeed (knots) [11,12), Membership Value =0.38885905,0.38885906
Windspeed (knots) [12,13), Membership Value =0.29687558,0.29687557
Windspeed (knots) [13,14), Membership Value =0.21325590,0.2132559
Windspeed (knots) [14,15), Membership Value =0.13810953,0.13810953
Windspeed (knots) [15,16), Membership Value =0.07087199,0.07087199
Windspeed (knots) [16,17), Membership Value =0.01076194,0.01076194
Windspeed (knots) [17,18), Membership Value =0.00000000,0.0
Windspeed (knots) [18,19), Membership Value =0.00000000,0.0
Windspeed (knots) [19,20), Membership Value =0.00000000,0.0
Windspeed (knots) [20,21), Membership Value =0.00000000,0.0
Windspeed (knots) [21,22), Membership Value =0.00000000,0.0
Windspeed (knots) [22,23), Membership Value =0.00000000,0.0
Windspeed (knots) [23,24), Membership Value =0.00000000,0.0
Windspeed (knots) [24,25), Membership Value =0.00000000,0.0
Windspeed (knots) [25,26), Membership Value =0.00000000,0.0
Windspeed (knots) [26,27), Membership Value =0.00000000,0.0
Windspeed (knots) [27,28), Membership Value =0.00000000,0.0
Windspeed (knots) [28,29), Membership Value =0.00000000,0.0
Windspeed (knots) [29,30), Membership Value =0.00000000,0.0
Windspeed (knots) [30,31), Membership Value =0.00000000,0.0
Windspeed (knots) [31,32), Membership Value =0.00000000,0.0
Windspeed (knots) [32,33), Membership Value =0.00000000,0.0
Windspeed (knots) [33,34), Membership Value =0.00000000,0.0
Windspeed (knots) [34,35), Membership Value =0.00000000,0.0
Windspeed (knots) [35,36), Membership Value =0.00000000,0.0
Windspeed (knots) [36,37), Membership Value =0.00000000,0.0
Windspeed (knots) [37,38), Membership Value =0.00000000,0.0
Windspeed (knots) [38,39), Membership Value =0.00000000,0.0
Windspeed (knots) [39,40), Membership Value =0.00000000,0.0
Windspeed (knots) [40,41), Membership Value =0.00000000,0.0
Windspeed (knots) [41,42), Membership Value =0.00000000,0.0
Windspeed (knots) [42,43), Membership Value =0.00000000,0.0
Windspeed (knots) [43,44), Membership Value =0.00000000,0.0
Windspeed (knots) [44,45), Membership Value =0.00000000,0.0
Windspeed (knots) [45,46), Membership Value =0.00000000,0.0
Windspeed (knots) [46,47), Membership Value =0.00000000,0.0
Windspeed (knots) [47,48), Membership Value =0.00000000,0.0
Windspeed (knots) [48,49), Membership Value =0.00000000,0.0
Windspeed (knots) [49,50), Membership Value =0.00000000,0.0
Windspeed (knots) [50,51), Membership Value =0.00000000,0.0
Windspeed (knots) [51,52), Membership Value =0.00000000,0.0
Windspeed (knots) [52,53), Membership Value =0.00000000,0.0
Windspeed (knots) [53,54), Membership Value =0.00000000,0.0
Windspeed (knots) [54,55), Membership Value =0.00000000,0.0
Windspeed (knots) [55,56), Membership Value =0.00000000,0.0
Windspeed (knots) [56,57), Membership Value =0.00000000,0.0
Windspeed (knots) [57,58), Membership Value =0.00000000,0.0
Windspeed (knots) [58,59), Membership Value =0.00000000,0.0
Windspeed (knots) [59,60), Membership Value =0.00000000,0.0
Windspeed (knots) [60,61), Membership Value =0.00000000,0.0
Windspeed (knots) [61,62), Membership Value =0.00000000,0.0
Windspeed (knots) [62,63), Membership Value =0.00000000,0.0
Windspeed (knots) [63,64), Membership Value =0.00000000,0.0
Windspeed (knots) [64,65), Membership Value =0.00000000,0.0
Windspeed (knots) [65,66), Membership Value =0.00000000,0.0
Windspeed (knots) [66,67), Membership Value =0.00000000,0.0
Windspeed (knots) [67,68), Membership Value =0.00000000,0.0
Windspeed (knots) [68,69), Membership Value =0.00000000,0.0
Windspeed (knots) [69,70), Membership Value =0.00000000,0.0
Windspeed (knots) [70,71), Membership Value =0.00000000,0.0
Windspeed (knots) [71,72), Membership Value =0.00000000,0.0
Windspeed (knots) [72,73), Membership Value =0.00000000,0.0
Windspeed (knots) [73,74), Membership Value =0.00000000,0.0
Windspeed (knots) [74,75), Membership Value =0.00000000,0.0
Windspeed (knots) [75,76), Membership Value =0.00000000,0.0
Windspeed (knots) [76,77), Membership Value =0.00000000,0.0
Windspeed (knots) [77,78), Membership Value =0.00000000,0.0
Windspeed (knots) [78,79), Membership Value =0.00000000,0.0
Windspeed (knots) [79,80), Membership Value =0.00000000,0.0
Windspeed (knots) [80,81), Membership Value =0.00000000,0.0
Windspeed (knots) [81,82), Membership Value =0.00000000,0.0
Windspeed (knots) [82,83), Membership Value =0.00000000,0.0
Windspeed (knots) [83,84), Membership Value =0.00000000,0.0
Windspeed (knots) [84,85), Membership Value =0.00000000,0.0
Windspeed (knots) [85,86), Membership Value =0.00000000,0.0
Windspeed (knots) [86,87), Membership Value =0.00000000,0.0
Windspeed (knots) [87,88), Membership Value =0.00000000,0.0
Windspeed (knots) [88,89), Membership Value =0.00000000,0.0
Windspeed (knots) [89,90), Membership Value =0.00000000,0.0
Windspeed (knots) [90,91), Membership Value =0.00000000,0.0
Windspeed (knots) [91,92), Membership Value =0.00000000,0.0
Windspeed (knots) [92,93), Membership Value =0.00000000,0.0
Windspeed (knots) [93,94), Membership Value =0.00000000,0.0
Windspeed (knots) [94,95), Membership Value =0.00000000,0.0
Windspeed (knots) [95,96), Membership Value =0.00000000,0.0
Windspeed (knots) [96,97), Membership Value =0.00000000,0.0
Windspeed (knots) [97,98), Membership Value =0.00000000,0.0
Windspeed (knots) [98,99), Membership Value =0.00000000,0.0
Windspeed (knots) [99,100), Membership Value =0.00000000,0.0
Windspeed (knots) [100,101), Membership Value =0.00000000,0.0
Windspeed (knots) [101,102), Membership Value =0.00000000,0.0
Windspeed (knots) [102,103), Membership Value =0.00000000,0.0
Windspeed (knots) [103,104), Membership Value =0.00000000,0.0
Windspeed (knots) [104,105), Membership Value =0.00000000,0.0
Windspeed (knots) [105,106), Membership Value =0.00000000,0.0
Windspeed (knots) [106,107), Membership Value =0.00000000,0.0
Windspeed (knots) [107,108), Membership Value =0.00000000,0.0
Windspeed (knots) [108,109), Membership Value =0.00000000,0.0
Windspeed (knots) [109,110), Membership Value =0.00000000,0.0
Windspeed (knots) [110,111), Membership Value =0.00000000,0.0
Windspeed (knots) [111,112), Membership Value =0.00000000,0.0
Windspeed (knots) [112,113), Membership Value =0.00000000,0.0
Windspeed (knots) [113,114), Membership Value =0.00000000,0.0
Windspeed (knots) [114,115), Membership Value =0.00000000,0.0
Windspeed (knots) [115,116), Membership Value =0.00000000,0.0
Windspeed (knots) [116,117), Membership Value =0.00000000,0.0
Windspeed (knots) [117,118), Membership Value =0.00000000,0.0
Windspeed (knots) [118,119), Membership Value =0.00000000,0.0
Windspeed (knots) [119,120), Membership Value =0.00000000,0.0
Windspeed (knots) [120,121), Membership Value =0.00000000,0.0
Windspeed (knots) [121,122), Membership Value =0.00000000,0.0
Windspeed (knots) [122,123), Membership Value =0.00000000,0.0
Windspeed (knots) [123,124), Membership Value =0.00000000,0.0
Windspeed (knots) [124,125), Membership Value =0.00000000,0.0
LowestWindspeedThatIsWindyKnots for station KSAC is 6 knots.
Transition limited :true
bUseWeatherPrediction: true
The running average is 1
The y-int is 6
Energy harvested: 1238237.7200000242
iGeneratingEnergyWhenGridNeedsEnergyMinutes =286272
iGeneratingEnergyWhenGridNeedsEnergyMinutes =286272
iUsingEnergyWhenGridNeedsEnergyMinutes =1998
iGeneratingEnergyWhenGridHasExcessEnergyMinutes = 3129
iUsingEnergyWhenGridHasExcessEnergyMinutes = 119
iIdleWhenGridDoesNotNeedEnergyMinutes = 42832
iIdleWhenGridNeedsEnergyMinutes = 4399012
iEnergyPriceIsZeroMinutes = 240
harvester.getEnergyHarvestedAVAILABLEKilowattHours( ): 6023616.266666667
harvester.getEnergyHarvestedKilowattHours(): 1238237.7200000242
The y-int is 16
Energy harvested: 1807037.328333348
iGeneratingEnergyWhenGridNeedsEnergyMinutes =316142
iGeneratingEnergyWhenGridNeedsEnergyMinutes =316142
iUsingEnergyWhenGridNeedsEnergyMinutes =921
iGeneratingEnergyWhenGridHasExcessEnergyMinutes = 2128
iUsingEnergyWhenGridHasExcessEnergyMinutes = 40
iIdleWhenGridDoesNotNeedEnergyMinutes = 43912
iIdleWhenGridNeedsEnergyMinutes = 4370219
iEnergyPriceIsZeroMinutes = 240
harvester.getEnergyHarvestedAVAILABLEKilowattHours( ): 6023616.266666667
harvester.getEnergyHarvestedKilowattHours(): 1807037.328333348
The y-int is 26
Energy harvested: 1307021.33583336
iGeneratingEnergyWhenGridNeedsEnergyMinutes =304666
iGeneratingEnergyWhenGridNeedsEnergyMinutes =304666
iUsingEnergyWhenGridNeedsEnergyMinutes =2030
iGeneratingEnergyWhenGridHasExcessEnergyMinutes = 2348
iUsingEnergyWhenGridHasExcessEnergyMinutes = 40
iIdleWhenGridDoesNotNeedEnergyMinutes = 43692
iIdleWhenGridNeedsEnergyMinutes = 4380586
iEnergyPriceIsZeroMinutes = 240
harvester.getEnergyHarvestedAVAILABLEKilowattHours( ): 6023616.266666667
harvester.getEnergyHarvestedKilowattHours(): 1307021.33583336
The y-int is 36
Energy harvested: 1299019.8208333605
iGeneratingEnergyWhenGridNeedsEnergyMinutes =301840
iGeneratingEnergyWhenGridNeedsEnergyMinutes =301840
iUsingEnergyWhenGridNeedsEnergyMinutes =2063
iGeneratingEnergyWhenGridHasExcessEnergyMinutes = 2599
iUsingEnergyWhenGridHasExcessEnergyMinutes = 60
iIdleWhenGridDoesNotNeedEnergyMinutes = 43421
iIdleWhenGridNeedsEnergyMinutes = 4383379
iEnergyPriceIsZeroMinutes = 240
harvester.getEnergyHarvestedAVAILABLEKilowattHours( ): 6023616.266666667
harvester.getEnergyHarvestedKilowattHours(): 1299019.8208333605
The running average is 31
The y-int is 6
Energy harvested: 1260477.410277802
iGeneratingEnergyWhenGridNeedsEnergyMinutes =292330
iGeneratingEnergyWhenGridNeedsEnergyMinutes =292330
iUsingEnergyWhenGridNeedsEnergyMinutes =2006
iGeneratingEnergyWhenGridHasExcessEnergyMinutes = 3172
iUsingEnergyWhenGridHasExcessEnergyMinutes = 59
iIdleWhenGridDoesNotNeedEnergyMinutes = 42849
iIdleWhenGridNeedsEnergyMinutes = 4392946
iEnergyPriceIsZeroMinutes = 240
harvester.getEnergyHarvestedAVAILABLEKilowattHours( ): 6023616.266666667
harvester.getEnergyHarvestedKilowattHours(): 1260477.410277802
The y-int is 16
Energy harvested: 1562259.9858333494
iGeneratingEnergyWhenGridNeedsEnergyMinutes =307749
iGeneratingEnergyWhenGridNeedsEnergyMinutes =307749
iUsingEnergyWhenGridNeedsEnergyMinutes =1414
iGeneratingEnergyWhenGridHasExcessEnergyMinutes = 1999
iUsingEnergyWhenGridHasExcessEnergyMinutes = 60
iIdleWhenGridDoesNotNeedEnergyMinutes = 44021
iIdleWhenGridNeedsEnergyMinutes = 4378119
iEnergyPriceIsZeroMinutes = 240
harvester.getEnergyHarvestedAVAILABLEKilowattHours( ): 6023616.266666667
harvester.getEnergyHarvestedKilowattHours(): 1562259.9858333494
The y-int is 26
Energy harvested: 1299019.8208333605
iGeneratingEnergyWhenGridNeedsEnergyMinutes =301840
iGeneratingEnergyWhenGridNeedsEnergyMinutes =301840
iUsingEnergyWhenGridNeedsEnergyMinutes =2063
iGeneratingEnergyWhenGridHasExcessEnergyMinutes = 2599
iUsingEnergyWhenGridHasExcessEnergyMinutes = 60
iIdleWhenGridDoesNotNeedEnergyMinutes = 43421
iIdleWhenGridNeedsEnergyMinutes = 4383379
iEnergyPriceIsZeroMinutes = 240
harvester.getEnergyHarvestedAVAILABLEKilowattHours( ): 6023616.266666667
harvester.getEnergyHarvestedKilowattHours(): 1299019.8208333605
The y-int is 36
Energy harvested: 1299019.8208333605
iGeneratingEnergyWhenGridNeedsEnergyMinutes =301840
iGeneratingEnergyWhenGridNeedsEnergyMinutes =301840
iUsingEnergyWhenGridNeedsEnergyMinutes =2063
iGeneratingEnergyWhenGridHasExcessEnergyMinutes = 2599
iUsingEnergyWhenGridHasExcessEnergyMinutes = 60
iIdleWhenGridDoesNotNeedEnergyMinutes = 43421
iIdleWhenGridNeedsEnergyMinutes = 4383379
iEnergyPriceIsZeroMinutes = 240
harvester.getEnergyHarvestedAVAILABLEKilowattHours( ): 6023616.266666667
harvester.getEnergyHarvestedKilowattHours(): 1299019.8208333605
The running average is 61
The y-int is 6
Energy harvested: 1266336.5413889133
iGeneratingEnergyWhenGridNeedsEnergyMinutes =293922
iGeneratingEnergyWhenGridNeedsEnergyMinutes =293922
iUsingEnergyWhenGridNeedsEnergyMinutes =2014
iGeneratingEnergyWhenGridHasExcessEnergyMinutes = 3171
iUsingEnergyWhenGridHasExcessEnergyMinutes = 58
iIdleWhenGridDoesNotNeedEnergyMinutes = 42851
iIdleWhenGridNeedsEnergyMinutes = 4391346
iEnergyPriceIsZeroMinutes = 240
harvester.getEnergyHarvestedAVAILABLEKilowattHours( ): 6023616.266666667
harvester.getEnergyHarvestedKilowattHours(): 1266336.5413889133
The y-int is 16
Energy harvested: 1466448.621388906
iGeneratingEnergyWhenGridNeedsEnergyMinutes =300273
iGeneratingEnergyWhenGridNeedsEnergyMinutes =300273
iUsingEnergyWhenGridNeedsEnergyMinutes =1527
iGeneratingEnergyWhenGridHasExcessEnergyMinutes = 1817
iUsingEnergyWhenGridHasExcessEnergyMinutes = 60
iIdleWhenGridDoesNotNeedEnergyMinutes = 44203
iIdleWhenGridNeedsEnergyMinutes = 4385482
iEnergyPriceIsZeroMinutes = 240
harvester.getEnergyHarvestedAVAILABLEKilowattHours( ): 6023616.266666667
harvester.getEnergyHarvestedKilowattHours(): 1466448.621388906
The y-int is 26
Energy harvested: 1299019.8208333605
iGeneratingEnergyWhenGridNeedsEnergyMinutes =301840
iGeneratingEnergyWhenGridNeedsEnergyMinutes =301840
iUsingEnergyWhenGridNeedsEnergyMinutes =2063
iGeneratingEnergyWhenGridHasExcessEnergyMinutes = 2599
iUsingEnergyWhenGridHasExcessEnergyMinutes = 60
iIdleWhenGridDoesNotNeedEnergyMinutes = 43421
iIdleWhenGridNeedsEnergyMinutes = 4383379
iEnergyPriceIsZeroMinutes = 240
harvester.getEnergyHarvestedAVAILABLEKilowattHours( ): 6023616.266666667
harvester.getEnergyHarvestedKilowattHours(): 1299019.8208333605
The y-int is 36
Energy harvested: 1299019.8208333605
iGeneratingEnergyWhenGridNeedsEnergyMinutes =301840
iGeneratingEnergyWhenGridNeedsEnergyMinutes =301840
iUsingEnergyWhenGridNeedsEnergyMinutes =2063
iGeneratingEnergyWhenGridHasExcessEnergyMinutes = 2599
iUsingEnergyWhenGridHasExcessEnergyMinutes = 60
iIdleWhenGridDoesNotNeedEnergyMinutes = 43421
iIdleWhenGridNeedsEnergyMinutes = 4383379
iEnergyPriceIsZeroMinutes = 240
harvester.getEnergyHarvestedAVAILABLEKilowattHours( ): 6023616.266666667
harvester.getEnergyHarvestedKilowattHours(): 1299019.8208333605
The running average is 91
The y-int is 6
Energy harvested: 1268042.4886111356
iGeneratingEnergyWhenGridNeedsEnergyMinutes =293724
iGeneratingEnergyWhenGridNeedsEnergyMinutes =293724
iUsingEnergyWhenGridNeedsEnergyMinutes =2006
iGeneratingEnergyWhenGridHasExcessEnergyMinutes = 3157
iUsingEnergyWhenGridHasExcessEnergyMinutes = 77
iIdleWhenGridDoesNotNeedEnergyMinutes = 42846
iIdleWhenGridNeedsEnergyMinutes = 4391552
iEnergyPriceIsZeroMinutes = 240
harvester.getEnergyHarvestedAVAILABLEKilowattHours( ): 6023616.266666667
harvester.getEnergyHarvestedKilowattHours(): 1268042.4886111356
The y-int is 16
Energy harvested: 1465370.3450000186
iGeneratingEnergyWhenGridNeedsEnergyMinutes =299760
iGeneratingEnergyWhenGridNeedsEnergyMinutes =299760
iUsingEnergyWhenGridNeedsEnergyMinutes =1619
iGeneratingEnergyWhenGridHasExcessEnergyMinutes = 2659
iUsingEnergyWhenGridHasExcessEnergyMinutes = 60
iIdleWhenGridDoesNotNeedEnergyMinutes = 43361
iIdleWhenGridNeedsEnergyMinutes = 4385903
iEnergyPriceIsZeroMinutes = 240
harvester.getEnergyHarvestedAVAILABLEKilowattHours( ): 6023616.266666667
harvester.getEnergyHarvestedKilowattHours(): 1465370.3450000186
The y-int is 26
Energy harvested: 1299019.8208333605
iGeneratingEnergyWhenGridNeedsEnergyMinutes =301840
iGeneratingEnergyWhenGridNeedsEnergyMinutes =301840
iUsingEnergyWhenGridNeedsEnergyMinutes =2063
iGeneratingEnergyWhenGridHasExcessEnergyMinutes = 2599
iUsingEnergyWhenGridHasExcessEnergyMinutes = 60
iIdleWhenGridDoesNotNeedEnergyMinutes = 43421
iIdleWhenGridNeedsEnergyMinutes = 4383379
iEnergyPriceIsZeroMinutes = 240
harvester.getEnergyHarvestedAVAILABLEKilowattHours( ): 6023616.266666667
harvester.getEnergyHarvestedKilowattHours(): 1299019.8208333605
The y-int is 36
Energy harvested: 1299019.8208333605
iGeneratingEnergyWhenGridNeedsEnergyMinutes =301840
iGeneratingEnergyWhenGridNeedsEnergyMinutes =301840
iUsingEnergyWhenGridNeedsEnergyMinutes =2063
iGeneratingEnergyWhenGridHasExcessEnergyMinutes = 2599
iUsingEnergyWhenGridHasExcessEnergyMinutes = 60
iIdleWhenGridDoesNotNeedEnergyMinutes = 43421
iIdleWhenGridNeedsEnergyMinutes = 4383379
iEnergyPriceIsZeroMinutes = 240
harvester.getEnergyHarvestedAVAILABLEKilowattHours( ): 6023616.266666667
harvester.getEnergyHarvestedKilowattHours(): 1299019.8208333605
The running average is 121
The y-int is 6
Energy harvested: 1279428.3955555803
iGeneratingEnergyWhenGridNeedsEnergyMinutes =295448
iGeneratingEnergyWhenGridNeedsEnergyMinutes =295448
iUsingEnergyWhenGridNeedsEnergyMinutes =1953
iGeneratingEnergyWhenGridHasExcessEnergyMinutes = 3137
iUsingEnergyWhenGridHasExcessEnergyMinutes = 98
iIdleWhenGridDoesNotNeedEnergyMinutes = 42845
iIdleWhenGridNeedsEnergyMinutes = 4389881
iEnergyPriceIsZeroMinutes = 240
harvester.getEnergyHarvestedAVAILABLEKilowattHours( ): 6023616.266666667
harvester.getEnergyHarvestedKilowattHours(): 1279428.3955555803
The y-int is 16
Energy harvested: 1492463.6055555774
iGeneratingEnergyWhenGridNeedsEnergyMinutes =300162
iGeneratingEnergyWhenGridNeedsEnergyMinutes =300162
iUsingEnergyWhenGridNeedsEnergyMinutes =1704
iGeneratingEnergyWhenGridHasExcessEnergyMinutes = 2659
iUsingEnergyWhenGridHasExcessEnergyMinutes = 60
iIdleWhenGridDoesNotNeedEnergyMinutes = 43361
iIdleWhenGridNeedsEnergyMinutes = 4385416
iEnergyPriceIsZeroMinutes = 240
harvester.getEnergyHarvestedAVAILABLEKilowattHours( ): 6023616.266666667
harvester.getEnergyHarvestedKilowattHours(): 1492463.6055555774
The y-int is 26
Energy harvested: 1299019.8208333605
iGeneratingEnergyWhenGridNeedsEnergyMinutes =301840
iGeneratingEnergyWhenGridNeedsEnergyMinutes =301840
iUsingEnergyWhenGridNeedsEnergyMinutes =2063
iGeneratingEnergyWhenGridHasExcessEnergyMinutes = 2599
iUsingEnergyWhenGridHasExcessEnergyMinutes = 60
iIdleWhenGridDoesNotNeedEnergyMinutes = 43421
iIdleWhenGridNeedsEnergyMinutes = 4383379
iEnergyPriceIsZeroMinutes = 240
harvester.getEnergyHarvestedAVAILABLEKilowattHours( ): 6023616.266666667
harvester.getEnergyHarvestedKilowattHours(): 1299019.8208333605
The y-int is 36
Energy harvested: 1299019.8208333605
iGeneratingEnergyWhenGridNeedsEnergyMinutes =301840
iGeneratingEnergyWhenGridNeedsEnergyMinutes =301840
iUsingEnergyWhenGridNeedsEnergyMinutes =2063
iGeneratingEnergyWhenGridHasExcessEnergyMinutes = 2599
iUsingEnergyWhenGridHasExcessEnergyMinutes = 60
iIdleWhenGridDoesNotNeedEnergyMinutes = 43421
iIdleWhenGridNeedsEnergyMinutes = 4383379
iEnergyPriceIsZeroMinutes = 240
harvester.getEnergyHarvestedAVAILABLEKilowattHours( ): 6023616.266666667
harvester.getEnergyHarvestedKilowattHours(): 1299019.8208333605
Beginning testing mode:
station,&,y_intercept_for_month_1,&,running_average_size_minutes_for_month_1,&,y_intercept_for_month_2,&,running_average_size_minutes_for_month_2,&,y_intercept_for_month_3,&,running_average_size_minutes_for_month_3,&,y_intercept_for_month_4,&,running_average_size_minutes_for_month_4,&,y_intercept_for_month_5,&,running_average_size_minutes_for_month_5,&,y_intercept_for_month_6,&,running_average_size_minutes_for_month_6,&,y_intercept_for_month_7,&,running_average_size_minutes_for_month_7,&,y_intercept_for_month_8,&,running_average_size_minutes_for_month_8,&,y_intercept_for_month_9,&,running_average_size_minutes_for_month_9,&,y_intercept_for_month_10,&,running_average_size_minutes_for_month_10,&,y_intercept_for_month_11,&,running_average_size_minutes_for_month_11,&,y_intercept_for_month_12,&,running_average_size_minutes_for_month_12,&,dNetNorm,&,dMarketBalancePercentage,&,dMarketNetNorm,
results: KSAC,&,16,&,1,&,16,&,1,&,16,&,1,&,26,&,1,&,16,&,31,&,16,&,1,&,26,&,1,&,6,&,1,&,16,&,1,&,16,&,1,&,16,&,1,&,6,&,1,&,0.2619395775876629,&,0.9698873967271683,&,0.2540518950063125
monthly visible minutes:KSAC,&,2013,&,8672,&,8672,&,8672,&,8672,&,8672,&,8672,&,8672,&,8672,&,8672,&,8672,&,8672,&,8672,&,
monthly visible minutes:KSAC,&,2014,&,8672,&,8672,&,8672,&,8672,&,8672,&,8672,&,8672,&,8672,&,8672,&,8672,&,8672,&,8672,&,
monthly minutes harvester between states:KSAC,&,2013,&,38,&,38,&,38,&,38,&,38,&,38,&,38,&,38,&,38,&,38,&,38,&,38,&,
monthly minutes harvester between states:KSAC,&,2014,&,38,&,38,&,38,&,38,&,38,&,38,&,38,&,38,&,38,&,38,&,38,&,38,&,
station,&,y_intercept_for_month_1,&,running_average_size_minutes_for_month_1,&,y_intercept_for_month_2,&,running_average_size_minutes_for_month_2,&,y_intercept_for_month_3,&,running_average_size_minutes_for_month_3,&,y_intercept_for_month_4,&,running_average_size_minutes_for_month_4,&,y_intercept_for_month_5,&,running_average_size_minutes_for_month_5,&,y_intercept_for_month_6,&,running_average_size_minutes_for_month_6,&,y_intercept_for_month_7,&,running_average_size_minutes_for_month_7,&,y_intercept_for_month_8,&,running_average_size_minutes_for_month_8,&,y_intercept_for_month_9,&,running_average_size_minutes_for_month_9,&,y_intercept_for_month_10,&,running_average_size_minutes_for_month_10,&,y_intercept_for_month_11,&,running_average_size_minutes_for_month_11,&,y_intercept_for_month_12,&,running_average_size_minutes_for_month_12,&,dNetNorm,&,dMarketBalancePercentage,&,dMarketNetNorm,
results: KSAC,&,16,&,1,&,16,&,1,&,16,&,1,&,26,&,1,&,16,&,31,&,16,&,1,&,26,&,1,&,6,&,1,&,16,&,1,&,16,&,1,&,16,&,1,&,6,&,1,&,0.2619395775876629,&,0.9698873967271683,&,0.2540518950063125
monthly visible minutes:KSAC,&,2013,&,8672,&,8672,&,8672,&,8672,&,8672,&,8672,&,8672,&,8672,&,8672,&,8672,&,8672,&,8672,&,
monthly visible minutes:KSAC,&,2014,&,8672,&,8672,&,8672,&,8672,&,8672,&,8672,&,8672,&,8672,&,8672,&,8672,&,8672,&,8672,&,
monthly minutes harvester between states:KSAC,&,2013,&,38,&,38,&,38,&,38,&,38,&,38,&,38,&,38,&,38,&,38,&,38,&,38,&,
monthly minutes harvester between states:KSAC,&,2014,&,38,&,38,&,38,&,38,&,38,&,38,&,38,&,38,&,38,&,38,&,38,&,38,&,
Station: KSAN
abc: The current path is /home/guy/retractable-wind
I have found the property file.
The training windspeed filename is /trainingKSAN2004-2012in.csv
The testing windspeed filename is /testingKSAN2013-2014in.csv
Yes, the station is KSAN
Warning: The bAlsoUsePrediction no longer has any effect
iUsedAllItsAllocatedVisibilityMinutesPerMonth: 8760
Visibility Allocation Minutes:8760
HARVESTER_SIZE_SQM is 6362
Reading file
Success: /Wind turbine power curves - wind turbine power output against wind speed in knots.csv found.
Speed (Knots) = Speed(knots) vs power (kW) , Power (kW) =V90
Speed (Knots) = 0 , Power (kW) =0
Speed (Knots) = 1 , Power (kW) =0
Speed (Knots) = 2 , Power (kW) =0
Speed (Knots) = 3 , Power (kW) =0
Speed (Knots) = 4 , Power (kW) =0
Speed (Knots) = 5 , Power (kW) =0
Speed (Knots) = 6 , Power (kW) =0
Speed (Knots) = 7 , Power (kW) =38
Speed (Knots) = 8 , Power (kW) =87
Speed (Knots) = 9 , Power (kW) =141
Speed (Knots) = 10 , Power (kW) =207
Speed (Knots) = 11 , Power (kW) =286
Speed (Knots) = 12 , Power (kW) =382
Speed (Knots) = 13 , Power (kW) =496
Speed (Knots) = 14 , Power (kW) =628
Speed (Knots) = 15 , Power (kW) =781
Speed (Knots) = 16 , Power (kW) =957
Speed (Knots) = 17 , Power (kW) =1153
Speed (Knots) = 18 , Power (kW) =1366
Speed (Knots) = 19 , Power (kW) =1589
Speed (Knots) = 20 , Power (kW) =1814
Speed (Knots) = 21 , Power (kW) =2035
Speed (Knots) = 22 , Power (kW) =2250
Speed (Knots) = 23 , Power (kW) =2452
Speed (Knots) = 24 , Power (kW) =2634
Speed (Knots) = 25 , Power (kW) =2784
Speed (Knots) = 26 , Power (kW) =2888
Speed (Knots) = 27 , Power (kW) =2949
Speed (Knots) = 28 , Power (kW) =2980
Speed (Knots) = 29 , Power (kW) =2993
Speed (Knots) = 30 , Power (kW) =3000
Speed (Knots) = 31 , Power (kW) =3000
Speed (Knots) = 32 , Power (kW) =3000
Speed (Knots) = 33 , Power (kW) =3000
Speed (Knots) = 34 , Power (kW) =3000
Speed (Knots) = 35 , Power (kW) =3000
Speed (Knots) = 36 , Power (kW) =3000
Speed (Knots) = 37 , Power (kW) =3000
Speed (Knots) = 38 , Power (kW) =3000
Speed (Knots) = 39 , Power (kW) =3000
Speed (Knots) = 40 , Power (kW) =3000
Speed (Knots) = 41 , Power (kW) =3000
Speed (Knots) = 42 , Power (kW) =3000
Speed (Knots) = 43 , Power (kW) =3000
Speed (Knots) = 44 , Power (kW) =3000
Speed (Knots) = 45 , Power (kW) =3000
Speed (Knots) = 46 , Power (kW) =3000
Speed (Knots) = 47 , Power (kW) =3000
Speed (Knots) = 48 , Power (kW) =3000
Speed (Knots) = 49 , Power (kW) =0
Speed (Knots) = 50 , Power (kW) =0
Speed (Knots) = 51 , Power (kW) =0
Speed (Knots) = 52 , Power (kW) =0
Speed (Knots) = 53 , Power (kW) =0
Speed (Knots) = 54 , Power (kW) =0
Speed (Knots) = 55 , Power (kW) =0
Speed (Knots) = 56 , Power (kW) =0
Speed (Knots) = 57 , Power (kW) =0
Speed (Knots) = 58 , Power (kW) =0
Speed (Knots) = 59 , Power (kW) =0
Speed (Knots) = 60 , Power (kW) =0
The scale is 1.0
Wind power at 10 knots in kilowatts is 207.0
Wind power in-cut-out test 0.0
Aging
Class name:edu.pitt.cs.people.guy.wind.benchmarks.Aging
Success: /Noise_Allowed_Time_Definitions_All_Stations.csv found.
The station is the record is KSAN
Success: /Noise_Allowed_Time_Definitions_All_Stations.csv found.
The station is the record is KSAN
I have found the membership file for NOT WINDY.
Windspeed (knots) [0,1), Membership Value =1.00000000,1.0
Windspeed (knots) [1,2), Membership Value =0.99969692,0.9996969
Windspeed (knots) [2,3), Membership Value =0.99611795,0.99611795
Windspeed (knots) [3,4), Membership Value =0.98306339,0.9830634
Windspeed (knots) [4,5), Membership Value =0.95248416,0.95248413
Windspeed (knots) [5,6), Membership Value =0.89824335,0.89824337
Windspeed (knots) [6,7), Membership Value =0.81762056,0.8176206
Windspeed (knots) [7,8), Membership Value =0.70590716,0.70590717
Windspeed (knots) [8,9), Membership Value =0.56347230,0.5634723
Windspeed (knots) [9,10), Membership Value =0.40870040,0.4087004
Windspeed (knots) [10,11), Membership Value =0.26055232,0.26055232
Windspeed (knots) [11,12), Membership Value =0.13012901,0.13012901
Windspeed (knots) [12,13), Membership Value =0.03512288,0.03512288
Windspeed (knots) [13,14), Membership Value =0.00000000,0.0
Windspeed (knots) [14,15), Membership Value =0.00000000,0.0
Windspeed (knots) [15,16), Membership Value =0.00000000,0.0
Windspeed (knots) [16,17), Membership Value =0.00000000,0.0
Windspeed (knots) [17,18), Membership Value =0.00000000,0.0
Windspeed (knots) [18,19), Membership Value =0.00000000,0.0
Windspeed (knots) [19,20), Membership Value =0.00000000,0.0
Windspeed (knots) [20,21), Membership Value =0.00000000,0.0
Windspeed (knots) [21,22), Membership Value =0.00000000,0.0
Windspeed (knots) [22,23), Membership Value =0.00000000,0.0
Windspeed (knots) [23,24), Membership Value =0.00000000,0.0
Windspeed (knots) [24,25), Membership Value =0.00000000,0.0
Windspeed (knots) [25,26), Membership Value =0.00000000,0.0
Windspeed (knots) [26,27), Membership Value =0.00000000,0.0
Windspeed (knots) [27,28), Membership Value =0.00000000,0.0
Windspeed (knots) [28,29), Membership Value =0.00000000,0.0
Windspeed (knots) [29,30), Membership Value =0.00000000,0.0
Windspeed (knots) [30,31), Membership Value =0.00000000,0.0
Windspeed (knots) [31,32), Membership Value =0.00000000,0.0
Windspeed (knots) [32,33), Membership Value =0.00000000,0.0
Windspeed (knots) [33,34), Membership Value =0.00000000,0.0
Windspeed (knots) [34,35), Membership Value =0.00000000,0.0
Windspeed (knots) [35,36), Membership Value =0.00000000,0.0
Windspeed (knots) [36,37), Membership Value =0.00000000,0.0
Windspeed (knots) [37,38), Membership Value =0.00000000,0.0
Windspeed (knots) [38,39), Membership Value =0.00000000,0.0
Windspeed (knots) [39,40), Membership Value =0.00000000,0.0
Windspeed (knots) [40,41), Membership Value =0.00000000,0.0
Windspeed (knots) [41,42), Membership Value =0.00000000,0.0
Windspeed (knots) [42,43), Membership Value =0.00000000,0.0
Windspeed (knots) [43,44), Membership Value =0.00000000,0.0
Windspeed (knots) [44,45), Membership Value =0.00000000,0.0
Windspeed (knots) [45,46), Membership Value =0.00000000,0.0
Windspeed (knots) [46,47), Membership Value =0.00000000,0.0
Windspeed (knots) [47,48), Membership Value =0.00000000,0.0
Windspeed (knots) [48,49), Membership Value =0.00000000,0.0
Windspeed (knots) [49,50), Membership Value =0.00000000,0.0
Windspeed (knots) [50,51), Membership Value =0.00000000,0.0
Windspeed (knots) [51,52), Membership Value =0.00000000,0.0
Windspeed (knots) [52,53), Membership Value =0.00000000,0.0
Windspeed (knots) [53,54), Membership Value =0.00000000,0.0
Windspeed (knots) [54,55), Membership Value =0.00000000,0.0
Windspeed (knots) [55,56), Membership Value =0.00000000,0.0
Windspeed (knots) [56,57), Membership Value =0.00000000,0.0
Windspeed (knots) [57,58), Membership Value =0.00000000,0.0
Windspeed (knots) [58,59), Membership Value =0.00000000,0.0
Windspeed (knots) [59,60), Membership Value =0.00000000,0.0
Windspeed (knots) [60,61), Membership Value =0.00000000,0.0
Windspeed (knots) [61,62), Membership Value =0.00000000,0.0
Windspeed (knots) [62,63), Membership Value =0.00000000,0.0
Windspeed (knots) [63,64), Membership Value =0.00000000,0.0
Windspeed (knots) [64,65), Membership Value =0.00000000,0.0
Windspeed (knots) [65,66), Membership Value =0.00000000,0.0
Windspeed (knots) [66,67), Membership Value =0.00000000,0.0
Windspeed (knots) [67,68), Membership Value =0.00000000,0.0
Windspeed (knots) [68,69), Membership Value =0.00000000,0.0
Windspeed (knots) [69,70), Membership Value =0.00000000,0.0
Windspeed (knots) [70,71), Membership Value =0.00000000,0.0
Windspeed (knots) [71,72), Membership Value =0.00000000,0.0
Windspeed (knots) [72,73), Membership Value =0.00000000,0.0
Windspeed (knots) [73,74), Membership Value =0.00000000,0.0
Windspeed (knots) [74,75), Membership Value =0.00000000,0.0
Windspeed (knots) [75,76), Membership Value =0.00000000,0.0
Windspeed (knots) [76,77), Membership Value =0.00000000,0.0
Windspeed (knots) [77,78), Membership Value =0.00000000,0.0
Windspeed (knots) [78,79), Membership Value =0.00000000,0.0
Windspeed (knots) [79,80), Membership Value =0.00000000,0.0
Windspeed (knots) [80,81), Membership Value =0.00000000,0.0
Windspeed (knots) [81,82), Membership Value =0.00000000,0.0
Windspeed (knots) [82,83), Membership Value =0.00000000,0.0
Windspeed (knots) [83,84), Membership Value =0.00000000,0.0
Windspeed (knots) [84,85), Membership Value =0.00000000,0.0
Windspeed (knots) [85,86), Membership Value =0.00000000,0.0
Windspeed (knots) [86,87), Membership Value =0.00000000,0.0
Windspeed (knots) [87,88), Membership Value =0.00000000,0.0
Windspeed (knots) [88,89), Membership Value =0.00000000,0.0
Windspeed (knots) [89,90), Membership Value =0.00000000,0.0
Windspeed (knots) [90,91), Membership Value =0.00000000,0.0
Windspeed (knots) [91,92), Membership Value =0.00000000,0.0
Windspeed (knots) [92,93), Membership Value =0.00000000,0.0
Windspeed (knots) [93,94), Membership Value =0.00000000,0.0
Windspeed (knots) [94,95), Membership Value =0.00000000,0.0
Windspeed (knots) [95,96), Membership Value =0.00000000,0.0
Windspeed (knots) [96,97), Membership Value =0.00000000,0.0
Windspeed (knots) [97,98), Membership Value =0.00000000,0.0
Windspeed (knots) [98,99), Membership Value =0.00000000,0.0
Windspeed (knots) [99,100), Membership Value =0.00000000,0.0
Windspeed (knots) [100,101), Membership Value =0.00000000,0.0
Windspeed (knots) [101,102), Membership Value =0.00000000,0.0
Windspeed (knots) [102,103), Membership Value =0.00000000,0.0
Windspeed (knots) [103,104), Membership Value =0.00000000,0.0
Windspeed (knots) [104,105), Membership Value =0.00000000,0.0
Windspeed (knots) [105,106), Membership Value =0.00000000,0.0
Windspeed (knots) [106,107), Membership Value =0.00000000,0.0
Windspeed (knots) [107,108), Membership Value =0.00000000,0.0
Windspeed (knots) [108,109), Membership Value =0.00000000,0.0
Windspeed (knots) [109,110), Membership Value =0.00000000,0.0
Windspeed (knots) [110,111), Membership Value =0.00000000,0.0
Windspeed (knots) [111,112), Membership Value =0.00000000,0.0
Windspeed (knots) [112,113), Membership Value =0.00000000,0.0
Windspeed (knots) [113,114), Membership Value =0.00000000,0.0
Windspeed (knots) [114,115), Membership Value =0.00000000,0.0
Windspeed (knots) [115,116), Membership Value =0.00000000,0.0
Windspeed (knots) [116,117), Membership Value =0.00000000,0.0
Windspeed (knots) [117,118), Membership Value =0.00000000,0.0
Windspeed (knots) [118,119), Membership Value =0.00000000,0.0
Windspeed (knots) [119,120), Membership Value =0.00000000,0.0
Windspeed (knots) [120,121), Membership Value =0.00000000,0.0
Windspeed (knots) [121,122), Membership Value =0.00000000,0.0
Windspeed (knots) [122,123), Membership Value =0.00000000,0.0
Windspeed (knots) [123,124), Membership Value =0.00000000,0.0
Windspeed (knots) [124,125), Membership Value =0.00000000,0.0
LowestWindspeedThatIsWindyKnots for station KSAN is 5 knots.
Transition limited :true
bUseWeatherPrediction: true
The running average is 1
The y-int is 5
Energy harvested: 826119.8175000213
iGeneratingEnergyWhenGridNeedsEnergyMinutes =301211
iGeneratingEnergyWhenGridNeedsEnergyMinutes =301211
iUsingEnergyWhenGridNeedsEnergyMinutes =2080
iGeneratingEnergyWhenGridHasExcessEnergyMinutes = 2697
iUsingEnergyWhenGridHasExcessEnergyMinutes = 60
iIdleWhenGridDoesNotNeedEnergyMinutes = 43323
iIdleWhenGridNeedsEnergyMinutes = 4384022
iEnergyPriceIsZeroMinutes = 240
harvester.getEnergyHarvestedAVAILABLEKilowattHours( ): 4329993.183333334
harvester.getEnergyHarvestedKilowattHours(): 826119.8175000213
The y-int is 15
Energy harvested: 1211354.1202777973
iGeneratingEnergyWhenGridNeedsEnergyMinutes =315873
iGeneratingEnergyWhenGridNeedsEnergyMinutes =315873
iUsingEnergyWhenGridNeedsEnergyMinutes =1437
iGeneratingEnergyWhenGridHasExcessEnergyMinutes = 624
iUsingEnergyWhenGridHasExcessEnergyMinutes = 40
iIdleWhenGridDoesNotNeedEnergyMinutes = 45416
iIdleWhenGridNeedsEnergyMinutes = 4370003
iEnergyPriceIsZeroMinutes = 240
harvester.getEnergyHarvestedAVAILABLEKilowattHours( ): 4329993.183333334
harvester.getEnergyHarvestedKilowattHours(): 1211354.1202777973
The y-int is 25
Energy harvested: 878770.3166666888
iGeneratingEnergyWhenGridNeedsEnergyMinutes =295164
iGeneratingEnergyWhenGridNeedsEnergyMinutes =295164
iUsingEnergyWhenGridNeedsEnergyMinutes =2092
iGeneratingEnergyWhenGridHasExcessEnergyMinutes = 1758
iUsingEnergyWhenGridHasExcessEnergyMinutes = 60
iIdleWhenGridDoesNotNeedEnergyMinutes = 44262
iIdleWhenGridNeedsEnergyMinutes = 4390057
iEnergyPriceIsZeroMinutes = 240
harvester.getEnergyHarvestedAVAILABLEKilowattHours( ): 4329993.183333334
harvester.getEnergyHarvestedKilowattHours(): 878770.3166666888
The y-int is 35
Energy harvested: 878770.3166666888
iGeneratingEnergyWhenGridNeedsEnergyMinutes =295164
iGeneratingEnergyWhenGridNeedsEnergyMinutes =295164
iUsingEnergyWhenGridNeedsEnergyMinutes =2092
iGeneratingEnergyWhenGridHasExcessEnergyMinutes = 1758
iUsingEnergyWhenGridHasExcessEnergyMinutes = 60
iIdleWhenGridDoesNotNeedEnergyMinutes = 44262
iIdleWhenGridNeedsEnergyMinutes = 4390057
iEnergyPriceIsZeroMinutes = 240
harvester.getEnergyHarvestedAVAILABLEKilowattHours( ): 4329993.183333334
harvester.getEnergyHarvestedKilowattHours(): 878770.3166666888
The running average is 31
The y-int is 5
Energy harvested: 831849.584166688
iGeneratingEnergyWhenGridNeedsEnergyMinutes =302537
iGeneratingEnergyWhenGridNeedsEnergyMinutes =302537
iUsingEnergyWhenGridNeedsEnergyMinutes =2100
iGeneratingEnergyWhenGridHasExcessEnergyMinutes = 3084
iUsingEnergyWhenGridHasExcessEnergyMinutes = 20
iIdleWhenGridDoesNotNeedEnergyMinutes = 42976
iIdleWhenGridNeedsEnergyMinutes = 4382676
iEnergyPriceIsZeroMinutes = 240
harvester.getEnergyHarvestedAVAILABLEKilowattHours( ): 4329993.183333334
harvester.getEnergyHarvestedKilowattHours(): 831849.584166688
The y-int is 15
Energy harvested: 1070594.8019444637
iGeneratingEnergyWhenGridNeedsEnergyMinutes =302388
iGeneratingEnergyWhenGridNeedsEnergyMinutes =302388
iUsingEnergyWhenGridNeedsEnergyMinutes =1727
iGeneratingEnergyWhenGridHasExcessEnergyMinutes = 1729
iUsingEnergyWhenGridHasExcessEnergyMinutes = 60
iIdleWhenGridDoesNotNeedEnergyMinutes = 44291
iIdleWhenGridNeedsEnergyMinutes = 4383198
iEnergyPriceIsZeroMinutes = 240
harvester.getEnergyHarvestedAVAILABLEKilowattHours( ): 4329993.183333334
harvester.getEnergyHarvestedKilowattHours(): 1070594.8019444637
The y-int is 25
Energy harvested: 878770.3166666888
iGeneratingEnergyWhenGridNeedsEnergyMinutes =295164
iGeneratingEnergyWhenGridNeedsEnergyMinutes =295164
iUsingEnergyWhenGridNeedsEnergyMinutes =2092
iGeneratingEnergyWhenGridHasExcessEnergyMinutes = 1758
iUsingEnergyWhenGridHasExcessEnergyMinutes = 60
iIdleWhenGridDoesNotNeedEnergyMinutes = 44262
iIdleWhenGridNeedsEnergyMinutes = 4390057
iEnergyPriceIsZeroMinutes = 240
harvester.getEnergyHarvestedAVAILABLEKilowattHours( ): 4329993.183333334
harvester.getEnergyHarvestedKilowattHours(): 878770.3166666888
The y-int is 35
Energy harvested: 878770.3166666888
iGeneratingEnergyWhenGridNeedsEnergyMinutes =295164
iGeneratingEnergyWhenGridNeedsEnergyMinutes =295164
iUsingEnergyWhenGridNeedsEnergyMinutes =2092
iGeneratingEnergyWhenGridHasExcessEnergyMinutes = 1758
iUsingEnergyWhenGridHasExcessEnergyMinutes = 60
iIdleWhenGridDoesNotNeedEnergyMinutes = 44262
iIdleWhenGridNeedsEnergyMinutes = 4390057
iEnergyPriceIsZeroMinutes = 240
harvester.getEnergyHarvestedAVAILABLEKilowattHours( ): 4329993.183333334
harvester.getEnergyHarvestedKilowattHours(): 878770.3166666888
The running average is 61
The y-int is 5
Energy harvested: 834307.6197222434
iGeneratingEnergyWhenGridNeedsEnergyMinutes =303824
iGeneratingEnergyWhenGridNeedsEnergyMinutes =303824
iUsingEnergyWhenGridNeedsEnergyMinutes =2061
iGeneratingEnergyWhenGridHasExcessEnergyMinutes = 3074
iUsingEnergyWhenGridHasExcessEnergyMinutes = 40
iIdleWhenGridDoesNotNeedEnergyMinutes = 42966
iIdleWhenGridNeedsEnergyMinutes = 4381428
iEnergyPriceIsZeroMinutes = 240
harvester.getEnergyHarvestedAVAILABLEKilowattHours( ): 4329993.183333334
harvester.getEnergyHarvestedKilowattHours(): 834307.6197222434
The y-int is 15
Energy harvested: 1049547.326111132
iGeneratingEnergyWhenGridNeedsEnergyMinutes =303106
iGeneratingEnergyWhenGridNeedsEnergyMinutes =303106
iUsingEnergyWhenGridNeedsEnergyMinutes =1821
iGeneratingEnergyWhenGridHasExcessEnergyMinutes = 1729
iUsingEnergyWhenGridHasExcessEnergyMinutes = 60
iIdleWhenGridDoesNotNeedEnergyMinutes = 44291
iIdleWhenGridNeedsEnergyMinutes = 4382386
iEnergyPriceIsZeroMinutes = 240
harvester.getEnergyHarvestedAVAILABLEKilowattHours( ): 4329993.183333334
harvester.getEnergyHarvestedKilowattHours(): 1049547.326111132
The y-int is 25
Energy harvested: 878770.3166666888
iGeneratingEnergyWhenGridNeedsEnergyMinutes =295164
iGeneratingEnergyWhenGridNeedsEnergyMinutes =295164
iUsingEnergyWhenGridNeedsEnergyMinutes =2092
iGeneratingEnergyWhenGridHasExcessEnergyMinutes = 1758
iUsingEnergyWhenGridHasExcessEnergyMinutes = 60
iIdleWhenGridDoesNotNeedEnergyMinutes = 44262
iIdleWhenGridNeedsEnergyMinutes = 4390057
iEnergyPriceIsZeroMinutes = 240
harvester.getEnergyHarvestedAVAILABLEKilowattHours( ): 4329993.183333334
harvester.getEnergyHarvestedKilowattHours(): 878770.3166666888
The y-int is 35
Energy harvested: 878770.3166666888
iGeneratingEnergyWhenGridNeedsEnergyMinutes =295164
iGeneratingEnergyWhenGridNeedsEnergyMinutes =295164
iUsingEnergyWhenGridNeedsEnergyMinutes =2092
iGeneratingEnergyWhenGridHasExcessEnergyMinutes = 1758
iUsingEnergyWhenGridHasExcessEnergyMinutes = 60
iIdleWhenGridDoesNotNeedEnergyMinutes = 44262
iIdleWhenGridNeedsEnergyMinutes = 4390057
iEnergyPriceIsZeroMinutes = 240
harvester.getEnergyHarvestedAVAILABLEKilowattHours( ): 4329993.183333334
harvester.getEnergyHarvestedKilowattHours(): 878770.3166666888
The running average is 91
The y-int is 5
Energy harvested: 835017.5736111325
iGeneratingEnergyWhenGridNeedsEnergyMinutes =303492
iGeneratingEnergyWhenGridNeedsEnergyMinutes =303492
iUsingEnergyWhenGridNeedsEnergyMinutes =2018
iGeneratingEnergyWhenGridHasExcessEnergyMinutes = 3073
iUsingEnergyWhenGridHasExcessEnergyMinutes = 60
iIdleWhenGridDoesNotNeedEnergyMinutes = 42947
iIdleWhenGridNeedsEnergyMinutes = 4381803
iEnergyPriceIsZeroMinutes = 240
harvester.getEnergyHarvestedAVAILABLEKilowattHours( ): 4329993.183333334
harvester.getEnergyHarvestedKilowattHours(): 835017.5736111325
The y-int is 15
Energy harvested: 1033141.8616666881
iGeneratingEnergyWhenGridNeedsEnergyMinutes =302980
iGeneratingEnergyWhenGridNeedsEnergyMinutes =302980
iUsingEnergyWhenGridNeedsEnergyMinutes =1870
iGeneratingEnergyWhenGridHasExcessEnergyMinutes = 1724
iUsingEnergyWhenGridHasExcessEnergyMinutes = 60
iIdleWhenGridDoesNotNeedEnergyMinutes = 44296
iIdleWhenGridNeedsEnergyMinutes = 4382463
iEnergyPriceIsZeroMinutes = 240
harvester.getEnergyHarvestedAVAILABLEKilowattHours( ): 4329993.183333334
harvester.getEnergyHarvestedKilowattHours(): 1033141.8616666881
The y-int is 25
Energy harvested: 878770.3166666888
iGeneratingEnergyWhenGridNeedsEnergyMinutes =295164
iGeneratingEnergyWhenGridNeedsEnergyMinutes =295164
iUsingEnergyWhenGridNeedsEnergyMinutes =2092
iGeneratingEnergyWhenGridHasExcessEnergyMinutes = 1758
iUsingEnergyWhenGridHasExcessEnergyMinutes = 60
iIdleWhenGridDoesNotNeedEnergyMinutes = 44262
iIdleWhenGridNeedsEnergyMinutes = 4390057
iEnergyPriceIsZeroMinutes = 240
harvester.getEnergyHarvestedAVAILABLEKilowattHours( ): 4329993.183333334
harvester.getEnergyHarvestedKilowattHours(): 878770.3166666888
The y-int is 35
Energy harvested: 878770.3166666888
iGeneratingEnergyWhenGridNeedsEnergyMinutes =295164
iGeneratingEnergyWhenGridNeedsEnergyMinutes =295164
iUsingEnergyWhenGridNeedsEnergyMinutes =2092
iGeneratingEnergyWhenGridHasExcessEnergyMinutes = 1758
iUsingEnergyWhenGridHasExcessEnergyMinutes = 60
iIdleWhenGridDoesNotNeedEnergyMinutes = 44262
iIdleWhenGridNeedsEnergyMinutes = 4390057
iEnergyPriceIsZeroMinutes = 240
harvester.getEnergyHarvestedAVAILABLEKilowattHours( ): 4329993.183333334
harvester.getEnergyHarvestedKilowattHours(): 878770.3166666888
The running average is 121
The y-int is 5
Energy harvested: 836307.8080555768
iGeneratingEnergyWhenGridNeedsEnergyMinutes =303443
iGeneratingEnergyWhenGridNeedsEnergyMinutes =303443
iUsingEnergyWhenGridNeedsEnergyMinutes =2005
iGeneratingEnergyWhenGridHasExcessEnergyMinutes = 3062
iUsingEnergyWhenGridHasExcessEnergyMinutes = 58
iIdleWhenGridDoesNotNeedEnergyMinutes = 42960
iIdleWhenGridNeedsEnergyMinutes = 4381865
iEnergyPriceIsZeroMinutes = 240
harvester.getEnergyHarvestedAVAILABLEKilowattHours( ): 4329993.183333334
harvester.getEnergyHarvestedKilowattHours(): 836307.8080555768
The y-int is 15
Energy harvested: 1024940.2111111318
iGeneratingEnergyWhenGridNeedsEnergyMinutes =303518
iGeneratingEnergyWhenGridNeedsEnergyMinutes =303518
iUsingEnergyWhenGridNeedsEnergyMinutes =1934
iGeneratingEnergyWhenGridHasExcessEnergyMinutes = 1724
iUsingEnergyWhenGridHasExcessEnergyMinutes = 60
iIdleWhenGridDoesNotNeedEnergyMinutes = 44296
iIdleWhenGridNeedsEnergyMinutes = 4381861
iEnergyPriceIsZeroMinutes = 240
harvester.getEnergyHarvestedAVAILABLEKilowattHours( ): 4329993.183333334
harvester.getEnergyHarvestedKilowattHours(): 1024940.2111111318
The y-int is 25
Energy harvested: 878770.3166666888
iGeneratingEnergyWhenGridNeedsEnergyMinutes =295164
iGeneratingEnergyWhenGridNeedsEnergyMinutes =295164
iUsingEnergyWhenGridNeedsEnergyMinutes =2092
iGeneratingEnergyWhenGridHasExcessEnergyMinutes = 1758
iUsingEnergyWhenGridHasExcessEnergyMinutes = 60
iIdleWhenGridDoesNotNeedEnergyMinutes = 44262
iIdleWhenGridNeedsEnergyMinutes = 4390057
iEnergyPriceIsZeroMinutes = 240
harvester.getEnergyHarvestedAVAILABLEKilowattHours( ): 4329993.183333334
harvester.getEnergyHarvestedKilowattHours(): 878770.3166666888
The y-int is 35
Energy harvested: 878770.3166666888
iGeneratingEnergyWhenGridNeedsEnergyMinutes =295164
iGeneratingEnergyWhenGridNeedsEnergyMinutes =295164
iUsingEnergyWhenGridNeedsEnergyMinutes =2092
iGeneratingEnergyWhenGridHasExcessEnergyMinutes = 1758
iUsingEnergyWhenGridHasExcessEnergyMinutes = 60
iIdleWhenGridDoesNotNeedEnergyMinutes = 44262
iIdleWhenGridNeedsEnergyMinutes = 4390057
iEnergyPriceIsZeroMinutes = 240
harvester.getEnergyHarvestedAVAILABLEKilowattHours( ): 4329993.183333334
harvester.getEnergyHarvestedKilowattHours(): 878770.3166666888
Beginning testing mode:
station,&,y_intercept_for_month_1,&,running_average_size_minutes_for_month_1,&,y_intercept_for_month_2,&,running_average_size_minutes_for_month_2,&,y_intercept_for_month_3,&,running_average_size_minutes_for_month_3,&,y_intercept_for_month_4,&,running_average_size_minutes_for_month_4,&,y_intercept_for_month_5,&,running_average_size_minutes_for_month_5,&,y_intercept_for_month_6,&,running_average_size_minutes_for_month_6,&,y_intercept_for_month_7,&,running_average_size_minutes_for_month_7,&,y_intercept_for_month_8,&,running_average_size_minutes_for_month_8,&,y_intercept_for_month_9,&,running_average_size_minutes_for_month_9,&,y_intercept_for_month_10,&,running_average_size_minutes_for_month_10,&,y_intercept_for_month_11,&,running_average_size_minutes_for_month_11,&,y_intercept_for_month_12,&,running_average_size_minutes_for_month_12,&,dNetNorm,&,dMarketBalancePercentage,&,dMarketNetNorm,
results: KSAN,&,15,&,1,&,15,&,1,&,15,&,1,&,15,&,1,&,15,&,1,&,5,&,121,&,5,&,121,&,5,&,1,&,5,&,121,&,15,&,1,&,15,&,1,&,15,&,1,&,0.2504245381095322,&,0.9725132735046751,&,0.24354118732279742
monthly visible minutes:KSAN,&,2013,&,8672,&,8672,&,8672,&,8672,&,8672,&,8672,&,8672,&,8672,&,8672,&,8672,&,8672,&,8672,&,
monthly visible minutes:KSAN,&,2014,&,8672,&,8672,&,8672,&,8672,&,8672,&,8672,&,8672,&,8672,&,8672,&,8672,&,8672,&,8672,&,
monthly minutes harvester between states:KSAN,&,2013,&,38,&,38,&,38,&,38,&,38,&,38,&,38,&,38,&,38,&,38,&,38,&,38,&,
monthly minutes harvester between states:KSAN,&,2014,&,38,&,38,&,38,&,38,&,38,&,38,&,38,&,38,&,38,&,38,&,38,&,38,&,
station,&,y_intercept_for_month_1,&,running_average_size_minutes_for_month_1,&,y_intercept_for_month_2,&,running_average_size_minutes_for_month_2,&,y_intercept_for_month_3,&,running_average_size_minutes_for_month_3,&,y_intercept_for_month_4,&,running_average_size_minutes_for_month_4,&,y_intercept_for_month_5,&,running_average_size_minutes_for_month_5,&,y_intercept_for_month_6,&,running_average_size_minutes_for_month_6,&,y_intercept_for_month_7,&,running_average_size_minutes_for_month_7,&,y_intercept_for_month_8,&,running_average_size_minutes_for_month_8,&,y_intercept_for_month_9,&,running_average_size_minutes_for_month_9,&,y_intercept_for_month_10,&,running_average_size_minutes_for_month_10,&,y_intercept_for_month_11,&,running_average_size_minutes_for_month_11,&,y_intercept_for_month_12,&,running_average_size_minutes_for_month_12,&,dNetNorm,&,dMarketBalancePercentage,&,dMarketNetNorm,
results: KSAN,&,15,&,1,&,15,&,1,&,15,&,1,&,15,&,1,&,15,&,1,&,5,&,121,&,5,&,91,&,5,&,1,&,5,&,121,&,15,&,1,&,15,&,1,&,15,&,1,&,0.2504435954521189,&,0.9725145649314039,&,0.24356004427097394
monthly visible minutes:KSAN,&,2013,&,8672,&,8672,&,8672,&,8672,&,8672,&,8672,&,8672,&,8672,&,8672,&,8672,&,8672,&,8672,&,
monthly visible minutes:KSAN,&,2014,&,8672,&,8672,&,8672,&,8672,&,8672,&,8672,&,8672,&,8672,&,8672,&,8672,&,8672,&,8672,&,
monthly minutes harvester between states:KSAN,&,2013,&,38,&,38,&,38,&,38,&,38,&,38,&,38,&,38,&,38,&,38,&,38,&,38,&,
monthly minutes harvester between states:KSAN,&,2014,&,38,&,38,&,38,&,38,&,38,&,38,&,38,&,38,&,38,&,38,&,38,&,38,&,
Station: KSAT
abc: The current path is /home/guy/retractable-wind
I have found the property file.
The training windspeed filename is /trainingKSAT2004-2012in.csv
The testing windspeed filename is /testingKSAT2013-2014in.csv
Yes, the station is KSAT
Warning: The bAlsoUsePrediction no longer has any effect
iUsedAllItsAllocatedVisibilityMinutesPerMonth: 8760
Visibility Allocation Minutes:8760
HARVESTER_SIZE_SQM is 6362
Reading file
Success: /Wind turbine power curves - wind turbine power output against wind speed in knots.csv found.
Speed (Knots) = Speed(knots) vs power (kW) , Power (kW) =V90
Speed (Knots) = 0 , Power (kW) =0
Speed (Knots) = 1 , Power (kW) =0
Speed (Knots) = 2 , Power (kW) =0
Speed (Knots) = 3 , Power (kW) =0
Speed (Knots) = 4 , Power (kW) =0
Speed (Knots) = 5 , Power (kW) =0
Speed (Knots) = 6 , Power (kW) =0
Speed (Knots) = 7 , Power (kW) =38
Speed (Knots) = 8 , Power (kW) =87
Speed (Knots) = 9 , Power (kW) =141
Speed (Knots) = 10 , Power (kW) =207
Speed (Knots) = 11 , Power (kW) =286
Speed (Knots) = 12 , Power (kW) =382
Speed (Knots) = 13 , Power (kW) =496
Speed (Knots) = 14 , Power (kW) =628
Speed (Knots) = 15 , Power (kW) =781
Speed (Knots) = 16 , Power (kW) =957
Speed (Knots) = 17 , Power (kW) =1153
Speed (Knots) = 18 , Power (kW) =1366
Speed (Knots) = 19 , Power (kW) =1589
Speed (Knots) = 20 , Power (kW) =1814
Speed (Knots) = 21 , Power (kW) =2035
Speed (Knots) = 22 , Power (kW) =2250
Speed (Knots) = 23 , Power (kW) =2452
Speed (Knots) = 24 , Power (kW) =2634
Speed (Knots) = 25 , Power (kW) =2784
Speed (Knots) = 26 , Power (kW) =2888
Speed (Knots) = 27 , Power (kW) =2949
Speed (Knots) = 28 , Power (kW) =2980
Speed (Knots) = 29 , Power (kW) =2993
Speed (Knots) = 30 , Power (kW) =3000
Speed (Knots) = 31 , Power (kW) =3000
Speed (Knots) = 32 , Power (kW) =3000
Speed (Knots) = 33 , Power (kW) =3000
Speed (Knots) = 34 , Power (kW) =3000
Speed (Knots) = 35 , Power (kW) =3000
Speed (Knots) = 36 , Power (kW) =3000
Speed (Knots) = 37 , Power (kW) =3000
Speed (Knots) = 38 , Power (kW) =3000
Speed (Knots) = 39 , Power (kW) =3000
Speed (Knots) = 40 , Power (kW) =3000
Speed (Knots) = 41 , Power (kW) =3000
Speed (Knots) = 42 , Power (kW) =3000
Speed (Knots) = 43 , Power (kW) =3000
Speed (Knots) = 44 , Power (kW) =3000
Speed (Knots) = 45 , Power (kW) =3000
Speed (Knots) = 46 , Power (kW) =3000
Speed (Knots) = 47 , Power (kW) =3000
Speed (Knots) = 48 , Power (kW) =3000
Speed (Knots) = 49 , Power (kW) =0
Speed (Knots) = 50 , Power (kW) =0
Speed (Knots) = 51 , Power (kW) =0
Speed (Knots) = 52 , Power (kW) =0
Speed (Knots) = 53 , Power (kW) =0
Speed (Knots) = 54 , Power (kW) =0
Speed (Knots) = 55 , Power (kW) =0
Speed (Knots) = 56 , Power (kW) =0
Speed (Knots) = 57 , Power (kW) =0
Speed (Knots) = 58 , Power (kW) =0
Speed (Knots) = 59 , Power (kW) =0
Speed (Knots) = 60 , Power (kW) =0
The scale is 1.0
Wind power at 10 knots in kilowatts is 207.0
Wind power in-cut-out test 0.0
Aging
Class name:edu.pitt.cs.people.guy.wind.benchmarks.Aging
Success: /Noise_Allowed_Time_Definitions_All_Stations.csv found.
The station is the record is KSAT
Success: /Noise_Allowed_Time_Definitions_All_Stations.csv found.
The station is the record is KSAT
I have found the membership file for NOT WINDY.
Windspeed (knots) [0,1), Membership Value =1.00000000,1.0
Windspeed (knots) [1,2), Membership Value =0.99995887,0.9999589
Windspeed (knots) [2,3), Membership Value =0.99931529,0.99931526
Windspeed (knots) [3,4), Membership Value =0.99624311,0.9962431
Windspeed (knots) [4,5), Membership Value =0.98768339,0.9876834
Windspeed (knots) [5,6), Membership Value =0.96985384,0.9698538
Windspeed (knots) [6,7), Membership Value =0.93900826,0.93900824
Windspeed (knots) [7,8), Membership Value =0.89280119,0.89280117
Windspeed (knots) [8,9), Membership Value =0.82763838,0.8276384
Windspeed (knots) [9,10), Membership Value =0.74421802,0.744218
Windspeed (knots) [10,11), Membership Value =0.64457283,0.64457285
Windspeed (knots) [11,12), Membership Value =0.53265537,0.53265536
Windspeed (knots) [12,13), Membership Value =0.41474766,0.41474766
Windspeed (knots) [13,14), Membership Value =0.30061695,0.30061695
Windspeed (knots) [14,15), Membership Value =0.19417100,0.194171
Windspeed (knots) [15,16), Membership Value =0.09676980,0.0967698
Windspeed (knots) [16,17), Membership Value =0.01186371,0.01186371
Windspeed (knots) [17,18), Membership Value =0.00000000,0.0
Windspeed (knots) [18,19), Membership Value =0.00000000,0.0
Windspeed (knots) [19,20), Membership Value =0.00000000,0.0
Windspeed (knots) [20,21), Membership Value =0.00000000,0.0
Windspeed (knots) [21,22), Membership Value =0.00000000,0.0
Windspeed (knots) [22,23), Membership Value =0.00000000,0.0
Windspeed (knots) [23,24), Membership Value =0.00000000,0.0
Windspeed (knots) [24,25), Membership Value =0.00000000,0.0
Windspeed (knots) [25,26), Membership Value =0.00000000,0.0
Windspeed (knots) [26,27), Membership Value =0.00000000,0.0
Windspeed (knots) [27,28), Membership Value =0.00000000,0.0
Windspeed (knots) [28,29), Membership Value =0.00000000,0.0
Windspeed (knots) [29,30), Membership Value =0.00000000,0.0
Windspeed (knots) [30,31), Membership Value =0.00000000,0.0
Windspeed (knots) [31,32), Membership Value =0.00000000,0.0
Windspeed (knots) [32,33), Membership Value =0.00000000,0.0
Windspeed (knots) [33,34), Membership Value =0.00000000,0.0
Windspeed (knots) [34,35), Membership Value =0.00000000,0.0
Windspeed (knots) [35,36), Membership Value =0.00000000,0.0
Windspeed (knots) [36,37), Membership Value =0.00000000,0.0
Windspeed (knots) [37,38), Membership Value =0.00000000,0.0
Windspeed (knots) [38,39), Membership Value =0.00000000,0.0
Windspeed (knots) [39,40), Membership Value =0.00000000,0.0
Windspeed (knots) [40,41), Membership Value =0.00000000,0.0
Windspeed (knots) [41,42), Membership Value =0.00000000,0.0
Windspeed (knots) [42,43), Membership Value =0.00000000,0.0
Windspeed (knots) [43,44), Membership Value =0.00000000,0.0
Windspeed (knots) [44,45), Membership Value =0.00000000,0.0
Windspeed (knots) [45,46), Membership Value =0.00000000,0.0
Windspeed (knots) [46,47), Membership Value =0.00000000,0.0
Windspeed (knots) [47,48), Membership Value =0.00000000,0.0
Windspeed (knots) [48,49), Membership Value =0.00000000,0.0
Windspeed (knots) [49,50), Membership Value =0.00000000,0.0
Windspeed (knots) [50,51), Membership Value =0.00000000,0.0
Windspeed (knots) [51,52), Membership Value =0.00000000,0.0
Windspeed (knots) [52,53), Membership Value =0.00000000,0.0
Windspeed (knots) [53,54), Membership Value =0.00000000,0.0
Windspeed (knots) [54,55), Membership Value =0.00000000,0.0
Windspeed (knots) [55,56), Membership Value =0.00000000,0.0
Windspeed (knots) [56,57), Membership Value =0.00000000,0.0
Windspeed (knots) [57,58), Membership Value =0.00000000,0.0
Windspeed (knots) [58,59), Membership Value =0.00000000,0.0
Windspeed (knots) [59,60), Membership Value =0.00000000,0.0
Windspeed (knots) [60,61), Membership Value =0.00000000,0.0
Windspeed (knots) [61,62), Membership Value =0.00000000,0.0
Windspeed (knots) [62,63), Membership Value =0.00000000,0.0
Windspeed (knots) [63,64), Membership Value =0.00000000,0.0
Windspeed (knots) [64,65), Membership Value =0.00000000,0.0
Windspeed (knots) [65,66), Membership Value =0.00000000,0.0
Windspeed (knots) [66,67), Membership Value =0.00000000,0.0
Windspeed (knots) [67,68), Membership Value =0.00000000,0.0
Windspeed (knots) [68,69), Membership Value =0.00000000,0.0
Windspeed (knots) [69,70), Membership Value =0.00000000,0.0
Windspeed (knots) [70,71), Membership Value =0.00000000,0.0
Windspeed (knots) [71,72), Membership Value =0.00000000,0.0
Windspeed (knots) [72,73), Membership Value =0.00000000,0.0
Windspeed (knots) [73,74), Membership Value =0.00000000,0.0
Windspeed (knots) [74,75), Membership Value =0.00000000,0.0
Windspeed (knots) [75,76), Membership Value =0.00000000,0.0
Windspeed (knots) [76,77), Membership Value =0.00000000,0.0
Windspeed (knots) [77,78), Membership Value =0.00000000,0.0
Windspeed (knots) [78,79), Membership Value =0.00000000,0.0
Windspeed (knots) [79,80), Membership Value =0.00000000,0.0
Windspeed (knots) [80,81), Membership Value =0.00000000,0.0
Windspeed (knots) [81,82), Membership Value =0.00000000,0.0
Windspeed (knots) [82,83), Membership Value =0.00000000,0.0
Windspeed (knots) [83,84), Membership Value =0.00000000,0.0
Windspeed (knots) [84,85), Membership Value =0.00000000,0.0
Windspeed (knots) [85,86), Membership Value =0.00000000,0.0
Windspeed (knots) [86,87), Membership Value =0.00000000,0.0
Windspeed (knots) [87,88), Membership Value =0.00000000,0.0
Windspeed (knots) [88,89), Membership Value =0.00000000,0.0
Windspeed (knots) [89,90), Membership Value =0.00000000,0.0
Windspeed (knots) [90,91), Membership Value =0.00000000,0.0
Windspeed (knots) [91,92), Membership Value =0.00000000,0.0
Windspeed (knots) [92,93), Membership Value =0.00000000,0.0
Windspeed (knots) [93,94), Membership Value =0.00000000,0.0
Windspeed (knots) [94,95), Membership Value =0.00000000,0.0
Windspeed (knots) [95,96), Membership Value =0.00000000,0.0
Windspeed (knots) [96,97), Membership Value =0.00000000,0.0
Windspeed (knots) [97,98), Membership Value =0.00000000,0.0
Windspeed (knots) [98,99), Membership Value =0.00000000,0.0
Windspeed (knots) [99,100), Membership Value =0.00000000,0.0
Windspeed (knots) [100,101), Membership Value =0.00000000,0.0
Windspeed (knots) [101,102), Membership Value =0.00000000,0.0
Windspeed (knots) [102,103), Membership Value =0.00000000,0.0
Windspeed (knots) [103,104), Membership Value =0.00000000,0.0
Windspeed (knots) [104,105), Membership Value =0.00000000,0.0
Windspeed (knots) [105,106), Membership Value =0.00000000,0.0
Windspeed (knots) [106,107), Membership Value =0.00000000,0.0
Windspeed (knots) [107,108), Membership Value =0.00000000,0.0
Windspeed (knots) [108,109), Membership Value =0.00000000,0.0
Windspeed (knots) [109,110), Membership Value =0.00000000,0.0
Windspeed (knots) [110,111), Membership Value =0.00000000,0.0
Windspeed (knots) [111,112), Membership Value =0.00000000,0.0
Windspeed (knots) [112,113), Membership Value =0.00000000,0.0
Windspeed (knots) [113,114), Membership Value =0.00000000,0.0
Windspeed (knots) [114,115), Membership Value =0.00000000,0.0
Windspeed (knots) [115,116), Membership Value =0.00000000,0.0
Windspeed (knots) [116,117), Membership Value =0.00000000,0.0
Windspeed (knots) [117,118), Membership Value =0.00000000,0.0
Windspeed (knots) [118,119), Membership Value =0.00000000,0.0
Windspeed (knots) [119,120), Membership Value =0.00000000,0.0
Windspeed (knots) [120,121), Membership Value =0.00000000,0.0
Windspeed (knots) [121,122), Membership Value =0.00000000,0.0
Windspeed (knots) [122,123), Membership Value =0.00000000,0.0
Windspeed (knots) [123,124), Membership Value =0.00000000,0.0
Windspeed (knots) [124,125), Membership Value =0.00000000,0.0
LowestWindspeedThatIsWindyKnots for station KSAT is 7 knots.
Transition limited :true
bUseWeatherPrediction: true
The running average is 1
The y-int is 7
Energy harvested: 2644187.6333332825
iGeneratingEnergyWhenGridNeedsEnergyMinutes =505815
iGeneratingEnergyWhenGridNeedsEnergyMinutes =505815
iUsingEnergyWhenGridNeedsEnergyMinutes =1968
iGeneratingEnergyWhenGridHasExcessEnergyMinutes = 6679
iUsingEnergyWhenGridHasExcessEnergyMinutes = 56
iIdleWhenGridDoesNotNeedEnergyMinutes = 39345
iIdleWhenGridNeedsEnergyMinutes = 4179392
iEnergyPriceIsZeroMinutes = 240
harvester.getEnergyHarvestedAVAILABLEKilowattHours( ): 1.3569723666666666E7
harvester.getEnergyHarvestedKilowattHours(): 2644187.6333332825
The y-int is 17
Energy harvested: 3211720.806111093
iGeneratingEnergyWhenGridNeedsEnergyMinutes =512932
iGeneratingEnergyWhenGridNeedsEnergyMinutes =512932
iUsingEnergyWhenGridNeedsEnergyMinutes =375
iGeneratingEnergyWhenGridHasExcessEnergyMinutes = 6854
iUsingEnergyWhenGridHasExcessEnergyMinutes = 0
iIdleWhenGridDoesNotNeedEnergyMinutes = 39226
iIdleWhenGridNeedsEnergyMinutes = 4173868
iEnergyPriceIsZeroMinutes = 240
harvester.getEnergyHarvestedAVAILABLEKilowattHours( ): 1.3569723666666666E7
harvester.getEnergyHarvestedKilowattHours(): 3211720.806111093
The y-int is 27
Energy harvested: 2749609.080833283
iGeneratingEnergyWhenGridNeedsEnergyMinutes =485632
iGeneratingEnergyWhenGridNeedsEnergyMinutes =485632
iUsingEnergyWhenGridNeedsEnergyMinutes =1878
iGeneratingEnergyWhenGridHasExcessEnergyMinutes = 5145
iUsingEnergyWhenGridHasExcessEnergyMinutes = 55
iIdleWhenGridDoesNotNeedEnergyMinutes = 40880
iIdleWhenGridNeedsEnergyMinutes = 4199665
iEnergyPriceIsZeroMinutes = 240
harvester.getEnergyHarvestedAVAILABLEKilowattHours( ): 1.3569723666666666E7
harvester.getEnergyHarvestedKilowattHours(): 2749609.080833283
The y-int is 37
Energy harvested: 2707439.759166612
iGeneratingEnergyWhenGridNeedsEnergyMinutes =484201
iGeneratingEnergyWhenGridNeedsEnergyMinutes =484201
iUsingEnergyWhenGridNeedsEnergyMinutes =1956
iGeneratingEnergyWhenGridHasExcessEnergyMinutes = 5145
iUsingEnergyWhenGridHasExcessEnergyMinutes = 55
iIdleWhenGridDoesNotNeedEnergyMinutes = 40880
iIdleWhenGridNeedsEnergyMinutes = 4201018
iEnergyPriceIsZeroMinutes = 240
harvester.getEnergyHarvestedAVAILABLEKilowattHours( ): 1.3569723666666666E7
harvester.getEnergyHarvestedKilowattHours(): 2707439.759166612
The running average is 31
The y-int is 7
Energy harvested: 2661766.2713888376
iGeneratingEnergyWhenGridNeedsEnergyMinutes =510213
iGeneratingEnergyWhenGridNeedsEnergyMinutes =510213
iUsingEnergyWhenGridNeedsEnergyMinutes =1926
iGeneratingEnergyWhenGridHasExcessEnergyMinutes = 6520
iUsingEnergyWhenGridHasExcessEnergyMinutes = 77
iIdleWhenGridDoesNotNeedEnergyMinutes = 39483
iIdleWhenGridNeedsEnergyMinutes = 4175036
iEnergyPriceIsZeroMinutes = 240
harvester.getEnergyHarvestedAVAILABLEKilowattHours( ): 1.3569723666666666E7
harvester.getEnergyHarvestedKilowattHours(): 2661766.2713888376
The y-int is 17
Energy harvested: 2971676.919444413
iGeneratingEnergyWhenGridNeedsEnergyMinutes =489514
iGeneratingEnergyWhenGridNeedsEnergyMinutes =489514
iUsingEnergyWhenGridNeedsEnergyMinutes =1096
iGeneratingEnergyWhenGridHasExcessEnergyMinutes = 3918
iUsingEnergyWhenGridHasExcessEnergyMinutes = 0
iIdleWhenGridDoesNotNeedEnergyMinutes = 42162
iIdleWhenGridNeedsEnergyMinutes = 4196565
iEnergyPriceIsZeroMinutes = 240
harvester.getEnergyHarvestedAVAILABLEKilowattHours( ): 1.3569723666666666E7
harvester.getEnergyHarvestedKilowattHours(): 2971676.919444413
The y-int is 27
Energy harvested: 2707439.759166612
iGeneratingEnergyWhenGridNeedsEnergyMinutes =484201
iGeneratingEnergyWhenGridNeedsEnergyMinutes =484201
iUsingEnergyWhenGridNeedsEnergyMinutes =1956
iGeneratingEnergyWhenGridHasExcessEnergyMinutes = 5145
iUsingEnergyWhenGridHasExcessEnergyMinutes = 55
iIdleWhenGridDoesNotNeedEnergyMinutes = 40880
iIdleWhenGridNeedsEnergyMinutes = 4201018
iEnergyPriceIsZeroMinutes = 240
harvester.getEnergyHarvestedAVAILABLEKilowattHours( ): 1.3569723666666666E7
harvester.getEnergyHarvestedKilowattHours(): 2707439.759166612
The y-int is 37
Energy harvested: 2707439.759166612
iGeneratingEnergyWhenGridNeedsEnergyMinutes =484201
iGeneratingEnergyWhenGridNeedsEnergyMinutes =484201
iUsingEnergyWhenGridNeedsEnergyMinutes =1956
iGeneratingEnergyWhenGridHasExcessEnergyMinutes = 5145
iUsingEnergyWhenGridHasExcessEnergyMinutes = 55
iIdleWhenGridDoesNotNeedEnergyMinutes = 40880
iIdleWhenGridNeedsEnergyMinutes = 4201018
iEnergyPriceIsZeroMinutes = 240
harvester.getEnergyHarvestedAVAILABLEKilowattHours( ): 1.3569723666666666E7
harvester.getEnergyHarvestedKilowattHours(): 2707439.759166612
The running average is 61
The y-int is 7
Energy harvested: 2641504.05861106
iGeneratingEnergyWhenGridNeedsEnergyMinutes =509227
iGeneratingEnergyWhenGridNeedsEnergyMinutes =509227
iUsingEnergyWhenGridNeedsEnergyMinutes =1898
iGeneratingEnergyWhenGridHasExcessEnergyMinutes = 6476
iUsingEnergyWhenGridHasExcessEnergyMinutes = 88
iIdleWhenGridDoesNotNeedEnergyMinutes = 39516
iIdleWhenGridNeedsEnergyMinutes = 4176050
iEnergyPriceIsZeroMinutes = 240
harvester.getEnergyHarvestedAVAILABLEKilowattHours( ): 1.3569723666666666E7
harvester.getEnergyHarvestedKilowattHours(): 2641504.05861106
The y-int is 17
Energy harvested: 2946527.509999959
iGeneratingEnergyWhenGridNeedsEnergyMinutes =491502
iGeneratingEnergyWhenGridNeedsEnergyMinutes =491502
iUsingEnergyWhenGridNeedsEnergyMinutes =1365
iGeneratingEnergyWhenGridHasExcessEnergyMinutes = 3933
iUsingEnergyWhenGridHasExcessEnergyMinutes = 55
iIdleWhenGridDoesNotNeedEnergyMinutes = 42092
iIdleWhenGridNeedsEnergyMinutes = 4194308
iEnergyPriceIsZeroMinutes = 240
harvester.getEnergyHarvestedAVAILABLEKilowattHours( ): 1.3569723666666666E7
harvester.getEnergyHarvestedKilowattHours(): 2946527.509999959
The y-int is 27
Energy harvested: 2707439.759166612
iGeneratingEnergyWhenGridNeedsEnergyMinutes =484201
iGeneratingEnergyWhenGridNeedsEnergyMinutes =484201
iUsingEnergyWhenGridNeedsEnergyMinutes =1956
iGeneratingEnergyWhenGridHasExcessEnergyMinutes = 5145
iUsingEnergyWhenGridHasExcessEnergyMinutes = 55
iIdleWhenGridDoesNotNeedEnergyMinutes = 40880
iIdleWhenGridNeedsEnergyMinutes = 4201018
iEnergyPriceIsZeroMinutes = 240
harvester.getEnergyHarvestedAVAILABLEKilowattHours( ): 1.3569723666666666E7
harvester.getEnergyHarvestedKilowattHours(): 2707439.759166612
The y-int is 37
Energy harvested: 2707439.759166612
iGeneratingEnergyWhenGridNeedsEnergyMinutes =484201
iGeneratingEnergyWhenGridNeedsEnergyMinutes =484201
iUsingEnergyWhenGridNeedsEnergyMinutes =1956
iGeneratingEnergyWhenGridHasExcessEnergyMinutes = 5145
iUsingEnergyWhenGridHasExcessEnergyMinutes = 55
iIdleWhenGridDoesNotNeedEnergyMinutes = 40880
iIdleWhenGridNeedsEnergyMinutes = 4201018
iEnergyPriceIsZeroMinutes = 240
harvester.getEnergyHarvestedAVAILABLEKilowattHours( ): 1.3569723666666666E7
harvester.getEnergyHarvestedKilowattHours(): 2707439.759166612
The running average is 91
The y-int is 7
Energy harvested: 2643340.2738888394
iGeneratingEnergyWhenGridNeedsEnergyMinutes =509063
iGeneratingEnergyWhenGridNeedsEnergyMinutes =509063
iUsingEnergyWhenGridNeedsEnergyMinutes =1912
iGeneratingEnergyWhenGridHasExcessEnergyMinutes = 6398
iUsingEnergyWhenGridHasExcessEnergyMinutes = 76
iIdleWhenGridDoesNotNeedEnergyMinutes = 39606
iIdleWhenGridNeedsEnergyMinutes = 4176200
iEnergyPriceIsZeroMinutes = 240
harvester.getEnergyHarvestedAVAILABLEKilowattHours( ): 1.3569723666666666E7
harvester.getEnergyHarvestedKilowattHours(): 2643340.2738888394
The y-int is 17
Energy harvested: 2890475.990555518
iGeneratingEnergyWhenGridNeedsEnergyMinutes =486799
iGeneratingEnergyWhenGridNeedsEnergyMinutes =486799
iUsingEnergyWhenGridNeedsEnergyMinutes =1492
iGeneratingEnergyWhenGridHasExcessEnergyMinutes = 3958
iUsingEnergyWhenGridHasExcessEnergyMinutes = 55
iIdleWhenGridDoesNotNeedEnergyMinutes = 42067
iIdleWhenGridNeedsEnergyMinutes = 4198884
iEnergyPriceIsZeroMinutes = 240
harvester.getEnergyHarvestedAVAILABLEKilowattHours( ): 1.3569723666666666E7
harvester.getEnergyHarvestedKilowattHours(): 2890475.990555518
The y-int is 27
Energy harvested: 2707439.759166612
iGeneratingEnergyWhenGridNeedsEnergyMinutes =484201
iGeneratingEnergyWhenGridNeedsEnergyMinutes =484201
iUsingEnergyWhenGridNeedsEnergyMinutes =1956
iGeneratingEnergyWhenGridHasExcessEnergyMinutes = 5145
iUsingEnergyWhenGridHasExcessEnergyMinutes = 55
iIdleWhenGridDoesNotNeedEnergyMinutes = 40880
iIdleWhenGridNeedsEnergyMinutes = 4201018
iEnergyPriceIsZeroMinutes = 240
harvester.getEnergyHarvestedAVAILABLEKilowattHours( ): 1.3569723666666666E7
harvester.getEnergyHarvestedKilowattHours(): 2707439.759166612
The y-int is 37
Energy harvested: 2707439.759166612
iGeneratingEnergyWhenGridNeedsEnergyMinutes =484201
iGeneratingEnergyWhenGridNeedsEnergyMinutes =484201
iUsingEnergyWhenGridNeedsEnergyMinutes =1956
iGeneratingEnergyWhenGridHasExcessEnergyMinutes = 5145
iUsingEnergyWhenGridHasExcessEnergyMinutes = 55
iIdleWhenGridDoesNotNeedEnergyMinutes = 40880
iIdleWhenGridNeedsEnergyMinutes = 4201018
iEnergyPriceIsZeroMinutes = 240
harvester.getEnergyHarvestedAVAILABLEKilowattHours( ): 1.3569723666666666E7
harvester.getEnergyHarvestedKilowattHours(): 2707439.759166612
The running average is 121
The y-int is 7
Energy harvested: 2653505.8944443944
iGeneratingEnergyWhenGridNeedsEnergyMinutes =509609
iGeneratingEnergyWhenGridNeedsEnergyMinutes =509609
iUsingEnergyWhenGridNeedsEnergyMinutes =1896
iGeneratingEnergyWhenGridHasExcessEnergyMinutes = 6475
iUsingEnergyWhenGridHasExcessEnergyMinutes = 77
iIdleWhenGridDoesNotNeedEnergyMinutes = 39528
iIdleWhenGridNeedsEnergyMinutes = 4175670
iEnergyPriceIsZeroMinutes = 240
harvester.getEnergyHarvestedAVAILABLEKilowattHours( ): 1.3569723666666666E7
harvester.getEnergyHarvestedKilowattHours(): 2653505.8944443944
The y-int is 17
Energy harvested: 2875956.8636110644
iGeneratingEnergyWhenGridNeedsEnergyMinutes =485886
iGeneratingEnergyWhenGridNeedsEnergyMinutes =485886
iUsingEnergyWhenGridNeedsEnergyMinutes =1528
iGeneratingEnergyWhenGridHasExcessEnergyMinutes = 3927
iUsingEnergyWhenGridHasExcessEnergyMinutes = 55
iIdleWhenGridDoesNotNeedEnergyMinutes = 42098
iIdleWhenGridNeedsEnergyMinutes = 4199761
iEnergyPriceIsZeroMinutes = 240
harvester.getEnergyHarvestedAVAILABLEKilowattHours( ): 1.3569723666666666E7
harvester.getEnergyHarvestedKilowattHours(): 2875956.8636110644
The y-int is 27
Energy harvested: 2707439.759166612
iGeneratingEnergyWhenGridNeedsEnergyMinutes =484201
iGeneratingEnergyWhenGridNeedsEnergyMinutes =484201
iUsingEnergyWhenGridNeedsEnergyMinutes =1956
iGeneratingEnergyWhenGridHasExcessEnergyMinutes = 5145
iUsingEnergyWhenGridHasExcessEnergyMinutes = 55
iIdleWhenGridDoesNotNeedEnergyMinutes = 40880
iIdleWhenGridNeedsEnergyMinutes = 4201018
iEnergyPriceIsZeroMinutes = 240
harvester.getEnergyHarvestedAVAILABLEKilowattHours( ): 1.3569723666666666E7
harvester.getEnergyHarvestedKilowattHours(): 2707439.759166612
The y-int is 37
Energy harvested: 2707439.759166612
iGeneratingEnergyWhenGridNeedsEnergyMinutes =484201
iGeneratingEnergyWhenGridNeedsEnergyMinutes =484201
iUsingEnergyWhenGridNeedsEnergyMinutes =1956
iGeneratingEnergyWhenGridHasExcessEnergyMinutes = 5145
iUsingEnergyWhenGridHasExcessEnergyMinutes = 55
iIdleWhenGridDoesNotNeedEnergyMinutes = 40880
iIdleWhenGridNeedsEnergyMinutes = 4201018
iEnergyPriceIsZeroMinutes = 240
harvester.getEnergyHarvestedAVAILABLEKilowattHours( ): 1.3569723666666666E7
harvester.getEnergyHarvestedKilowattHours(): 2707439.759166612
Beginning testing mode:
station,&,y_intercept_for_month_1,&,running_average_size_minutes_for_month_1,&,y_intercept_for_month_2,&,running_average_size_minutes_for_month_2,&,y_intercept_for_month_3,&,running_average_size_minutes_for_month_3,&,y_intercept_for_month_4,&,running_average_size_minutes_for_month_4,&,y_intercept_for_month_5,&,running_average_size_minutes_for_month_5,&,y_intercept_for_month_6,&,running_average_size_minutes_for_month_6,&,y_intercept_for_month_7,&,running_average_size_minutes_for_month_7,&,y_intercept_for_month_8,&,running_average_size_minutes_for_month_8,&,y_intercept_for_month_9,&,running_average_size_minutes_for_month_9,&,y_intercept_for_month_10,&,running_average_size_minutes_for_month_10,&,y_intercept_for_month_11,&,running_average_size_minutes_for_month_11,&,y_intercept_for_month_12,&,running_average_size_minutes_for_month_12,&,dNetNorm,&,dMarketBalancePercentage,&,dMarketNetNorm,
results: KSAT,&,17,&,31,&,17,&,1,&,7,&,31,&,17,&,31,&,27,&,1,&,7,&,1,&,27,&,1,&,7,&,1,&,7,&,1,&,27,&,1,&,27,&,1,&,17,&,1,&,0.20118001559171514,&,0.9487682795171263,&,0.1908732172661802
monthly visible minutes:KSAT,&,2013,&,8672,&,8672,&,8672,&,8672,&,8672,&,8672,&,8672,&,8672,&,8672,&,8672,&,8672,&,8672,&,
monthly visible minutes:KSAT,&,2014,&,8672,&,8672,&,8672,&,8672,&,8672,&,8672,&,8672,&,8672,&,8672,&,8672,&,8672,&,8672,&,
monthly minutes harvester between states:KSAT,&,2013,&,38,&,38,&,38,&,38,&,38,&,38,&,38,&,38,&,38,&,38,&,38,&,38,&,
monthly minutes harvester between states:KSAT,&,2014,&,38,&,38,&,38,&,38,&,38,&,38,&,38,&,38,&,38,&,38,&,38,&,38,&,
station,&,y_intercept_for_month_1,&,running_average_size_minutes_for_month_1,&,y_intercept_for_month_2,&,running_average_size_minutes_for_month_2,&,y_intercept_for_month_3,&,running_average_size_minutes_for_month_3,&,y_intercept_for_month_4,&,running_average_size_minutes_for_month_4,&,y_intercept_for_month_5,&,running_average_size_minutes_for_month_5,&,y_intercept_for_month_6,&,running_average_size_minutes_for_month_6,&,y_intercept_for_month_7,&,running_average_size_minutes_for_month_7,&,y_intercept_for_month_8,&,running_average_size_minutes_for_month_8,&,y_intercept_for_month_9,&,running_average_size_minutes_for_month_9,&,y_intercept_for_month_10,&,running_average_size_minutes_for_month_10,&,y_intercept_for_month_11,&,running_average_size_minutes_for_month_11,&,y_intercept_for_month_12,&,running_average_size_minutes_for_month_12,&,dNetNorm,&,dMarketBalancePercentage,&,dMarketNetNorm,
results: KSAT,&,17,&,31,&,17,&,1,&,7,&,31,&,17,&,31,&,27,&,1,&,7,&,1,&,27,&,1,&,7,&,1,&,7,&,1,&,27,&,1,&,27,&,1,&,17,&,1,&,0.20118001559171514,&,0.9487682795171263,&,0.1908732172661802
monthly visible minutes:KSAT,&,2013,&,8672,&,8672,&,8672,&,8672,&,8672,&,8672,&,8672,&,8672,&,8672,&,8672,&,8672,&,8672,&,
monthly visible minutes:KSAT,&,2014,&,8672,&,8672,&,8672,&,8672,&,8672,&,8672,&,8672,&,8672,&,8672,&,8672,&,8672,&,8672,&,
monthly minutes harvester between states:KSAT,&,2013,&,38,&,38,&,38,&,38,&,38,&,38,&,38,&,38,&,38,&,38,&,38,&,38,&,
monthly minutes harvester between states:KSAT,&,2014,&,38,&,38,&,38,&,38,&,38,&,38,&,38,&,38,&,38,&,38,&,38,&,38,&,
Station: KSEA
abc: The current path is /home/guy/retractable-wind
I have found the property file.
The training windspeed filename is /trainingKSEA2004-2012in.csv
The testing windspeed filename is /testingKSEA2013-2014in.csv
Yes, the station is KSEA
Warning: The bAlsoUsePrediction no longer has any effect
iUsedAllItsAllocatedVisibilityMinutesPerMonth: 8760
Visibility Allocation Minutes:8760
HARVESTER_SIZE_SQM is 6362
Reading file
Success: /Wind turbine power curves - wind turbine power output against wind speed in knots.csv found.
Speed (Knots) = Speed(knots) vs power (kW) , Power (kW) =V90
Speed (Knots) = 0 , Power (kW) =0
Speed (Knots) = 1 , Power (kW) =0
Speed (Knots) = 2 , Power (kW) =0
Speed (Knots) = 3 , Power (kW) =0
Speed (Knots) = 4 , Power (kW) =0
Speed (Knots) = 5 , Power (kW) =0
Speed (Knots) = 6 , Power (kW) =0
Speed (Knots) = 7 , Power (kW) =38
Speed (Knots) = 8 , Power (kW) =87
Speed (Knots) = 9 , Power (kW) =141
Speed (Knots) = 10 , Power (kW) =207
Speed (Knots) = 11 , Power (kW) =286
Speed (Knots) = 12 , Power (kW) =382
Speed (Knots) = 13 , Power (kW) =496
Speed (Knots) = 14 , Power (kW) =628
Speed (Knots) = 15 , Power (kW) =781
Speed (Knots) = 16 , Power (kW) =957
Speed (Knots) = 17 , Power (kW) =1153
Speed (Knots) = 18 , Power (kW) =1366
Speed (Knots) = 19 , Power (kW) =1589
Speed (Knots) = 20 , Power (kW) =1814
Speed (Knots) = 21 , Power (kW) =2035
Speed (Knots) = 22 , Power (kW) =2250
Speed (Knots) = 23 , Power (kW) =2452
Speed (Knots) = 24 , Power (kW) =2634
Speed (Knots) = 25 , Power (kW) =2784
Speed (Knots) = 26 , Power (kW) =2888
Speed (Knots) = 27 , Power (kW) =2949
Speed (Knots) = 28 , Power (kW) =2980
Speed (Knots) = 29 , Power (kW) =2993
Speed (Knots) = 30 , Power (kW) =3000
Speed (Knots) = 31 , Power (kW) =3000
Speed (Knots) = 32 , Power (kW) =3000
Speed (Knots) = 33 , Power (kW) =3000
Speed (Knots) = 34 , Power (kW) =3000
Speed (Knots) = 35 , Power (kW) =3000
Speed (Knots) = 36 , Power (kW) =3000
Speed (Knots) = 37 , Power (kW) =3000
Speed (Knots) = 38 , Power (kW) =3000
Speed (Knots) = 39 , Power (kW) =3000
Speed (Knots) = 40 , Power (kW) =3000
Speed (Knots) = 41 , Power (kW) =3000
Speed (Knots) = 42 , Power (kW) =3000
Speed (Knots) = 43 , Power (kW) =3000
Speed (Knots) = 44 , Power (kW) =3000
Speed (Knots) = 45 , Power (kW) =3000
Speed (Knots) = 46 , Power (kW) =3000
Speed (Knots) = 47 , Power (kW) =3000
Speed (Knots) = 48 , Power (kW) =3000
Speed (Knots) = 49 , Power (kW) =0
Speed (Knots) = 50 , Power (kW) =0
Speed (Knots) = 51 , Power (kW) =0
Speed (Knots) = 52 , Power (kW) =0
Speed (Knots) = 53 , Power (kW) =0
Speed (Knots) = 54 , Power (kW) =0
Speed (Knots) = 55 , Power (kW) =0
Speed (Knots) = 56 , Power (kW) =0
Speed (Knots) = 57 , Power (kW) =0
Speed (Knots) = 58 , Power (kW) =0
Speed (Knots) = 59 , Power (kW) =0
Speed (Knots) = 60 , Power (kW) =0
The scale is 1.0
Wind power at 10 knots in kilowatts is 207.0
Wind power in-cut-out test 0.0
Aging
Class name:edu.pitt.cs.people.guy.wind.benchmarks.Aging
Success: /Noise_Allowed_Time_Definitions_All_Stations.csv found.
The station is the record is KSEA
Success: /Noise_Allowed_Time_Definitions_All_Stations.csv found.
The station is the record is KSEA
I have found the membership file for NOT WINDY.
Windspeed (knots) [0,1), Membership Value =1.00000000,1.0
Windspeed (knots) [1,2), Membership Value =0.99993277,0.99993277
Windspeed (knots) [2,3), Membership Value =0.99892165,0.99892163
Windspeed (knots) [3,4), Membership Value =0.99387290,0.9938729
Windspeed (knots) [4,5), Membership Value =0.97894836,0.97894835
Windspeed (knots) [5,6), Membership Value =0.94800931,0.9480093
Windspeed (knots) [6,7), Membership Value =0.89672655,0.89672655
Windspeed (knots) [7,8), Membership Value =0.82453767,0.8245377
Windspeed (knots) [8,9), Membership Value =0.73707467,0.7370747
Windspeed (knots) [9,10), Membership Value =0.63973627,0.6397363
Windspeed (knots) [10,11), Membership Value =0.53478148,0.53478146
Windspeed (knots) [11,12), Membership Value =0.42858798,0.42858797
Windspeed (knots) [12,13), Membership Value =0.32600889,0.3260089
Windspeed (knots) [13,14), Membership Value =0.22910875,0.22910875
Windspeed (knots) [14,15), Membership Value =0.14142866,0.14142866
Windspeed (knots) [15,16), Membership Value =0.06309132,0.06309132
Windspeed (knots) [16,17), Membership Value =0.00000000,0.0
Windspeed (knots) [17,18), Membership Value =0.00000000,0.0
Windspeed (knots) [18,19), Membership Value =0.00000000,0.0
Windspeed (knots) [19,20), Membership Value =0.00000000,0.0
Windspeed (knots) [20,21), Membership Value =0.00000000,0.0
Windspeed (knots) [21,22), Membership Value =0.00000000,0.0
Windspeed (knots) [22,23), Membership Value =0.00000000,0.0
Windspeed (knots) [23,24), Membership Value =0.00000000,0.0
Windspeed (knots) [24,25), Membership Value =0.00000000,0.0
Windspeed (knots) [25,26), Membership Value =0.00000000,0.0
Windspeed (knots) [26,27), Membership Value =0.00000000,0.0
Windspeed (knots) [27,28), Membership Value =0.00000000,0.0
Windspeed (knots) [28,29), Membership Value =0.00000000,0.0
Windspeed (knots) [29,30), Membership Value =0.00000000,0.0
Windspeed (knots) [30,31), Membership Value =0.00000000,0.0
Windspeed (knots) [31,32), Membership Value =0.00000000,0.0
Windspeed (knots) [32,33), Membership Value =0.00000000,0.0
Windspeed (knots) [33,34), Membership Value =0.00000000,0.0
Windspeed (knots) [34,35), Membership Value =0.00000000,0.0
Windspeed (knots) [35,36), Membership Value =0.00000000,0.0
Windspeed (knots) [36,37), Membership Value =0.00000000,0.0
Windspeed (knots) [37,38), Membership Value =0.00000000,0.0
Windspeed (knots) [38,39), Membership Value =0.00000000,0.0
Windspeed (knots) [39,40), Membership Value =0.00000000,0.0
Windspeed (knots) [40,41), Membership Value =0.00000000,0.0
Windspeed (knots) [41,42), Membership Value =0.00000000,0.0
Windspeed (knots) [42,43), Membership Value =0.00000000,0.0
Windspeed (knots) [43,44), Membership Value =0.00000000,0.0
Windspeed (knots) [44,45), Membership Value =0.00000000,0.0
Windspeed (knots) [45,46), Membership Value =0.00000000,0.0
Windspeed (knots) [46,47), Membership Value =0.00000000,0.0
Windspeed (knots) [47,48), Membership Value =0.00000000,0.0
Windspeed (knots) [48,49), Membership Value =0.00000000,0.0
Windspeed (knots) [49,50), Membership Value =0.00000000,0.0
Windspeed (knots) [50,51), Membership Value =0.00000000,0.0
Windspeed (knots) [51,52), Membership Value =0.00000000,0.0
Windspeed (knots) [52,53), Membership Value =0.00000000,0.0
Windspeed (knots) [53,54), Membership Value =0.00000000,0.0
Windspeed (knots) [54,55), Membership Value =0.00000000,0.0
Windspeed (knots) [55,56), Membership Value =0.00000000,0.0
Windspeed (knots) [56,57), Membership Value =0.00000000,0.0
Windspeed (knots) [57,58), Membership Value =0.00000000,0.0
Windspeed (knots) [58,59), Membership Value =0.00000000,0.0
Windspeed (knots) [59,60), Membership Value =0.00000000,0.0
Windspeed (knots) [60,61), Membership Value =0.00000000,0.0
Windspeed (knots) [61,62), Membership Value =0.00000000,0.0
Windspeed (knots) [62,63), Membership Value =0.00000000,0.0
Windspeed (knots) [63,64), Membership Value =0.00000000,0.0
Windspeed (knots) [64,65), Membership Value =0.00000000,0.0
Windspeed (knots) [65,66), Membership Value =0.00000000,0.0
Windspeed (knots) [66,67), Membership Value =0.00000000,0.0
Windspeed (knots) [67,68), Membership Value =0.00000000,0.0
Windspeed (knots) [68,69), Membership Value =0.00000000,0.0
Windspeed (knots) [69,70), Membership Value =0.00000000,0.0
Windspeed (knots) [70,71), Membership Value =0.00000000,0.0
Windspeed (knots) [71,72), Membership Value =0.00000000,0.0
Windspeed (knots) [72,73), Membership Value =0.00000000,0.0
Windspeed (knots) [73,74), Membership Value =0.00000000,0.0
Windspeed (knots) [74,75), Membership Value =0.00000000,0.0
Windspeed (knots) [75,76), Membership Value =0.00000000,0.0
Windspeed (knots) [76,77), Membership Value =0.00000000,0.0
Windspeed (knots) [77,78), Membership Value =0.00000000,0.0
Windspeed (knots) [78,79), Membership Value =0.00000000,0.0
Windspeed (knots) [79,80), Membership Value =0.00000000,0.0
Windspeed (knots) [80,81), Membership Value =0.00000000,0.0
Windspeed (knots) [81,82), Membership Value =0.00000000,0.0
Windspeed (knots) [82,83), Membership Value =0.00000000,0.0
Windspeed (knots) [83,84), Membership Value =0.00000000,0.0
Windspeed (knots) [84,85), Membership Value =0.00000000,0.0
Windspeed (knots) [85,86), Membership Value =0.00000000,0.0
Windspeed (knots) [86,87), Membership Value =0.00000000,0.0
Windspeed (knots) [87,88), Membership Value =0.00000000,0.0
Windspeed (knots) [88,89), Membership Value =0.00000000,0.0
Windspeed (knots) [89,90), Membership Value =0.00000000,0.0
Windspeed (knots) [90,91), Membership Value =0.00000000,0.0
Windspeed (knots) [91,92), Membership Value =0.00000000,0.0
Windspeed (knots) [92,93), Membership Value =0.00000000,0.0
Windspeed (knots) [93,94), Membership Value =0.00000000,0.0
Windspeed (knots) [94,95), Membership Value =0.00000000,0.0
Windspeed (knots) [95,96), Membership Value =0.00000000,0.0
Windspeed (knots) [96,97), Membership Value =0.00000000,0.0
Windspeed (knots) [97,98), Membership Value =0.00000000,0.0
Windspeed (knots) [98,99), Membership Value =0.00000000,0.0
Windspeed (knots) [99,100), Membership Value =0.00000000,0.0
Windspeed (knots) [100,101), Membership Value =0.00000000,0.0
Windspeed (knots) [101,102), Membership Value =0.00000000,0.0
Windspeed (knots) [102,103), Membership Value =0.00000000,0.0
Windspeed (knots) [103,104), Membership Value =0.00000000,0.0
Windspeed (knots) [104,105), Membership Value =0.00000000,0.0
Windspeed (knots) [105,106), Membership Value =0.00000000,0.0
Windspeed (knots) [106,107), Membership Value =0.00000000,0.0
Windspeed (knots) [107,108), Membership Value =0.00000000,0.0
Windspeed (knots) [108,109), Membership Value =0.00000000,0.0
Windspeed (knots) [109,110), Membership Value =0.00000000,0.0
Windspeed (knots) [110,111), Membership Value =0.00000000,0.0
Windspeed (knots) [111,112), Membership Value =0.00000000,0.0
Windspeed (knots) [112,113), Membership Value =0.00000000,0.0
Windspeed (knots) [113,114), Membership Value =0.00000000,0.0
Windspeed (knots) [114,115), Membership Value =0.00000000,0.0
Windspeed (knots) [115,116), Membership Value =0.00000000,0.0
Windspeed (knots) [116,117), Membership Value =0.00000000,0.0
Windspeed (knots) [117,118), Membership Value =0.00000000,0.0
Windspeed (knots) [118,119), Membership Value =0.00000000,0.0
Windspeed (knots) [119,120), Membership Value =0.00000000,0.0
Windspeed (knots) [120,121), Membership Value =0.00000000,0.0
Windspeed (knots) [121,122), Membership Value =0.00000000,0.0
Windspeed (knots) [122,123), Membership Value =0.00000000,0.0
Windspeed (knots) [123,124), Membership Value =0.00000000,0.0
Windspeed (knots) [124,125), Membership Value =0.00000000,0.0
LowestWindspeedThatIsWindyKnots for station KSEA is 6 knots.
Transition limited :true
bUseWeatherPrediction: true
The running average is 1
The y-int is 6
Energy harvested: 1890485.4344444675
iGeneratingEnergyWhenGridNeedsEnergyMinutes =421162
iGeneratingEnergyWhenGridNeedsEnergyMinutes =421162
iUsingEnergyWhenGridNeedsEnergyMinutes =1946
iGeneratingEnergyWhenGridHasExcessEnergyMinutes = 5354
iUsingEnergyWhenGridHasExcessEnergyMinutes = 92
iIdleWhenGridDoesNotNeedEnergyMinutes = 40634
iIdleWhenGridNeedsEnergyMinutes = 4265291
iEnergyPriceIsZeroMinutes = 240
harvester.getEnergyHarvestedAVAILABLEKilowattHours( ): 9219178.416666666
harvester.getEnergyHarvestedKilowattHours(): 1890485.4344444675
The y-int is 16
Energy harvested: 2756321.95888886
iGeneratingEnergyWhenGridNeedsEnergyMinutes =468475
iGeneratingEnergyWhenGridNeedsEnergyMinutes =468475
iUsingEnergyWhenGridNeedsEnergyMinutes =861
iGeneratingEnergyWhenGridHasExcessEnergyMinutes = 1892
iUsingEnergyWhenGridHasExcessEnergyMinutes = 39
iIdleWhenGridDoesNotNeedEnergyMinutes = 44149
iIdleWhenGridNeedsEnergyMinutes = 4219063
iEnergyPriceIsZeroMinutes = 240
harvester.getEnergyHarvestedAVAILABLEKilowattHours( ): 9219178.416666666
harvester.getEnergyHarvestedKilowattHours(): 2756321.95888886
The y-int is 26
Energy harvested: 1828045.5822222454
iGeneratingEnergyWhenGridNeedsEnergyMinutes =426867
iGeneratingEnergyWhenGridNeedsEnergyMinutes =426867
iUsingEnergyWhenGridNeedsEnergyMinutes =1939
iGeneratingEnergyWhenGridHasExcessEnergyMinutes = 4364
iUsingEnergyWhenGridHasExcessEnergyMinutes = 58
iIdleWhenGridDoesNotNeedEnergyMinutes = 41658
iIdleWhenGridNeedsEnergyMinutes = 4259593
iEnergyPriceIsZeroMinutes = 240
harvester.getEnergyHarvestedAVAILABLEKilowattHours( ): 9219178.416666666
harvester.getEnergyHarvestedKilowattHours(): 1828045.5822222454
The y-int is 36
Energy harvested: 1787194.448888913
iGeneratingEnergyWhenGridNeedsEnergyMinutes =425905
iGeneratingEnergyWhenGridNeedsEnergyMinutes =425905
iUsingEnergyWhenGridNeedsEnergyMinutes =1998
iGeneratingEnergyWhenGridHasExcessEnergyMinutes = 4364
iUsingEnergyWhenGridHasExcessEnergyMinutes = 58
iIdleWhenGridDoesNotNeedEnergyMinutes = 41658
iIdleWhenGridNeedsEnergyMinutes = 4260496
iEnergyPriceIsZeroMinutes = 240
harvester.getEnergyHarvestedAVAILABLEKilowattHours( ): 9219178.416666666
harvester.getEnergyHarvestedKilowattHours(): 1787194.448888913
The running average is 31
The y-int is 6
Energy harvested: 1899296.9844444676
iGeneratingEnergyWhenGridNeedsEnergyMinutes =422661
iGeneratingEnergyWhenGridNeedsEnergyMinutes =422661
iUsingEnergyWhenGridNeedsEnergyMinutes =1963
iGeneratingEnergyWhenGridHasExcessEnergyMinutes = 5340
iUsingEnergyWhenGridHasExcessEnergyMinutes = 77
iIdleWhenGridDoesNotNeedEnergyMinutes = 40663
iIdleWhenGridNeedsEnergyMinutes = 4263775
iEnergyPriceIsZeroMinutes = 240
harvester.getEnergyHarvestedAVAILABLEKilowattHours( ): 9219178.416666666
harvester.getEnergyHarvestedKilowattHours(): 1899296.9844444676
The y-int is 16
Energy harvested: 2574008.79499999
iGeneratingEnergyWhenGridNeedsEnergyMinutes =457987
iGeneratingEnergyWhenGridNeedsEnergyMinutes =457987
iUsingEnergyWhenGridNeedsEnergyMinutes =1195
iGeneratingEnergyWhenGridHasExcessEnergyMinutes = 2830
iUsingEnergyWhenGridHasExcessEnergyMinutes = 58
iIdleWhenGridDoesNotNeedEnergyMinutes = 43192
iIdleWhenGridNeedsEnergyMinutes = 4229217
iEnergyPriceIsZeroMinutes = 240
harvester.getEnergyHarvestedAVAILABLEKilowattHours( ): 9219178.416666666
harvester.getEnergyHarvestedKilowattHours(): 2574008.79499999
The y-int is 26
Energy harvested: 1799613.821111135
iGeneratingEnergyWhenGridNeedsEnergyMinutes =426198
iGeneratingEnergyWhenGridNeedsEnergyMinutes =426198
iUsingEnergyWhenGridNeedsEnergyMinutes =1978
iGeneratingEnergyWhenGridHasExcessEnergyMinutes = 4364
iUsingEnergyWhenGridHasExcessEnergyMinutes = 58
iIdleWhenGridDoesNotNeedEnergyMinutes = 41658
iIdleWhenGridNeedsEnergyMinutes = 4260223
iEnergyPriceIsZeroMinutes = 240
harvester.getEnergyHarvestedAVAILABLEKilowattHours( ): 9219178.416666666
harvester.getEnergyHarvestedKilowattHours(): 1799613.821111135
The y-int is 36
Energy harvested: 1787194.448888913
iGeneratingEnergyWhenGridNeedsEnergyMinutes =425905
iGeneratingEnergyWhenGridNeedsEnergyMinutes =425905
iUsingEnergyWhenGridNeedsEnergyMinutes =1998
iGeneratingEnergyWhenGridHasExcessEnergyMinutes = 4364
iUsingEnergyWhenGridHasExcessEnergyMinutes = 58
iIdleWhenGridDoesNotNeedEnergyMinutes = 41658
iIdleWhenGridNeedsEnergyMinutes = 4260496
iEnergyPriceIsZeroMinutes = 240
harvester.getEnergyHarvestedAVAILABLEKilowattHours( ): 9219178.416666666
harvester.getEnergyHarvestedKilowattHours(): 1787194.448888913
The running average is 61
The y-int is 6
Energy harvested: 1905028.7530555786
iGeneratingEnergyWhenGridNeedsEnergyMinutes =421262
iGeneratingEnergyWhenGridNeedsEnergyMinutes =421262
iUsingEnergyWhenGridNeedsEnergyMinutes =1956
iGeneratingEnergyWhenGridHasExcessEnergyMinutes = 5336
iUsingEnergyWhenGridHasExcessEnergyMinutes = 65
iIdleWhenGridDoesNotNeedEnergyMinutes = 40679
iIdleWhenGridNeedsEnergyMinutes = 4265181
iEnergyPriceIsZeroMinutes = 240
harvester.getEnergyHarvestedAVAILABLEKilowattHours( ): 9219178.416666666
harvester.getEnergyHarvestedKilowattHours(): 1905028.7530555786
The y-int is 16
Energy harvested: 2447256.282777758
iGeneratingEnergyWhenGridNeedsEnergyMinutes =451858
iGeneratingEnergyWhenGridNeedsEnergyMinutes =451858
iUsingEnergyWhenGridNeedsEnergyMinutes =1404
iGeneratingEnergyWhenGridHasExcessEnergyMinutes = 4583
iUsingEnergyWhenGridHasExcessEnergyMinutes = 65
iIdleWhenGridDoesNotNeedEnergyMinutes = 41432
iIdleWhenGridNeedsEnergyMinutes = 4235137
iEnergyPriceIsZeroMinutes = 240
harvester.getEnergyHarvestedAVAILABLEKilowattHours( ): 9219178.416666666
harvester.getEnergyHarvestedKilowattHours(): 2447256.282777758
The y-int is 26
Energy harvested: 1798593.7211111349
iGeneratingEnergyWhenGridNeedsEnergyMinutes =426198
iGeneratingEnergyWhenGridNeedsEnergyMinutes =426198
iUsingEnergyWhenGridNeedsEnergyMinutes =1978
iGeneratingEnergyWhenGridHasExcessEnergyMinutes = 4364
iUsingEnergyWhenGridHasExcessEnergyMinutes = 58
iIdleWhenGridDoesNotNeedEnergyMinutes = 41658
iIdleWhenGridNeedsEnergyMinutes = 4260223
iEnergyPriceIsZeroMinutes = 240
harvester.getEnergyHarvestedAVAILABLEKilowattHours( ): 9219178.416666666
harvester.getEnergyHarvestedKilowattHours(): 1798593.7211111349
The y-int is 36
Energy harvested: 1787194.448888913
iGeneratingEnergyWhenGridNeedsEnergyMinutes =425905
iGeneratingEnergyWhenGridNeedsEnergyMinutes =425905
iUsingEnergyWhenGridNeedsEnergyMinutes =1998
iGeneratingEnergyWhenGridHasExcessEnergyMinutes = 4364
iUsingEnergyWhenGridHasExcessEnergyMinutes = 58
iIdleWhenGridDoesNotNeedEnergyMinutes = 41658
iIdleWhenGridNeedsEnergyMinutes = 4260496
iEnergyPriceIsZeroMinutes = 240
harvester.getEnergyHarvestedAVAILABLEKilowattHours( ): 9219178.416666666
harvester.getEnergyHarvestedKilowattHours(): 1787194.448888913
The running average is 91
The y-int is 6
Energy harvested: 1906631.0205555784
iGeneratingEnergyWhenGridNeedsEnergyMinutes =421434
iGeneratingEnergyWhenGridNeedsEnergyMinutes =421434
iUsingEnergyWhenGridNeedsEnergyMinutes =1948
iGeneratingEnergyWhenGridHasExcessEnergyMinutes = 5281
iUsingEnergyWhenGridHasExcessEnergyMinutes = 66
iIdleWhenGridDoesNotNeedEnergyMinutes = 40733
iIdleWhenGridNeedsEnergyMinutes = 4265017
iEnergyPriceIsZeroMinutes = 240
harvester.getEnergyHarvestedAVAILABLEKilowattHours( ): 9219178.416666666
harvester.getEnergyHarvestedKilowattHours(): 1906631.0205555784
The y-int is 16
Energy harvested: 2426956.0547221983
iGeneratingEnergyWhenGridNeedsEnergyMinutes =452902
iGeneratingEnergyWhenGridNeedsEnergyMinutes =452902
iUsingEnergyWhenGridNeedsEnergyMinutes =1451
iGeneratingEnergyWhenGridHasExcessEnergyMinutes = 4194
iUsingEnergyWhenGridHasExcessEnergyMinutes = 58
iIdleWhenGridDoesNotNeedEnergyMinutes = 41828
iIdleWhenGridNeedsEnergyMinutes = 4234046
iEnergyPriceIsZeroMinutes = 240
harvester.getEnergyHarvestedAVAILABLEKilowattHours( ): 9219178.416666666
harvester.getEnergyHarvestedKilowattHours(): 2426956.0547221983
The y-int is 26
Energy harvested: 1787194.448888913
iGeneratingEnergyWhenGridNeedsEnergyMinutes =425905
iGeneratingEnergyWhenGridNeedsEnergyMinutes =425905
iUsingEnergyWhenGridNeedsEnergyMinutes =1998
iGeneratingEnergyWhenGridHasExcessEnergyMinutes = 4364
iUsingEnergyWhenGridHasExcessEnergyMinutes = 58
iIdleWhenGridDoesNotNeedEnergyMinutes = 41658
iIdleWhenGridNeedsEnergyMinutes = 4260496
iEnergyPriceIsZeroMinutes = 240
harvester.getEnergyHarvestedAVAILABLEKilowattHours( ): 9219178.416666666
harvester.getEnergyHarvestedKilowattHours(): 1787194.448888913
The y-int is 36
Energy harvested: 1787194.448888913
iGeneratingEnergyWhenGridNeedsEnergyMinutes =425905
iGeneratingEnergyWhenGridNeedsEnergyMinutes =425905
iUsingEnergyWhenGridNeedsEnergyMinutes =1998
iGeneratingEnergyWhenGridHasExcessEnergyMinutes = 4364
iUsingEnergyWhenGridHasExcessEnergyMinutes = 58
iIdleWhenGridDoesNotNeedEnergyMinutes = 41658
iIdleWhenGridNeedsEnergyMinutes = 4260496
iEnergyPriceIsZeroMinutes = 240
harvester.getEnergyHarvestedAVAILABLEKilowattHours( ): 9219178.416666666
harvester.getEnergyHarvestedKilowattHours(): 1787194.448888913
The running average is 121
The y-int is 6
Energy harvested: 1916233.5933333556
iGeneratingEnergyWhenGridNeedsEnergyMinutes =424885
iGeneratingEnergyWhenGridNeedsEnergyMinutes =424885
iUsingEnergyWhenGridNeedsEnergyMinutes =1923
iGeneratingEnergyWhenGridHasExcessEnergyMinutes = 5260
iUsingEnergyWhenGridHasExcessEnergyMinutes = 78
iIdleWhenGridDoesNotNeedEnergyMinutes = 40742
iIdleWhenGridNeedsEnergyMinutes = 4261591
iEnergyPriceIsZeroMinutes = 240
harvester.getEnergyHarvestedAVAILABLEKilowattHours( ): 9219178.416666666
harvester.getEnergyHarvestedKilowattHours(): 1916233.5933333556
The y-int is 16
Energy harvested: 2384625.442777763
iGeneratingEnergyWhenGridNeedsEnergyMinutes =454201
iGeneratingEnergyWhenGridNeedsEnergyMinutes =454201
iUsingEnergyWhenGridNeedsEnergyMinutes =1491
iGeneratingEnergyWhenGridHasExcessEnergyMinutes = 4194
iUsingEnergyWhenGridHasExcessEnergyMinutes = 58
iIdleWhenGridDoesNotNeedEnergyMinutes = 41828
iIdleWhenGridNeedsEnergyMinutes = 4232707
iEnergyPriceIsZeroMinutes = 240
harvester.getEnergyHarvestedAVAILABLEKilowattHours( ): 9219178.416666666
harvester.getEnergyHarvestedKilowattHours(): 2384625.442777763
The y-int is 26
Energy harvested: 1787194.448888913
iGeneratingEnergyWhenGridNeedsEnergyMinutes =425905
iGeneratingEnergyWhenGridNeedsEnergyMinutes =425905
iUsingEnergyWhenGridNeedsEnergyMinutes =1998
iGeneratingEnergyWhenGridHasExcessEnergyMinutes = 4364
iUsingEnergyWhenGridHasExcessEnergyMinutes = 58
iIdleWhenGridDoesNotNeedEnergyMinutes = 41658
iIdleWhenGridNeedsEnergyMinutes = 4260496
iEnergyPriceIsZeroMinutes = 240
harvester.getEnergyHarvestedAVAILABLEKilowattHours( ): 9219178.416666666
harvester.getEnergyHarvestedKilowattHours(): 1787194.448888913
The y-int is 36
Energy harvested: 1787194.448888913
iGeneratingEnergyWhenGridNeedsEnergyMinutes =425905
iGeneratingEnergyWhenGridNeedsEnergyMinutes =425905
iUsingEnergyWhenGridNeedsEnergyMinutes =1998
iGeneratingEnergyWhenGridHasExcessEnergyMinutes = 4364
iUsingEnergyWhenGridHasExcessEnergyMinutes = 58
iIdleWhenGridDoesNotNeedEnergyMinutes = 41658
iIdleWhenGridNeedsEnergyMinutes = 4260496
iEnergyPriceIsZeroMinutes = 240
harvester.getEnergyHarvestedAVAILABLEKilowattHours( ): 9219178.416666666
harvester.getEnergyHarvestedKilowattHours(): 1787194.448888913
Beginning testing mode:
station,&,y_intercept_for_month_1,&,running_average_size_minutes_for_month_1,&,y_intercept_for_month_2,&,running_average_size_minutes_for_month_2,&,y_intercept_for_month_3,&,running_average_size_minutes_for_month_3,&,y_intercept_for_month_4,&,running_average_size_minutes_for_month_4,&,y_intercept_for_month_5,&,running_average_size_minutes_for_month_5,&,y_intercept_for_month_6,&,running_average_size_minutes_for_month_6,&,y_intercept_for_month_7,&,running_average_size_minutes_for_month_7,&,y_intercept_for_month_8,&,running_average_size_minutes_for_month_8,&,y_intercept_for_month_9,&,running_average_size_minutes_for_month_9,&,y_intercept_for_month_10,&,running_average_size_minutes_for_month_10,&,y_intercept_for_month_11,&,running_average_size_minutes_for_month_11,&,y_intercept_for_month_12,&,running_average_size_minutes_for_month_12,&,dNetNorm,&,dMarketBalancePercentage,&,dMarketNetNorm,
results: KSEA,&,16,&,1,&,16,&,1,&,16,&,31,&,6,&,91,&,6,&,1,&,16,&,1,&,6,&,61,&,16,&,1,&,16,&,1,&,6,&,31,&,16,&,1,&,16,&,1,&,0.29222157805678123,&,0.9591630499531955,&,0.28028814007107805
monthly visible minutes:KSEA,&,2013,&,8672,&,8672,&,8672,&,8672,&,8672,&,8672,&,8672,&,8672,&,8672,&,8672,&,8672,&,8672,&,
monthly visible minutes:KSEA,&,2014,&,8672,&,8672,&,8672,&,8672,&,8672,&,8672,&,8672,&,8672,&,8672,&,8672,&,8672,&,8672,&,
monthly minutes harvester between states:KSEA,&,2013,&,38,&,38,&,38,&,38,&,38,&,38,&,38,&,38,&,38,&,38,&,38,&,38,&,
monthly minutes harvester between states:KSEA,&,2014,&,38,&,38,&,38,&,38,&,38,&,38,&,38,&,38,&,38,&,38,&,38,&,38,&,
station,&,y_intercept_for_month_1,&,running_average_size_minutes_for_month_1,&,y_intercept_for_month_2,&,running_average_size_minutes_for_month_2,&,y_intercept_for_month_3,&,running_average_size_minutes_for_month_3,&,y_intercept_for_month_4,&,running_average_size_minutes_for_month_4,&,y_intercept_for_month_5,&,running_average_size_minutes_for_month_5,&,y_intercept_for_month_6,&,running_average_size_minutes_for_month_6,&,y_intercept_for_month_7,&,running_average_size_minutes_for_month_7,&,y_intercept_for_month_8,&,running_average_size_minutes_for_month_8,&,y_intercept_for_month_9,&,running_average_size_minutes_for_month_9,&,y_intercept_for_month_10,&,running_average_size_minutes_for_month_10,&,y_intercept_for_month_11,&,running_average_size_minutes_for_month_11,&,y_intercept_for_month_12,&,running_average_size_minutes_for_month_12,&,dNetNorm,&,dMarketBalancePercentage,&,dMarketNetNorm,
results: KSEA,&,16,&,1,&,16,&,1,&,16,&,31,&,6,&,91,&,6,&,1,&,16,&,1,&,6,&,91,&,16,&,1,&,16,&,1,&,6,&,1,&,16,&,1,&,16,&,1,&,0.26782532276652693,&,0.9599389046476108,&,0.25709594697339266
monthly visible minutes:KSEA,&,2013,&,8672,&,8672,&,8672,&,8672,&,8672,&,8672,&,8672,&,8672,&,8672,&,8672,&,8672,&,8672,&,
monthly visible minutes:KSEA,&,2014,&,8672,&,8672,&,8672,&,8672,&,8672,&,8672,&,8672,&,8672,&,8672,&,8672,&,8672,&,8672,&,
monthly minutes harvester between states:KSEA,&,2013,&,38,&,38,&,38,&,38,&,38,&,38,&,38,&,38,&,38,&,38,&,38,&,38,&,
monthly minutes harvester between states:KSEA,&,2014,&,38,&,38,&,38,&,38,&,38,&,38,&,38,&,38,&,38,&,38,&,38,&,38,&,
Station: KSFO
abc: The current path is /home/guy/retractable-wind
I have found the property file.
The training windspeed filename is /trainingKSFO2004-2012in.csv
The testing windspeed filename is /testingKSFO2013-2014in.csv
Yes, the station is KSFO
Warning: The bAlsoUsePrediction no longer has any effect
iUsedAllItsAllocatedVisibilityMinutesPerMonth: 8760
Visibility Allocation Minutes:8760
HARVESTER_SIZE_SQM is 6362
Reading file
Success: /Wind turbine power curves - wind turbine power output against wind speed in knots.csv found.
Speed (Knots) = Speed(knots) vs power (kW) , Power (kW) =V90
Speed (Knots) = 0 , Power (kW) =0
Speed (Knots) = 1 , Power (kW) =0
Speed (Knots) = 2 , Power (kW) =0
Speed (Knots) = 3 , Power (kW) =0
Speed (Knots) = 4 , Power (kW) =0
Speed (Knots) = 5 , Power (kW) =0
Speed (Knots) = 6 , Power (kW) =0
Speed (Knots) = 7 , Power (kW) =38
Speed (Knots) = 8 , Power (kW) =87
Speed (Knots) = 9 , Power (kW) =141
Speed (Knots) = 10 , Power (kW) =207
Speed (Knots) = 11 , Power (kW) =286
Speed (Knots) = 12 , Power (kW) =382
Speed (Knots) = 13 , Power (kW) =496
Speed (Knots) = 14 , Power (kW) =628
Speed (Knots) = 15 , Power (kW) =781
Speed (Knots) = 16 , Power (kW) =957
Speed (Knots) = 17 , Power (kW) =1153
Speed (Knots) = 18 , Power (kW) =1366
Speed (Knots) = 19 , Power (kW) =1589
Speed (Knots) = 20 , Power (kW) =1814
Speed (Knots) = 21 , Power (kW) =2035
Speed (Knots) = 22 , Power (kW) =2250
Speed (Knots) = 23 , Power (kW) =2452
Speed (Knots) = 24 , Power (kW) =2634
Speed (Knots) = 25 , Power (kW) =2784
Speed (Knots) = 26 , Power (kW) =2888
Speed (Knots) = 27 , Power (kW) =2949
Speed (Knots) = 28 , Power (kW) =2980
Speed (Knots) = 29 , Power (kW) =2993
Speed (Knots) = 30 , Power (kW) =3000
Speed (Knots) = 31 , Power (kW) =3000
Speed (Knots) = 32 , Power (kW) =3000
Speed (Knots) = 33 , Power (kW) =3000
Speed (Knots) = 34 , Power (kW) =3000
Speed (Knots) = 35 , Power (kW) =3000
Speed (Knots) = 36 , Power (kW) =3000
Speed (Knots) = 37 , Power (kW) =3000
Speed (Knots) = 38 , Power (kW) =3000
Speed (Knots) = 39 , Power (kW) =3000
Speed (Knots) = 40 , Power (kW) =3000
Speed (Knots) = 41 , Power (kW) =3000
Speed (Knots) = 42 , Power (kW) =3000
Speed (Knots) = 43 , Power (kW) =3000
Speed (Knots) = 44 , Power (kW) =3000
Speed (Knots) = 45 , Power (kW) =3000
Speed (Knots) = 46 , Power (kW) =3000
Speed (Knots) = 47 , Power (kW) =3000
Speed (Knots) = 48 , Power (kW) =3000
Speed (Knots) = 49 , Power (kW) =0
Speed (Knots) = 50 , Power (kW) =0
Speed (Knots) = 51 , Power (kW) =0
Speed (Knots) = 52 , Power (kW) =0
Speed (Knots) = 53 , Power (kW) =0
Speed (Knots) = 54 , Power (kW) =0
Speed (Knots) = 55 , Power (kW) =0
Speed (Knots) = 56 , Power (kW) =0
Speed (Knots) = 57 , Power (kW) =0
Speed (Knots) = 58 , Power (kW) =0
Speed (Knots) = 59 , Power (kW) =0
Speed (Knots) = 60 , Power (kW) =0
The scale is 1.0
Wind power at 10 knots in kilowatts is 207.0
Wind power in-cut-out test 0.0
Aging
Class name:edu.pitt.cs.people.guy.wind.benchmarks.Aging
Success: /Noise_Allowed_Time_Definitions_All_Stations.csv found.
The station is the record is KSFO
Success: /Noise_Allowed_Time_Definitions_All_Stations.csv found.
The station is the record is KSFO
I have found the membership file for NOT WINDY.
Windspeed (knots) [0,1), Membership Value =1.00000000,1.0
Windspeed (knots) [1,2), Membership Value =0.99996969,0.99996966
Windspeed (knots) [2,3), Membership Value =0.99957051,0.9995705
Windspeed (knots) [3,4), Membership Value =0.99801138,0.99801135
Windspeed (knots) [4,5), Membership Value =0.99467864,0.9946786
Windspeed (knots) [5,6), Membership Value =0.98887177,0.98887175
Windspeed (knots) [6,7), Membership Value =0.97951150,0.9795115
Windspeed (knots) [7,8), Membership Value =0.96524237,0.9652424
Windspeed (knots) [8,9), Membership Value =0.94494139,0.9449414
Windspeed (knots) [9,10), Membership Value =0.91725713,0.91725713
Windspeed (knots) [10,11), Membership Value =0.88074036,0.88074034
Windspeed (knots) [11,12), Membership Value =0.83558029,0.8355803
Windspeed (knots) [12,13), Membership Value =0.78138256,0.78138256
Windspeed (knots) [13,14), Membership Value =0.71758838,0.71758837
Windspeed (knots) [14,15), Membership Value =0.64648835,0.64648837
Windspeed (knots) [15,16), Membership Value =0.56605603,0.566056
Windspeed (knots) [16,17), Membership Value =0.48026860,0.4802686
Windspeed (knots) [17,18), Membership Value =0.39188199,0.391882
Windspeed (knots) [18,19), Membership Value =0.30389209,0.30389208
Windspeed (knots) [19,20), Membership Value =0.21823395,0.21823394
Windspeed (knots) [20,21), Membership Value =0.14138764,0.14138764
Windspeed (knots) [21,22), Membership Value =0.07292651,0.07292651
Windspeed (knots) [22,23), Membership Value =0.01592513,0.01592513
Windspeed (knots) [23,24), Membership Value =0.00000000,0.0
Windspeed (knots) [24,25), Membership Value =0.00000000,0.0
Windspeed (knots) [25,26), Membership Value =0.00000000,0.0
Windspeed (knots) [26,27), Membership Value =0.00000000,0.0
Windspeed (knots) [27,28), Membership Value =0.00000000,0.0
Windspeed (knots) [28,29), Membership Value =0.00000000,0.0
Windspeed (knots) [29,30), Membership Value =0.00000000,0.0
Windspeed (knots) [30,31), Membership Value =0.00000000,0.0
Windspeed (knots) [31,32), Membership Value =0.00000000,0.0
Windspeed (knots) [32,33), Membership Value =0.00000000,0.0
Windspeed (knots) [33,34), Membership Value =0.00000000,0.0
Windspeed (knots) [34,35), Membership Value =0.00000000,0.0
Windspeed (knots) [35,36), Membership Value =0.00000000,0.0
Windspeed (knots) [36,37), Membership Value =0.00000000,0.0
Windspeed (knots) [37,38), Membership Value =0.00000000,0.0
Windspeed (knots) [38,39), Membership Value =0.00000000,0.0
Windspeed (knots) [39,40), Membership Value =0.00000000,0.0
Windspeed (knots) [40,41), Membership Value =0.00000000,0.0
Windspeed (knots) [41,42), Membership Value =0.00000000,0.0
Windspeed (knots) [42,43), Membership Value =0.00000000,0.0
Windspeed (knots) [43,44), Membership Value =0.00000000,0.0
Windspeed (knots) [44,45), Membership Value =0.00000000,0.0
Windspeed (knots) [45,46), Membership Value =0.00000000,0.0
Windspeed (knots) [46,47), Membership Value =0.00000000,0.0
Windspeed (knots) [47,48), Membership Value =0.00000000,0.0
Windspeed (knots) [48,49), Membership Value =0.00000000,0.0
Windspeed (knots) [49,50), Membership Value =0.00000000,0.0
Windspeed (knots) [50,51), Membership Value =0.00000000,0.0
Windspeed (knots) [51,52), Membership Value =0.00000000,0.0
Windspeed (knots) [52,53), Membership Value =0.00000000,0.0
Windspeed (knots) [53,54), Membership Value =0.00000000,0.0
Windspeed (knots) [54,55), Membership Value =0.00000000,0.0
Windspeed (knots) [55,56), Membership Value =0.00000000,0.0
Windspeed (knots) [56,57), Membership Value =0.00000000,0.0
Windspeed (knots) [57,58), Membership Value =0.00000000,0.0
Windspeed (knots) [58,59), Membership Value =0.00000000,0.0
Windspeed (knots) [59,60), Membership Value =0.00000000,0.0
Windspeed (knots) [60,61), Membership Value =0.00000000,0.0
Windspeed (knots) [61,62), Membership Value =0.00000000,0.0
Windspeed (knots) [62,63), Membership Value =0.00000000,0.0
Windspeed (knots) [63,64), Membership Value =0.00000000,0.0
Windspeed (knots) [64,65), Membership Value =0.00000000,0.0
Windspeed (knots) [65,66), Membership Value =0.00000000,0.0
Windspeed (knots) [66,67), Membership Value =0.00000000,0.0
Windspeed (knots) [67,68), Membership Value =0.00000000,0.0
Windspeed (knots) [68,69), Membership Value =0.00000000,0.0
Windspeed (knots) [69,70), Membership Value =0.00000000,0.0
Windspeed (knots) [70,71), Membership Value =0.00000000,0.0
Windspeed (knots) [71,72), Membership Value =0.00000000,0.0
Windspeed (knots) [72,73), Membership Value =0.00000000,0.0
Windspeed (knots) [73,74), Membership Value =0.00000000,0.0
Windspeed (knots) [74,75), Membership Value =0.00000000,0.0
Windspeed (knots) [75,76), Membership Value =0.00000000,0.0
Windspeed (knots) [76,77), Membership Value =0.00000000,0.0
Windspeed (knots) [77,78), Membership Value =0.00000000,0.0
Windspeed (knots) [78,79), Membership Value =0.00000000,0.0
Windspeed (knots) [79,80), Membership Value =0.00000000,0.0
Windspeed (knots) [80,81), Membership Value =0.00000000,0.0
Windspeed (knots) [81,82), Membership Value =0.00000000,0.0
Windspeed (knots) [82,83), Membership Value =0.00000000,0.0
Windspeed (knots) [83,84), Membership Value =0.00000000,0.0
Windspeed (knots) [84,85), Membership Value =0.00000000,0.0
Windspeed (knots) [85,86), Membership Value =0.00000000,0.0
Windspeed (knots) [86,87), Membership Value =0.00000000,0.0
Windspeed (knots) [87,88), Membership Value =0.00000000,0.0
Windspeed (knots) [88,89), Membership Value =0.00000000,0.0
Windspeed (knots) [89,90), Membership Value =0.00000000,0.0
Windspeed (knots) [90,91), Membership Value =0.00000000,0.0
Windspeed (knots) [91,92), Membership Value =0.00000000,0.0
Windspeed (knots) [92,93), Membership Value =0.00000000,0.0
Windspeed (knots) [93,94), Membership Value =0.00000000,0.0
Windspeed (knots) [94,95), Membership Value =0.00000000,0.0
Windspeed (knots) [95,96), Membership Value =0.00000000,0.0
Windspeed (knots) [96,97), Membership Value =0.00000000,0.0
Windspeed (knots) [97,98), Membership Value =0.00000000,0.0
Windspeed (knots) [98,99), Membership Value =0.00000000,0.0
Windspeed (knots) [99,100), Membership Value =0.00000000,0.0
Windspeed (knots) [100,101), Membership Value =0.00000000,0.0
Windspeed (knots) [101,102), Membership Value =0.00000000,0.0
Windspeed (knots) [102,103), Membership Value =0.00000000,0.0
Windspeed (knots) [103,104), Membership Value =0.00000000,0.0
Windspeed (knots) [104,105), Membership Value =0.00000000,0.0
Windspeed (knots) [105,106), Membership Value =0.00000000,0.0
Windspeed (knots) [106,107), Membership Value =0.00000000,0.0
Windspeed (knots) [107,108), Membership Value =0.00000000,0.0
Windspeed (knots) [108,109), Membership Value =0.00000000,0.0
Windspeed (knots) [109,110), Membership Value =0.00000000,0.0
Windspeed (knots) [110,111), Membership Value =0.00000000,0.0
Windspeed (knots) [111,112), Membership Value =0.00000000,0.0
Windspeed (knots) [112,113), Membership Value =0.00000000,0.0
Windspeed (knots) [113,114), Membership Value =0.00000000,0.0
Windspeed (knots) [114,115), Membership Value =0.00000000,0.0
Windspeed (knots) [115,116), Membership Value =0.00000000,0.0
Windspeed (knots) [116,117), Membership Value =0.00000000,0.0
Windspeed (knots) [117,118), Membership Value =0.00000000,0.0
Windspeed (knots) [118,119), Membership Value =0.00000000,0.0
Windspeed (knots) [119,120), Membership Value =0.00000000,0.0
Windspeed (knots) [120,121), Membership Value =0.00000000,0.0
Windspeed (knots) [121,122), Membership Value =0.00000000,0.0
Windspeed (knots) [122,123), Membership Value =0.00000000,0.0
Windspeed (knots) [123,124), Membership Value =0.00000000,0.0
Windspeed (knots) [124,125), Membership Value =0.00000000,0.0
LowestWindspeedThatIsWindyKnots for station KSFO is 10 knots.
Transition limited :true
bUseWeatherPrediction: true
The running average is 1
The y-int is 10
Energy harvested: 6251295.804166672
iGeneratingEnergyWhenGridNeedsEnergyMinutes =564257
iGeneratingEnergyWhenGridNeedsEnergyMinutes =564257
iUsingEnergyWhenGridNeedsEnergyMinutes =1840
iGeneratingEnergyWhenGridHasExcessEnergyMinutes = 7203
iUsingEnergyWhenGridHasExcessEnergyMinutes = 31
iIdleWhenGridDoesNotNeedEnergyMinutes = 38846
iIdleWhenGridNeedsEnergyMinutes = 4122302
iEnergyPriceIsZeroMinutes = 240
harvester.getEnergyHarvestedAVAILABLEKilowattHours( ): 2.9176973966666665E7
harvester.getEnergyHarvestedKilowattHours(): 6251295.804166672
The y-int is 20
Energy harvested: 7125276.13472225
iGeneratingEnergyWhenGridNeedsEnergyMinutes =557832
iGeneratingEnergyWhenGridNeedsEnergyMinutes =557832
iUsingEnergyWhenGridNeedsEnergyMinutes =227
iGeneratingEnergyWhenGridHasExcessEnergyMinutes = 3564
iUsingEnergyWhenGridHasExcessEnergyMinutes = 0
iIdleWhenGridDoesNotNeedEnergyMinutes = 42516
iIdleWhenGridNeedsEnergyMinutes = 4130340
iEnergyPriceIsZeroMinutes = 240
harvester.getEnergyHarvestedAVAILABLEKilowattHours( ): 2.9176973966666665E7
harvester.getEnergyHarvestedKilowattHours(): 7125276.13472225
The y-int is 30
Energy harvested: 5708736.914444385
iGeneratingEnergyWhenGridNeedsEnergyMinutes =533453
iGeneratingEnergyWhenGridNeedsEnergyMinutes =533453
iUsingEnergyWhenGridNeedsEnergyMinutes =1717
iGeneratingEnergyWhenGridHasExcessEnergyMinutes = 6693
iUsingEnergyWhenGridHasExcessEnergyMinutes = 39
iIdleWhenGridDoesNotNeedEnergyMinutes = 39348
iIdleWhenGridNeedsEnergyMinutes = 4153229
iEnergyPriceIsZeroMinutes = 240
harvester.getEnergyHarvestedAVAILABLEKilowattHours( ): 2.9176973966666665E7
harvester.getEnergyHarvestedKilowattHours(): 5708736.914444385
The y-int is 40
Energy harvested: 5525029.411666582
iGeneratingEnergyWhenGridNeedsEnergyMinutes =536987
iGeneratingEnergyWhenGridNeedsEnergyMinutes =536987
iUsingEnergyWhenGridNeedsEnergyMinutes =1881
iGeneratingEnergyWhenGridHasExcessEnergyMinutes = 5860
iUsingEnergyWhenGridHasExcessEnergyMinutes = 58
iIdleWhenGridDoesNotNeedEnergyMinutes = 40162
iIdleWhenGridNeedsEnergyMinutes = 4149531
iEnergyPriceIsZeroMinutes = 240
harvester.getEnergyHarvestedAVAILABLEKilowattHours( ): 2.9176973966666665E7
harvester.getEnergyHarvestedKilowattHours(): 5525029.411666582
The running average is 31
The y-int is 10
Energy harvested: 6308278.606666695
iGeneratingEnergyWhenGridNeedsEnergyMinutes =564156
iGeneratingEnergyWhenGridNeedsEnergyMinutes =564156
iUsingEnergyWhenGridNeedsEnergyMinutes =1681
iGeneratingEnergyWhenGridHasExcessEnergyMinutes = 7372
iUsingEnergyWhenGridHasExcessEnergyMinutes = 14
iIdleWhenGridDoesNotNeedEnergyMinutes = 38694
iIdleWhenGridNeedsEnergyMinutes = 4122562
iEnergyPriceIsZeroMinutes = 240
harvester.getEnergyHarvestedAVAILABLEKilowattHours( ): 2.9176973966666665E7
harvester.getEnergyHarvestedKilowattHours(): 6308278.606666695
The y-int is 20
Energy harvested: 7138738.6341667
iGeneratingEnergyWhenGridNeedsEnergyMinutes =554113
iGeneratingEnergyWhenGridNeedsEnergyMinutes =554113
iUsingEnergyWhenGridNeedsEnergyMinutes =503
iGeneratingEnergyWhenGridHasExcessEnergyMinutes = 3838
iUsingEnergyWhenGridHasExcessEnergyMinutes = 19
iIdleWhenGridDoesNotNeedEnergyMinutes = 42223
iIdleWhenGridNeedsEnergyMinutes = 4133783
iEnergyPriceIsZeroMinutes = 240
harvester.getEnergyHarvestedAVAILABLEKilowattHours( ): 2.9176973966666665E7
harvester.getEnergyHarvestedKilowattHours(): 7138738.6341667
The y-int is 30
Energy harvested: 5633786.90611103
iGeneratingEnergyWhenGridNeedsEnergyMinutes =537338
iGeneratingEnergyWhenGridNeedsEnergyMinutes =537338
iUsingEnergyWhenGridNeedsEnergyMinutes =1804
iGeneratingEnergyWhenGridHasExcessEnergyMinutes = 6024
iUsingEnergyWhenGridHasExcessEnergyMinutes = 39
iIdleWhenGridDoesNotNeedEnergyMinutes = 40017
iIdleWhenGridNeedsEnergyMinutes = 4149257
iEnergyPriceIsZeroMinutes = 240
harvester.getEnergyHarvestedAVAILABLEKilowattHours( ): 2.9176973966666665E7
harvester.getEnergyHarvestedKilowattHours(): 5633786.90611103
The y-int is 40
Energy harvested: 5525029.411666582
iGeneratingEnergyWhenGridNeedsEnergyMinutes =536987
iGeneratingEnergyWhenGridNeedsEnergyMinutes =536987
iUsingEnergyWhenGridNeedsEnergyMinutes =1881
iGeneratingEnergyWhenGridHasExcessEnergyMinutes = 5860
iUsingEnergyWhenGridHasExcessEnergyMinutes = 58
iIdleWhenGridDoesNotNeedEnergyMinutes = 40162
iIdleWhenGridNeedsEnergyMinutes = 4149531
iEnergyPriceIsZeroMinutes = 240
harvester.getEnergyHarvestedAVAILABLEKilowattHours( ): 2.9176973966666665E7
harvester.getEnergyHarvestedKilowattHours(): 5525029.411666582
The running average is 61
The y-int is 10
Energy harvested: 6337592.199166694
iGeneratingEnergyWhenGridNeedsEnergyMinutes =565948
iGeneratingEnergyWhenGridNeedsEnergyMinutes =565948
iUsingEnergyWhenGridNeedsEnergyMinutes =1525
iGeneratingEnergyWhenGridHasExcessEnergyMinutes = 7343
iUsingEnergyWhenGridHasExcessEnergyMinutes = 18
iIdleWhenGridDoesNotNeedEnergyMinutes = 38719
iIdleWhenGridNeedsEnergyMinutes = 4120926
iEnergyPriceIsZeroMinutes = 240
harvester.getEnergyHarvestedAVAILABLEKilowattHours( ): 2.9176973966666665E7
harvester.getEnergyHarvestedKilowattHours(): 6337592.199166694
The y-int is 20
Energy harvested: 7032734.795277824
iGeneratingEnergyWhenGridNeedsEnergyMinutes =549703
iGeneratingEnergyWhenGridNeedsEnergyMinutes =549703
iUsingEnergyWhenGridNeedsEnergyMinutes =580
iGeneratingEnergyWhenGridHasExcessEnergyMinutes = 4181
iUsingEnergyWhenGridHasExcessEnergyMinutes = 19
iIdleWhenGridDoesNotNeedEnergyMinutes = 41880
iIdleWhenGridNeedsEnergyMinutes = 4138116
iEnergyPriceIsZeroMinutes = 240
harvester.getEnergyHarvestedAVAILABLEKilowattHours( ): 2.9176973966666665E7
harvester.getEnergyHarvestedKilowattHours(): 7032734.795277824
The y-int is 30
Energy harvested: 5630970.267222136
iGeneratingEnergyWhenGridNeedsEnergyMinutes =537244
iGeneratingEnergyWhenGridNeedsEnergyMinutes =537244
iUsingEnergyWhenGridNeedsEnergyMinutes =1823
iGeneratingEnergyWhenGridHasExcessEnergyMinutes = 5844
iUsingEnergyWhenGridHasExcessEnergyMinutes = 39
iIdleWhenGridDoesNotNeedEnergyMinutes = 40197
iIdleWhenGridNeedsEnergyMinutes = 4149332
iEnergyPriceIsZeroMinutes = 240
harvester.getEnergyHarvestedAVAILABLEKilowattHours( ): 2.9176973966666665E7
harvester.getEnergyHarvestedKilowattHours(): 5630970.267222136
The y-int is 40
Energy harvested: 5525029.411666582
iGeneratingEnergyWhenGridNeedsEnergyMinutes =536987
iGeneratingEnergyWhenGridNeedsEnergyMinutes =536987
iUsingEnergyWhenGridNeedsEnergyMinutes =1881
iGeneratingEnergyWhenGridHasExcessEnergyMinutes = 5860
iUsingEnergyWhenGridHasExcessEnergyMinutes = 58
iIdleWhenGridDoesNotNeedEnergyMinutes = 40162
iIdleWhenGridNeedsEnergyMinutes = 4149531
iEnergyPriceIsZeroMinutes = 240
harvester.getEnergyHarvestedAVAILABLEKilowattHours( ): 2.9176973966666665E7
harvester.getEnergyHarvestedKilowattHours(): 5525029.411666582
The running average is 91
The y-int is 10
Energy harvested: 6335702.157222232
iGeneratingEnergyWhenGridNeedsEnergyMinutes =565640
iGeneratingEnergyWhenGridNeedsEnergyMinutes =565640
iUsingEnergyWhenGridNeedsEnergyMinutes =1456
iGeneratingEnergyWhenGridHasExcessEnergyMinutes = 7324
iUsingEnergyWhenGridHasExcessEnergyMinutes = 5
iIdleWhenGridDoesNotNeedEnergyMinutes = 38751
iIdleWhenGridNeedsEnergyMinutes = 4121303
iEnergyPriceIsZeroMinutes = 240
harvester.getEnergyHarvestedAVAILABLEKilowattHours( ): 2.9176973966666665E7
harvester.getEnergyHarvestedKilowattHours(): 6335702.157222232
The y-int is 20
Energy harvested: 6944923.86750005
iGeneratingEnergyWhenGridNeedsEnergyMinutes =549470
iGeneratingEnergyWhenGridNeedsEnergyMinutes =549470
iUsingEnergyWhenGridNeedsEnergyMinutes =619
iGeneratingEnergyWhenGridHasExcessEnergyMinutes = 4198
iUsingEnergyWhenGridHasExcessEnergyMinutes = 19
iIdleWhenGridDoesNotNeedEnergyMinutes = 41863
iIdleWhenGridNeedsEnergyMinutes = 4138310
iEnergyPriceIsZeroMinutes = 240
harvester.getEnergyHarvestedAVAILABLEKilowattHours( ): 2.9176973966666665E7
harvester.getEnergyHarvestedKilowattHours(): 6944923.86750005
The y-int is 30
Energy harvested: 5608158.439444369
iGeneratingEnergyWhenGridNeedsEnergyMinutes =537292
iGeneratingEnergyWhenGridNeedsEnergyMinutes =537292
iUsingEnergyWhenGridNeedsEnergyMinutes =1862
iGeneratingEnergyWhenGridHasExcessEnergyMinutes = 5844
iUsingEnergyWhenGridHasExcessEnergyMinutes = 39
iIdleWhenGridDoesNotNeedEnergyMinutes = 40197
iIdleWhenGridNeedsEnergyMinutes = 4149245
iEnergyPriceIsZeroMinutes = 240
harvester.getEnergyHarvestedAVAILABLEKilowattHours( ): 2.9176973966666665E7
harvester.getEnergyHarvestedKilowattHours(): 5608158.439444369
The y-int is 40
Energy harvested: 5525029.411666582
iGeneratingEnergyWhenGridNeedsEnergyMinutes =536987
iGeneratingEnergyWhenGridNeedsEnergyMinutes =536987
iUsingEnergyWhenGridNeedsEnergyMinutes =1881
iGeneratingEnergyWhenGridHasExcessEnergyMinutes = 5860
iUsingEnergyWhenGridHasExcessEnergyMinutes = 58
iIdleWhenGridDoesNotNeedEnergyMinutes = 40162
iIdleWhenGridNeedsEnergyMinutes = 4149531
iEnergyPriceIsZeroMinutes = 240
harvester.getEnergyHarvestedAVAILABLEKilowattHours( ): 2.9176973966666665E7
harvester.getEnergyHarvestedKilowattHours(): 5525029.411666582
The running average is 121
The y-int is 10
Energy harvested: 6358859.335833349
iGeneratingEnergyWhenGridNeedsEnergyMinutes =566769
iGeneratingEnergyWhenGridNeedsEnergyMinutes =566769
iUsingEnergyWhenGridNeedsEnergyMinutes =1345
iGeneratingEnergyWhenGridHasExcessEnergyMinutes = 7308
iUsingEnergyWhenGridHasExcessEnergyMinutes = 17
iIdleWhenGridDoesNotNeedEnergyMinutes = 38755
iIdleWhenGridNeedsEnergyMinutes = 4120285
iEnergyPriceIsZeroMinutes = 240
harvester.getEnergyHarvestedAVAILABLEKilowattHours( ): 2.9176973966666665E7
harvester.getEnergyHarvestedKilowattHours(): 6358859.335833349
The y-int is 20
Energy harvested: 6980336.975833388
iGeneratingEnergyWhenGridNeedsEnergyMinutes =544668
iGeneratingEnergyWhenGridNeedsEnergyMinutes =544668
iUsingEnergyWhenGridNeedsEnergyMinutes =763
iGeneratingEnergyWhenGridHasExcessEnergyMinutes = 4602
iUsingEnergyWhenGridHasExcessEnergyMinutes = 19
iIdleWhenGridDoesNotNeedEnergyMinutes = 41459
iIdleWhenGridNeedsEnergyMinutes = 4142968
iEnergyPriceIsZeroMinutes = 240
harvester.getEnergyHarvestedAVAILABLEKilowattHours( ): 2.9176973966666665E7
harvester.getEnergyHarvestedKilowattHours(): 6980336.975833388
The y-int is 30
Energy harvested: 5554453.483888799
iGeneratingEnergyWhenGridNeedsEnergyMinutes =537072
iGeneratingEnergyWhenGridNeedsEnergyMinutes =537072
iUsingEnergyWhenGridNeedsEnergyMinutes =1881
iGeneratingEnergyWhenGridHasExcessEnergyMinutes = 5844
iUsingEnergyWhenGridHasExcessEnergyMinutes = 39
iIdleWhenGridDoesNotNeedEnergyMinutes = 40197
iIdleWhenGridNeedsEnergyMinutes = 4149446
iEnergyPriceIsZeroMinutes = 240
harvester.getEnergyHarvestedAVAILABLEKilowattHours( ): 2.9176973966666665E7
harvester.getEnergyHarvestedKilowattHours(): 5554453.483888799
The y-int is 40
Energy harvested: 5525029.411666582
iGeneratingEnergyWhenGridNeedsEnergyMinutes =536987
iGeneratingEnergyWhenGridNeedsEnergyMinutes =536987
iUsingEnergyWhenGridNeedsEnergyMinutes =1881
iGeneratingEnergyWhenGridHasExcessEnergyMinutes = 5860
iUsingEnergyWhenGridHasExcessEnergyMinutes = 58
iIdleWhenGridDoesNotNeedEnergyMinutes = 40162
iIdleWhenGridNeedsEnergyMinutes = 4149531
iEnergyPriceIsZeroMinutes = 240
harvester.getEnergyHarvestedAVAILABLEKilowattHours( ): 2.9176973966666665E7
harvester.getEnergyHarvestedKilowattHours(): 5525029.411666582
Beginning testing mode:
station,&,y_intercept_for_month_1,&,running_average_size_minutes_for_month_1,&,y_intercept_for_month_2,&,running_average_size_minutes_for_month_2,&,y_intercept_for_month_3,&,running_average_size_minutes_for_month_3,&,y_intercept_for_month_4,&,running_average_size_minutes_for_month_4,&,y_intercept_for_month_5,&,running_average_size_minutes_for_month_5,&,y_intercept_for_month_6,&,running_average_size_minutes_for_month_6,&,y_intercept_for_month_7,&,running_average_size_minutes_for_month_7,&,y_intercept_for_month_8,&,running_average_size_minutes_for_month_8,&,y_intercept_for_month_9,&,running_average_size_minutes_for_month_9,&,y_intercept_for_month_10,&,running_average_size_minutes_for_month_10,&,y_intercept_for_month_11,&,running_average_size_minutes_for_month_11,&,y_intercept_for_month_12,&,running_average_size_minutes_for_month_12,&,dNetNorm,&,dMarketBalancePercentage,&,dMarketNetNorm,
results: KSFO,&,30,&,1,&,20,&,1,&,10,&,1,&,20,&,121,&,30,&,1,&,10,&,31,&,20,&,31,&,20,&,1,&,20,&,31,&,10,&,1,&,20,&,1,&,30,&,1,&,0.2446041048653401,&,0.921882704757663,&,0.22549629378808675
monthly visible minutes:KSFO,&,2013,&,8672,&,8672,&,8672,&,8672,&,8672,&,8672,&,8672,&,8672,&,8672,&,8672,&,8672,&,8672,&,
monthly visible minutes:KSFO,&,2014,&,8672,&,8672,&,8672,&,8672,&,8672,&,8672,&,8672,&,8672,&,8672,&,8672,&,8672,&,8463,&,
monthly minutes harvester between states:KSFO,&,2013,&,38,&,38,&,38,&,38,&,38,&,38,&,38,&,38,&,38,&,38,&,38,&,38,&,
monthly minutes harvester between states:KSFO,&,2014,&,38,&,38,&,38,&,38,&,38,&,38,&,38,&,38,&,38,&,38,&,38,&,19,&,
station,&,y_intercept_for_month_1,&,running_average_size_minutes_for_month_1,&,y_intercept_for_month_2,&,running_average_size_minutes_for_month_2,&,y_intercept_for_month_3,&,running_average_size_minutes_for_month_3,&,y_intercept_for_month_4,&,running_average_size_minutes_for_month_4,&,y_intercept_for_month_5,&,running_average_size_minutes_for_month_5,&,y_intercept_for_month_6,&,running_average_size_minutes_for_month_6,&,y_intercept_for_month_7,&,running_average_size_minutes_for_month_7,&,y_intercept_for_month_8,&,running_average_size_minutes_for_month_8,&,y_intercept_for_month_9,&,running_average_size_minutes_for_month_9,&,y_intercept_for_month_10,&,running_average_size_minutes_for_month_10,&,y_intercept_for_month_11,&,running_average_size_minutes_for_month_11,&,y_intercept_for_month_12,&,running_average_size_minutes_for_month_12,&,dNetNorm,&,dMarketBalancePercentage,&,dMarketNetNorm,
results: KSFO,&,30,&,1,&,20,&,1,&,10,&,1,&,20,&,121,&,30,&,1,&,10,&,121,&,20,&,31,&,20,&,1,&,20,&,31,&,10,&,31,&,20,&,1,&,30,&,1,&,0.23846118272030362,&,0.9195952312671556,&,0.21928776647191706
monthly visible minutes:KSFO,&,2013,&,8672,&,8672,&,8672,&,8672,&,8672,&,8672,&,8672,&,8672,&,8672,&,8672,&,8672,&,8672,&,
monthly visible minutes:KSFO,&,2014,&,8672,&,8672,&,8672,&,8672,&,8672,&,8672,&,8672,&,8672,&,8672,&,8672,&,8672,&,8463,&,
monthly minutes harvester between states:KSFO,&,2013,&,38,&,38,&,38,&,38,&,38,&,38,&,38,&,38,&,38,&,38,&,38,&,38,&,
monthly minutes harvester between states:KSFO,&,2014,&,38,&,38,&,38,&,38,&,38,&,38,&,38,&,38,&,38,&,38,&,38,&,19,&,
Station: KSMX
abc: The current path is /home/guy/retractable-wind
I have found the property file.
The training windspeed filename is /trainingKSMX2004-2012in.csv
The testing windspeed filename is /testingKSMX2013-2014in.csv
Yes, the station is KSMX
Warning: The bAlsoUsePrediction no longer has any effect
iUsedAllItsAllocatedVisibilityMinutesPerMonth: 8760
Visibility Allocation Minutes:8760
HARVESTER_SIZE_SQM is 6362
Reading file
Success: /Wind turbine power curves - wind turbine power output against wind speed in knots.csv found.
Speed (Knots) = Speed(knots) vs power (kW) , Power (kW) =V90
Speed (Knots) = 0 , Power (kW) =0
Speed (Knots) = 1 , Power (kW) =0
Speed (Knots) = 2 , Power (kW) =0
Speed (Knots) = 3 , Power (kW) =0
Speed (Knots) = 4 , Power (kW) =0
Speed (Knots) = 5 , Power (kW) =0
Speed (Knots) = 6 , Power (kW) =0
Speed (Knots) = 7 , Power (kW) =38
Speed (Knots) = 8 , Power (kW) =87
Speed (Knots) = 9 , Power (kW) =141
Speed (Knots) = 10 , Power (kW) =207
Speed (Knots) = 11 , Power (kW) =286
Speed (Knots) = 12 , Power (kW) =382
Speed (Knots) = 13 , Power (kW) =496
Speed (Knots) = 14 , Power (kW) =628
Speed (Knots) = 15 , Power (kW) =781
Speed (Knots) = 16 , Power (kW) =957
Speed (Knots) = 17 , Power (kW) =1153
Speed (Knots) = 18 , Power (kW) =1366
Speed (Knots) = 19 , Power (kW) =1589
Speed (Knots) = 20 , Power (kW) =1814
Speed (Knots) = 21 , Power (kW) =2035
Speed (Knots) = 22 , Power (kW) =2250
Speed (Knots) = 23 , Power (kW) =2452
Speed (Knots) = 24 , Power (kW) =2634
Speed (Knots) = 25 , Power (kW) =2784
Speed (Knots) = 26 , Power (kW) =2888
Speed (Knots) = 27 , Power (kW) =2949
Speed (Knots) = 28 , Power (kW) =2980
Speed (Knots) = 29 , Power (kW) =2993
Speed (Knots) = 30 , Power (kW) =3000
Speed (Knots) = 31 , Power (kW) =3000
Speed (Knots) = 32 , Power (kW) =3000
Speed (Knots) = 33 , Power (kW) =3000
Speed (Knots) = 34 , Power (kW) =3000
Speed (Knots) = 35 , Power (kW) =3000
Speed (Knots) = 36 , Power (kW) =3000
Speed (Knots) = 37 , Power (kW) =3000
Speed (Knots) = 38 , Power (kW) =3000
Speed (Knots) = 39 , Power (kW) =3000
Speed (Knots) = 40 , Power (kW) =3000
Speed (Knots) = 41 , Power (kW) =3000
Speed (Knots) = 42 , Power (kW) =3000
Speed (Knots) = 43 , Power (kW) =3000
Speed (Knots) = 44 , Power (kW) =3000
Speed (Knots) = 45 , Power (kW) =3000
Speed (Knots) = 46 , Power (kW) =3000
Speed (Knots) = 47 , Power (kW) =3000
Speed (Knots) = 48 , Power (kW) =3000
Speed (Knots) = 49 , Power (kW) =0
Speed (Knots) = 50 , Power (kW) =0
Speed (Knots) = 51 , Power (kW) =0
Speed (Knots) = 52 , Power (kW) =0
Speed (Knots) = 53 , Power (kW) =0
Speed (Knots) = 54 , Power (kW) =0
Speed (Knots) = 55 , Power (kW) =0
Speed (Knots) = 56 , Power (kW) =0
Speed (Knots) = 57 , Power (kW) =0
Speed (Knots) = 58 , Power (kW) =0
Speed (Knots) = 59 , Power (kW) =0
Speed (Knots) = 60 , Power (kW) =0
The scale is 1.0
Wind power at 10 knots in kilowatts is 207.0
Wind power in-cut-out test 0.0
Aging
Class name:edu.pitt.cs.people.guy.wind.benchmarks.Aging
Success: /Noise_Allowed_Time_Definitions_All_Stations.csv found.
The station is the record is KSMX
Success: /Noise_Allowed_Time_Definitions_All_Stations.csv found.
The station is the record is KSMX
I have found the membership file for NOT WINDY.
Windspeed (knots) [0,1), Membership Value =1.00000000,1.0
Windspeed (knots) [1,2), Membership Value =0.99984152,0.9998415
Windspeed (knots) [2,3), Membership Value =0.99797592,0.99797595
Windspeed (knots) [3,4), Membership Value =0.99176306,0.99176306
Windspeed (knots) [4,5), Membership Value =0.98075195,0.98075193
Windspeed (knots) [5,6), Membership Value =0.96501569,0.9650157
Windspeed (knots) [6,7), Membership Value =0.94321174,0.94321173
Windspeed (knots) [7,8), Membership Value =0.91253429,0.9125343
Windspeed (knots) [8,9), Membership Value =0.86896919,0.8689692
Windspeed (knots) [9,10), Membership Value =0.81232688,0.8123269
Windspeed (knots) [10,11), Membership Value =0.74433181,0.74433184
Windspeed (knots) [11,12), Membership Value =0.67016768,0.6701677
Windspeed (knots) [12,13), Membership Value =0.58838001,0.58838004
Windspeed (knots) [13,14), Membership Value =0.50484257,0.5048426
Windspeed (knots) [14,15), Membership Value =0.42222281,0.42222282
Windspeed (knots) [15,16), Membership Value =0.34158479,0.3415848
Windspeed (knots) [16,17), Membership Value =0.26171593,0.26171592
Windspeed (knots) [17,18), Membership Value =0.18446758,0.18446758
Windspeed (knots) [18,19), Membership Value =0.11059148,0.11059148
Windspeed (knots) [19,20), Membership Value =0.04170878,0.04170878
Windspeed (knots) [20,21), Membership Value =0.00000000,0.0
Windspeed (knots) [21,22), Membership Value =0.00000000,0.0
Windspeed (knots) [22,23), Membership Value =0.00000000,0.0
Windspeed (knots) [23,24), Membership Value =0.00000000,0.0
Windspeed (knots) [24,25), Membership Value =0.00000000,0.0
Windspeed (knots) [25,26), Membership Value =0.00000000,0.0
Windspeed (knots) [26,27), Membership Value =0.00000000,0.0
Windspeed (knots) [27,28), Membership Value =0.00000000,0.0
Windspeed (knots) [28,29), Membership Value =0.00000000,0.0
Windspeed (knots) [29,30), Membership Value =0.00000000,0.0
Windspeed (knots) [30,31), Membership Value =0.00000000,0.0
Windspeed (knots) [31,32), Membership Value =0.00000000,0.0
Windspeed (knots) [32,33), Membership Value =0.00000000,0.0
Windspeed (knots) [33,34), Membership Value =0.00000000,0.0
Windspeed (knots) [34,35), Membership Value =0.00000000,0.0
Windspeed (knots) [35,36), Membership Value =0.00000000,0.0
Windspeed (knots) [36,37), Membership Value =0.00000000,0.0
Windspeed (knots) [37,38), Membership Value =0.00000000,0.0
Windspeed (knots) [38,39), Membership Value =0.00000000,0.0
Windspeed (knots) [39,40), Membership Value =0.00000000,0.0
Windspeed (knots) [40,41), Membership Value =0.00000000,0.0
Windspeed (knots) [41,42), Membership Value =0.00000000,0.0
Windspeed (knots) [42,43), Membership Value =0.00000000,0.0
Windspeed (knots) [43,44), Membership Value =0.00000000,0.0
Windspeed (knots) [44,45), Membership Value =0.00000000,0.0
Windspeed (knots) [45,46), Membership Value =0.00000000,0.0
Windspeed (knots) [46,47), Membership Value =0.00000000,0.0
Windspeed (knots) [47,48), Membership Value =0.00000000,0.0
Windspeed (knots) [48,49), Membership Value =0.00000000,0.0
Windspeed (knots) [49,50), Membership Value =0.00000000,0.0
Windspeed (knots) [50,51), Membership Value =0.00000000,0.0
Windspeed (knots) [51,52), Membership Value =0.00000000,0.0
Windspeed (knots) [52,53), Membership Value =0.00000000,0.0
Windspeed (knots) [53,54), Membership Value =0.00000000,0.0
Windspeed (knots) [54,55), Membership Value =0.00000000,0.0
Windspeed (knots) [55,56), Membership Value =0.00000000,0.0
Windspeed (knots) [56,57), Membership Value =0.00000000,0.0
Windspeed (knots) [57,58), Membership Value =0.00000000,0.0
Windspeed (knots) [58,59), Membership Value =0.00000000,0.0
Windspeed (knots) [59,60), Membership Value =0.00000000,0.0
Windspeed (knots) [60,61), Membership Value =0.00000000,0.0
Windspeed (knots) [61,62), Membership Value =0.00000000,0.0
Windspeed (knots) [62,63), Membership Value =0.00000000,0.0
Windspeed (knots) [63,64), Membership Value =0.00000000,0.0
Windspeed (knots) [64,65), Membership Value =0.00000000,0.0
Windspeed (knots) [65,66), Membership Value =0.00000000,0.0
Windspeed (knots) [66,67), Membership Value =0.00000000,0.0
Windspeed (knots) [67,68), Membership Value =0.00000000,0.0
Windspeed (knots) [68,69), Membership Value =0.00000000,0.0
Windspeed (knots) [69,70), Membership Value =0.00000000,0.0
Windspeed (knots) [70,71), Membership Value =0.00000000,0.0
Windspeed (knots) [71,72), Membership Value =0.00000000,0.0
Windspeed (knots) [72,73), Membership Value =0.00000000,0.0
Windspeed (knots) [73,74), Membership Value =0.00000000,0.0
Windspeed (knots) [74,75), Membership Value =0.00000000,0.0
Windspeed (knots) [75,76), Membership Value =0.00000000,0.0
Windspeed (knots) [76,77), Membership Value =0.00000000,0.0
Windspeed (knots) [77,78), Membership Value =0.00000000,0.0
Windspeed (knots) [78,79), Membership Value =0.00000000,0.0
Windspeed (knots) [79,80), Membership Value =0.00000000,0.0
Windspeed (knots) [80,81), Membership Value =0.00000000,0.0
Windspeed (knots) [81,82), Membership Value =0.00000000,0.0
Windspeed (knots) [82,83), Membership Value =0.00000000,0.0
Windspeed (knots) [83,84), Membership Value =0.00000000,0.0
Windspeed (knots) [84,85), Membership Value =0.00000000,0.0
Windspeed (knots) [85,86), Membership Value =0.00000000,0.0
Windspeed (knots) [86,87), Membership Value =0.00000000,0.0
Windspeed (knots) [87,88), Membership Value =0.00000000,0.0
Windspeed (knots) [88,89), Membership Value =0.00000000,0.0
Windspeed (knots) [89,90), Membership Value =0.00000000,0.0
Windspeed (knots) [90,91), Membership Value =0.00000000,0.0
Windspeed (knots) [91,92), Membership Value =0.00000000,0.0
Windspeed (knots) [92,93), Membership Value =0.00000000,0.0
Windspeed (knots) [93,94), Membership Value =0.00000000,0.0
Windspeed (knots) [94,95), Membership Value =0.00000000,0.0
Windspeed (knots) [95,96), Membership Value =0.00000000,0.0
Windspeed (knots) [96,97), Membership Value =0.00000000,0.0
Windspeed (knots) [97,98), Membership Value =0.00000000,0.0
Windspeed (knots) [98,99), Membership Value =0.00000000,0.0
Windspeed (knots) [99,100), Membership Value =0.00000000,0.0
Windspeed (knots) [100,101), Membership Value =0.00000000,0.0
Windspeed (knots) [101,102), Membership Value =0.00000000,0.0
Windspeed (knots) [102,103), Membership Value =0.00000000,0.0
Windspeed (knots) [103,104), Membership Value =0.00000000,0.0
Windspeed (knots) [104,105), Membership Value =0.00000000,0.0
Windspeed (knots) [105,106), Membership Value =0.00000000,0.0
Windspeed (knots) [106,107), Membership Value =0.00000000,0.0
Windspeed (knots) [107,108), Membership Value =0.00000000,0.0
Windspeed (knots) [108,109), Membership Value =0.00000000,0.0
Windspeed (knots) [109,110), Membership Value =0.00000000,0.0
Windspeed (knots) [110,111), Membership Value =0.00000000,0.0
Windspeed (knots) [111,112), Membership Value =0.00000000,0.0
Windspeed (knots) [112,113), Membership Value =0.00000000,0.0
Windspeed (knots) [113,114), Membership Value =0.00000000,0.0
Windspeed (knots) [114,115), Membership Value =0.00000000,0.0
Windspeed (knots) [115,116), Membership Value =0.00000000,0.0
Windspeed (knots) [116,117), Membership Value =0.00000000,0.0
Windspeed (knots) [117,118), Membership Value =0.00000000,0.0
Windspeed (knots) [118,119), Membership Value =0.00000000,0.0
Windspeed (knots) [119,120), Membership Value =0.00000000,0.0
Windspeed (knots) [120,121), Membership Value =0.00000000,0.0
Windspeed (knots) [121,122), Membership Value =0.00000000,0.0
Windspeed (knots) [122,123), Membership Value =0.00000000,0.0
Windspeed (knots) [123,124), Membership Value =0.00000000,0.0
Windspeed (knots) [124,125), Membership Value =0.00000000,0.0
LowestWindspeedThatIsWindyKnots for station KSMX is 8 knots.
Transition limited :true
bUseWeatherPrediction: true
The running average is 1
The y-int is 8
Energy harvested: 2508426.9394444227
iGeneratingEnergyWhenGridNeedsEnergyMinutes =334529
iGeneratingEnergyWhenGridNeedsEnergyMinutes =334529
iUsingEnergyWhenGridNeedsEnergyMinutes =2058
iGeneratingEnergyWhenGridHasExcessEnergyMinutes = 2554
iUsingEnergyWhenGridHasExcessEnergyMinutes = 0
iIdleWhenGridDoesNotNeedEnergyMinutes = 43526
iIdleWhenGridNeedsEnergyMinutes = 4351812
iEnergyPriceIsZeroMinutes = 240
harvester.getEnergyHarvestedAVAILABLEKilowattHours( ): 1.1707182983333332E7
harvester.getEnergyHarvestedKilowattHours(): 2508426.9394444227
The y-int is 18
Energy harvested: 2972770.8311110567
iGeneratingEnergyWhenGridNeedsEnergyMinutes =351040
iGeneratingEnergyWhenGridNeedsEnergyMinutes =351040
iUsingEnergyWhenGridNeedsEnergyMinutes =764
iGeneratingEnergyWhenGridHasExcessEnergyMinutes = 990
iUsingEnergyWhenGridHasExcessEnergyMinutes = 0
iIdleWhenGridDoesNotNeedEnergyMinutes = 45090
iIdleWhenGridNeedsEnergyMinutes = 4336595
iEnergyPriceIsZeroMinutes = 240
harvester.getEnergyHarvestedAVAILABLEKilowattHours( ): 1.1707182983333332E7
harvester.getEnergyHarvestedKilowattHours(): 2972770.8311110567
The y-int is 28
Energy harvested: 2384515.3480555443
iGeneratingEnergyWhenGridNeedsEnergyMinutes =341667
iGeneratingEnergyWhenGridNeedsEnergyMinutes =341667
iUsingEnergyWhenGridNeedsEnergyMinutes =1974
iGeneratingEnergyWhenGridHasExcessEnergyMinutes = 956
iUsingEnergyWhenGridHasExcessEnergyMinutes = 59
iIdleWhenGridDoesNotNeedEnergyMinutes = 45065
iIdleWhenGridNeedsEnergyMinutes = 4344758
iEnergyPriceIsZeroMinutes = 240
harvester.getEnergyHarvestedAVAILABLEKilowattHours( ): 1.1707182983333332E7
harvester.getEnergyHarvestedKilowattHours(): 2384515.3480555443
The y-int is 38
Energy harvested: 2395206.3191666575
iGeneratingEnergyWhenGridNeedsEnergyMinutes =339540
iGeneratingEnergyWhenGridNeedsEnergyMinutes =339540
iUsingEnergyWhenGridNeedsEnergyMinutes =2079
iGeneratingEnergyWhenGridHasExcessEnergyMinutes = 3019
iUsingEnergyWhenGridHasExcessEnergyMinutes = 59
iIdleWhenGridDoesNotNeedEnergyMinutes = 43002
iIdleWhenGridNeedsEnergyMinutes = 4346780
iEnergyPriceIsZeroMinutes = 240
harvester.getEnergyHarvestedAVAILABLEKilowattHours( ): 1.1707182983333332E7
harvester.getEnergyHarvestedKilowattHours(): 2395206.3191666575
The running average is 31
The y-int is 8
Energy harvested: 2549571.9216666296
iGeneratingEnergyWhenGridNeedsEnergyMinutes =335514
iGeneratingEnergyWhenGridNeedsEnergyMinutes =335514
iUsingEnergyWhenGridNeedsEnergyMinutes =1983
iGeneratingEnergyWhenGridHasExcessEnergyMinutes = 2554
iUsingEnergyWhenGridHasExcessEnergyMinutes = 0
iIdleWhenGridDoesNotNeedEnergyMinutes = 43526
iIdleWhenGridNeedsEnergyMinutes = 4350902
iEnergyPriceIsZeroMinutes = 240
harvester.getEnergyHarvestedAVAILABLEKilowattHours( ): 1.1707182983333332E7
harvester.getEnergyHarvestedKilowattHours(): 2549571.9216666296
The y-int is 18
Energy harvested: 3104135.621944383
iGeneratingEnergyWhenGridNeedsEnergyMinutes =362303
iGeneratingEnergyWhenGridNeedsEnergyMinutes =362303
iUsingEnergyWhenGridNeedsEnergyMinutes =1156
iGeneratingEnergyWhenGridHasExcessEnergyMinutes = 728
iUsingEnergyWhenGridHasExcessEnergyMinutes = 20
iIdleWhenGridDoesNotNeedEnergyMinutes = 45332
iIdleWhenGridNeedsEnergyMinutes = 4324940
iEnergyPriceIsZeroMinutes = 240
harvester.getEnergyHarvestedAVAILABLEKilowattHours( ): 1.1707182983333332E7
harvester.getEnergyHarvestedKilowattHours(): 3104135.621944383
The y-int is 28
Energy harvested: 2396518.251944435
iGeneratingEnergyWhenGridNeedsEnergyMinutes =339494
iGeneratingEnergyWhenGridNeedsEnergyMinutes =339494
iUsingEnergyWhenGridNeedsEnergyMinutes =2082
iGeneratingEnergyWhenGridHasExcessEnergyMinutes = 3015
iUsingEnergyWhenGridHasExcessEnergyMinutes = 59
iIdleWhenGridDoesNotNeedEnergyMinutes = 43006
iIdleWhenGridNeedsEnergyMinutes = 4346823
iEnergyPriceIsZeroMinutes = 240
harvester.getEnergyHarvestedAVAILABLEKilowattHours( ): 1.1707182983333332E7
harvester.getEnergyHarvestedKilowattHours(): 2396518.251944435
The y-int is 38
Energy harvested: 2396518.251944435
iGeneratingEnergyWhenGridNeedsEnergyMinutes =339494
iGeneratingEnergyWhenGridNeedsEnergyMinutes =339494
iUsingEnergyWhenGridNeedsEnergyMinutes =2082
iGeneratingEnergyWhenGridHasExcessEnergyMinutes = 3015
iUsingEnergyWhenGridHasExcessEnergyMinutes = 59
iIdleWhenGridDoesNotNeedEnergyMinutes = 43006
iIdleWhenGridNeedsEnergyMinutes = 4346823
iEnergyPriceIsZeroMinutes = 240
harvester.getEnergyHarvestedAVAILABLEKilowattHours( ): 1.1707182983333332E7
harvester.getEnergyHarvestedKilowattHours(): 2396518.251944435
The running average is 61
The y-int is 8
Energy harvested: 2563205.107222187
iGeneratingEnergyWhenGridNeedsEnergyMinutes =335657
iGeneratingEnergyWhenGridNeedsEnergyMinutes =335657
iUsingEnergyWhenGridNeedsEnergyMinutes =1974
iGeneratingEnergyWhenGridHasExcessEnergyMinutes = 2554
iUsingEnergyWhenGridHasExcessEnergyMinutes = 0
iIdleWhenGridDoesNotNeedEnergyMinutes = 43526
iIdleWhenGridNeedsEnergyMinutes = 4350768
iEnergyPriceIsZeroMinutes = 240
harvester.getEnergyHarvestedAVAILABLEKilowattHours( ): 1.1707182983333332E7
harvester.getEnergyHarvestedKilowattHours(): 2563205.107222187
The y-int is 18
Energy harvested: 3065766.8186110365
iGeneratingEnergyWhenGridNeedsEnergyMinutes =361737
iGeneratingEnergyWhenGridNeedsEnergyMinutes =361737
iUsingEnergyWhenGridNeedsEnergyMinutes =1288
iGeneratingEnergyWhenGridHasExcessEnergyMinutes = 1376
iUsingEnergyWhenGridHasExcessEnergyMinutes = 20
iIdleWhenGridDoesNotNeedEnergyMinutes = 44684
iIdleWhenGridNeedsEnergyMinutes = 4325374
iEnergyPriceIsZeroMinutes = 240
harvester.getEnergyHarvestedAVAILABLEKilowattHours( ): 1.1707182983333332E7
harvester.getEnergyHarvestedKilowattHours(): 3065766.8186110365
The y-int is 28
Energy harvested: 2396518.251944435
iGeneratingEnergyWhenGridNeedsEnergyMinutes =339494
iGeneratingEnergyWhenGridNeedsEnergyMinutes =339494
iUsingEnergyWhenGridNeedsEnergyMinutes =2082
iGeneratingEnergyWhenGridHasExcessEnergyMinutes = 3015
iUsingEnergyWhenGridHasExcessEnergyMinutes = 59
iIdleWhenGridDoesNotNeedEnergyMinutes = 43006
iIdleWhenGridNeedsEnergyMinutes = 4346823
iEnergyPriceIsZeroMinutes = 240
harvester.getEnergyHarvestedAVAILABLEKilowattHours( ): 1.1707182983333332E7
harvester.getEnergyHarvestedKilowattHours(): 2396518.251944435
The y-int is 38
Energy harvested: 2388123.0505555463
iGeneratingEnergyWhenGridNeedsEnergyMinutes =337896
iGeneratingEnergyWhenGridNeedsEnergyMinutes =337896
iUsingEnergyWhenGridNeedsEnergyMinutes =2087
iGeneratingEnergyWhenGridHasExcessEnergyMinutes = 3015
iUsingEnergyWhenGridHasExcessEnergyMinutes = 59
iIdleWhenGridDoesNotNeedEnergyMinutes = 43006
iIdleWhenGridNeedsEnergyMinutes = 4348416
iEnergyPriceIsZeroMinutes = 240
harvester.getEnergyHarvestedAVAILABLEKilowattHours( ): 1.1707182983333332E7
harvester.getEnergyHarvestedKilowattHours(): 2388123.0505555463
The running average is 91
The y-int is 8
Energy harvested: 2584855.723333301
iGeneratingEnergyWhenGridNeedsEnergyMinutes =337169
iGeneratingEnergyWhenGridNeedsEnergyMinutes =337169
iUsingEnergyWhenGridNeedsEnergyMinutes =1923
iGeneratingEnergyWhenGridHasExcessEnergyMinutes = 2554
iUsingEnergyWhenGridHasExcessEnergyMinutes = 0
iIdleWhenGridDoesNotNeedEnergyMinutes = 43526
iIdleWhenGridNeedsEnergyMinutes = 4349307
iEnergyPriceIsZeroMinutes = 240
harvester.getEnergyHarvestedAVAILABLEKilowattHours( ): 1.1707182983333332E7
harvester.getEnergyHarvestedKilowattHours(): 2584855.723333301
The y-int is 18
Energy harvested: 2958527.407499932
iGeneratingEnergyWhenGridNeedsEnergyMinutes =355675
iGeneratingEnergyWhenGridNeedsEnergyMinutes =355675
iUsingEnergyWhenGridNeedsEnergyMinutes =1368
iGeneratingEnergyWhenGridHasExcessEnergyMinutes = 1279
iUsingEnergyWhenGridHasExcessEnergyMinutes = 40
iIdleWhenGridDoesNotNeedEnergyMinutes = 44761
iIdleWhenGridNeedsEnergyMinutes = 4331356
iEnergyPriceIsZeroMinutes = 240
harvester.getEnergyHarvestedAVAILABLEKilowattHours( ): 1.1707182983333332E7
harvester.getEnergyHarvestedKilowattHours(): 2958527.407499932
The y-int is 28
Energy harvested: 2388123.0505555463
iGeneratingEnergyWhenGridNeedsEnergyMinutes =337896
iGeneratingEnergyWhenGridNeedsEnergyMinutes =337896
iUsingEnergyWhenGridNeedsEnergyMinutes =2087
iGeneratingEnergyWhenGridHasExcessEnergyMinutes = 3015
iUsingEnergyWhenGridHasExcessEnergyMinutes = 59
iIdleWhenGridDoesNotNeedEnergyMinutes = 43006
iIdleWhenGridNeedsEnergyMinutes = 4348416
iEnergyPriceIsZeroMinutes = 240
harvester.getEnergyHarvestedAVAILABLEKilowattHours( ): 1.1707182983333332E7
harvester.getEnergyHarvestedKilowattHours(): 2388123.0505555463
The y-int is 38
Energy harvested: 2388123.0505555463
iGeneratingEnergyWhenGridNeedsEnergyMinutes =337896
iGeneratingEnergyWhenGridNeedsEnergyMinutes =337896
iUsingEnergyWhenGridNeedsEnergyMinutes =2087
iGeneratingEnergyWhenGridHasExcessEnergyMinutes = 3015
iUsingEnergyWhenGridHasExcessEnergyMinutes = 59
iIdleWhenGridDoesNotNeedEnergyMinutes = 43006
iIdleWhenGridNeedsEnergyMinutes = 4348416
iEnergyPriceIsZeroMinutes = 240
harvester.getEnergyHarvestedAVAILABLEKilowattHours( ): 1.1707182983333332E7
harvester.getEnergyHarvestedKilowattHours(): 2388123.0505555463
The running average is 121
The y-int is 8
Energy harvested: 2594892.5966666318
iGeneratingEnergyWhenGridNeedsEnergyMinutes =337719
iGeneratingEnergyWhenGridNeedsEnergyMinutes =337719
iUsingEnergyWhenGridNeedsEnergyMinutes =1839
iGeneratingEnergyWhenGridHasExcessEnergyMinutes = 2554
iUsingEnergyWhenGridHasExcessEnergyMinutes = 0
iIdleWhenGridDoesNotNeedEnergyMinutes = 43526
iIdleWhenGridNeedsEnergyMinutes = 4348841
iEnergyPriceIsZeroMinutes = 240
harvester.getEnergyHarvestedAVAILABLEKilowattHours( ): 1.1707182983333332E7
harvester.getEnergyHarvestedKilowattHours(): 2594892.5966666318
The y-int is 18
Energy harvested: 2911735.0827777074
iGeneratingEnergyWhenGridNeedsEnergyMinutes =354067
iGeneratingEnergyWhenGridNeedsEnergyMinutes =354067
iUsingEnergyWhenGridNeedsEnergyMinutes =1395
iGeneratingEnergyWhenGridHasExcessEnergyMinutes = 1310
iUsingEnergyWhenGridHasExcessEnergyMinutes = 40
iIdleWhenGridDoesNotNeedEnergyMinutes = 44730
iIdleWhenGridNeedsEnergyMinutes = 4332937
iEnergyPriceIsZeroMinutes = 240
harvester.getEnergyHarvestedAVAILABLEKilowattHours( ): 1.1707182983333332E7
harvester.getEnergyHarvestedKilowattHours(): 2911735.0827777074
The y-int is 28
Energy harvested: 2388123.0505555463
iGeneratingEnergyWhenGridNeedsEnergyMinutes =337896
iGeneratingEnergyWhenGridNeedsEnergyMinutes =337896
iUsingEnergyWhenGridNeedsEnergyMinutes =2087
iGeneratingEnergyWhenGridHasExcessEnergyMinutes = 3015
iUsingEnergyWhenGridHasExcessEnergyMinutes = 59
iIdleWhenGridDoesNotNeedEnergyMinutes = 43006
iIdleWhenGridNeedsEnergyMinutes = 4348416
iEnergyPriceIsZeroMinutes = 240
harvester.getEnergyHarvestedAVAILABLEKilowattHours( ): 1.1707182983333332E7
harvester.getEnergyHarvestedKilowattHours(): 2388123.0505555463
The y-int is 38
Energy harvested: 2388123.0505555463
iGeneratingEnergyWhenGridNeedsEnergyMinutes =337896
iGeneratingEnergyWhenGridNeedsEnergyMinutes =337896
iUsingEnergyWhenGridNeedsEnergyMinutes =2087
iGeneratingEnergyWhenGridHasExcessEnergyMinutes = 3015
iUsingEnergyWhenGridHasExcessEnergyMinutes = 59
iIdleWhenGridDoesNotNeedEnergyMinutes = 43006
iIdleWhenGridNeedsEnergyMinutes = 4348416
iEnergyPriceIsZeroMinutes = 240
harvester.getEnergyHarvestedAVAILABLEKilowattHours( ): 1.1707182983333332E7
harvester.getEnergyHarvestedKilowattHours(): 2388123.0505555463
Beginning testing mode:
station,&,y_intercept_for_month_1,&,running_average_size_minutes_for_month_1,&,y_intercept_for_month_2,&,running_average_size_minutes_for_month_2,&,y_intercept_for_month_3,&,running_average_size_minutes_for_month_3,&,y_intercept_for_month_4,&,running_average_size_minutes_for_month_4,&,y_intercept_for_month_5,&,running_average_size_minutes_for_month_5,&,y_intercept_for_month_6,&,running_average_size_minutes_for_month_6,&,y_intercept_for_month_7,&,running_average_size_minutes_for_month_7,&,y_intercept_for_month_8,&,running_average_size_minutes_for_month_8,&,y_intercept_for_month_9,&,running_average_size_minutes_for_month_9,&,y_intercept_for_month_10,&,running_average_size_minutes_for_month_10,&,y_intercept_for_month_11,&,running_average_size_minutes_for_month_11,&,y_intercept_for_month_12,&,running_average_size_minutes_for_month_12,&,dNetNorm,&,dMarketBalancePercentage,&,dMarketNetNorm,
results: KSMX,&,18,&,61,&,8,&,31,&,8,&,121,&,18,&,1,&,18,&,31,&,18,&,1,&,8,&,1,&,18,&,31,&,18,&,31,&,18,&,31,&,18,&,1,&,18,&,1,&,0.22998393765245526,&,0.9629753215154675,&,0.22146885630426633
monthly visible minutes:KSMX,&,2013,&,8672,&,8672,&,8672,&,8672,&,8672,&,8672,&,8672,&,8672,&,8672,&,8672,&,8672,&,8672,&,
monthly visible minutes:KSMX,&,2014,&,8672,&,8672,&,8672,&,8672,&,8672,&,8672,&,8672,&,8672,&,8672,&,8672,&,8672,&,8519,&,
monthly minutes harvester between states:KSMX,&,2013,&,38,&,38,&,38,&,38,&,38,&,38,&,38,&,38,&,38,&,38,&,38,&,38,&,
monthly minutes harvester between states:KSMX,&,2014,&,38,&,38,&,38,&,38,&,38,&,38,&,38,&,38,&,38,&,38,&,38,&,19,&,
station,&,y_intercept_for_month_1,&,running_average_size_minutes_for_month_1,&,y_intercept_for_month_2,&,running_average_size_minutes_for_month_2,&,y_intercept_for_month_3,&,running_average_size_minutes_for_month_3,&,y_intercept_for_month_4,&,running_average_size_minutes_for_month_4,&,y_intercept_for_month_5,&,running_average_size_minutes_for_month_5,&,y_intercept_for_month_6,&,running_average_size_minutes_for_month_6,&,y_intercept_for_month_7,&,running_average_size_minutes_for_month_7,&,y_intercept_for_month_8,&,running_average_size_minutes_for_month_8,&,y_intercept_for_month_9,&,running_average_size_minutes_for_month_9,&,y_intercept_for_month_10,&,running_average_size_minutes_for_month_10,&,y_intercept_for_month_11,&,running_average_size_minutes_for_month_11,&,y_intercept_for_month_12,&,running_average_size_minutes_for_month_12,&,dNetNorm,&,dMarketBalancePercentage,&,dMarketNetNorm,
results: KSMX,&,18,&,61,&,8,&,31,&,8,&,121,&,18,&,1,&,18,&,31,&,18,&,1,&,8,&,1,&,18,&,31,&,18,&,31,&,18,&,31,&,18,&,1,&,18,&,1,&,0.22263707514817094,&,0.9622077643526131,&,0.21422312234032628
monthly visible minutes:KSMX,&,2013,&,8672,&,8672,&,8672,&,8672,&,8672,&,8672,&,8672,&,8672,&,8672,&,8672,&,8672,&,8672,&,
monthly visible minutes:KSMX,&,2014,&,8672,&,8672,&,8672,&,8672,&,8672,&,8672,&,8672,&,8672,&,8672,&,8672,&,8672,&,8519,&,
monthly minutes harvester between states:KSMX,&,2013,&,38,&,38,&,38,&,38,&,38,&,38,&,38,&,38,&,38,&,38,&,38,&,38,&,
monthly minutes harvester between states:KSMX,&,2014,&,38,&,38,&,38,&,38,&,38,&,38,&,38,&,38,&,38,&,38,&,38,&,19,&,
Station: KSTL
abc: The current path is /home/guy/retractable-wind
I have found the property file.
The training windspeed filename is /trainingKSTL2004-2012in.csv
The testing windspeed filename is /testingKSTL2013-2014in.csv
Yes, the station is KSTL
Warning: The bAlsoUsePrediction no longer has any effect
iUsedAllItsAllocatedVisibilityMinutesPerMonth: 8760
Visibility Allocation Minutes:8760
HARVESTER_SIZE_SQM is 6362
Reading file
Success: /Wind turbine power curves - wind turbine power output against wind speed in knots.csv found.
Speed (Knots) = Speed(knots) vs power (kW) , Power (kW) =V90
Speed (Knots) = 0 , Power (kW) =0
Speed (Knots) = 1 , Power (kW) =0
Speed (Knots) = 2 , Power (kW) =0
Speed (Knots) = 3 , Power (kW) =0
Speed (Knots) = 4 , Power (kW) =0
Speed (Knots) = 5 , Power (kW) =0
Speed (Knots) = 6 , Power (kW) =0
Speed (Knots) = 7 , Power (kW) =38
Speed (Knots) = 8 , Power (kW) =87
Speed (Knots) = 9 , Power (kW) =141
Speed (Knots) = 10 , Power (kW) =207
Speed (Knots) = 11 , Power (kW) =286
Speed (Knots) = 12 , Power (kW) =382
Speed (Knots) = 13 , Power (kW) =496
Speed (Knots) = 14 , Power (kW) =628
Speed (Knots) = 15 , Power (kW) =781
Speed (Knots) = 16 , Power (kW) =957
Speed (Knots) = 17 , Power (kW) =1153
Speed (Knots) = 18 , Power (kW) =1366
Speed (Knots) = 19 , Power (kW) =1589
Speed (Knots) = 20 , Power (kW) =1814
Speed (Knots) = 21 , Power (kW) =2035
Speed (Knots) = 22 , Power (kW) =2250
Speed (Knots) = 23 , Power (kW) =2452
Speed (Knots) = 24 , Power (kW) =2634
Speed (Knots) = 25 , Power (kW) =2784
Speed (Knots) = 26 , Power (kW) =2888
Speed (Knots) = 27 , Power (kW) =2949
Speed (Knots) = 28 , Power (kW) =2980
Speed (Knots) = 29 , Power (kW) =2993
Speed (Knots) = 30 , Power (kW) =3000
Speed (Knots) = 31 , Power (kW) =3000
Speed (Knots) = 32 , Power (kW) =3000
Speed (Knots) = 33 , Power (kW) =3000
Speed (Knots) = 34 , Power (kW) =3000
Speed (Knots) = 35 , Power (kW) =3000
Speed (Knots) = 36 , Power (kW) =3000
Speed (Knots) = 37 , Power (kW) =3000
Speed (Knots) = 38 , Power (kW) =3000
Speed (Knots) = 39 , Power (kW) =3000
Speed (Knots) = 40 , Power (kW) =3000
Speed (Knots) = 41 , Power (kW) =3000
Speed (Knots) = 42 , Power (kW) =3000
Speed (Knots) = 43 , Power (kW) =3000
Speed (Knots) = 44 , Power (kW) =3000
Speed (Knots) = 45 , Power (kW) =3000
Speed (Knots) = 46 , Power (kW) =3000
Speed (Knots) = 47 , Power (kW) =3000
Speed (Knots) = 48 , Power (kW) =3000
Speed (Knots) = 49 , Power (kW) =0
Speed (Knots) = 50 , Power (kW) =0
Speed (Knots) = 51 , Power (kW) =0
Speed (Knots) = 52 , Power (kW) =0
Speed (Knots) = 53 , Power (kW) =0
Speed (Knots) = 54 , Power (kW) =0
Speed (Knots) = 55 , Power (kW) =0
Speed (Knots) = 56 , Power (kW) =0
Speed (Knots) = 57 , Power (kW) =0
Speed (Knots) = 58 , Power (kW) =0
Speed (Knots) = 59 , Power (kW) =0
Speed (Knots) = 60 , Power (kW) =0
The scale is 1.0
Wind power at 10 knots in kilowatts is 207.0
Wind power in-cut-out test 0.0
Aging
Class name:edu.pitt.cs.people.guy.wind.benchmarks.Aging
Success: /Noise_Allowed_Time_Definitions_All_Stations.csv found.
The station is the record is KSTL
Using sunset for all noise-allowed days
Using sunset for all noise-allowed days
Using sunset for all noise-allowed days
Reading sunset data for KSTL
Success: /STL_Sunset_Times.csv found.
Success: /Noise_Allowed_Time_Definitions_All_Stations.csv found.
The station is the record is KSTL
Using sunset for all noise-allowed days
Using sunset for all noise-allowed days
Using sunset for all noise-allowed days
Reading sunset data for KSTL
Success: /STL_Sunset_Times.csv found.
I have found the membership file for NOT WINDY.
Windspeed (knots) [0,1), Membership Value =1.00000000,1.0
Windspeed (knots) [1,2), Membership Value =0.99995164,0.99995166
Windspeed (knots) [2,3), Membership Value =0.99933553,0.9993355
Windspeed (knots) [3,4), Membership Value =0.99672278,0.99672276
Windspeed (knots) [4,5), Membership Value =0.98922296,0.98922294
Windspeed (knots) [5,6), Membership Value =0.97267884,0.97267884
Windspeed (knots) [6,7), Membership Value =0.94274286,0.9427429
Windspeed (knots) [7,8), Membership Value =0.89560317,0.8956032
Windspeed (knots) [8,9), Membership Value =0.83087053,0.8308705
Windspeed (knots) [9,10), Membership Value =0.74992761,0.7499276
Windspeed (knots) [10,11), Membership Value =0.65725868,0.6572587
Windspeed (knots) [11,12), Membership Value =0.55977955,0.5597795
Windspeed (knots) [12,13), Membership Value =0.46024850,0.4602485
Windspeed (knots) [13,14), Membership Value =0.36066227,0.36066228
Windspeed (knots) [14,15), Membership Value =0.26428382,0.2642838
Windspeed (knots) [15,16), Membership Value =0.17693071,0.17693071
Windspeed (knots) [16,17), Membership Value =0.09939847,0.09939847
Windspeed (knots) [17,18), Membership Value =0.03080972,0.03080972
Windspeed (knots) [18,19), Membership Value =0.00000000,0.0
Windspeed (knots) [19,20), Membership Value =0.00000000,0.0
Windspeed (knots) [20,21), Membership Value =0.00000000,0.0
Windspeed (knots) [21,22), Membership Value =0.00000000,0.0
Windspeed (knots) [22,23), Membership Value =0.00000000,0.0
Windspeed (knots) [23,24), Membership Value =0.00000000,0.0
Windspeed (knots) [24,25), Membership Value =0.00000000,0.0
Windspeed (knots) [25,26), Membership Value =0.00000000,0.0
Windspeed (knots) [26,27), Membership Value =0.00000000,0.0
Windspeed (knots) [27,28), Membership Value =0.00000000,0.0
Windspeed (knots) [28,29), Membership Value =0.00000000,0.0
Windspeed (knots) [29,30), Membership Value =0.00000000,0.0
Windspeed (knots) [30,31), Membership Value =0.00000000,0.0
Windspeed (knots) [31,32), Membership Value =0.00000000,0.0
Windspeed (knots) [32,33), Membership Value =0.00000000,0.0
Windspeed (knots) [33,34), Membership Value =0.00000000,0.0
Windspeed (knots) [34,35), Membership Value =0.00000000,0.0
Windspeed (knots) [35,36), Membership Value =0.00000000,0.0
Windspeed (knots) [36,37), Membership Value =0.00000000,0.0
Windspeed (knots) [37,38), Membership Value =0.00000000,0.0
Windspeed (knots) [38,39), Membership Value =0.00000000,0.0
Windspeed (knots) [39,40), Membership Value =0.00000000,0.0
Windspeed (knots) [40,41), Membership Value =0.00000000,0.0
Windspeed (knots) [41,42), Membership Value =0.00000000,0.0
Windspeed (knots) [42,43), Membership Value =0.00000000,0.0
Windspeed (knots) [43,44), Membership Value =0.00000000,0.0
Windspeed (knots) [44,45), Membership Value =0.00000000,0.0
Windspeed (knots) [45,46), Membership Value =0.00000000,0.0
Windspeed (knots) [46,47), Membership Value =0.00000000,0.0
Windspeed (knots) [47,48), Membership Value =0.00000000,0.0
Windspeed (knots) [48,49), Membership Value =0.00000000,0.0
Windspeed (knots) [49,50), Membership Value =0.00000000,0.0
Windspeed (knots) [50,51), Membership Value =0.00000000,0.0
Windspeed (knots) [51,52), Membership Value =0.00000000,0.0
Windspeed (knots) [52,53), Membership Value =0.00000000,0.0
Windspeed (knots) [53,54), Membership Value =0.00000000,0.0
Windspeed (knots) [54,55), Membership Value =0.00000000,0.0
Windspeed (knots) [55,56), Membership Value =0.00000000,0.0
Windspeed (knots) [56,57), Membership Value =0.00000000,0.0
Windspeed (knots) [57,58), Membership Value =0.00000000,0.0
Windspeed (knots) [58,59), Membership Value =0.00000000,0.0
Windspeed (knots) [59,60), Membership Value =0.00000000,0.0
Windspeed (knots) [60,61), Membership Value =0.00000000,0.0
Windspeed (knots) [61,62), Membership Value =0.00000000,0.0
Windspeed (knots) [62,63), Membership Value =0.00000000,0.0
Windspeed (knots) [63,64), Membership Value =0.00000000,0.0
Windspeed (knots) [64,65), Membership Value =0.00000000,0.0
Windspeed (knots) [65,66), Membership Value =0.00000000,0.0
Windspeed (knots) [66,67), Membership Value =0.00000000,0.0
Windspeed (knots) [67,68), Membership Value =0.00000000,0.0
Windspeed (knots) [68,69), Membership Value =0.00000000,0.0
Windspeed (knots) [69,70), Membership Value =0.00000000,0.0
Windspeed (knots) [70,71), Membership Value =0.00000000,0.0
Windspeed (knots) [71,72), Membership Value =0.00000000,0.0
Windspeed (knots) [72,73), Membership Value =0.00000000,0.0
Windspeed (knots) [73,74), Membership Value =0.00000000,0.0
Windspeed (knots) [74,75), Membership Value =0.00000000,0.0
Windspeed (knots) [75,76), Membership Value =0.00000000,0.0
Windspeed (knots) [76,77), Membership Value =0.00000000,0.0
Windspeed (knots) [77,78), Membership Value =0.00000000,0.0
Windspeed (knots) [78,79), Membership Value =0.00000000,0.0
Windspeed (knots) [79,80), Membership Value =0.00000000,0.0
Windspeed (knots) [80,81), Membership Value =0.00000000,0.0
Windspeed (knots) [81,82), Membership Value =0.00000000,0.0
Windspeed (knots) [82,83), Membership Value =0.00000000,0.0
Windspeed (knots) [83,84), Membership Value =0.00000000,0.0
Windspeed (knots) [84,85), Membership Value =0.00000000,0.0
Windspeed (knots) [85,86), Membership Value =0.00000000,0.0
Windspeed (knots) [86,87), Membership Value =0.00000000,0.0
Windspeed (knots) [87,88), Membership Value =0.00000000,0.0
Windspeed (knots) [88,89), Membership Value =0.00000000,0.0
Windspeed (knots) [89,90), Membership Value =0.00000000,0.0
Windspeed (knots) [90,91), Membership Value =0.00000000,0.0
Windspeed (knots) [91,92), Membership Value =0.00000000,0.0
Windspeed (knots) [92,93), Membership Value =0.00000000,0.0
Windspeed (knots) [93,94), Membership Value =0.00000000,0.0
Windspeed (knots) [94,95), Membership Value =0.00000000,0.0
Windspeed (knots) [95,96), Membership Value =0.00000000,0.0
Windspeed (knots) [96,97), Membership Value =0.00000000,0.0
Windspeed (knots) [97,98), Membership Value =0.00000000,0.0
Windspeed (knots) [98,99), Membership Value =0.00000000,0.0
Windspeed (knots) [99,100), Membership Value =0.00000000,0.0
Windspeed (knots) [100,101), Membership Value =0.00000000,0.0
Windspeed (knots) [101,102), Membership Value =0.00000000,0.0
Windspeed (knots) [102,103), Membership Value =0.00000000,0.0
Windspeed (knots) [103,104), Membership Value =0.00000000,0.0
Windspeed (knots) [104,105), Membership Value =0.00000000,0.0
Windspeed (knots) [105,106), Membership Value =0.00000000,0.0
Windspeed (knots) [106,107), Membership Value =0.00000000,0.0
Windspeed (knots) [107,108), Membership Value =0.00000000,0.0
Windspeed (knots) [108,109), Membership Value =0.00000000,0.0
Windspeed (knots) [109,110), Membership Value =0.00000000,0.0
Windspeed (knots) [110,111), Membership Value =0.00000000,0.0
Windspeed (knots) [111,112), Membership Value =0.00000000,0.0
Windspeed (knots) [112,113), Membership Value =0.00000000,0.0
Windspeed (knots) [113,114), Membership Value =0.00000000,0.0
Windspeed (knots) [114,115), Membership Value =0.00000000,0.0
Windspeed (knots) [115,116), Membership Value =0.00000000,0.0
Windspeed (knots) [116,117), Membership Value =0.00000000,0.0
Windspeed (knots) [117,118), Membership Value =0.00000000,0.0
Windspeed (knots) [118,119), Membership Value =0.00000000,0.0
Windspeed (knots) [119,120), Membership Value =0.00000000,0.0
Windspeed (knots) [120,121), Membership Value =0.00000000,0.0
Windspeed (knots) [121,122), Membership Value =0.00000000,0.0
Windspeed (knots) [122,123), Membership Value =0.00000000,0.0
Windspeed (knots) [123,124), Membership Value =0.00000000,0.0
Windspeed (knots) [124,125), Membership Value =0.00000000,0.0
LowestWindspeedThatIsWindyKnots for station KSTL is 7 knots.
Transition limited :true
bUseWeatherPrediction: true
The running average is 1
The y-int is 7
Energy harvested: 2749422.7063888153
iGeneratingEnergyWhenGridNeedsEnergyMinutes =524825
iGeneratingEnergyWhenGridNeedsEnergyMinutes =524825
iUsingEnergyWhenGridNeedsEnergyMinutes =1869
iGeneratingEnergyWhenGridHasExcessEnergyMinutes = 6529
iUsingEnergyWhenGridHasExcessEnergyMinutes = 76
iIdleWhenGridDoesNotNeedEnergyMinutes = 39475
iIdleWhenGridNeedsEnergyMinutes = 4161705
iEnergyPriceIsZeroMinutes = 240
harvester.getEnergyHarvestedAVAILABLEKilowattHours( ): 1.4201779516666668E7
harvester.getEnergyHarvestedKilowattHours(): 2749422.7063888153
The y-int is 17
Energy harvested: 3767898.4352777475
iGeneratingEnergyWhenGridNeedsEnergyMinutes =552529
iGeneratingEnergyWhenGridNeedsEnergyMinutes =552529
iUsingEnergyWhenGridNeedsEnergyMinutes =329
iGeneratingEnergyWhenGridHasExcessEnergyMinutes = 4877
iUsingEnergyWhenGridHasExcessEnergyMinutes = 2
iIdleWhenGridDoesNotNeedEnergyMinutes = 41201
iIdleWhenGridNeedsEnergyMinutes = 4135541
iEnergyPriceIsZeroMinutes = 240
harvester.getEnergyHarvestedAVAILABLEKilowattHours( ): 1.4201779516666668E7
harvester.getEnergyHarvestedKilowattHours(): 3767898.4352777475
The y-int is 27
Energy harvested: 3025746.2822221396
iGeneratingEnergyWhenGridNeedsEnergyMinutes =512758
iGeneratingEnergyWhenGridNeedsEnergyMinutes =512758
iUsingEnergyWhenGridNeedsEnergyMinutes =1721
iGeneratingEnergyWhenGridHasExcessEnergyMinutes = 6503
iUsingEnergyWhenGridHasExcessEnergyMinutes = 39
iIdleWhenGridDoesNotNeedEnergyMinutes = 39538
iIdleWhenGridNeedsEnergyMinutes = 4173920
iEnergyPriceIsZeroMinutes = 240
harvester.getEnergyHarvestedAVAILABLEKilowattHours( ): 1.4201779516666668E7
harvester.getEnergyHarvestedKilowattHours(): 3025746.2822221396
The y-int is 37
Energy harvested: 2985436.778055465
iGeneratingEnergyWhenGridNeedsEnergyMinutes =510798
iGeneratingEnergyWhenGridNeedsEnergyMinutes =510798
iUsingEnergyWhenGridNeedsEnergyMinutes =1955
iGeneratingEnergyWhenGridHasExcessEnergyMinutes = 6981
iUsingEnergyWhenGridHasExcessEnergyMinutes = 59
iIdleWhenGridDoesNotNeedEnergyMinutes = 39040
iIdleWhenGridNeedsEnergyMinutes = 4175646
iEnergyPriceIsZeroMinutes = 240
harvester.getEnergyHarvestedAVAILABLEKilowattHours( ): 1.4201779516666668E7
harvester.getEnergyHarvestedKilowattHours(): 2985436.778055465
The running average is 31
The y-int is 7
Energy harvested: 2768206.0783332554
iGeneratingEnergyWhenGridNeedsEnergyMinutes =527414
iGeneratingEnergyWhenGridNeedsEnergyMinutes =527414
iUsingEnergyWhenGridNeedsEnergyMinutes =1823
iGeneratingEnergyWhenGridHasExcessEnergyMinutes = 6437
iUsingEnergyWhenGridHasExcessEnergyMinutes = 96
iIdleWhenGridDoesNotNeedEnergyMinutes = 39547
iIdleWhenGridNeedsEnergyMinutes = 4159162
iEnergyPriceIsZeroMinutes = 240
harvester.getEnergyHarvestedAVAILABLEKilowattHours( ): 1.4201779516666668E7
harvester.getEnergyHarvestedKilowattHours(): 2768206.0783332554
The y-int is 17
Energy harvested: 3569273.598888829
iGeneratingEnergyWhenGridNeedsEnergyMinutes =523988
iGeneratingEnergyWhenGridNeedsEnergyMinutes =523988
iUsingEnergyWhenGridNeedsEnergyMinutes =925
iGeneratingEnergyWhenGridHasExcessEnergyMinutes = 2534
iUsingEnergyWhenGridHasExcessEnergyMinutes = 20
iIdleWhenGridDoesNotNeedEnergyMinutes = 43526
iIdleWhenGridNeedsEnergyMinutes = 4163486
iEnergyPriceIsZeroMinutes = 240
harvester.getEnergyHarvestedAVAILABLEKilowattHours( ): 1.4201779516666668E7
harvester.getEnergyHarvestedKilowattHours(): 3569273.598888829
The y-int is 27
Energy harvested: 3028179.614444356
iGeneratingEnergyWhenGridNeedsEnergyMinutes =511968
iGeneratingEnergyWhenGridNeedsEnergyMinutes =511968
iUsingEnergyWhenGridNeedsEnergyMinutes =1944
iGeneratingEnergyWhenGridHasExcessEnergyMinutes = 6981
iUsingEnergyWhenGridHasExcessEnergyMinutes = 59
iIdleWhenGridDoesNotNeedEnergyMinutes = 39040
iIdleWhenGridNeedsEnergyMinutes = 4174487
iEnergyPriceIsZeroMinutes = 240
harvester.getEnergyHarvestedAVAILABLEKilowattHours( ): 1.4201779516666668E7
harvester.getEnergyHarvestedKilowattHours(): 3028179.614444356
The y-int is 37
Energy harvested: 2985436.778055465
iGeneratingEnergyWhenGridNeedsEnergyMinutes =510798
iGeneratingEnergyWhenGridNeedsEnergyMinutes =510798
iUsingEnergyWhenGridNeedsEnergyMinutes =1955
iGeneratingEnergyWhenGridHasExcessEnergyMinutes = 6981
iUsingEnergyWhenGridHasExcessEnergyMinutes = 59
iIdleWhenGridDoesNotNeedEnergyMinutes = 39040
iIdleWhenGridNeedsEnergyMinutes = 4175646
iEnergyPriceIsZeroMinutes = 240
harvester.getEnergyHarvestedAVAILABLEKilowattHours( ): 1.4201779516666668E7
harvester.getEnergyHarvestedKilowattHours(): 2985436.778055465
The running average is 61
The y-int is 7
Energy harvested: 2797184.168611032
iGeneratingEnergyWhenGridNeedsEnergyMinutes =531020
iGeneratingEnergyWhenGridNeedsEnergyMinutes =531020
iUsingEnergyWhenGridNeedsEnergyMinutes =1808
iGeneratingEnergyWhenGridHasExcessEnergyMinutes = 6361
iUsingEnergyWhenGridHasExcessEnergyMinutes = 76
iIdleWhenGridDoesNotNeedEnergyMinutes = 39643
iIdleWhenGridNeedsEnergyMinutes = 4155571
iEnergyPriceIsZeroMinutes = 240
harvester.getEnergyHarvestedAVAILABLEKilowattHours( ): 1.4201779516666668E7
harvester.getEnergyHarvestedKilowattHours(): 2797184.168611032
The y-int is 17
Energy harvested: 3479695.6080554724
iGeneratingEnergyWhenGridNeedsEnergyMinutes =519394
iGeneratingEnergyWhenGridNeedsEnergyMinutes =519394
iUsingEnergyWhenGridNeedsEnergyMinutes =1225
iGeneratingEnergyWhenGridHasExcessEnergyMinutes = 2990
iUsingEnergyWhenGridHasExcessEnergyMinutes = 39
iIdleWhenGridDoesNotNeedEnergyMinutes = 43051
iIdleWhenGridNeedsEnergyMinutes = 4167780
iEnergyPriceIsZeroMinutes = 240
harvester.getEnergyHarvestedAVAILABLEKilowattHours( ): 1.4201779516666668E7
harvester.getEnergyHarvestedKilowattHours(): 3479695.6080554724
The y-int is 27
Energy harvested: 3027589.7644443563
iGeneratingEnergyWhenGridNeedsEnergyMinutes =511968
iGeneratingEnergyWhenGridNeedsEnergyMinutes =511968
iUsingEnergyWhenGridNeedsEnergyMinutes =1944
iGeneratingEnergyWhenGridHasExcessEnergyMinutes = 6981
iUsingEnergyWhenGridHasExcessEnergyMinutes = 59
iIdleWhenGridDoesNotNeedEnergyMinutes = 39040
iIdleWhenGridNeedsEnergyMinutes = 4174487
iEnergyPriceIsZeroMinutes = 240
harvester.getEnergyHarvestedAVAILABLEKilowattHours( ): 1.4201779516666668E7
harvester.getEnergyHarvestedKilowattHours(): 3027589.7644443563
The y-int is 37
Energy harvested: 2985436.778055465
iGeneratingEnergyWhenGridNeedsEnergyMinutes =510798
iGeneratingEnergyWhenGridNeedsEnergyMinutes =510798
iUsingEnergyWhenGridNeedsEnergyMinutes =1955
iGeneratingEnergyWhenGridHasExcessEnergyMinutes = 6981
iUsingEnergyWhenGridHasExcessEnergyMinutes = 59
iIdleWhenGridDoesNotNeedEnergyMinutes = 39040
iIdleWhenGridNeedsEnergyMinutes = 4175646
iEnergyPriceIsZeroMinutes = 240
harvester.getEnergyHarvestedAVAILABLEKilowattHours( ): 1.4201779516666668E7
harvester.getEnergyHarvestedKilowattHours(): 2985436.778055465
The running average is 91
The y-int is 7
Energy harvested: 2809614.9141665814
iGeneratingEnergyWhenGridNeedsEnergyMinutes =531982
iGeneratingEnergyWhenGridNeedsEnergyMinutes =531982
iUsingEnergyWhenGridNeedsEnergyMinutes =1824
iGeneratingEnergyWhenGridHasExcessEnergyMinutes = 6415
iUsingEnergyWhenGridHasExcessEnergyMinutes = 76
iIdleWhenGridDoesNotNeedEnergyMinutes = 39589
iIdleWhenGridNeedsEnergyMinutes = 4154593
iEnergyPriceIsZeroMinutes = 240
harvester.getEnergyHarvestedAVAILABLEKilowattHours( ): 1.4201779516666668E7
harvester.getEnergyHarvestedKilowattHours(): 2809614.9141665814
The y-int is 17
Energy harvested: 3425796.6361110206
iGeneratingEnergyWhenGridNeedsEnergyMinutes =519950
iGeneratingEnergyWhenGridNeedsEnergyMinutes =519950
iUsingEnergyWhenGridNeedsEnergyMinutes =1306
iGeneratingEnergyWhenGridHasExcessEnergyMinutes = 3375
iUsingEnergyWhenGridHasExcessEnergyMinutes = 39
iIdleWhenGridDoesNotNeedEnergyMinutes = 42666
iIdleWhenGridNeedsEnergyMinutes = 4167143
iEnergyPriceIsZeroMinutes = 240
harvester.getEnergyHarvestedAVAILABLEKilowattHours( ): 1.4201779516666668E7
harvester.getEnergyHarvestedKilowattHours(): 3425796.6361110206
The y-int is 27
Energy harvested: 3026038.7977776895
iGeneratingEnergyWhenGridNeedsEnergyMinutes =511968
iGeneratingEnergyWhenGridNeedsEnergyMinutes =511968
iUsingEnergyWhenGridNeedsEnergyMinutes =1944
iGeneratingEnergyWhenGridHasExcessEnergyMinutes = 6981
iUsingEnergyWhenGridHasExcessEnergyMinutes = 59
iIdleWhenGridDoesNotNeedEnergyMinutes = 39040
iIdleWhenGridNeedsEnergyMinutes = 4174487
iEnergyPriceIsZeroMinutes = 240
harvester.getEnergyHarvestedAVAILABLEKilowattHours( ): 1.4201779516666668E7
harvester.getEnergyHarvestedKilowattHours(): 3026038.7977776895
The y-int is 37
Energy harvested: 2985436.778055465
iGeneratingEnergyWhenGridNeedsEnergyMinutes =510798
iGeneratingEnergyWhenGridNeedsEnergyMinutes =510798
iUsingEnergyWhenGridNeedsEnergyMinutes =1955
iGeneratingEnergyWhenGridHasExcessEnergyMinutes = 6981
iUsingEnergyWhenGridHasExcessEnergyMinutes = 59
iIdleWhenGridDoesNotNeedEnergyMinutes = 39040
iIdleWhenGridNeedsEnergyMinutes = 4175646
iEnergyPriceIsZeroMinutes = 240
harvester.getEnergyHarvestedAVAILABLEKilowattHours( ): 1.4201779516666668E7
harvester.getEnergyHarvestedKilowattHours(): 2985436.778055465
The running average is 121
The y-int is 7
Energy harvested: 2808091.9158332488
iGeneratingEnergyWhenGridNeedsEnergyMinutes =531074
iGeneratingEnergyWhenGridNeedsEnergyMinutes =531074
iUsingEnergyWhenGridNeedsEnergyMinutes =1823
iGeneratingEnergyWhenGridHasExcessEnergyMinutes = 6287
iUsingEnergyWhenGridHasExcessEnergyMinutes = 73
iIdleWhenGridDoesNotNeedEnergyMinutes = 39720
iIdleWhenGridNeedsEnergyMinutes = 4155502
iEnergyPriceIsZeroMinutes = 240
harvester.getEnergyHarvestedAVAILABLEKilowattHours( ): 1.4201779516666668E7
harvester.getEnergyHarvestedKilowattHours(): 2808091.9158332488
The y-int is 17
Energy harvested: 3385782.6341665643
iGeneratingEnergyWhenGridNeedsEnergyMinutes =523379
iGeneratingEnergyWhenGridNeedsEnergyMinutes =523379
iUsingEnergyWhenGridNeedsEnergyMinutes =1407
iGeneratingEnergyWhenGridHasExcessEnergyMinutes = 3765
iUsingEnergyWhenGridHasExcessEnergyMinutes = 59
iIdleWhenGridDoesNotNeedEnergyMinutes = 42256
iIdleWhenGridNeedsEnergyMinutes = 4163613
iEnergyPriceIsZeroMinutes = 240
harvester.getEnergyHarvestedAVAILABLEKilowattHours( ): 1.4201779516666668E7
harvester.getEnergyHarvestedKilowattHours(): 3385782.6341665643
The y-int is 27
Energy harvested: 2985436.778055465
iGeneratingEnergyWhenGridNeedsEnergyMinutes =510798
iGeneratingEnergyWhenGridNeedsEnergyMinutes =510798
iUsingEnergyWhenGridNeedsEnergyMinutes =1955
iGeneratingEnergyWhenGridHasExcessEnergyMinutes = 6981
iUsingEnergyWhenGridHasExcessEnergyMinutes = 59
iIdleWhenGridDoesNotNeedEnergyMinutes = 39040
iIdleWhenGridNeedsEnergyMinutes = 4175646
iEnergyPriceIsZeroMinutes = 240
harvester.getEnergyHarvestedAVAILABLEKilowattHours( ): 1.4201779516666668E7
harvester.getEnergyHarvestedKilowattHours(): 2985436.778055465
The y-int is 37
Energy harvested: 2985436.778055465
iGeneratingEnergyWhenGridNeedsEnergyMinutes =510798
iGeneratingEnergyWhenGridNeedsEnergyMinutes =510798
iUsingEnergyWhenGridNeedsEnergyMinutes =1955
iGeneratingEnergyWhenGridHasExcessEnergyMinutes = 6981
iUsingEnergyWhenGridHasExcessEnergyMinutes = 59
iIdleWhenGridDoesNotNeedEnergyMinutes = 39040
iIdleWhenGridNeedsEnergyMinutes = 4175646
iEnergyPriceIsZeroMinutes = 240
harvester.getEnergyHarvestedAVAILABLEKilowattHours( ): 1.4201779516666668E7
harvester.getEnergyHarvestedKilowattHours(): 2985436.778055465
Beginning testing mode:
station,&,y_intercept_for_month_1,&,running_average_size_minutes_for_month_1,&,y_intercept_for_month_2,&,running_average_size_minutes_for_month_2,&,y_intercept_for_month_3,&,running_average_size_minutes_for_month_3,&,y_intercept_for_month_4,&,running_average_size_minutes_for_month_4,&,y_intercept_for_month_5,&,running_average_size_minutes_for_month_5,&,y_intercept_for_month_6,&,running_average_size_minutes_for_month_6,&,y_intercept_for_month_7,&,running_average_size_minutes_for_month_7,&,y_intercept_for_month_8,&,running_average_size_minutes_for_month_8,&,y_intercept_for_month_9,&,running_average_size_minutes_for_month_9,&,y_intercept_for_month_10,&,running_average_size_minutes_for_month_10,&,y_intercept_for_month_11,&,running_average_size_minutes_for_month_11,&,y_intercept_for_month_12,&,running_average_size_minutes_for_month_12,&,dNetNorm,&,dMarketBalancePercentage,&,dMarketNetNorm,
results: KSTL,&,7,&,91,&,27,&,1,&,17,&,1,&,17,&,1,&,17,&,31,&,7,&,121,&,37,&,1,&,17,&,1,&,7,&,31,&,17,&,1,&,17,&,1,&,17,&,1,&,0.21745029514849418,&,0.9281788135517723,&,0.20183275695741204
monthly visible minutes:KSTL,&,2013,&,8672,&,8672,&,8672,&,8672,&,8672,&,8672,&,8672,&,8672,&,8672,&,8672,&,8672,&,8672,&,
monthly visible minutes:KSTL,&,2014,&,8672,&,8672,&,8672,&,8672,&,8672,&,8672,&,8672,&,8672,&,8672,&,8672,&,8672,&,8672,&,
monthly minutes harvester between states:KSTL,&,2013,&,38,&,38,&,38,&,38,&,38,&,38,&,38,&,38,&,38,&,38,&,38,&,38,&,
monthly minutes harvester between states:KSTL,&,2014,&,38,&,38,&,38,&,38,&,38,&,38,&,38,&,38,&,38,&,38,&,38,&,38,&,
station,&,y_intercept_for_month_1,&,running_average_size_minutes_for_month_1,&,y_intercept_for_month_2,&,running_average_size_minutes_for_month_2,&,y_intercept_for_month_3,&,running_average_size_minutes_for_month_3,&,y_intercept_for_month_4,&,running_average_size_minutes_for_month_4,&,y_intercept_for_month_5,&,running_average_size_minutes_for_month_5,&,y_intercept_for_month_6,&,running_average_size_minutes_for_month_6,&,y_intercept_for_month_7,&,running_average_size_minutes_for_month_7,&,y_intercept_for_month_8,&,running_average_size_minutes_for_month_8,&,y_intercept_for_month_9,&,running_average_size_minutes_for_month_9,&,y_intercept_for_month_10,&,running_average_size_minutes_for_month_10,&,y_intercept_for_month_11,&,running_average_size_minutes_for_month_11,&,y_intercept_for_month_12,&,running_average_size_minutes_for_month_12,&,dNetNorm,&,dMarketBalancePercentage,&,dMarketNetNorm,
results: KSTL,&,7,&,91,&,17,&,91,&,17,&,1,&,17,&,1,&,17,&,31,&,7,&,121,&,37,&,1,&,17,&,1,&,7,&,31,&,17,&,1,&,17,&,1,&,17,&,1,&,0.22162145574767647,&,0.9274354403120753,&,0.20553959239394942
monthly visible minutes:KSTL,&,2013,&,8672,&,8672,&,8672,&,8672,&,8672,&,8672,&,8672,&,8672,&,8672,&,8672,&,8672,&,8672,&,
monthly visible minutes:KSTL,&,2014,&,8672,&,8672,&,8672,&,8672,&,8672,&,8672,&,8672,&,8672,&,8672,&,8672,&,8672,&,8672,&,
monthly minutes harvester between states:KSTL,&,2013,&,38,&,38,&,38,&,38,&,38,&,38,&,38,&,38,&,38,&,38,&,38,&,38,&,
monthly minutes harvester between states:KSTL,&,2014,&,38,&,38,&,38,&,38,&,38,&,38,&,38,&,38,&,38,&,38,&,38,&,38,&,
Station: KTPA
abc: The current path is /home/guy/retractable-wind
I have found the property file.
The training windspeed filename is /trainingKTPA2004-2012in.csv
The testing windspeed filename is /testingKTPA2013-2014in.csv
Yes, the station is KTPA
Warning: The bAlsoUsePrediction no longer has any effect
iUsedAllItsAllocatedVisibilityMinutesPerMonth: 8760
Visibility Allocation Minutes:8760
HARVESTER_SIZE_SQM is 6362
Reading file
Success: /Wind turbine power curves - wind turbine power output against wind speed in knots.csv found.
Speed (Knots) = Speed(knots) vs power (kW) , Power (kW) =V90
Speed (Knots) = 0 , Power (kW) =0
Speed (Knots) = 1 , Power (kW) =0
Speed (Knots) = 2 , Power (kW) =0
Speed (Knots) = 3 , Power (kW) =0
Speed (Knots) = 4 , Power (kW) =0
Speed (Knots) = 5 , Power (kW) =0
Speed (Knots) = 6 , Power (kW) =0
Speed (Knots) = 7 , Power (kW) =38
Speed (Knots) = 8 , Power (kW) =87
Speed (Knots) = 9 , Power (kW) =141
Speed (Knots) = 10 , Power (kW) =207
Speed (Knots) = 11 , Power (kW) =286
Speed (Knots) = 12 , Power (kW) =382
Speed (Knots) = 13 , Power (kW) =496
Speed (Knots) = 14 , Power (kW) =628
Speed (Knots) = 15 , Power (kW) =781
Speed (Knots) = 16 , Power (kW) =957
Speed (Knots) = 17 , Power (kW) =1153
Speed (Knots) = 18 , Power (kW) =1366
Speed (Knots) = 19 , Power (kW) =1589
Speed (Knots) = 20 , Power (kW) =1814
Speed (Knots) = 21 , Power (kW) =2035
Speed (Knots) = 22 , Power (kW) =2250
Speed (Knots) = 23 , Power (kW) =2452
Speed (Knots) = 24 , Power (kW) =2634
Speed (Knots) = 25 , Power (kW) =2784
Speed (Knots) = 26 , Power (kW) =2888
Speed (Knots) = 27 , Power (kW) =2949
Speed (Knots) = 28 , Power (kW) =2980
Speed (Knots) = 29 , Power (kW) =2993
Speed (Knots) = 30 , Power (kW) =3000
Speed (Knots) = 31 , Power (kW) =3000
Speed (Knots) = 32 , Power (kW) =3000
Speed (Knots) = 33 , Power (kW) =3000
Speed (Knots) = 34 , Power (kW) =3000
Speed (Knots) = 35 , Power (kW) =3000
Speed (Knots) = 36 , Power (kW) =3000
Speed (Knots) = 37 , Power (kW) =3000
Speed (Knots) = 38 , Power (kW) =3000
Speed (Knots) = 39 , Power (kW) =3000
Speed (Knots) = 40 , Power (kW) =3000
Speed (Knots) = 41 , Power (kW) =3000
Speed (Knots) = 42 , Power (kW) =3000
Speed (Knots) = 43 , Power (kW) =3000
Speed (Knots) = 44 , Power (kW) =3000
Speed (Knots) = 45 , Power (kW) =3000
Speed (Knots) = 46 , Power (kW) =3000
Speed (Knots) = 47 , Power (kW) =3000
Speed (Knots) = 48 , Power (kW) =3000
Speed (Knots) = 49 , Power (kW) =0
Speed (Knots) = 50 , Power (kW) =0
Speed (Knots) = 51 , Power (kW) =0
Speed (Knots) = 52 , Power (kW) =0
Speed (Knots) = 53 , Power (kW) =0
Speed (Knots) = 54 , Power (kW) =0
Speed (Knots) = 55 , Power (kW) =0
Speed (Knots) = 56 , Power (kW) =0
Speed (Knots) = 57 , Power (kW) =0
Speed (Knots) = 58 , Power (kW) =0
Speed (Knots) = 59 , Power (kW) =0
Speed (Knots) = 60 , Power (kW) =0
The scale is 1.0
Wind power at 10 knots in kilowatts is 207.0
Wind power in-cut-out test 0.0
Aging
Class name:edu.pitt.cs.people.guy.wind.benchmarks.Aging
Success: /Noise_Allowed_Time_Definitions_All_Stations.csv found.
The station is the record is KTPA
Success: /Noise_Allowed_Time_Definitions_All_Stations.csv found.
The station is the record is KTPA
I have found the membership file for NOT WINDY.
Windspeed (knots) [0,1), Membership Value =1.00000000,1.0
Windspeed (knots) [1,2), Membership Value =0.99987398,0.999874
Windspeed (knots) [2,3), Membership Value =0.99783640,0.9978364
Windspeed (knots) [3,4), Membership Value =0.98828031,0.9882803
Windspeed (knots) [4,5), Membership Value =0.96288128,0.96288127
Windspeed (knots) [5,6), Membership Value =0.91247289,0.9124729
Windspeed (knots) [6,7), Membership Value =0.83319585,0.83319587
Windspeed (knots) [7,8), Membership Value =0.72389264,0.7238926
Windspeed (knots) [8,9), Membership Value =0.59254789,0.5925479
Windspeed (knots) [9,10), Membership Value =0.45726188,0.4572619
Windspeed (knots) [10,11), Membership Value =0.32620510,0.3262051
Windspeed (knots) [11,12), Membership Value =0.21365425,0.21365425
Windspeed (knots) [12,13), Membership Value =0.11859946,0.11859946
Windspeed (knots) [13,14), Membership Value =0.04377518,0.04377518
Windspeed (knots) [14,15), Membership Value =0.00000000,0.0
Windspeed (knots) [15,16), Membership Value =0.00000000,0.0
Windspeed (knots) [16,17), Membership Value =0.00000000,0.0
Windspeed (knots) [17,18), Membership Value =0.00000000,0.0
Windspeed (knots) [18,19), Membership Value =0.00000000,0.0
Windspeed (knots) [19,20), Membership Value =0.00000000,0.0
Windspeed (knots) [20,21), Membership Value =0.00000000,0.0
Windspeed (knots) [21,22), Membership Value =0.00000000,0.0
Windspeed (knots) [22,23), Membership Value =0.00000000,0.0
Windspeed (knots) [23,24), Membership Value =0.00000000,0.0
Windspeed (knots) [24,25), Membership Value =0.00000000,0.0
Windspeed (knots) [25,26), Membership Value =0.00000000,0.0
Windspeed (knots) [26,27), Membership Value =0.00000000,0.0
Windspeed (knots) [27,28), Membership Value =0.00000000,0.0
Windspeed (knots) [28,29), Membership Value =0.00000000,0.0
Windspeed (knots) [29,30), Membership Value =0.00000000,0.0
Windspeed (knots) [30,31), Membership Value =0.00000000,0.0
Windspeed (knots) [31,32), Membership Value =0.00000000,0.0
Windspeed (knots) [32,33), Membership Value =0.00000000,0.0
Windspeed (knots) [33,34), Membership Value =0.00000000,0.0
Windspeed (knots) [34,35), Membership Value =0.00000000,0.0
Windspeed (knots) [35,36), Membership Value =0.00000000,0.0
Windspeed (knots) [36,37), Membership Value =0.00000000,0.0
Windspeed (knots) [37,38), Membership Value =0.00000000,0.0
Windspeed (knots) [38,39), Membership Value =0.00000000,0.0
Windspeed (knots) [39,40), Membership Value =0.00000000,0.0
Windspeed (knots) [40,41), Membership Value =0.00000000,0.0
Windspeed (knots) [41,42), Membership Value =0.00000000,0.0
Windspeed (knots) [42,43), Membership Value =0.00000000,0.0
Windspeed (knots) [43,44), Membership Value =0.00000000,0.0
Windspeed (knots) [44,45), Membership Value =0.00000000,0.0
Windspeed (knots) [45,46), Membership Value =0.00000000,0.0
Windspeed (knots) [46,47), Membership Value =0.00000000,0.0
Windspeed (knots) [47,48), Membership Value =0.00000000,0.0
Windspeed (knots) [48,49), Membership Value =0.00000000,0.0
Windspeed (knots) [49,50), Membership Value =0.00000000,0.0
Windspeed (knots) [50,51), Membership Value =0.00000000,0.0
Windspeed (knots) [51,52), Membership Value =0.00000000,0.0
Windspeed (knots) [52,53), Membership Value =0.00000000,0.0
Windspeed (knots) [53,54), Membership Value =0.00000000,0.0
Windspeed (knots) [54,55), Membership Value =0.00000000,0.0
Windspeed (knots) [55,56), Membership Value =0.00000000,0.0
Windspeed (knots) [56,57), Membership Value =0.00000000,0.0
Windspeed (knots) [57,58), Membership Value =0.00000000,0.0
Windspeed (knots) [58,59), Membership Value =0.00000000,0.0
Windspeed (knots) [59,60), Membership Value =0.00000000,0.0
Windspeed (knots) [60,61), Membership Value =0.00000000,0.0
Windspeed (knots) [61,62), Membership Value =0.00000000,0.0
Windspeed (knots) [62,63), Membership Value =0.00000000,0.0
Windspeed (knots) [63,64), Membership Value =0.00000000,0.0
Windspeed (knots) [64,65), Membership Value =0.00000000,0.0
Windspeed (knots) [65,66), Membership Value =0.00000000,0.0
Windspeed (knots) [66,67), Membership Value =0.00000000,0.0
Windspeed (knots) [67,68), Membership Value =0.00000000,0.0
Windspeed (knots) [68,69), Membership Value =0.00000000,0.0
Windspeed (knots) [69,70), Membership Value =0.00000000,0.0
Windspeed (knots) [70,71), Membership Value =0.00000000,0.0
Windspeed (knots) [71,72), Membership Value =0.00000000,0.0
Windspeed (knots) [72,73), Membership Value =0.00000000,0.0
Windspeed (knots) [73,74), Membership Value =0.00000000,0.0
Windspeed (knots) [74,75), Membership Value =0.00000000,0.0
Windspeed (knots) [75,76), Membership Value =0.00000000,0.0
Windspeed (knots) [76,77), Membership Value =0.00000000,0.0
Windspeed (knots) [77,78), Membership Value =0.00000000,0.0
Windspeed (knots) [78,79), Membership Value =0.00000000,0.0
Windspeed (knots) [79,80), Membership Value =0.00000000,0.0
Windspeed (knots) [80,81), Membership Value =0.00000000,0.0
Windspeed (knots) [81,82), Membership Value =0.00000000,0.0
Windspeed (knots) [82,83), Membership Value =0.00000000,0.0
Windspeed (knots) [83,84), Membership Value =0.00000000,0.0
Windspeed (knots) [84,85), Membership Value =0.00000000,0.0
Windspeed (knots) [85,86), Membership Value =0.00000000,0.0
Windspeed (knots) [86,87), Membership Value =0.00000000,0.0
Windspeed (knots) [87,88), Membership Value =0.00000000,0.0
Windspeed (knots) [88,89), Membership Value =0.00000000,0.0
Windspeed (knots) [89,90), Membership Value =0.00000000,0.0
Windspeed (knots) [90,91), Membership Value =0.00000000,0.0
Windspeed (knots) [91,92), Membership Value =0.00000000,0.0
Windspeed (knots) [92,93), Membership Value =0.00000000,0.0
Windspeed (knots) [93,94), Membership Value =0.00000000,0.0
Windspeed (knots) [94,95), Membership Value =0.00000000,0.0
Windspeed (knots) [95,96), Membership Value =0.00000000,0.0
Windspeed (knots) [96,97), Membership Value =0.00000000,0.0
Windspeed (knots) [97,98), Membership Value =0.00000000,0.0
Windspeed (knots) [98,99), Membership Value =0.00000000,0.0
Windspeed (knots) [99,100), Membership Value =0.00000000,0.0
Windspeed (knots) [100,101), Membership Value =0.00000000,0.0
Windspeed (knots) [101,102), Membership Value =0.00000000,0.0
Windspeed (knots) [102,103), Membership Value =0.00000000,0.0
Windspeed (knots) [103,104), Membership Value =0.00000000,0.0
Windspeed (knots) [104,105), Membership Value =0.00000000,0.0
Windspeed (knots) [105,106), Membership Value =0.00000000,0.0
Windspeed (knots) [106,107), Membership Value =0.00000000,0.0
Windspeed (knots) [107,108), Membership Value =0.00000000,0.0
Windspeed (knots) [108,109), Membership Value =0.00000000,0.0
Windspeed (knots) [109,110), Membership Value =0.00000000,0.0
Windspeed (knots) [110,111), Membership Value =0.00000000,0.0
Windspeed (knots) [111,112), Membership Value =0.00000000,0.0
Windspeed (knots) [112,113), Membership Value =0.00000000,0.0
Windspeed (knots) [113,114), Membership Value =0.00000000,0.0
Windspeed (knots) [114,115), Membership Value =0.00000000,0.0
Windspeed (knots) [115,116), Membership Value =0.00000000,0.0
Windspeed (knots) [116,117), Membership Value =0.00000000,0.0
Windspeed (knots) [117,118), Membership Value =0.00000000,0.0
Windspeed (knots) [118,119), Membership Value =0.00000000,0.0
Windspeed (knots) [119,120), Membership Value =0.00000000,0.0
Windspeed (knots) [120,121), Membership Value =0.00000000,0.0
Windspeed (knots) [121,122), Membership Value =0.00000000,0.0
Windspeed (knots) [122,123), Membership Value =0.00000000,0.0
Windspeed (knots) [123,124), Membership Value =0.00000000,0.0
Windspeed (knots) [124,125), Membership Value =0.00000000,0.0
LowestWindspeedThatIsWindyKnots for station KTPA is 6 knots.
Transition limited :true
bUseWeatherPrediction: true
The running average is 1
The y-int is 6
Energy harvested: 1138376.3347222449
iGeneratingEnergyWhenGridNeedsEnergyMinutes =363030
iGeneratingEnergyWhenGridNeedsEnergyMinutes =363030
iUsingEnergyWhenGridNeedsEnergyMinutes =2092
iGeneratingEnergyWhenGridHasExcessEnergyMinutes = 4278
iUsingEnergyWhenGridHasExcessEnergyMinutes = 21
iIdleWhenGridDoesNotNeedEnergyMinutes = 41781
iIdleWhenGridNeedsEnergyMinutes = 4313285
iEnergyPriceIsZeroMinutes = 240
harvester.getEnergyHarvestedAVAILABLEKilowattHours( ): 5465520.333333333
harvester.getEnergyHarvestedKilowattHours(): 1138376.3347222449
The y-int is 16
Energy harvested: 1487195.0158333497
iGeneratingEnergyWhenGridNeedsEnergyMinutes =353584
iGeneratingEnergyWhenGridNeedsEnergyMinutes =353584
iUsingEnergyWhenGridNeedsEnergyMinutes =1208
iGeneratingEnergyWhenGridHasExcessEnergyMinutes = 4957
iUsingEnergyWhenGridHasExcessEnergyMinutes = 20
iIdleWhenGridDoesNotNeedEnergyMinutes = 41103
iIdleWhenGridNeedsEnergyMinutes = 4323615
iEnergyPriceIsZeroMinutes = 240
harvester.getEnergyHarvestedAVAILABLEKilowattHours( ): 5465520.333333333
harvester.getEnergyHarvestedKilowattHours(): 1487195.0158333497
The y-int is 26
Energy harvested: 1228895.6363889128
iGeneratingEnergyWhenGridNeedsEnergyMinutes =345741
iGeneratingEnergyWhenGridNeedsEnergyMinutes =345741
iUsingEnergyWhenGridNeedsEnergyMinutes =2065
iGeneratingEnergyWhenGridHasExcessEnergyMinutes = 3841
iUsingEnergyWhenGridHasExcessEnergyMinutes = 60
iIdleWhenGridDoesNotNeedEnergyMinutes = 42179
iIdleWhenGridNeedsEnergyMinutes = 4330601
iEnergyPriceIsZeroMinutes = 240
harvester.getEnergyHarvestedAVAILABLEKilowattHours( ): 5465520.333333333
harvester.getEnergyHarvestedKilowattHours(): 1228895.6363889128
The y-int is 36
Energy harvested: 1224407.7511111354
iGeneratingEnergyWhenGridNeedsEnergyMinutes =344678
iGeneratingEnergyWhenGridNeedsEnergyMinutes =344678
iUsingEnergyWhenGridNeedsEnergyMinutes =2071
iGeneratingEnergyWhenGridHasExcessEnergyMinutes = 3841
iUsingEnergyWhenGridHasExcessEnergyMinutes = 60
iIdleWhenGridDoesNotNeedEnergyMinutes = 42179
iIdleWhenGridNeedsEnergyMinutes = 4331658
iEnergyPriceIsZeroMinutes = 240
harvester.getEnergyHarvestedAVAILABLEKilowattHours( ): 5465520.333333333
harvester.getEnergyHarvestedKilowattHours(): 1224407.7511111354
The running average is 31
The y-int is 6
Energy harvested: 1149071.1036111338
iGeneratingEnergyWhenGridNeedsEnergyMinutes =365056
iGeneratingEnergyWhenGridNeedsEnergyMinutes =365056
iUsingEnergyWhenGridNeedsEnergyMinutes =2046
iGeneratingEnergyWhenGridHasExcessEnergyMinutes = 4216
iUsingEnergyWhenGridHasExcessEnergyMinutes = 39
iIdleWhenGridDoesNotNeedEnergyMinutes = 41825
iIdleWhenGridNeedsEnergyMinutes = 4311305
iEnergyPriceIsZeroMinutes = 240
harvester.getEnergyHarvestedAVAILABLEKilowattHours( ): 5465520.333333333
harvester.getEnergyHarvestedKilowattHours(): 1149071.1036111338
The y-int is 16
Energy harvested: 1398473.842222244
iGeneratingEnergyWhenGridNeedsEnergyMinutes =345804
iGeneratingEnergyWhenGridNeedsEnergyMinutes =345804
iUsingEnergyWhenGridNeedsEnergyMinutes =1765
iGeneratingEnergyWhenGridHasExcessEnergyMinutes = 3787
iUsingEnergyWhenGridHasExcessEnergyMinutes = 40
iIdleWhenGridDoesNotNeedEnergyMinutes = 42253
iIdleWhenGridNeedsEnergyMinutes = 4330838
iEnergyPriceIsZeroMinutes = 240
harvester.getEnergyHarvestedAVAILABLEKilowattHours( ): 5465520.333333333
harvester.getEnergyHarvestedKilowattHours(): 1398473.842222244
The y-int is 26
Energy harvested: 1224407.7511111354
iGeneratingEnergyWhenGridNeedsEnergyMinutes =344678
iGeneratingEnergyWhenGridNeedsEnergyMinutes =344678
iUsingEnergyWhenGridNeedsEnergyMinutes =2071
iGeneratingEnergyWhenGridHasExcessEnergyMinutes = 3841
iUsingEnergyWhenGridHasExcessEnergyMinutes = 60
iIdleWhenGridDoesNotNeedEnergyMinutes = 42179
iIdleWhenGridNeedsEnergyMinutes = 4331658
iEnergyPriceIsZeroMinutes = 240
harvester.getEnergyHarvestedAVAILABLEKilowattHours( ): 5465520.333333333
harvester.getEnergyHarvestedKilowattHours(): 1224407.7511111354
The y-int is 36
Energy harvested: 1224407.7511111354
iGeneratingEnergyWhenGridNeedsEnergyMinutes =344678
iGeneratingEnergyWhenGridNeedsEnergyMinutes =344678
iUsingEnergyWhenGridNeedsEnergyMinutes =2071
iGeneratingEnergyWhenGridHasExcessEnergyMinutes = 3841
iUsingEnergyWhenGridHasExcessEnergyMinutes = 60
iIdleWhenGridDoesNotNeedEnergyMinutes = 42179
iIdleWhenGridNeedsEnergyMinutes = 4331658
iEnergyPriceIsZeroMinutes = 240
harvester.getEnergyHarvestedAVAILABLEKilowattHours( ): 5465520.333333333
harvester.getEnergyHarvestedKilowattHours(): 1224407.7511111354
The running average is 61
The y-int is 6
Energy harvested: 1152409.803611134
iGeneratingEnergyWhenGridNeedsEnergyMinutes =365545
iGeneratingEnergyWhenGridNeedsEnergyMinutes =365545
iUsingEnergyWhenGridNeedsEnergyMinutes =2057
iGeneratingEnergyWhenGridHasExcessEnergyMinutes = 4204
iUsingEnergyWhenGridHasExcessEnergyMinutes = 20
iIdleWhenGridDoesNotNeedEnergyMinutes = 41856
iIdleWhenGridNeedsEnergyMinutes = 4310805
iEnergyPriceIsZeroMinutes = 240
harvester.getEnergyHarvestedAVAILABLEKilowattHours( ): 5465520.333333333
harvester.getEnergyHarvestedKilowattHours(): 1152409.803611134
The y-int is 16
Energy harvested: 1341556.6816666909
iGeneratingEnergyWhenGridNeedsEnergyMinutes =349344
iGeneratingEnergyWhenGridNeedsEnergyMinutes =349344
iUsingEnergyWhenGridNeedsEnergyMinutes =1923
iGeneratingEnergyWhenGridHasExcessEnergyMinutes = 3786
iUsingEnergyWhenGridHasExcessEnergyMinutes = 40
iIdleWhenGridDoesNotNeedEnergyMinutes = 42254
iIdleWhenGridNeedsEnergyMinutes = 4327140
iEnergyPriceIsZeroMinutes = 240
harvester.getEnergyHarvestedAVAILABLEKilowattHours( ): 5465520.333333333
harvester.getEnergyHarvestedKilowattHours(): 1341556.6816666909
The y-int is 26
Energy harvested: 1224407.7511111354
iGeneratingEnergyWhenGridNeedsEnergyMinutes =344678
iGeneratingEnergyWhenGridNeedsEnergyMinutes =344678
iUsingEnergyWhenGridNeedsEnergyMinutes =2071
iGeneratingEnergyWhenGridHasExcessEnergyMinutes = 3841
iUsingEnergyWhenGridHasExcessEnergyMinutes = 60
iIdleWhenGridDoesNotNeedEnergyMinutes = 42179
iIdleWhenGridNeedsEnergyMinutes = 4331658
iEnergyPriceIsZeroMinutes = 240
harvester.getEnergyHarvestedAVAILABLEKilowattHours( ): 5465520.333333333
harvester.getEnergyHarvestedKilowattHours(): 1224407.7511111354
The y-int is 36
Energy harvested: 1224407.7511111354
iGeneratingEnergyWhenGridNeedsEnergyMinutes =344678
iGeneratingEnergyWhenGridNeedsEnergyMinutes =344678
iUsingEnergyWhenGridNeedsEnergyMinutes =2071
iGeneratingEnergyWhenGridHasExcessEnergyMinutes = 3841
iUsingEnergyWhenGridHasExcessEnergyMinutes = 60
iIdleWhenGridDoesNotNeedEnergyMinutes = 42179
iIdleWhenGridNeedsEnergyMinutes = 4331658
iEnergyPriceIsZeroMinutes = 240
harvester.getEnergyHarvestedAVAILABLEKilowattHours( ): 5465520.333333333
harvester.getEnergyHarvestedKilowattHours(): 1224407.7511111354
The running average is 91
The y-int is 6
Energy harvested: 1154268.803611134
iGeneratingEnergyWhenGridNeedsEnergyMinutes =365456
iGeneratingEnergyWhenGridNeedsEnergyMinutes =365456
iUsingEnergyWhenGridNeedsEnergyMinutes =2035
iGeneratingEnergyWhenGridHasExcessEnergyMinutes = 4193
iUsingEnergyWhenGridHasExcessEnergyMinutes = 39
iIdleWhenGridDoesNotNeedEnergyMinutes = 41848
iIdleWhenGridNeedsEnergyMinutes = 4310916
iEnergyPriceIsZeroMinutes = 240
harvester.getEnergyHarvestedAVAILABLEKilowattHours( ): 5465520.333333333
harvester.getEnergyHarvestedKilowattHours(): 1154268.803611134
The y-int is 16
Energy harvested: 1310336.3955555807
iGeneratingEnergyWhenGridNeedsEnergyMinutes =346358
iGeneratingEnergyWhenGridNeedsEnergyMinutes =346358
iUsingEnergyWhenGridNeedsEnergyMinutes =1972
iGeneratingEnergyWhenGridHasExcessEnergyMinutes = 3841
iUsingEnergyWhenGridHasExcessEnergyMinutes = 60
iIdleWhenGridDoesNotNeedEnergyMinutes = 42179
iIdleWhenGridNeedsEnergyMinutes = 4330077
iEnergyPriceIsZeroMinutes = 240
harvester.getEnergyHarvestedAVAILABLEKilowattHours( ): 5465520.333333333
harvester.getEnergyHarvestedKilowattHours(): 1310336.3955555807
The y-int is 26
Energy harvested: 1224407.7511111354
iGeneratingEnergyWhenGridNeedsEnergyMinutes =344678
iGeneratingEnergyWhenGridNeedsEnergyMinutes =344678
iUsingEnergyWhenGridNeedsEnergyMinutes =2071
iGeneratingEnergyWhenGridHasExcessEnergyMinutes = 3841
iUsingEnergyWhenGridHasExcessEnergyMinutes = 60
iIdleWhenGridDoesNotNeedEnergyMinutes = 42179
iIdleWhenGridNeedsEnergyMinutes = 4331658
iEnergyPriceIsZeroMinutes = 240
harvester.getEnergyHarvestedAVAILABLEKilowattHours( ): 5465520.333333333
harvester.getEnergyHarvestedKilowattHours(): 1224407.7511111354
The y-int is 36
Energy harvested: 1224407.7511111354
iGeneratingEnergyWhenGridNeedsEnergyMinutes =344678
iGeneratingEnergyWhenGridNeedsEnergyMinutes =344678
iUsingEnergyWhenGridNeedsEnergyMinutes =2071
iGeneratingEnergyWhenGridHasExcessEnergyMinutes = 3841
iUsingEnergyWhenGridHasExcessEnergyMinutes = 60
iIdleWhenGridDoesNotNeedEnergyMinutes = 42179
iIdleWhenGridNeedsEnergyMinutes = 4331658
iEnergyPriceIsZeroMinutes = 240
harvester.getEnergyHarvestedAVAILABLEKilowattHours( ): 5465520.333333333
harvester.getEnergyHarvestedKilowattHours(): 1224407.7511111354
The running average is 121
The y-int is 6
Energy harvested: 1153109.9227778004
iGeneratingEnergyWhenGridNeedsEnergyMinutes =365200
iGeneratingEnergyWhenGridNeedsEnergyMinutes =365200
iUsingEnergyWhenGridNeedsEnergyMinutes =2022
iGeneratingEnergyWhenGridHasExcessEnergyMinutes = 4181
iUsingEnergyWhenGridHasExcessEnergyMinutes = 47
iIdleWhenGridDoesNotNeedEnergyMinutes = 41852
iIdleWhenGridNeedsEnergyMinutes = 4311185
iEnergyPriceIsZeroMinutes = 240
harvester.getEnergyHarvestedAVAILABLEKilowattHours( ): 5465520.333333333
harvester.getEnergyHarvestedKilowattHours(): 1153109.9227778004
The y-int is 16
Energy harvested: 1307557.7455555806
iGeneratingEnergyWhenGridNeedsEnergyMinutes =346340
iGeneratingEnergyWhenGridNeedsEnergyMinutes =346340
iUsingEnergyWhenGridNeedsEnergyMinutes =1972
iGeneratingEnergyWhenGridHasExcessEnergyMinutes = 3841
iUsingEnergyWhenGridHasExcessEnergyMinutes = 60
iIdleWhenGridDoesNotNeedEnergyMinutes = 42179
iIdleWhenGridNeedsEnergyMinutes = 4330095
iEnergyPriceIsZeroMinutes = 240
harvester.getEnergyHarvestedAVAILABLEKilowattHours( ): 5465520.333333333
harvester.getEnergyHarvestedKilowattHours(): 1307557.7455555806
The y-int is 26
Energy harvested: 1224407.7511111354
iGeneratingEnergyWhenGridNeedsEnergyMinutes =344678
iGeneratingEnergyWhenGridNeedsEnergyMinutes =344678
iUsingEnergyWhenGridNeedsEnergyMinutes =2071
iGeneratingEnergyWhenGridHasExcessEnergyMinutes = 3841
iUsingEnergyWhenGridHasExcessEnergyMinutes = 60
iIdleWhenGridDoesNotNeedEnergyMinutes = 42179
iIdleWhenGridNeedsEnergyMinutes = 4331658
iEnergyPriceIsZeroMinutes = 240
harvester.getEnergyHarvestedAVAILABLEKilowattHours( ): 5465520.333333333
harvester.getEnergyHarvestedKilowattHours(): 1224407.7511111354
The y-int is 36
Energy harvested: 1224407.7511111354
iGeneratingEnergyWhenGridNeedsEnergyMinutes =344678
iGeneratingEnergyWhenGridNeedsEnergyMinutes =344678
iUsingEnergyWhenGridNeedsEnergyMinutes =2071
iGeneratingEnergyWhenGridHasExcessEnergyMinutes = 3841
iUsingEnergyWhenGridHasExcessEnergyMinutes = 60
iIdleWhenGridDoesNotNeedEnergyMinutes = 42179
iIdleWhenGridNeedsEnergyMinutes = 4331658
iEnergyPriceIsZeroMinutes = 240
harvester.getEnergyHarvestedAVAILABLEKilowattHours( ): 5465520.333333333
harvester.getEnergyHarvestedKilowattHours(): 1224407.7511111354
Beginning testing mode:
station,&,y_intercept_for_month_1,&,running_average_size_minutes_for_month_1,&,y_intercept_for_month_2,&,running_average_size_minutes_for_month_2,&,y_intercept_for_month_3,&,running_average_size_minutes_for_month_3,&,y_intercept_for_month_4,&,running_average_size_minutes_for_month_4,&,y_intercept_for_month_5,&,running_average_size_minutes_for_month_5,&,y_intercept_for_month_6,&,running_average_size_minutes_for_month_6,&,y_intercept_for_month_7,&,running_average_size_minutes_for_month_7,&,y_intercept_for_month_8,&,running_average_size_minutes_for_month_8,&,y_intercept_for_month_9,&,running_average_size_minutes_for_month_9,&,y_intercept_for_month_10,&,running_average_size_minutes_for_month_10,&,y_intercept_for_month_11,&,running_average_size_minutes_for_month_11,&,y_intercept_for_month_12,&,running_average_size_minutes_for_month_12,&,dNetNorm,&,dMarketBalancePercentage,&,dMarketNetNorm,
results: KTPA,&,16,&,1,&,6,&,121,&,6,&,121,&,6,&,121,&,16,&,1,&,16,&,31,&,16,&,1,&,16,&,1,&,6,&,121,&,26,&,1,&,16,&,1,&,26,&,1,&,0.1846572968730232,&,0.9827760733807795,&,0.18147677314197866
monthly visible minutes:KTPA,&,2013,&,8672,&,8672,&,8672,&,8672,&,8672,&,8672,&,8672,&,8672,&,8672,&,8672,&,8672,&,8672,&,
monthly visible minutes:KTPA,&,2014,&,8672,&,8672,&,8672,&,8672,&,8672,&,8672,&,8672,&,8672,&,8672,&,8672,&,8672,&,8672,&,
monthly minutes harvester between states:KTPA,&,2013,&,38,&,38,&,38,&,38,&,38,&,38,&,38,&,38,&,38,&,38,&,38,&,38,&,
monthly minutes harvester between states:KTPA,&,2014,&,38,&,38,&,38,&,38,&,38,&,38,&,38,&,38,&,38,&,38,&,38,&,38,&,
station,&,y_intercept_for_month_1,&,running_average_size_minutes_for_month_1,&,y_intercept_for_month_2,&,running_average_size_minutes_for_month_2,&,y_intercept_for_month_3,&,running_average_size_minutes_for_month_3,&,y_intercept_for_month_4,&,running_average_size_minutes_for_month_4,&,y_intercept_for_month_5,&,running_average_size_minutes_for_month_5,&,y_intercept_for_month_6,&,running_average_size_minutes_for_month_6,&,y_intercept_for_month_7,&,running_average_size_minutes_for_month_7,&,y_intercept_for_month_8,&,running_average_size_minutes_for_month_8,&,y_intercept_for_month_9,&,running_average_size_minutes_for_month_9,&,y_intercept_for_month_10,&,running_average_size_minutes_for_month_10,&,y_intercept_for_month_11,&,running_average_size_minutes_for_month_11,&,y_intercept_for_month_12,&,running_average_size_minutes_for_month_12,&,dNetNorm,&,dMarketBalancePercentage,&,dMarketNetNorm,
results: KTPA,&,16,&,1,&,6,&,121,&,6,&,121,&,6,&,121,&,16,&,1,&,16,&,31,&,16,&,1,&,16,&,1,&,6,&,121,&,26,&,1,&,16,&,1,&,26,&,1,&,0.1846572968730232,&,0.9827760733807795,&,0.18147677314197866
monthly visible minutes:KTPA,&,2013,&,8672,&,8672,&,8672,&,8672,&,8672,&,8672,&,8672,&,8672,&,8672,&,8672,&,8672,&,8672,&,
monthly visible minutes:KTPA,&,2014,&,8672,&,8672,&,8672,&,8672,&,8672,&,8672,&,8672,&,8672,&,8672,&,8672,&,8672,&,8672,&,
monthly minutes harvester between states:KTPA,&,2013,&,38,&,38,&,38,&,38,&,38,&,38,&,38,&,38,&,38,&,38,&,38,&,38,&,
monthly minutes harvester between states:KTPA,&,2014,&,38,&,38,&,38,&,38,&,38,&,38,&,38,&,38,&,38,&,38,&,38,&,38,&,
